[0.000000] (-) TimerEvent: {}
[0.001157] (drift) JobQueued: {'identifier': 'drift', 'dependencies': OrderedDict()}
[0.001394] (ep_control) JobQueued: {'identifier': 'ep_control', 'dependencies': OrderedDict()}
[0.001507] (explore_lite) JobQueued: {'identifier': 'explore_lite', 'dependencies': OrderedDict()}
[0.001591] (multirobot_map_merge) JobQueued: {'identifier': 'multirobot_map_merge', 'dependencies': OrderedDict()}
[0.001671] (robomaster_description) JobQueued: {'identifier': 'robomaster_description', 'dependencies': OrderedDict()}
[0.001751] (robomaster_msgs) JobQueued: {'identifier': 'robomaster_msgs', 'dependencies': OrderedDict()}
[0.001828] (sllidar_ros2) JobQueued: {'identifier': 'sllidar_ros2', 'dependencies': OrderedDict()}
[0.001904] (robomaster_ros) JobQueued: {'identifier': 'robomaster_ros', 'dependencies': OrderedDict([('robomaster_msgs', '/home/cricchetto/Robomaster_WS/install/robomaster_msgs')])}
[0.001994] (robomaster_msgs) JobStarted: {'identifier': 'robomaster_msgs'}
[0.050739] (drift) JobStarted: {'identifier': 'drift'}
[0.089162] (ep_control) JobStarted: {'identifier': 'ep_control'}
[0.097773] (-) TimerEvent: {}
[0.123476] (explore_lite) JobStarted: {'identifier': 'explore_lite'}
[0.157340] (robomaster_msgs) JobProgress: {'identifier': 'robomaster_msgs', 'progress': 'cmake'}
[0.162886] (robomaster_msgs) JobProgress: {'identifier': 'robomaster_msgs', 'progress': 'build'}
[0.165702] (robomaster_msgs) Command: {'cmd': ['/usr/bin/cmake', '--build', '/home/cricchetto/Robomaster_WS/build/robomaster_msgs', '--', '-j4', '-l4'], 'cwd': '/home/cricchetto/Robomaster_WS/build/robomaster_msgs', 'env': OrderedDict([('LESSOPEN', '| /usr/bin/lesspipe %s'), ('USER', 'cricchetto'), ('SSH_CLIENT', '172.18.147.201 55344 22'), ('LC_TIME', 'es_AR.UTF-8'), ('XDG_SESSION_TYPE', 'tty'), ('SHLVL', '2'), ('LD_LIBRARY_PATH', '/home/cricchetto/Robomaster_WS/install/robomaster_msgs/lib:/home/cricchetto/Robomaster_WS/install/dwb_msgs/lib:/home/cricchetto/Robomaster_WS/install/nav_2d_msgs/lib:/home/cricchetto/Robomaster_WS/install/nav2_voxel_grid/lib:/home/cricchetto/Robomaster_WS/install/nav2_msgs/lib:/home/cricchetto/Robomaster_WS/install/multirobot_map_merge/lib:/opt/ros/humble/opt/rviz_ogre_vendor/lib:/opt/ros/humble/lib/aarch64-linux-gnu:/opt/ros/humble/lib'), ('MOTD_SHOWN', 'pam'), ('HOME', '/home/cricchetto'), ('OLDPWD', '/home/cricchetto'), ('SSH_TTY', '/dev/pts/0'), ('ROS_PYTHON_VERSION', '3'), ('LC_MONETARY', 'es_AR.UTF-8'), ('DBUS_SESSION_BUS_ADDRESS', 'unix:path=/run/user/1000/bus'), ('COLCON_PREFIX_PATH', '/home/cricchetto/Robomaster_WS/install'), ('ROS_DISTRO', 'humble'), ('LOGNAME', 'cricchetto'), ('_', '/usr/bin/colcon'), ('ROS_VERSION', '2'), ('XDG_SESSION_CLASS', 'user'), ('TERM', 'xterm-256color'), ('XDG_SESSION_ID', '1'), ('ROS_LOCALHOST_ONLY', '0'), ('PATH', '/home/cricchetto/.local/bin:/opt/ros/humble/bin:/usr/local/sbin:/usr/local/bin:/usr/sbin:/usr/bin:/sbin:/bin:/usr/games:/usr/local/games:/snap/bin:/home/cricchettoSD/.local/bin'), ('LC_ADDRESS', 'es_AR.UTF-8'), ('XDG_RUNTIME_DIR', '/run/user/1000'), ('DISPLAY', 'localhost:10.0'), ('LANG', 'en_US.UTF-8'), ('LC_TELEPHONE', 'es_AR.UTF-8'), ('LS_COLORS', 'rs=0:di=01;34:ln=01;36:mh=00:pi=40;33:so=01;35:do=01;35:bd=40;33;01:cd=40;33;01:or=40;31;01:mi=00:su=37;41:sg=30;43:ca=30;41:tw=30;42:ow=34;42:st=37;44:ex=01;32:*.tar=01;31:*.tgz=01;31:*.arc=01;31:*.arj=01;31:*.taz=01;31:*.lha=01;31:*.lz4=01;31:*.lzh=01;31:*.lzma=01;31:*.tlz=01;31:*.txz=01;31:*.tzo=01;31:*.t7z=01;31:*.zip=01;31:*.z=01;31:*.dz=01;31:*.gz=01;31:*.lrz=01;31:*.lz=01;31:*.lzo=01;31:*.xz=01;31:*.zst=01;31:*.tzst=01;31:*.bz2=01;31:*.bz=01;31:*.tbz=01;31:*.tbz2=01;31:*.tz=01;31:*.deb=01;31:*.rpm=01;31:*.jar=01;31:*.war=01;31:*.ear=01;31:*.sar=01;31:*.rar=01;31:*.alz=01;31:*.ace=01;31:*.zoo=01;31:*.cpio=01;31:*.7z=01;31:*.rz=01;31:*.cab=01;31:*.wim=01;31:*.swm=01;31:*.dwm=01;31:*.esd=01;31:*.jpg=01;35:*.jpeg=01;35:*.mjpg=01;35:*.mjpeg=01;35:*.gif=01;35:*.bmp=01;35:*.pbm=01;35:*.pgm=01;35:*.ppm=01;35:*.tga=01;35:*.xbm=01;35:*.xpm=01;35:*.tif=01;35:*.tiff=01;35:*.png=01;35:*.svg=01;35:*.svgz=01;35:*.mng=01;35:*.pcx=01;35:*.mov=01;35:*.mpg=01;35:*.mpeg=01;35:*.m2v=01;35:*.mkv=01;35:*.webm=01;35:*.webp=01;35:*.ogm=01;35:*.mp4=01;35:*.m4v=01;35:*.mp4v=01;35:*.vob=01;35:*.qt=01;35:*.nuv=01;35:*.wmv=01;35:*.asf=01;35:*.rm=01;35:*.rmvb=01;35:*.flc=01;35:*.avi=01;35:*.fli=01;35:*.flv=01;35:*.gl=01;35:*.dl=01;35:*.xcf=01;35:*.xwd=01;35:*.yuv=01;35:*.cgm=01;35:*.emf=01;35:*.ogv=01;35:*.ogx=01;35:*.aac=00;36:*.au=00;36:*.flac=00;36:*.m4a=00;36:*.mid=00;36:*.midi=00;36:*.mka=00;36:*.mp3=00;36:*.mpc=00;36:*.ogg=00;36:*.ra=00;36:*.wav=00;36:*.oga=00;36:*.opus=00;36:*.spx=00;36:*.xspf=00;36:'), ('AMENT_PREFIX_PATH', '/home/cricchetto/Robomaster_WS/install/sllidar_ros2:/home/cricchetto/Robomaster_WS/install/robomaster_ros:/home/cricchetto/Robomaster_WS/install/robomaster_msgs:/home/cricchetto/Robomaster_WS/install/robomaster_description:/home/cricchetto/Robomaster_WS/install/dwb_msgs:/home/cricchetto/Robomaster_WS/install/nav_2d_msgs:/home/cricchetto/Robomaster_WS/install/nav2_voxel_grid:/home/cricchetto/Robomaster_WS/install/nav2_simple_commander:/home/cricchetto/Robomaster_WS/install/explore_lite:/home/cricchetto/Robomaster_WS/install/nav2_msgs:/home/cricchetto/Robomaster_WS/install/nav2_common:/home/cricchetto/Robomaster_WS/install/multirobot_map_merge:/home/cricchetto/Robomaster_WS/install/ep_control:/home/cricchetto/Robomaster_WS/install/drift:/opt/ros/humble'), ('SHELL', '/bin/bash'), ('LC_NAME', 'es_AR.UTF-8'), ('LESSCLOSE', '/usr/bin/lesspipe %s %s'), ('LC_MEASUREMENT', 'es_AR.UTF-8'), ('LC_IDENTIFICATION', 'es_AR.UTF-8'), ('PWD', '/home/cricchetto/Robomaster_WS/build/robomaster_msgs'), ('LC_ALL', 'en_US.UTF-8'), ('SSH_CONNECTION', '172.18.147.201 55344 172.18.147.143 22'), ('PYTHONPATH', '/home/cricchetto/Robomaster_WS/install/robomaster_ros/lib/python3.10/site-packages:/home/cricchetto/Robomaster_WS/install/robomaster_msgs/local/lib/python3.10/dist-packages:/home/cricchetto/Robomaster_WS/install/dwb_msgs/local/lib/python3.10/dist-packages:/home/cricchetto/Robomaster_WS/install/nav_2d_msgs/local/lib/python3.10/dist-packages:/home/cricchetto/Robomaster_WS/install/nav2_simple_commander/lib/python3.10/site-packages:/home/cricchetto/Robomaster_WS/install/nav2_msgs/local/lib/python3.10/dist-packages:/home/cricchetto/Robomaster_WS/install/nav2_common/local/lib/python3.10/dist-packages:/home/cricchetto/Robomaster_WS/install/ep_control/lib/python3.10/site-packages:/home/cricchetto/Robomaster_WS/install/drift/lib/python3.10/site-packages:/opt/ros/humble/lib/python3.10/site-packages:/opt/ros/humble/local/lib/python3.10/dist-packages'), ('LC_NUMERIC', 'es_AR.UTF-8'), ('LC_PAPER', 'es_AR.UTF-8'), ('COLCON', '1'), ('CMAKE_PREFIX_PATH', '/home/cricchetto/Robomaster_WS/install/sllidar_ros2:/home/cricchetto/Robomaster_WS/install/robomaster_msgs:/home/cricchetto/Robomaster_WS/install/robomaster_description:/home/cricchetto/Robomaster_WS/install/dwb_msgs:/home/cricchetto/Robomaster_WS/install/nav_2d_msgs:/home/cricchetto/Robomaster_WS/install/nav2_voxel_grid:/home/cricchetto/Robomaster_WS/install/explore_lite:/home/cricchetto/Robomaster_WS/install/nav2_msgs:/home/cricchetto/Robomaster_WS/install/nav2_common:/home/cricchetto/Robomaster_WS/install/multirobot_map_merge:/home/cricchetto/Robomaster_WS/install/robomaster_ros:/home/cricchetto/Robomaster_WS/install/nav2_simple_commander:/home/cricchetto/Robomaster_WS/install/ep_control:/home/cricchetto/Robomaster_WS/install/drift:/opt/ros/humble')]), 'shell': False}
[0.197974] (-) TimerEvent: {}
[0.299119] (-) TimerEvent: {}
[0.399886] (-) TimerEvent: {}
[0.500580] (-) TimerEvent: {}
[0.601276] (-) TimerEvent: {}
[0.701970] (-) TimerEvent: {}
[0.802734] (-) TimerEvent: {}
[0.904303] (-) TimerEvent: {}
[1.006202] (-) TimerEvent: {}
[1.106925] (-) TimerEvent: {}
[1.208227] (-) TimerEvent: {}
[1.309007] (-) TimerEvent: {}
[1.410293] (-) TimerEvent: {}
[1.511933] (-) TimerEvent: {}
[1.613729] (-) TimerEvent: {}
[1.716125] (-) TimerEvent: {}
[1.822874] (-) TimerEvent: {}
[1.924508] (-) TimerEvent: {}
[2.026797] (-) TimerEvent: {}
[2.128778] (-) TimerEvent: {}
[2.230390] (-) TimerEvent: {}
[2.332724] (-) TimerEvent: {}
[2.434927] (-) TimerEvent: {}
[2.535645] (-) TimerEvent: {}
[2.636321] (-) TimerEvent: {}
[2.737003] (-) TimerEvent: {}
[2.837706] (-) TimerEvent: {}
[2.938412] (-) TimerEvent: {}
[3.039415] (-) TimerEvent: {}
[3.140599] (-) TimerEvent: {}
[3.162741] (robomaster_msgs) StdoutLine: {'line': b'[  0%] Built target robomaster_msgs__cpp\n'}
[3.165152] (robomaster_msgs) StdoutLine: {'line': b'[ 12%] Built target robomaster_msgs__rosidl_generator_c\n'}
[3.167018] (robomaster_msgs) StdoutLine: {'line': b'[ 24%] Built target robomaster_msgs__rosidl_typesupport_cpp\n'}
[3.167888] (robomaster_msgs) StdoutLine: {'line': b'[ 36%] Built target robomaster_msgs__rosidl_typesupport_fastrtps_cpp\n'}
[3.168733] (robomaster_msgs) StdoutLine: {'line': b'[ 36%] Built target ament_cmake_python_copy_robomaster_msgs\n'}
[3.169504] (robomaster_msgs) StdoutLine: {'line': b'[ 49%] Built target robomaster_msgs__rosidl_typesupport_introspection_cpp\n'}
[3.170033] (robomaster_msgs) StdoutLine: {'line': b'[ 62%] Built target robomaster_msgs__rosidl_typesupport_introspection_c\n'}
[3.170483] (robomaster_msgs) StdoutLine: {'line': b'[ 75%] Built target robomaster_msgs__rosidl_typesupport_fastrtps_c\n'}
[3.171063] (robomaster_msgs) StdoutLine: {'line': b'[ 88%] Built target robomaster_msgs__rosidl_typesupport_c\n'}
[3.171653] (robomaster_msgs) StdoutLine: {'line': b'[ 88%] Built target robomaster_msgs\n'}
[3.172161] (robomaster_msgs) StdoutLine: {'line': b'[ 88%] Built target robomaster_msgs__py\n'}
[3.172483] (robomaster_msgs) StdoutLine: {'line': b'[100%] Built target robomaster_msgs__rosidl_generator_py\n'}
[3.172790] (robomaster_msgs) StdoutLine: {'line': b'[100%] Built target robomaster_msgs__rosidl_typesupport_fastrtps_c__pyext\n'}
[3.173090] (robomaster_msgs) StdoutLine: {'line': b'[100%] Built target robomaster_msgs__rosidl_typesupport_c__pyext\n'}
[3.173389] (robomaster_msgs) StdoutLine: {'line': b'[100%] Built target robomaster_msgs__rosidl_typesupport_introspection_c__pyext\n'}
[3.173747] (robomaster_msgs) StdoutLine: {'line': b'running egg_info\n'}
[3.174094] (robomaster_msgs) StdoutLine: {'line': b'writing robomaster_msgs.egg-info/PKG-INFO\n'}
[3.175448] (robomaster_msgs) StdoutLine: {'line': b'writing dependency_links to robomaster_msgs.egg-info/dependency_links.txt\n'}
[3.175967] (robomaster_msgs) StdoutLine: {'line': b'writing top-level names to robomaster_msgs.egg-info/top_level.txt\n'}
[3.176307] (robomaster_msgs) StdoutLine: {'line': b"reading manifest file 'robomaster_msgs.egg-info/SOURCES.txt'\n"}
[3.176676] (robomaster_msgs) StdoutLine: {'line': b"writing manifest file 'robomaster_msgs.egg-info/SOURCES.txt'\n"}
[3.177078] (robomaster_msgs) StdoutLine: {'line': b'[100%] Built target ament_cmake_python_build_robomaster_msgs_egg\n'}
[3.177687] (explore_lite) JobProgress: {'identifier': 'explore_lite', 'progress': 'cmake'}
[3.179029] (explore_lite) JobProgress: {'identifier': 'explore_lite', 'progress': 'build'}
[3.180335] (explore_lite) Command: {'cmd': ['/usr/bin/cmake', '--build', '/home/cricchetto/Robomaster_WS/build/explore_lite', '--', '-j4', '-l4'], 'cwd': '/home/cricchetto/Robomaster_WS/build/explore_lite', 'env': OrderedDict([('LESSOPEN', '| /usr/bin/lesspipe %s'), ('USER', 'cricchetto'), ('SSH_CLIENT', '172.18.147.201 55344 22'), ('LC_TIME', 'es_AR.UTF-8'), ('XDG_SESSION_TYPE', 'tty'), ('SHLVL', '2'), ('LD_LIBRARY_PATH', '/home/cricchetto/Robomaster_WS/install/robomaster_msgs/lib:/home/cricchetto/Robomaster_WS/install/dwb_msgs/lib:/home/cricchetto/Robomaster_WS/install/nav_2d_msgs/lib:/home/cricchetto/Robomaster_WS/install/nav2_voxel_grid/lib:/home/cricchetto/Robomaster_WS/install/nav2_msgs/lib:/home/cricchetto/Robomaster_WS/install/multirobot_map_merge/lib:/opt/ros/humble/opt/rviz_ogre_vendor/lib:/opt/ros/humble/lib/aarch64-linux-gnu:/opt/ros/humble/lib'), ('MOTD_SHOWN', 'pam'), ('HOME', '/home/cricchetto'), ('OLDPWD', '/home/cricchetto'), ('SSH_TTY', '/dev/pts/0'), ('ROS_PYTHON_VERSION', '3'), ('LC_MONETARY', 'es_AR.UTF-8'), ('DBUS_SESSION_BUS_ADDRESS', 'unix:path=/run/user/1000/bus'), ('COLCON_PREFIX_PATH', '/home/cricchetto/Robomaster_WS/install'), ('ROS_DISTRO', 'humble'), ('LOGNAME', 'cricchetto'), ('_', '/usr/bin/colcon'), ('ROS_VERSION', '2'), ('XDG_SESSION_CLASS', 'user'), ('TERM', 'xterm-256color'), ('XDG_SESSION_ID', '1'), ('ROS_LOCALHOST_ONLY', '0'), ('PATH', '/home/cricchetto/.local/bin:/opt/ros/humble/bin:/usr/local/sbin:/usr/local/bin:/usr/sbin:/usr/bin:/sbin:/bin:/usr/games:/usr/local/games:/snap/bin:/home/cricchettoSD/.local/bin'), ('LC_ADDRESS', 'es_AR.UTF-8'), ('XDG_RUNTIME_DIR', '/run/user/1000'), ('DISPLAY', 'localhost:10.0'), ('LANG', 'en_US.UTF-8'), ('LC_TELEPHONE', 'es_AR.UTF-8'), ('LS_COLORS', 'rs=0:di=01;34:ln=01;36:mh=00:pi=40;33:so=01;35:do=01;35:bd=40;33;01:cd=40;33;01:or=40;31;01:mi=00:su=37;41:sg=30;43:ca=30;41:tw=30;42:ow=34;42:st=37;44:ex=01;32:*.tar=01;31:*.tgz=01;31:*.arc=01;31:*.arj=01;31:*.taz=01;31:*.lha=01;31:*.lz4=01;31:*.lzh=01;31:*.lzma=01;31:*.tlz=01;31:*.txz=01;31:*.tzo=01;31:*.t7z=01;31:*.zip=01;31:*.z=01;31:*.dz=01;31:*.gz=01;31:*.lrz=01;31:*.lz=01;31:*.lzo=01;31:*.xz=01;31:*.zst=01;31:*.tzst=01;31:*.bz2=01;31:*.bz=01;31:*.tbz=01;31:*.tbz2=01;31:*.tz=01;31:*.deb=01;31:*.rpm=01;31:*.jar=01;31:*.war=01;31:*.ear=01;31:*.sar=01;31:*.rar=01;31:*.alz=01;31:*.ace=01;31:*.zoo=01;31:*.cpio=01;31:*.7z=01;31:*.rz=01;31:*.cab=01;31:*.wim=01;31:*.swm=01;31:*.dwm=01;31:*.esd=01;31:*.jpg=01;35:*.jpeg=01;35:*.mjpg=01;35:*.mjpeg=01;35:*.gif=01;35:*.bmp=01;35:*.pbm=01;35:*.pgm=01;35:*.ppm=01;35:*.tga=01;35:*.xbm=01;35:*.xpm=01;35:*.tif=01;35:*.tiff=01;35:*.png=01;35:*.svg=01;35:*.svgz=01;35:*.mng=01;35:*.pcx=01;35:*.mov=01;35:*.mpg=01;35:*.mpeg=01;35:*.m2v=01;35:*.mkv=01;35:*.webm=01;35:*.webp=01;35:*.ogm=01;35:*.mp4=01;35:*.m4v=01;35:*.mp4v=01;35:*.vob=01;35:*.qt=01;35:*.nuv=01;35:*.wmv=01;35:*.asf=01;35:*.rm=01;35:*.rmvb=01;35:*.flc=01;35:*.avi=01;35:*.fli=01;35:*.flv=01;35:*.gl=01;35:*.dl=01;35:*.xcf=01;35:*.xwd=01;35:*.yuv=01;35:*.cgm=01;35:*.emf=01;35:*.ogv=01;35:*.ogx=01;35:*.aac=00;36:*.au=00;36:*.flac=00;36:*.m4a=00;36:*.mid=00;36:*.midi=00;36:*.mka=00;36:*.mp3=00;36:*.mpc=00;36:*.ogg=00;36:*.ra=00;36:*.wav=00;36:*.oga=00;36:*.opus=00;36:*.spx=00;36:*.xspf=00;36:'), ('AMENT_PREFIX_PATH', '/home/cricchetto/Robomaster_WS/install/sllidar_ros2:/home/cricchetto/Robomaster_WS/install/robomaster_ros:/home/cricchetto/Robomaster_WS/install/robomaster_msgs:/home/cricchetto/Robomaster_WS/install/robomaster_description:/home/cricchetto/Robomaster_WS/install/dwb_msgs:/home/cricchetto/Robomaster_WS/install/nav_2d_msgs:/home/cricchetto/Robomaster_WS/install/nav2_voxel_grid:/home/cricchetto/Robomaster_WS/install/nav2_simple_commander:/home/cricchetto/Robomaster_WS/install/explore_lite:/home/cricchetto/Robomaster_WS/install/nav2_msgs:/home/cricchetto/Robomaster_WS/install/nav2_common:/home/cricchetto/Robomaster_WS/install/multirobot_map_merge:/home/cricchetto/Robomaster_WS/install/ep_control:/home/cricchetto/Robomaster_WS/install/drift:/opt/ros/humble'), ('SHELL', '/bin/bash'), ('LC_NAME', 'es_AR.UTF-8'), ('LESSCLOSE', '/usr/bin/lesspipe %s %s'), ('LC_MEASUREMENT', 'es_AR.UTF-8'), ('LC_IDENTIFICATION', 'es_AR.UTF-8'), ('PWD', '/home/cricchetto/Robomaster_WS/build/explore_lite'), ('LC_ALL', 'en_US.UTF-8'), ('SSH_CONNECTION', '172.18.147.201 55344 172.18.147.143 22'), ('PYTHONPATH', '/home/cricchetto/Robomaster_WS/install/robomaster_ros/lib/python3.10/site-packages:/home/cricchetto/Robomaster_WS/install/robomaster_msgs/local/lib/python3.10/dist-packages:/home/cricchetto/Robomaster_WS/install/dwb_msgs/local/lib/python3.10/dist-packages:/home/cricchetto/Robomaster_WS/install/nav_2d_msgs/local/lib/python3.10/dist-packages:/home/cricchetto/Robomaster_WS/install/nav2_simple_commander/lib/python3.10/site-packages:/home/cricchetto/Robomaster_WS/install/nav2_msgs/local/lib/python3.10/dist-packages:/home/cricchetto/Robomaster_WS/install/nav2_common/local/lib/python3.10/dist-packages:/home/cricchetto/Robomaster_WS/install/ep_control/lib/python3.10/site-packages:/home/cricchetto/Robomaster_WS/install/drift/lib/python3.10/site-packages:/opt/ros/humble/lib/python3.10/site-packages:/opt/ros/humble/local/lib/python3.10/dist-packages'), ('LC_NUMERIC', 'es_AR.UTF-8'), ('LC_PAPER', 'es_AR.UTF-8'), ('COLCON', '1'), ('CMAKE_PREFIX_PATH', '/home/cricchetto/Robomaster_WS/install/sllidar_ros2:/home/cricchetto/Robomaster_WS/install/robomaster_msgs:/home/cricchetto/Robomaster_WS/install/robomaster_description:/home/cricchetto/Robomaster_WS/install/dwb_msgs:/home/cricchetto/Robomaster_WS/install/nav_2d_msgs:/home/cricchetto/Robomaster_WS/install/nav2_voxel_grid:/home/cricchetto/Robomaster_WS/install/explore_lite:/home/cricchetto/Robomaster_WS/install/nav2_msgs:/home/cricchetto/Robomaster_WS/install/nav2_common:/home/cricchetto/Robomaster_WS/install/multirobot_map_merge:/home/cricchetto/Robomaster_WS/install/robomaster_ros:/home/cricchetto/Robomaster_WS/install/nav2_simple_commander:/home/cricchetto/Robomaster_WS/install/ep_control:/home/cricchetto/Robomaster_WS/install/drift:/opt/ros/humble')]), 'shell': False}
[3.191114] (robomaster_msgs) CommandEnded: {'returncode': 0}
[3.226248] (robomaster_msgs) JobProgress: {'identifier': 'robomaster_msgs', 'progress': 'install'}
[3.240816] (-) TimerEvent: {}
[3.277199] (robomaster_msgs) Command: {'cmd': ['/usr/bin/cmake', '--install', '/home/cricchetto/Robomaster_WS/build/robomaster_msgs'], 'cwd': '/home/cricchetto/Robomaster_WS/build/robomaster_msgs', 'env': OrderedDict([('LESSOPEN', '| /usr/bin/lesspipe %s'), ('USER', 'cricchetto'), ('SSH_CLIENT', '172.18.147.201 55344 22'), ('LC_TIME', 'es_AR.UTF-8'), ('XDG_SESSION_TYPE', 'tty'), ('SHLVL', '2'), ('LD_LIBRARY_PATH', '/home/cricchetto/Robomaster_WS/install/robomaster_msgs/lib:/home/cricchetto/Robomaster_WS/install/dwb_msgs/lib:/home/cricchetto/Robomaster_WS/install/nav_2d_msgs/lib:/home/cricchetto/Robomaster_WS/install/nav2_voxel_grid/lib:/home/cricchetto/Robomaster_WS/install/nav2_msgs/lib:/home/cricchetto/Robomaster_WS/install/multirobot_map_merge/lib:/opt/ros/humble/opt/rviz_ogre_vendor/lib:/opt/ros/humble/lib/aarch64-linux-gnu:/opt/ros/humble/lib'), ('MOTD_SHOWN', 'pam'), ('HOME', '/home/cricchetto'), ('OLDPWD', '/home/cricchetto'), ('SSH_TTY', '/dev/pts/0'), ('ROS_PYTHON_VERSION', '3'), ('LC_MONETARY', 'es_AR.UTF-8'), ('DBUS_SESSION_BUS_ADDRESS', 'unix:path=/run/user/1000/bus'), ('COLCON_PREFIX_PATH', '/home/cricchetto/Robomaster_WS/install'), ('ROS_DISTRO', 'humble'), ('LOGNAME', 'cricchetto'), ('_', '/usr/bin/colcon'), ('ROS_VERSION', '2'), ('XDG_SESSION_CLASS', 'user'), ('TERM', 'xterm-256color'), ('XDG_SESSION_ID', '1'), ('ROS_LOCALHOST_ONLY', '0'), ('PATH', '/home/cricchetto/.local/bin:/opt/ros/humble/bin:/usr/local/sbin:/usr/local/bin:/usr/sbin:/usr/bin:/sbin:/bin:/usr/games:/usr/local/games:/snap/bin:/home/cricchettoSD/.local/bin'), ('LC_ADDRESS', 'es_AR.UTF-8'), ('XDG_RUNTIME_DIR', '/run/user/1000'), ('DISPLAY', 'localhost:10.0'), ('LANG', 'en_US.UTF-8'), ('LC_TELEPHONE', 'es_AR.UTF-8'), ('LS_COLORS', 'rs=0:di=01;34:ln=01;36:mh=00:pi=40;33:so=01;35:do=01;35:bd=40;33;01:cd=40;33;01:or=40;31;01:mi=00:su=37;41:sg=30;43:ca=30;41:tw=30;42:ow=34;42:st=37;44:ex=01;32:*.tar=01;31:*.tgz=01;31:*.arc=01;31:*.arj=01;31:*.taz=01;31:*.lha=01;31:*.lz4=01;31:*.lzh=01;31:*.lzma=01;31:*.tlz=01;31:*.txz=01;31:*.tzo=01;31:*.t7z=01;31:*.zip=01;31:*.z=01;31:*.dz=01;31:*.gz=01;31:*.lrz=01;31:*.lz=01;31:*.lzo=01;31:*.xz=01;31:*.zst=01;31:*.tzst=01;31:*.bz2=01;31:*.bz=01;31:*.tbz=01;31:*.tbz2=01;31:*.tz=01;31:*.deb=01;31:*.rpm=01;31:*.jar=01;31:*.war=01;31:*.ear=01;31:*.sar=01;31:*.rar=01;31:*.alz=01;31:*.ace=01;31:*.zoo=01;31:*.cpio=01;31:*.7z=01;31:*.rz=01;31:*.cab=01;31:*.wim=01;31:*.swm=01;31:*.dwm=01;31:*.esd=01;31:*.jpg=01;35:*.jpeg=01;35:*.mjpg=01;35:*.mjpeg=01;35:*.gif=01;35:*.bmp=01;35:*.pbm=01;35:*.pgm=01;35:*.ppm=01;35:*.tga=01;35:*.xbm=01;35:*.xpm=01;35:*.tif=01;35:*.tiff=01;35:*.png=01;35:*.svg=01;35:*.svgz=01;35:*.mng=01;35:*.pcx=01;35:*.mov=01;35:*.mpg=01;35:*.mpeg=01;35:*.m2v=01;35:*.mkv=01;35:*.webm=01;35:*.webp=01;35:*.ogm=01;35:*.mp4=01;35:*.m4v=01;35:*.mp4v=01;35:*.vob=01;35:*.qt=01;35:*.nuv=01;35:*.wmv=01;35:*.asf=01;35:*.rm=01;35:*.rmvb=01;35:*.flc=01;35:*.avi=01;35:*.fli=01;35:*.flv=01;35:*.gl=01;35:*.dl=01;35:*.xcf=01;35:*.xwd=01;35:*.yuv=01;35:*.cgm=01;35:*.emf=01;35:*.ogv=01;35:*.ogx=01;35:*.aac=00;36:*.au=00;36:*.flac=00;36:*.m4a=00;36:*.mid=00;36:*.midi=00;36:*.mka=00;36:*.mp3=00;36:*.mpc=00;36:*.ogg=00;36:*.ra=00;36:*.wav=00;36:*.oga=00;36:*.opus=00;36:*.spx=00;36:*.xspf=00;36:'), ('AMENT_PREFIX_PATH', '/home/cricchetto/Robomaster_WS/install/sllidar_ros2:/home/cricchetto/Robomaster_WS/install/robomaster_ros:/home/cricchetto/Robomaster_WS/install/robomaster_msgs:/home/cricchetto/Robomaster_WS/install/robomaster_description:/home/cricchetto/Robomaster_WS/install/dwb_msgs:/home/cricchetto/Robomaster_WS/install/nav_2d_msgs:/home/cricchetto/Robomaster_WS/install/nav2_voxel_grid:/home/cricchetto/Robomaster_WS/install/nav2_simple_commander:/home/cricchetto/Robomaster_WS/install/explore_lite:/home/cricchetto/Robomaster_WS/install/nav2_msgs:/home/cricchetto/Robomaster_WS/install/nav2_common:/home/cricchetto/Robomaster_WS/install/multirobot_map_merge:/home/cricchetto/Robomaster_WS/install/ep_control:/home/cricchetto/Robomaster_WS/install/drift:/opt/ros/humble'), ('SHELL', '/bin/bash'), ('LC_NAME', 'es_AR.UTF-8'), ('LESSCLOSE', '/usr/bin/lesspipe %s %s'), ('LC_MEASUREMENT', 'es_AR.UTF-8'), ('LC_IDENTIFICATION', 'es_AR.UTF-8'), ('PWD', '/home/cricchetto/Robomaster_WS/build/robomaster_msgs'), ('LC_ALL', 'en_US.UTF-8'), ('SSH_CONNECTION', '172.18.147.201 55344 172.18.147.143 22'), ('PYTHONPATH', '/home/cricchetto/Robomaster_WS/install/robomaster_ros/lib/python3.10/site-packages:/home/cricchetto/Robomaster_WS/install/robomaster_msgs/local/lib/python3.10/dist-packages:/home/cricchetto/Robomaster_WS/install/dwb_msgs/local/lib/python3.10/dist-packages:/home/cricchetto/Robomaster_WS/install/nav_2d_msgs/local/lib/python3.10/dist-packages:/home/cricchetto/Robomaster_WS/install/nav2_simple_commander/lib/python3.10/site-packages:/home/cricchetto/Robomaster_WS/install/nav2_msgs/local/lib/python3.10/dist-packages:/home/cricchetto/Robomaster_WS/install/nav2_common/local/lib/python3.10/dist-packages:/home/cricchetto/Robomaster_WS/install/ep_control/lib/python3.10/site-packages:/home/cricchetto/Robomaster_WS/install/drift/lib/python3.10/site-packages:/opt/ros/humble/lib/python3.10/site-packages:/opt/ros/humble/local/lib/python3.10/dist-packages'), ('LC_NUMERIC', 'es_AR.UTF-8'), ('LC_PAPER', 'es_AR.UTF-8'), ('COLCON', '1'), ('CMAKE_PREFIX_PATH', '/home/cricchetto/Robomaster_WS/install/sllidar_ros2:/home/cricchetto/Robomaster_WS/install/robomaster_msgs:/home/cricchetto/Robomaster_WS/install/robomaster_description:/home/cricchetto/Robomaster_WS/install/dwb_msgs:/home/cricchetto/Robomaster_WS/install/nav_2d_msgs:/home/cricchetto/Robomaster_WS/install/nav2_voxel_grid:/home/cricchetto/Robomaster_WS/install/explore_lite:/home/cricchetto/Robomaster_WS/install/nav2_msgs:/home/cricchetto/Robomaster_WS/install/nav2_common:/home/cricchetto/Robomaster_WS/install/multirobot_map_merge:/home/cricchetto/Robomaster_WS/install/robomaster_ros:/home/cricchetto/Robomaster_WS/install/nav2_simple_commander:/home/cricchetto/Robomaster_WS/install/ep_control:/home/cricchetto/Robomaster_WS/install/drift:/opt/ros/humble')]), 'shell': False}
[3.339944] (robomaster_msgs) StdoutLine: {'line': b'-- Install configuration: ""\n'}
[3.341310] (-) TimerEvent: {}
[3.360023] (robomaster_msgs) StdoutLine: {'line': b'-- Up-to-date: /home/cricchetto/Robomaster_WS/install/robomaster_msgs/share/ament_index/resource_index/rosidl_interfaces/robomaster_msgs\n'}
[3.374171] (robomaster_msgs) StdoutLine: {'line': b'-- Up-to-date: /home/cricchetto/Robomaster_WS/install/robomaster_msgs/include/robomaster_msgs/robomaster_msgs\n'}
[3.383149] (robomaster_msgs) StdoutLine: {'line': b'-- Up-to-date: /home/cricchetto/Robomaster_WS/install/robomaster_msgs/include/robomaster_msgs/robomaster_msgs/action\n'}
[3.391096] (robomaster_msgs) StdoutLine: {'line': b'-- Up-to-date: /home/cricchetto/Robomaster_WS/install/robomaster_msgs/include/robomaster_msgs/robomaster_msgs/action/gripper_control.h\n'}
[3.393180] (robomaster_msgs) StdoutLine: {'line': b'-- Up-to-date: /home/cricchetto/Robomaster_WS/install/robomaster_msgs/include/robomaster_msgs/robomaster_msgs/action/move.h\n'}
[3.393742] (robomaster_msgs) StdoutLine: {'line': b'-- Up-to-date: /home/cricchetto/Robomaster_WS/install/robomaster_msgs/include/robomaster_msgs/robomaster_msgs/action/move_servo.h\n'}
[3.395809] (robomaster_msgs) StdoutLine: {'line': b'-- Up-to-date: /home/cricchetto/Robomaster_WS/install/robomaster_msgs/include/robomaster_msgs/robomaster_msgs/action/move_arm.h\n'}
[3.396404] (robomaster_msgs) StdoutLine: {'line': b'-- Up-to-date: /home/cricchetto/Robomaster_WS/install/robomaster_msgs/include/robomaster_msgs/robomaster_msgs/action/play_sound.h\n'}
[3.399088] (robomaster_msgs) StdoutLine: {'line': b'-- Up-to-date: /home/cricchetto/Robomaster_WS/install/robomaster_msgs/include/robomaster_msgs/robomaster_msgs/action/move_gimbal.h\n'}
[3.399870] (robomaster_msgs) StdoutLine: {'line': b'-- Up-to-date: /home/cricchetto/Robomaster_WS/install/robomaster_msgs/include/robomaster_msgs/robomaster_msgs/action/detail\n'}
[3.404184] (robomaster_msgs) StdoutLine: {'line': b'-- Up-to-date: /home/cricchetto/Robomaster_WS/install/robomaster_msgs/include/robomaster_msgs/robomaster_msgs/action/detail/move__struct.h\n'}
[3.405151] (robomaster_msgs) StdoutLine: {'line': b'-- Up-to-date: /home/cricchetto/Robomaster_WS/install/robomaster_msgs/include/robomaster_msgs/robomaster_msgs/action/detail/move_gimbal__type_support.h\n'}
[3.407524] (robomaster_msgs) StdoutLine: {'line': b'-- Up-to-date: /home/cricchetto/Robomaster_WS/install/robomaster_msgs/include/robomaster_msgs/robomaster_msgs/action/detail/recenter_gimbal__struct.h\n'}
[3.408103] (robomaster_msgs) StdoutLine: {'line': b'-- Up-to-date: /home/cricchetto/Robomaster_WS/install/robomaster_msgs/include/robomaster_msgs/robomaster_msgs/action/detail/move_arm__struct.h\n'}
[3.408508] (robomaster_msgs) StdoutLine: {'line': b'-- Up-to-date: /home/cricchetto/Robomaster_WS/install/robomaster_msgs/include/robomaster_msgs/robomaster_msgs/action/detail/play_sound__type_support.h\n'}
[3.411179] (robomaster_msgs) StdoutLine: {'line': b'-- Up-to-date: /home/cricchetto/Robomaster_WS/install/robomaster_msgs/include/robomaster_msgs/robomaster_msgs/action/detail/move_gimbal__struct.h\n'}
[3.411781] (robomaster_msgs) StdoutLine: {'line': b'-- Up-to-date: /home/cricchetto/Robomaster_WS/install/robomaster_msgs/include/robomaster_msgs/robomaster_msgs/action/detail/move_servo__functions.h\n'}
[3.412292] (robomaster_msgs) StdoutLine: {'line': b'-- Up-to-date: /home/cricchetto/Robomaster_WS/install/robomaster_msgs/include/robomaster_msgs/robomaster_msgs/action/detail/recenter_gimbal__functions.c\n'}
[3.415524] (robomaster_msgs) StdoutLine: {'line': b'-- Up-to-date: /home/cricchetto/Robomaster_WS/install/robomaster_msgs/include/robomaster_msgs/robomaster_msgs/action/detail/move_arm__functions.h\n'}
[3.416053] (robomaster_msgs) StdoutLine: {'line': b'-- Up-to-date: /home/cricchetto/Robomaster_WS/install/robomaster_msgs/include/robomaster_msgs/robomaster_msgs/action/detail/move_servo__functions.c\n'}
[3.416387] (robomaster_msgs) StdoutLine: {'line': b'-- Up-to-date: /home/cricchetto/Robomaster_WS/install/robomaster_msgs/include/robomaster_msgs/robomaster_msgs/action/detail/move_arm__functions.c\n'}
[3.416858] (robomaster_msgs) StdoutLine: {'line': b'-- Up-to-date: /home/cricchetto/Robomaster_WS/install/robomaster_msgs/include/robomaster_msgs/robomaster_msgs/action/detail/move_servo__type_support.h\n'}
[3.419808] (robomaster_msgs) StdoutLine: {'line': b'-- Up-to-date: /home/cricchetto/Robomaster_WS/install/robomaster_msgs/include/robomaster_msgs/robomaster_msgs/action/detail/move__functions.c\n'}
[3.420350] (robomaster_msgs) StdoutLine: {'line': b'-- Up-to-date: /home/cricchetto/Robomaster_WS/install/robomaster_msgs/include/robomaster_msgs/robomaster_msgs/action/detail/gripper_control__struct.h\n'}
[3.420645] (robomaster_msgs) StdoutLine: {'line': b'-- Up-to-date: /home/cricchetto/Robomaster_WS/install/robomaster_msgs/include/robomaster_msgs/robomaster_msgs/action/detail/recenter_gimbal__type_support.h\n'}
[3.420910] (robomaster_msgs) StdoutLine: {'line': b'-- Up-to-date: /home/cricchetto/Robomaster_WS/install/robomaster_msgs/include/robomaster_msgs/robomaster_msgs/action/detail/play_sound__functions.h\n'}
[3.423833] (robomaster_msgs) StdoutLine: {'line': b'-- Up-to-date: /home/cricchetto/Robomaster_WS/install/robomaster_msgs/include/robomaster_msgs/robomaster_msgs/action/detail/gripper_control__functions.h\n'}
[3.424588] (robomaster_msgs) StdoutLine: {'line': b'-- Up-to-date: /home/cricchetto/Robomaster_WS/install/robomaster_msgs/include/robomaster_msgs/robomaster_msgs/action/detail/gripper_control__functions.c\n'}
[3.425054] (robomaster_msgs) StdoutLine: {'line': b'-- Up-to-date: /home/cricchetto/Robomaster_WS/install/robomaster_msgs/include/robomaster_msgs/robomaster_msgs/action/detail/move__type_support.h\n'}
[3.425363] (robomaster_msgs) StdoutLine: {'line': b'-- Up-to-date: /home/cricchetto/Robomaster_WS/install/robomaster_msgs/include/robomaster_msgs/robomaster_msgs/action/detail/move_arm__type_support.h\n'}
[3.428374] (robomaster_msgs) StdoutLine: {'line': b'-- Up-to-date: /home/cricchetto/Robomaster_WS/install/robomaster_msgs/include/robomaster_msgs/robomaster_msgs/action/detail/recenter_gimbal__functions.h\n'}
[3.428985] (robomaster_msgs) StdoutLine: {'line': b'-- Up-to-date: /home/cricchetto/Robomaster_WS/install/robomaster_msgs/include/robomaster_msgs/robomaster_msgs/action/detail/play_sound__struct.h\n'}
[3.429316] (robomaster_msgs) StdoutLine: {'line': b'-- Up-to-date: /home/cricchetto/Robomaster_WS/install/robomaster_msgs/include/robomaster_msgs/robomaster_msgs/action/detail/move_gimbal__functions.c\n'}
[3.429602] (robomaster_msgs) StdoutLine: {'line': b'-- Up-to-date: /home/cricchetto/Robomaster_WS/install/robomaster_msgs/include/robomaster_msgs/robomaster_msgs/action/detail/gripper_control__type_support.h\n'}
[3.431405] (robomaster_msgs) StdoutLine: {'line': b'-- Up-to-date: /home/cricchetto/Robomaster_WS/install/robomaster_msgs/include/robomaster_msgs/robomaster_msgs/action/detail/move_gimbal__functions.h\n'}
[3.432658] (robomaster_msgs) StdoutLine: {'line': b'-- Up-to-date: /home/cricchetto/Robomaster_WS/install/robomaster_msgs/include/robomaster_msgs/robomaster_msgs/action/detail/play_sound__functions.c\n'}
[3.433425] (robomaster_msgs) StdoutLine: {'line': b'-- Up-to-date: /home/cricchetto/Robomaster_WS/install/robomaster_msgs/include/robomaster_msgs/robomaster_msgs/action/detail/move__functions.h\n'}
[3.433755] (robomaster_msgs) StdoutLine: {'line': b'-- Up-to-date: /home/cricchetto/Robomaster_WS/install/robomaster_msgs/include/robomaster_msgs/robomaster_msgs/action/detail/move_servo__struct.h\n'}
[3.434046] (robomaster_msgs) StdoutLine: {'line': b'-- Up-to-date: /home/cricchetto/Robomaster_WS/install/robomaster_msgs/include/robomaster_msgs/robomaster_msgs/action/recenter_gimbal.h\n'}
[3.434300] (robomaster_msgs) StdoutLine: {'line': b'-- Up-to-date: /home/cricchetto/Robomaster_WS/install/robomaster_msgs/include/robomaster_msgs/robomaster_msgs/msg\n'}
[3.437071] (robomaster_msgs) StdoutLine: {'line': b'-- Up-to-date: /home/cricchetto/Robomaster_WS/install/robomaster_msgs/include/robomaster_msgs/robomaster_msgs/msg/led_effect.h\n'}
[3.438134] (robomaster_msgs) StdoutLine: {'line': b'-- Up-to-date: /home/cricchetto/Robomaster_WS/install/robomaster_msgs/include/robomaster_msgs/robomaster_msgs/msg/detected_marker.h\n'}
[3.438902] (robomaster_msgs) StdoutLine: {'line': b'-- Up-to-date: /home/cricchetto/Robomaster_WS/install/robomaster_msgs/include/robomaster_msgs/robomaster_msgs/msg/detected_person.h\n'}
[3.439539] (robomaster_msgs) StdoutLine: {'line': b'-- Up-to-date: /home/cricchetto/Robomaster_WS/install/robomaster_msgs/include/robomaster_msgs/robomaster_msgs/msg/detected_robot.h\n'}
[3.440528] (robomaster_msgs) StdoutLine: {'line': b'-- Up-to-date: /home/cricchetto/Robomaster_WS/install/robomaster_msgs/include/robomaster_msgs/robomaster_msgs/msg/audio_level.h\n'}
[3.441329] (-) TimerEvent: {}
[3.442906] (robomaster_msgs) StdoutLine: {'line': b'-- Up-to-date: /home/cricchetto/Robomaster_WS/install/robomaster_msgs/include/robomaster_msgs/robomaster_msgs/msg/detection.h\n'}
[3.444374] (robomaster_msgs) StdoutLine: {'line': b'-- Up-to-date: /home/cricchetto/Robomaster_WS/install/robomaster_msgs/include/robomaster_msgs/robomaster_msgs/msg/sensor_adapter.h\n'}
[3.446765] (robomaster_msgs) StdoutLine: {'line': b'-- Up-to-date: /home/cricchetto/Robomaster_WS/install/robomaster_msgs/include/robomaster_msgs/robomaster_msgs/msg/detected_gesture.h\n'}
[3.447101] (robomaster_msgs) StdoutLine: {'line': b'-- Up-to-date: /home/cricchetto/Robomaster_WS/install/robomaster_msgs/include/robomaster_msgs/robomaster_msgs/msg/pwm.h\n'}
[3.447467] (robomaster_msgs) StdoutLine: {'line': b'-- Up-to-date: /home/cricchetto/Robomaster_WS/install/robomaster_msgs/include/robomaster_msgs/robomaster_msgs/msg/servo_command.h\n'}
[3.447858] (robomaster_msgs) StdoutLine: {'line': b'-- Up-to-date: /home/cricchetto/Robomaster_WS/install/robomaster_msgs/include/robomaster_msgs/robomaster_msgs/msg/armor_hit.h\n'}
[3.448153] (robomaster_msgs) StdoutLine: {'line': b'-- Up-to-date: /home/cricchetto/Robomaster_WS/install/robomaster_msgs/include/robomaster_msgs/robomaster_msgs/msg/wheel_speeds.h\n'}
[3.448420] (robomaster_msgs) StdoutLine: {'line': b'-- Up-to-date: /home/cricchetto/Robomaster_WS/install/robomaster_msgs/include/robomaster_msgs/robomaster_msgs/msg/mode.h\n'}
[3.448689] (robomaster_msgs) StdoutLine: {'line': b'-- Up-to-date: /home/cricchetto/Robomaster_WS/install/robomaster_msgs/include/robomaster_msgs/robomaster_msgs/msg/serial.h\n'}
[3.448966] (robomaster_msgs) StdoutLine: {'line': b'-- Up-to-date: /home/cricchetto/Robomaster_WS/install/robomaster_msgs/include/robomaster_msgs/robomaster_msgs/msg/audio_data.h\n'}
[3.449243] (robomaster_msgs) StdoutLine: {'line': b'-- Up-to-date: /home/cricchetto/Robomaster_WS/install/robomaster_msgs/include/robomaster_msgs/robomaster_msgs/msg/detected_line.h\n'}
[3.449564] (robomaster_msgs) StdoutLine: {'line': b'-- Up-to-date: /home/cricchetto/Robomaster_WS/install/robomaster_msgs/include/robomaster_msgs/robomaster_msgs/msg/chassis_status.h\n'}
[3.449898] (robomaster_msgs) StdoutLine: {'line': b'-- Up-to-date: /home/cricchetto/Robomaster_WS/install/robomaster_msgs/include/robomaster_msgs/robomaster_msgs/msg/gimbal_command.h\n'}
[3.450247] (robomaster_msgs) StdoutLine: {'line': b'-- Up-to-date: /home/cricchetto/Robomaster_WS/install/robomaster_msgs/include/robomaster_msgs/robomaster_msgs/msg/servo_raw_state.h\n'}
[3.450594] (robomaster_msgs) StdoutLine: {'line': b'-- Up-to-date: /home/cricchetto/Robomaster_WS/install/robomaster_msgs/include/robomaster_msgs/robomaster_msgs/msg/blaster_led.h\n'}
[3.450973] (robomaster_msgs) StdoutLine: {'line': b'-- Up-to-date: /home/cricchetto/Robomaster_WS/install/robomaster_msgs/include/robomaster_msgs/robomaster_msgs/msg/rosidl_generator_c__visibility_control.h\n'}
[3.451316] (robomaster_msgs) StdoutLine: {'line': b'-- Up-to-date: /home/cricchetto/Robomaster_WS/install/robomaster_msgs/include/robomaster_msgs/robomaster_msgs/msg/gripper_state.h\n'}
[3.451611] (robomaster_msgs) StdoutLine: {'line': b'-- Up-to-date: /home/cricchetto/Robomaster_WS/install/robomaster_msgs/include/robomaster_msgs/robomaster_msgs/msg/speaker_command.h\n'}
[3.451904] (robomaster_msgs) StdoutLine: {'line': b'-- Up-to-date: /home/cricchetto/Robomaster_WS/install/robomaster_msgs/include/robomaster_msgs/robomaster_msgs/msg/detail\n'}
[3.541028] (robomaster_msgs) StdoutLine: {'line': b'-- Up-to-date: /home/cricchetto/Robomaster_WS/install/robomaster_msgs/include/robomaster_msgs/robomaster_msgs/msg/detail/chassis_status__functions.c\n'}
[3.541870] (-) TimerEvent: {}
[3.542608] (robomaster_msgs) StdoutLine: {'line': b'-- Up-to-date: /home/cricchetto/Robomaster_WS/install/robomaster_msgs/include/robomaster_msgs/robomaster_msgs/msg/detail/gimbal_command__struct.h\n'}
[3.543350] (robomaster_msgs) StdoutLine: {'line': b'-- Up-to-date: /home/cricchetto/Robomaster_WS/install/robomaster_msgs/include/robomaster_msgs/robomaster_msgs/msg/detail/detected_line__type_support.h\n'}
[3.545193] (robomaster_msgs) StdoutLine: {'line': b'-- Up-to-date: /home/cricchetto/Robomaster_WS/install/robomaster_msgs/include/robomaster_msgs/robomaster_msgs/msg/detail/detected_robot__functions.c\n'}
[3.546410] (robomaster_msgs) StdoutLine: {'line': b'-- Up-to-date: /home/cricchetto/Robomaster_WS/install/robomaster_msgs/include/robomaster_msgs/robomaster_msgs/msg/detail/speaker_command__type_support.h\n'}
[3.547168] (robomaster_msgs) StdoutLine: {'line': b'-- Up-to-date: /home/cricchetto/Robomaster_WS/install/robomaster_msgs/include/robomaster_msgs/robomaster_msgs/msg/detail/mode__functions.h\n'}
[3.547893] (robomaster_msgs) StdoutLine: {'line': b'-- Up-to-date: /home/cricchetto/Robomaster_WS/install/robomaster_msgs/include/robomaster_msgs/robomaster_msgs/msg/detail/camera_config__struct.h\n'}
[3.548458] (robomaster_msgs) StdoutLine: {'line': b'-- Up-to-date: /home/cricchetto/Robomaster_WS/install/robomaster_msgs/include/robomaster_msgs/robomaster_msgs/msg/detail/led_effect__functions.h\n'}
[3.549070] (robomaster_msgs) StdoutLine: {'line': b'-- Up-to-date: /home/cricchetto/Robomaster_WS/install/robomaster_msgs/include/robomaster_msgs/robomaster_msgs/msg/detail/detection__functions.c\n'}
[3.549571] (robomaster_msgs) StdoutLine: {'line': b'-- Up-to-date: /home/cricchetto/Robomaster_WS/install/robomaster_msgs/include/robomaster_msgs/robomaster_msgs/msg/detail/s_bus__type_support.h\n'}
[3.550144] (robomaster_msgs) StdoutLine: {'line': b'-- Up-to-date: /home/cricchetto/Robomaster_WS/install/robomaster_msgs/include/robomaster_msgs/robomaster_msgs/msg/detail/chassis_status__functions.h\n'}
[3.550620] (robomaster_msgs) StdoutLine: {'line': b'-- Up-to-date: /home/cricchetto/Robomaster_WS/install/robomaster_msgs/include/robomaster_msgs/robomaster_msgs/msg/detail/blaster_led__type_support.h\n'}
[3.551112] (robomaster_msgs) StdoutLine: {'line': b'-- Up-to-date: /home/cricchetto/Robomaster_WS/install/robomaster_msgs/include/robomaster_msgs/robomaster_msgs/msg/detail/servo_raw_state__functions.c\n'}
[3.551802] (robomaster_msgs) StdoutLine: {'line': b'-- Up-to-date: /home/cricchetto/Robomaster_WS/install/robomaster_msgs/include/robomaster_msgs/robomaster_msgs/msg/detail/detected_robot__type_support.h\n'}
[3.553555] (robomaster_msgs) StdoutLine: {'line': b'-- Up-to-date: /home/cricchetto/Robomaster_WS/install/robomaster_msgs/include/robomaster_msgs/robomaster_msgs/msg/detail/detected_gesture__type_support.h\n'}
[3.554096] (robomaster_msgs) StdoutLine: {'line': b'-- Up-to-date: /home/cricchetto/Robomaster_WS/install/robomaster_msgs/include/robomaster_msgs/robomaster_msgs/msg/detail/s_bus__struct.h\n'}
[3.554519] (robomaster_msgs) StdoutLine: {'line': b'-- Up-to-date: /home/cricchetto/Robomaster_WS/install/robomaster_msgs/include/robomaster_msgs/robomaster_msgs/msg/detail/led_effect__type_support.h\n'}
[3.554900] (robomaster_msgs) StdoutLine: {'line': b'-- Up-to-date: /home/cricchetto/Robomaster_WS/install/robomaster_msgs/include/robomaster_msgs/robomaster_msgs/msg/detail/detected_marker__functions.c\n'}
[3.555273] (robomaster_msgs) StdoutLine: {'line': b'-- Up-to-date: /home/cricchetto/Robomaster_WS/install/robomaster_msgs/include/robomaster_msgs/robomaster_msgs/msg/detail/gimbal_command__type_support.h\n'}
[3.555627] (robomaster_msgs) StdoutLine: {'line': b'-- Up-to-date: /home/cricchetto/Robomaster_WS/install/robomaster_msgs/include/robomaster_msgs/robomaster_msgs/msg/detail/sensor_adapter__functions.c\n'}
[3.556015] (robomaster_msgs) StdoutLine: {'line': b'-- Up-to-date: /home/cricchetto/Robomaster_WS/install/robomaster_msgs/include/robomaster_msgs/robomaster_msgs/msg/detail/h264_packet__functions.c\n'}
[3.556453] (robomaster_msgs) StdoutLine: {'line': b'-- Up-to-date: /home/cricchetto/Robomaster_WS/install/robomaster_msgs/include/robomaster_msgs/robomaster_msgs/msg/detail/pwm__struct.h\n'}
[3.557119] (robomaster_msgs) StdoutLine: {'line': b'-- Up-to-date: /home/cricchetto/Robomaster_WS/install/robomaster_msgs/include/robomaster_msgs/robomaster_msgs/msg/detail/blaster_led__functions.c\n'}
[3.557667] (robomaster_msgs) StdoutLine: {'line': b'-- Up-to-date: /home/cricchetto/Robomaster_WS/install/robomaster_msgs/include/robomaster_msgs/robomaster_msgs/msg/detail/sensor_adapter__struct.h\n'}
[3.558236] (robomaster_msgs) StdoutLine: {'line': b'-- Up-to-date: /home/cricchetto/Robomaster_WS/install/robomaster_msgs/include/robomaster_msgs/robomaster_msgs/msg/detail/armor_hit__type_support.h\n'}
[3.594072] (robomaster_msgs) StdoutLine: {'line': b'-- Up-to-date: /home/cricchetto/Robomaster_WS/install/robomaster_msgs/include/robomaster_msgs/robomaster_msgs/msg/detail/serial__functions.c\n'}
[3.595748] (robomaster_msgs) StdoutLine: {'line': b'-- Up-to-date: /home/cricchetto/Robomaster_WS/install/robomaster_msgs/include/robomaster_msgs/robomaster_msgs/msg/detail/led_effect__struct.h\n'}
[3.596821] (robomaster_msgs) StdoutLine: {'line': b'-- Up-to-date: /home/cricchetto/Robomaster_WS/install/robomaster_msgs/include/robomaster_msgs/robomaster_msgs/msg/detail/h264_packet__functions.h\n'}
[3.597332] (robomaster_msgs) StdoutLine: {'line': b'-- Up-to-date: /home/cricchetto/Robomaster_WS/install/robomaster_msgs/include/robomaster_msgs/robomaster_msgs/msg/detail/audio_opus__type_support.h\n'}
[3.597960] (robomaster_msgs) StdoutLine: {'line': b'-- Up-to-date: /home/cricchetto/Robomaster_WS/install/robomaster_msgs/include/robomaster_msgs/robomaster_msgs/msg/detail/detected_marker__struct.h\n'}
[3.598560] (robomaster_msgs) StdoutLine: {'line': b'-- Up-to-date: /home/cricchetto/Robomaster_WS/install/robomaster_msgs/include/robomaster_msgs/robomaster_msgs/msg/detail/detected_gesture__struct.h\n'}
[3.599033] (robomaster_msgs) StdoutLine: {'line': b'-- Up-to-date: /home/cricchetto/Robomaster_WS/install/robomaster_msgs/include/robomaster_msgs/robomaster_msgs/msg/detail/detected_person__struct.h\n'}
[3.599474] (robomaster_msgs) StdoutLine: {'line': b'-- Up-to-date: /home/cricchetto/Robomaster_WS/install/robomaster_msgs/include/robomaster_msgs/robomaster_msgs/msg/detail/led_effect__functions.c\n'}
[3.600023] (robomaster_msgs) StdoutLine: {'line': b'-- Up-to-date: /home/cricchetto/Robomaster_WS/install/robomaster_msgs/include/robomaster_msgs/robomaster_msgs/msg/detail/speaker_command__functions.c\n'}
[3.600573] (robomaster_msgs) StdoutLine: {'line': b'-- Up-to-date: /home/cricchetto/Robomaster_WS/install/robomaster_msgs/include/robomaster_msgs/robomaster_msgs/msg/detail/wheel_speeds__struct.h\n'}
[3.601054] (robomaster_msgs) StdoutLine: {'line': b'-- Up-to-date: /home/cricchetto/Robomaster_WS/install/robomaster_msgs/include/robomaster_msgs/robomaster_msgs/msg/detail/h264_packet__type_support.h\n'}
[3.601482] (robomaster_msgs) StdoutLine: {'line': b'-- Up-to-date: /home/cricchetto/Robomaster_WS/install/robomaster_msgs/include/robomaster_msgs/robomaster_msgs/msg/detail/detected_person__type_support.h\n'}
[3.601933] (robomaster_msgs) StdoutLine: {'line': b'-- Up-to-date: /home/cricchetto/Robomaster_WS/install/robomaster_msgs/include/robomaster_msgs/robomaster_msgs/msg/detail/audio_opus__struct.h\n'}
[3.602265] (robomaster_msgs) StdoutLine: {'line': b'-- Up-to-date: /home/cricchetto/Robomaster_WS/install/robomaster_msgs/include/robomaster_msgs/robomaster_msgs/msg/detail/speaker_command__functions.h\n'}
[3.602676] (robomaster_msgs) StdoutLine: {'line': b'-- Up-to-date: /home/cricchetto/Robomaster_WS/install/robomaster_msgs/include/robomaster_msgs/robomaster_msgs/msg/detail/gimbal_command__functions.c\n'}
[3.603040] (robomaster_msgs) StdoutLine: {'line': b'-- Up-to-date: /home/cricchetto/Robomaster_WS/install/robomaster_msgs/include/robomaster_msgs/robomaster_msgs/msg/detail/servo_raw_state__functions.h\n'}
[3.603531] (robomaster_msgs) StdoutLine: {'line': b'-- Up-to-date: /home/cricchetto/Robomaster_WS/install/robomaster_msgs/include/robomaster_msgs/robomaster_msgs/msg/detail/detected_gesture__functions.c\n'}
[3.604008] (robomaster_msgs) StdoutLine: {'line': b'-- Up-to-date: /home/cricchetto/Robomaster_WS/install/robomaster_msgs/include/robomaster_msgs/robomaster_msgs/msg/detail/blaster_led__functions.h\n'}
[3.604537] (robomaster_msgs) StdoutLine: {'line': b'-- Up-to-date: /home/cricchetto/Robomaster_WS/install/robomaster_msgs/include/robomaster_msgs/robomaster_msgs/msg/detail/audio_opus__functions.h\n'}
[3.604939] (robomaster_msgs) StdoutLine: {'line': b'-- Up-to-date: /home/cricchetto/Robomaster_WS/install/robomaster_msgs/include/robomaster_msgs/robomaster_msgs/msg/detail/wheel_speeds__functions.h\n'}
[3.605426] (robomaster_msgs) StdoutLine: {'line': b'-- Up-to-date: /home/cricchetto/Robomaster_WS/install/robomaster_msgs/include/robomaster_msgs/robomaster_msgs/msg/detail/gripper_state__type_support.h\n'}
[3.605911] (robomaster_msgs) StdoutLine: {'line': b'-- Up-to-date: /home/cricchetto/Robomaster_WS/install/robomaster_msgs/include/robomaster_msgs/robomaster_msgs/msg/detail/camera_config__functions.c\n'}
[3.606911] (robomaster_msgs) StdoutLine: {'line': b'-- Up-to-date: /home/cricchetto/Robomaster_WS/install/robomaster_msgs/include/robomaster_msgs/robomaster_msgs/msg/detail/detection__functions.h\n'}
[3.608168] (robomaster_msgs) StdoutLine: {'line': b'-- Up-to-date: /home/cricchetto/Robomaster_WS/install/robomaster_msgs/include/robomaster_msgs/robomaster_msgs/msg/detail/h264_packet__struct.h\n'}
[3.609767] (robomaster_msgs) StdoutLine: {'line': b'-- Up-to-date: /home/cricchetto/Robomaster_WS/install/robomaster_msgs/include/robomaster_msgs/robomaster_msgs/msg/detail/pwm__functions.h\n'}
[3.611049] (robomaster_msgs) StdoutLine: {'line': b'-- Up-to-date: /home/cricchetto/Robomaster_WS/install/robomaster_msgs/include/robomaster_msgs/robomaster_msgs/msg/detail/detected_robot__struct.h\n'}
[3.611621] (robomaster_msgs) StdoutLine: {'line': b'-- Up-to-date: /home/cricchetto/Robomaster_WS/install/robomaster_msgs/include/robomaster_msgs/robomaster_msgs/msg/detail/servo_command__struct.h\n'}
[3.612007] (robomaster_msgs) StdoutLine: {'line': b'-- Up-to-date: /home/cricchetto/Robomaster_WS/install/robomaster_msgs/include/robomaster_msgs/robomaster_msgs/msg/detail/wheel_speeds__functions.c\n'}
[3.612408] (robomaster_msgs) StdoutLine: {'line': b'-- Up-to-date: /home/cricchetto/Robomaster_WS/install/robomaster_msgs/include/robomaster_msgs/robomaster_msgs/msg/detail/audio_data__functions.c\n'}
[3.612889] (robomaster_msgs) StdoutLine: {'line': b'-- Up-to-date: /home/cricchetto/Robomaster_WS/install/robomaster_msgs/include/robomaster_msgs/robomaster_msgs/msg/detail/s_bus__functions.c\n'}
[3.613335] (robomaster_msgs) StdoutLine: {'line': b'-- Up-to-date: /home/cricchetto/Robomaster_WS/install/robomaster_msgs/include/robomaster_msgs/robomaster_msgs/msg/detail/detected_person__functions.c\n'}
[3.613740] (robomaster_msgs) StdoutLine: {'line': b'-- Up-to-date: /home/cricchetto/Robomaster_WS/install/robomaster_msgs/include/robomaster_msgs/robomaster_msgs/msg/detail/gripper_state__struct.h\n'}
[3.618674] (robomaster_msgs) StdoutLine: {'line': b'-- Up-to-date: /home/cricchetto/Robomaster_WS/install/robomaster_msgs/include/robomaster_msgs/robomaster_msgs/msg/detail/s_bus__functions.h\n'}
[3.620001] (robomaster_msgs) StdoutLine: {'line': b'-- Up-to-date: /home/cricchetto/Robomaster_WS/install/robomaster_msgs/include/robomaster_msgs/robomaster_msgs/msg/detail/detected_line__struct.h\n'}
[3.621774] (robomaster_msgs) StdoutLine: {'line': b'-- Up-to-date: /home/cricchetto/Robomaster_WS/install/robomaster_msgs/include/robomaster_msgs/robomaster_msgs/msg/detail/detected_marker__type_support.h\n'}
[3.622982] (robomaster_msgs) StdoutLine: {'line': b'-- Up-to-date: /home/cricchetto/Robomaster_WS/install/robomaster_msgs/include/robomaster_msgs/robomaster_msgs/msg/detail/chassis_status__type_support.h\n'}
[3.624118] (robomaster_msgs) StdoutLine: {'line': b'-- Up-to-date: /home/cricchetto/Robomaster_WS/install/robomaster_msgs/include/robomaster_msgs/robomaster_msgs/msg/detail/armor_hit__functions.h\n'}
[3.624654] (robomaster_msgs) StdoutLine: {'line': b'-- Up-to-date: /home/cricchetto/Robomaster_WS/install/robomaster_msgs/include/robomaster_msgs/robomaster_msgs/msg/detail/armor_hit__functions.c\n'}
[3.625220] (robomaster_msgs) StdoutLine: {'line': b'-- Up-to-date: /home/cricchetto/Robomaster_WS/install/robomaster_msgs/include/robomaster_msgs/robomaster_msgs/msg/detail/region_of_interest__type_support.h\n'}
[3.625693] (robomaster_msgs) StdoutLine: {'line': b'-- Up-to-date: /home/cricchetto/Robomaster_WS/install/robomaster_msgs/include/robomaster_msgs/robomaster_msgs/msg/detail/gripper_state__functions.c\n'}
[3.626202] (robomaster_msgs) StdoutLine: {'line': b'-- Up-to-date: /home/cricchetto/Robomaster_WS/install/robomaster_msgs/include/robomaster_msgs/robomaster_msgs/msg/detail/audio_level__functions.c\n'}
[3.626751] (robomaster_msgs) StdoutLine: {'line': b'-- Up-to-date: /home/cricchetto/Robomaster_WS/install/robomaster_msgs/include/robomaster_msgs/robomaster_msgs/msg/detail/serial__struct.h\n'}
[3.628128] (robomaster_msgs) StdoutLine: {'line': b'-- Up-to-date: /home/cricchetto/Robomaster_WS/install/robomaster_msgs/include/robomaster_msgs/robomaster_msgs/msg/detail/region_of_interest__functions.h\n'}
[3.629000] (robomaster_msgs) StdoutLine: {'line': b'-- Up-to-date: /home/cricchetto/Robomaster_WS/install/robomaster_msgs/include/robomaster_msgs/robomaster_msgs/msg/detail/mode__type_support.h\n'}
[3.629548] (robomaster_msgs) StdoutLine: {'line': b'-- Up-to-date: /home/cricchetto/Robomaster_WS/install/robomaster_msgs/include/robomaster_msgs/robomaster_msgs/msg/detail/speaker_command__struct.h\n'}
[3.630283] (robomaster_msgs) StdoutLine: {'line': b'-- Up-to-date: /home/cricchetto/Robomaster_WS/install/robomaster_msgs/include/robomaster_msgs/robomaster_msgs/msg/detail/serial__type_support.h\n'}
[3.631543] (robomaster_msgs) StdoutLine: {'line': b'-- Up-to-date: /home/cricchetto/Robomaster_WS/install/robomaster_msgs/include/robomaster_msgs/robomaster_msgs/msg/detail/detected_person__functions.h\n'}
[3.632569] (robomaster_msgs) StdoutLine: {'line': b'-- Up-to-date: /home/cricchetto/Robomaster_WS/install/robomaster_msgs/include/robomaster_msgs/robomaster_msgs/msg/detail/gripper_state__functions.h\n'}
[3.633113] (robomaster_msgs) StdoutLine: {'line': b'-- Up-to-date: /home/cricchetto/Robomaster_WS/install/robomaster_msgs/include/robomaster_msgs/robomaster_msgs/msg/detail/pwm__functions.c\n'}
[3.634370] (robomaster_msgs) StdoutLine: {'line': b'-- Up-to-date: /home/cricchetto/Robomaster_WS/install/robomaster_msgs/include/robomaster_msgs/robomaster_msgs/msg/detail/servo_command__functions.c\n'}
[3.635466] (robomaster_msgs) StdoutLine: {'line': b'-- Up-to-date: /home/cricchetto/Robomaster_WS/install/robomaster_msgs/include/robomaster_msgs/robomaster_msgs/msg/detail/camera_config__type_support.h\n'}
[3.635989] (robomaster_msgs) StdoutLine: {'line': b'-- Up-to-date: /home/cricchetto/Robomaster_WS/install/robomaster_msgs/include/robomaster_msgs/robomaster_msgs/msg/detail/region_of_interest__functions.c\n'}
[3.636420] (robomaster_msgs) StdoutLine: {'line': b'-- Up-to-date: /home/cricchetto/Robomaster_WS/install/robomaster_msgs/include/robomaster_msgs/robomaster_msgs/msg/detail/chassis_status__struct.h\n'}
[3.636793] (robomaster_msgs) StdoutLine: {'line': b'-- Up-to-date: /home/cricchetto/Robomaster_WS/install/robomaster_msgs/include/robomaster_msgs/robomaster_msgs/msg/detail/audio_data__type_support.h\n'}
[3.637247] (robomaster_msgs) StdoutLine: {'line': b'-- Up-to-date: /home/cricchetto/Robomaster_WS/install/robomaster_msgs/include/robomaster_msgs/robomaster_msgs/msg/detail/sensor_adapter__type_support.h\n'}
[3.637861] (robomaster_msgs) StdoutLine: {'line': b'-- Up-to-date: /home/cricchetto/Robomaster_WS/install/robomaster_msgs/include/robomaster_msgs/robomaster_msgs/msg/detail/pwm__type_support.h\n'}
[3.638671] (robomaster_msgs) StdoutLine: {'line': b'-- Up-to-date: /home/cricchetto/Robomaster_WS/install/robomaster_msgs/include/robomaster_msgs/robomaster_msgs/msg/detail/audio_level__type_support.h\n'}
[3.640556] (robomaster_msgs) StdoutLine: {'line': b'-- Up-to-date: /home/cricchetto/Robomaster_WS/install/robomaster_msgs/include/robomaster_msgs/robomaster_msgs/msg/detail/audio_data__struct.h\n'}
[3.641694] (robomaster_msgs) StdoutLine: {'line': b'-- Up-to-date: /home/cricchetto/Robomaster_WS/install/robomaster_msgs/include/robomaster_msgs/robomaster_msgs/msg/detail/gimbal_command__functions.h\n'}
[3.642843] (-) TimerEvent: {}
[3.644006] (robomaster_msgs) StdoutLine: {'line': b'-- Up-to-date: /home/cricchetto/Robomaster_WS/install/robomaster_msgs/include/robomaster_msgs/robomaster_msgs/msg/detail/armor_hit__struct.h\n'}
[3.645189] (robomaster_msgs) StdoutLine: {'line': b'-- Up-to-date: /home/cricchetto/Robomaster_WS/install/robomaster_msgs/include/robomaster_msgs/robomaster_msgs/msg/detail/camera_config__functions.h\n'}
[3.646390] (robomaster_msgs) StdoutLine: {'line': b'-- Up-to-date: /home/cricchetto/Robomaster_WS/install/robomaster_msgs/include/robomaster_msgs/robomaster_msgs/msg/detail/audio_data__functions.h\n'}
[3.647048] (robomaster_msgs) StdoutLine: {'line': b'-- Up-to-date: /home/cricchetto/Robomaster_WS/install/robomaster_msgs/include/robomaster_msgs/robomaster_msgs/msg/detail/region_of_interest__struct.h\n'}
[3.647818] (robomaster_msgs) StdoutLine: {'line': b'-- Up-to-date: /home/cricchetto/Robomaster_WS/install/robomaster_msgs/include/robomaster_msgs/robomaster_msgs/msg/detail/audio_level__struct.h\n'}
[3.648336] (robomaster_msgs) StdoutLine: {'line': b'-- Up-to-date: /home/cricchetto/Robomaster_WS/install/robomaster_msgs/include/robomaster_msgs/robomaster_msgs/msg/detail/mode__functions.c\n'}
[3.648851] (robomaster_msgs) StdoutLine: {'line': b'-- Up-to-date: /home/cricchetto/Robomaster_WS/install/robomaster_msgs/include/robomaster_msgs/robomaster_msgs/msg/detail/servo_command__type_support.h\n'}
[3.649589] (robomaster_msgs) StdoutLine: {'line': b'-- Up-to-date: /home/cricchetto/Robomaster_WS/install/robomaster_msgs/include/robomaster_msgs/robomaster_msgs/msg/detail/audio_level__functions.h\n'}
[3.650051] (robomaster_msgs) StdoutLine: {'line': b'-- Up-to-date: /home/cricchetto/Robomaster_WS/install/robomaster_msgs/include/robomaster_msgs/robomaster_msgs/msg/detail/audio_opus__functions.c\n'}
[3.650495] (robomaster_msgs) StdoutLine: {'line': b'-- Up-to-date: /home/cricchetto/Robomaster_WS/install/robomaster_msgs/include/robomaster_msgs/robomaster_msgs/msg/detail/detected_robot__functions.h\n'}
[3.650938] (robomaster_msgs) StdoutLine: {'line': b'-- Up-to-date: /home/cricchetto/Robomaster_WS/install/robomaster_msgs/include/robomaster_msgs/robomaster_msgs/msg/detail/blaster_led__struct.h\n'}
[3.651526] (robomaster_msgs) StdoutLine: {'line': b'-- Up-to-date: /home/cricchetto/Robomaster_WS/install/robomaster_msgs/include/robomaster_msgs/robomaster_msgs/msg/detail/serial__functions.h\n'}
[3.652248] (robomaster_msgs) StdoutLine: {'line': b'-- Up-to-date: /home/cricchetto/Robomaster_WS/install/robomaster_msgs/include/robomaster_msgs/robomaster_msgs/msg/detail/detected_gesture__functions.h\n'}
[3.652777] (robomaster_msgs) StdoutLine: {'line': b'-- Up-to-date: /home/cricchetto/Robomaster_WS/install/robomaster_msgs/include/robomaster_msgs/robomaster_msgs/msg/detail/detected_line__functions.c\n'}
[3.653596] (robomaster_msgs) StdoutLine: {'line': b'-- Up-to-date: /home/cricchetto/Robomaster_WS/install/robomaster_msgs/include/robomaster_msgs/robomaster_msgs/msg/detail/detection__struct.h\n'}
[3.654223] (robomaster_msgs) StdoutLine: {'line': b'-- Up-to-date: /home/cricchetto/Robomaster_WS/install/robomaster_msgs/include/robomaster_msgs/robomaster_msgs/msg/detail/wheel_speeds__type_support.h\n'}
[3.654763] (robomaster_msgs) StdoutLine: {'line': b'-- Up-to-date: /home/cricchetto/Robomaster_WS/install/robomaster_msgs/include/robomaster_msgs/robomaster_msgs/msg/detail/sensor_adapter__functions.h\n'}
[3.655363] (robomaster_msgs) StdoutLine: {'line': b'-- Up-to-date: /home/cricchetto/Robomaster_WS/install/robomaster_msgs/include/robomaster_msgs/robomaster_msgs/msg/detail/detected_line__functions.h\n'}
[3.655914] (robomaster_msgs) StdoutLine: {'line': b'-- Up-to-date: /home/cricchetto/Robomaster_WS/install/robomaster_msgs/include/robomaster_msgs/robomaster_msgs/msg/detail/detection__type_support.h\n'}
[3.656520] (robomaster_msgs) StdoutLine: {'line': b'-- Up-to-date: /home/cricchetto/Robomaster_WS/install/robomaster_msgs/include/robomaster_msgs/robomaster_msgs/msg/detail/mode__struct.h\n'}
[3.657046] (robomaster_msgs) StdoutLine: {'line': b'-- Up-to-date: /home/cricchetto/Robomaster_WS/install/robomaster_msgs/include/robomaster_msgs/robomaster_msgs/msg/detail/servo_raw_state__struct.h\n'}
[3.657681] (robomaster_msgs) StdoutLine: {'line': b'-- Up-to-date: /home/cricchetto/Robomaster_WS/install/robomaster_msgs/include/robomaster_msgs/robomaster_msgs/msg/detail/servo_command__functions.h\n'}
[3.658392] (robomaster_msgs) StdoutLine: {'line': b'-- Up-to-date: /home/cricchetto/Robomaster_WS/install/robomaster_msgs/include/robomaster_msgs/robomaster_msgs/msg/detail/detected_marker__functions.h\n'}
[3.659985] (robomaster_msgs) StdoutLine: {'line': b'-- Up-to-date: /home/cricchetto/Robomaster_WS/install/robomaster_msgs/include/robomaster_msgs/robomaster_msgs/msg/detail/servo_raw_state__type_support.h\n'}
[3.664254] (robomaster_msgs) StdoutLine: {'line': b'-- Up-to-date: /home/cricchetto/Robomaster_WS/install/robomaster_msgs/include/robomaster_msgs/robomaster_msgs/msg/audio_opus.h\n'}
[3.666457] (robomaster_msgs) StdoutLine: {'line': b'-- Up-to-date: /home/cricchetto/Robomaster_WS/install/robomaster_msgs/include/robomaster_msgs/robomaster_msgs/msg/s_bus.h\n'}
[3.670651] (robomaster_msgs) StdoutLine: {'line': b'-- Up-to-date: /home/cricchetto/Robomaster_WS/install/robomaster_msgs/include/robomaster_msgs/robomaster_msgs/msg/h264_packet.h\n'}
[3.673283] (robomaster_msgs) StdoutLine: {'line': b'-- Up-to-date: /home/cricchetto/Robomaster_WS/install/robomaster_msgs/include/robomaster_msgs/robomaster_msgs/msg/camera_config.h\n'}
[3.674104] (robomaster_msgs) StdoutLine: {'line': b'-- Up-to-date: /home/cricchetto/Robomaster_WS/install/robomaster_msgs/include/robomaster_msgs/robomaster_msgs/msg/region_of_interest.h\n'}
[3.674917] (robomaster_msgs) StdoutLine: {'line': b'-- Up-to-date: /home/cricchetto/Robomaster_WS/install/robomaster_msgs/include/robomaster_msgs/robomaster_msgs/srv\n'}
[3.677065] (robomaster_msgs) StdoutLine: {'line': b'-- Up-to-date: /home/cricchetto/Robomaster_WS/install/robomaster_msgs/include/robomaster_msgs/robomaster_msgs/srv/get_io.h\n'}
[3.678896] (robomaster_msgs) StdoutLine: {'line': b'-- Up-to-date: /home/cricchetto/Robomaster_WS/install/robomaster_msgs/include/robomaster_msgs/robomaster_msgs/srv/get_adc.h\n'}
[3.679793] (robomaster_msgs) StdoutLine: {'line': b'-- Up-to-date: /home/cricchetto/Robomaster_WS/install/robomaster_msgs/include/robomaster_msgs/robomaster_msgs/srv/detail\n'}
[3.680653] (robomaster_msgs) StdoutLine: {'line': b'-- Up-to-date: /home/cricchetto/Robomaster_WS/install/robomaster_msgs/include/robomaster_msgs/robomaster_msgs/srv/detail/get_servo_angle__functions.c\n'}
[3.681191] (robomaster_msgs) StdoutLine: {'line': b'-- Up-to-date: /home/cricchetto/Robomaster_WS/install/robomaster_msgs/include/robomaster_msgs/robomaster_msgs/srv/detail/get_io__type_support.h\n'}
[3.682134] (robomaster_msgs) StdoutLine: {'line': b'-- Up-to-date: /home/cricchetto/Robomaster_WS/install/robomaster_msgs/include/robomaster_msgs/robomaster_msgs/srv/detail/get_adc__struct.h\n'}
[3.682834] (robomaster_msgs) StdoutLine: {'line': b'-- Up-to-date: /home/cricchetto/Robomaster_WS/install/robomaster_msgs/include/robomaster_msgs/robomaster_msgs/srv/detail/get_io__struct.h\n'}
[3.684865] (robomaster_msgs) StdoutLine: {'line': b'-- Up-to-date: /home/cricchetto/Robomaster_WS/install/robomaster_msgs/include/robomaster_msgs/robomaster_msgs/srv/detail/get_io__functions.h\n'}
[3.685599] (robomaster_msgs) StdoutLine: {'line': b'-- Up-to-date: /home/cricchetto/Robomaster_WS/install/robomaster_msgs/include/robomaster_msgs/robomaster_msgs/srv/detail/get_servo_angle__struct.h\n'}
[3.686351] (robomaster_msgs) StdoutLine: {'line': b'-- Up-to-date: /home/cricchetto/Robomaster_WS/install/robomaster_msgs/include/robomaster_msgs/robomaster_msgs/srv/detail/get_pulse__struct.h\n'}
[3.687736] (robomaster_msgs) StdoutLine: {'line': b'-- Up-to-date: /home/cricchetto/Robomaster_WS/install/robomaster_msgs/include/robomaster_msgs/robomaster_msgs/srv/detail/get_adc__functions.h\n'}
[3.689432] (robomaster_msgs) StdoutLine: {'line': b'-- Up-to-date: /home/cricchetto/Robomaster_WS/install/robomaster_msgs/include/robomaster_msgs/robomaster_msgs/srv/detail/get_pulse__type_support.h\n'}
[3.690636] (robomaster_msgs) StdoutLine: {'line': b'-- Up-to-date: /home/cricchetto/Robomaster_WS/install/robomaster_msgs/include/robomaster_msgs/robomaster_msgs/srv/detail/get_adc__functions.c\n'}
[3.692102] (robomaster_msgs) StdoutLine: {'line': b'-- Up-to-date: /home/cricchetto/Robomaster_WS/install/robomaster_msgs/include/robomaster_msgs/robomaster_msgs/srv/detail/get_adc__type_support.h\n'}
[3.696260] (robomaster_msgs) StdoutLine: {'line': b'-- Up-to-date: /home/cricchetto/Robomaster_WS/install/robomaster_msgs/include/robomaster_msgs/robomaster_msgs/srv/detail/get_servo_angle__functions.h\n'}
[3.699598] (robomaster_msgs) StdoutLine: {'line': b'-- Up-to-date: /home/cricchetto/Robomaster_WS/install/robomaster_msgs/include/robomaster_msgs/robomaster_msgs/srv/detail/get_io__functions.c\n'}
[3.700796] (robomaster_msgs) StdoutLine: {'line': b'-- Up-to-date: /home/cricchetto/Robomaster_WS/install/robomaster_msgs/include/robomaster_msgs/robomaster_msgs/srv/detail/get_pulse__functions.c\n'}
[3.701345] (robomaster_msgs) StdoutLine: {'line': b'-- Up-to-date: /home/cricchetto/Robomaster_WS/install/robomaster_msgs/include/robomaster_msgs/robomaster_msgs/srv/detail/get_servo_angle__type_support.h\n'}
[3.701841] (robomaster_msgs) StdoutLine: {'line': b'-- Up-to-date: /home/cricchetto/Robomaster_WS/install/robomaster_msgs/include/robomaster_msgs/robomaster_msgs/srv/detail/get_pulse__functions.h\n'}
[3.702315] (robomaster_msgs) StdoutLine: {'line': b'-- Up-to-date: /home/cricchetto/Robomaster_WS/install/robomaster_msgs/include/robomaster_msgs/robomaster_msgs/srv/get_servo_angle.h\n'}
[3.702754] (robomaster_msgs) StdoutLine: {'line': b'-- Up-to-date: /home/cricchetto/Robomaster_WS/install/robomaster_msgs/include/robomaster_msgs/robomaster_msgs/srv/get_pulse.h\n'}
[3.703269] (robomaster_msgs) StdoutLine: {'line': b'-- Up-to-date: /home/cricchetto/Robomaster_WS/install/robomaster_msgs/share/robomaster_msgs/environment/library_path.sh\n'}
[3.703858] (robomaster_msgs) StdoutLine: {'line': b'-- Up-to-date: /home/cricchetto/Robomaster_WS/install/robomaster_msgs/share/robomaster_msgs/environment/library_path.dsv\n'}
[3.705972] (robomaster_msgs) StdoutLine: {'line': b'-- Up-to-date: /home/cricchetto/Robomaster_WS/install/robomaster_msgs/lib/librobomaster_msgs__rosidl_generator_c.so\n'}
[3.707991] (robomaster_msgs) StdoutLine: {'line': b'-- Up-to-date: /home/cricchetto/Robomaster_WS/install/robomaster_msgs/include/robomaster_msgs/robomaster_msgs\n'}
[3.709936] (robomaster_msgs) StdoutLine: {'line': b'-- Up-to-date: /home/cricchetto/Robomaster_WS/install/robomaster_msgs/include/robomaster_msgs/robomaster_msgs/action\n'}
[3.714273] (robomaster_msgs) StdoutLine: {'line': b'-- Up-to-date: /home/cricchetto/Robomaster_WS/install/robomaster_msgs/include/robomaster_msgs/robomaster_msgs/action/detail\n'}
[3.714991] (robomaster_msgs) StdoutLine: {'line': b'-- Up-to-date: /home/cricchetto/Robomaster_WS/install/robomaster_msgs/include/robomaster_msgs/robomaster_msgs/action/detail/play_sound__rosidl_typesupport_fastrtps_c.h\n'}
[3.717470] (robomaster_msgs) StdoutLine: {'line': b'-- Up-to-date: /home/cricchetto/Robomaster_WS/install/robomaster_msgs/include/robomaster_msgs/robomaster_msgs/action/detail/move__rosidl_typesupport_fastrtps_c.h\n'}
[3.718653] (robomaster_msgs) StdoutLine: {'line': b'-- Up-to-date: /home/cricchetto/Robomaster_WS/install/robomaster_msgs/include/robomaster_msgs/robomaster_msgs/action/detail/move_arm__rosidl_typesupport_fastrtps_c.h\n'}
[3.720158] (robomaster_msgs) StdoutLine: {'line': b'-- Up-to-date: /home/cricchetto/Robomaster_WS/install/robomaster_msgs/include/robomaster_msgs/robomaster_msgs/action/detail/move_gimbal__rosidl_typesupport_fastrtps_c.h\n'}
[3.721691] (robomaster_msgs) StdoutLine: {'line': b'-- Up-to-date: /home/cricchetto/Robomaster_WS/install/robomaster_msgs/include/robomaster_msgs/robomaster_msgs/action/detail/gripper_control__rosidl_typesupport_fastrtps_c.h\n'}
[3.722278] (robomaster_msgs) StdoutLine: {'line': b'-- Up-to-date: /home/cricchetto/Robomaster_WS/install/robomaster_msgs/include/robomaster_msgs/robomaster_msgs/action/detail/recenter_gimbal__rosidl_typesupport_fastrtps_c.h\n'}
[3.723662] (robomaster_msgs) StdoutLine: {'line': b'-- Up-to-date: /home/cricchetto/Robomaster_WS/install/robomaster_msgs/include/robomaster_msgs/robomaster_msgs/action/detail/move_servo__rosidl_typesupport_fastrtps_c.h\n'}
[3.724970] (robomaster_msgs) StdoutLine: {'line': b'-- Up-to-date: /home/cricchetto/Robomaster_WS/install/robomaster_msgs/include/robomaster_msgs/robomaster_msgs/msg\n'}
[3.726214] (robomaster_msgs) StdoutLine: {'line': b'-- Up-to-date: /home/cricchetto/Robomaster_WS/install/robomaster_msgs/include/robomaster_msgs/robomaster_msgs/msg/rosidl_typesupport_fastrtps_c__visibility_control.h\n'}
[3.727646] (robomaster_msgs) StdoutLine: {'line': b'-- Up-to-date: /home/cricchetto/Robomaster_WS/install/robomaster_msgs/include/robomaster_msgs/robomaster_msgs/msg/detail\n'}
[3.728173] (robomaster_msgs) StdoutLine: {'line': b'-- Up-to-date: /home/cricchetto/Robomaster_WS/install/robomaster_msgs/include/robomaster_msgs/robomaster_msgs/msg/detail/serial__rosidl_typesupport_fastrtps_c.h\n'}
[3.728644] (robomaster_msgs) StdoutLine: {'line': b'-- Up-to-date: /home/cricchetto/Robomaster_WS/install/robomaster_msgs/include/robomaster_msgs/robomaster_msgs/msg/detail/sensor_adapter__rosidl_typesupport_fastrtps_c.h\n'}
[3.729160] (robomaster_msgs) StdoutLine: {'line': b'-- Up-to-date: /home/cricchetto/Robomaster_WS/install/robomaster_msgs/include/robomaster_msgs/robomaster_msgs/msg/detail/gimbal_command__rosidl_typesupport_fastrtps_c.h\n'}
[3.730008] (robomaster_msgs) StdoutLine: {'line': b'-- Up-to-date: /home/cricchetto/Robomaster_WS/install/robomaster_msgs/include/robomaster_msgs/robomaster_msgs/msg/detail/detected_gesture__rosidl_typesupport_fastrtps_c.h\n'}
[3.730596] (robomaster_msgs) StdoutLine: {'line': b'-- Up-to-date: /home/cricchetto/Robomaster_WS/install/robomaster_msgs/include/robomaster_msgs/robomaster_msgs/msg/detail/detected_person__rosidl_typesupport_fastrtps_c.h\n'}
[3.731676] (robomaster_msgs) StdoutLine: {'line': b'-- Up-to-date: /home/cricchetto/Robomaster_WS/install/robomaster_msgs/include/robomaster_msgs/robomaster_msgs/msg/detail/audio_data__rosidl_typesupport_fastrtps_c.h\n'}
[3.733021] (robomaster_msgs) StdoutLine: {'line': b'-- Up-to-date: /home/cricchetto/Robomaster_WS/install/robomaster_msgs/include/robomaster_msgs/robomaster_msgs/msg/detail/audio_opus__rosidl_typesupport_fastrtps_c.h\n'}
[3.734194] (robomaster_msgs) StdoutLine: {'line': b'-- Up-to-date: /home/cricchetto/Robomaster_WS/install/robomaster_msgs/include/robomaster_msgs/robomaster_msgs/msg/detail/detected_line__rosidl_typesupport_fastrtps_c.h\n'}
[3.734785] (robomaster_msgs) StdoutLine: {'line': b'-- Up-to-date: /home/cricchetto/Robomaster_WS/install/robomaster_msgs/include/robomaster_msgs/robomaster_msgs/msg/detail/servo_raw_state__rosidl_typesupport_fastrtps_c.h\n'}
[3.735578] (robomaster_msgs) StdoutLine: {'line': b'-- Up-to-date: /home/cricchetto/Robomaster_WS/install/robomaster_msgs/include/robomaster_msgs/robomaster_msgs/msg/detail/gripper_state__rosidl_typesupport_fastrtps_c.h\n'}
[3.736385] (robomaster_msgs) StdoutLine: {'line': b'-- Up-to-date: /home/cricchetto/Robomaster_WS/install/robomaster_msgs/include/robomaster_msgs/robomaster_msgs/msg/detail/detection__rosidl_typesupport_fastrtps_c.h\n'}
[3.736913] (robomaster_msgs) StdoutLine: {'line': b'-- Up-to-date: /home/cricchetto/Robomaster_WS/install/robomaster_msgs/include/robomaster_msgs/robomaster_msgs/msg/detail/servo_command__rosidl_typesupport_fastrtps_c.h\n'}
[3.737814] (robomaster_msgs) StdoutLine: {'line': b'-- Up-to-date: /home/cricchetto/Robomaster_WS/install/robomaster_msgs/include/robomaster_msgs/robomaster_msgs/msg/detail/armor_hit__rosidl_typesupport_fastrtps_c.h\n'}
[3.738339] (robomaster_msgs) StdoutLine: {'line': b'-- Up-to-date: /home/cricchetto/Robomaster_WS/install/robomaster_msgs/include/robomaster_msgs/robomaster_msgs/msg/detail/s_bus__rosidl_typesupport_fastrtps_c.h\n'}
[3.738930] (robomaster_msgs) StdoutLine: {'line': b'-- Up-to-date: /home/cricchetto/Robomaster_WS/install/robomaster_msgs/include/robomaster_msgs/robomaster_msgs/msg/detail/region_of_interest__rosidl_typesupport_fastrtps_c.h\n'}
[3.739571] (robomaster_msgs) StdoutLine: {'line': b'-- Up-to-date: /home/cricchetto/Robomaster_WS/install/robomaster_msgs/include/robomaster_msgs/robomaster_msgs/msg/detail/detected_marker__rosidl_typesupport_fastrtps_c.h\n'}
[3.740035] (robomaster_msgs) StdoutLine: {'line': b'-- Up-to-date: /home/cricchetto/Robomaster_WS/install/robomaster_msgs/include/robomaster_msgs/robomaster_msgs/msg/detail/led_effect__rosidl_typesupport_fastrtps_c.h\n'}
[3.740779] (robomaster_msgs) StdoutLine: {'line': b'-- Up-to-date: /home/cricchetto/Robomaster_WS/install/robomaster_msgs/include/robomaster_msgs/robomaster_msgs/msg/detail/speaker_command__rosidl_typesupport_fastrtps_c.h\n'}
[3.741618] (robomaster_msgs) StdoutLine: {'line': b'-- Up-to-date: /home/cricchetto/Robomaster_WS/install/robomaster_msgs/include/robomaster_msgs/robomaster_msgs/msg/detail/pwm__rosidl_typesupport_fastrtps_c.h\n'}
[3.742933] (-) TimerEvent: {}
[3.745178] (robomaster_msgs) StdoutLine: {'line': b'-- Up-to-date: /home/cricchetto/Robomaster_WS/install/robomaster_msgs/include/robomaster_msgs/robomaster_msgs/msg/detail/detected_robot__rosidl_typesupport_fastrtps_c.h\n'}
[3.745928] (robomaster_msgs) StdoutLine: {'line': b'-- Up-to-date: /home/cricchetto/Robomaster_WS/install/robomaster_msgs/include/robomaster_msgs/robomaster_msgs/msg/detail/camera_config__rosidl_typesupport_fastrtps_c.h\n'}
[3.746851] (robomaster_msgs) StdoutLine: {'line': b'-- Up-to-date: /home/cricchetto/Robomaster_WS/install/robomaster_msgs/include/robomaster_msgs/robomaster_msgs/msg/detail/mode__rosidl_typesupport_fastrtps_c.h\n'}
[3.747551] (robomaster_msgs) StdoutLine: {'line': b'-- Up-to-date: /home/cricchetto/Robomaster_WS/install/robomaster_msgs/include/robomaster_msgs/robomaster_msgs/msg/detail/h264_packet__rosidl_typesupport_fastrtps_c.h\n'}
[3.748660] (robomaster_msgs) StdoutLine: {'line': b'-- Up-to-date: /home/cricchetto/Robomaster_WS/install/robomaster_msgs/include/robomaster_msgs/robomaster_msgs/msg/detail/wheel_speeds__rosidl_typesupport_fastrtps_c.h\n'}
[3.749442] (robomaster_msgs) StdoutLine: {'line': b'-- Up-to-date: /home/cricchetto/Robomaster_WS/install/robomaster_msgs/include/robomaster_msgs/robomaster_msgs/msg/detail/chassis_status__rosidl_typesupport_fastrtps_c.h\n'}
[3.750331] (robomaster_msgs) StdoutLine: {'line': b'-- Up-to-date: /home/cricchetto/Robomaster_WS/install/robomaster_msgs/include/robomaster_msgs/robomaster_msgs/msg/detail/blaster_led__rosidl_typesupport_fastrtps_c.h\n'}
[3.752493] (robomaster_msgs) StdoutLine: {'line': b'-- Up-to-date: /home/cricchetto/Robomaster_WS/install/robomaster_msgs/include/robomaster_msgs/robomaster_msgs/msg/detail/audio_level__rosidl_typesupport_fastrtps_c.h\n'}
[3.753994] (robomaster_msgs) StdoutLine: {'line': b'-- Up-to-date: /home/cricchetto/Robomaster_WS/install/robomaster_msgs/include/robomaster_msgs/robomaster_msgs/srv\n'}
[3.754658] (robomaster_msgs) StdoutLine: {'line': b'-- Up-to-date: /home/cricchetto/Robomaster_WS/install/robomaster_msgs/include/robomaster_msgs/robomaster_msgs/srv/detail\n'}
[3.755288] (robomaster_msgs) StdoutLine: {'line': b'-- Up-to-date: /home/cricchetto/Robomaster_WS/install/robomaster_msgs/include/robomaster_msgs/robomaster_msgs/srv/detail/get_servo_angle__rosidl_typesupport_fastrtps_c.h\n'}
[3.755885] (robomaster_msgs) StdoutLine: {'line': b'-- Up-to-date: /home/cricchetto/Robomaster_WS/install/robomaster_msgs/include/robomaster_msgs/robomaster_msgs/srv/detail/get_adc__rosidl_typesupport_fastrtps_c.h\n'}
[3.756501] (robomaster_msgs) StdoutLine: {'line': b'-- Up-to-date: /home/cricchetto/Robomaster_WS/install/robomaster_msgs/include/robomaster_msgs/robomaster_msgs/srv/detail/get_io__rosidl_typesupport_fastrtps_c.h\n'}
[3.756956] (robomaster_msgs) StdoutLine: {'line': b'-- Up-to-date: /home/cricchetto/Robomaster_WS/install/robomaster_msgs/include/robomaster_msgs/robomaster_msgs/srv/detail/get_pulse__rosidl_typesupport_fastrtps_c.h\n'}
[3.758625] (robomaster_msgs) StdoutLine: {'line': b'-- Up-to-date: /home/cricchetto/Robomaster_WS/install/robomaster_msgs/lib/librobomaster_msgs__rosidl_typesupport_fastrtps_c.so\n'}
[3.759664] (robomaster_msgs) StdoutLine: {'line': b'-- Up-to-date: /home/cricchetto/Robomaster_WS/install/robomaster_msgs/include/robomaster_msgs/robomaster_msgs\n'}
[3.761032] (robomaster_msgs) StdoutLine: {'line': b'-- Up-to-date: /home/cricchetto/Robomaster_WS/install/robomaster_msgs/include/robomaster_msgs/robomaster_msgs/action\n'}
[3.762082] (robomaster_msgs) StdoutLine: {'line': b'-- Up-to-date: /home/cricchetto/Robomaster_WS/install/robomaster_msgs/include/robomaster_msgs/robomaster_msgs/action/detail\n'}
[3.764103] (robomaster_msgs) StdoutLine: {'line': b'-- Up-to-date: /home/cricchetto/Robomaster_WS/install/robomaster_msgs/include/robomaster_msgs/robomaster_msgs/action/detail/move_gimbal__type_support.c\n'}
[3.764974] (robomaster_msgs) StdoutLine: {'line': b'-- Up-to-date: /home/cricchetto/Robomaster_WS/install/robomaster_msgs/include/robomaster_msgs/robomaster_msgs/action/detail/move__type_support.c\n'}
[3.766128] (robomaster_msgs) StdoutLine: {'line': b'-- Up-to-date: /home/cricchetto/Robomaster_WS/install/robomaster_msgs/include/robomaster_msgs/robomaster_msgs/action/detail/gripper_control__type_support.c\n'}
[3.767477] (robomaster_msgs) StdoutLine: {'line': b'-- Up-to-date: /home/cricchetto/Robomaster_WS/install/robomaster_msgs/include/robomaster_msgs/robomaster_msgs/action/detail/move_servo__rosidl_typesupport_introspection_c.h\n'}
[3.768241] (robomaster_msgs) StdoutLine: {'line': b'-- Up-to-date: /home/cricchetto/Robomaster_WS/install/robomaster_msgs/include/robomaster_msgs/robomaster_msgs/action/detail/play_sound__type_support.c\n'}
[3.768829] (robomaster_msgs) StdoutLine: {'line': b'-- Up-to-date: /home/cricchetto/Robomaster_WS/install/robomaster_msgs/include/robomaster_msgs/robomaster_msgs/action/detail/move_gimbal__rosidl_typesupport_introspection_c.h\n'}
[3.769887] (robomaster_msgs) StdoutLine: {'line': b'-- Up-to-date: /home/cricchetto/Robomaster_WS/install/robomaster_msgs/include/robomaster_msgs/robomaster_msgs/action/detail/move_arm__type_support.c\n'}
[3.771415] (robomaster_msgs) StdoutLine: {'line': b'-- Up-to-date: /home/cricchetto/Robomaster_WS/install/robomaster_msgs/include/robomaster_msgs/robomaster_msgs/action/detail/gripper_control__rosidl_typesupport_introspection_c.h\n'}
[3.772581] (robomaster_msgs) StdoutLine: {'line': b'-- Up-to-date: /home/cricchetto/Robomaster_WS/install/robomaster_msgs/include/robomaster_msgs/robomaster_msgs/action/detail/play_sound__rosidl_typesupport_introspection_c.h\n'}
[3.773866] (robomaster_msgs) StdoutLine: {'line': b'-- Up-to-date: /home/cricchetto/Robomaster_WS/install/robomaster_msgs/include/robomaster_msgs/robomaster_msgs/action/detail/move_arm__rosidl_typesupport_introspection_c.h\n'}
[3.775194] (robomaster_msgs) StdoutLine: {'line': b'-- Up-to-date: /home/cricchetto/Robomaster_WS/install/robomaster_msgs/include/robomaster_msgs/robomaster_msgs/action/detail/move_servo__type_support.c\n'}
[3.777285] (robomaster_msgs) StdoutLine: {'line': b'-- Up-to-date: /home/cricchetto/Robomaster_WS/install/robomaster_msgs/include/robomaster_msgs/robomaster_msgs/action/detail/recenter_gimbal__rosidl_typesupport_introspection_c.h\n'}
[3.778617] (robomaster_msgs) StdoutLine: {'line': b'-- Up-to-date: /home/cricchetto/Robomaster_WS/install/robomaster_msgs/include/robomaster_msgs/robomaster_msgs/action/detail/recenter_gimbal__type_support.c\n'}
[3.780104] (robomaster_msgs) StdoutLine: {'line': b'-- Up-to-date: /home/cricchetto/Robomaster_WS/install/robomaster_msgs/include/robomaster_msgs/robomaster_msgs/action/detail/move__rosidl_typesupport_introspection_c.h\n'}
[3.781518] (robomaster_msgs) StdoutLine: {'line': b'-- Up-to-date: /home/cricchetto/Robomaster_WS/install/robomaster_msgs/include/robomaster_msgs/robomaster_msgs/msg\n'}
[3.782843] (robomaster_msgs) StdoutLine: {'line': b'-- Up-to-date: /home/cricchetto/Robomaster_WS/install/robomaster_msgs/include/robomaster_msgs/robomaster_msgs/msg/detail\n'}
[3.783848] (robomaster_msgs) StdoutLine: {'line': b'-- Up-to-date: /home/cricchetto/Robomaster_WS/install/robomaster_msgs/include/robomaster_msgs/robomaster_msgs/msg/detail/mode__rosidl_typesupport_introspection_c.h\n'}
[3.785156] (robomaster_msgs) StdoutLine: {'line': b'-- Up-to-date: /home/cricchetto/Robomaster_WS/install/robomaster_msgs/include/robomaster_msgs/robomaster_msgs/msg/detail/h264_packet__type_support.c\n'}
[3.786596] (robomaster_msgs) StdoutLine: {'line': b'-- Up-to-date: /home/cricchetto/Robomaster_WS/install/robomaster_msgs/include/robomaster_msgs/robomaster_msgs/msg/detail/serial__type_support.c\n'}
[3.787869] (robomaster_msgs) StdoutLine: {'line': b'-- Up-to-date: /home/cricchetto/Robomaster_WS/install/robomaster_msgs/include/robomaster_msgs/robomaster_msgs/msg/detail/detection__rosidl_typesupport_introspection_c.h\n'}
[3.789041] (robomaster_msgs) StdoutLine: {'line': b'-- Up-to-date: /home/cricchetto/Robomaster_WS/install/robomaster_msgs/include/robomaster_msgs/robomaster_msgs/msg/detail/camera_config__type_support.c\n'}
[3.790409] (robomaster_msgs) StdoutLine: {'line': b'-- Up-to-date: /home/cricchetto/Robomaster_WS/install/robomaster_msgs/include/robomaster_msgs/robomaster_msgs/msg/detail/speaker_command__type_support.c\n'}
[3.791635] (robomaster_msgs) StdoutLine: {'line': b'-- Up-to-date: /home/cricchetto/Robomaster_WS/install/robomaster_msgs/include/robomaster_msgs/robomaster_msgs/msg/detail/detected_marker__type_support.c\n'}
[3.792986] (robomaster_msgs) StdoutLine: {'line': b'-- Up-to-date: /home/cricchetto/Robomaster_WS/install/robomaster_msgs/include/robomaster_msgs/robomaster_msgs/msg/detail/detected_person__type_support.c\n'}
[3.793697] (robomaster_msgs) StdoutLine: {'line': b'-- Up-to-date: /home/cricchetto/Robomaster_WS/install/robomaster_msgs/include/robomaster_msgs/robomaster_msgs/msg/detail/detected_marker__rosidl_typesupport_introspection_c.h\n'}
[3.794504] (robomaster_msgs) StdoutLine: {'line': b'-- Up-to-date: /home/cricchetto/Robomaster_WS/install/robomaster_msgs/include/robomaster_msgs/robomaster_msgs/msg/detail/s_bus__type_support.c\n'}
[3.795488] (robomaster_msgs) StdoutLine: {'line': b'-- Up-to-date: /home/cricchetto/Robomaster_WS/install/robomaster_msgs/include/robomaster_msgs/robomaster_msgs/msg/detail/gripper_state__rosidl_typesupport_introspection_c.h\n'}
[3.796718] (robomaster_msgs) StdoutLine: {'line': b'-- Up-to-date: /home/cricchetto/Robomaster_WS/install/robomaster_msgs/include/robomaster_msgs/robomaster_msgs/msg/detail/servo_raw_state__type_support.c\n'}
[3.797908] (robomaster_msgs) StdoutLine: {'line': b'-- Up-to-date: /home/cricchetto/Robomaster_WS/install/robomaster_msgs/include/robomaster_msgs/robomaster_msgs/msg/detail/region_of_interest__rosidl_typesupport_introspection_c.h\n'}
[3.798830] (robomaster_msgs) StdoutLine: {'line': b'-- Up-to-date: /home/cricchetto/Robomaster_WS/install/robomaster_msgs/include/robomaster_msgs/robomaster_msgs/msg/detail/servo_command__type_support.c\n'}
[3.799645] (robomaster_msgs) StdoutLine: {'line': b'-- Up-to-date: /home/cricchetto/Robomaster_WS/install/robomaster_msgs/include/robomaster_msgs/robomaster_msgs/msg/detail/audio_level__rosidl_typesupport_introspection_c.h\n'}
[3.800204] (robomaster_msgs) StdoutLine: {'line': b'-- Up-to-date: /home/cricchetto/Robomaster_WS/install/robomaster_msgs/include/robomaster_msgs/robomaster_msgs/msg/detail/detected_gesture__type_support.c\n'}
[3.800632] (robomaster_msgs) StdoutLine: {'line': b'-- Up-to-date: /home/cricchetto/Robomaster_WS/install/robomaster_msgs/include/robomaster_msgs/robomaster_msgs/msg/detail/detected_person__rosidl_typesupport_introspection_c.h\n'}
[3.801132] (robomaster_msgs) StdoutLine: {'line': b'-- Up-to-date: /home/cricchetto/Robomaster_WS/install/robomaster_msgs/include/robomaster_msgs/robomaster_msgs/msg/detail/camera_config__rosidl_typesupport_introspection_c.h\n'}
[3.802469] (robomaster_msgs) StdoutLine: {'line': b'-- Up-to-date: /home/cricchetto/Robomaster_WS/install/robomaster_msgs/include/robomaster_msgs/robomaster_msgs/msg/detail/chassis_status__type_support.c\n'}
[3.803104] (robomaster_msgs) StdoutLine: {'line': b'-- Up-to-date: /home/cricchetto/Robomaster_WS/install/robomaster_msgs/include/robomaster_msgs/robomaster_msgs/msg/detail/region_of_interest__type_support.c\n'}
[3.804241] (robomaster_msgs) StdoutLine: {'line': b'-- Up-to-date: /home/cricchetto/Robomaster_WS/install/robomaster_msgs/include/robomaster_msgs/robomaster_msgs/msg/detail/chassis_status__rosidl_typesupport_introspection_c.h\n'}
[3.804921] (robomaster_msgs) StdoutLine: {'line': b'-- Up-to-date: /home/cricchetto/Robomaster_WS/install/robomaster_msgs/include/robomaster_msgs/robomaster_msgs/msg/detail/pwm__rosidl_typesupport_introspection_c.h\n'}
[3.805386] (robomaster_msgs) StdoutLine: {'line': b'-- Up-to-date: /home/cricchetto/Robomaster_WS/install/robomaster_msgs/include/robomaster_msgs/robomaster_msgs/msg/detail/detected_robot__type_support.c\n'}
[3.805819] (robomaster_msgs) StdoutLine: {'line': b'-- Up-to-date: /home/cricchetto/Robomaster_WS/install/robomaster_msgs/include/robomaster_msgs/robomaster_msgs/msg/detail/audio_level__type_support.c\n'}
[3.806227] (robomaster_msgs) StdoutLine: {'line': b'-- Up-to-date: /home/cricchetto/Robomaster_WS/install/robomaster_msgs/include/robomaster_msgs/robomaster_msgs/msg/detail/speaker_command__rosidl_typesupport_introspection_c.h\n'}
[3.806732] (robomaster_msgs) StdoutLine: {'line': b'-- Up-to-date: /home/cricchetto/Robomaster_WS/install/robomaster_msgs/include/robomaster_msgs/robomaster_msgs/msg/detail/h264_packet__rosidl_typesupport_introspection_c.h\n'}
[3.807845] (robomaster_msgs) StdoutLine: {'line': b'-- Up-to-date: /home/cricchetto/Robomaster_WS/install/robomaster_msgs/include/robomaster_msgs/robomaster_msgs/msg/detail/detection__type_support.c\n'}
[3.808334] (robomaster_msgs) StdoutLine: {'line': b'-- Up-to-date: /home/cricchetto/Robomaster_WS/install/robomaster_msgs/include/robomaster_msgs/robomaster_msgs/msg/detail/blaster_led__type_support.c\n'}
[3.809250] (robomaster_msgs) StdoutLine: {'line': b'-- Up-to-date: /home/cricchetto/Robomaster_WS/install/robomaster_msgs/include/robomaster_msgs/robomaster_msgs/msg/detail/audio_opus__type_support.c\n'}
[3.810256] (robomaster_msgs) StdoutLine: {'line': b'-- Up-to-date: /home/cricchetto/Robomaster_WS/install/robomaster_msgs/include/robomaster_msgs/robomaster_msgs/msg/detail/led_effect__type_support.c\n'}
[3.812237] (robomaster_msgs) StdoutLine: {'line': b'-- Up-to-date: /home/cricchetto/Robomaster_WS/install/robomaster_msgs/include/robomaster_msgs/robomaster_msgs/msg/detail/wheel_speeds__rosidl_typesupport_introspection_c.h\n'}
[3.816174] (robomaster_msgs) StdoutLine: {'line': b'-- Up-to-date: /home/cricchetto/Robomaster_WS/install/robomaster_msgs/include/robomaster_msgs/robomaster_msgs/msg/detail/pwm__type_support.c\n'}
[3.817724] (robomaster_msgs) StdoutLine: {'line': b'-- Up-to-date: /home/cricchetto/Robomaster_WS/install/robomaster_msgs/include/robomaster_msgs/robomaster_msgs/msg/detail/s_bus__rosidl_typesupport_introspection_c.h\n'}
[3.819122] (robomaster_msgs) StdoutLine: {'line': b'-- Up-to-date: /home/cricchetto/Robomaster_WS/install/robomaster_msgs/include/robomaster_msgs/robomaster_msgs/msg/detail/armor_hit__type_support.c\n'}
[3.820262] (robomaster_msgs) StdoutLine: {'line': b'-- Up-to-date: /home/cricchetto/Robomaster_WS/install/robomaster_msgs/include/robomaster_msgs/robomaster_msgs/msg/detail/detected_line__type_support.c\n'}
[3.821234] (robomaster_msgs) StdoutLine: {'line': b'-- Up-to-date: /home/cricchetto/Robomaster_WS/install/robomaster_msgs/include/robomaster_msgs/robomaster_msgs/msg/detail/serial__rosidl_typesupport_introspection_c.h\n'}
[3.822409] (robomaster_msgs) StdoutLine: {'line': b'-- Up-to-date: /home/cricchetto/Robomaster_WS/install/robomaster_msgs/include/robomaster_msgs/robomaster_msgs/msg/detail/sensor_adapter__rosidl_typesupport_introspection_c.h\n'}
[3.823752] (robomaster_msgs) StdoutLine: {'line': b'-- Up-to-date: /home/cricchetto/Robomaster_WS/install/robomaster_msgs/include/robomaster_msgs/robomaster_msgs/msg/detail/detected_robot__rosidl_typesupport_introspection_c.h\n'}
[3.824848] (robomaster_msgs) StdoutLine: {'line': b'-- Up-to-date: /home/cricchetto/Robomaster_WS/install/robomaster_msgs/include/robomaster_msgs/robomaster_msgs/msg/detail/audio_opus__rosidl_typesupport_introspection_c.h\n'}
[3.826103] (robomaster_msgs) StdoutLine: {'line': b'-- Up-to-date: /home/cricchetto/Robomaster_WS/install/robomaster_msgs/include/robomaster_msgs/robomaster_msgs/msg/detail/wheel_speeds__type_support.c\n'}
[3.827320] (robomaster_msgs) StdoutLine: {'line': b'-- Up-to-date: /home/cricchetto/Robomaster_WS/install/robomaster_msgs/include/robomaster_msgs/robomaster_msgs/msg/detail/mode__type_support.c\n'}
[3.828498] (robomaster_msgs) StdoutLine: {'line': b'-- Up-to-date: /home/cricchetto/Robomaster_WS/install/robomaster_msgs/include/robomaster_msgs/robomaster_msgs/msg/detail/servo_raw_state__rosidl_typesupport_introspection_c.h\n'}
[3.829717] (robomaster_msgs) StdoutLine: {'line': b'-- Up-to-date: /home/cricchetto/Robomaster_WS/install/robomaster_msgs/include/robomaster_msgs/robomaster_msgs/msg/detail/gripper_state__type_support.c\n'}
[3.830946] (robomaster_msgs) StdoutLine: {'line': b'-- Up-to-date: /home/cricchetto/Robomaster_WS/install/robomaster_msgs/include/robomaster_msgs/robomaster_msgs/msg/detail/blaster_led__rosidl_typesupport_introspection_c.h\n'}
[3.831968] (robomaster_msgs) StdoutLine: {'line': b'-- Up-to-date: /home/cricchetto/Robomaster_WS/install/robomaster_msgs/include/robomaster_msgs/robomaster_msgs/msg/detail/audio_data__type_support.c\n'}
[3.833285] (robomaster_msgs) StdoutLine: {'line': b'-- Up-to-date: /home/cricchetto/Robomaster_WS/install/robomaster_msgs/include/robomaster_msgs/robomaster_msgs/msg/detail/armor_hit__rosidl_typesupport_introspection_c.h\n'}
[3.834863] (robomaster_msgs) StdoutLine: {'line': b'-- Up-to-date: /home/cricchetto/Robomaster_WS/install/robomaster_msgs/include/robomaster_msgs/robomaster_msgs/msg/detail/sensor_adapter__type_support.c\n'}
[3.835485] (robomaster_msgs) StdoutLine: {'line': b'-- Up-to-date: /home/cricchetto/Robomaster_WS/install/robomaster_msgs/include/robomaster_msgs/robomaster_msgs/msg/detail/servo_command__rosidl_typesupport_introspection_c.h\n'}
[3.836532] (robomaster_msgs) StdoutLine: {'line': b'-- Up-to-date: /home/cricchetto/Robomaster_WS/install/robomaster_msgs/include/robomaster_msgs/robomaster_msgs/msg/detail/audio_data__rosidl_typesupport_introspection_c.h\n'}
[3.837435] (robomaster_msgs) StdoutLine: {'line': b'-- Up-to-date: /home/cricchetto/Robomaster_WS/install/robomaster_msgs/include/robomaster_msgs/robomaster_msgs/msg/detail/led_effect__rosidl_typesupport_introspection_c.h\n'}
[3.838628] (robomaster_msgs) StdoutLine: {'line': b'-- Up-to-date: /home/cricchetto/Robomaster_WS/install/robomaster_msgs/include/robomaster_msgs/robomaster_msgs/msg/detail/gimbal_command__type_support.c\n'}
[3.839723] (robomaster_msgs) StdoutLine: {'line': b'-- Up-to-date: /home/cricchetto/Robomaster_WS/install/robomaster_msgs/include/robomaster_msgs/robomaster_msgs/msg/detail/detected_line__rosidl_typesupport_introspection_c.h\n'}
[3.840773] (robomaster_msgs) StdoutLine: {'line': b'-- Up-to-date: /home/cricchetto/Robomaster_WS/install/robomaster_msgs/include/robomaster_msgs/robomaster_msgs/msg/detail/gimbal_command__rosidl_typesupport_introspection_c.h\n'}
[3.841746] (robomaster_msgs) StdoutLine: {'line': b'-- Up-to-date: /home/cricchetto/Robomaster_WS/install/robomaster_msgs/include/robomaster_msgs/robomaster_msgs/msg/detail/detected_gesture__rosidl_typesupport_introspection_c.h\n'}
[3.842862] (robomaster_msgs) StdoutLine: {'line': b'-- Up-to-date: /home/cricchetto/Robomaster_WS/install/robomaster_msgs/include/robomaster_msgs/robomaster_msgs/msg/rosidl_typesupport_introspection_c__visibility_control.h\n'}
[3.844471] (-) TimerEvent: {}
[3.847373] (robomaster_msgs) StdoutLine: {'line': b'-- Up-to-date: /home/cricchetto/Robomaster_WS/install/robomaster_msgs/include/robomaster_msgs/robomaster_msgs/srv\n'}
[3.851338] (robomaster_msgs) StdoutLine: {'line': b'-- Up-to-date: /home/cricchetto/Robomaster_WS/install/robomaster_msgs/include/robomaster_msgs/robomaster_msgs/srv/detail\n'}
[3.854143] (robomaster_msgs) StdoutLine: {'line': b'-- Up-to-date: /home/cricchetto/Robomaster_WS/install/robomaster_msgs/include/robomaster_msgs/robomaster_msgs/srv/detail/get_adc__rosidl_typesupport_introspection_c.h\n'}
[3.856737] (robomaster_msgs) StdoutLine: {'line': b'-- Up-to-date: /home/cricchetto/Robomaster_WS/install/robomaster_msgs/include/robomaster_msgs/robomaster_msgs/srv/detail/get_servo_angle__type_support.c\n'}
[3.859590] (robomaster_msgs) StdoutLine: {'line': b'-- Up-to-date: /home/cricchetto/Robomaster_WS/install/robomaster_msgs/include/robomaster_msgs/robomaster_msgs/srv/detail/get_servo_angle__rosidl_typesupport_introspection_c.h\n'}
[3.861896] (robomaster_msgs) StdoutLine: {'line': b'-- Up-to-date: /home/cricchetto/Robomaster_WS/install/robomaster_msgs/include/robomaster_msgs/robomaster_msgs/srv/detail/get_pulse__type_support.c\n'}
[3.864518] (robomaster_msgs) StdoutLine: {'line': b'-- Up-to-date: /home/cricchetto/Robomaster_WS/install/robomaster_msgs/include/robomaster_msgs/robomaster_msgs/srv/detail/get_io__type_support.c\n'}
[3.866756] (robomaster_msgs) StdoutLine: {'line': b'-- Up-to-date: /home/cricchetto/Robomaster_WS/install/robomaster_msgs/include/robomaster_msgs/robomaster_msgs/srv/detail/get_pulse__rosidl_typesupport_introspection_c.h\n'}
[3.869336] (robomaster_msgs) StdoutLine: {'line': b'-- Up-to-date: /home/cricchetto/Robomaster_WS/install/robomaster_msgs/include/robomaster_msgs/robomaster_msgs/srv/detail/get_adc__type_support.c\n'}
[3.871229] (robomaster_msgs) StdoutLine: {'line': b'-- Up-to-date: /home/cricchetto/Robomaster_WS/install/robomaster_msgs/include/robomaster_msgs/robomaster_msgs/srv/detail/get_io__rosidl_typesupport_introspection_c.h\n'}
[3.872943] (robomaster_msgs) StdoutLine: {'line': b'-- Up-to-date: /home/cricchetto/Robomaster_WS/install/robomaster_msgs/lib/librobomaster_msgs__rosidl_typesupport_introspection_c.so\n'}
[3.874303] (robomaster_msgs) StdoutLine: {'line': b'-- Up-to-date: /home/cricchetto/Robomaster_WS/install/robomaster_msgs/lib/librobomaster_msgs__rosidl_typesupport_c.so\n'}
[3.875463] (robomaster_msgs) StdoutLine: {'line': b'-- Up-to-date: /home/cricchetto/Robomaster_WS/install/robomaster_msgs/include/robomaster_msgs/robomaster_msgs\n'}
[3.876530] (robomaster_msgs) StdoutLine: {'line': b'-- Up-to-date: /home/cricchetto/Robomaster_WS/install/robomaster_msgs/include/robomaster_msgs/robomaster_msgs/action\n'}
[3.877665] (robomaster_msgs) StdoutLine: {'line': b'-- Up-to-date: /home/cricchetto/Robomaster_WS/install/robomaster_msgs/include/robomaster_msgs/robomaster_msgs/action/move_arm.hpp\n'}
[3.878916] (robomaster_msgs) StdoutLine: {'line': b'-- Up-to-date: /home/cricchetto/Robomaster_WS/install/robomaster_msgs/include/robomaster_msgs/robomaster_msgs/action/move.hpp\n'}
[3.880159] (robomaster_msgs) StdoutLine: {'line': b'-- Up-to-date: /home/cricchetto/Robomaster_WS/install/robomaster_msgs/include/robomaster_msgs/robomaster_msgs/action/play_sound.hpp\n'}
[3.881212] (robomaster_msgs) StdoutLine: {'line': b'-- Up-to-date: /home/cricchetto/Robomaster_WS/install/robomaster_msgs/include/robomaster_msgs/robomaster_msgs/action/gripper_control.hpp\n'}
[3.882380] (robomaster_msgs) StdoutLine: {'line': b'-- Up-to-date: /home/cricchetto/Robomaster_WS/install/robomaster_msgs/include/robomaster_msgs/robomaster_msgs/action/recenter_gimbal.hpp\n'}
[3.884269] (robomaster_msgs) StdoutLine: {'line': b'-- Up-to-date: /home/cricchetto/Robomaster_WS/install/robomaster_msgs/include/robomaster_msgs/robomaster_msgs/action/move_servo.hpp\n'}
[3.885443] (robomaster_msgs) StdoutLine: {'line': b'-- Up-to-date: /home/cricchetto/Robomaster_WS/install/robomaster_msgs/include/robomaster_msgs/robomaster_msgs/action/detail\n'}
[3.890194] (robomaster_msgs) StdoutLine: {'line': b'-- Up-to-date: /home/cricchetto/Robomaster_WS/install/robomaster_msgs/include/robomaster_msgs/robomaster_msgs/action/detail/play_sound__struct.hpp\n'}
[3.893148] (robomaster_msgs) StdoutLine: {'line': b'-- Up-to-date: /home/cricchetto/Robomaster_WS/install/robomaster_msgs/include/robomaster_msgs/robomaster_msgs/action/detail/recenter_gimbal__traits.hpp\n'}
[3.895154] (robomaster_msgs) StdoutLine: {'line': b'-- Up-to-date: /home/cricchetto/Robomaster_WS/install/robomaster_msgs/include/robomaster_msgs/robomaster_msgs/action/detail/move_arm__type_support.hpp\n'}
[3.896957] (robomaster_msgs) StdoutLine: {'line': b'-- Up-to-date: /home/cricchetto/Robomaster_WS/install/robomaster_msgs/include/robomaster_msgs/robomaster_msgs/action/detail/gripper_control__type_support.hpp\n'}
[3.899565] (robomaster_msgs) StdoutLine: {'line': b'-- Up-to-date: /home/cricchetto/Robomaster_WS/install/robomaster_msgs/include/robomaster_msgs/robomaster_msgs/action/detail/move_servo__struct.hpp\n'}
[3.902348] (robomaster_msgs) StdoutLine: {'line': b'-- Up-to-date: /home/cricchetto/Robomaster_WS/install/robomaster_msgs/include/robomaster_msgs/robomaster_msgs/action/detail/move__struct.hpp\n'}
[3.903427] (robomaster_msgs) StdoutLine: {'line': b'-- Up-to-date: /home/cricchetto/Robomaster_WS/install/robomaster_msgs/include/robomaster_msgs/robomaster_msgs/action/detail/move__type_support.hpp\n'}
[3.905303] (robomaster_msgs) StdoutLine: {'line': b'-- Up-to-date: /home/cricchetto/Robomaster_WS/install/robomaster_msgs/include/robomaster_msgs/robomaster_msgs/action/detail/play_sound__traits.hpp\n'}
[3.906485] (robomaster_msgs) StdoutLine: {'line': b'-- Up-to-date: /home/cricchetto/Robomaster_WS/install/robomaster_msgs/include/robomaster_msgs/robomaster_msgs/action/detail/move_servo__type_support.hpp\n'}
[3.907496] (robomaster_msgs) StdoutLine: {'line': b'-- Up-to-date: /home/cricchetto/Robomaster_WS/install/robomaster_msgs/include/robomaster_msgs/robomaster_msgs/action/detail/move_arm__struct.hpp\n'}
[3.907963] (robomaster_msgs) StdoutLine: {'line': b'-- Up-to-date: /home/cricchetto/Robomaster_WS/install/robomaster_msgs/include/robomaster_msgs/robomaster_msgs/action/detail/recenter_gimbal__type_support.hpp\n'}
[3.908382] (robomaster_msgs) StdoutLine: {'line': b'-- Up-to-date: /home/cricchetto/Robomaster_WS/install/robomaster_msgs/include/robomaster_msgs/robomaster_msgs/action/detail/recenter_gimbal__builder.hpp\n'}
[3.909385] (robomaster_msgs) StdoutLine: {'line': b'-- Up-to-date: /home/cricchetto/Robomaster_WS/install/robomaster_msgs/include/robomaster_msgs/robomaster_msgs/action/detail/move_arm__traits.hpp\n'}
[3.911540] (robomaster_msgs) StdoutLine: {'line': b'-- Up-to-date: /home/cricchetto/Robomaster_WS/install/robomaster_msgs/include/robomaster_msgs/robomaster_msgs/action/detail/move_gimbal__struct.hpp\n'}
[3.914872] (robomaster_msgs) StdoutLine: {'line': b'-- Up-to-date: /home/cricchetto/Robomaster_WS/install/robomaster_msgs/include/robomaster_msgs/robomaster_msgs/action/detail/move_gimbal__builder.hpp\n'}
[3.917182] (robomaster_msgs) StdoutLine: {'line': b'-- Up-to-date: /home/cricchetto/Robomaster_WS/install/robomaster_msgs/include/robomaster_msgs/robomaster_msgs/action/detail/play_sound__type_support.hpp\n'}
[3.919057] (robomaster_msgs) StdoutLine: {'line': b'-- Up-to-date: /home/cricchetto/Robomaster_WS/install/robomaster_msgs/include/robomaster_msgs/robomaster_msgs/action/detail/play_sound__builder.hpp\n'}
[3.919731] (robomaster_msgs) StdoutLine: {'line': b'-- Up-to-date: /home/cricchetto/Robomaster_WS/install/robomaster_msgs/include/robomaster_msgs/robomaster_msgs/action/detail/move__builder.hpp\n'}
[3.920121] (robomaster_msgs) StdoutLine: {'line': b'-- Up-to-date: /home/cricchetto/Robomaster_WS/install/robomaster_msgs/include/robomaster_msgs/robomaster_msgs/action/detail/recenter_gimbal__struct.hpp\n'}
[3.920525] (robomaster_msgs) StdoutLine: {'line': b'-- Up-to-date: /home/cricchetto/Robomaster_WS/install/robomaster_msgs/include/robomaster_msgs/robomaster_msgs/action/detail/move_arm__builder.hpp\n'}
[3.920895] (robomaster_msgs) StdoutLine: {'line': b'-- Up-to-date: /home/cricchetto/Robomaster_WS/install/robomaster_msgs/include/robomaster_msgs/robomaster_msgs/action/detail/move_gimbal__traits.hpp\n'}
[3.921385] (robomaster_msgs) StdoutLine: {'line': b'-- Up-to-date: /home/cricchetto/Robomaster_WS/install/robomaster_msgs/include/robomaster_msgs/robomaster_msgs/action/detail/gripper_control__struct.hpp\n'}
[3.921888] (robomaster_msgs) StdoutLine: {'line': b'-- Up-to-date: /home/cricchetto/Robomaster_WS/install/robomaster_msgs/include/robomaster_msgs/robomaster_msgs/action/detail/move_gimbal__type_support.hpp\n'}
[3.922250] (robomaster_msgs) StdoutLine: {'line': b'-- Up-to-date: /home/cricchetto/Robomaster_WS/install/robomaster_msgs/include/robomaster_msgs/robomaster_msgs/action/detail/move__traits.hpp\n'}
[3.922722] (robomaster_msgs) StdoutLine: {'line': b'-- Up-to-date: /home/cricchetto/Robomaster_WS/install/robomaster_msgs/include/robomaster_msgs/robomaster_msgs/action/detail/move_servo__traits.hpp\n'}
[3.925381] (robomaster_msgs) StdoutLine: {'line': b'-- Up-to-date: /home/cricchetto/Robomaster_WS/install/robomaster_msgs/include/robomaster_msgs/robomaster_msgs/action/detail/move_servo__builder.hpp\n'}
[3.926179] (robomaster_msgs) StdoutLine: {'line': b'-- Up-to-date: /home/cricchetto/Robomaster_WS/install/robomaster_msgs/include/robomaster_msgs/robomaster_msgs/action/detail/gripper_control__builder.hpp\n'}
[3.927446] (robomaster_msgs) StdoutLine: {'line': b'-- Up-to-date: /home/cricchetto/Robomaster_WS/install/robomaster_msgs/include/robomaster_msgs/robomaster_msgs/action/detail/gripper_control__traits.hpp\n'}
[3.928802] (robomaster_msgs) StdoutLine: {'line': b'-- Up-to-date: /home/cricchetto/Robomaster_WS/install/robomaster_msgs/include/robomaster_msgs/robomaster_msgs/action/move_gimbal.hpp\n'}
[3.930148] (robomaster_msgs) StdoutLine: {'line': b'-- Up-to-date: /home/cricchetto/Robomaster_WS/install/robomaster_msgs/include/robomaster_msgs/robomaster_msgs/msg\n'}
[3.931377] (robomaster_msgs) StdoutLine: {'line': b'-- Up-to-date: /home/cricchetto/Robomaster_WS/install/robomaster_msgs/include/robomaster_msgs/robomaster_msgs/msg/detected_marker.hpp\n'}
[3.932903] (robomaster_msgs) StdoutLine: {'line': b'-- Up-to-date: /home/cricchetto/Robomaster_WS/install/robomaster_msgs/include/robomaster_msgs/robomaster_msgs/msg/region_of_interest.hpp\n'}
[3.933647] (robomaster_msgs) StdoutLine: {'line': b'-- Up-to-date: /home/cricchetto/Robomaster_WS/install/robomaster_msgs/include/robomaster_msgs/robomaster_msgs/msg/h264_packet.hpp\n'}
[3.934280] (robomaster_msgs) StdoutLine: {'line': b'-- Up-to-date: /home/cricchetto/Robomaster_WS/install/robomaster_msgs/include/robomaster_msgs/robomaster_msgs/msg/servo_raw_state.hpp\n'}
[3.936108] (robomaster_msgs) StdoutLine: {'line': b'-- Up-to-date: /home/cricchetto/Robomaster_WS/install/robomaster_msgs/include/robomaster_msgs/robomaster_msgs/msg/mode.hpp\n'}
[3.937176] (robomaster_msgs) StdoutLine: {'line': b'-- Up-to-date: /home/cricchetto/Robomaster_WS/install/robomaster_msgs/include/robomaster_msgs/robomaster_msgs/msg/audio_opus.hpp\n'}
[3.938074] (robomaster_msgs) StdoutLine: {'line': b'-- Up-to-date: /home/cricchetto/Robomaster_WS/install/robomaster_msgs/include/robomaster_msgs/robomaster_msgs/msg/gimbal_command.hpp\n'}
[3.939693] (robomaster_msgs) StdoutLine: {'line': b'-- Up-to-date: /home/cricchetto/Robomaster_WS/install/robomaster_msgs/include/robomaster_msgs/robomaster_msgs/msg/sensor_adapter.hpp\n'}
[3.940474] (robomaster_msgs) StdoutLine: {'line': b'-- Up-to-date: /home/cricchetto/Robomaster_WS/install/robomaster_msgs/include/robomaster_msgs/robomaster_msgs/msg/pwm.hpp\n'}
[3.941063] (robomaster_msgs) StdoutLine: {'line': b'-- Up-to-date: /home/cricchetto/Robomaster_WS/install/robomaster_msgs/include/robomaster_msgs/robomaster_msgs/msg/s_bus.hpp\n'}
[3.941692] (robomaster_msgs) StdoutLine: {'line': b'-- Up-to-date: /home/cricchetto/Robomaster_WS/install/robomaster_msgs/include/robomaster_msgs/robomaster_msgs/msg/detected_line.hpp\n'}
[3.942236] (robomaster_msgs) StdoutLine: {'line': b'-- Up-to-date: /home/cricchetto/Robomaster_WS/install/robomaster_msgs/include/robomaster_msgs/robomaster_msgs/msg/chassis_status.hpp\n'}
[3.942796] (robomaster_msgs) StdoutLine: {'line': b'-- Up-to-date: /home/cricchetto/Robomaster_WS/install/robomaster_msgs/include/robomaster_msgs/robomaster_msgs/msg/led_effect.hpp\n'}
[3.943341] (robomaster_msgs) StdoutLine: {'line': b'-- Up-to-date: /home/cricchetto/Robomaster_WS/install/robomaster_msgs/include/robomaster_msgs/robomaster_msgs/msg/detected_person.hpp\n'}
[3.944079] (robomaster_msgs) StdoutLine: {'line': b'-- Up-to-date: /home/cricchetto/Robomaster_WS/install/robomaster_msgs/include/robomaster_msgs/robomaster_msgs/msg/wheel_speeds.hpp\n'}
[3.944621] (-) TimerEvent: {}
[3.946168] (robomaster_msgs) StdoutLine: {'line': b'-- Up-to-date: /home/cricchetto/Robomaster_WS/install/robomaster_msgs/include/robomaster_msgs/robomaster_msgs/msg/detected_gesture.hpp\n'}
[3.946870] (robomaster_msgs) StdoutLine: {'line': b'-- Up-to-date: /home/cricchetto/Robomaster_WS/install/robomaster_msgs/include/robomaster_msgs/robomaster_msgs/msg/detected_robot.hpp\n'}
[3.947458] (robomaster_msgs) StdoutLine: {'line': b'-- Up-to-date: /home/cricchetto/Robomaster_WS/install/robomaster_msgs/include/robomaster_msgs/robomaster_msgs/msg/speaker_command.hpp\n'}
[3.947967] (robomaster_msgs) StdoutLine: {'line': b'-- Up-to-date: /home/cricchetto/Robomaster_WS/install/robomaster_msgs/include/robomaster_msgs/robomaster_msgs/msg/serial.hpp\n'}
[3.948415] (robomaster_msgs) StdoutLine: {'line': b'-- Up-to-date: /home/cricchetto/Robomaster_WS/install/robomaster_msgs/include/robomaster_msgs/robomaster_msgs/msg/audio_level.hpp\n'}
[3.949219] (robomaster_msgs) StdoutLine: {'line': b'-- Up-to-date: /home/cricchetto/Robomaster_WS/install/robomaster_msgs/include/robomaster_msgs/robomaster_msgs/msg/armor_hit.hpp\n'}
[3.950294] (robomaster_msgs) StdoutLine: {'line': b'-- Up-to-date: /home/cricchetto/Robomaster_WS/install/robomaster_msgs/include/robomaster_msgs/robomaster_msgs/msg/gripper_state.hpp\n'}
[3.951549] (robomaster_msgs) StdoutLine: {'line': b'-- Up-to-date: /home/cricchetto/Robomaster_WS/install/robomaster_msgs/include/robomaster_msgs/robomaster_msgs/msg/audio_data.hpp\n'}
[3.952927] (robomaster_msgs) StdoutLine: {'line': b'-- Up-to-date: /home/cricchetto/Robomaster_WS/install/robomaster_msgs/include/robomaster_msgs/robomaster_msgs/msg/detail\n'}
[3.953840] (robomaster_msgs) StdoutLine: {'line': b'-- Up-to-date: /home/cricchetto/Robomaster_WS/install/robomaster_msgs/include/robomaster_msgs/robomaster_msgs/msg/detail/audio_data__traits.hpp\n'}
[3.954548] (robomaster_msgs) StdoutLine: {'line': b'-- Up-to-date: /home/cricchetto/Robomaster_WS/install/robomaster_msgs/include/robomaster_msgs/robomaster_msgs/msg/detail/mode__traits.hpp\n'}
[3.955183] (robomaster_msgs) StdoutLine: {'line': b'-- Up-to-date: /home/cricchetto/Robomaster_WS/install/robomaster_msgs/include/robomaster_msgs/robomaster_msgs/msg/detail/serial__struct.hpp\n'}
[3.955989] (robomaster_msgs) StdoutLine: {'line': b'-- Up-to-date: /home/cricchetto/Robomaster_WS/install/robomaster_msgs/include/robomaster_msgs/robomaster_msgs/msg/detail/detected_person__builder.hpp\n'}
[3.956745] (robomaster_msgs) StdoutLine: {'line': b'-- Up-to-date: /home/cricchetto/Robomaster_WS/install/robomaster_msgs/include/robomaster_msgs/robomaster_msgs/msg/detail/speaker_command__builder.hpp\n'}
[3.957522] (robomaster_msgs) StdoutLine: {'line': b'-- Up-to-date: /home/cricchetto/Robomaster_WS/install/robomaster_msgs/include/robomaster_msgs/robomaster_msgs/msg/detail/detection__struct.hpp\n'}
[3.958106] (robomaster_msgs) StdoutLine: {'line': b'-- Up-to-date: /home/cricchetto/Robomaster_WS/install/robomaster_msgs/include/robomaster_msgs/robomaster_msgs/msg/detail/detected_gesture__struct.hpp\n'}
[3.958657] (robomaster_msgs) StdoutLine: {'line': b'-- Up-to-date: /home/cricchetto/Robomaster_WS/install/robomaster_msgs/include/robomaster_msgs/robomaster_msgs/msg/detail/detected_robot__builder.hpp\n'}
[3.959190] (robomaster_msgs) StdoutLine: {'line': b'-- Up-to-date: /home/cricchetto/Robomaster_WS/install/robomaster_msgs/include/robomaster_msgs/robomaster_msgs/msg/detail/audio_level__traits.hpp\n'}
[3.959884] (robomaster_msgs) StdoutLine: {'line': b'-- Up-to-date: /home/cricchetto/Robomaster_WS/install/robomaster_msgs/include/robomaster_msgs/robomaster_msgs/msg/detail/led_effect__type_support.hpp\n'}
[3.960440] (robomaster_msgs) StdoutLine: {'line': b'-- Up-to-date: /home/cricchetto/Robomaster_WS/install/robomaster_msgs/include/robomaster_msgs/robomaster_msgs/msg/detail/chassis_status__traits.hpp\n'}
[3.961123] (robomaster_msgs) StdoutLine: {'line': b'-- Up-to-date: /home/cricchetto/Robomaster_WS/install/robomaster_msgs/include/robomaster_msgs/robomaster_msgs/msg/detail/detected_gesture__type_support.hpp\n'}
[3.961644] (robomaster_msgs) StdoutLine: {'line': b'-- Up-to-date: /home/cricchetto/Robomaster_WS/install/robomaster_msgs/include/robomaster_msgs/robomaster_msgs/msg/detail/wheel_speeds__traits.hpp\n'}
[3.962429] (robomaster_msgs) StdoutLine: {'line': b'-- Up-to-date: /home/cricchetto/Robomaster_WS/install/robomaster_msgs/include/robomaster_msgs/robomaster_msgs/msg/detail/wheel_speeds__type_support.hpp\n'}
[3.962943] (robomaster_msgs) StdoutLine: {'line': b'-- Up-to-date: /home/cricchetto/Robomaster_WS/install/robomaster_msgs/include/robomaster_msgs/robomaster_msgs/msg/detail/region_of_interest__struct.hpp\n'}
[3.963752] (robomaster_msgs) StdoutLine: {'line': b'-- Up-to-date: /home/cricchetto/Robomaster_WS/install/robomaster_msgs/include/robomaster_msgs/robomaster_msgs/msg/detail/detected_line__type_support.hpp\n'}
[3.964516] (robomaster_msgs) StdoutLine: {'line': b'-- Up-to-date: /home/cricchetto/Robomaster_WS/install/robomaster_msgs/include/robomaster_msgs/robomaster_msgs/msg/detail/serial__builder.hpp\n'}
[3.965155] (robomaster_msgs) StdoutLine: {'line': b'-- Up-to-date: /home/cricchetto/Robomaster_WS/install/robomaster_msgs/include/robomaster_msgs/robomaster_msgs/msg/detail/detected_line__traits.hpp\n'}
[3.966144] (robomaster_msgs) StdoutLine: {'line': b'-- Up-to-date: /home/cricchetto/Robomaster_WS/install/robomaster_msgs/include/robomaster_msgs/robomaster_msgs/msg/detail/detected_robot__traits.hpp\n'}
[3.966767] (robomaster_msgs) StdoutLine: {'line': b'-- Up-to-date: /home/cricchetto/Robomaster_WS/install/robomaster_msgs/include/robomaster_msgs/robomaster_msgs/msg/detail/wheel_speeds__struct.hpp\n'}
[3.967325] (robomaster_msgs) StdoutLine: {'line': b'-- Up-to-date: /home/cricchetto/Robomaster_WS/install/robomaster_msgs/include/robomaster_msgs/robomaster_msgs/msg/detail/audio_level__builder.hpp\n'}
[3.970882] (robomaster_msgs) StdoutLine: {'line': b'-- Up-to-date: /home/cricchetto/Robomaster_WS/install/robomaster_msgs/include/robomaster_msgs/robomaster_msgs/msg/detail/audio_level__type_support.hpp\n'}
[3.971709] (robomaster_msgs) StdoutLine: {'line': b'-- Up-to-date: /home/cricchetto/Robomaster_WS/install/robomaster_msgs/include/robomaster_msgs/robomaster_msgs/msg/detail/region_of_interest__type_support.hpp\n'}
[3.972521] (robomaster_msgs) StdoutLine: {'line': b'-- Up-to-date: /home/cricchetto/Robomaster_WS/install/robomaster_msgs/include/robomaster_msgs/robomaster_msgs/msg/detail/servo_command__struct.hpp\n'}
[3.973417] (robomaster_msgs) StdoutLine: {'line': b'-- Up-to-date: /home/cricchetto/Robomaster_WS/install/robomaster_msgs/include/robomaster_msgs/robomaster_msgs/msg/detail/servo_raw_state__builder.hpp\n'}
[3.974260] (robomaster_msgs) StdoutLine: {'line': b'-- Up-to-date: /home/cricchetto/Robomaster_WS/install/robomaster_msgs/include/robomaster_msgs/robomaster_msgs/msg/detail/armor_hit__struct.hpp\n'}
[3.974815] (robomaster_msgs) StdoutLine: {'line': b'-- Up-to-date: /home/cricchetto/Robomaster_WS/install/robomaster_msgs/include/robomaster_msgs/robomaster_msgs/msg/detail/sensor_adapter__type_support.hpp\n'}
[3.976079] (robomaster_msgs) StdoutLine: {'line': b'-- Up-to-date: /home/cricchetto/Robomaster_WS/install/robomaster_msgs/include/robomaster_msgs/robomaster_msgs/msg/detail/pwm__builder.hpp\n'}
[3.977498] (robomaster_msgs) StdoutLine: {'line': b'-- Up-to-date: /home/cricchetto/Robomaster_WS/install/robomaster_msgs/include/robomaster_msgs/robomaster_msgs/msg/detail/mode__struct.hpp\n'}
[3.978624] (robomaster_msgs) StdoutLine: {'line': b'-- Up-to-date: /home/cricchetto/Robomaster_WS/install/robomaster_msgs/include/robomaster_msgs/robomaster_msgs/msg/detail/speaker_command__type_support.hpp\n'}
[3.980165] (robomaster_msgs) StdoutLine: {'line': b'-- Up-to-date: /home/cricchetto/Robomaster_WS/install/robomaster_msgs/include/robomaster_msgs/robomaster_msgs/msg/detail/armor_hit__builder.hpp\n'}
[3.981367] (robomaster_msgs) StdoutLine: {'line': b'-- Up-to-date: /home/cricchetto/Robomaster_WS/install/robomaster_msgs/include/robomaster_msgs/robomaster_msgs/msg/detail/detected_gesture__builder.hpp\n'}
[3.982725] (robomaster_msgs) StdoutLine: {'line': b'-- Up-to-date: /home/cricchetto/Robomaster_WS/install/robomaster_msgs/include/robomaster_msgs/robomaster_msgs/msg/detail/audio_data__builder.hpp\n'}
[3.983542] (robomaster_msgs) StdoutLine: {'line': b'-- Up-to-date: /home/cricchetto/Robomaster_WS/install/robomaster_msgs/include/robomaster_msgs/robomaster_msgs/msg/detail/gimbal_command__traits.hpp\n'}
[3.984092] (robomaster_msgs) StdoutLine: {'line': b'-- Up-to-date: /home/cricchetto/Robomaster_WS/install/robomaster_msgs/include/robomaster_msgs/robomaster_msgs/msg/detail/gripper_state__traits.hpp\n'}
[3.985061] (robomaster_msgs) StdoutLine: {'line': b'-- Up-to-date: /home/cricchetto/Robomaster_WS/install/robomaster_msgs/include/robomaster_msgs/robomaster_msgs/msg/detail/mode__type_support.hpp\n'}
[3.986132] (robomaster_msgs) StdoutLine: {'line': b'-- Up-to-date: /home/cricchetto/Robomaster_WS/install/robomaster_msgs/include/robomaster_msgs/robomaster_msgs/msg/detail/h264_packet__struct.hpp\n'}
[3.987027] (robomaster_msgs) StdoutLine: {'line': b'-- Up-to-date: /home/cricchetto/Robomaster_WS/install/robomaster_msgs/include/robomaster_msgs/robomaster_msgs/msg/detail/sensor_adapter__builder.hpp\n'}
[3.987631] (robomaster_msgs) StdoutLine: {'line': b'-- Up-to-date: /home/cricchetto/Robomaster_WS/install/robomaster_msgs/include/robomaster_msgs/robomaster_msgs/msg/detail/audio_level__struct.hpp\n'}
[3.988101] (robomaster_msgs) StdoutLine: {'line': b'-- Up-to-date: /home/cricchetto/Robomaster_WS/install/robomaster_msgs/include/robomaster_msgs/robomaster_msgs/msg/detail/audio_opus__traits.hpp\n'}
[3.988477] (robomaster_msgs) StdoutLine: {'line': b'-- Up-to-date: /home/cricchetto/Robomaster_WS/install/robomaster_msgs/include/robomaster_msgs/robomaster_msgs/msg/detail/led_effect__struct.hpp\n'}
[3.988963] (robomaster_msgs) StdoutLine: {'line': b'-- Up-to-date: /home/cricchetto/Robomaster_WS/install/robomaster_msgs/include/robomaster_msgs/robomaster_msgs/msg/detail/detected_robot__struct.hpp\n'}
[3.989418] (robomaster_msgs) StdoutLine: {'line': b'-- Up-to-date: /home/cricchetto/Robomaster_WS/install/robomaster_msgs/include/robomaster_msgs/robomaster_msgs/msg/detail/sensor_adapter__traits.hpp\n'}
[3.989904] (robomaster_msgs) StdoutLine: {'line': b'-- Up-to-date: /home/cricchetto/Robomaster_WS/install/robomaster_msgs/include/robomaster_msgs/robomaster_msgs/msg/detail/serial__traits.hpp\n'}
[3.990583] (robomaster_msgs) StdoutLine: {'line': b'-- Up-to-date: /home/cricchetto/Robomaster_WS/install/robomaster_msgs/include/robomaster_msgs/robomaster_msgs/msg/detail/gimbal_command__builder.hpp\n'}
[3.991105] (robomaster_msgs) StdoutLine: {'line': b'-- Up-to-date: /home/cricchetto/Robomaster_WS/install/robomaster_msgs/include/robomaster_msgs/robomaster_msgs/msg/detail/audio_opus__struct.hpp\n'}
[3.991606] (robomaster_msgs) StdoutLine: {'line': b'-- Up-to-date: /home/cricchetto/Robomaster_WS/install/robomaster_msgs/include/robomaster_msgs/robomaster_msgs/msg/detail/blaster_led__type_support.hpp\n'}
[3.992063] (robomaster_msgs) StdoutLine: {'line': b'-- Up-to-date: /home/cricchetto/Robomaster_WS/install/robomaster_msgs/include/robomaster_msgs/robomaster_msgs/msg/detail/sensor_adapter__struct.hpp\n'}
[3.992457] (robomaster_msgs) StdoutLine: {'line': b'-- Up-to-date: /home/cricchetto/Robomaster_WS/install/robomaster_msgs/include/robomaster_msgs/robomaster_msgs/msg/detail/servo_raw_state__type_support.hpp\n'}
[3.992887] (robomaster_msgs) StdoutLine: {'line': b'-- Up-to-date: /home/cricchetto/Robomaster_WS/install/robomaster_msgs/include/robomaster_msgs/robomaster_msgs/msg/detail/detection__traits.hpp\n'}
[3.993458] (robomaster_msgs) StdoutLine: {'line': b'-- Up-to-date: /home/cricchetto/Robomaster_WS/install/robomaster_msgs/include/robomaster_msgs/robomaster_msgs/msg/detail/region_of_interest__traits.hpp\n'}
[3.994096] (robomaster_msgs) StdoutLine: {'line': b'-- Up-to-date: /home/cricchetto/Robomaster_WS/install/robomaster_msgs/include/robomaster_msgs/robomaster_msgs/msg/detail/servo_command__builder.hpp\n'}
[3.994527] (robomaster_msgs) StdoutLine: {'line': b'-- Up-to-date: /home/cricchetto/Robomaster_WS/install/robomaster_msgs/include/robomaster_msgs/robomaster_msgs/msg/detail/audio_data__struct.hpp\n'}
[3.995324] (robomaster_msgs) StdoutLine: {'line': b'-- Up-to-date: /home/cricchetto/Robomaster_WS/install/robomaster_msgs/include/robomaster_msgs/robomaster_msgs/msg/detail/detected_marker__traits.hpp\n'}
[3.996080] (robomaster_msgs) StdoutLine: {'line': b'-- Up-to-date: /home/cricchetto/Robomaster_WS/install/robomaster_msgs/include/robomaster_msgs/robomaster_msgs/msg/detail/h264_packet__traits.hpp\n'}
[3.997016] (robomaster_msgs) StdoutLine: {'line': b'-- Up-to-date: /home/cricchetto/Robomaster_WS/install/robomaster_msgs/include/robomaster_msgs/robomaster_msgs/msg/detail/gimbal_command__struct.hpp\n'}
[3.997990] (robomaster_msgs) StdoutLine: {'line': b'-- Up-to-date: /home/cricchetto/Robomaster_WS/install/robomaster_msgs/include/robomaster_msgs/robomaster_msgs/msg/detail/led_effect__builder.hpp\n'}
[3.998864] (robomaster_msgs) StdoutLine: {'line': b'-- Up-to-date: /home/cricchetto/Robomaster_WS/install/robomaster_msgs/include/robomaster_msgs/robomaster_msgs/msg/detail/detected_marker__type_support.hpp\n'}
[3.999582] (robomaster_msgs) StdoutLine: {'line': b'-- Up-to-date: /home/cricchetto/Robomaster_WS/install/robomaster_msgs/include/robomaster_msgs/robomaster_msgs/msg/detail/armor_hit__traits.hpp\n'}
[4.000327] (robomaster_msgs) StdoutLine: {'line': b'-- Up-to-date: /home/cricchetto/Robomaster_WS/install/robomaster_msgs/include/robomaster_msgs/robomaster_msgs/msg/detail/detection__type_support.hpp\n'}
[4.001172] (robomaster_msgs) StdoutLine: {'line': b'-- Up-to-date: /home/cricchetto/Robomaster_WS/install/robomaster_msgs/include/robomaster_msgs/robomaster_msgs/msg/detail/chassis_status__type_support.hpp\n'}
[4.001541] (robomaster_msgs) StdoutLine: {'line': b'-- Up-to-date: /home/cricchetto/Robomaster_WS/install/robomaster_msgs/include/robomaster_msgs/robomaster_msgs/msg/detail/speaker_command__struct.hpp\n'}
[4.001874] (robomaster_msgs) StdoutLine: {'line': b'-- Up-to-date: /home/cricchetto/Robomaster_WS/install/robomaster_msgs/include/robomaster_msgs/robomaster_msgs/msg/detail/blaster_led__struct.hpp\n'}
[4.002248] (robomaster_msgs) StdoutLine: {'line': b'-- Up-to-date: /home/cricchetto/Robomaster_WS/install/robomaster_msgs/include/robomaster_msgs/robomaster_msgs/msg/detail/gripper_state__type_support.hpp\n'}
[4.002636] (robomaster_msgs) StdoutLine: {'line': b'-- Up-to-date: /home/cricchetto/Robomaster_WS/install/robomaster_msgs/include/robomaster_msgs/robomaster_msgs/msg/detail/pwm__traits.hpp\n'}
[4.003066] (robomaster_msgs) StdoutLine: {'line': b'-- Up-to-date: /home/cricchetto/Robomaster_WS/install/robomaster_msgs/include/robomaster_msgs/robomaster_msgs/msg/detail/servo_raw_state__struct.hpp\n'}
[4.003633] (robomaster_msgs) StdoutLine: {'line': b'-- Up-to-date: /home/cricchetto/Robomaster_WS/install/robomaster_msgs/include/robomaster_msgs/robomaster_msgs/msg/detail/speaker_command__traits.hpp\n'}
[4.004119] (robomaster_msgs) StdoutLine: {'line': b'-- Up-to-date: /home/cricchetto/Robomaster_WS/install/robomaster_msgs/include/robomaster_msgs/robomaster_msgs/msg/detail/s_bus__builder.hpp\n'}
[4.004711] (robomaster_msgs) StdoutLine: {'line': b'-- Up-to-date: /home/cricchetto/Robomaster_WS/install/robomaster_msgs/include/robomaster_msgs/robomaster_msgs/msg/detail/audio_opus__type_support.hpp\n'}
[4.005291] (robomaster_msgs) StdoutLine: {'line': b'-- Up-to-date: /home/cricchetto/Robomaster_WS/install/robomaster_msgs/include/robomaster_msgs/robomaster_msgs/msg/detail/camera_config__type_support.hpp\n'}
[4.005739] (robomaster_msgs) StdoutLine: {'line': b'-- Up-to-date: /home/cricchetto/Robomaster_WS/install/robomaster_msgs/include/robomaster_msgs/robomaster_msgs/msg/detail/camera_config__struct.hpp\n'}
[4.006219] (robomaster_msgs) StdoutLine: {'line': b'-- Up-to-date: /home/cricchetto/Robomaster_WS/install/robomaster_msgs/include/robomaster_msgs/robomaster_msgs/msg/detail/pwm__struct.hpp\n'}
[4.006852] (robomaster_msgs) StdoutLine: {'line': b'-- Up-to-date: /home/cricchetto/Robomaster_WS/install/robomaster_msgs/include/robomaster_msgs/robomaster_msgs/msg/detail/serial__type_support.hpp\n'}
[4.007489] (robomaster_msgs) StdoutLine: {'line': b'-- Up-to-date: /home/cricchetto/Robomaster_WS/install/robomaster_msgs/include/robomaster_msgs/robomaster_msgs/msg/detail/h264_packet__type_support.hpp\n'}
[4.008063] (robomaster_msgs) StdoutLine: {'line': b'-- Up-to-date: /home/cricchetto/Robomaster_WS/install/robomaster_msgs/include/robomaster_msgs/robomaster_msgs/msg/detail/mode__builder.hpp\n'}
[4.008637] (robomaster_msgs) StdoutLine: {'line': b'-- Up-to-date: /home/cricchetto/Robomaster_WS/install/robomaster_msgs/include/robomaster_msgs/robomaster_msgs/msg/detail/detected_gesture__traits.hpp\n'}
[4.009787] (robomaster_msgs) StdoutLine: {'line': b'-- Up-to-date: /home/cricchetto/Robomaster_WS/install/robomaster_msgs/include/robomaster_msgs/robomaster_msgs/msg/detail/audio_data__type_support.hpp\n'}
[4.010540] (robomaster_msgs) StdoutLine: {'line': b'-- Up-to-date: /home/cricchetto/Robomaster_WS/install/robomaster_msgs/include/robomaster_msgs/robomaster_msgs/msg/detail/wheel_speeds__builder.hpp\n'}
[4.011353] (robomaster_msgs) StdoutLine: {'line': b'-- Up-to-date: /home/cricchetto/Robomaster_WS/install/robomaster_msgs/include/robomaster_msgs/robomaster_msgs/msg/detail/gripper_state__struct.hpp\n'}
[4.012882] (robomaster_msgs) StdoutLine: {'line': b'-- Up-to-date: /home/cricchetto/Robomaster_WS/install/robomaster_msgs/include/robomaster_msgs/robomaster_msgs/msg/detail/audio_opus__builder.hpp\n'}
[4.014255] (robomaster_msgs) StdoutLine: {'line': b'-- Up-to-date: /home/cricchetto/Robomaster_WS/install/robomaster_msgs/include/robomaster_msgs/robomaster_msgs/msg/detail/h264_packet__builder.hpp\n'}
[4.015080] (robomaster_msgs) StdoutLine: {'line': b'-- Up-to-date: /home/cricchetto/Robomaster_WS/install/robomaster_msgs/include/robomaster_msgs/robomaster_msgs/msg/detail/chassis_status__struct.hpp\n'}
[4.015612] (robomaster_msgs) StdoutLine: {'line': b'-- Up-to-date: /home/cricchetto/Robomaster_WS/install/robomaster_msgs/include/robomaster_msgs/robomaster_msgs/msg/detail/servo_raw_state__traits.hpp\n'}
[4.016475] (robomaster_msgs) StdoutLine: {'line': b'-- Up-to-date: /home/cricchetto/Robomaster_WS/install/robomaster_msgs/include/robomaster_msgs/robomaster_msgs/msg/detail/detected_marker__builder.hpp\n'}
[4.016956] (robomaster_msgs) StdoutLine: {'line': b'-- Up-to-date: /home/cricchetto/Robomaster_WS/install/robomaster_msgs/include/robomaster_msgs/robomaster_msgs/msg/detail/servo_command__traits.hpp\n'}
[4.017647] (robomaster_msgs) StdoutLine: {'line': b'-- Up-to-date: /home/cricchetto/Robomaster_WS/install/robomaster_msgs/include/robomaster_msgs/robomaster_msgs/msg/detail/blaster_led__traits.hpp\n'}
[4.018414] (robomaster_msgs) StdoutLine: {'line': b'-- Up-to-date: /home/cricchetto/Robomaster_WS/install/robomaster_msgs/include/robomaster_msgs/robomaster_msgs/msg/detail/detected_robot__type_support.hpp\n'}
[4.018817] (robomaster_msgs) StdoutLine: {'line': b'-- Up-to-date: /home/cricchetto/Robomaster_WS/install/robomaster_msgs/include/robomaster_msgs/robomaster_msgs/msg/detail/s_bus__type_support.hpp\n'}
[4.019715] (robomaster_msgs) StdoutLine: {'line': b'-- Up-to-date: /home/cricchetto/Robomaster_WS/install/robomaster_msgs/include/robomaster_msgs/robomaster_msgs/msg/detail/detected_marker__struct.hpp\n'}
[4.020208] (robomaster_msgs) StdoutLine: {'line': b'-- Up-to-date: /home/cricchetto/Robomaster_WS/install/robomaster_msgs/include/robomaster_msgs/robomaster_msgs/msg/detail/pwm__type_support.hpp\n'}
[4.020848] (robomaster_msgs) StdoutLine: {'line': b'-- Up-to-date: /home/cricchetto/Robomaster_WS/install/robomaster_msgs/include/robomaster_msgs/robomaster_msgs/msg/detail/detection__builder.hpp\n'}
[4.021523] (robomaster_msgs) StdoutLine: {'line': b'-- Up-to-date: /home/cricchetto/Robomaster_WS/install/robomaster_msgs/include/robomaster_msgs/robomaster_msgs/msg/detail/detected_line__struct.hpp\n'}
[4.022078] (robomaster_msgs) StdoutLine: {'line': b'-- Up-to-date: /home/cricchetto/Robomaster_WS/install/robomaster_msgs/include/robomaster_msgs/robomaster_msgs/msg/detail/chassis_status__builder.hpp\n'}
[4.022525] (robomaster_msgs) StdoutLine: {'line': b'-- Up-to-date: /home/cricchetto/Robomaster_WS/install/robomaster_msgs/include/robomaster_msgs/robomaster_msgs/msg/detail/armor_hit__type_support.hpp\n'}
[4.022994] (robomaster_msgs) StdoutLine: {'line': b'-- Up-to-date: /home/cricchetto/Robomaster_WS/install/robomaster_msgs/include/robomaster_msgs/robomaster_msgs/msg/detail/camera_config__builder.hpp\n'}
[4.023522] (robomaster_msgs) StdoutLine: {'line': b'-- Up-to-date: /home/cricchetto/Robomaster_WS/install/robomaster_msgs/include/robomaster_msgs/robomaster_msgs/msg/detail/servo_command__type_support.hpp\n'}
[4.023925] (robomaster_msgs) StdoutLine: {'line': b'-- Up-to-date: /home/cricchetto/Robomaster_WS/install/robomaster_msgs/include/robomaster_msgs/robomaster_msgs/msg/detail/led_effect__traits.hpp\n'}
[4.024516] (robomaster_msgs) StdoutLine: {'line': b'-- Up-to-date: /home/cricchetto/Robomaster_WS/install/robomaster_msgs/include/robomaster_msgs/robomaster_msgs/msg/detail/detected_line__builder.hpp\n'}
[4.025249] (robomaster_msgs) StdoutLine: {'line': b'-- Up-to-date: /home/cricchetto/Robomaster_WS/install/robomaster_msgs/include/robomaster_msgs/robomaster_msgs/msg/detail/detected_person__struct.hpp\n'}
[4.025952] (robomaster_msgs) StdoutLine: {'line': b'-- Up-to-date: /home/cricchetto/Robomaster_WS/install/robomaster_msgs/include/robomaster_msgs/robomaster_msgs/msg/detail/s_bus__struct.hpp\n'}
[4.026600] (robomaster_msgs) StdoutLine: {'line': b'-- Up-to-date: /home/cricchetto/Robomaster_WS/install/robomaster_msgs/include/robomaster_msgs/robomaster_msgs/msg/detail/gripper_state__builder.hpp\n'}
[4.027166] (robomaster_msgs) StdoutLine: {'line': b'-- Up-to-date: /home/cricchetto/Robomaster_WS/install/robomaster_msgs/include/robomaster_msgs/robomaster_msgs/msg/detail/gimbal_command__type_support.hpp\n'}
[4.027757] (robomaster_msgs) StdoutLine: {'line': b'-- Up-to-date: /home/cricchetto/Robomaster_WS/install/robomaster_msgs/include/robomaster_msgs/robomaster_msgs/msg/detail/camera_config__traits.hpp\n'}
[4.028170] (robomaster_msgs) StdoutLine: {'line': b'-- Up-to-date: /home/cricchetto/Robomaster_WS/install/robomaster_msgs/include/robomaster_msgs/robomaster_msgs/msg/detail/detected_person__traits.hpp\n'}
[4.028628] (robomaster_msgs) StdoutLine: {'line': b'-- Up-to-date: /home/cricchetto/Robomaster_WS/install/robomaster_msgs/include/robomaster_msgs/robomaster_msgs/msg/detail/detected_person__type_support.hpp\n'}
[4.029124] (robomaster_msgs) StdoutLine: {'line': b'-- Up-to-date: /home/cricchetto/Robomaster_WS/install/robomaster_msgs/include/robomaster_msgs/robomaster_msgs/msg/detail/region_of_interest__builder.hpp\n'}
[4.029740] (robomaster_msgs) StdoutLine: {'line': b'-- Up-to-date: /home/cricchetto/Robomaster_WS/install/robomaster_msgs/include/robomaster_msgs/robomaster_msgs/msg/detail/s_bus__traits.hpp\n'}
[4.030283] (robomaster_msgs) StdoutLine: {'line': b'-- Up-to-date: /home/cricchetto/Robomaster_WS/install/robomaster_msgs/include/robomaster_msgs/robomaster_msgs/msg/detail/blaster_led__builder.hpp\n'}
[4.030858] (robomaster_msgs) StdoutLine: {'line': b'-- Up-to-date: /home/cricchetto/Robomaster_WS/install/robomaster_msgs/include/robomaster_msgs/robomaster_msgs/msg/servo_command.hpp\n'}
[4.031687] (robomaster_msgs) StdoutLine: {'line': b'-- Up-to-date: /home/cricchetto/Robomaster_WS/install/robomaster_msgs/include/robomaster_msgs/robomaster_msgs/msg/blaster_led.hpp\n'}
[4.032438] (robomaster_msgs) StdoutLine: {'line': b'-- Up-to-date: /home/cricchetto/Robomaster_WS/install/robomaster_msgs/include/robomaster_msgs/robomaster_msgs/msg/rosidl_generator_cpp__visibility_control.hpp\n'}
[4.033286] (robomaster_msgs) StdoutLine: {'line': b'-- Up-to-date: /home/cricchetto/Robomaster_WS/install/robomaster_msgs/include/robomaster_msgs/robomaster_msgs/msg/detection.hpp\n'}
[4.036624] (robomaster_msgs) StdoutLine: {'line': b'-- Up-to-date: /home/cricchetto/Robomaster_WS/install/robomaster_msgs/include/robomaster_msgs/robomaster_msgs/msg/camera_config.hpp\n'}
[4.037249] (robomaster_msgs) StdoutLine: {'line': b'-- Up-to-date: /home/cricchetto/Robomaster_WS/install/robomaster_msgs/include/robomaster_msgs/robomaster_msgs/srv\n'}
[4.037759] (robomaster_msgs) StdoutLine: {'line': b'-- Up-to-date: /home/cricchetto/Robomaster_WS/install/robomaster_msgs/include/robomaster_msgs/robomaster_msgs/srv/get_pulse.hpp\n'}
[4.038147] (robomaster_msgs) StdoutLine: {'line': b'-- Up-to-date: /home/cricchetto/Robomaster_WS/install/robomaster_msgs/include/robomaster_msgs/robomaster_msgs/srv/get_adc.hpp\n'}
[4.038516] (robomaster_msgs) StdoutLine: {'line': b'-- Up-to-date: /home/cricchetto/Robomaster_WS/install/robomaster_msgs/include/robomaster_msgs/robomaster_msgs/srv/get_servo_angle.hpp\n'}
[4.038971] (robomaster_msgs) StdoutLine: {'line': b'-- Up-to-date: /home/cricchetto/Robomaster_WS/install/robomaster_msgs/include/robomaster_msgs/robomaster_msgs/srv/detail\n'}
[4.039576] (robomaster_msgs) StdoutLine: {'line': b'-- Up-to-date: /home/cricchetto/Robomaster_WS/install/robomaster_msgs/include/robomaster_msgs/robomaster_msgs/srv/detail/get_servo_angle__builder.hpp\n'}
[4.040129] (robomaster_msgs) StdoutLine: {'line': b'-- Up-to-date: /home/cricchetto/Robomaster_WS/install/robomaster_msgs/include/robomaster_msgs/robomaster_msgs/srv/detail/get_pulse__struct.hpp\n'}
[4.040621] (robomaster_msgs) StdoutLine: {'line': b'-- Up-to-date: /home/cricchetto/Robomaster_WS/install/robomaster_msgs/include/robomaster_msgs/robomaster_msgs/srv/detail/get_adc__type_support.hpp\n'}
[4.041173] (robomaster_msgs) StdoutLine: {'line': b'-- Up-to-date: /home/cricchetto/Robomaster_WS/install/robomaster_msgs/include/robomaster_msgs/robomaster_msgs/srv/detail/get_io__traits.hpp\n'}
[4.041594] (robomaster_msgs) StdoutLine: {'line': b'-- Up-to-date: /home/cricchetto/Robomaster_WS/install/robomaster_msgs/include/robomaster_msgs/robomaster_msgs/srv/detail/get_io__struct.hpp\n'}
[4.042009] (robomaster_msgs) StdoutLine: {'line': b'-- Up-to-date: /home/cricchetto/Robomaster_WS/install/robomaster_msgs/include/robomaster_msgs/robomaster_msgs/srv/detail/get_adc__traits.hpp\n'}
[4.042491] (robomaster_msgs) StdoutLine: {'line': b'-- Up-to-date: /home/cricchetto/Robomaster_WS/install/robomaster_msgs/include/robomaster_msgs/robomaster_msgs/srv/detail/get_io__type_support.hpp\n'}
[4.043026] (robomaster_msgs) StdoutLine: {'line': b'-- Up-to-date: /home/cricchetto/Robomaster_WS/install/robomaster_msgs/include/robomaster_msgs/robomaster_msgs/srv/detail/get_servo_angle__struct.hpp\n'}
[4.044239] (robomaster_msgs) StdoutLine: {'line': b'-- Up-to-date: /home/cricchetto/Robomaster_WS/install/robomaster_msgs/include/robomaster_msgs/robomaster_msgs/srv/detail/get_servo_angle__traits.hpp\n'}
[4.045488] (-) TimerEvent: {}
[4.047711] (robomaster_msgs) StdoutLine: {'line': b'-- Up-to-date: /home/cricchetto/Robomaster_WS/install/robomaster_msgs/include/robomaster_msgs/robomaster_msgs/srv/detail/get_pulse__builder.hpp\n'}
[4.049103] (robomaster_msgs) StdoutLine: {'line': b'-- Up-to-date: /home/cricchetto/Robomaster_WS/install/robomaster_msgs/include/robomaster_msgs/robomaster_msgs/srv/detail/get_io__builder.hpp\n'}
[4.050638] (robomaster_msgs) StdoutLine: {'line': b'-- Up-to-date: /home/cricchetto/Robomaster_WS/install/robomaster_msgs/include/robomaster_msgs/robomaster_msgs/srv/detail/get_pulse__type_support.hpp\n'}
[4.051697] (robomaster_msgs) StdoutLine: {'line': b'-- Up-to-date: /home/cricchetto/Robomaster_WS/install/robomaster_msgs/include/robomaster_msgs/robomaster_msgs/srv/detail/get_adc__builder.hpp\n'}
[4.053277] (robomaster_msgs) StdoutLine: {'line': b'-- Up-to-date: /home/cricchetto/Robomaster_WS/install/robomaster_msgs/include/robomaster_msgs/robomaster_msgs/srv/detail/get_adc__struct.hpp\n'}
[4.054538] (robomaster_msgs) StdoutLine: {'line': b'-- Up-to-date: /home/cricchetto/Robomaster_WS/install/robomaster_msgs/include/robomaster_msgs/robomaster_msgs/srv/detail/get_servo_angle__type_support.hpp\n'}
[4.055027] (robomaster_msgs) StdoutLine: {'line': b'-- Up-to-date: /home/cricchetto/Robomaster_WS/install/robomaster_msgs/include/robomaster_msgs/robomaster_msgs/srv/detail/get_pulse__traits.hpp\n'}
[4.056020] (robomaster_msgs) StdoutLine: {'line': b'-- Up-to-date: /home/cricchetto/Robomaster_WS/install/robomaster_msgs/include/robomaster_msgs/robomaster_msgs/srv/get_io.hpp\n'}
[4.056836] (robomaster_msgs) StdoutLine: {'line': b'-- Up-to-date: /home/cricchetto/Robomaster_WS/install/robomaster_msgs/include/robomaster_msgs/robomaster_msgs\n'}
[4.058143] (robomaster_msgs) StdoutLine: {'line': b'-- Up-to-date: /home/cricchetto/Robomaster_WS/install/robomaster_msgs/include/robomaster_msgs/robomaster_msgs/action\n'}
[4.059594] (robomaster_msgs) StdoutLine: {'line': b'-- Up-to-date: /home/cricchetto/Robomaster_WS/install/robomaster_msgs/include/robomaster_msgs/robomaster_msgs/action/detail\n'}
[4.060945] (robomaster_msgs) StdoutLine: {'line': b'-- Up-to-date: /home/cricchetto/Robomaster_WS/install/robomaster_msgs/include/robomaster_msgs/robomaster_msgs/action/detail/dds_fastrtps\n'}
[4.061984] (robomaster_msgs) StdoutLine: {'line': b'-- Up-to-date: /home/cricchetto/Robomaster_WS/install/robomaster_msgs/include/robomaster_msgs/robomaster_msgs/action/detail/gripper_control__rosidl_typesupport_fastrtps_cpp.hpp\n'}
[4.063403] (robomaster_msgs) StdoutLine: {'line': b'-- Up-to-date: /home/cricchetto/Robomaster_WS/install/robomaster_msgs/include/robomaster_msgs/robomaster_msgs/action/detail/move_servo__rosidl_typesupport_fastrtps_cpp.hpp\n'}
[4.064477] (robomaster_msgs) StdoutLine: {'line': b'-- Up-to-date: /home/cricchetto/Robomaster_WS/install/robomaster_msgs/include/robomaster_msgs/robomaster_msgs/action/detail/move__rosidl_typesupport_fastrtps_cpp.hpp\n'}
[4.065411] (robomaster_msgs) StdoutLine: {'line': b'-- Up-to-date: /home/cricchetto/Robomaster_WS/install/robomaster_msgs/include/robomaster_msgs/robomaster_msgs/action/detail/play_sound__rosidl_typesupport_fastrtps_cpp.hpp\n'}
[4.065935] (robomaster_msgs) StdoutLine: {'line': b'-- Up-to-date: /home/cricchetto/Robomaster_WS/install/robomaster_msgs/include/robomaster_msgs/robomaster_msgs/action/detail/move_gimbal__rosidl_typesupport_fastrtps_cpp.hpp\n'}
[4.066410] (robomaster_msgs) StdoutLine: {'line': b'-- Up-to-date: /home/cricchetto/Robomaster_WS/install/robomaster_msgs/include/robomaster_msgs/robomaster_msgs/action/detail/recenter_gimbal__rosidl_typesupport_fastrtps_cpp.hpp\n'}
[4.066911] (robomaster_msgs) StdoutLine: {'line': b'-- Up-to-date: /home/cricchetto/Robomaster_WS/install/robomaster_msgs/include/robomaster_msgs/robomaster_msgs/action/detail/move_arm__rosidl_typesupport_fastrtps_cpp.hpp\n'}
[4.067415] (robomaster_msgs) StdoutLine: {'line': b'-- Up-to-date: /home/cricchetto/Robomaster_WS/install/robomaster_msgs/include/robomaster_msgs/robomaster_msgs/msg\n'}
[4.067880] (robomaster_msgs) StdoutLine: {'line': b'-- Up-to-date: /home/cricchetto/Robomaster_WS/install/robomaster_msgs/include/robomaster_msgs/robomaster_msgs/msg/rosidl_typesupport_fastrtps_cpp__visibility_control.h\n'}
[4.068280] (robomaster_msgs) StdoutLine: {'line': b'-- Up-to-date: /home/cricchetto/Robomaster_WS/install/robomaster_msgs/include/robomaster_msgs/robomaster_msgs/msg/detail\n'}
[4.068712] (robomaster_msgs) StdoutLine: {'line': b'-- Up-to-date: /home/cricchetto/Robomaster_WS/install/robomaster_msgs/include/robomaster_msgs/robomaster_msgs/msg/detail/audio_level__rosidl_typesupport_fastrtps_cpp.hpp\n'}
[4.069161] (robomaster_msgs) StdoutLine: {'line': b'-- Up-to-date: /home/cricchetto/Robomaster_WS/install/robomaster_msgs/include/robomaster_msgs/robomaster_msgs/msg/detail/pwm__rosidl_typesupport_fastrtps_cpp.hpp\n'}
[4.069565] (robomaster_msgs) StdoutLine: {'line': b'-- Up-to-date: /home/cricchetto/Robomaster_WS/install/robomaster_msgs/include/robomaster_msgs/robomaster_msgs/msg/detail/dds_fastrtps\n'}
[4.070097] (robomaster_msgs) StdoutLine: {'line': b'-- Up-to-date: /home/cricchetto/Robomaster_WS/install/robomaster_msgs/include/robomaster_msgs/robomaster_msgs/msg/detail/h264_packet__rosidl_typesupport_fastrtps_cpp.hpp\n'}
[4.070640] (robomaster_msgs) StdoutLine: {'line': b'-- Up-to-date: /home/cricchetto/Robomaster_WS/install/robomaster_msgs/include/robomaster_msgs/robomaster_msgs/msg/detail/camera_config__rosidl_typesupport_fastrtps_cpp.hpp\n'}
[4.071323] (robomaster_msgs) StdoutLine: {'line': b'-- Up-to-date: /home/cricchetto/Robomaster_WS/install/robomaster_msgs/include/robomaster_msgs/robomaster_msgs/msg/detail/chassis_status__rosidl_typesupport_fastrtps_cpp.hpp\n'}
[4.071827] (robomaster_msgs) StdoutLine: {'line': b'-- Up-to-date: /home/cricchetto/Robomaster_WS/install/robomaster_msgs/include/robomaster_msgs/robomaster_msgs/msg/detail/mode__rosidl_typesupport_fastrtps_cpp.hpp\n'}
[4.072199] (robomaster_msgs) StdoutLine: {'line': b'-- Up-to-date: /home/cricchetto/Robomaster_WS/install/robomaster_msgs/include/robomaster_msgs/robomaster_msgs/msg/detail/detected_gesture__rosidl_typesupport_fastrtps_cpp.hpp\n'}
[4.072559] (robomaster_msgs) StdoutLine: {'line': b'-- Up-to-date: /home/cricchetto/Robomaster_WS/install/robomaster_msgs/include/robomaster_msgs/robomaster_msgs/msg/detail/gripper_state__rosidl_typesupport_fastrtps_cpp.hpp\n'}
[4.072914] (robomaster_msgs) StdoutLine: {'line': b'-- Up-to-date: /home/cricchetto/Robomaster_WS/install/robomaster_msgs/include/robomaster_msgs/robomaster_msgs/msg/detail/gimbal_command__rosidl_typesupport_fastrtps_cpp.hpp\n'}
[4.073262] (robomaster_msgs) StdoutLine: {'line': b'-- Up-to-date: /home/cricchetto/Robomaster_WS/install/robomaster_msgs/include/robomaster_msgs/robomaster_msgs/msg/detail/detected_marker__rosidl_typesupport_fastrtps_cpp.hpp\n'}
[4.073634] (robomaster_msgs) StdoutLine: {'line': b'-- Up-to-date: /home/cricchetto/Robomaster_WS/install/robomaster_msgs/include/robomaster_msgs/robomaster_msgs/msg/detail/servo_command__rosidl_typesupport_fastrtps_cpp.hpp\n'}
[4.074010] (robomaster_msgs) StdoutLine: {'line': b'-- Up-to-date: /home/cricchetto/Robomaster_WS/install/robomaster_msgs/include/robomaster_msgs/robomaster_msgs/msg/detail/detected_robot__rosidl_typesupport_fastrtps_cpp.hpp\n'}
[4.074370] (robomaster_msgs) StdoutLine: {'line': b'-- Up-to-date: /home/cricchetto/Robomaster_WS/install/robomaster_msgs/include/robomaster_msgs/robomaster_msgs/msg/detail/detection__rosidl_typesupport_fastrtps_cpp.hpp\n'}
[4.074777] (robomaster_msgs) StdoutLine: {'line': b'-- Up-to-date: /home/cricchetto/Robomaster_WS/install/robomaster_msgs/include/robomaster_msgs/robomaster_msgs/msg/detail/sensor_adapter__rosidl_typesupport_fastrtps_cpp.hpp\n'}
[4.075189] (robomaster_msgs) StdoutLine: {'line': b'-- Up-to-date: /home/cricchetto/Robomaster_WS/install/robomaster_msgs/include/robomaster_msgs/robomaster_msgs/msg/detail/servo_raw_state__rosidl_typesupport_fastrtps_cpp.hpp\n'}
[4.077041] (robomaster_msgs) StdoutLine: {'line': b'-- Up-to-date: /home/cricchetto/Robomaster_WS/install/robomaster_msgs/include/robomaster_msgs/robomaster_msgs/msg/detail/audio_opus__rosidl_typesupport_fastrtps_cpp.hpp\n'}
[4.078501] (robomaster_msgs) StdoutLine: {'line': b'-- Up-to-date: /home/cricchetto/Robomaster_WS/install/robomaster_msgs/include/robomaster_msgs/robomaster_msgs/msg/detail/serial__rosidl_typesupport_fastrtps_cpp.hpp\n'}
[4.079945] (robomaster_msgs) StdoutLine: {'line': b'-- Up-to-date: /home/cricchetto/Robomaster_WS/install/robomaster_msgs/include/robomaster_msgs/robomaster_msgs/msg/detail/audio_data__rosidl_typesupport_fastrtps_cpp.hpp\n'}
[4.081187] (robomaster_msgs) StdoutLine: {'line': b'-- Up-to-date: /home/cricchetto/Robomaster_WS/install/robomaster_msgs/include/robomaster_msgs/robomaster_msgs/msg/detail/region_of_interest__rosidl_typesupport_fastrtps_cpp.hpp\n'}
[4.081745] (robomaster_msgs) StdoutLine: {'line': b'-- Up-to-date: /home/cricchetto/Robomaster_WS/install/robomaster_msgs/include/robomaster_msgs/robomaster_msgs/msg/detail/detected_person__rosidl_typesupport_fastrtps_cpp.hpp\n'}
[4.082417] (robomaster_msgs) StdoutLine: {'line': b'-- Up-to-date: /home/cricchetto/Robomaster_WS/install/robomaster_msgs/include/robomaster_msgs/robomaster_msgs/msg/detail/s_bus__rosidl_typesupport_fastrtps_cpp.hpp\n'}
[4.082966] (robomaster_msgs) StdoutLine: {'line': b'-- Up-to-date: /home/cricchetto/Robomaster_WS/install/robomaster_msgs/include/robomaster_msgs/robomaster_msgs/msg/detail/led_effect__rosidl_typesupport_fastrtps_cpp.hpp\n'}
[4.083555] (robomaster_msgs) StdoutLine: {'line': b'-- Up-to-date: /home/cricchetto/Robomaster_WS/install/robomaster_msgs/include/robomaster_msgs/robomaster_msgs/msg/detail/blaster_led__rosidl_typesupport_fastrtps_cpp.hpp\n'}
[4.084171] (robomaster_msgs) StdoutLine: {'line': b'-- Up-to-date: /home/cricchetto/Robomaster_WS/install/robomaster_msgs/include/robomaster_msgs/robomaster_msgs/msg/detail/wheel_speeds__rosidl_typesupport_fastrtps_cpp.hpp\n'}
[4.084900] (robomaster_msgs) StdoutLine: {'line': b'-- Up-to-date: /home/cricchetto/Robomaster_WS/install/robomaster_msgs/include/robomaster_msgs/robomaster_msgs/msg/detail/detected_line__rosidl_typesupport_fastrtps_cpp.hpp\n'}
[4.085610] (robomaster_msgs) StdoutLine: {'line': b'-- Up-to-date: /home/cricchetto/Robomaster_WS/install/robomaster_msgs/include/robomaster_msgs/robomaster_msgs/msg/detail/speaker_command__rosidl_typesupport_fastrtps_cpp.hpp\n'}
[4.086419] (robomaster_msgs) StdoutLine: {'line': b'-- Up-to-date: /home/cricchetto/Robomaster_WS/install/robomaster_msgs/include/robomaster_msgs/robomaster_msgs/msg/detail/armor_hit__rosidl_typesupport_fastrtps_cpp.hpp\n'}
[4.087151] (robomaster_msgs) StdoutLine: {'line': b'-- Up-to-date: /home/cricchetto/Robomaster_WS/install/robomaster_msgs/include/robomaster_msgs/robomaster_msgs/srv\n'}
[4.087897] (robomaster_msgs) StdoutLine: {'line': b'-- Up-to-date: /home/cricchetto/Robomaster_WS/install/robomaster_msgs/include/robomaster_msgs/robomaster_msgs/srv/detail\n'}
[4.088455] (robomaster_msgs) StdoutLine: {'line': b'-- Up-to-date: /home/cricchetto/Robomaster_WS/install/robomaster_msgs/include/robomaster_msgs/robomaster_msgs/srv/detail/dds_fastrtps\n'}
[4.088968] (robomaster_msgs) StdoutLine: {'line': b'-- Up-to-date: /home/cricchetto/Robomaster_WS/install/robomaster_msgs/include/robomaster_msgs/robomaster_msgs/srv/detail/get_adc__rosidl_typesupport_fastrtps_cpp.hpp\n'}
[4.090698] (robomaster_msgs) StdoutLine: {'line': b'-- Up-to-date: /home/cricchetto/Robomaster_WS/install/robomaster_msgs/include/robomaster_msgs/robomaster_msgs/srv/detail/get_servo_angle__rosidl_typesupport_fastrtps_cpp.hpp\n'}
[4.092511] (robomaster_msgs) StdoutLine: {'line': b'-- Up-to-date: /home/cricchetto/Robomaster_WS/install/robomaster_msgs/include/robomaster_msgs/robomaster_msgs/srv/detail/get_pulse__rosidl_typesupport_fastrtps_cpp.hpp\n'}
[4.093630] (robomaster_msgs) StdoutLine: {'line': b'-- Up-to-date: /home/cricchetto/Robomaster_WS/install/robomaster_msgs/include/robomaster_msgs/robomaster_msgs/srv/detail/get_io__rosidl_typesupport_fastrtps_cpp.hpp\n'}
[4.094891] (robomaster_msgs) StdoutLine: {'line': b'-- Up-to-date: /home/cricchetto/Robomaster_WS/install/robomaster_msgs/lib/librobomaster_msgs__rosidl_typesupport_fastrtps_cpp.so\n'}
[4.096119] (robomaster_msgs) StdoutLine: {'line': b'-- Up-to-date: /home/cricchetto/Robomaster_WS/install/robomaster_msgs/include/robomaster_msgs/robomaster_msgs\n'}
[4.097098] (robomaster_msgs) StdoutLine: {'line': b'-- Up-to-date: /home/cricchetto/Robomaster_WS/install/robomaster_msgs/include/robomaster_msgs/robomaster_msgs/action\n'}
[4.107530] (robomaster_msgs) StdoutLine: {'line': b'-- Up-to-date: /home/cricchetto/Robomaster_WS/install/robomaster_msgs/include/robomaster_msgs/robomaster_msgs/action/detail\n'}
[4.108250] (robomaster_msgs) StdoutLine: {'line': b'-- Up-to-date: /home/cricchetto/Robomaster_WS/install/robomaster_msgs/include/robomaster_msgs/robomaster_msgs/action/detail/move_servo__type_support.cpp\n'}
[4.108706] (robomaster_msgs) StdoutLine: {'line': b'-- Up-to-date: /home/cricchetto/Robomaster_WS/install/robomaster_msgs/include/robomaster_msgs/robomaster_msgs/action/detail/play_sound__type_support.cpp\n'}
[4.109415] (robomaster_msgs) StdoutLine: {'line': b'-- Up-to-date: /home/cricchetto/Robomaster_WS/install/robomaster_msgs/include/robomaster_msgs/robomaster_msgs/action/detail/gripper_control__type_support.cpp\n'}
[4.109853] (robomaster_msgs) StdoutLine: {'line': b'-- Up-to-date: /home/cricchetto/Robomaster_WS/install/robomaster_msgs/include/robomaster_msgs/robomaster_msgs/action/detail/move__rosidl_typesupport_introspection_cpp.hpp\n'}
[4.110302] (robomaster_msgs) StdoutLine: {'line': b'-- Up-to-date: /home/cricchetto/Robomaster_WS/install/robomaster_msgs/include/robomaster_msgs/robomaster_msgs/action/detail/play_sound__rosidl_typesupport_introspection_cpp.hpp\n'}
[4.110626] (robomaster_msgs) StdoutLine: {'line': b'-- Up-to-date: /home/cricchetto/Robomaster_WS/install/robomaster_msgs/include/robomaster_msgs/robomaster_msgs/action/detail/move_gimbal__type_support.cpp\n'}
[4.110902] (robomaster_msgs) StdoutLine: {'line': b'-- Up-to-date: /home/cricchetto/Robomaster_WS/install/robomaster_msgs/include/robomaster_msgs/robomaster_msgs/action/detail/move_gimbal__rosidl_typesupport_introspection_cpp.hpp\n'}
[4.111315] (robomaster_msgs) StdoutLine: {'line': b'-- Up-to-date: /home/cricchetto/Robomaster_WS/install/robomaster_msgs/include/robomaster_msgs/robomaster_msgs/action/detail/move_servo__rosidl_typesupport_introspection_cpp.hpp\n'}
[4.111830] (robomaster_msgs) StdoutLine: {'line': b'-- Up-to-date: /home/cricchetto/Robomaster_WS/install/robomaster_msgs/include/robomaster_msgs/robomaster_msgs/action/detail/recenter_gimbal__rosidl_typesupport_introspection_cpp.hpp\n'}
[4.112239] (robomaster_msgs) StdoutLine: {'line': b'-- Up-to-date: /home/cricchetto/Robomaster_WS/install/robomaster_msgs/include/robomaster_msgs/robomaster_msgs/action/detail/move_arm__type_support.cpp\n'}
[4.112677] (robomaster_msgs) StdoutLine: {'line': b'-- Up-to-date: /home/cricchetto/Robomaster_WS/install/robomaster_msgs/include/robomaster_msgs/robomaster_msgs/action/detail/gripper_control__rosidl_typesupport_introspection_cpp.hpp\n'}
[4.113404] (robomaster_msgs) StdoutLine: {'line': b'-- Up-to-date: /home/cricchetto/Robomaster_WS/install/robomaster_msgs/include/robomaster_msgs/robomaster_msgs/action/detail/move__type_support.cpp\n'}
[4.114136] (robomaster_msgs) StdoutLine: {'line': b'-- Up-to-date: /home/cricchetto/Robomaster_WS/install/robomaster_msgs/include/robomaster_msgs/robomaster_msgs/action/detail/move_arm__rosidl_typesupport_introspection_cpp.hpp\n'}
[4.114700] (robomaster_msgs) StdoutLine: {'line': b'-- Up-to-date: /home/cricchetto/Robomaster_WS/install/robomaster_msgs/include/robomaster_msgs/robomaster_msgs/action/detail/recenter_gimbal__type_support.cpp\n'}
[4.115303] (robomaster_msgs) StdoutLine: {'line': b'-- Up-to-date: /home/cricchetto/Robomaster_WS/install/robomaster_msgs/include/robomaster_msgs/robomaster_msgs/msg\n'}
[4.115833] (robomaster_msgs) StdoutLine: {'line': b'-- Up-to-date: /home/cricchetto/Robomaster_WS/install/robomaster_msgs/include/robomaster_msgs/robomaster_msgs/msg/detail\n'}
[4.116428] (robomaster_msgs) StdoutLine: {'line': b'-- Up-to-date: /home/cricchetto/Robomaster_WS/install/robomaster_msgs/include/robomaster_msgs/robomaster_msgs/msg/detail/blaster_led__rosidl_typesupport_introspection_cpp.hpp\n'}
[4.116993] (robomaster_msgs) StdoutLine: {'line': b'-- Up-to-date: /home/cricchetto/Robomaster_WS/install/robomaster_msgs/include/robomaster_msgs/robomaster_msgs/msg/detail/speaker_command__type_support.cpp\n'}
[4.117547] (robomaster_msgs) StdoutLine: {'line': b'-- Up-to-date: /home/cricchetto/Robomaster_WS/install/robomaster_msgs/include/robomaster_msgs/robomaster_msgs/msg/detail/chassis_status__type_support.cpp\n'}
[4.118134] (robomaster_msgs) StdoutLine: {'line': b'-- Up-to-date: /home/cricchetto/Robomaster_WS/install/robomaster_msgs/include/robomaster_msgs/robomaster_msgs/msg/detail/servo_raw_state__type_support.cpp\n'}
[4.118680] (robomaster_msgs) StdoutLine: {'line': b'-- Up-to-date: /home/cricchetto/Robomaster_WS/install/robomaster_msgs/include/robomaster_msgs/robomaster_msgs/msg/detail/servo_raw_state__rosidl_typesupport_introspection_cpp.hpp\n'}
[4.127411] (robomaster_msgs) StdoutLine: {'line': b'-- Up-to-date: /home/cricchetto/Robomaster_WS/install/robomaster_msgs/include/robomaster_msgs/robomaster_msgs/msg/detail/audio_opus__type_support.cpp\n'}
[4.128163] (robomaster_msgs) StdoutLine: {'line': b'-- Up-to-date: /home/cricchetto/Robomaster_WS/install/robomaster_msgs/include/robomaster_msgs/robomaster_msgs/msg/detail/blaster_led__type_support.cpp\n'}
[4.128722] (robomaster_msgs) StdoutLine: {'line': b'-- Up-to-date: /home/cricchetto/Robomaster_WS/install/robomaster_msgs/include/robomaster_msgs/robomaster_msgs/msg/detail/servo_command__rosidl_typesupport_introspection_cpp.hpp\n'}
[4.129384] (robomaster_msgs) StdoutLine: {'line': b'-- Up-to-date: /home/cricchetto/Robomaster_WS/install/robomaster_msgs/include/robomaster_msgs/robomaster_msgs/msg/detail/sensor_adapter__type_support.cpp\n'}
[4.129907] (robomaster_msgs) StdoutLine: {'line': b'-- Up-to-date: /home/cricchetto/Robomaster_WS/install/robomaster_msgs/include/robomaster_msgs/robomaster_msgs/msg/detail/gimbal_command__rosidl_typesupport_introspection_cpp.hpp\n'}
[4.130405] (robomaster_msgs) StdoutLine: {'line': b'-- Up-to-date: /home/cricchetto/Robomaster_WS/install/robomaster_msgs/include/robomaster_msgs/robomaster_msgs/msg/detail/speaker_command__rosidl_typesupport_introspection_cpp.hpp\n'}
[4.130883] (robomaster_msgs) StdoutLine: {'line': b'-- Up-to-date: /home/cricchetto/Robomaster_WS/install/robomaster_msgs/include/robomaster_msgs/robomaster_msgs/msg/detail/led_effect__type_support.cpp\n'}
[4.131479] (robomaster_msgs) StdoutLine: {'line': b'-- Up-to-date: /home/cricchetto/Robomaster_WS/install/robomaster_msgs/include/robomaster_msgs/robomaster_msgs/msg/detail/servo_command__type_support.cpp\n'}
[4.131988] (robomaster_msgs) StdoutLine: {'line': b'-- Up-to-date: /home/cricchetto/Robomaster_WS/install/robomaster_msgs/include/robomaster_msgs/robomaster_msgs/msg/detail/audio_data__rosidl_typesupport_introspection_cpp.hpp\n'}
[4.132472] (robomaster_msgs) StdoutLine: {'line': b'-- Up-to-date: /home/cricchetto/Robomaster_WS/install/robomaster_msgs/include/robomaster_msgs/robomaster_msgs/msg/detail/gimbal_command__type_support.cpp\n'}
[4.133002] (robomaster_msgs) StdoutLine: {'line': b'-- Up-to-date: /home/cricchetto/Robomaster_WS/install/robomaster_msgs/include/robomaster_msgs/robomaster_msgs/msg/detail/detected_line__type_support.cpp\n'}
[4.133709] (robomaster_msgs) StdoutLine: {'line': b'-- Up-to-date: /home/cricchetto/Robomaster_WS/install/robomaster_msgs/include/robomaster_msgs/robomaster_msgs/msg/detail/led_effect__rosidl_typesupport_introspection_cpp.hpp\n'}
[4.134398] (robomaster_msgs) StdoutLine: {'line': b'-- Up-to-date: /home/cricchetto/Robomaster_WS/install/robomaster_msgs/include/robomaster_msgs/robomaster_msgs/msg/detail/audio_data__type_support.cpp\n'}
[4.135043] (robomaster_msgs) StdoutLine: {'line': b'-- Up-to-date: /home/cricchetto/Robomaster_WS/install/robomaster_msgs/include/robomaster_msgs/robomaster_msgs/msg/detail/gripper_state__type_support.cpp\n'}
[4.135664] (robomaster_msgs) StdoutLine: {'line': b'-- Up-to-date: /home/cricchetto/Robomaster_WS/install/robomaster_msgs/include/robomaster_msgs/robomaster_msgs/msg/detail/audio_opus__rosidl_typesupport_introspection_cpp.hpp\n'}
[4.136216] (robomaster_msgs) StdoutLine: {'line': b'-- Up-to-date: /home/cricchetto/Robomaster_WS/install/robomaster_msgs/include/robomaster_msgs/robomaster_msgs/msg/detail/detected_marker__type_support.cpp\n'}
[4.136752] (robomaster_msgs) StdoutLine: {'line': b'-- Up-to-date: /home/cricchetto/Robomaster_WS/install/robomaster_msgs/include/robomaster_msgs/robomaster_msgs/msg/detail/sensor_adapter__rosidl_typesupport_introspection_cpp.hpp\n'}
[4.137266] (robomaster_msgs) StdoutLine: {'line': b'-- Up-to-date: /home/cricchetto/Robomaster_WS/install/robomaster_msgs/include/robomaster_msgs/robomaster_msgs/msg/detail/pwm__rosidl_typesupport_introspection_cpp.hpp\n'}
[4.137816] (robomaster_msgs) StdoutLine: {'line': b'-- Up-to-date: /home/cricchetto/Robomaster_WS/install/robomaster_msgs/include/robomaster_msgs/robomaster_msgs/msg/detail/mode__rosidl_typesupport_introspection_cpp.hpp\n'}
[4.138490] (robomaster_msgs) StdoutLine: {'line': b'-- Up-to-date: /home/cricchetto/Robomaster_WS/install/robomaster_msgs/include/robomaster_msgs/robomaster_msgs/msg/detail/detected_robot__type_support.cpp\n'}
[4.139148] (robomaster_msgs) StdoutLine: {'line': b'-- Up-to-date: /home/cricchetto/Robomaster_WS/install/robomaster_msgs/include/robomaster_msgs/robomaster_msgs/msg/detail/detected_person__type_support.cpp\n'}
[4.152121] (-) TimerEvent: {}
[4.152793] (robomaster_msgs) StdoutLine: {'line': b'-- Up-to-date: /home/cricchetto/Robomaster_WS/install/robomaster_msgs/include/robomaster_msgs/robomaster_msgs/msg/detail/region_of_interest__type_support.cpp\n'}
[4.153827] (robomaster_msgs) StdoutLine: {'line': b'-- Up-to-date: /home/cricchetto/Robomaster_WS/install/robomaster_msgs/include/robomaster_msgs/robomaster_msgs/msg/detail/wheel_speeds__rosidl_typesupport_introspection_cpp.hpp\n'}
[4.154384] (robomaster_msgs) StdoutLine: {'line': b'-- Up-to-date: /home/cricchetto/Robomaster_WS/install/robomaster_msgs/include/robomaster_msgs/robomaster_msgs/msg/detail/armor_hit__rosidl_typesupport_introspection_cpp.hpp\n'}
[4.154893] (robomaster_msgs) StdoutLine: {'line': b'-- Up-to-date: /home/cricchetto/Robomaster_WS/install/robomaster_msgs/include/robomaster_msgs/robomaster_msgs/msg/detail/detected_marker__rosidl_typesupport_introspection_cpp.hpp\n'}
[4.155950] (robomaster_msgs) StdoutLine: {'line': b'-- Up-to-date: /home/cricchetto/Robomaster_WS/install/robomaster_msgs/include/robomaster_msgs/robomaster_msgs/msg/detail/region_of_interest__rosidl_typesupport_introspection_cpp.hpp\n'}
[4.156895] (robomaster_msgs) StdoutLine: {'line': b'-- Up-to-date: /home/cricchetto/Robomaster_WS/install/robomaster_msgs/include/robomaster_msgs/robomaster_msgs/msg/detail/detection__type_support.cpp\n'}
[4.157420] (robomaster_msgs) StdoutLine: {'line': b'-- Up-to-date: /home/cricchetto/Robomaster_WS/install/robomaster_msgs/include/robomaster_msgs/robomaster_msgs/msg/detail/s_bus__rosidl_typesupport_introspection_cpp.hpp\n'}
[4.157945] (robomaster_msgs) StdoutLine: {'line': b'-- Up-to-date: /home/cricchetto/Robomaster_WS/install/robomaster_msgs/include/robomaster_msgs/robomaster_msgs/msg/detail/chassis_status__rosidl_typesupport_introspection_cpp.hpp\n'}
[4.158367] (robomaster_msgs) StdoutLine: {'line': b'-- Up-to-date: /home/cricchetto/Robomaster_WS/install/robomaster_msgs/include/robomaster_msgs/robomaster_msgs/msg/detail/camera_config__rosidl_typesupport_introspection_cpp.hpp\n'}
[4.158805] (robomaster_msgs) StdoutLine: {'line': b'-- Up-to-date: /home/cricchetto/Robomaster_WS/install/robomaster_msgs/include/robomaster_msgs/robomaster_msgs/msg/detail/detected_line__rosidl_typesupport_introspection_cpp.hpp\n'}
[4.159270] (robomaster_msgs) StdoutLine: {'line': b'-- Up-to-date: /home/cricchetto/Robomaster_WS/install/robomaster_msgs/include/robomaster_msgs/robomaster_msgs/msg/detail/detected_gesture__rosidl_typesupport_introspection_cpp.hpp\n'}
[4.159708] (robomaster_msgs) StdoutLine: {'line': b'-- Up-to-date: /home/cricchetto/Robomaster_WS/install/robomaster_msgs/include/robomaster_msgs/robomaster_msgs/msg/detail/s_bus__type_support.cpp\n'}
[4.160138] (robomaster_msgs) StdoutLine: {'line': b'-- Up-to-date: /home/cricchetto/Robomaster_WS/install/robomaster_msgs/include/robomaster_msgs/robomaster_msgs/msg/detail/audio_level__rosidl_typesupport_introspection_cpp.hpp\n'}
[4.160812] (robomaster_msgs) StdoutLine: {'line': b'-- Up-to-date: /home/cricchetto/Robomaster_WS/install/robomaster_msgs/include/robomaster_msgs/robomaster_msgs/msg/detail/mode__type_support.cpp\n'}
[4.161354] (robomaster_msgs) StdoutLine: {'line': b'-- Up-to-date: /home/cricchetto/Robomaster_WS/install/robomaster_msgs/include/robomaster_msgs/robomaster_msgs/msg/detail/armor_hit__type_support.cpp\n'}
[4.161851] (robomaster_msgs) StdoutLine: {'line': b'-- Up-to-date: /home/cricchetto/Robomaster_WS/install/robomaster_msgs/include/robomaster_msgs/robomaster_msgs/msg/detail/gripper_state__rosidl_typesupport_introspection_cpp.hpp\n'}
[4.162524] (robomaster_msgs) StdoutLine: {'line': b'-- Up-to-date: /home/cricchetto/Robomaster_WS/install/robomaster_msgs/include/robomaster_msgs/robomaster_msgs/msg/detail/h264_packet__rosidl_typesupport_introspection_cpp.hpp\n'}
[4.163146] (robomaster_msgs) StdoutLine: {'line': b'-- Up-to-date: /home/cricchetto/Robomaster_WS/install/robomaster_msgs/include/robomaster_msgs/robomaster_msgs/msg/detail/h264_packet__type_support.cpp\n'}
[4.163799] (robomaster_msgs) StdoutLine: {'line': b'-- Up-to-date: /home/cricchetto/Robomaster_WS/install/robomaster_msgs/include/robomaster_msgs/robomaster_msgs/msg/detail/detected_person__rosidl_typesupport_introspection_cpp.hpp\n'}
[4.164300] (robomaster_msgs) StdoutLine: {'line': b'-- Up-to-date: /home/cricchetto/Robomaster_WS/install/robomaster_msgs/include/robomaster_msgs/robomaster_msgs/msg/detail/serial__type_support.cpp\n'}
[4.164812] (robomaster_msgs) StdoutLine: {'line': b'-- Up-to-date: /home/cricchetto/Robomaster_WS/install/robomaster_msgs/include/robomaster_msgs/robomaster_msgs/msg/detail/audio_level__type_support.cpp\n'}
[4.165308] (robomaster_msgs) StdoutLine: {'line': b'-- Up-to-date: /home/cricchetto/Robomaster_WS/install/robomaster_msgs/include/robomaster_msgs/robomaster_msgs/msg/detail/pwm__type_support.cpp\n'}
[4.165726] (robomaster_msgs) StdoutLine: {'line': b'-- Up-to-date: /home/cricchetto/Robomaster_WS/install/robomaster_msgs/include/robomaster_msgs/robomaster_msgs/msg/detail/camera_config__type_support.cpp\n'}
[4.166194] (robomaster_msgs) StdoutLine: {'line': b'-- Up-to-date: /home/cricchetto/Robomaster_WS/install/robomaster_msgs/include/robomaster_msgs/robomaster_msgs/msg/detail/wheel_speeds__type_support.cpp\n'}
[4.166813] (robomaster_msgs) StdoutLine: {'line': b'-- Up-to-date: /home/cricchetto/Robomaster_WS/install/robomaster_msgs/include/robomaster_msgs/robomaster_msgs/msg/detail/detected_robot__rosidl_typesupport_introspection_cpp.hpp\n'}
[4.167373] (robomaster_msgs) StdoutLine: {'line': b'-- Up-to-date: /home/cricchetto/Robomaster_WS/install/robomaster_msgs/include/robomaster_msgs/robomaster_msgs/msg/detail/detection__rosidl_typesupport_introspection_cpp.hpp\n'}
[4.167903] (robomaster_msgs) StdoutLine: {'line': b'-- Up-to-date: /home/cricchetto/Robomaster_WS/install/robomaster_msgs/include/robomaster_msgs/robomaster_msgs/msg/detail/serial__rosidl_typesupport_introspection_cpp.hpp\n'}
[4.168365] (robomaster_msgs) StdoutLine: {'line': b'-- Up-to-date: /home/cricchetto/Robomaster_WS/install/robomaster_msgs/include/robomaster_msgs/robomaster_msgs/msg/detail/detected_gesture__type_support.cpp\n'}
[4.168929] (robomaster_msgs) StdoutLine: {'line': b'-- Up-to-date: /home/cricchetto/Robomaster_WS/install/robomaster_msgs/include/robomaster_msgs/robomaster_msgs/srv\n'}
[4.169458] (robomaster_msgs) StdoutLine: {'line': b'-- Up-to-date: /home/cricchetto/Robomaster_WS/install/robomaster_msgs/include/robomaster_msgs/robomaster_msgs/srv/detail\n'}
[4.169927] (robomaster_msgs) StdoutLine: {'line': b'-- Up-to-date: /home/cricchetto/Robomaster_WS/install/robomaster_msgs/include/robomaster_msgs/robomaster_msgs/srv/detail/get_adc__rosidl_typesupport_introspection_cpp.hpp\n'}
[4.170409] (robomaster_msgs) StdoutLine: {'line': b'-- Up-to-date: /home/cricchetto/Robomaster_WS/install/robomaster_msgs/include/robomaster_msgs/robomaster_msgs/srv/detail/get_adc__type_support.cpp\n'}
[4.170968] (robomaster_msgs) StdoutLine: {'line': b'-- Up-to-date: /home/cricchetto/Robomaster_WS/install/robomaster_msgs/include/robomaster_msgs/robomaster_msgs/srv/detail/get_servo_angle__type_support.cpp\n'}
[4.171577] (robomaster_msgs) StdoutLine: {'line': b'-- Up-to-date: /home/cricchetto/Robomaster_WS/install/robomaster_msgs/include/robomaster_msgs/robomaster_msgs/srv/detail/get_pulse__rosidl_typesupport_introspection_cpp.hpp\n'}
[4.172165] (robomaster_msgs) StdoutLine: {'line': b'-- Up-to-date: /home/cricchetto/Robomaster_WS/install/robomaster_msgs/include/robomaster_msgs/robomaster_msgs/srv/detail/get_servo_angle__rosidl_typesupport_introspection_cpp.hpp\n'}
[4.172755] (robomaster_msgs) StdoutLine: {'line': b'-- Up-to-date: /home/cricchetto/Robomaster_WS/install/robomaster_msgs/include/robomaster_msgs/robomaster_msgs/srv/detail/get_pulse__type_support.cpp\n'}
[4.173244] (robomaster_msgs) StdoutLine: {'line': b'-- Up-to-date: /home/cricchetto/Robomaster_WS/install/robomaster_msgs/include/robomaster_msgs/robomaster_msgs/srv/detail/get_io__type_support.cpp\n'}
[4.173759] (robomaster_msgs) StdoutLine: {'line': b'-- Up-to-date: /home/cricchetto/Robomaster_WS/install/robomaster_msgs/include/robomaster_msgs/robomaster_msgs/srv/detail/get_io__rosidl_typesupport_introspection_cpp.hpp\n'}
[4.174317] (robomaster_msgs) StdoutLine: {'line': b'-- Up-to-date: /home/cricchetto/Robomaster_WS/install/robomaster_msgs/lib/librobomaster_msgs__rosidl_typesupport_introspection_cpp.so\n'}
[4.174871] (robomaster_msgs) StdoutLine: {'line': b'-- Up-to-date: /home/cricchetto/Robomaster_WS/install/robomaster_msgs/lib/librobomaster_msgs__rosidl_typesupport_cpp.so\n'}
[4.175442] (robomaster_msgs) StdoutLine: {'line': b'-- Up-to-date: /home/cricchetto/Robomaster_WS/install/robomaster_msgs/share/robomaster_msgs/environment/pythonpath.sh\n'}
[4.175882] (robomaster_msgs) StdoutLine: {'line': b'-- Up-to-date: /home/cricchetto/Robomaster_WS/install/robomaster_msgs/share/robomaster_msgs/environment/pythonpath.dsv\n'}
[4.176290] (robomaster_msgs) StdoutLine: {'line': b'-- Up-to-date: /home/cricchetto/Robomaster_WS/install/robomaster_msgs/local/lib/python3.10/dist-packages/robomaster_msgs-0.2.0-py3.10.egg-info\n'}
[4.176731] (robomaster_msgs) StdoutLine: {'line': b'-- Installing: /home/cricchetto/Robomaster_WS/install/robomaster_msgs/local/lib/python3.10/dist-packages/robomaster_msgs-0.2.0-py3.10.egg-info/PKG-INFO\n'}
[4.177202] (robomaster_msgs) StdoutLine: {'line': b'-- Installing: /home/cricchetto/Robomaster_WS/install/robomaster_msgs/local/lib/python3.10/dist-packages/robomaster_msgs-0.2.0-py3.10.egg-info/top_level.txt\n'}
[4.177672] (robomaster_msgs) StdoutLine: {'line': b'-- Installing: /home/cricchetto/Robomaster_WS/install/robomaster_msgs/local/lib/python3.10/dist-packages/robomaster_msgs-0.2.0-py3.10.egg-info/SOURCES.txt\n'}
[4.178081] (robomaster_msgs) StdoutLine: {'line': b'-- Installing: /home/cricchetto/Robomaster_WS/install/robomaster_msgs/local/lib/python3.10/dist-packages/robomaster_msgs-0.2.0-py3.10.egg-info/dependency_links.txt\n'}
[4.178535] (robomaster_msgs) StdoutLine: {'line': b'-- Up-to-date: /home/cricchetto/Robomaster_WS/install/robomaster_msgs/local/lib/python3.10/dist-packages/robomaster_msgs\n'}
[4.178979] (robomaster_msgs) StdoutLine: {'line': b'-- Up-to-date: /home/cricchetto/Robomaster_WS/install/robomaster_msgs/local/lib/python3.10/dist-packages/robomaster_msgs/_robomaster_msgs_s.ep.rosidl_typesupport_fastrtps_c.c\n'}
[4.179450] (robomaster_msgs) StdoutLine: {'line': b'-- Up-to-date: /home/cricchetto/Robomaster_WS/install/robomaster_msgs/local/lib/python3.10/dist-packages/robomaster_msgs/__init__.py\n'}
[4.179913] (robomaster_msgs) StdoutLine: {'line': b'-- Up-to-date: /home/cricchetto/Robomaster_WS/install/robomaster_msgs/local/lib/python3.10/dist-packages/robomaster_msgs/librobomaster_msgs__rosidl_generator_py.so\n'}
[4.180295] (robomaster_msgs) StdoutLine: {'line': b'-- Up-to-date: /home/cricchetto/Robomaster_WS/install/robomaster_msgs/local/lib/python3.10/dist-packages/robomaster_msgs/_robomaster_msgs_s.ep.rosidl_typesupport_c.c\n'}
[4.180758] (robomaster_msgs) StdoutLine: {'line': b'-- Up-to-date: /home/cricchetto/Robomaster_WS/install/robomaster_msgs/local/lib/python3.10/dist-packages/robomaster_msgs/action\n'}
[4.181135] (robomaster_msgs) StdoutLine: {'line': b'-- Up-to-date: /home/cricchetto/Robomaster_WS/install/robomaster_msgs/local/lib/python3.10/dist-packages/robomaster_msgs/action/_recenter_gimbal.py\n'}
[4.181546] (robomaster_msgs) StdoutLine: {'line': b'-- Up-to-date: /home/cricchetto/Robomaster_WS/install/robomaster_msgs/local/lib/python3.10/dist-packages/robomaster_msgs/action/__init__.py\n'}
[4.182257] (robomaster_msgs) StdoutLine: {'line': b'-- Up-to-date: /home/cricchetto/Robomaster_WS/install/robomaster_msgs/local/lib/python3.10/dist-packages/robomaster_msgs/action/_gripper_control.py\n'}
[4.182875] (robomaster_msgs) StdoutLine: {'line': b'-- Up-to-date: /home/cricchetto/Robomaster_WS/install/robomaster_msgs/local/lib/python3.10/dist-packages/robomaster_msgs/action/_move_s.c\n'}
[4.183456] (robomaster_msgs) StdoutLine: {'line': b'-- Up-to-date: /home/cricchetto/Robomaster_WS/install/robomaster_msgs/local/lib/python3.10/dist-packages/robomaster_msgs/action/_move_gimbal_s.c\n'}
[4.183987] (robomaster_msgs) StdoutLine: {'line': b'-- Up-to-date: /home/cricchetto/Robomaster_WS/install/robomaster_msgs/local/lib/python3.10/dist-packages/robomaster_msgs/action/_recenter_gimbal_s.c\n'}
[4.184527] (robomaster_msgs) StdoutLine: {'line': b'-- Up-to-date: /home/cricchetto/Robomaster_WS/install/robomaster_msgs/local/lib/python3.10/dist-packages/robomaster_msgs/action/_play_sound.py\n'}
[4.185063] (robomaster_msgs) StdoutLine: {'line': b'-- Up-to-date: /home/cricchetto/Robomaster_WS/install/robomaster_msgs/local/lib/python3.10/dist-packages/robomaster_msgs/action/_move_servo.py\n'}
[4.185548] (robomaster_msgs) StdoutLine: {'line': b'-- Up-to-date: /home/cricchetto/Robomaster_WS/install/robomaster_msgs/local/lib/python3.10/dist-packages/robomaster_msgs/action/_gripper_control_s.c\n'}
[4.185993] (robomaster_msgs) StdoutLine: {'line': b'-- Up-to-date: /home/cricchetto/Robomaster_WS/install/robomaster_msgs/local/lib/python3.10/dist-packages/robomaster_msgs/action/_move.py\n'}
[4.186414] (robomaster_msgs) StdoutLine: {'line': b'-- Up-to-date: /home/cricchetto/Robomaster_WS/install/robomaster_msgs/local/lib/python3.10/dist-packages/robomaster_msgs/action/_move_arm_s.c\n'}
[4.186854] (robomaster_msgs) StdoutLine: {'line': b'-- Up-to-date: /home/cricchetto/Robomaster_WS/install/robomaster_msgs/local/lib/python3.10/dist-packages/robomaster_msgs/action/_move_gimbal.py\n'}
[4.187483] (robomaster_msgs) StdoutLine: {'line': b'-- Up-to-date: /home/cricchetto/Robomaster_WS/install/robomaster_msgs/local/lib/python3.10/dist-packages/robomaster_msgs/action/_move_servo_s.c\n'}
[4.188018] (robomaster_msgs) StdoutLine: {'line': b'-- Up-to-date: /home/cricchetto/Robomaster_WS/install/robomaster_msgs/local/lib/python3.10/dist-packages/robomaster_msgs/action/_move_arm.py\n'}
[4.188483] (robomaster_msgs) StdoutLine: {'line': b'-- Up-to-date: /home/cricchetto/Robomaster_WS/install/robomaster_msgs/local/lib/python3.10/dist-packages/robomaster_msgs/action/_play_sound_s.c\n'}
[4.188943] (robomaster_msgs) StdoutLine: {'line': b'-- Up-to-date: /home/cricchetto/Robomaster_WS/install/robomaster_msgs/local/lib/python3.10/dist-packages/robomaster_msgs/_robomaster_msgs_s.ep.rosidl_typesupport_introspection_c.c\n'}
[4.189438] (robomaster_msgs) StdoutLine: {'line': b'-- Up-to-date: /home/cricchetto/Robomaster_WS/install/robomaster_msgs/local/lib/python3.10/dist-packages/robomaster_msgs/msg\n'}
[4.189886] (robomaster_msgs) StdoutLine: {'line': b'-- Up-to-date: /home/cricchetto/Robomaster_WS/install/robomaster_msgs/local/lib/python3.10/dist-packages/robomaster_msgs/msg/_chassis_status.py\n'}
[4.190348] (robomaster_msgs) StdoutLine: {'line': b'-- Up-to-date: /home/cricchetto/Robomaster_WS/install/robomaster_msgs/local/lib/python3.10/dist-packages/robomaster_msgs/msg/_audio_level_s.c\n'}
[4.190833] (robomaster_msgs) StdoutLine: {'line': b'-- Up-to-date: /home/cricchetto/Robomaster_WS/install/robomaster_msgs/local/lib/python3.10/dist-packages/robomaster_msgs/msg/_chassis_status_s.c\n'}
[4.191429] (robomaster_msgs) StdoutLine: {'line': b'-- Up-to-date: /home/cricchetto/Robomaster_WS/install/robomaster_msgs/local/lib/python3.10/dist-packages/robomaster_msgs/msg/_s_bus_s.c\n'}
[4.192004] (robomaster_msgs) StdoutLine: {'line': b'-- Up-to-date: /home/cricchetto/Robomaster_WS/install/robomaster_msgs/local/lib/python3.10/dist-packages/robomaster_msgs/msg/_led_effect.py\n'}
[4.192542] (robomaster_msgs) StdoutLine: {'line': b'-- Up-to-date: /home/cricchetto/Robomaster_WS/install/robomaster_msgs/local/lib/python3.10/dist-packages/robomaster_msgs/msg/_region_of_interest_s.c\n'}
[4.193115] (robomaster_msgs) StdoutLine: {'line': b'-- Up-to-date: /home/cricchetto/Robomaster_WS/install/robomaster_msgs/local/lib/python3.10/dist-packages/robomaster_msgs/msg/_h264_packet_s.c\n'}
[4.193635] (robomaster_msgs) StdoutLine: {'line': b'-- Up-to-date: /home/cricchetto/Robomaster_WS/install/robomaster_msgs/local/lib/python3.10/dist-packages/robomaster_msgs/msg/_audio_opus.py\n'}
[4.194076] (robomaster_msgs) StdoutLine: {'line': b'-- Up-to-date: /home/cricchetto/Robomaster_WS/install/robomaster_msgs/local/lib/python3.10/dist-packages/robomaster_msgs/msg/__init__.py\n'}
[4.194632] (robomaster_msgs) StdoutLine: {'line': b'-- Up-to-date: /home/cricchetto/Robomaster_WS/install/robomaster_msgs/local/lib/python3.10/dist-packages/robomaster_msgs/msg/_gripper_state.py\n'}
[4.195236] (robomaster_msgs) StdoutLine: {'line': b'-- Up-to-date: /home/cricchetto/Robomaster_WS/install/robomaster_msgs/local/lib/python3.10/dist-packages/robomaster_msgs/msg/_detected_robot.py\n'}
[4.195764] (robomaster_msgs) StdoutLine: {'line': b'-- Up-to-date: /home/cricchetto/Robomaster_WS/install/robomaster_msgs/local/lib/python3.10/dist-packages/robomaster_msgs/msg/_s_bus.py\n'}
[4.196286] (robomaster_msgs) StdoutLine: {'line': b'-- Up-to-date: /home/cricchetto/Robomaster_WS/install/robomaster_msgs/local/lib/python3.10/dist-packages/robomaster_msgs/msg/_blaster_led.py\n'}
[4.196744] (robomaster_msgs) StdoutLine: {'line': b'-- Up-to-date: /home/cricchetto/Robomaster_WS/install/robomaster_msgs/local/lib/python3.10/dist-packages/robomaster_msgs/msg/_pwm_s.c\n'}
[4.197227] (robomaster_msgs) StdoutLine: {'line': b'-- Up-to-date: /home/cricchetto/Robomaster_WS/install/robomaster_msgs/local/lib/python3.10/dist-packages/robomaster_msgs/msg/_h264_packet.py\n'}
[4.197761] (robomaster_msgs) StdoutLine: {'line': b'-- Up-to-date: /home/cricchetto/Robomaster_WS/install/robomaster_msgs/local/lib/python3.10/dist-packages/robomaster_msgs/msg/_gimbal_command_s.c\n'}
[4.198140] (robomaster_msgs) StdoutLine: {'line': b'-- Up-to-date: /home/cricchetto/Robomaster_WS/install/robomaster_msgs/local/lib/python3.10/dist-packages/robomaster_msgs/msg/_detected_gesture.py\n'}
[4.198528] (robomaster_msgs) StdoutLine: {'line': b'-- Up-to-date: /home/cricchetto/Robomaster_WS/install/robomaster_msgs/local/lib/python3.10/dist-packages/robomaster_msgs/msg/_armor_hit.py\n'}
[4.198999] (robomaster_msgs) StdoutLine: {'line': b'-- Up-to-date: /home/cricchetto/Robomaster_WS/install/robomaster_msgs/local/lib/python3.10/dist-packages/robomaster_msgs/msg/_led_effect_s.c\n'}
[4.199632] (robomaster_msgs) StdoutLine: {'line': b'-- Up-to-date: /home/cricchetto/Robomaster_WS/install/robomaster_msgs/local/lib/python3.10/dist-packages/robomaster_msgs/msg/_pwm.py\n'}
[4.200138] (robomaster_msgs) StdoutLine: {'line': b'-- Up-to-date: /home/cricchetto/Robomaster_WS/install/robomaster_msgs/local/lib/python3.10/dist-packages/robomaster_msgs/msg/_servo_command.py\n'}
[4.200670] (robomaster_msgs) StdoutLine: {'line': b'-- Up-to-date: /home/cricchetto/Robomaster_WS/install/robomaster_msgs/local/lib/python3.10/dist-packages/robomaster_msgs/msg/_detected_person.py\n'}
[4.201276] (robomaster_msgs) StdoutLine: {'line': b'-- Up-to-date: /home/cricchetto/Robomaster_WS/install/robomaster_msgs/local/lib/python3.10/dist-packages/robomaster_msgs/msg/_wheel_speeds.py\n'}
[4.201776] (robomaster_msgs) StdoutLine: {'line': b'-- Up-to-date: /home/cricchetto/Robomaster_WS/install/robomaster_msgs/local/lib/python3.10/dist-packages/robomaster_msgs/msg/_audio_data_s.c\n'}
[4.202247] (robomaster_msgs) StdoutLine: {'line': b'-- Up-to-date: /home/cricchetto/Robomaster_WS/install/robomaster_msgs/local/lib/python3.10/dist-packages/robomaster_msgs/msg/_mode.py\n'}
[4.202794] (robomaster_msgs) StdoutLine: {'line': b'-- Up-to-date: /home/cricchetto/Robomaster_WS/install/robomaster_msgs/local/lib/python3.10/dist-packages/robomaster_msgs/msg/_detected_marker_s.c\n'}
[4.203410] (robomaster_msgs) StdoutLine: {'line': b'-- Up-to-date: /home/cricchetto/Robomaster_WS/install/robomaster_msgs/local/lib/python3.10/dist-packages/robomaster_msgs/msg/_audio_data.py\n'}
[4.203956] (robomaster_msgs) StdoutLine: {'line': b'-- Up-to-date: /home/cricchetto/Robomaster_WS/install/robomaster_msgs/local/lib/python3.10/dist-packages/robomaster_msgs/msg/_gimbal_command.py\n'}
[4.204449] (robomaster_msgs) StdoutLine: {'line': b'-- Up-to-date: /home/cricchetto/Robomaster_WS/install/robomaster_msgs/local/lib/python3.10/dist-packages/robomaster_msgs/msg/_speaker_command_s.c\n'}
[4.204938] (robomaster_msgs) StdoutLine: {'line': b'-- Up-to-date: /home/cricchetto/Robomaster_WS/install/robomaster_msgs/local/lib/python3.10/dist-packages/robomaster_msgs/msg/_detected_marker.py\n'}
[4.205408] (robomaster_msgs) StdoutLine: {'line': b'-- Up-to-date: /home/cricchetto/Robomaster_WS/install/robomaster_msgs/local/lib/python3.10/dist-packages/robomaster_msgs/msg/_detected_person_s.c\n'}
[4.206132] (robomaster_msgs) StdoutLine: {'line': b'-- Up-to-date: /home/cricchetto/Robomaster_WS/install/robomaster_msgs/local/lib/python3.10/dist-packages/robomaster_msgs/msg/_blaster_led_s.c\n'}
[4.207444] (robomaster_msgs) StdoutLine: {'line': b'-- Up-to-date: /home/cricchetto/Robomaster_WS/install/robomaster_msgs/local/lib/python3.10/dist-packages/robomaster_msgs/msg/_gripper_state_s.c\n'}
[4.208702] (robomaster_msgs) StdoutLine: {'line': b'-- Up-to-date: /home/cricchetto/Robomaster_WS/install/robomaster_msgs/local/lib/python3.10/dist-packages/robomaster_msgs/msg/_camera_config.py\n'}
[4.209766] (robomaster_msgs) StdoutLine: {'line': b'-- Up-to-date: /home/cricchetto/Robomaster_WS/install/robomaster_msgs/local/lib/python3.10/dist-packages/robomaster_msgs/msg/_armor_hit_s.c\n'}
[4.210765] (robomaster_msgs) StdoutLine: {'line': b'-- Up-to-date: /home/cricchetto/Robomaster_WS/install/robomaster_msgs/local/lib/python3.10/dist-packages/robomaster_msgs/msg/_serial.py\n'}
[4.211435] (robomaster_msgs) StdoutLine: {'line': b'-- Up-to-date: /home/cricchetto/Robomaster_WS/install/robomaster_msgs/local/lib/python3.10/dist-packages/robomaster_msgs/msg/_wheel_speeds_s.c\n'}
[4.212025] (robomaster_msgs) StdoutLine: {'line': b'-- Up-to-date: /home/cricchetto/Robomaster_WS/install/robomaster_msgs/local/lib/python3.10/dist-packages/robomaster_msgs/msg/_serial_s.c\n'}
[4.212537] (robomaster_msgs) StdoutLine: {'line': b'-- Up-to-date: /home/cricchetto/Robomaster_WS/install/robomaster_msgs/local/lib/python3.10/dist-packages/robomaster_msgs/msg/_region_of_interest.py\n'}
[4.213184] (robomaster_msgs) StdoutLine: {'line': b'-- Up-to-date: /home/cricchetto/Robomaster_WS/install/robomaster_msgs/local/lib/python3.10/dist-packages/robomaster_msgs/msg/_audio_opus_s.c\n'}
[4.213767] (robomaster_msgs) StdoutLine: {'line': b'-- Up-to-date: /home/cricchetto/Robomaster_WS/install/robomaster_msgs/local/lib/python3.10/dist-packages/robomaster_msgs/msg/_servo_command_s.c\n'}
[4.214370] (robomaster_msgs) StdoutLine: {'line': b'-- Up-to-date: /home/cricchetto/Robomaster_WS/install/robomaster_msgs/local/lib/python3.10/dist-packages/robomaster_msgs/msg/_mode_s.c\n'}
[4.214923] (robomaster_msgs) StdoutLine: {'line': b'-- Up-to-date: /home/cricchetto/Robomaster_WS/install/robomaster_msgs/local/lib/python3.10/dist-packages/robomaster_msgs/msg/_speaker_command.py\n'}
[4.227771] (robomaster_msgs) StdoutLine: {'line': b'-- Up-to-date: /home/cricchetto/Robomaster_WS/install/robomaster_msgs/local/lib/python3.10/dist-packages/robomaster_msgs/msg/_detection.py\n'}
[4.228333] (robomaster_msgs) StdoutLine: {'line': b'-- Up-to-date: /home/cricchetto/Robomaster_WS/install/robomaster_msgs/local/lib/python3.10/dist-packages/robomaster_msgs/msg/_sensor_adapter.py\n'}
[4.228767] (robomaster_msgs) StdoutLine: {'line': b'-- Up-to-date: /home/cricchetto/Robomaster_WS/install/robomaster_msgs/local/lib/python3.10/dist-packages/robomaster_msgs/msg/_servo_raw_state.py\n'}
[4.229243] (robomaster_msgs) StdoutLine: {'line': b'-- Up-to-date: /home/cricchetto/Robomaster_WS/install/robomaster_msgs/local/lib/python3.10/dist-packages/robomaster_msgs/msg/_detection_s.c\n'}
[4.229764] (robomaster_msgs) StdoutLine: {'line': b'-- Up-to-date: /home/cricchetto/Robomaster_WS/install/robomaster_msgs/local/lib/python3.10/dist-packages/robomaster_msgs/msg/_audio_level.py\n'}
[4.230371] (robomaster_msgs) StdoutLine: {'line': b'-- Up-to-date: /home/cricchetto/Robomaster_WS/install/robomaster_msgs/local/lib/python3.10/dist-packages/robomaster_msgs/msg/_detected_line.py\n'}
[4.230912] (robomaster_msgs) StdoutLine: {'line': b'-- Up-to-date: /home/cricchetto/Robomaster_WS/install/robomaster_msgs/local/lib/python3.10/dist-packages/robomaster_msgs/msg/_camera_config_s.c\n'}
[4.231579] (robomaster_msgs) StdoutLine: {'line': b'-- Up-to-date: /home/cricchetto/Robomaster_WS/install/robomaster_msgs/local/lib/python3.10/dist-packages/robomaster_msgs/msg/_detected_line_s.c\n'}
[4.232086] (robomaster_msgs) StdoutLine: {'line': b'-- Up-to-date: /home/cricchetto/Robomaster_WS/install/robomaster_msgs/local/lib/python3.10/dist-packages/robomaster_msgs/msg/_servo_raw_state_s.c\n'}
[4.232515] (robomaster_msgs) StdoutLine: {'line': b'-- Up-to-date: /home/cricchetto/Robomaster_WS/install/robomaster_msgs/local/lib/python3.10/dist-packages/robomaster_msgs/msg/_detected_robot_s.c\n'}
[4.233037] (robomaster_msgs) StdoutLine: {'line': b'-- Up-to-date: /home/cricchetto/Robomaster_WS/install/robomaster_msgs/local/lib/python3.10/dist-packages/robomaster_msgs/msg/_sensor_adapter_s.c\n'}
[4.233601] (robomaster_msgs) StdoutLine: {'line': b'-- Up-to-date: /home/cricchetto/Robomaster_WS/install/robomaster_msgs/local/lib/python3.10/dist-packages/robomaster_msgs/msg/_detected_gesture_s.c\n'}
[4.234103] (robomaster_msgs) StdoutLine: {'line': b'-- Up-to-date: /home/cricchetto/Robomaster_WS/install/robomaster_msgs/local/lib/python3.10/dist-packages/robomaster_msgs/robomaster_msgs_s__rosidl_typesupport_c.cpython-310-aarch64-linux-gnu.so\n'}
[4.234560] (robomaster_msgs) StdoutLine: {'line': b'-- Up-to-date: /home/cricchetto/Robomaster_WS/install/robomaster_msgs/local/lib/python3.10/dist-packages/robomaster_msgs/robomaster_msgs_s__rosidl_typesupport_fastrtps_c.cpython-310-aarch64-linux-gnu.so\n'}
[4.234995] (robomaster_msgs) StdoutLine: {'line': b'-- Up-to-date: /home/cricchetto/Robomaster_WS/install/robomaster_msgs/local/lib/python3.10/dist-packages/robomaster_msgs/robomaster_msgs_s__rosidl_typesupport_introspection_c.cpython-310-aarch64-linux-gnu.so\n'}
[4.235731] (robomaster_msgs) StdoutLine: {'line': b'-- Up-to-date: /home/cricchetto/Robomaster_WS/install/robomaster_msgs/local/lib/python3.10/dist-packages/robomaster_msgs/srv\n'}
[4.236302] (explore_lite) StdoutLine: {'line': b'[ 20%] Built target gtest_main\n'}
[4.236949] (robomaster_msgs) StdoutLine: {'line': b'-- Up-to-date: /home/cricchetto/Robomaster_WS/install/robomaster_msgs/local/lib/python3.10/dist-packages/robomaster_msgs/srv/_get_io_s.c\n'}
[4.237486] (robomaster_msgs) StdoutLine: {'line': b'-- Up-to-date: /home/cricchetto/Robomaster_WS/install/robomaster_msgs/local/lib/python3.10/dist-packages/robomaster_msgs/srv/__init__.py\n'}
[4.238026] (robomaster_msgs) StdoutLine: {'line': b'-- Up-to-date: /home/cricchetto/Robomaster_WS/install/robomaster_msgs/local/lib/python3.10/dist-packages/robomaster_msgs/srv/_get_adc.py\n'}
[4.238582] (robomaster_msgs) StdoutLine: {'line': b'-- Up-to-date: /home/cricchetto/Robomaster_WS/install/robomaster_msgs/local/lib/python3.10/dist-packages/robomaster_msgs/srv/_get_pulse_s.c\n'}
[4.239046] (robomaster_msgs) StdoutLine: {'line': b'-- Up-to-date: /home/cricchetto/Robomaster_WS/install/robomaster_msgs/local/lib/python3.10/dist-packages/robomaster_msgs/srv/_get_servo_angle_s.c\n'}
[4.239652] (robomaster_msgs) StdoutLine: {'line': b'-- Up-to-date: /home/cricchetto/Robomaster_WS/install/robomaster_msgs/local/lib/python3.10/dist-packages/robomaster_msgs/srv/_get_adc_s.c\n'}
[4.240216] (robomaster_msgs) StdoutLine: {'line': b'-- Up-to-date: /home/cricchetto/Robomaster_WS/install/robomaster_msgs/local/lib/python3.10/dist-packages/robomaster_msgs/srv/_get_io.py\n'}
[4.240819] (robomaster_msgs) StdoutLine: {'line': b'-- Up-to-date: /home/cricchetto/Robomaster_WS/install/robomaster_msgs/local/lib/python3.10/dist-packages/robomaster_msgs/srv/_get_pulse.py\n'}
[4.241523] (robomaster_msgs) StdoutLine: {'line': b'-- Up-to-date: /home/cricchetto/Robomaster_WS/install/robomaster_msgs/local/lib/python3.10/dist-packages/robomaster_msgs/srv/_get_servo_angle.py\n'}
[4.242128] (explore_lite) StdoutLine: {'line': b'[ 40%] Built target gtest\n'}
[4.252370] (-) TimerEvent: {}
[4.348615] (explore_lite) StdoutLine: {'line': b'[ 80%] Built target explore\n'}
[4.352570] (-) TimerEvent: {}
[4.396701] (explore_lite) StdoutLine: {'line': b'[100%] Built target test_explore\n'}
[4.411107] (robomaster_msgs) StdoutLine: {'line': b"Listing '/home/cricchetto/Robomaster_WS/install/robomaster_msgs/local/lib/python3.10/dist-packages/robomaster_msgs'...\n"}
[4.412646] (robomaster_msgs) StdoutLine: {'line': b"Listing '/home/cricchetto/Robomaster_WS/install/robomaster_msgs/local/lib/python3.10/dist-packages/robomaster_msgs/action'...\n"}
[4.413840] (robomaster_msgs) StdoutLine: {'line': b"Listing '/home/cricchetto/Robomaster_WS/install/robomaster_msgs/local/lib/python3.10/dist-packages/robomaster_msgs/msg'...\n"}
[4.415170] (robomaster_msgs) StdoutLine: {'line': b"Listing '/home/cricchetto/Robomaster_WS/install/robomaster_msgs/local/lib/python3.10/dist-packages/robomaster_msgs/srv'...\n"}
[4.451246] (robomaster_msgs) StdoutLine: {'line': b'-- Up-to-date: /home/cricchetto/Robomaster_WS/install/robomaster_msgs/local/lib/python3.10/dist-packages/robomaster_msgs/robomaster_msgs_s__rosidl_typesupport_fastrtps_c.cpython-310-aarch64-linux-gnu.so\n'}
[4.452765] (-) TimerEvent: {}
[4.457418] (robomaster_msgs) StdoutLine: {'line': b'-- Up-to-date: /home/cricchetto/Robomaster_WS/install/robomaster_msgs/local/lib/python3.10/dist-packages/robomaster_msgs/robomaster_msgs_s__rosidl_typesupport_introspection_c.cpython-310-aarch64-linux-gnu.so\n'}
[4.463405] (robomaster_msgs) StdoutLine: {'line': b'-- Up-to-date: /home/cricchetto/Robomaster_WS/install/robomaster_msgs/local/lib/python3.10/dist-packages/robomaster_msgs/robomaster_msgs_s__rosidl_typesupport_c.cpython-310-aarch64-linux-gnu.so\n'}
[4.467769] (explore_lite) CommandEnded: {'returncode': 0}
[4.471253] (robomaster_msgs) StdoutLine: {'line': b'-- Up-to-date: /home/cricchetto/Robomaster_WS/install/robomaster_msgs/lib/librobomaster_msgs__rosidl_generator_py.so\n'}
[4.474154] (robomaster_msgs) StdoutLine: {'line': b'-- Up-to-date: /home/cricchetto/Robomaster_WS/install/robomaster_msgs/share/robomaster_msgs/msg/WheelSpeeds.idl\n'}
[4.477181] (robomaster_msgs) StdoutLine: {'line': b'-- Up-to-date: /home/cricchetto/Robomaster_WS/install/robomaster_msgs/share/robomaster_msgs/msg/LEDEffect.idl\n'}
[4.477914] (explore_lite) JobProgress: {'identifier': 'explore_lite', 'progress': 'install'}
[4.478064] (explore_lite) Command: {'cmd': ['/usr/bin/cmake', '--install', '/home/cricchetto/Robomaster_WS/build/explore_lite'], 'cwd': '/home/cricchetto/Robomaster_WS/build/explore_lite', 'env': OrderedDict([('LESSOPEN', '| /usr/bin/lesspipe %s'), ('USER', 'cricchetto'), ('SSH_CLIENT', '172.18.147.201 55344 22'), ('LC_TIME', 'es_AR.UTF-8'), ('XDG_SESSION_TYPE', 'tty'), ('SHLVL', '2'), ('LD_LIBRARY_PATH', '/home/cricchetto/Robomaster_WS/install/robomaster_msgs/lib:/home/cricchetto/Robomaster_WS/install/dwb_msgs/lib:/home/cricchetto/Robomaster_WS/install/nav_2d_msgs/lib:/home/cricchetto/Robomaster_WS/install/nav2_voxel_grid/lib:/home/cricchetto/Robomaster_WS/install/nav2_msgs/lib:/home/cricchetto/Robomaster_WS/install/multirobot_map_merge/lib:/opt/ros/humble/opt/rviz_ogre_vendor/lib:/opt/ros/humble/lib/aarch64-linux-gnu:/opt/ros/humble/lib'), ('MOTD_SHOWN', 'pam'), ('HOME', '/home/cricchetto'), ('OLDPWD', '/home/cricchetto'), ('SSH_TTY', '/dev/pts/0'), ('ROS_PYTHON_VERSION', '3'), ('LC_MONETARY', 'es_AR.UTF-8'), ('DBUS_SESSION_BUS_ADDRESS', 'unix:path=/run/user/1000/bus'), ('COLCON_PREFIX_PATH', '/home/cricchetto/Robomaster_WS/install'), ('ROS_DISTRO', 'humble'), ('LOGNAME', 'cricchetto'), ('_', '/usr/bin/colcon'), ('ROS_VERSION', '2'), ('XDG_SESSION_CLASS', 'user'), ('TERM', 'xterm-256color'), ('XDG_SESSION_ID', '1'), ('ROS_LOCALHOST_ONLY', '0'), ('PATH', '/home/cricchetto/.local/bin:/opt/ros/humble/bin:/usr/local/sbin:/usr/local/bin:/usr/sbin:/usr/bin:/sbin:/bin:/usr/games:/usr/local/games:/snap/bin:/home/cricchettoSD/.local/bin'), ('LC_ADDRESS', 'es_AR.UTF-8'), ('XDG_RUNTIME_DIR', '/run/user/1000'), ('DISPLAY', 'localhost:10.0'), ('LANG', 'en_US.UTF-8'), ('LC_TELEPHONE', 'es_AR.UTF-8'), ('LS_COLORS', 'rs=0:di=01;34:ln=01;36:mh=00:pi=40;33:so=01;35:do=01;35:bd=40;33;01:cd=40;33;01:or=40;31;01:mi=00:su=37;41:sg=30;43:ca=30;41:tw=30;42:ow=34;42:st=37;44:ex=01;32:*.tar=01;31:*.tgz=01;31:*.arc=01;31:*.arj=01;31:*.taz=01;31:*.lha=01;31:*.lz4=01;31:*.lzh=01;31:*.lzma=01;31:*.tlz=01;31:*.txz=01;31:*.tzo=01;31:*.t7z=01;31:*.zip=01;31:*.z=01;31:*.dz=01;31:*.gz=01;31:*.lrz=01;31:*.lz=01;31:*.lzo=01;31:*.xz=01;31:*.zst=01;31:*.tzst=01;31:*.bz2=01;31:*.bz=01;31:*.tbz=01;31:*.tbz2=01;31:*.tz=01;31:*.deb=01;31:*.rpm=01;31:*.jar=01;31:*.war=01;31:*.ear=01;31:*.sar=01;31:*.rar=01;31:*.alz=01;31:*.ace=01;31:*.zoo=01;31:*.cpio=01;31:*.7z=01;31:*.rz=01;31:*.cab=01;31:*.wim=01;31:*.swm=01;31:*.dwm=01;31:*.esd=01;31:*.jpg=01;35:*.jpeg=01;35:*.mjpg=01;35:*.mjpeg=01;35:*.gif=01;35:*.bmp=01;35:*.pbm=01;35:*.pgm=01;35:*.ppm=01;35:*.tga=01;35:*.xbm=01;35:*.xpm=01;35:*.tif=01;35:*.tiff=01;35:*.png=01;35:*.svg=01;35:*.svgz=01;35:*.mng=01;35:*.pcx=01;35:*.mov=01;35:*.mpg=01;35:*.mpeg=01;35:*.m2v=01;35:*.mkv=01;35:*.webm=01;35:*.webp=01;35:*.ogm=01;35:*.mp4=01;35:*.m4v=01;35:*.mp4v=01;35:*.vob=01;35:*.qt=01;35:*.nuv=01;35:*.wmv=01;35:*.asf=01;35:*.rm=01;35:*.rmvb=01;35:*.flc=01;35:*.avi=01;35:*.fli=01;35:*.flv=01;35:*.gl=01;35:*.dl=01;35:*.xcf=01;35:*.xwd=01;35:*.yuv=01;35:*.cgm=01;35:*.emf=01;35:*.ogv=01;35:*.ogx=01;35:*.aac=00;36:*.au=00;36:*.flac=00;36:*.m4a=00;36:*.mid=00;36:*.midi=00;36:*.mka=00;36:*.mp3=00;36:*.mpc=00;36:*.ogg=00;36:*.ra=00;36:*.wav=00;36:*.oga=00;36:*.opus=00;36:*.spx=00;36:*.xspf=00;36:'), ('AMENT_PREFIX_PATH', '/home/cricchetto/Robomaster_WS/install/sllidar_ros2:/home/cricchetto/Robomaster_WS/install/robomaster_ros:/home/cricchetto/Robomaster_WS/install/robomaster_msgs:/home/cricchetto/Robomaster_WS/install/robomaster_description:/home/cricchetto/Robomaster_WS/install/dwb_msgs:/home/cricchetto/Robomaster_WS/install/nav_2d_msgs:/home/cricchetto/Robomaster_WS/install/nav2_voxel_grid:/home/cricchetto/Robomaster_WS/install/nav2_simple_commander:/home/cricchetto/Robomaster_WS/install/explore_lite:/home/cricchetto/Robomaster_WS/install/nav2_msgs:/home/cricchetto/Robomaster_WS/install/nav2_common:/home/cricchetto/Robomaster_WS/install/multirobot_map_merge:/home/cricchetto/Robomaster_WS/install/ep_control:/home/cricchetto/Robomaster_WS/install/drift:/opt/ros/humble'), ('SHELL', '/bin/bash'), ('LC_NAME', 'es_AR.UTF-8'), ('LESSCLOSE', '/usr/bin/lesspipe %s %s'), ('LC_MEASUREMENT', 'es_AR.UTF-8'), ('LC_IDENTIFICATION', 'es_AR.UTF-8'), ('PWD', '/home/cricchetto/Robomaster_WS/build/explore_lite'), ('LC_ALL', 'en_US.UTF-8'), ('SSH_CONNECTION', '172.18.147.201 55344 172.18.147.143 22'), ('PYTHONPATH', '/home/cricchetto/Robomaster_WS/install/robomaster_ros/lib/python3.10/site-packages:/home/cricchetto/Robomaster_WS/install/robomaster_msgs/local/lib/python3.10/dist-packages:/home/cricchetto/Robomaster_WS/install/dwb_msgs/local/lib/python3.10/dist-packages:/home/cricchetto/Robomaster_WS/install/nav_2d_msgs/local/lib/python3.10/dist-packages:/home/cricchetto/Robomaster_WS/install/nav2_simple_commander/lib/python3.10/site-packages:/home/cricchetto/Robomaster_WS/install/nav2_msgs/local/lib/python3.10/dist-packages:/home/cricchetto/Robomaster_WS/install/nav2_common/local/lib/python3.10/dist-packages:/home/cricchetto/Robomaster_WS/install/ep_control/lib/python3.10/site-packages:/home/cricchetto/Robomaster_WS/install/drift/lib/python3.10/site-packages:/opt/ros/humble/lib/python3.10/site-packages:/opt/ros/humble/local/lib/python3.10/dist-packages'), ('LC_NUMERIC', 'es_AR.UTF-8'), ('LC_PAPER', 'es_AR.UTF-8'), ('COLCON', '1'), ('CMAKE_PREFIX_PATH', '/home/cricchetto/Robomaster_WS/install/sllidar_ros2:/home/cricchetto/Robomaster_WS/install/robomaster_msgs:/home/cricchetto/Robomaster_WS/install/robomaster_description:/home/cricchetto/Robomaster_WS/install/dwb_msgs:/home/cricchetto/Robomaster_WS/install/nav_2d_msgs:/home/cricchetto/Robomaster_WS/install/nav2_voxel_grid:/home/cricchetto/Robomaster_WS/install/explore_lite:/home/cricchetto/Robomaster_WS/install/nav2_msgs:/home/cricchetto/Robomaster_WS/install/nav2_common:/home/cricchetto/Robomaster_WS/install/multirobot_map_merge:/home/cricchetto/Robomaster_WS/install/robomaster_ros:/home/cricchetto/Robomaster_WS/install/nav2_simple_commander:/home/cricchetto/Robomaster_WS/install/ep_control:/home/cricchetto/Robomaster_WS/install/drift:/opt/ros/humble')]), 'shell': False}
[4.484503] (robomaster_msgs) StdoutLine: {'line': b'-- Up-to-date: /home/cricchetto/Robomaster_WS/install/robomaster_msgs/share/robomaster_msgs/msg/ChassisStatus.idl\n'}
[4.485527] (robomaster_msgs) StdoutLine: {'line': b'-- Up-to-date: /home/cricchetto/Robomaster_WS/install/robomaster_msgs/share/robomaster_msgs/msg/SBus.idl\n'}
[4.486434] (robomaster_msgs) StdoutLine: {'line': b'-- Up-to-date: /home/cricchetto/Robomaster_WS/install/robomaster_msgs/share/robomaster_msgs/msg/PWM.idl\n'}
[4.491479] (robomaster_msgs) StdoutLine: {'line': b'-- Up-to-date: /home/cricchetto/Robomaster_WS/install/robomaster_msgs/share/robomaster_msgs/msg/GripperState.idl\n'}
[4.492273] (robomaster_msgs) StdoutLine: {'line': b'-- Up-to-date: /home/cricchetto/Robomaster_WS/install/robomaster_msgs/share/robomaster_msgs/msg/CameraConfig.idl\n'}
[4.492922] (robomaster_msgs) StdoutLine: {'line': b'-- Up-to-date: /home/cricchetto/Robomaster_WS/install/robomaster_msgs/share/robomaster_msgs/msg/ArmorHit.idl\n'}
[4.493493] (robomaster_msgs) StdoutLine: {'line': b'-- Up-to-date: /home/cricchetto/Robomaster_WS/install/robomaster_msgs/share/robomaster_msgs/msg/DetectedLine.idl\n'}
[4.494090] (robomaster_msgs) StdoutLine: {'line': b'-- Up-to-date: /home/cricchetto/Robomaster_WS/install/robomaster_msgs/share/robomaster_msgs/msg/DetectedGesture.idl\n'}
[4.494694] (robomaster_msgs) StdoutLine: {'line': b'-- Up-to-date: /home/cricchetto/Robomaster_WS/install/robomaster_msgs/share/robomaster_msgs/msg/DetectedMarker.idl\n'}
[4.495322] (robomaster_msgs) StdoutLine: {'line': b'-- Up-to-date: /home/cricchetto/Robomaster_WS/install/robomaster_msgs/share/robomaster_msgs/msg/DetectedPerson.idl\n'}
[4.495922] (robomaster_msgs) StdoutLine: {'line': b'-- Up-to-date: /home/cricchetto/Robomaster_WS/install/robomaster_msgs/share/robomaster_msgs/msg/DetectedRobot.idl\n'}
[4.496501] (robomaster_msgs) StdoutLine: {'line': b'-- Up-to-date: /home/cricchetto/Robomaster_WS/install/robomaster_msgs/share/robomaster_msgs/msg/Detection.idl\n'}
[4.497160] (robomaster_msgs) StdoutLine: {'line': b'-- Up-to-date: /home/cricchetto/Robomaster_WS/install/robomaster_msgs/share/robomaster_msgs/msg/RegionOfInterest.idl\n'}
[4.497729] (robomaster_msgs) StdoutLine: {'line': b'-- Up-to-date: /home/cricchetto/Robomaster_WS/install/robomaster_msgs/share/robomaster_msgs/msg/Serial.idl\n'}
[4.498347] (robomaster_msgs) StdoutLine: {'line': b'-- Up-to-date: /home/cricchetto/Robomaster_WS/install/robomaster_msgs/share/robomaster_msgs/msg/ServoCommand.idl\n'}
[4.499356] (robomaster_msgs) StdoutLine: {'line': b'-- Up-to-date: /home/cricchetto/Robomaster_WS/install/robomaster_msgs/share/robomaster_msgs/msg/GimbalCommand.idl\n'}
[4.501890] (robomaster_msgs) StdoutLine: {'line': b'-- Up-to-date: /home/cricchetto/Robomaster_WS/install/robomaster_msgs/share/robomaster_msgs/msg/BlasterLED.idl\n'}
[4.502567] (robomaster_msgs) StdoutLine: {'line': b'-- Up-to-date: /home/cricchetto/Robomaster_WS/install/robomaster_msgs/share/robomaster_msgs/msg/Mode.idl\n'}
[4.503631] (robomaster_msgs) StdoutLine: {'line': b'-- Up-to-date: /home/cricchetto/Robomaster_WS/install/robomaster_msgs/share/robomaster_msgs/msg/AudioData.idl\n'}
[4.506629] (robomaster_msgs) StdoutLine: {'line': b'-- Up-to-date: /home/cricchetto/Robomaster_WS/install/robomaster_msgs/share/robomaster_msgs/msg/AudioLevel.idl\n'}
[4.515582] (robomaster_msgs) StdoutLine: {'line': b'-- Up-to-date: /home/cricchetto/Robomaster_WS/install/robomaster_msgs/share/robomaster_msgs/msg/AudioOpus.idl\n'}
[4.516732] (robomaster_msgs) StdoutLine: {'line': b'-- Up-to-date: /home/cricchetto/Robomaster_WS/install/robomaster_msgs/share/robomaster_msgs/msg/H264Packet.idl\n'}
[4.518146] (robomaster_msgs) StdoutLine: {'line': b'-- Up-to-date: /home/cricchetto/Robomaster_WS/install/robomaster_msgs/share/robomaster_msgs/msg/SensorAdapter.idl\n'}
[4.519277] (robomaster_msgs) StdoutLine: {'line': b'-- Up-to-date: /home/cricchetto/Robomaster_WS/install/robomaster_msgs/share/robomaster_msgs/msg/ServoRawState.idl\n'}
[4.520415] (robomaster_msgs) StdoutLine: {'line': b'-- Up-to-date: /home/cricchetto/Robomaster_WS/install/robomaster_msgs/share/robomaster_msgs/msg/SpeakerCommand.idl\n'}
[4.521655] (robomaster_msgs) StdoutLine: {'line': b'-- Up-to-date: /home/cricchetto/Robomaster_WS/install/robomaster_msgs/share/robomaster_msgs/action/Move.idl\n'}
[4.522607] (robomaster_msgs) StdoutLine: {'line': b'-- Up-to-date: /home/cricchetto/Robomaster_WS/install/robomaster_msgs/share/robomaster_msgs/action/MoveArm.idl\n'}
[4.523897] (robomaster_msgs) StdoutLine: {'line': b'-- Up-to-date: /home/cricchetto/Robomaster_WS/install/robomaster_msgs/share/robomaster_msgs/action/GripperControl.idl\n'}
[4.524965] (robomaster_msgs) StdoutLine: {'line': b'-- Up-to-date: /home/cricchetto/Robomaster_WS/install/robomaster_msgs/share/robomaster_msgs/action/PlaySound.idl\n'}
[4.526375] (robomaster_msgs) StdoutLine: {'line': b'-- Up-to-date: /home/cricchetto/Robomaster_WS/install/robomaster_msgs/share/robomaster_msgs/action/MoveServo.idl\n'}
[4.527520] (robomaster_msgs) StdoutLine: {'line': b'-- Up-to-date: /home/cricchetto/Robomaster_WS/install/robomaster_msgs/share/robomaster_msgs/action/MoveGimbal.idl\n'}
[4.528741] (robomaster_msgs) StdoutLine: {'line': b'-- Up-to-date: /home/cricchetto/Robomaster_WS/install/robomaster_msgs/share/robomaster_msgs/action/RecenterGimbal.idl\n'}
[4.529741] (robomaster_msgs) StdoutLine: {'line': b'-- Up-to-date: /home/cricchetto/Robomaster_WS/install/robomaster_msgs/share/robomaster_msgs/srv/GetADC.idl\n'}
[4.530656] (robomaster_msgs) StdoutLine: {'line': b'-- Up-to-date: /home/cricchetto/Robomaster_WS/install/robomaster_msgs/share/robomaster_msgs/srv/GetIO.idl\n'}
[4.532115] (robomaster_msgs) StdoutLine: {'line': b'-- Up-to-date: /home/cricchetto/Robomaster_WS/install/robomaster_msgs/share/robomaster_msgs/srv/GetPulse.idl\n'}
[4.533025] (robomaster_msgs) StdoutLine: {'line': b'-- Up-to-date: /home/cricchetto/Robomaster_WS/install/robomaster_msgs/share/robomaster_msgs/srv/GetServoAngle.idl\n'}
[4.534324] (robomaster_msgs) StdoutLine: {'line': b'-- Up-to-date: /home/cricchetto/Robomaster_WS/install/robomaster_msgs/share/robomaster_msgs/msg/WheelSpeeds.msg\n'}
[4.535388] (robomaster_msgs) StdoutLine: {'line': b'-- Up-to-date: /home/cricchetto/Robomaster_WS/install/robomaster_msgs/share/robomaster_msgs/msg/LEDEffect.msg\n'}
[4.536573] (robomaster_msgs) StdoutLine: {'line': b'-- Up-to-date: /home/cricchetto/Robomaster_WS/install/robomaster_msgs/share/robomaster_msgs/msg/ChassisStatus.msg\n'}
[4.537545] (robomaster_msgs) StdoutLine: {'line': b'-- Up-to-date: /home/cricchetto/Robomaster_WS/install/robomaster_msgs/share/robomaster_msgs/msg/SBus.msg\n'}
[4.538623] (robomaster_msgs) StdoutLine: {'line': b'-- Up-to-date: /home/cricchetto/Robomaster_WS/install/robomaster_msgs/share/robomaster_msgs/msg/PWM.msg\n'}
[4.539726] (robomaster_msgs) StdoutLine: {'line': b'-- Up-to-date: /home/cricchetto/Robomaster_WS/install/robomaster_msgs/share/robomaster_msgs/msg/GripperState.msg\n'}
[4.540849] (robomaster_msgs) StdoutLine: {'line': b'-- Up-to-date: /home/cricchetto/Robomaster_WS/install/robomaster_msgs/share/robomaster_msgs/msg/CameraConfig.msg\n'}
[4.542103] (robomaster_msgs) StdoutLine: {'line': b'-- Up-to-date: /home/cricchetto/Robomaster_WS/install/robomaster_msgs/share/robomaster_msgs/msg/ArmorHit.msg\n'}
[4.543091] (robomaster_msgs) StdoutLine: {'line': b'-- Up-to-date: /home/cricchetto/Robomaster_WS/install/robomaster_msgs/share/robomaster_msgs/msg/DetectedLine.msg\n'}
[4.544945] (robomaster_msgs) StdoutLine: {'line': b'-- Up-to-date: /home/cricchetto/Robomaster_WS/install/robomaster_msgs/share/robomaster_msgs/msg/DetectedGesture.msg\n'}
[4.546029] (robomaster_msgs) StdoutLine: {'line': b'-- Up-to-date: /home/cricchetto/Robomaster_WS/install/robomaster_msgs/share/robomaster_msgs/msg/DetectedMarker.msg\n'}
[4.547265] (robomaster_msgs) StdoutLine: {'line': b'-- Up-to-date: /home/cricchetto/Robomaster_WS/install/robomaster_msgs/share/robomaster_msgs/msg/DetectedPerson.msg\n'}
[4.548684] (robomaster_msgs) StdoutLine: {'line': b'-- Up-to-date: /home/cricchetto/Robomaster_WS/install/robomaster_msgs/share/robomaster_msgs/msg/DetectedRobot.msg\n'}
[4.549778] (robomaster_msgs) StdoutLine: {'line': b'-- Up-to-date: /home/cricchetto/Robomaster_WS/install/robomaster_msgs/share/robomaster_msgs/msg/Detection.msg\n'}
[4.551108] (robomaster_msgs) StdoutLine: {'line': b'-- Up-to-date: /home/cricchetto/Robomaster_WS/install/robomaster_msgs/share/robomaster_msgs/msg/RegionOfInterest.msg\n'}
[4.552517] (robomaster_msgs) StdoutLine: {'line': b'-- Up-to-date: /home/cricchetto/Robomaster_WS/install/robomaster_msgs/share/robomaster_msgs/msg/Serial.msg\n'}
[4.553918] (-) TimerEvent: {}
[4.555352] (robomaster_msgs) StdoutLine: {'line': b'-- Up-to-date: /home/cricchetto/Robomaster_WS/install/robomaster_msgs/share/robomaster_msgs/msg/ServoCommand.msg\n'}
[4.556080] (robomaster_msgs) StdoutLine: {'line': b'-- Up-to-date: /home/cricchetto/Robomaster_WS/install/robomaster_msgs/share/robomaster_msgs/msg/GimbalCommand.msg\n'}
[4.556812] (robomaster_msgs) StdoutLine: {'line': b'-- Up-to-date: /home/cricchetto/Robomaster_WS/install/robomaster_msgs/share/robomaster_msgs/msg/BlasterLED.msg\n'}
[4.558126] (robomaster_msgs) StdoutLine: {'line': b'-- Up-to-date: /home/cricchetto/Robomaster_WS/install/robomaster_msgs/share/robomaster_msgs/msg/Mode.msg\n'}
[4.558712] (robomaster_msgs) StdoutLine: {'line': b'-- Up-to-date: /home/cricchetto/Robomaster_WS/install/robomaster_msgs/share/robomaster_msgs/msg/AudioData.msg\n'}
[4.559681] (robomaster_msgs) StdoutLine: {'line': b'-- Up-to-date: /home/cricchetto/Robomaster_WS/install/robomaster_msgs/share/robomaster_msgs/msg/AudioLevel.msg\n'}
[4.560693] (robomaster_msgs) StdoutLine: {'line': b'-- Up-to-date: /home/cricchetto/Robomaster_WS/install/robomaster_msgs/share/robomaster_msgs/msg/AudioOpus.msg\n'}
[4.561894] (robomaster_msgs) StdoutLine: {'line': b'-- Up-to-date: /home/cricchetto/Robomaster_WS/install/robomaster_msgs/share/robomaster_msgs/msg/H264Packet.msg\n'}
[4.562867] (robomaster_msgs) StdoutLine: {'line': b'-- Up-to-date: /home/cricchetto/Robomaster_WS/install/robomaster_msgs/share/robomaster_msgs/msg/SensorAdapter.msg\n'}
[4.563698] (robomaster_msgs) StdoutLine: {'line': b'-- Up-to-date: /home/cricchetto/Robomaster_WS/install/robomaster_msgs/share/robomaster_msgs/msg/ServoRawState.msg\n'}
[4.564602] (robomaster_msgs) StdoutLine: {'line': b'-- Up-to-date: /home/cricchetto/Robomaster_WS/install/robomaster_msgs/share/robomaster_msgs/msg/SpeakerCommand.msg\n'}
[4.565072] (robomaster_msgs) StdoutLine: {'line': b'-- Up-to-date: /home/cricchetto/Robomaster_WS/install/robomaster_msgs/share/robomaster_msgs/action/Move.action\n'}
[4.566361] (robomaster_msgs) StdoutLine: {'line': b'-- Up-to-date: /home/cricchetto/Robomaster_WS/install/robomaster_msgs/share/robomaster_msgs/action/MoveArm.action\n'}
[4.567472] (robomaster_msgs) StdoutLine: {'line': b'-- Up-to-date: /home/cricchetto/Robomaster_WS/install/robomaster_msgs/share/robomaster_msgs/action/GripperControl.action\n'}
[4.568580] (robomaster_msgs) StdoutLine: {'line': b'-- Up-to-date: /home/cricchetto/Robomaster_WS/install/robomaster_msgs/share/robomaster_msgs/action/PlaySound.action\n'}
[4.569873] (robomaster_msgs) StdoutLine: {'line': b'-- Up-to-date: /home/cricchetto/Robomaster_WS/install/robomaster_msgs/share/robomaster_msgs/action/MoveServo.action\n'}
[4.570983] (robomaster_msgs) StdoutLine: {'line': b'-- Up-to-date: /home/cricchetto/Robomaster_WS/install/robomaster_msgs/share/robomaster_msgs/action/MoveGimbal.action\n'}
[4.572406] (robomaster_msgs) StdoutLine: {'line': b'-- Up-to-date: /home/cricchetto/Robomaster_WS/install/robomaster_msgs/share/robomaster_msgs/action/RecenterGimbal.action\n'}
[4.573322] (robomaster_msgs) StdoutLine: {'line': b'-- Up-to-date: /home/cricchetto/Robomaster_WS/install/robomaster_msgs/share/robomaster_msgs/srv/GetADC.srv\n'}
[4.574388] (robomaster_msgs) StdoutLine: {'line': b'-- Up-to-date: /home/cricchetto/Robomaster_WS/install/robomaster_msgs/share/robomaster_msgs/srv/GetADC_Request.msg\n'}
[4.575321] (robomaster_msgs) StdoutLine: {'line': b'-- Up-to-date: /home/cricchetto/Robomaster_WS/install/robomaster_msgs/share/robomaster_msgs/srv/GetADC_Response.msg\n'}
[4.575996] (robomaster_msgs) StdoutLine: {'line': b'-- Up-to-date: /home/cricchetto/Robomaster_WS/install/robomaster_msgs/share/robomaster_msgs/srv/GetIO.srv\n'}
[4.576929] (robomaster_msgs) StdoutLine: {'line': b'-- Up-to-date: /home/cricchetto/Robomaster_WS/install/robomaster_msgs/share/robomaster_msgs/srv/GetIO_Request.msg\n'}
[4.577538] (robomaster_msgs) StdoutLine: {'line': b'-- Up-to-date: /home/cricchetto/Robomaster_WS/install/robomaster_msgs/share/robomaster_msgs/srv/GetIO_Response.msg\n'}
[4.578123] (robomaster_msgs) StdoutLine: {'line': b'-- Up-to-date: /home/cricchetto/Robomaster_WS/install/robomaster_msgs/share/robomaster_msgs/srv/GetPulse.srv\n'}
[4.578750] (robomaster_msgs) StdoutLine: {'line': b'-- Up-to-date: /home/cricchetto/Robomaster_WS/install/robomaster_msgs/share/robomaster_msgs/srv/GetPulse_Request.msg\n'}
[4.579376] (robomaster_msgs) StdoutLine: {'line': b'-- Up-to-date: /home/cricchetto/Robomaster_WS/install/robomaster_msgs/share/robomaster_msgs/srv/GetPulse_Response.msg\n'}
[4.580313] (robomaster_msgs) StdoutLine: {'line': b'-- Up-to-date: /home/cricchetto/Robomaster_WS/install/robomaster_msgs/share/robomaster_msgs/srv/GetServoAngle.srv\n'}
[4.580877] (robomaster_msgs) StdoutLine: {'line': b'-- Up-to-date: /home/cricchetto/Robomaster_WS/install/robomaster_msgs/share/robomaster_msgs/srv/GetServoAngle_Request.msg\n'}
[4.581382] (robomaster_msgs) StdoutLine: {'line': b'-- Up-to-date: /home/cricchetto/Robomaster_WS/install/robomaster_msgs/share/robomaster_msgs/srv/GetServoAngle_Response.msg\n'}
[4.581907] (robomaster_msgs) StdoutLine: {'line': b'-- Up-to-date: /home/cricchetto/Robomaster_WS/install/robomaster_msgs/share/ament_index/resource_index/package_run_dependencies/robomaster_msgs\n'}
[4.582426] (robomaster_msgs) StdoutLine: {'line': b'-- Up-to-date: /home/cricchetto/Robomaster_WS/install/robomaster_msgs/share/ament_index/resource_index/parent_prefix_path/robomaster_msgs\n'}
[4.582915] (robomaster_msgs) StdoutLine: {'line': b'-- Up-to-date: /home/cricchetto/Robomaster_WS/install/robomaster_msgs/share/robomaster_msgs/environment/ament_prefix_path.sh\n'}
[4.583495] (robomaster_msgs) StdoutLine: {'line': b'-- Up-to-date: /home/cricchetto/Robomaster_WS/install/robomaster_msgs/share/robomaster_msgs/environment/ament_prefix_path.dsv\n'}
[4.584090] (robomaster_msgs) StdoutLine: {'line': b'-- Up-to-date: /home/cricchetto/Robomaster_WS/install/robomaster_msgs/share/robomaster_msgs/environment/path.sh\n'}
[4.584638] (robomaster_msgs) StdoutLine: {'line': b'-- Up-to-date: /home/cricchetto/Robomaster_WS/install/robomaster_msgs/share/robomaster_msgs/environment/path.dsv\n'}
[4.585243] (robomaster_msgs) StdoutLine: {'line': b'-- Up-to-date: /home/cricchetto/Robomaster_WS/install/robomaster_msgs/share/robomaster_msgs/local_setup.bash\n'}
[4.586007] (robomaster_msgs) StdoutLine: {'line': b'-- Up-to-date: /home/cricchetto/Robomaster_WS/install/robomaster_msgs/share/robomaster_msgs/local_setup.sh\n'}
[4.586995] (robomaster_msgs) StdoutLine: {'line': b'-- Up-to-date: /home/cricchetto/Robomaster_WS/install/robomaster_msgs/share/robomaster_msgs/local_setup.zsh\n'}
[4.587941] (robomaster_msgs) StdoutLine: {'line': b'-- Up-to-date: /home/cricchetto/Robomaster_WS/install/robomaster_msgs/share/robomaster_msgs/local_setup.dsv\n'}
[4.588512] (robomaster_msgs) StdoutLine: {'line': b'-- Installing: /home/cricchetto/Robomaster_WS/install/robomaster_msgs/share/robomaster_msgs/package.dsv\n'}
[4.589187] (robomaster_msgs) StdoutLine: {'line': b'-- Up-to-date: /home/cricchetto/Robomaster_WS/install/robomaster_msgs/share/ament_index/resource_index/packages/robomaster_msgs\n'}
[4.589845] (robomaster_msgs) StdoutLine: {'line': b'-- Up-to-date: /home/cricchetto/Robomaster_WS/install/robomaster_msgs/share/robomaster_msgs/cmake/export_robomaster_msgs__rosidl_generator_cExport.cmake\n'}
[4.590354] (robomaster_msgs) StdoutLine: {'line': b'-- Up-to-date: /home/cricchetto/Robomaster_WS/install/robomaster_msgs/share/robomaster_msgs/cmake/export_robomaster_msgs__rosidl_generator_cExport-noconfig.cmake\n'}
[4.598279] (explore_lite) StdoutLine: {'line': b'-- Install configuration: ""\n'}
[4.599059] (robomaster_msgs) StdoutLine: {'line': b'-- Up-to-date: /home/cricchetto/Robomaster_WS/install/robomaster_msgs/share/robomaster_msgs/cmake/export_robomaster_msgs__rosidl_typesupport_fastrtps_cExport.cmake\n'}
[4.600030] (explore_lite) StdoutLine: {'line': b'-- Up-to-date: /home/cricchetto/Robomaster_WS/install/explore_lite/include/explore/\n'}
[4.600628] (robomaster_msgs) StdoutLine: {'line': b'-- Up-to-date: /home/cricchetto/Robomaster_WS/install/robomaster_msgs/share/robomaster_msgs/cmake/export_robomaster_msgs__rosidl_typesupport_fastrtps_cExport-noconfig.cmake\n'}
[4.601110] (explore_lite) StdoutLine: {'line': b'-- Up-to-date: /home/cricchetto/Robomaster_WS/install/explore_lite/include/explore//frontier_search.h\n'}
[4.601562] (explore_lite) StdoutLine: {'line': b'-- Up-to-date: /home/cricchetto/Robomaster_WS/install/explore_lite/include/explore//costmap_client.h\n'}
[4.605489] (explore_lite) StdoutLine: {'line': b'-- Up-to-date: /home/cricchetto/Robomaster_WS/install/explore_lite/include/explore//costmap_tools.h\n'}
[4.606027] (explore_lite) StdoutLine: {'line': b'-- Up-to-date: /home/cricchetto/Robomaster_WS/install/explore_lite/include/explore//explore.h\n'}
[4.606534] (explore_lite) StdoutLine: {'line': b'-- Up-to-date: /home/cricchetto/Robomaster_WS/install/explore_lite/share/explore_lite/config\n'}
[4.606937] (explore_lite) StdoutLine: {'line': b'-- Up-to-date: /home/cricchetto/Robomaster_WS/install/explore_lite/share/explore_lite/config/params_costmap.yaml\n'}
[4.607425] (explore_lite) StdoutLine: {'line': b'-- Up-to-date: /home/cricchetto/Robomaster_WS/install/explore_lite/share/explore_lite/config/params.yaml\n'}
[4.607920] (explore_lite) StdoutLine: {'line': b'-- Up-to-date: /home/cricchetto/Robomaster_WS/install/explore_lite/share/explore_lite/launch\n'}
[4.608412] (explore_lite) StdoutLine: {'line': b'-- Up-to-date: /home/cricchetto/Robomaster_WS/install/explore_lite/share/explore_lite/launch/explore.launch.py\n'}
[4.608850] (robomaster_msgs) StdoutLine: {'line': b'-- Up-to-date: /home/cricchetto/Robomaster_WS/install/robomaster_msgs/share/robomaster_msgs/cmake/robomaster_msgs__rosidl_typesupport_introspection_cExport.cmake\n'}
[4.609324] (robomaster_msgs) StdoutLine: {'line': b'-- Up-to-date: /home/cricchetto/Robomaster_WS/install/robomaster_msgs/share/robomaster_msgs/cmake/robomaster_msgs__rosidl_typesupport_introspection_cExport-noconfig.cmake\n'}
[4.610337] (explore_lite) StdoutLine: {'line': b'-- Up-to-date: /home/cricchetto/Robomaster_WS/install/explore_lite/lib/explore_lite/explore\n'}
[4.612923] (robomaster_msgs) StdoutLine: {'line': b'-- Up-to-date: /home/cricchetto/Robomaster_WS/install/robomaster_msgs/share/robomaster_msgs/cmake/robomaster_msgs__rosidl_typesupport_cExport.cmake\n'}
[4.615265] (explore_lite) StdoutLine: {'line': b'-- Up-to-date: /home/cricchetto/Robomaster_WS/install/explore_lite/share/ament_index/resource_index/package_run_dependencies/explore_lite\n'}
[4.618495] (robomaster_msgs) StdoutLine: {'line': b'-- Up-to-date: /home/cricchetto/Robomaster_WS/install/robomaster_msgs/share/robomaster_msgs/cmake/robomaster_msgs__rosidl_typesupport_cExport-noconfig.cmake\n'}
[4.628364] (explore_lite) StdoutLine: {'line': b'-- Up-to-date: /home/cricchetto/Robomaster_WS/install/explore_lite/share/ament_index/resource_index/parent_prefix_path/explore_lite\n'}
[4.629112] (explore_lite) StdoutLine: {'line': b'-- Up-to-date: /home/cricchetto/Robomaster_WS/install/explore_lite/share/explore_lite/environment/ament_prefix_path.sh\n'}
[4.629739] (explore_lite) StdoutLine: {'line': b'-- Up-to-date: /home/cricchetto/Robomaster_WS/install/explore_lite/share/explore_lite/environment/ament_prefix_path.dsv\n'}
[4.630417] (explore_lite) StdoutLine: {'line': b'-- Up-to-date: /home/cricchetto/Robomaster_WS/install/explore_lite/share/explore_lite/environment/path.sh\n'}
[4.635764] (explore_lite) StdoutLine: {'line': b'-- Up-to-date: /home/cricchetto/Robomaster_WS/install/explore_lite/share/explore_lite/environment/path.dsv\n'}
[4.636309] (robomaster_msgs) StdoutLine: {'line': b'-- Up-to-date: /home/cricchetto/Robomaster_WS/install/robomaster_msgs/share/robomaster_msgs/cmake/export_robomaster_msgs__rosidl_generator_cppExport.cmake\n'}
[4.636779] (explore_lite) StdoutLine: {'line': b'-- Up-to-date: /home/cricchetto/Robomaster_WS/install/explore_lite/share/explore_lite/local_setup.bash\n'}
[4.638347] (explore_lite) StdoutLine: {'line': b'-- Up-to-date: /home/cricchetto/Robomaster_WS/install/explore_lite/share/explore_lite/local_setup.sh\n'}
[4.638931] (explore_lite) StdoutLine: {'line': b'-- Up-to-date: /home/cricchetto/Robomaster_WS/install/explore_lite/share/explore_lite/local_setup.zsh\n'}
[4.639492] (explore_lite) StdoutLine: {'line': b'-- Up-to-date: /home/cricchetto/Robomaster_WS/install/explore_lite/share/explore_lite/local_setup.dsv\n'}
[4.643348] (explore_lite) StdoutLine: {'line': b'-- Installing: /home/cricchetto/Robomaster_WS/install/explore_lite/share/explore_lite/package.dsv\n'}
[4.645274] (explore_lite) StdoutLine: {'line': b'-- Up-to-date: /home/cricchetto/Robomaster_WS/install/explore_lite/share/ament_index/resource_index/packages/explore_lite\n'}
[4.646037] (explore_lite) StdoutLine: {'line': b'-- Up-to-date: /home/cricchetto/Robomaster_WS/install/explore_lite/share/explore_lite/cmake/ament_cmake_export_include_directories-extras.cmake\n'}
[4.649446] (explore_lite) StdoutLine: {'line': b'-- Up-to-date: /home/cricchetto/Robomaster_WS/install/explore_lite/share/explore_lite/cmake/explore_liteConfig.cmake\n'}
[4.652214] (explore_lite) StdoutLine: {'line': b'-- Up-to-date: /home/cricchetto/Robomaster_WS/install/explore_lite/share/explore_lite/cmake/explore_liteConfig-version.cmake\n'}
[4.654553] (-) TimerEvent: {}
[4.656987] (explore_lite) StdoutLine: {'line': b'-- Up-to-date: /home/cricchetto/Robomaster_WS/install/explore_lite/share/explore_lite/package.xml\n'}
[4.657708] (robomaster_msgs) StdoutLine: {'line': b'-- Up-to-date: /home/cricchetto/Robomaster_WS/install/robomaster_msgs/share/robomaster_msgs/cmake/export_robomaster_msgs__rosidl_typesupport_fastrtps_cppExport.cmake\n'}
[4.658316] (robomaster_msgs) StdoutLine: {'line': b'-- Up-to-date: /home/cricchetto/Robomaster_WS/install/robomaster_msgs/share/robomaster_msgs/cmake/export_robomaster_msgs__rosidl_typesupport_fastrtps_cppExport-noconfig.cmake\n'}
[4.658865] (robomaster_msgs) StdoutLine: {'line': b'-- Up-to-date: /home/cricchetto/Robomaster_WS/install/robomaster_msgs/share/robomaster_msgs/cmake/robomaster_msgs__rosidl_typesupport_introspection_cppExport.cmake\n'}
[4.659475] (robomaster_msgs) StdoutLine: {'line': b'-- Up-to-date: /home/cricchetto/Robomaster_WS/install/robomaster_msgs/share/robomaster_msgs/cmake/robomaster_msgs__rosidl_typesupport_introspection_cppExport-noconfig.cmake\n'}
[4.660115] (robomaster_msgs) StdoutLine: {'line': b'-- Up-to-date: /home/cricchetto/Robomaster_WS/install/robomaster_msgs/share/robomaster_msgs/cmake/robomaster_msgs__rosidl_typesupport_cppExport.cmake\n'}
[4.660772] (explore_lite) CommandEnded: {'returncode': 0}
[4.662275] (robomaster_msgs) StdoutLine: {'line': b'-- Up-to-date: /home/cricchetto/Robomaster_WS/install/robomaster_msgs/share/robomaster_msgs/cmake/robomaster_msgs__rosidl_typesupport_cppExport-noconfig.cmake\n'}
[4.664697] (robomaster_msgs) StdoutLine: {'line': b'-- Up-to-date: /home/cricchetto/Robomaster_WS/install/robomaster_msgs/share/robomaster_msgs/cmake/export_robomaster_msgs__rosidl_generator_pyExport.cmake\n'}
[4.665713] (robomaster_msgs) StdoutLine: {'line': b'-- Up-to-date: /home/cricchetto/Robomaster_WS/install/robomaster_msgs/share/robomaster_msgs/cmake/export_robomaster_msgs__rosidl_generator_pyExport-noconfig.cmake\n'}
[4.670594] (robomaster_msgs) StdoutLine: {'line': b'-- Up-to-date: /home/cricchetto/Robomaster_WS/install/robomaster_msgs/share/robomaster_msgs/cmake/rosidl_cmake-extras.cmake\n'}
[4.672092] (robomaster_msgs) StdoutLine: {'line': b'-- Up-to-date: /home/cricchetto/Robomaster_WS/install/robomaster_msgs/share/robomaster_msgs/cmake/ament_cmake_export_dependencies-extras.cmake\n'}
[4.673930] (robomaster_msgs) StdoutLine: {'line': b'-- Up-to-date: /home/cricchetto/Robomaster_WS/install/robomaster_msgs/share/robomaster_msgs/cmake/ament_cmake_export_include_directories-extras.cmake\n'}
[4.675321] (robomaster_msgs) StdoutLine: {'line': b'-- Up-to-date: /home/cricchetto/Robomaster_WS/install/robomaster_msgs/share/robomaster_msgs/cmake/ament_cmake_export_libraries-extras.cmake\n'}
[4.677553] (robomaster_msgs) StdoutLine: {'line': b'-- Up-to-date: /home/cricchetto/Robomaster_WS/install/robomaster_msgs/share/robomaster_msgs/cmake/ament_cmake_export_targets-extras.cmake\n'}
[4.680667] (robomaster_msgs) StdoutLine: {'line': b'-- Up-to-date: /home/cricchetto/Robomaster_WS/install/robomaster_msgs/share/robomaster_msgs/cmake/rosidl_cmake_export_typesupport_targets-extras.cmake\n'}
[4.681459] (robomaster_msgs) StdoutLine: {'line': b'-- Up-to-date: /home/cricchetto/Robomaster_WS/install/robomaster_msgs/share/robomaster_msgs/cmake/rosidl_cmake_export_typesupport_libraries-extras.cmake\n'}
[4.682004] (robomaster_msgs) StdoutLine: {'line': b'-- Up-to-date: /home/cricchetto/Robomaster_WS/install/robomaster_msgs/share/robomaster_msgs/cmake/robomaster_msgsConfig.cmake\n'}
[4.682671] (robomaster_msgs) StdoutLine: {'line': b'-- Up-to-date: /home/cricchetto/Robomaster_WS/install/robomaster_msgs/share/robomaster_msgs/cmake/robomaster_msgsConfig-version.cmake\n'}
[4.683170] (robomaster_msgs) StdoutLine: {'line': b'-- Up-to-date: /home/cricchetto/Robomaster_WS/install/robomaster_msgs/share/robomaster_msgs/package.xml\n'}
[4.755027] (-) TimerEvent: {}
[4.763528] (explore_lite) JobEnded: {'identifier': 'explore_lite', 'rc': 0}
[4.772440] (multirobot_map_merge) JobStarted: {'identifier': 'multirobot_map_merge'}
[4.800380] (robomaster_msgs) CommandEnded: {'returncode': 0}
[4.855857] (-) TimerEvent: {}
[4.906923] (robomaster_msgs) JobEnded: {'identifier': 'robomaster_msgs', 'rc': 0}
[4.913095] (robomaster_description) JobStarted: {'identifier': 'robomaster_description'}
[4.947356] (multirobot_map_merge) JobProgress: {'identifier': 'multirobot_map_merge', 'progress': 'cmake'}
[4.956059] (-) TimerEvent: {}
[4.957968] (multirobot_map_merge) JobProgress: {'identifier': 'multirobot_map_merge', 'progress': 'build'}
[4.959891] (multirobot_map_merge) Command: {'cmd': ['/usr/bin/cmake', '--build', '/home/cricchetto/Robomaster_WS/build/multirobot_map_merge', '--', '-j4', '-l4'], 'cwd': '/home/cricchetto/Robomaster_WS/build/multirobot_map_merge', 'env': OrderedDict([('LESSOPEN', '| /usr/bin/lesspipe %s'), ('USER', 'cricchetto'), ('SSH_CLIENT', '172.18.147.201 55344 22'), ('LC_TIME', 'es_AR.UTF-8'), ('XDG_SESSION_TYPE', 'tty'), ('SHLVL', '2'), ('LD_LIBRARY_PATH', '/home/cricchetto/Robomaster_WS/install/robomaster_msgs/lib:/home/cricchetto/Robomaster_WS/install/dwb_msgs/lib:/home/cricchetto/Robomaster_WS/install/nav_2d_msgs/lib:/home/cricchetto/Robomaster_WS/install/nav2_voxel_grid/lib:/home/cricchetto/Robomaster_WS/install/nav2_msgs/lib:/home/cricchetto/Robomaster_WS/install/multirobot_map_merge/lib:/opt/ros/humble/opt/rviz_ogre_vendor/lib:/opt/ros/humble/lib/aarch64-linux-gnu:/opt/ros/humble/lib'), ('MOTD_SHOWN', 'pam'), ('HOME', '/home/cricchetto'), ('OLDPWD', '/home/cricchetto'), ('SSH_TTY', '/dev/pts/0'), ('ROS_PYTHON_VERSION', '3'), ('LC_MONETARY', 'es_AR.UTF-8'), ('DBUS_SESSION_BUS_ADDRESS', 'unix:path=/run/user/1000/bus'), ('COLCON_PREFIX_PATH', '/home/cricchetto/Robomaster_WS/install'), ('ROS_DISTRO', 'humble'), ('LOGNAME', 'cricchetto'), ('_', '/usr/bin/colcon'), ('ROS_VERSION', '2'), ('XDG_SESSION_CLASS', 'user'), ('TERM', 'xterm-256color'), ('XDG_SESSION_ID', '1'), ('ROS_LOCALHOST_ONLY', '0'), ('PATH', '/home/cricchetto/.local/bin:/opt/ros/humble/bin:/usr/local/sbin:/usr/local/bin:/usr/sbin:/usr/bin:/sbin:/bin:/usr/games:/usr/local/games:/snap/bin:/home/cricchettoSD/.local/bin'), ('LC_ADDRESS', 'es_AR.UTF-8'), ('XDG_RUNTIME_DIR', '/run/user/1000'), ('DISPLAY', 'localhost:10.0'), ('LANG', 'en_US.UTF-8'), ('LC_TELEPHONE', 'es_AR.UTF-8'), ('LS_COLORS', 'rs=0:di=01;34:ln=01;36:mh=00:pi=40;33:so=01;35:do=01;35:bd=40;33;01:cd=40;33;01:or=40;31;01:mi=00:su=37;41:sg=30;43:ca=30;41:tw=30;42:ow=34;42:st=37;44:ex=01;32:*.tar=01;31:*.tgz=01;31:*.arc=01;31:*.arj=01;31:*.taz=01;31:*.lha=01;31:*.lz4=01;31:*.lzh=01;31:*.lzma=01;31:*.tlz=01;31:*.txz=01;31:*.tzo=01;31:*.t7z=01;31:*.zip=01;31:*.z=01;31:*.dz=01;31:*.gz=01;31:*.lrz=01;31:*.lz=01;31:*.lzo=01;31:*.xz=01;31:*.zst=01;31:*.tzst=01;31:*.bz2=01;31:*.bz=01;31:*.tbz=01;31:*.tbz2=01;31:*.tz=01;31:*.deb=01;31:*.rpm=01;31:*.jar=01;31:*.war=01;31:*.ear=01;31:*.sar=01;31:*.rar=01;31:*.alz=01;31:*.ace=01;31:*.zoo=01;31:*.cpio=01;31:*.7z=01;31:*.rz=01;31:*.cab=01;31:*.wim=01;31:*.swm=01;31:*.dwm=01;31:*.esd=01;31:*.jpg=01;35:*.jpeg=01;35:*.mjpg=01;35:*.mjpeg=01;35:*.gif=01;35:*.bmp=01;35:*.pbm=01;35:*.pgm=01;35:*.ppm=01;35:*.tga=01;35:*.xbm=01;35:*.xpm=01;35:*.tif=01;35:*.tiff=01;35:*.png=01;35:*.svg=01;35:*.svgz=01;35:*.mng=01;35:*.pcx=01;35:*.mov=01;35:*.mpg=01;35:*.mpeg=01;35:*.m2v=01;35:*.mkv=01;35:*.webm=01;35:*.webp=01;35:*.ogm=01;35:*.mp4=01;35:*.m4v=01;35:*.mp4v=01;35:*.vob=01;35:*.qt=01;35:*.nuv=01;35:*.wmv=01;35:*.asf=01;35:*.rm=01;35:*.rmvb=01;35:*.flc=01;35:*.avi=01;35:*.fli=01;35:*.flv=01;35:*.gl=01;35:*.dl=01;35:*.xcf=01;35:*.xwd=01;35:*.yuv=01;35:*.cgm=01;35:*.emf=01;35:*.ogv=01;35:*.ogx=01;35:*.aac=00;36:*.au=00;36:*.flac=00;36:*.m4a=00;36:*.mid=00;36:*.midi=00;36:*.mka=00;36:*.mp3=00;36:*.mpc=00;36:*.ogg=00;36:*.ra=00;36:*.wav=00;36:*.oga=00;36:*.opus=00;36:*.spx=00;36:*.xspf=00;36:'), ('AMENT_PREFIX_PATH', '/home/cricchetto/Robomaster_WS/install/sllidar_ros2:/home/cricchetto/Robomaster_WS/install/robomaster_ros:/home/cricchetto/Robomaster_WS/install/robomaster_msgs:/home/cricchetto/Robomaster_WS/install/robomaster_description:/home/cricchetto/Robomaster_WS/install/dwb_msgs:/home/cricchetto/Robomaster_WS/install/nav_2d_msgs:/home/cricchetto/Robomaster_WS/install/nav2_voxel_grid:/home/cricchetto/Robomaster_WS/install/nav2_simple_commander:/home/cricchetto/Robomaster_WS/install/explore_lite:/home/cricchetto/Robomaster_WS/install/nav2_msgs:/home/cricchetto/Robomaster_WS/install/nav2_common:/home/cricchetto/Robomaster_WS/install/multirobot_map_merge:/home/cricchetto/Robomaster_WS/install/ep_control:/home/cricchetto/Robomaster_WS/install/drift:/opt/ros/humble'), ('SHELL', '/bin/bash'), ('LC_NAME', 'es_AR.UTF-8'), ('LESSCLOSE', '/usr/bin/lesspipe %s %s'), ('LC_MEASUREMENT', 'es_AR.UTF-8'), ('LC_IDENTIFICATION', 'es_AR.UTF-8'), ('PWD', '/home/cricchetto/Robomaster_WS/build/multirobot_map_merge'), ('LC_ALL', 'en_US.UTF-8'), ('SSH_CONNECTION', '172.18.147.201 55344 172.18.147.143 22'), ('PYTHONPATH', '/home/cricchetto/Robomaster_WS/install/robomaster_ros/lib/python3.10/site-packages:/home/cricchetto/Robomaster_WS/install/robomaster_msgs/local/lib/python3.10/dist-packages:/home/cricchetto/Robomaster_WS/install/dwb_msgs/local/lib/python3.10/dist-packages:/home/cricchetto/Robomaster_WS/install/nav_2d_msgs/local/lib/python3.10/dist-packages:/home/cricchetto/Robomaster_WS/install/nav2_simple_commander/lib/python3.10/site-packages:/home/cricchetto/Robomaster_WS/install/nav2_msgs/local/lib/python3.10/dist-packages:/home/cricchetto/Robomaster_WS/install/nav2_common/local/lib/python3.10/dist-packages:/home/cricchetto/Robomaster_WS/install/ep_control/lib/python3.10/site-packages:/home/cricchetto/Robomaster_WS/install/drift/lib/python3.10/site-packages:/opt/ros/humble/lib/python3.10/site-packages:/opt/ros/humble/local/lib/python3.10/dist-packages'), ('LC_NUMERIC', 'es_AR.UTF-8'), ('LC_PAPER', 'es_AR.UTF-8'), ('COLCON', '1'), ('CMAKE_PREFIX_PATH', '/home/cricchetto/Robomaster_WS/install/sllidar_ros2:/home/cricchetto/Robomaster_WS/install/robomaster_msgs:/home/cricchetto/Robomaster_WS/install/robomaster_description:/home/cricchetto/Robomaster_WS/install/dwb_msgs:/home/cricchetto/Robomaster_WS/install/nav_2d_msgs:/home/cricchetto/Robomaster_WS/install/nav2_voxel_grid:/home/cricchetto/Robomaster_WS/install/explore_lite:/home/cricchetto/Robomaster_WS/install/nav2_msgs:/home/cricchetto/Robomaster_WS/install/nav2_common:/home/cricchetto/Robomaster_WS/install/multirobot_map_merge:/home/cricchetto/Robomaster_WS/install/robomaster_ros:/home/cricchetto/Robomaster_WS/install/nav2_simple_commander:/home/cricchetto/Robomaster_WS/install/ep_control:/home/cricchetto/Robomaster_WS/install/drift:/opt/ros/humble')]), 'shell': False}
[4.974062] (robomaster_description) JobProgress: {'identifier': 'robomaster_description', 'progress': 'cmake'}
[4.979944] (robomaster_description) JobProgress: {'identifier': 'robomaster_description', 'progress': 'build'}
[4.981253] (robomaster_description) Command: {'cmd': ['/usr/bin/cmake', '--build', '/home/cricchetto/Robomaster_WS/build/robomaster_description', '--', '-j4', '-l4'], 'cwd': '/home/cricchetto/Robomaster_WS/build/robomaster_description', 'env': OrderedDict([('LESSOPEN', '| /usr/bin/lesspipe %s'), ('USER', 'cricchetto'), ('SSH_CLIENT', '172.18.147.201 55344 22'), ('LC_TIME', 'es_AR.UTF-8'), ('XDG_SESSION_TYPE', 'tty'), ('SHLVL', '2'), ('LD_LIBRARY_PATH', '/home/cricchetto/Robomaster_WS/install/robomaster_msgs/lib:/home/cricchetto/Robomaster_WS/install/dwb_msgs/lib:/home/cricchetto/Robomaster_WS/install/nav_2d_msgs/lib:/home/cricchetto/Robomaster_WS/install/nav2_voxel_grid/lib:/home/cricchetto/Robomaster_WS/install/nav2_msgs/lib:/home/cricchetto/Robomaster_WS/install/multirobot_map_merge/lib:/opt/ros/humble/opt/rviz_ogre_vendor/lib:/opt/ros/humble/lib/aarch64-linux-gnu:/opt/ros/humble/lib'), ('MOTD_SHOWN', 'pam'), ('HOME', '/home/cricchetto'), ('OLDPWD', '/home/cricchetto'), ('SSH_TTY', '/dev/pts/0'), ('ROS_PYTHON_VERSION', '3'), ('LC_MONETARY', 'es_AR.UTF-8'), ('DBUS_SESSION_BUS_ADDRESS', 'unix:path=/run/user/1000/bus'), ('COLCON_PREFIX_PATH', '/home/cricchetto/Robomaster_WS/install'), ('ROS_DISTRO', 'humble'), ('LOGNAME', 'cricchetto'), ('_', '/usr/bin/colcon'), ('ROS_VERSION', '2'), ('XDG_SESSION_CLASS', 'user'), ('TERM', 'xterm-256color'), ('XDG_SESSION_ID', '1'), ('ROS_LOCALHOST_ONLY', '0'), ('PATH', '/home/cricchetto/.local/bin:/opt/ros/humble/bin:/usr/local/sbin:/usr/local/bin:/usr/sbin:/usr/bin:/sbin:/bin:/usr/games:/usr/local/games:/snap/bin:/home/cricchettoSD/.local/bin'), ('LC_ADDRESS', 'es_AR.UTF-8'), ('XDG_RUNTIME_DIR', '/run/user/1000'), ('DISPLAY', 'localhost:10.0'), ('LANG', 'en_US.UTF-8'), ('LC_TELEPHONE', 'es_AR.UTF-8'), ('LS_COLORS', 'rs=0:di=01;34:ln=01;36:mh=00:pi=40;33:so=01;35:do=01;35:bd=40;33;01:cd=40;33;01:or=40;31;01:mi=00:su=37;41:sg=30;43:ca=30;41:tw=30;42:ow=34;42:st=37;44:ex=01;32:*.tar=01;31:*.tgz=01;31:*.arc=01;31:*.arj=01;31:*.taz=01;31:*.lha=01;31:*.lz4=01;31:*.lzh=01;31:*.lzma=01;31:*.tlz=01;31:*.txz=01;31:*.tzo=01;31:*.t7z=01;31:*.zip=01;31:*.z=01;31:*.dz=01;31:*.gz=01;31:*.lrz=01;31:*.lz=01;31:*.lzo=01;31:*.xz=01;31:*.zst=01;31:*.tzst=01;31:*.bz2=01;31:*.bz=01;31:*.tbz=01;31:*.tbz2=01;31:*.tz=01;31:*.deb=01;31:*.rpm=01;31:*.jar=01;31:*.war=01;31:*.ear=01;31:*.sar=01;31:*.rar=01;31:*.alz=01;31:*.ace=01;31:*.zoo=01;31:*.cpio=01;31:*.7z=01;31:*.rz=01;31:*.cab=01;31:*.wim=01;31:*.swm=01;31:*.dwm=01;31:*.esd=01;31:*.jpg=01;35:*.jpeg=01;35:*.mjpg=01;35:*.mjpeg=01;35:*.gif=01;35:*.bmp=01;35:*.pbm=01;35:*.pgm=01;35:*.ppm=01;35:*.tga=01;35:*.xbm=01;35:*.xpm=01;35:*.tif=01;35:*.tiff=01;35:*.png=01;35:*.svg=01;35:*.svgz=01;35:*.mng=01;35:*.pcx=01;35:*.mov=01;35:*.mpg=01;35:*.mpeg=01;35:*.m2v=01;35:*.mkv=01;35:*.webm=01;35:*.webp=01;35:*.ogm=01;35:*.mp4=01;35:*.m4v=01;35:*.mp4v=01;35:*.vob=01;35:*.qt=01;35:*.nuv=01;35:*.wmv=01;35:*.asf=01;35:*.rm=01;35:*.rmvb=01;35:*.flc=01;35:*.avi=01;35:*.fli=01;35:*.flv=01;35:*.gl=01;35:*.dl=01;35:*.xcf=01;35:*.xwd=01;35:*.yuv=01;35:*.cgm=01;35:*.emf=01;35:*.ogv=01;35:*.ogx=01;35:*.aac=00;36:*.au=00;36:*.flac=00;36:*.m4a=00;36:*.mid=00;36:*.midi=00;36:*.mka=00;36:*.mp3=00;36:*.mpc=00;36:*.ogg=00;36:*.ra=00;36:*.wav=00;36:*.oga=00;36:*.opus=00;36:*.spx=00;36:*.xspf=00;36:'), ('AMENT_PREFIX_PATH', '/home/cricchetto/Robomaster_WS/install/sllidar_ros2:/home/cricchetto/Robomaster_WS/install/robomaster_ros:/home/cricchetto/Robomaster_WS/install/robomaster_msgs:/home/cricchetto/Robomaster_WS/install/robomaster_description:/home/cricchetto/Robomaster_WS/install/dwb_msgs:/home/cricchetto/Robomaster_WS/install/nav_2d_msgs:/home/cricchetto/Robomaster_WS/install/nav2_voxel_grid:/home/cricchetto/Robomaster_WS/install/nav2_simple_commander:/home/cricchetto/Robomaster_WS/install/explore_lite:/home/cricchetto/Robomaster_WS/install/nav2_msgs:/home/cricchetto/Robomaster_WS/install/nav2_common:/home/cricchetto/Robomaster_WS/install/multirobot_map_merge:/home/cricchetto/Robomaster_WS/install/ep_control:/home/cricchetto/Robomaster_WS/install/drift:/opt/ros/humble'), ('SHELL', '/bin/bash'), ('LC_NAME', 'es_AR.UTF-8'), ('LESSCLOSE', '/usr/bin/lesspipe %s %s'), ('LC_MEASUREMENT', 'es_AR.UTF-8'), ('LC_IDENTIFICATION', 'es_AR.UTF-8'), ('PWD', '/home/cricchetto/Robomaster_WS/build/robomaster_description'), ('LC_ALL', 'en_US.UTF-8'), ('SSH_CONNECTION', '172.18.147.201 55344 172.18.147.143 22'), ('PYTHONPATH', '/home/cricchetto/Robomaster_WS/install/robomaster_ros/lib/python3.10/site-packages:/home/cricchetto/Robomaster_WS/install/robomaster_msgs/local/lib/python3.10/dist-packages:/home/cricchetto/Robomaster_WS/install/dwb_msgs/local/lib/python3.10/dist-packages:/home/cricchetto/Robomaster_WS/install/nav_2d_msgs/local/lib/python3.10/dist-packages:/home/cricchetto/Robomaster_WS/install/nav2_simple_commander/lib/python3.10/site-packages:/home/cricchetto/Robomaster_WS/install/nav2_msgs/local/lib/python3.10/dist-packages:/home/cricchetto/Robomaster_WS/install/nav2_common/local/lib/python3.10/dist-packages:/home/cricchetto/Robomaster_WS/install/ep_control/lib/python3.10/site-packages:/home/cricchetto/Robomaster_WS/install/drift/lib/python3.10/site-packages:/opt/ros/humble/lib/python3.10/site-packages:/opt/ros/humble/local/lib/python3.10/dist-packages'), ('LC_NUMERIC', 'es_AR.UTF-8'), ('LC_PAPER', 'es_AR.UTF-8'), ('COLCON', '1'), ('CMAKE_PREFIX_PATH', '/home/cricchetto/Robomaster_WS/install/sllidar_ros2:/home/cricchetto/Robomaster_WS/install/robomaster_msgs:/home/cricchetto/Robomaster_WS/install/robomaster_description:/home/cricchetto/Robomaster_WS/install/dwb_msgs:/home/cricchetto/Robomaster_WS/install/nav_2d_msgs:/home/cricchetto/Robomaster_WS/install/nav2_voxel_grid:/home/cricchetto/Robomaster_WS/install/explore_lite:/home/cricchetto/Robomaster_WS/install/nav2_msgs:/home/cricchetto/Robomaster_WS/install/nav2_common:/home/cricchetto/Robomaster_WS/install/multirobot_map_merge:/home/cricchetto/Robomaster_WS/install/robomaster_ros:/home/cricchetto/Robomaster_WS/install/nav2_simple_commander:/home/cricchetto/Robomaster_WS/install/ep_control:/home/cricchetto/Robomaster_WS/install/drift:/opt/ros/humble')]), 'shell': False}
[5.056280] (-) TimerEvent: {}
[5.157305] (-) TimerEvent: {}
[5.228349] (robomaster_description) CommandEnded: {'returncode': 0}
[5.242123] (robomaster_description) JobProgress: {'identifier': 'robomaster_description', 'progress': 'install'}
[5.242431] (robomaster_description) Command: {'cmd': ['/usr/bin/cmake', '--install', '/home/cricchetto/Robomaster_WS/build/robomaster_description'], 'cwd': '/home/cricchetto/Robomaster_WS/build/robomaster_description', 'env': OrderedDict([('LESSOPEN', '| /usr/bin/lesspipe %s'), ('USER', 'cricchetto'), ('SSH_CLIENT', '172.18.147.201 55344 22'), ('LC_TIME', 'es_AR.UTF-8'), ('XDG_SESSION_TYPE', 'tty'), ('SHLVL', '2'), ('LD_LIBRARY_PATH', '/home/cricchetto/Robomaster_WS/install/robomaster_msgs/lib:/home/cricchetto/Robomaster_WS/install/dwb_msgs/lib:/home/cricchetto/Robomaster_WS/install/nav_2d_msgs/lib:/home/cricchetto/Robomaster_WS/install/nav2_voxel_grid/lib:/home/cricchetto/Robomaster_WS/install/nav2_msgs/lib:/home/cricchetto/Robomaster_WS/install/multirobot_map_merge/lib:/opt/ros/humble/opt/rviz_ogre_vendor/lib:/opt/ros/humble/lib/aarch64-linux-gnu:/opt/ros/humble/lib'), ('MOTD_SHOWN', 'pam'), ('HOME', '/home/cricchetto'), ('OLDPWD', '/home/cricchetto'), ('SSH_TTY', '/dev/pts/0'), ('ROS_PYTHON_VERSION', '3'), ('LC_MONETARY', 'es_AR.UTF-8'), ('DBUS_SESSION_BUS_ADDRESS', 'unix:path=/run/user/1000/bus'), ('COLCON_PREFIX_PATH', '/home/cricchetto/Robomaster_WS/install'), ('ROS_DISTRO', 'humble'), ('LOGNAME', 'cricchetto'), ('_', '/usr/bin/colcon'), ('ROS_VERSION', '2'), ('XDG_SESSION_CLASS', 'user'), ('TERM', 'xterm-256color'), ('XDG_SESSION_ID', '1'), ('ROS_LOCALHOST_ONLY', '0'), ('PATH', '/home/cricchetto/.local/bin:/opt/ros/humble/bin:/usr/local/sbin:/usr/local/bin:/usr/sbin:/usr/bin:/sbin:/bin:/usr/games:/usr/local/games:/snap/bin:/home/cricchettoSD/.local/bin'), ('LC_ADDRESS', 'es_AR.UTF-8'), ('XDG_RUNTIME_DIR', '/run/user/1000'), ('DISPLAY', 'localhost:10.0'), ('LANG', 'en_US.UTF-8'), ('LC_TELEPHONE', 'es_AR.UTF-8'), ('LS_COLORS', 'rs=0:di=01;34:ln=01;36:mh=00:pi=40;33:so=01;35:do=01;35:bd=40;33;01:cd=40;33;01:or=40;31;01:mi=00:su=37;41:sg=30;43:ca=30;41:tw=30;42:ow=34;42:st=37;44:ex=01;32:*.tar=01;31:*.tgz=01;31:*.arc=01;31:*.arj=01;31:*.taz=01;31:*.lha=01;31:*.lz4=01;31:*.lzh=01;31:*.lzma=01;31:*.tlz=01;31:*.txz=01;31:*.tzo=01;31:*.t7z=01;31:*.zip=01;31:*.z=01;31:*.dz=01;31:*.gz=01;31:*.lrz=01;31:*.lz=01;31:*.lzo=01;31:*.xz=01;31:*.zst=01;31:*.tzst=01;31:*.bz2=01;31:*.bz=01;31:*.tbz=01;31:*.tbz2=01;31:*.tz=01;31:*.deb=01;31:*.rpm=01;31:*.jar=01;31:*.war=01;31:*.ear=01;31:*.sar=01;31:*.rar=01;31:*.alz=01;31:*.ace=01;31:*.zoo=01;31:*.cpio=01;31:*.7z=01;31:*.rz=01;31:*.cab=01;31:*.wim=01;31:*.swm=01;31:*.dwm=01;31:*.esd=01;31:*.jpg=01;35:*.jpeg=01;35:*.mjpg=01;35:*.mjpeg=01;35:*.gif=01;35:*.bmp=01;35:*.pbm=01;35:*.pgm=01;35:*.ppm=01;35:*.tga=01;35:*.xbm=01;35:*.xpm=01;35:*.tif=01;35:*.tiff=01;35:*.png=01;35:*.svg=01;35:*.svgz=01;35:*.mng=01;35:*.pcx=01;35:*.mov=01;35:*.mpg=01;35:*.mpeg=01;35:*.m2v=01;35:*.mkv=01;35:*.webm=01;35:*.webp=01;35:*.ogm=01;35:*.mp4=01;35:*.m4v=01;35:*.mp4v=01;35:*.vob=01;35:*.qt=01;35:*.nuv=01;35:*.wmv=01;35:*.asf=01;35:*.rm=01;35:*.rmvb=01;35:*.flc=01;35:*.avi=01;35:*.fli=01;35:*.flv=01;35:*.gl=01;35:*.dl=01;35:*.xcf=01;35:*.xwd=01;35:*.yuv=01;35:*.cgm=01;35:*.emf=01;35:*.ogv=01;35:*.ogx=01;35:*.aac=00;36:*.au=00;36:*.flac=00;36:*.m4a=00;36:*.mid=00;36:*.midi=00;36:*.mka=00;36:*.mp3=00;36:*.mpc=00;36:*.ogg=00;36:*.ra=00;36:*.wav=00;36:*.oga=00;36:*.opus=00;36:*.spx=00;36:*.xspf=00;36:'), ('AMENT_PREFIX_PATH', '/home/cricchetto/Robomaster_WS/install/sllidar_ros2:/home/cricchetto/Robomaster_WS/install/robomaster_ros:/home/cricchetto/Robomaster_WS/install/robomaster_msgs:/home/cricchetto/Robomaster_WS/install/robomaster_description:/home/cricchetto/Robomaster_WS/install/dwb_msgs:/home/cricchetto/Robomaster_WS/install/nav_2d_msgs:/home/cricchetto/Robomaster_WS/install/nav2_voxel_grid:/home/cricchetto/Robomaster_WS/install/nav2_simple_commander:/home/cricchetto/Robomaster_WS/install/explore_lite:/home/cricchetto/Robomaster_WS/install/nav2_msgs:/home/cricchetto/Robomaster_WS/install/nav2_common:/home/cricchetto/Robomaster_WS/install/multirobot_map_merge:/home/cricchetto/Robomaster_WS/install/ep_control:/home/cricchetto/Robomaster_WS/install/drift:/opt/ros/humble'), ('SHELL', '/bin/bash'), ('LC_NAME', 'es_AR.UTF-8'), ('LESSCLOSE', '/usr/bin/lesspipe %s %s'), ('LC_MEASUREMENT', 'es_AR.UTF-8'), ('LC_IDENTIFICATION', 'es_AR.UTF-8'), ('PWD', '/home/cricchetto/Robomaster_WS/build/robomaster_description'), ('LC_ALL', 'en_US.UTF-8'), ('SSH_CONNECTION', '172.18.147.201 55344 172.18.147.143 22'), ('PYTHONPATH', '/home/cricchetto/Robomaster_WS/install/robomaster_ros/lib/python3.10/site-packages:/home/cricchetto/Robomaster_WS/install/robomaster_msgs/local/lib/python3.10/dist-packages:/home/cricchetto/Robomaster_WS/install/dwb_msgs/local/lib/python3.10/dist-packages:/home/cricchetto/Robomaster_WS/install/nav_2d_msgs/local/lib/python3.10/dist-packages:/home/cricchetto/Robomaster_WS/install/nav2_simple_commander/lib/python3.10/site-packages:/home/cricchetto/Robomaster_WS/install/nav2_msgs/local/lib/python3.10/dist-packages:/home/cricchetto/Robomaster_WS/install/nav2_common/local/lib/python3.10/dist-packages:/home/cricchetto/Robomaster_WS/install/ep_control/lib/python3.10/site-packages:/home/cricchetto/Robomaster_WS/install/drift/lib/python3.10/site-packages:/opt/ros/humble/lib/python3.10/site-packages:/opt/ros/humble/local/lib/python3.10/dist-packages'), ('LC_NUMERIC', 'es_AR.UTF-8'), ('LC_PAPER', 'es_AR.UTF-8'), ('COLCON', '1'), ('CMAKE_PREFIX_PATH', '/home/cricchetto/Robomaster_WS/install/sllidar_ros2:/home/cricchetto/Robomaster_WS/install/robomaster_msgs:/home/cricchetto/Robomaster_WS/install/robomaster_description:/home/cricchetto/Robomaster_WS/install/dwb_msgs:/home/cricchetto/Robomaster_WS/install/nav_2d_msgs:/home/cricchetto/Robomaster_WS/install/nav2_voxel_grid:/home/cricchetto/Robomaster_WS/install/explore_lite:/home/cricchetto/Robomaster_WS/install/nav2_msgs:/home/cricchetto/Robomaster_WS/install/nav2_common:/home/cricchetto/Robomaster_WS/install/multirobot_map_merge:/home/cricchetto/Robomaster_WS/install/robomaster_ros:/home/cricchetto/Robomaster_WS/install/nav2_simple_commander:/home/cricchetto/Robomaster_WS/install/ep_control:/home/cricchetto/Robomaster_WS/install/drift:/opt/ros/humble')]), 'shell': False}
[5.257459] (-) TimerEvent: {}
[5.306732] (robomaster_description) StdoutLine: {'line': b'-- Install configuration: ""\n'}
[5.308056] (robomaster_description) StdoutLine: {'line': b'-- Up-to-date: /home/cricchetto/Robomaster_WS/install/robomaster_description/share/robomaster_description/urdf\n'}
[5.319556] (robomaster_description) StdoutLine: {'line': b'-- Up-to-date: /home/cricchetto/Robomaster_WS/install/robomaster_description/share/robomaster_description/urdf/base.urdf.xacro\n'}
[5.321076] (robomaster_description) StdoutLine: {'line': b'-- Up-to-date: /home/cricchetto/Robomaster_WS/install/robomaster_description/share/robomaster_description/urdf/camera.urdf.xacro\n'}
[5.321769] (robomaster_description) StdoutLine: {'line': b'-- Up-to-date: /home/cricchetto/Robomaster_WS/install/robomaster_description/share/robomaster_description/urdf/model.urdf\n'}
[5.322412] (robomaster_description) StdoutLine: {'line': b'-- Up-to-date: /home/cricchetto/Robomaster_WS/install/robomaster_description/share/robomaster_description/urdf/camera.urdf copia de seguridad dijo esteban por las dudas (nunca se sabe en este mundo).xacro\n'}
[5.323603] (robomaster_description) StdoutLine: {'line': b'-- Up-to-date: /home/cricchetto/Robomaster_WS/install/robomaster_description/share/robomaster_description/urdf/gripper.urdf.xacro\n'}
[5.324259] (robomaster_description) StdoutLine: {'line': b'-- Up-to-date: /home/cricchetto/Robomaster_WS/install/robomaster_description/share/robomaster_description/urdf/robomaster_ep.urdf.xacro\n'}
[5.325116] (robomaster_description) StdoutLine: {'line': b'-- Up-to-date: /home/cricchetto/Robomaster_WS/install/robomaster_description/share/robomaster_description/urdf/wheel.urdf.xacro\n'}
[5.325924] (robomaster_description) StdoutLine: {'line': b'-- Up-to-date: /home/cricchetto/Robomaster_WS/install/robomaster_description/share/robomaster_description/urdf/tof.urdf.xacro\n'}
[5.326404] (robomaster_description) StdoutLine: {'line': b'-- Up-to-date: /home/cricchetto/Robomaster_WS/install/robomaster_description/share/robomaster_description/urdf/camera(copia de seguridad extra(no funciona)).urdf.xacro\n'}
[5.326892] (robomaster_description) StdoutLine: {'line': b'-- Up-to-date: /home/cricchetto/Robomaster_WS/install/robomaster_description/share/robomaster_description/urdf/lidar.urdf.xacro\n'}
[5.328575] (robomaster_description) StdoutLine: {'line': b'-- Up-to-date: /home/cricchetto/Robomaster_WS/install/robomaster_description/share/robomaster_description/urdf/robomaster_s1.urdf.xacro\n'}
[5.329248] (robomaster_description) StdoutLine: {'line': b'-- Up-to-date: /home/cricchetto/Robomaster_WS/install/robomaster_description/share/robomaster_description/urdf/led.urdf.xacro\n'}
[5.329864] (robomaster_description) StdoutLine: {'line': b'-- Up-to-date: /home/cricchetto/Robomaster_WS/install/robomaster_description/share/robomaster_description/urdf/arm.urdf.xacro\n'}
[5.330404] (robomaster_description) StdoutLine: {'line': b'-- Up-to-date: /home/cricchetto/Robomaster_WS/install/robomaster_description/share/robomaster_description/urdf/gimbal.urdf.xacro\n'}
[5.330936] (robomaster_description) StdoutLine: {'line': b'-- Up-to-date: /home/cricchetto/Robomaster_WS/install/robomaster_description/share/robomaster_description/urdf/extension.urdf.xacro\n'}
[5.333600] (robomaster_description) StdoutLine: {'line': b'-- Up-to-date: /home/cricchetto/Robomaster_WS/install/robomaster_description/share/robomaster_description/urdf/intelligent_controller.urdf.xacro\n'}
[5.334115] (robomaster_description) StdoutLine: {'line': b'-- Up-to-date: /home/cricchetto/Robomaster_WS/install/robomaster_description/share/robomaster_description/launch\n'}
[5.344187] (robomaster_description) StdoutLine: {'line': b'-- Up-to-date: /home/cricchetto/Robomaster_WS/install/robomaster_description/share/robomaster_description/launch/robomaster_view.launch.py\n'}
[5.345439] (robomaster_description) StdoutLine: {'line': b'-- Up-to-date: /home/cricchetto/Robomaster_WS/install/robomaster_description/share/robomaster_description/launch/main.launch\n'}
[5.346053] (robomaster_description) StdoutLine: {'line': b'-- Up-to-date: /home/cricchetto/Robomaster_WS/install/robomaster_description/share/robomaster_description/launch/model.launch.py\n'}
[5.346600] (robomaster_description) StdoutLine: {'line': b'-- Up-to-date: /home/cricchetto/Robomaster_WS/install/robomaster_description/share/robomaster_description/meshes\n'}
[5.351108] (robomaster_description) StdoutLine: {'line': b'-- Up-to-date: /home/cricchetto/Robomaster_WS/install/robomaster_description/share/robomaster_description/meshes/gimbal_left_led_4.dae\n'}
[5.352136] (robomaster_description) StdoutLine: {'line': b'-- Up-to-date: /home/cricchetto/Robomaster_WS/install/robomaster_description/share/robomaster_description/meshes/right_gripper_6_collision.dae\n'}
[5.353764] (robomaster_description) StdoutLine: {'line': b'-- Up-to-date: /home/cricchetto/Robomaster_WS/install/robomaster_description/share/robomaster_description/meshes/rod_collision.dae\n'}
[5.355771] (robomaster_description) StdoutLine: {'line': b'-- Up-to-date: /home/cricchetto/Robomaster_WS/install/robomaster_description/share/robomaster_description/meshes/endpoint_bracket_collision.dae\n'}
[5.357356] (robomaster_description) StdoutLine: {'line': b'-- Up-to-date: /home/cricchetto/Robomaster_WS/install/robomaster_description/share/robomaster_description/meshes/right_led.dae\n'}
[5.358851] (-) TimerEvent: {}
[5.361729] (robomaster_description) StdoutLine: {'line': b'-- Up-to-date: /home/cricchetto/Robomaster_WS/install/robomaster_description/share/robomaster_description/meshes/gripper_left_5.dae\n'}
[5.364041] (robomaster_description) StdoutLine: {'line': b'-- Up-to-date: /home/cricchetto/Robomaster_WS/install/robomaster_description/share/robomaster_description/meshes/triangle_collision.dae\n'}
[5.364766] (robomaster_description) StdoutLine: {'line': b'-- Up-to-date: /home/cricchetto/Robomaster_WS/install/robomaster_description/share/robomaster_description/meshes/right_gripper_2.dae\n'}
[5.371056] (robomaster_description) StdoutLine: {'line': b'-- Up-to-date: /home/cricchetto/Robomaster_WS/install/robomaster_description/share/robomaster_description/meshes/gimbal.dae\n'}
[5.372155] (robomaster_description) StdoutLine: {'line': b'-- Up-to-date: /home/cricchetto/Robomaster_WS/install/robomaster_description/share/robomaster_description/meshes/speaker.dae\n'}
[5.372755] (robomaster_description) StdoutLine: {'line': b'-- Up-to-date: /home/cricchetto/Robomaster_WS/install/robomaster_description/share/robomaster_description/meshes/right_servo.dae\n'}
[5.375595] (robomaster_description) StdoutLine: {'line': b'-- Up-to-date: /home/cricchetto/Robomaster_WS/install/robomaster_description/share/robomaster_description/meshes/gimbal_base_collision.dae\n'}
[5.376932] (robomaster_description) StdoutLine: {'line': b'-- Up-to-date: /home/cricchetto/Robomaster_WS/install/robomaster_description/share/robomaster_description/meshes/TOP_Normal_OpenGL.png.001.png\n'}
[5.377634] (robomaster_description) StdoutLine: {'line': b'-- Up-to-date: /home/cricchetto/Robomaster_WS/install/robomaster_description/share/robomaster_description/meshes/gimbal_left_led.dae\n'}
[5.378959] (robomaster_description) StdoutLine: {'line': b'-- Up-to-date: /home/cricchetto/Robomaster_WS/install/robomaster_description/share/robomaster_description/meshes/arm_1.dae\n'}
[5.381076] (robomaster_description) StdoutLine: {'line': b'-- Up-to-date: /home/cricchetto/Robomaster_WS/install/robomaster_description/share/robomaster_description/meshes/gimbal_right_led_0.dae\n'}
[5.382581] (robomaster_description) StdoutLine: {'line': b'-- Up-to-date: /home/cricchetto/Robomaster_WS/install/robomaster_description/share/robomaster_description/meshes/gripper_left_2.dae\n'}
[5.384706] (robomaster_description) StdoutLine: {'line': b'-- Up-to-date: /home/cricchetto/Robomaster_WS/install/robomaster_description/share/robomaster_description/meshes/arm_1_cylinder.dae\n'}
[5.386980] (robomaster_description) StdoutLine: {'line': b'-- Up-to-date: /home/cricchetto/Robomaster_WS/install/robomaster_description/share/robomaster_description/meshes/gimbal_left_led_5.dae\n'}
[5.388205] (robomaster_description) StdoutLine: {'line': b'-- Up-to-date: /home/cricchetto/Robomaster_WS/install/robomaster_description/share/robomaster_description/meshes/gripper_left_6_collision.dae\n'}
[5.389272] (robomaster_description) StdoutLine: {'line': b'-- Up-to-date: /home/cricchetto/Robomaster_WS/install/robomaster_description/share/robomaster_description/meshes/gripper_left_1.dae\n'}
[5.390497] (robomaster_description) StdoutLine: {'line': b'-- Up-to-date: /home/cricchetto/Robomaster_WS/install/robomaster_description/share/robomaster_description/meshes/gripper_base_collision.dae\n'}
[5.391998] (robomaster_description) StdoutLine: {'line': b'-- Up-to-date: /home/cricchetto/Robomaster_WS/install/robomaster_description/share/robomaster_description/meshes/wifi_antenna_left.dae\n'}
[5.393510] (robomaster_description) StdoutLine: {'line': b'-- Up-to-date: /home/cricchetto/Robomaster_WS/install/robomaster_description/share/robomaster_description/meshes/rear_right_wheel.dae\n'}
[5.397398] (robomaster_description) StdoutLine: {'line': b'-- Up-to-date: /home/cricchetto/Robomaster_WS/install/robomaster_description/share/robomaster_description/meshes/gimbal_right_led7.dae\n'}
[5.398888] (robomaster_description) StdoutLine: {'line': b'-- Up-to-date: /home/cricchetto/Robomaster_WS/install/robomaster_description/share/robomaster_description/meshes/gimbal_collision.dae\n'}
[5.399895] (robomaster_description) StdoutLine: {'line': b'-- Up-to-date: /home/cricchetto/Robomaster_WS/install/robomaster_description/share/robomaster_description/meshes/EP_all_01_b.png\n'}
[5.400383] (robomaster_description) StdoutLine: {'line': b'-- Up-to-date: /home/cricchetto/Robomaster_WS/install/robomaster_description/share/robomaster_description/meshes/gimbal_left_led_2.dae\n'}
[5.400875] (robomaster_description) StdoutLine: {'line': b'-- Up-to-date: /home/cricchetto/Robomaster_WS/install/robomaster_description/share/robomaster_description/meshes/right_hit_sensor.dae\n'}
[5.402078] (robomaster_description) StdoutLine: {'line': b'-- Up-to-date: /home/cricchetto/Robomaster_WS/install/robomaster_description/share/robomaster_description/meshes/blaster_gun_collision.dae\n'}
[5.402521] (robomaster_description) StdoutLine: {'line': b'-- Up-to-date: /home/cricchetto/Robomaster_WS/install/robomaster_description/share/robomaster_description/meshes/gimbal_right_led_4.dae\n'}
[5.403176] (robomaster_description) StdoutLine: {'line': b'-- Up-to-date: /home/cricchetto/Robomaster_WS/install/robomaster_description/share/robomaster_description/meshes/battery.dae\n'}
[5.403794] (robomaster_description) StdoutLine: {'line': b'-- Up-to-date: /home/cricchetto/Robomaster_WS/install/robomaster_description/share/robomaster_description/meshes/blaster_top_collision.dae\n'}
[5.405075] (robomaster_description) StdoutLine: {'line': b'-- Up-to-date: /home/cricchetto/Robomaster_WS/install/robomaster_description/share/robomaster_description/meshes/gripper_left_collision.dae\n'}
[5.406200] (robomaster_description) StdoutLine: {'line': b'-- Up-to-date: /home/cricchetto/Robomaster_WS/install/robomaster_description/share/robomaster_description/meshes/wifi_antenna_right.dae\n'}
[5.408147] (multirobot_map_merge) StdoutLine: {'line': b'[ 16%] Built target gtest_main\n'}
[5.409525] (robomaster_description) StdoutLine: {'line': b'-- Up-to-date: /home/cricchetto/Robomaster_WS/install/robomaster_description/share/robomaster_description/meshes/right_gripper_1.dae\n'}
[5.411232] (robomaster_description) StdoutLine: {'line': b'-- Up-to-date: /home/cricchetto/Robomaster_WS/install/robomaster_description/share/robomaster_description/meshes/gripper_left_5_collision.dae\n'}
[5.413865] (robomaster_description) StdoutLine: {'line': b'-- Up-to-date: /home/cricchetto/Robomaster_WS/install/robomaster_description/share/robomaster_description/meshes/arm_base.dae\n'}
[5.414405] (robomaster_description) StdoutLine: {'line': b'-- Up-to-date: /home/cricchetto/Robomaster_WS/install/robomaster_description/share/robomaster_description/meshes/rear_left_wheel.dae\n'}
[5.414852] (robomaster_description) StdoutLine: {'line': b'-- Up-to-date: /home/cricchetto/Robomaster_WS/install/robomaster_description/share/robomaster_description/meshes/gimbal_left_led_3.dae\n'}
[5.415644] (robomaster_description) StdoutLine: {'line': b'-- Up-to-date: /home/cricchetto/Robomaster_WS/install/robomaster_description/share/robomaster_description/meshes/gimbal_left_led_6.dae\n'}
[5.416129] (robomaster_description) StdoutLine: {'line': b'-- Up-to-date: /home/cricchetto/Robomaster_WS/install/robomaster_description/share/robomaster_description/meshes/gripper_left_7.dae\n'}
[5.416633] (robomaster_description) StdoutLine: {'line': b'-- Up-to-date: /home/cricchetto/Robomaster_WS/install/robomaster_description/share/robomaster_description/meshes/controller.dae\n'}
[5.417200] (robomaster_description) StdoutLine: {'line': b'-- Up-to-date: /home/cricchetto/Robomaster_WS/install/robomaster_description/share/robomaster_description/meshes/triangle.dae\n'}
[5.418310] (robomaster_description) StdoutLine: {'line': b'-- Up-to-date: /home/cricchetto/Robomaster_WS/install/robomaster_description/share/robomaster_description/meshes/camera.dae\n'}
[5.419364] (robomaster_description) StdoutLine: {'line': b'-- Up-to-date: /home/cricchetto/Robomaster_WS/install/robomaster_description/share/robomaster_description/meshes/rod_2_collision.dae\n'}
[5.420201] (robomaster_description) StdoutLine: {'line': b'-- Up-to-date: /home/cricchetto/Robomaster_WS/install/robomaster_description/share/robomaster_description/meshes/arm_1_collision.dae\n'}
[5.421025] (robomaster_description) StdoutLine: {'line': b'-- Up-to-date: /home/cricchetto/Robomaster_WS/install/robomaster_description/share/robomaster_description/meshes/rod_2.dae\n'}
[5.421507] (robomaster_description) StdoutLine: {'line': b'-- Up-to-date: /home/cricchetto/Robomaster_WS/install/robomaster_description/share/robomaster_description/meshes/rod_3.dae\n'}
[5.421883] (robomaster_description) StdoutLine: {'line': b'-- Up-to-date: /home/cricchetto/Robomaster_WS/install/robomaster_description/share/robomaster_description/meshes/battery_pin_right.dae\n'}
[5.422329] (robomaster_description) StdoutLine: {'line': b'-- Up-to-date: /home/cricchetto/Robomaster_WS/install/robomaster_description/share/robomaster_description/meshes/endpoint_bracket.dae\n'}
[5.422832] (robomaster_description) StdoutLine: {'line': b'-- Up-to-date: /home/cricchetto/Robomaster_WS/install/robomaster_description/share/robomaster_description/meshes/front_left_wheel.dae\n'}
[5.423318] (robomaster_description) StdoutLine: {'line': b'-- Up-to-date: /home/cricchetto/Robomaster_WS/install/robomaster_description/share/robomaster_description/meshes/right_gripper_4_collision.dae\n'}
[5.423721] (robomaster_description) StdoutLine: {'line': b'-- Up-to-date: /home/cricchetto/Robomaster_WS/install/robomaster_description/share/robomaster_description/meshes/blaster_top.dae\n'}
[5.424211] (robomaster_description) StdoutLine: {'line': b'-- Up-to-date: /home/cricchetto/Robomaster_WS/install/robomaster_description/share/robomaster_description/meshes/blaster_magazin_collision.dae\n'}
[5.424873] (robomaster_description) StdoutLine: {'line': b'-- Up-to-date: /home/cricchetto/Robomaster_WS/install/robomaster_description/share/robomaster_description/meshes/base_collision.dae\n'}
[5.425906] (robomaster_description) StdoutLine: {'line': b'-- Up-to-date: /home/cricchetto/Robomaster_WS/install/robomaster_description/share/robomaster_description/meshes/gimbal_left_armor.dae\n'}
[5.426803] (robomaster_description) StdoutLine: {'line': b'-- Up-to-date: /home/cricchetto/Robomaster_WS/install/robomaster_description/share/robomaster_description/meshes/extension_support.dae\n'}
[5.428055] (robomaster_description) StdoutLine: {'line': b'-- Up-to-date: /home/cricchetto/Robomaster_WS/install/robomaster_description/share/robomaster_description/meshes/right_gripper_6.dae\n'}
[5.428940] (robomaster_description) StdoutLine: {'line': b'-- Up-to-date: /home/cricchetto/Robomaster_WS/install/robomaster_description/share/robomaster_description/meshes/controller_cover.dae\n'}
[5.429372] (robomaster_description) StdoutLine: {'line': b'-- Up-to-date: /home/cricchetto/Robomaster_WS/install/robomaster_description/share/robomaster_description/meshes/right_gripper_5_collision.dae\n'}
[5.429811] (robomaster_description) StdoutLine: {'line': b'-- Up-to-date: /home/cricchetto/Robomaster_WS/install/robomaster_description/share/robomaster_description/meshes/gripper_left_4_collision.dae\n'}
[5.430268] (robomaster_description) StdoutLine: {'line': b'-- Up-to-date: /home/cricchetto/Robomaster_WS/install/robomaster_description/share/robomaster_description/meshes/TOP_Normal_OpenGL.png\n'}
[5.430621] (robomaster_description) StdoutLine: {'line': b'-- Up-to-date: /home/cricchetto/Robomaster_WS/install/robomaster_description/share/robomaster_description/meshes/rear_hit_sensor.dae\n'}
[5.430949] (robomaster_description) StdoutLine: {'line': b'-- Up-to-date: /home/cricchetto/Robomaster_WS/install/robomaster_description/share/robomaster_description/meshes/right_gripper_5.dae\n'}
[5.431650] (robomaster_description) StdoutLine: {'line': b'-- Up-to-date: /home/cricchetto/Robomaster_WS/install/robomaster_description/share/robomaster_description/meshes/rod_1.dae\n'}
[5.432291] (robomaster_description) StdoutLine: {'line': b'-- Up-to-date: /home/cricchetto/Robomaster_WS/install/robomaster_description/share/robomaster_description/meshes/left_hit_sensor.dae\n'}
[5.433229] (robomaster_description) StdoutLine: {'line': b'-- Up-to-date: /home/cricchetto/Robomaster_WS/install/robomaster_description/share/robomaster_description/meshes/TOP_Base_Color.png\n'}
[5.434091] (robomaster_description) StdoutLine: {'line': b'-- Up-to-date: /home/cricchetto/Robomaster_WS/install/robomaster_description/share/robomaster_description/meshes/gimbal_right_led_2.dae\n'}
[5.434544] (robomaster_description) StdoutLine: {'line': b'-- Up-to-date: /home/cricchetto/Robomaster_WS/install/robomaster_description/share/robomaster_description/meshes/speaker_collision.dae\n'}
[5.434998] (robomaster_description) StdoutLine: {'line': b'-- Up-to-date: /home/cricchetto/Robomaster_WS/install/robomaster_description/share/robomaster_description/meshes/arm_2_bar_2.dae\n'}
[5.435914] (robomaster_description) StdoutLine: {'line': b'-- Up-to-date: /home/cricchetto/Robomaster_WS/install/robomaster_description/share/robomaster_description/meshes/right_gripper_7_collision.dae\n'}
[5.436787] (robomaster_description) StdoutLine: {'line': b'-- Up-to-date: /home/cricchetto/Robomaster_WS/install/robomaster_description/share/robomaster_description/meshes/battery_pin_left.dae\n'}
[5.437583] (robomaster_description) StdoutLine: {'line': b'-- Up-to-date: /home/cricchetto/Robomaster_WS/install/robomaster_description/share/robomaster_description/meshes/blaster_gun.dae\n'}
[5.438221] (robomaster_description) StdoutLine: {'line': b'-- Up-to-date: /home/cricchetto/Robomaster_WS/install/robomaster_description/share/robomaster_description/meshes/blaster_bug.dae\n'}
[5.438924] (robomaster_description) StdoutLine: {'line': b'-- Up-to-date: /home/cricchetto/Robomaster_WS/install/robomaster_description/share/robomaster_description/meshes/intelligent_controller.dae\n'}
[5.439638] (robomaster_description) StdoutLine: {'line': b'-- Up-to-date: /home/cricchetto/Robomaster_WS/install/robomaster_description/share/robomaster_description/meshes/gripper_base.dae\n'}
[5.440531] (robomaster_description) StdoutLine: {'line': b'-- Up-to-date: /home/cricchetto/Robomaster_WS/install/robomaster_description/share/robomaster_description/meshes/arm_base_collision.dae\n'}
[5.441192] (robomaster_description) StdoutLine: {'line': b'-- Up-to-date: /home/cricchetto/Robomaster_WS/install/robomaster_description/share/robomaster_description/meshes/arm_2_collision.dae\n'}
[5.447351] (robomaster_description) StdoutLine: {'line': b'-- Up-to-date: /home/cricchetto/Robomaster_WS/install/robomaster_description/share/robomaster_description/meshes/gimbal_right_led_5.dae\n'}
[5.451723] (robomaster_description) StdoutLine: {'line': b'-- Up-to-date: /home/cricchetto/Robomaster_WS/install/robomaster_description/share/robomaster_description/meshes/gimbal_side.dae\n'}
[5.452140] (robomaster_description) StdoutLine: {'line': b'-- Up-to-date: /home/cricchetto/Robomaster_WS/install/robomaster_description/share/robomaster_description/meshes/armor.dae\n'}
[5.452687] (robomaster_description) StdoutLine: {'line': b'-- Up-to-date: /home/cricchetto/Robomaster_WS/install/robomaster_description/share/robomaster_description/meshes/rear_led.dae\n'}
[5.453752] (robomaster_description) StdoutLine: {'line': b'-- Up-to-date: /home/cricchetto/Robomaster_WS/install/robomaster_description/share/robomaster_description/meshes/gimbal_base.dae\n'}
[5.454986] (robomaster_description) StdoutLine: {'line': b'-- Up-to-date: /home/cricchetto/Robomaster_WS/install/robomaster_description/share/robomaster_description/meshes/gripper_left_4.dae\n'}
[5.460242] (-) TimerEvent: {}
[5.466270] (robomaster_description) StdoutLine: {'line': b'-- Up-to-date: /home/cricchetto/Robomaster_WS/install/robomaster_description/share/robomaster_description/meshes/right_gripper_7.dae\n'}
[5.467022] (robomaster_description) StdoutLine: {'line': b'-- Up-to-date: /home/cricchetto/Robomaster_WS/install/robomaster_description/share/robomaster_description/meshes/gimbal_left_led_1.dae\n'}
[5.468381] (robomaster_description) StdoutLine: {'line': b'-- Up-to-date: /home/cricchetto/Robomaster_WS/install/robomaster_description/share/robomaster_description/meshes/gimbal_right_led_6.dae\n'}
[5.469052] (robomaster_description) StdoutLine: {'line': b'-- Up-to-date: /home/cricchetto/Robomaster_WS/install/robomaster_description/share/robomaster_description/meshes/gimbal_right_armor.dae\n'}
[5.469613] (robomaster_description) StdoutLine: {'line': b'-- Up-to-date: /home/cricchetto/Robomaster_WS/install/robomaster_description/share/robomaster_description/meshes/front_hit_sensor.dae\n'}
[5.470643] (robomaster_description) StdoutLine: {'line': b'-- Up-to-date: /home/cricchetto/Robomaster_WS/install/robomaster_description/share/robomaster_description/meshes/gimbal_left_led_0.dae\n'}
[5.480510] (robomaster_description) StdoutLine: {'line': b'-- Up-to-date: /home/cricchetto/Robomaster_WS/install/robomaster_description/share/robomaster_description/meshes/extension_base.dae\n'}
[5.480871] (robomaster_description) StdoutLine: {'line': b'-- Up-to-date: /home/cricchetto/Robomaster_WS/install/robomaster_description/share/robomaster_description/meshes/rod_1_collision.dae\n'}
[5.481279] (robomaster_description) StdoutLine: {'line': b'-- Up-to-date: /home/cricchetto/Robomaster_WS/install/robomaster_description/share/robomaster_description/meshes/rod.dae\n'}
[5.481577] (robomaster_description) StdoutLine: {'line': b'-- Up-to-date: /home/cricchetto/Robomaster_WS/install/robomaster_description/share/robomaster_description/meshes/gripper_left_6.dae\n'}
[5.483047] (robomaster_description) StdoutLine: {'line': b'-- Up-to-date: /home/cricchetto/Robomaster_WS/install/robomaster_description/share/robomaster_description/meshes/wheel.dae\n'}
[5.483756] (robomaster_description) StdoutLine: {'line': b'-- Up-to-date: /home/cricchetto/Robomaster_WS/install/robomaster_description/share/robomaster_description/meshes/gimbal_right_led_3.dae\n'}
[5.484413] (robomaster_description) StdoutLine: {'line': b'-- Up-to-date: /home/cricchetto/Robomaster_WS/install/robomaster_description/share/robomaster_description/meshes/gimbal_left_led_7.dae\n'}
[5.485562] (robomaster_description) StdoutLine: {'line': b'-- Up-to-date: /home/cricchetto/Robomaster_WS/install/robomaster_description/share/robomaster_description/meshes/rod_3_collision.dae\n'}
[5.486048] (robomaster_description) StdoutLine: {'line': b'-- Up-to-date: /home/cricchetto/Robomaster_WS/install/robomaster_description/share/robomaster_description/meshes/gripper_left_2_collision.dae\n'}
[5.487675] (robomaster_description) StdoutLine: {'line': b'-- Up-to-date: /home/cricchetto/Robomaster_WS/install/robomaster_description/share/robomaster_description/meshes/left_led.dae\n'}
[5.488367] (robomaster_description) StdoutLine: {'line': b'-- Up-to-date: /home/cricchetto/Robomaster_WS/install/robomaster_description/share/robomaster_description/meshes/blaster_magazin.dae\n'}
[5.488784] (robomaster_description) StdoutLine: {'line': b'-- Up-to-date: /home/cricchetto/Robomaster_WS/install/robomaster_description/share/robomaster_description/meshes/gimbal_right_led.dae\n'}
[5.489353] (robomaster_description) StdoutLine: {'line': b'-- Up-to-date: /home/cricchetto/Robomaster_WS/install/robomaster_description/share/robomaster_description/meshes/front_right_wheel.dae\n'}
[5.490503] (robomaster_description) StdoutLine: {'line': b'-- Up-to-date: /home/cricchetto/Robomaster_WS/install/robomaster_description/share/robomaster_description/meshes/right_gripper_2_collision.dae\n'}
[5.492296] (robomaster_description) StdoutLine: {'line': b'-- Up-to-date: /home/cricchetto/Robomaster_WS/install/robomaster_description/share/robomaster_description/meshes/arm_2_bar_1.dae\n'}
[5.493145] (robomaster_description) StdoutLine: {'line': b'-- Up-to-date: /home/cricchetto/Robomaster_WS/install/robomaster_description/share/robomaster_description/meshes/led.dae\n'}
[5.493793] (robomaster_description) StdoutLine: {'line': b'-- Up-to-date: /home/cricchetto/Robomaster_WS/install/robomaster_description/share/robomaster_description/meshes/hit_sensor.dae\n'}
[5.494466] (robomaster_description) StdoutLine: {'line': b'-- Up-to-date: /home/cricchetto/Robomaster_WS/install/robomaster_description/share/robomaster_description/meshes/gimbal_right_led_1.dae\n'}
[5.495896] (robomaster_description) StdoutLine: {'line': b'-- Up-to-date: /home/cricchetto/Robomaster_WS/install/robomaster_description/share/robomaster_description/meshes/chassis.dae\n'}
[5.497327] (robomaster_description) StdoutLine: {'line': b'-- Up-to-date: /home/cricchetto/Robomaster_WS/install/robomaster_description/share/robomaster_description/meshes/front_led.dae\n'}
[5.497942] (robomaster_description) StdoutLine: {'line': b'-- Up-to-date: /home/cricchetto/Robomaster_WS/install/robomaster_description/share/robomaster_description/meshes/arm_2.dae\n'}
[5.498496] (robomaster_description) StdoutLine: {'line': b'-- Up-to-date: /home/cricchetto/Robomaster_WS/install/robomaster_description/share/robomaster_description/meshes/TOP_Base_Color.png.001.png\n'}
[5.499957] (robomaster_description) StdoutLine: {'line': b'-- Up-to-date: /home/cricchetto/Robomaster_WS/install/robomaster_description/share/robomaster_description/meshes/left_servo.dae\n'}
[5.500600] (robomaster_description) StdoutLine: {'line': b'-- Up-to-date: /home/cricchetto/Robomaster_WS/install/robomaster_description/share/robomaster_description/meshes/right_gripper_4.dae\n'}
[5.502044] (robomaster_description) StdoutLine: {'line': b'-- Up-to-date: /home/cricchetto/Robomaster_WS/install/robomaster_description/share/robomaster_description/meshes/gimbal_right_led_7.dae\n'}
[5.502679] (robomaster_description) StdoutLine: {'line': b'-- Up-to-date: /home/cricchetto/Robomaster_WS/install/robomaster_description/share/ament_index/resource_index/package_run_dependencies/robomaster_description\n'}
[5.503469] (robomaster_description) StdoutLine: {'line': b'-- Up-to-date: /home/cricchetto/Robomaster_WS/install/robomaster_description/share/ament_index/resource_index/parent_prefix_path/robomaster_description\n'}
[5.504192] (robomaster_description) StdoutLine: {'line': b'-- Up-to-date: /home/cricchetto/Robomaster_WS/install/robomaster_description/share/robomaster_description/environment/ament_prefix_path.sh\n'}
[5.505273] (robomaster_description) StdoutLine: {'line': b'-- Up-to-date: /home/cricchetto/Robomaster_WS/install/robomaster_description/share/robomaster_description/environment/ament_prefix_path.dsv\n'}
[5.505936] (robomaster_description) StdoutLine: {'line': b'-- Up-to-date: /home/cricchetto/Robomaster_WS/install/robomaster_description/share/robomaster_description/environment/path.sh\n'}
[5.506526] (robomaster_description) StdoutLine: {'line': b'-- Up-to-date: /home/cricchetto/Robomaster_WS/install/robomaster_description/share/robomaster_description/environment/path.dsv\n'}
[5.507173] (robomaster_description) StdoutLine: {'line': b'-- Up-to-date: /home/cricchetto/Robomaster_WS/install/robomaster_description/share/robomaster_description/local_setup.bash\n'}
[5.507998] (robomaster_description) StdoutLine: {'line': b'-- Up-to-date: /home/cricchetto/Robomaster_WS/install/robomaster_description/share/robomaster_description/local_setup.sh\n'}
[5.508625] (robomaster_description) StdoutLine: {'line': b'-- Up-to-date: /home/cricchetto/Robomaster_WS/install/robomaster_description/share/robomaster_description/local_setup.zsh\n'}
[5.509710] (robomaster_description) StdoutLine: {'line': b'-- Up-to-date: /home/cricchetto/Robomaster_WS/install/robomaster_description/share/robomaster_description/local_setup.dsv\n'}
[5.510250] (robomaster_description) StdoutLine: {'line': b'-- Installing: /home/cricchetto/Robomaster_WS/install/robomaster_description/share/robomaster_description/package.dsv\n'}
[5.514137] (robomaster_description) StdoutLine: {'line': b'-- Up-to-date: /home/cricchetto/Robomaster_WS/install/robomaster_description/share/ament_index/resource_index/packages/robomaster_description\n'}
[5.516749] (robomaster_description) StdoutLine: {'line': b'-- Up-to-date: /home/cricchetto/Robomaster_WS/install/robomaster_description/share/robomaster_description/cmake/robomaster_descriptionConfig.cmake\n'}
[5.517424] (robomaster_description) StdoutLine: {'line': b'-- Up-to-date: /home/cricchetto/Robomaster_WS/install/robomaster_description/share/robomaster_description/cmake/robomaster_descriptionConfig-version.cmake\n'}
[5.517881] (robomaster_description) StdoutLine: {'line': b'-- Up-to-date: /home/cricchetto/Robomaster_WS/install/robomaster_description/share/robomaster_description/package.xml\n'}
[5.518364] (robomaster_description) CommandEnded: {'returncode': 0}
[5.519690] (multirobot_map_merge) StdoutLine: {'line': b'[ 33%] Built target gtest\n'}
[5.533048] (multirobot_map_merge) StdoutLine: {'line': b'[ 66%] Built target combine_grids\n'}
[5.559448] (robomaster_description) JobEnded: {'identifier': 'robomaster_description', 'rc': 0}
[5.563322] (-) TimerEvent: {}
[5.565110] (sllidar_ros2) JobStarted: {'identifier': 'sllidar_ros2'}
[5.604599] (sllidar_ros2) JobProgress: {'identifier': 'sllidar_ros2', 'progress': 'cmake'}
[5.612850] (sllidar_ros2) JobProgress: {'identifier': 'sllidar_ros2', 'progress': 'build'}
[5.614598] (sllidar_ros2) Command: {'cmd': ['/usr/bin/cmake', '--build', '/home/cricchetto/Robomaster_WS/build/sllidar_ros2', '--', '-j4', '-l4'], 'cwd': '/home/cricchetto/Robomaster_WS/build/sllidar_ros2', 'env': OrderedDict([('LESSOPEN', '| /usr/bin/lesspipe %s'), ('USER', 'cricchetto'), ('SSH_CLIENT', '172.18.147.201 55344 22'), ('LC_TIME', 'es_AR.UTF-8'), ('XDG_SESSION_TYPE', 'tty'), ('SHLVL', '2'), ('LD_LIBRARY_PATH', '/home/cricchetto/Robomaster_WS/install/robomaster_msgs/lib:/home/cricchetto/Robomaster_WS/install/dwb_msgs/lib:/home/cricchetto/Robomaster_WS/install/nav_2d_msgs/lib:/home/cricchetto/Robomaster_WS/install/nav2_voxel_grid/lib:/home/cricchetto/Robomaster_WS/install/nav2_msgs/lib:/home/cricchetto/Robomaster_WS/install/multirobot_map_merge/lib:/opt/ros/humble/opt/rviz_ogre_vendor/lib:/opt/ros/humble/lib/aarch64-linux-gnu:/opt/ros/humble/lib'), ('MOTD_SHOWN', 'pam'), ('HOME', '/home/cricchetto'), ('OLDPWD', '/home/cricchetto'), ('SSH_TTY', '/dev/pts/0'), ('ROS_PYTHON_VERSION', '3'), ('LC_MONETARY', 'es_AR.UTF-8'), ('DBUS_SESSION_BUS_ADDRESS', 'unix:path=/run/user/1000/bus'), ('COLCON_PREFIX_PATH', '/home/cricchetto/Robomaster_WS/install'), ('ROS_DISTRO', 'humble'), ('LOGNAME', 'cricchetto'), ('_', '/usr/bin/colcon'), ('ROS_VERSION', '2'), ('XDG_SESSION_CLASS', 'user'), ('TERM', 'xterm-256color'), ('XDG_SESSION_ID', '1'), ('ROS_LOCALHOST_ONLY', '0'), ('PATH', '/home/cricchetto/.local/bin:/opt/ros/humble/bin:/usr/local/sbin:/usr/local/bin:/usr/sbin:/usr/bin:/sbin:/bin:/usr/games:/usr/local/games:/snap/bin:/home/cricchettoSD/.local/bin'), ('LC_ADDRESS', 'es_AR.UTF-8'), ('XDG_RUNTIME_DIR', '/run/user/1000'), ('DISPLAY', 'localhost:10.0'), ('LANG', 'en_US.UTF-8'), ('LC_TELEPHONE', 'es_AR.UTF-8'), ('LS_COLORS', 'rs=0:di=01;34:ln=01;36:mh=00:pi=40;33:so=01;35:do=01;35:bd=40;33;01:cd=40;33;01:or=40;31;01:mi=00:su=37;41:sg=30;43:ca=30;41:tw=30;42:ow=34;42:st=37;44:ex=01;32:*.tar=01;31:*.tgz=01;31:*.arc=01;31:*.arj=01;31:*.taz=01;31:*.lha=01;31:*.lz4=01;31:*.lzh=01;31:*.lzma=01;31:*.tlz=01;31:*.txz=01;31:*.tzo=01;31:*.t7z=01;31:*.zip=01;31:*.z=01;31:*.dz=01;31:*.gz=01;31:*.lrz=01;31:*.lz=01;31:*.lzo=01;31:*.xz=01;31:*.zst=01;31:*.tzst=01;31:*.bz2=01;31:*.bz=01;31:*.tbz=01;31:*.tbz2=01;31:*.tz=01;31:*.deb=01;31:*.rpm=01;31:*.jar=01;31:*.war=01;31:*.ear=01;31:*.sar=01;31:*.rar=01;31:*.alz=01;31:*.ace=01;31:*.zoo=01;31:*.cpio=01;31:*.7z=01;31:*.rz=01;31:*.cab=01;31:*.wim=01;31:*.swm=01;31:*.dwm=01;31:*.esd=01;31:*.jpg=01;35:*.jpeg=01;35:*.mjpg=01;35:*.mjpeg=01;35:*.gif=01;35:*.bmp=01;35:*.pbm=01;35:*.pgm=01;35:*.ppm=01;35:*.tga=01;35:*.xbm=01;35:*.xpm=01;35:*.tif=01;35:*.tiff=01;35:*.png=01;35:*.svg=01;35:*.svgz=01;35:*.mng=01;35:*.pcx=01;35:*.mov=01;35:*.mpg=01;35:*.mpeg=01;35:*.m2v=01;35:*.mkv=01;35:*.webm=01;35:*.webp=01;35:*.ogm=01;35:*.mp4=01;35:*.m4v=01;35:*.mp4v=01;35:*.vob=01;35:*.qt=01;35:*.nuv=01;35:*.wmv=01;35:*.asf=01;35:*.rm=01;35:*.rmvb=01;35:*.flc=01;35:*.avi=01;35:*.fli=01;35:*.flv=01;35:*.gl=01;35:*.dl=01;35:*.xcf=01;35:*.xwd=01;35:*.yuv=01;35:*.cgm=01;35:*.emf=01;35:*.ogv=01;35:*.ogx=01;35:*.aac=00;36:*.au=00;36:*.flac=00;36:*.m4a=00;36:*.mid=00;36:*.midi=00;36:*.mka=00;36:*.mp3=00;36:*.mpc=00;36:*.ogg=00;36:*.ra=00;36:*.wav=00;36:*.oga=00;36:*.opus=00;36:*.spx=00;36:*.xspf=00;36:'), ('AMENT_PREFIX_PATH', '/home/cricchetto/Robomaster_WS/install/sllidar_ros2:/home/cricchetto/Robomaster_WS/install/robomaster_ros:/home/cricchetto/Robomaster_WS/install/robomaster_msgs:/home/cricchetto/Robomaster_WS/install/robomaster_description:/home/cricchetto/Robomaster_WS/install/dwb_msgs:/home/cricchetto/Robomaster_WS/install/nav_2d_msgs:/home/cricchetto/Robomaster_WS/install/nav2_voxel_grid:/home/cricchetto/Robomaster_WS/install/nav2_simple_commander:/home/cricchetto/Robomaster_WS/install/explore_lite:/home/cricchetto/Robomaster_WS/install/nav2_msgs:/home/cricchetto/Robomaster_WS/install/nav2_common:/home/cricchetto/Robomaster_WS/install/multirobot_map_merge:/home/cricchetto/Robomaster_WS/install/ep_control:/home/cricchetto/Robomaster_WS/install/drift:/opt/ros/humble'), ('SHELL', '/bin/bash'), ('LC_NAME', 'es_AR.UTF-8'), ('LESSCLOSE', '/usr/bin/lesspipe %s %s'), ('LC_MEASUREMENT', 'es_AR.UTF-8'), ('LC_IDENTIFICATION', 'es_AR.UTF-8'), ('PWD', '/home/cricchetto/Robomaster_WS/build/sllidar_ros2'), ('LC_ALL', 'en_US.UTF-8'), ('SSH_CONNECTION', '172.18.147.201 55344 172.18.147.143 22'), ('PYTHONPATH', '/home/cricchetto/Robomaster_WS/install/robomaster_ros/lib/python3.10/site-packages:/home/cricchetto/Robomaster_WS/install/robomaster_msgs/local/lib/python3.10/dist-packages:/home/cricchetto/Robomaster_WS/install/dwb_msgs/local/lib/python3.10/dist-packages:/home/cricchetto/Robomaster_WS/install/nav_2d_msgs/local/lib/python3.10/dist-packages:/home/cricchetto/Robomaster_WS/install/nav2_simple_commander/lib/python3.10/site-packages:/home/cricchetto/Robomaster_WS/install/nav2_msgs/local/lib/python3.10/dist-packages:/home/cricchetto/Robomaster_WS/install/nav2_common/local/lib/python3.10/dist-packages:/home/cricchetto/Robomaster_WS/install/ep_control/lib/python3.10/site-packages:/home/cricchetto/Robomaster_WS/install/drift/lib/python3.10/site-packages:/opt/ros/humble/lib/python3.10/site-packages:/opt/ros/humble/local/lib/python3.10/dist-packages'), ('LC_NUMERIC', 'es_AR.UTF-8'), ('LC_PAPER', 'es_AR.UTF-8'), ('COLCON', '1'), ('CMAKE_PREFIX_PATH', '/home/cricchetto/Robomaster_WS/install/sllidar_ros2:/home/cricchetto/Robomaster_WS/install/robomaster_msgs:/home/cricchetto/Robomaster_WS/install/robomaster_description:/home/cricchetto/Robomaster_WS/install/dwb_msgs:/home/cricchetto/Robomaster_WS/install/nav_2d_msgs:/home/cricchetto/Robomaster_WS/install/nav2_voxel_grid:/home/cricchetto/Robomaster_WS/install/explore_lite:/home/cricchetto/Robomaster_WS/install/nav2_msgs:/home/cricchetto/Robomaster_WS/install/nav2_common:/home/cricchetto/Robomaster_WS/install/multirobot_map_merge:/home/cricchetto/Robomaster_WS/install/robomaster_ros:/home/cricchetto/Robomaster_WS/install/nav2_simple_commander:/home/cricchetto/Robomaster_WS/install/ep_control:/home/cricchetto/Robomaster_WS/install/drift:/opt/ros/humble')]), 'shell': False}
[5.663524] (-) TimerEvent: {}
[5.739486] (multirobot_map_merge) StdoutLine: {'line': b'[ 83%] Built target test_merging_pipeline\n'}
[5.763718] (-) TimerEvent: {}
[5.864657] (-) TimerEvent: {}
[5.965758] (-) TimerEvent: {}
[5.984073] (multirobot_map_merge) StdoutLine: {'line': b'[100%] Built target map_merge\n'}
[6.033845] (sllidar_ros2) StdoutLine: {'line': b'[ 10%] Built target sllidar_client\n'}
[6.042625] (multirobot_map_merge) CommandEnded: {'returncode': 0}
[6.048949] (multirobot_map_merge) JobProgress: {'identifier': 'multirobot_map_merge', 'progress': 'install'}
[6.053031] (multirobot_map_merge) Command: {'cmd': ['/usr/bin/cmake', '--install', '/home/cricchetto/Robomaster_WS/build/multirobot_map_merge'], 'cwd': '/home/cricchetto/Robomaster_WS/build/multirobot_map_merge', 'env': OrderedDict([('LESSOPEN', '| /usr/bin/lesspipe %s'), ('USER', 'cricchetto'), ('SSH_CLIENT', '172.18.147.201 55344 22'), ('LC_TIME', 'es_AR.UTF-8'), ('XDG_SESSION_TYPE', 'tty'), ('SHLVL', '2'), ('LD_LIBRARY_PATH', '/home/cricchetto/Robomaster_WS/install/robomaster_msgs/lib:/home/cricchetto/Robomaster_WS/install/dwb_msgs/lib:/home/cricchetto/Robomaster_WS/install/nav_2d_msgs/lib:/home/cricchetto/Robomaster_WS/install/nav2_voxel_grid/lib:/home/cricchetto/Robomaster_WS/install/nav2_msgs/lib:/home/cricchetto/Robomaster_WS/install/multirobot_map_merge/lib:/opt/ros/humble/opt/rviz_ogre_vendor/lib:/opt/ros/humble/lib/aarch64-linux-gnu:/opt/ros/humble/lib'), ('MOTD_SHOWN', 'pam'), ('HOME', '/home/cricchetto'), ('OLDPWD', '/home/cricchetto'), ('SSH_TTY', '/dev/pts/0'), ('ROS_PYTHON_VERSION', '3'), ('LC_MONETARY', 'es_AR.UTF-8'), ('DBUS_SESSION_BUS_ADDRESS', 'unix:path=/run/user/1000/bus'), ('COLCON_PREFIX_PATH', '/home/cricchetto/Robomaster_WS/install'), ('ROS_DISTRO', 'humble'), ('LOGNAME', 'cricchetto'), ('_', '/usr/bin/colcon'), ('ROS_VERSION', '2'), ('XDG_SESSION_CLASS', 'user'), ('TERM', 'xterm-256color'), ('XDG_SESSION_ID', '1'), ('ROS_LOCALHOST_ONLY', '0'), ('PATH', '/home/cricchetto/.local/bin:/opt/ros/humble/bin:/usr/local/sbin:/usr/local/bin:/usr/sbin:/usr/bin:/sbin:/bin:/usr/games:/usr/local/games:/snap/bin:/home/cricchettoSD/.local/bin'), ('LC_ADDRESS', 'es_AR.UTF-8'), ('XDG_RUNTIME_DIR', '/run/user/1000'), ('DISPLAY', 'localhost:10.0'), ('LANG', 'en_US.UTF-8'), ('LC_TELEPHONE', 'es_AR.UTF-8'), ('LS_COLORS', 'rs=0:di=01;34:ln=01;36:mh=00:pi=40;33:so=01;35:do=01;35:bd=40;33;01:cd=40;33;01:or=40;31;01:mi=00:su=37;41:sg=30;43:ca=30;41:tw=30;42:ow=34;42:st=37;44:ex=01;32:*.tar=01;31:*.tgz=01;31:*.arc=01;31:*.arj=01;31:*.taz=01;31:*.lha=01;31:*.lz4=01;31:*.lzh=01;31:*.lzma=01;31:*.tlz=01;31:*.txz=01;31:*.tzo=01;31:*.t7z=01;31:*.zip=01;31:*.z=01;31:*.dz=01;31:*.gz=01;31:*.lrz=01;31:*.lz=01;31:*.lzo=01;31:*.xz=01;31:*.zst=01;31:*.tzst=01;31:*.bz2=01;31:*.bz=01;31:*.tbz=01;31:*.tbz2=01;31:*.tz=01;31:*.deb=01;31:*.rpm=01;31:*.jar=01;31:*.war=01;31:*.ear=01;31:*.sar=01;31:*.rar=01;31:*.alz=01;31:*.ace=01;31:*.zoo=01;31:*.cpio=01;31:*.7z=01;31:*.rz=01;31:*.cab=01;31:*.wim=01;31:*.swm=01;31:*.dwm=01;31:*.esd=01;31:*.jpg=01;35:*.jpeg=01;35:*.mjpg=01;35:*.mjpeg=01;35:*.gif=01;35:*.bmp=01;35:*.pbm=01;35:*.pgm=01;35:*.ppm=01;35:*.tga=01;35:*.xbm=01;35:*.xpm=01;35:*.tif=01;35:*.tiff=01;35:*.png=01;35:*.svg=01;35:*.svgz=01;35:*.mng=01;35:*.pcx=01;35:*.mov=01;35:*.mpg=01;35:*.mpeg=01;35:*.m2v=01;35:*.mkv=01;35:*.webm=01;35:*.webp=01;35:*.ogm=01;35:*.mp4=01;35:*.m4v=01;35:*.mp4v=01;35:*.vob=01;35:*.qt=01;35:*.nuv=01;35:*.wmv=01;35:*.asf=01;35:*.rm=01;35:*.rmvb=01;35:*.flc=01;35:*.avi=01;35:*.fli=01;35:*.flv=01;35:*.gl=01;35:*.dl=01;35:*.xcf=01;35:*.xwd=01;35:*.yuv=01;35:*.cgm=01;35:*.emf=01;35:*.ogv=01;35:*.ogx=01;35:*.aac=00;36:*.au=00;36:*.flac=00;36:*.m4a=00;36:*.mid=00;36:*.midi=00;36:*.mka=00;36:*.mp3=00;36:*.mpc=00;36:*.ogg=00;36:*.ra=00;36:*.wav=00;36:*.oga=00;36:*.opus=00;36:*.spx=00;36:*.xspf=00;36:'), ('AMENT_PREFIX_PATH', '/home/cricchetto/Robomaster_WS/install/sllidar_ros2:/home/cricchetto/Robomaster_WS/install/robomaster_ros:/home/cricchetto/Robomaster_WS/install/robomaster_msgs:/home/cricchetto/Robomaster_WS/install/robomaster_description:/home/cricchetto/Robomaster_WS/install/dwb_msgs:/home/cricchetto/Robomaster_WS/install/nav_2d_msgs:/home/cricchetto/Robomaster_WS/install/nav2_voxel_grid:/home/cricchetto/Robomaster_WS/install/nav2_simple_commander:/home/cricchetto/Robomaster_WS/install/explore_lite:/home/cricchetto/Robomaster_WS/install/nav2_msgs:/home/cricchetto/Robomaster_WS/install/nav2_common:/home/cricchetto/Robomaster_WS/install/multirobot_map_merge:/home/cricchetto/Robomaster_WS/install/ep_control:/home/cricchetto/Robomaster_WS/install/drift:/opt/ros/humble'), ('SHELL', '/bin/bash'), ('LC_NAME', 'es_AR.UTF-8'), ('LESSCLOSE', '/usr/bin/lesspipe %s %s'), ('LC_MEASUREMENT', 'es_AR.UTF-8'), ('LC_IDENTIFICATION', 'es_AR.UTF-8'), ('PWD', '/home/cricchetto/Robomaster_WS/build/multirobot_map_merge'), ('LC_ALL', 'en_US.UTF-8'), ('SSH_CONNECTION', '172.18.147.201 55344 172.18.147.143 22'), ('PYTHONPATH', '/home/cricchetto/Robomaster_WS/install/robomaster_ros/lib/python3.10/site-packages:/home/cricchetto/Robomaster_WS/install/robomaster_msgs/local/lib/python3.10/dist-packages:/home/cricchetto/Robomaster_WS/install/dwb_msgs/local/lib/python3.10/dist-packages:/home/cricchetto/Robomaster_WS/install/nav_2d_msgs/local/lib/python3.10/dist-packages:/home/cricchetto/Robomaster_WS/install/nav2_simple_commander/lib/python3.10/site-packages:/home/cricchetto/Robomaster_WS/install/nav2_msgs/local/lib/python3.10/dist-packages:/home/cricchetto/Robomaster_WS/install/nav2_common/local/lib/python3.10/dist-packages:/home/cricchetto/Robomaster_WS/install/ep_control/lib/python3.10/site-packages:/home/cricchetto/Robomaster_WS/install/drift/lib/python3.10/site-packages:/opt/ros/humble/lib/python3.10/site-packages:/opt/ros/humble/local/lib/python3.10/dist-packages'), ('LC_NUMERIC', 'es_AR.UTF-8'), ('LC_PAPER', 'es_AR.UTF-8'), ('COLCON', '1'), ('CMAKE_PREFIX_PATH', '/home/cricchetto/Robomaster_WS/install/sllidar_ros2:/home/cricchetto/Robomaster_WS/install/robomaster_msgs:/home/cricchetto/Robomaster_WS/install/robomaster_description:/home/cricchetto/Robomaster_WS/install/dwb_msgs:/home/cricchetto/Robomaster_WS/install/nav_2d_msgs:/home/cricchetto/Robomaster_WS/install/nav2_voxel_grid:/home/cricchetto/Robomaster_WS/install/explore_lite:/home/cricchetto/Robomaster_WS/install/nav2_msgs:/home/cricchetto/Robomaster_WS/install/nav2_common:/home/cricchetto/Robomaster_WS/install/multirobot_map_merge:/home/cricchetto/Robomaster_WS/install/robomaster_ros:/home/cricchetto/Robomaster_WS/install/nav2_simple_commander:/home/cricchetto/Robomaster_WS/install/ep_control:/home/cricchetto/Robomaster_WS/install/drift:/opt/ros/humble')]), 'shell': False}
[6.065917] (-) TimerEvent: {}
[6.093715] (sllidar_ros2) StdoutLine: {'line': b'[100%] Built target sllidar_node\n'}
[6.099318] (multirobot_map_merge) StdoutLine: {'line': b'-- Install configuration: ""\n'}
[6.101652] (multirobot_map_merge) StdoutLine: {'line': b'-- Up-to-date: /home/cricchetto/Robomaster_WS/install/multirobot_map_merge/include/map_merge/\n'}
[6.103664] (multirobot_map_merge) StdoutLine: {'line': b'-- Up-to-date: /home/cricchetto/Robomaster_WS/install/multirobot_map_merge/include/map_merge//ros1_names.hpp\n'}
[6.104369] (multirobot_map_merge) StdoutLine: {'line': b'-- Up-to-date: /home/cricchetto/Robomaster_WS/install/multirobot_map_merge/include/map_merge//map_merge.h\n'}
[6.105599] (multirobot_map_merge) StdoutLine: {'line': b'-- Up-to-date: /home/cricchetto/Robomaster_WS/install/multirobot_map_merge/share/multirobot_map_merge/launch\n'}
[6.107656] (multirobot_map_merge) StdoutLine: {'line': b'-- Up-to-date: /home/cricchetto/Robomaster_WS/install/multirobot_map_merge/share/multirobot_map_merge/launch/from_map_server.launch.py\n'}
[6.109279] (multirobot_map_merge) StdoutLine: {'line': b'-- Up-to-date: /home/cricchetto/Robomaster_WS/install/multirobot_map_merge/share/multirobot_map_merge/launch/map_merge.launch.py\n'}
[6.110699] (multirobot_map_merge) StdoutLine: {'line': b'-- Up-to-date: /home/cricchetto/Robomaster_WS/install/multirobot_map_merge/share/multirobot_map_merge/launch/map_merge.rviz\n'}
[6.112088] (multirobot_map_merge) StdoutLine: {'line': b'-- Up-to-date: /home/cricchetto/Robomaster_WS/install/multirobot_map_merge/share/multirobot_map_merge/launch/tb3_simulation\n'}
[6.117389] (multirobot_map_merge) StdoutLine: {'line': b'-- Up-to-date: /home/cricchetto/Robomaster_WS/install/multirobot_map_merge/share/multirobot_map_merge/launch/tb3_simulation/worlds\n'}
[6.122153] (multirobot_map_merge) StdoutLine: {'line': b'-- Up-to-date: /home/cricchetto/Robomaster_WS/install/multirobot_map_merge/share/multirobot_map_merge/launch/tb3_simulation/worlds/world_only.model\n'}
[6.123504] (multirobot_map_merge) StdoutLine: {'line': b'-- Up-to-date: /home/cricchetto/Robomaster_WS/install/multirobot_map_merge/share/multirobot_map_merge/launch/tb3_simulation/bringup_launch.py\n'}
[6.124953] (multirobot_map_merge) StdoutLine: {'line': b'-- Up-to-date: /home/cricchetto/Robomaster_WS/install/multirobot_map_merge/share/multirobot_map_merge/launch/tb3_simulation/slam_toolbox.py\n'}
[6.126198] (multirobot_map_merge) StdoutLine: {'line': b'-- Up-to-date: /home/cricchetto/Robomaster_WS/install/multirobot_map_merge/share/multirobot_map_merge/launch/tb3_simulation/config\n'}
[6.129294] (multirobot_map_merge) StdoutLine: {'line': b'-- Up-to-date: /home/cricchetto/Robomaster_WS/install/multirobot_map_merge/share/multirobot_map_merge/launch/tb3_simulation/config/nav2_multirobot_params_2.yaml\n'}
[6.131144] (multirobot_map_merge) StdoutLine: {'line': b'-- Up-to-date: /home/cricchetto/Robomaster_WS/install/multirobot_map_merge/share/multirobot_map_merge/launch/tb3_simulation/config/nav2_multirobot_params_1.yaml\n'}
[6.132528] (multirobot_map_merge) StdoutLine: {'line': b'-- Up-to-date: /home/cricchetto/Robomaster_WS/install/multirobot_map_merge/share/multirobot_map_merge/launch/tb3_simulation/multi_tb3_simulation_launch.py\n'}
[6.134890] (multirobot_map_merge) StdoutLine: {'line': b'-- Up-to-date: /home/cricchetto/Robomaster_WS/install/multirobot_map_merge/share/multirobot_map_merge/launch/tb3_simulation/tb3_simulation_launch.py\n'}
[6.136119] (multirobot_map_merge) StdoutLine: {'line': b'-- Up-to-date: /home/cricchetto/Robomaster_WS/install/multirobot_map_merge/share/multirobot_map_merge/config\n'}
[6.139321] (multirobot_map_merge) StdoutLine: {'line': b'-- Up-to-date: /home/cricchetto/Robomaster_WS/install/multirobot_map_merge/share/multirobot_map_merge/config/params.yaml\n'}
[6.141008] (multirobot_map_merge) StdoutLine: {'line': b'-- Up-to-date: /home/cricchetto/Robomaster_WS/install/multirobot_map_merge/lib/libcombine_grids.a\n'}
[6.147597] (multirobot_map_merge) StdoutLine: {'line': b'-- Up-to-date: /home/cricchetto/Robomaster_WS/install/multirobot_map_merge/lib/multirobot_map_merge/map_merge\n'}
[6.149506] (multirobot_map_merge) StdoutLine: {'line': b'-- Up-to-date: /home/cricchetto/Robomaster_WS/install/multirobot_map_merge/share/multirobot_map_merge/environment/library_path.sh\n'}
[6.151009] (multirobot_map_merge) StdoutLine: {'line': b'-- Up-to-date: /home/cricchetto/Robomaster_WS/install/multirobot_map_merge/share/multirobot_map_merge/environment/library_path.dsv\n'}
[6.157265] (multirobot_map_merge) StdoutLine: {'line': b'-- Up-to-date: /home/cricchetto/Robomaster_WS/install/multirobot_map_merge/share/ament_index/resource_index/package_run_dependencies/multirobot_map_merge\n'}
[6.159557] (multirobot_map_merge) StdoutLine: {'line': b'-- Up-to-date: /home/cricchetto/Robomaster_WS/install/multirobot_map_merge/share/ament_index/resource_index/parent_prefix_path/multirobot_map_merge\n'}
[6.161711] (multirobot_map_merge) StdoutLine: {'line': b'-- Up-to-date: /home/cricchetto/Robomaster_WS/install/multirobot_map_merge/share/multirobot_map_merge/environment/ament_prefix_path.sh\n'}
[6.162486] (multirobot_map_merge) StdoutLine: {'line': b'-- Up-to-date: /home/cricchetto/Robomaster_WS/install/multirobot_map_merge/share/multirobot_map_merge/environment/ament_prefix_path.dsv\n'}
[6.162918] (multirobot_map_merge) StdoutLine: {'line': b'-- Up-to-date: /home/cricchetto/Robomaster_WS/install/multirobot_map_merge/share/multirobot_map_merge/environment/path.sh\n'}
[6.163302] (multirobot_map_merge) StdoutLine: {'line': b'-- Up-to-date: /home/cricchetto/Robomaster_WS/install/multirobot_map_merge/share/multirobot_map_merge/environment/path.dsv\n'}
[6.163765] (multirobot_map_merge) StdoutLine: {'line': b'-- Up-to-date: /home/cricchetto/Robomaster_WS/install/multirobot_map_merge/share/multirobot_map_merge/local_setup.bash\n'}
[6.164418] (multirobot_map_merge) StdoutLine: {'line': b'-- Up-to-date: /home/cricchetto/Robomaster_WS/install/multirobot_map_merge/share/multirobot_map_merge/local_setup.sh\n'}
[6.164931] (multirobot_map_merge) StdoutLine: {'line': b'-- Up-to-date: /home/cricchetto/Robomaster_WS/install/multirobot_map_merge/share/multirobot_map_merge/local_setup.zsh\n'}
[6.165409] (multirobot_map_merge) StdoutLine: {'line': b'-- Up-to-date: /home/cricchetto/Robomaster_WS/install/multirobot_map_merge/share/multirobot_map_merge/local_setup.dsv\n'}
[6.166651] (-) TimerEvent: {}
[6.167255] (multirobot_map_merge) StdoutLine: {'line': b'-- Installing: /home/cricchetto/Robomaster_WS/install/multirobot_map_merge/share/multirobot_map_merge/package.dsv\n'}
[6.176560] (sllidar_ros2) CommandEnded: {'returncode': 0}
[6.178736] (multirobot_map_merge) StdoutLine: {'line': b'-- Up-to-date: /home/cricchetto/Robomaster_WS/install/multirobot_map_merge/share/ament_index/resource_index/packages/multirobot_map_merge\n'}
[6.179436] (multirobot_map_merge) StdoutLine: {'line': b'-- Up-to-date: /home/cricchetto/Robomaster_WS/install/multirobot_map_merge/share/multirobot_map_merge/cmake/ament_cmake_export_include_directories-extras.cmake\n'}
[6.179898] (multirobot_map_merge) StdoutLine: {'line': b'-- Up-to-date: /home/cricchetto/Robomaster_WS/install/multirobot_map_merge/share/multirobot_map_merge/cmake/ament_cmake_export_libraries-extras.cmake\n'}
[6.180423] (multirobot_map_merge) StdoutLine: {'line': b'-- Up-to-date: /home/cricchetto/Robomaster_WS/install/multirobot_map_merge/share/multirobot_map_merge/cmake/multirobot_map_mergeConfig.cmake\n'}
[6.180859] (multirobot_map_merge) StdoutLine: {'line': b'-- Up-to-date: /home/cricchetto/Robomaster_WS/install/multirobot_map_merge/share/multirobot_map_merge/cmake/multirobot_map_mergeConfig-version.cmake\n'}
[6.181761] (multirobot_map_merge) StdoutLine: {'line': b'-- Up-to-date: /home/cricchetto/Robomaster_WS/install/multirobot_map_merge/share/multirobot_map_merge/package.xml\n'}
[6.182295] (sllidar_ros2) JobProgress: {'identifier': 'sllidar_ros2', 'progress': 'install'}
[6.182446] (sllidar_ros2) Command: {'cmd': ['/usr/bin/cmake', '--install', '/home/cricchetto/Robomaster_WS/build/sllidar_ros2'], 'cwd': '/home/cricchetto/Robomaster_WS/build/sllidar_ros2', 'env': OrderedDict([('LESSOPEN', '| /usr/bin/lesspipe %s'), ('USER', 'cricchetto'), ('SSH_CLIENT', '172.18.147.201 55344 22'), ('LC_TIME', 'es_AR.UTF-8'), ('XDG_SESSION_TYPE', 'tty'), ('SHLVL', '2'), ('LD_LIBRARY_PATH', '/home/cricchetto/Robomaster_WS/install/robomaster_msgs/lib:/home/cricchetto/Robomaster_WS/install/dwb_msgs/lib:/home/cricchetto/Robomaster_WS/install/nav_2d_msgs/lib:/home/cricchetto/Robomaster_WS/install/nav2_voxel_grid/lib:/home/cricchetto/Robomaster_WS/install/nav2_msgs/lib:/home/cricchetto/Robomaster_WS/install/multirobot_map_merge/lib:/opt/ros/humble/opt/rviz_ogre_vendor/lib:/opt/ros/humble/lib/aarch64-linux-gnu:/opt/ros/humble/lib'), ('MOTD_SHOWN', 'pam'), ('HOME', '/home/cricchetto'), ('OLDPWD', '/home/cricchetto'), ('SSH_TTY', '/dev/pts/0'), ('ROS_PYTHON_VERSION', '3'), ('LC_MONETARY', 'es_AR.UTF-8'), ('DBUS_SESSION_BUS_ADDRESS', 'unix:path=/run/user/1000/bus'), ('COLCON_PREFIX_PATH', '/home/cricchetto/Robomaster_WS/install'), ('ROS_DISTRO', 'humble'), ('LOGNAME', 'cricchetto'), ('_', '/usr/bin/colcon'), ('ROS_VERSION', '2'), ('XDG_SESSION_CLASS', 'user'), ('TERM', 'xterm-256color'), ('XDG_SESSION_ID', '1'), ('ROS_LOCALHOST_ONLY', '0'), ('PATH', '/home/cricchetto/.local/bin:/opt/ros/humble/bin:/usr/local/sbin:/usr/local/bin:/usr/sbin:/usr/bin:/sbin:/bin:/usr/games:/usr/local/games:/snap/bin:/home/cricchettoSD/.local/bin'), ('LC_ADDRESS', 'es_AR.UTF-8'), ('XDG_RUNTIME_DIR', '/run/user/1000'), ('DISPLAY', 'localhost:10.0'), ('LANG', 'en_US.UTF-8'), ('LC_TELEPHONE', 'es_AR.UTF-8'), ('LS_COLORS', 'rs=0:di=01;34:ln=01;36:mh=00:pi=40;33:so=01;35:do=01;35:bd=40;33;01:cd=40;33;01:or=40;31;01:mi=00:su=37;41:sg=30;43:ca=30;41:tw=30;42:ow=34;42:st=37;44:ex=01;32:*.tar=01;31:*.tgz=01;31:*.arc=01;31:*.arj=01;31:*.taz=01;31:*.lha=01;31:*.lz4=01;31:*.lzh=01;31:*.lzma=01;31:*.tlz=01;31:*.txz=01;31:*.tzo=01;31:*.t7z=01;31:*.zip=01;31:*.z=01;31:*.dz=01;31:*.gz=01;31:*.lrz=01;31:*.lz=01;31:*.lzo=01;31:*.xz=01;31:*.zst=01;31:*.tzst=01;31:*.bz2=01;31:*.bz=01;31:*.tbz=01;31:*.tbz2=01;31:*.tz=01;31:*.deb=01;31:*.rpm=01;31:*.jar=01;31:*.war=01;31:*.ear=01;31:*.sar=01;31:*.rar=01;31:*.alz=01;31:*.ace=01;31:*.zoo=01;31:*.cpio=01;31:*.7z=01;31:*.rz=01;31:*.cab=01;31:*.wim=01;31:*.swm=01;31:*.dwm=01;31:*.esd=01;31:*.jpg=01;35:*.jpeg=01;35:*.mjpg=01;35:*.mjpeg=01;35:*.gif=01;35:*.bmp=01;35:*.pbm=01;35:*.pgm=01;35:*.ppm=01;35:*.tga=01;35:*.xbm=01;35:*.xpm=01;35:*.tif=01;35:*.tiff=01;35:*.png=01;35:*.svg=01;35:*.svgz=01;35:*.mng=01;35:*.pcx=01;35:*.mov=01;35:*.mpg=01;35:*.mpeg=01;35:*.m2v=01;35:*.mkv=01;35:*.webm=01;35:*.webp=01;35:*.ogm=01;35:*.mp4=01;35:*.m4v=01;35:*.mp4v=01;35:*.vob=01;35:*.qt=01;35:*.nuv=01;35:*.wmv=01;35:*.asf=01;35:*.rm=01;35:*.rmvb=01;35:*.flc=01;35:*.avi=01;35:*.fli=01;35:*.flv=01;35:*.gl=01;35:*.dl=01;35:*.xcf=01;35:*.xwd=01;35:*.yuv=01;35:*.cgm=01;35:*.emf=01;35:*.ogv=01;35:*.ogx=01;35:*.aac=00;36:*.au=00;36:*.flac=00;36:*.m4a=00;36:*.mid=00;36:*.midi=00;36:*.mka=00;36:*.mp3=00;36:*.mpc=00;36:*.ogg=00;36:*.ra=00;36:*.wav=00;36:*.oga=00;36:*.opus=00;36:*.spx=00;36:*.xspf=00;36:'), ('AMENT_PREFIX_PATH', '/home/cricchetto/Robomaster_WS/install/sllidar_ros2:/home/cricchetto/Robomaster_WS/install/robomaster_ros:/home/cricchetto/Robomaster_WS/install/robomaster_msgs:/home/cricchetto/Robomaster_WS/install/robomaster_description:/home/cricchetto/Robomaster_WS/install/dwb_msgs:/home/cricchetto/Robomaster_WS/install/nav_2d_msgs:/home/cricchetto/Robomaster_WS/install/nav2_voxel_grid:/home/cricchetto/Robomaster_WS/install/nav2_simple_commander:/home/cricchetto/Robomaster_WS/install/explore_lite:/home/cricchetto/Robomaster_WS/install/nav2_msgs:/home/cricchetto/Robomaster_WS/install/nav2_common:/home/cricchetto/Robomaster_WS/install/multirobot_map_merge:/home/cricchetto/Robomaster_WS/install/ep_control:/home/cricchetto/Robomaster_WS/install/drift:/opt/ros/humble'), ('SHELL', '/bin/bash'), ('LC_NAME', 'es_AR.UTF-8'), ('LESSCLOSE', '/usr/bin/lesspipe %s %s'), ('LC_MEASUREMENT', 'es_AR.UTF-8'), ('LC_IDENTIFICATION', 'es_AR.UTF-8'), ('PWD', '/home/cricchetto/Robomaster_WS/build/sllidar_ros2'), ('LC_ALL', 'en_US.UTF-8'), ('SSH_CONNECTION', '172.18.147.201 55344 172.18.147.143 22'), ('PYTHONPATH', '/home/cricchetto/Robomaster_WS/install/robomaster_ros/lib/python3.10/site-packages:/home/cricchetto/Robomaster_WS/install/robomaster_msgs/local/lib/python3.10/dist-packages:/home/cricchetto/Robomaster_WS/install/dwb_msgs/local/lib/python3.10/dist-packages:/home/cricchetto/Robomaster_WS/install/nav_2d_msgs/local/lib/python3.10/dist-packages:/home/cricchetto/Robomaster_WS/install/nav2_simple_commander/lib/python3.10/site-packages:/home/cricchetto/Robomaster_WS/install/nav2_msgs/local/lib/python3.10/dist-packages:/home/cricchetto/Robomaster_WS/install/nav2_common/local/lib/python3.10/dist-packages:/home/cricchetto/Robomaster_WS/install/ep_control/lib/python3.10/site-packages:/home/cricchetto/Robomaster_WS/install/drift/lib/python3.10/site-packages:/opt/ros/humble/lib/python3.10/site-packages:/opt/ros/humble/local/lib/python3.10/dist-packages'), ('LC_NUMERIC', 'es_AR.UTF-8'), ('LC_PAPER', 'es_AR.UTF-8'), ('COLCON', '1'), ('CMAKE_PREFIX_PATH', '/home/cricchetto/Robomaster_WS/install/sllidar_ros2:/home/cricchetto/Robomaster_WS/install/robomaster_msgs:/home/cricchetto/Robomaster_WS/install/robomaster_description:/home/cricchetto/Robomaster_WS/install/dwb_msgs:/home/cricchetto/Robomaster_WS/install/nav_2d_msgs:/home/cricchetto/Robomaster_WS/install/nav2_voxel_grid:/home/cricchetto/Robomaster_WS/install/explore_lite:/home/cricchetto/Robomaster_WS/install/nav2_msgs:/home/cricchetto/Robomaster_WS/install/nav2_common:/home/cricchetto/Robomaster_WS/install/multirobot_map_merge:/home/cricchetto/Robomaster_WS/install/robomaster_ros:/home/cricchetto/Robomaster_WS/install/nav2_simple_commander:/home/cricchetto/Robomaster_WS/install/ep_control:/home/cricchetto/Robomaster_WS/install/drift:/opt/ros/humble')]), 'shell': False}
[6.196769] (multirobot_map_merge) CommandEnded: {'returncode': 0}
[6.220170] (sllidar_ros2) StdoutLine: {'line': b'-- Install configuration: ""\n'}
[6.221206] (sllidar_ros2) StdoutLine: {'line': b'-- Up-to-date: /home/cricchetto/Robomaster_WS/install/sllidar_ros2/share/sllidar_ros2/launch\n'}
[6.224237] (sllidar_ros2) StdoutLine: {'line': b'-- Up-to-date: /home/cricchetto/Robomaster_WS/install/sllidar_ros2/share/sllidar_ros2/launch/view_sllidar_s1_tcp_launch.py\n'}
[6.225010] (sllidar_ros2) StdoutLine: {'line': b'-- Up-to-date: /home/cricchetto/Robomaster_WS/install/sllidar_ros2/share/sllidar_ros2/launch/sllidar_a2m12_launch .py\n'}
[6.225597] (sllidar_ros2) StdoutLine: {'line': b'-- Up-to-date: /home/cricchetto/Robomaster_WS/install/sllidar_ros2/share/sllidar_ros2/launch/view_sllidar_s1_launch.py\n'}
[6.226274] (sllidar_ros2) StdoutLine: {'line': b'-- Up-to-date: /home/cricchetto/Robomaster_WS/install/sllidar_ros2/share/sllidar_ros2/launch/sllidar_s3_launch.py\n'}
[6.228237] (sllidar_ros2) StdoutLine: {'line': b'-- Up-to-date: /home/cricchetto/Robomaster_WS/install/sllidar_ros2/share/sllidar_ros2/launch/view_sllidar_a2m7_launch.py\n'}
[6.228971] (sllidar_ros2) StdoutLine: {'line': b'-- Up-to-date: /home/cricchetto/Robomaster_WS/install/sllidar_ros2/share/sllidar_ros2/launch/sllidar_a2m8_launch.py\n'}
[6.229812] (sllidar_ros2) StdoutLine: {'line': b'-- Up-to-date: /home/cricchetto/Robomaster_WS/install/sllidar_ros2/share/sllidar_ros2/launch/view_sllidar_s2_launch.py\n'}
[6.230342] (sllidar_ros2) StdoutLine: {'line': b'-- Up-to-date: /home/cricchetto/Robomaster_WS/install/sllidar_ros2/share/sllidar_ros2/launch/view_sllidar_s2e_launch.py\n'}
[6.230750] (sllidar_ros2) StdoutLine: {'line': b'-- Up-to-date: /home/cricchetto/Robomaster_WS/install/sllidar_ros2/share/sllidar_ros2/launch/view_sllidar_a2m12_launch.py\n'}
[6.231107] (sllidar_ros2) StdoutLine: {'line': b'-- Up-to-date: /home/cricchetto/Robomaster_WS/install/sllidar_ros2/share/sllidar_ros2/launch/sllidar_s1_launch.py\n'}
[6.233864] (sllidar_ros2) StdoutLine: {'line': b'-- Up-to-date: /home/cricchetto/Robomaster_WS/install/sllidar_ros2/share/sllidar_ros2/launch/view_sllidar_s3_launch.py\n'}
[6.234499] (sllidar_ros2) StdoutLine: {'line': b'-- Up-to-date: /home/cricchetto/Robomaster_WS/install/sllidar_ros2/share/sllidar_ros2/launch/view_sllidar_a2m8_launch.py\n'}
[6.235081] (sllidar_ros2) StdoutLine: {'line': b'-- Up-to-date: /home/cricchetto/Robomaster_WS/install/sllidar_ros2/share/sllidar_ros2/launch/view_sllidar_t1_launch.py\n'}
[6.235919] (sllidar_ros2) StdoutLine: {'line': b'-- Up-to-date: /home/cricchetto/Robomaster_WS/install/sllidar_ros2/share/sllidar_ros2/launch/view_sllidar_a1_launch.py\n'}
[6.236555] (sllidar_ros2) StdoutLine: {'line': b'-- Up-to-date: /home/cricchetto/Robomaster_WS/install/sllidar_ros2/share/sllidar_ros2/launch/sllidar_s2_launch.py\n'}
[6.237151] (sllidar_ros2) StdoutLine: {'line': b'-- Up-to-date: /home/cricchetto/Robomaster_WS/install/sllidar_ros2/share/sllidar_ros2/launch/sllidar_t1_launch.py\n'}
[6.237689] (sllidar_ros2) StdoutLine: {'line': b'-- Up-to-date: /home/cricchetto/Robomaster_WS/install/sllidar_ros2/share/sllidar_ros2/launch/sllidar_a1_launch.py\n'}
[6.238011] (sllidar_ros2) StdoutLine: {'line': b'-- Up-to-date: /home/cricchetto/Robomaster_WS/install/sllidar_ros2/share/sllidar_ros2/launch/sllidar_c1_launch.py\n'}
[6.238311] (sllidar_ros2) StdoutLine: {'line': b'-- Up-to-date: /home/cricchetto/Robomaster_WS/install/sllidar_ros2/share/sllidar_ros2/launch/view_sllidar_c1_launch.py\n'}
[6.238765] (sllidar_ros2) StdoutLine: {'line': b'-- Up-to-date: /home/cricchetto/Robomaster_WS/install/sllidar_ros2/share/sllidar_ros2/launch/view_sllidar_a3_launch.py\n'}
[6.239377] (sllidar_ros2) StdoutLine: {'line': b'-- Up-to-date: /home/cricchetto/Robomaster_WS/install/sllidar_ros2/share/sllidar_ros2/launch/sllidar_s1_tcp_launch.py\n'}
[6.240116] (sllidar_ros2) StdoutLine: {'line': b'-- Up-to-date: /home/cricchetto/Robomaster_WS/install/sllidar_ros2/share/sllidar_ros2/launch/sllidar_a2m7_launch.py\n'}
[6.240599] (sllidar_ros2) StdoutLine: {'line': b'-- Up-to-date: /home/cricchetto/Robomaster_WS/install/sllidar_ros2/share/sllidar_ros2/launch/sllidar_a3_launch.py\n'}
[6.240949] (sllidar_ros2) StdoutLine: {'line': b'-- Up-to-date: /home/cricchetto/Robomaster_WS/install/sllidar_ros2/share/sllidar_ros2/launch/sllidar_s2e_launch.py\n'}
[6.241700] (sllidar_ros2) StdoutLine: {'line': b'-- Up-to-date: /home/cricchetto/Robomaster_WS/install/sllidar_ros2/share/sllidar_ros2/rviz\n'}
[6.242246] (sllidar_ros2) StdoutLine: {'line': b'-- Up-to-date: /home/cricchetto/Robomaster_WS/install/sllidar_ros2/share/sllidar_ros2/rviz/sllidar_ros2.rviz\n'}
[6.245433] (sllidar_ros2) StdoutLine: {'line': b'-- Up-to-date: /home/cricchetto/Robomaster_WS/install/sllidar_ros2/lib/sllidar_ros2/sllidar_node\n'}
[6.254398] (sllidar_ros2) StdoutLine: {'line': b'-- Up-to-date: /home/cricchetto/Robomaster_WS/install/sllidar_ros2/lib/sllidar_ros2/sllidar_client\n'}
[6.256144] (sllidar_ros2) StdoutLine: {'line': b'-- Up-to-date: /home/cricchetto/Robomaster_WS/install/sllidar_ros2/share/ament_index/resource_index/package_run_dependencies/sllidar_ros2\n'}
[6.257299] (sllidar_ros2) StdoutLine: {'line': b'-- Up-to-date: /home/cricchetto/Robomaster_WS/install/sllidar_ros2/share/ament_index/resource_index/parent_prefix_path/sllidar_ros2\n'}
[6.258557] (sllidar_ros2) StdoutLine: {'line': b'-- Up-to-date: /home/cricchetto/Robomaster_WS/install/sllidar_ros2/share/sllidar_ros2/environment/ament_prefix_path.sh\n'}
[6.260493] (sllidar_ros2) StdoutLine: {'line': b'-- Up-to-date: /home/cricchetto/Robomaster_WS/install/sllidar_ros2/share/sllidar_ros2/environment/ament_prefix_path.dsv\n'}
[6.262523] (sllidar_ros2) StdoutLine: {'line': b'-- Up-to-date: /home/cricchetto/Robomaster_WS/install/sllidar_ros2/share/sllidar_ros2/environment/path.sh\n'}
[6.264033] (sllidar_ros2) StdoutLine: {'line': b'-- Up-to-date: /home/cricchetto/Robomaster_WS/install/sllidar_ros2/share/sllidar_ros2/environment/path.dsv\n'}
[6.267005] (-) TimerEvent: {}
[6.267980] (sllidar_ros2) StdoutLine: {'line': b'-- Up-to-date: /home/cricchetto/Robomaster_WS/install/sllidar_ros2/share/sllidar_ros2/local_setup.bash\n'}
[6.268978] (sllidar_ros2) StdoutLine: {'line': b'-- Up-to-date: /home/cricchetto/Robomaster_WS/install/sllidar_ros2/share/sllidar_ros2/local_setup.sh\n'}
[6.269541] (sllidar_ros2) StdoutLine: {'line': b'-- Up-to-date: /home/cricchetto/Robomaster_WS/install/sllidar_ros2/share/sllidar_ros2/local_setup.zsh\n'}
[6.269989] (sllidar_ros2) StdoutLine: {'line': b'-- Up-to-date: /home/cricchetto/Robomaster_WS/install/sllidar_ros2/share/sllidar_ros2/local_setup.dsv\n'}
[6.270483] (sllidar_ros2) StdoutLine: {'line': b'-- Installing: /home/cricchetto/Robomaster_WS/install/sllidar_ros2/share/sllidar_ros2/package.dsv\n'}
[6.272711] (sllidar_ros2) StdoutLine: {'line': b'-- Up-to-date: /home/cricchetto/Robomaster_WS/install/sllidar_ros2/share/ament_index/resource_index/packages/sllidar_ros2\n'}
[6.274809] (sllidar_ros2) StdoutLine: {'line': b'-- Up-to-date: /home/cricchetto/Robomaster_WS/install/sllidar_ros2/share/sllidar_ros2/cmake/ament_cmake_export_dependencies-extras.cmake\n'}
[6.275682] (sllidar_ros2) StdoutLine: {'line': b'-- Up-to-date: /home/cricchetto/Robomaster_WS/install/sllidar_ros2/share/sllidar_ros2/cmake/ament_cmake_export_include_directories-extras.cmake\n'}
[6.276515] (sllidar_ros2) StdoutLine: {'line': b'-- Up-to-date: /home/cricchetto/Robomaster_WS/install/sllidar_ros2/share/sllidar_ros2/cmake/sllidar_ros2Config.cmake\n'}
[6.277932] (sllidar_ros2) StdoutLine: {'line': b'-- Up-to-date: /home/cricchetto/Robomaster_WS/install/sllidar_ros2/share/sllidar_ros2/cmake/sllidar_ros2Config-version.cmake\n'}
[6.278537] (sllidar_ros2) StdoutLine: {'line': b'-- Up-to-date: /home/cricchetto/Robomaster_WS/install/sllidar_ros2/share/sllidar_ros2/package.xml\n'}
[6.306377] (multirobot_map_merge) JobEnded: {'identifier': 'multirobot_map_merge', 'rc': 0}
[6.312406] (robomaster_ros) JobStarted: {'identifier': 'robomaster_ros'}
[6.351696] (sllidar_ros2) CommandEnded: {'returncode': 0}
[6.367570] (-) TimerEvent: {}
[6.469561] (-) TimerEvent: {}
[6.499650] (sllidar_ros2) JobEnded: {'identifier': 'sllidar_ros2', 'rc': 0}
[6.570009] (-) TimerEvent: {}
[6.672673] (-) TimerEvent: {}
[6.773289] (-) TimerEvent: {}
[6.873915] (-) TimerEvent: {}
[6.974543] (-) TimerEvent: {}
[7.075144] (-) TimerEvent: {}
[7.175775] (-) TimerEvent: {}
[7.276361] (-) TimerEvent: {}
[7.376942] (-) TimerEvent: {}
[7.477602] (-) TimerEvent: {}
[7.578265] (-) TimerEvent: {}
[7.679141] (-) TimerEvent: {}
[7.721002] (drift) Command: {'cmd': ['/usr/bin/python3', '-W', 'ignore:setup.py install is deprecated', '-W', 'ignore:easy_install command is deprecated', 'setup.py', 'egg_info', '--egg-base', '../../build/drift', 'build', '--build-base', '/home/cricchetto/Robomaster_WS/build/drift/build', 'install', '--record', '/home/cricchetto/Robomaster_WS/build/drift/install.log', '--single-version-externally-managed', 'install_data'], 'cwd': '/home/cricchetto/Robomaster_WS/src/drift', 'env': {'LESSOPEN': '| /usr/bin/lesspipe %s', 'USER': 'cricchetto', 'SSH_CLIENT': '172.18.147.201 55344 22', 'LC_TIME': 'es_AR.UTF-8', 'XDG_SESSION_TYPE': 'tty', 'SHLVL': '2', 'LD_LIBRARY_PATH': '/home/cricchetto/Robomaster_WS/install/robomaster_msgs/lib:/home/cricchetto/Robomaster_WS/install/dwb_msgs/lib:/home/cricchetto/Robomaster_WS/install/nav_2d_msgs/lib:/home/cricchetto/Robomaster_WS/install/nav2_voxel_grid/lib:/home/cricchetto/Robomaster_WS/install/nav2_msgs/lib:/home/cricchetto/Robomaster_WS/install/multirobot_map_merge/lib:/opt/ros/humble/opt/rviz_ogre_vendor/lib:/opt/ros/humble/lib/aarch64-linux-gnu:/opt/ros/humble/lib', 'MOTD_SHOWN': 'pam', 'HOME': '/home/cricchetto', 'OLDPWD': '/home/cricchetto', 'SSH_TTY': '/dev/pts/0', 'ROS_PYTHON_VERSION': '3', 'LC_MONETARY': 'es_AR.UTF-8', 'DBUS_SESSION_BUS_ADDRESS': 'unix:path=/run/user/1000/bus', 'COLCON_PREFIX_PATH': '/home/cricchetto/Robomaster_WS/install', 'ROS_DISTRO': 'humble', 'LOGNAME': 'cricchetto', '_': '/usr/bin/colcon', 'ROS_VERSION': '2', 'XDG_SESSION_CLASS': 'user', 'TERM': 'xterm-256color', 'XDG_SESSION_ID': '1', 'ROS_LOCALHOST_ONLY': '0', 'PATH': '/home/cricchetto/.local/bin:/opt/ros/humble/bin:/usr/local/sbin:/usr/local/bin:/usr/sbin:/usr/bin:/sbin:/bin:/usr/games:/usr/local/games:/snap/bin:/home/cricchettoSD/.local/bin', 'LC_ADDRESS': 'es_AR.UTF-8', 'XDG_RUNTIME_DIR': '/run/user/1000', 'DISPLAY': 'localhost:10.0', 'LANG': 'en_US.UTF-8', 'LC_TELEPHONE': 'es_AR.UTF-8', 'LS_COLORS': 'rs=0:di=01;34:ln=01;36:mh=00:pi=40;33:so=01;35:do=01;35:bd=40;33;01:cd=40;33;01:or=40;31;01:mi=00:su=37;41:sg=30;43:ca=30;41:tw=30;42:ow=34;42:st=37;44:ex=01;32:*.tar=01;31:*.tgz=01;31:*.arc=01;31:*.arj=01;31:*.taz=01;31:*.lha=01;31:*.lz4=01;31:*.lzh=01;31:*.lzma=01;31:*.tlz=01;31:*.txz=01;31:*.tzo=01;31:*.t7z=01;31:*.zip=01;31:*.z=01;31:*.dz=01;31:*.gz=01;31:*.lrz=01;31:*.lz=01;31:*.lzo=01;31:*.xz=01;31:*.zst=01;31:*.tzst=01;31:*.bz2=01;31:*.bz=01;31:*.tbz=01;31:*.tbz2=01;31:*.tz=01;31:*.deb=01;31:*.rpm=01;31:*.jar=01;31:*.war=01;31:*.ear=01;31:*.sar=01;31:*.rar=01;31:*.alz=01;31:*.ace=01;31:*.zoo=01;31:*.cpio=01;31:*.7z=01;31:*.rz=01;31:*.cab=01;31:*.wim=01;31:*.swm=01;31:*.dwm=01;31:*.esd=01;31:*.jpg=01;35:*.jpeg=01;35:*.mjpg=01;35:*.mjpeg=01;35:*.gif=01;35:*.bmp=01;35:*.pbm=01;35:*.pgm=01;35:*.ppm=01;35:*.tga=01;35:*.xbm=01;35:*.xpm=01;35:*.tif=01;35:*.tiff=01;35:*.png=01;35:*.svg=01;35:*.svgz=01;35:*.mng=01;35:*.pcx=01;35:*.mov=01;35:*.mpg=01;35:*.mpeg=01;35:*.m2v=01;35:*.mkv=01;35:*.webm=01;35:*.webp=01;35:*.ogm=01;35:*.mp4=01;35:*.m4v=01;35:*.mp4v=01;35:*.vob=01;35:*.qt=01;35:*.nuv=01;35:*.wmv=01;35:*.asf=01;35:*.rm=01;35:*.rmvb=01;35:*.flc=01;35:*.avi=01;35:*.fli=01;35:*.flv=01;35:*.gl=01;35:*.dl=01;35:*.xcf=01;35:*.xwd=01;35:*.yuv=01;35:*.cgm=01;35:*.emf=01;35:*.ogv=01;35:*.ogx=01;35:*.aac=00;36:*.au=00;36:*.flac=00;36:*.m4a=00;36:*.mid=00;36:*.midi=00;36:*.mka=00;36:*.mp3=00;36:*.mpc=00;36:*.ogg=00;36:*.ra=00;36:*.wav=00;36:*.oga=00;36:*.opus=00;36:*.spx=00;36:*.xspf=00;36:', 'AMENT_PREFIX_PATH': '/home/cricchetto/Robomaster_WS/install/sllidar_ros2:/home/cricchetto/Robomaster_WS/install/robomaster_ros:/home/cricchetto/Robomaster_WS/install/robomaster_msgs:/home/cricchetto/Robomaster_WS/install/robomaster_description:/home/cricchetto/Robomaster_WS/install/dwb_msgs:/home/cricchetto/Robomaster_WS/install/nav_2d_msgs:/home/cricchetto/Robomaster_WS/install/nav2_voxel_grid:/home/cricchetto/Robomaster_WS/install/nav2_simple_commander:/home/cricchetto/Robomaster_WS/install/explore_lite:/home/cricchetto/Robomaster_WS/install/nav2_msgs:/home/cricchetto/Robomaster_WS/install/nav2_common:/home/cricchetto/Robomaster_WS/install/multirobot_map_merge:/home/cricchetto/Robomaster_WS/install/ep_control:/home/cricchetto/Robomaster_WS/install/drift:/opt/ros/humble', 'SHELL': '/bin/bash', 'LC_NAME': 'es_AR.UTF-8', 'LESSCLOSE': '/usr/bin/lesspipe %s %s', 'LC_MEASUREMENT': 'es_AR.UTF-8', 'LC_IDENTIFICATION': 'es_AR.UTF-8', 'PWD': '/home/cricchetto/Robomaster_WS/build/drift', 'LC_ALL': 'en_US.UTF-8', 'SSH_CONNECTION': '172.18.147.201 55344 172.18.147.143 22', 'PYTHONPATH': '/home/cricchetto/Robomaster_WS/build/drift/prefix_override:/usr/lib/python3/dist-packages/colcon_core/task/python/colcon_distutils_commands:/home/cricchetto/Robomaster_WS/install/drift/lib/python3.10/site-packages:/home/cricchetto/Robomaster_WS/install/robomaster_ros/lib/python3.10/site-packages:/home/cricchetto/Robomaster_WS/install/robomaster_msgs/local/lib/python3.10/dist-packages:/home/cricchetto/Robomaster_WS/install/dwb_msgs/local/lib/python3.10/dist-packages:/home/cricchetto/Robomaster_WS/install/nav_2d_msgs/local/lib/python3.10/dist-packages:/home/cricchetto/Robomaster_WS/install/nav2_simple_commander/lib/python3.10/site-packages:/home/cricchetto/Robomaster_WS/install/nav2_msgs/local/lib/python3.10/dist-packages:/home/cricchetto/Robomaster_WS/install/nav2_common/local/lib/python3.10/dist-packages:/home/cricchetto/Robomaster_WS/install/ep_control/lib/python3.10/site-packages:/home/cricchetto/Robomaster_WS/install/drift/lib/python3.10/site-packages:/opt/ros/humble/lib/python3.10/site-packages:/opt/ros/humble/local/lib/python3.10/dist-packages', 'LC_NUMERIC': 'es_AR.UTF-8', 'LC_PAPER': 'es_AR.UTF-8', 'COLCON': '1', 'CMAKE_PREFIX_PATH': '/home/cricchetto/Robomaster_WS/install/sllidar_ros2:/home/cricchetto/Robomaster_WS/install/robomaster_msgs:/home/cricchetto/Robomaster_WS/install/robomaster_description:/home/cricchetto/Robomaster_WS/install/dwb_msgs:/home/cricchetto/Robomaster_WS/install/nav_2d_msgs:/home/cricchetto/Robomaster_WS/install/nav2_voxel_grid:/home/cricchetto/Robomaster_WS/install/explore_lite:/home/cricchetto/Robomaster_WS/install/nav2_msgs:/home/cricchetto/Robomaster_WS/install/nav2_common:/home/cricchetto/Robomaster_WS/install/multirobot_map_merge'}, 'shell': False}
[7.740679] (ep_control) Command: {'cmd': ['/usr/bin/python3', '-W', 'ignore:setup.py install is deprecated', '-W', 'ignore:easy_install command is deprecated', 'setup.py', 'egg_info', '--egg-base', '../../build/ep_control', 'build', '--build-base', '/home/cricchetto/Robomaster_WS/build/ep_control/build', 'install', '--record', '/home/cricchetto/Robomaster_WS/build/ep_control/install.log', '--single-version-externally-managed', 'install_data'], 'cwd': '/home/cricchetto/Robomaster_WS/src/ep_control', 'env': {'LESSOPEN': '| /usr/bin/lesspipe %s', 'USER': 'cricchetto', 'SSH_CLIENT': '172.18.147.201 55344 22', 'LC_TIME': 'es_AR.UTF-8', 'XDG_SESSION_TYPE': 'tty', 'SHLVL': '2', 'LD_LIBRARY_PATH': '/home/cricchetto/Robomaster_WS/install/robomaster_msgs/lib:/home/cricchetto/Robomaster_WS/install/dwb_msgs/lib:/home/cricchetto/Robomaster_WS/install/nav_2d_msgs/lib:/home/cricchetto/Robomaster_WS/install/nav2_voxel_grid/lib:/home/cricchetto/Robomaster_WS/install/nav2_msgs/lib:/home/cricchetto/Robomaster_WS/install/multirobot_map_merge/lib:/opt/ros/humble/opt/rviz_ogre_vendor/lib:/opt/ros/humble/lib/aarch64-linux-gnu:/opt/ros/humble/lib', 'MOTD_SHOWN': 'pam', 'HOME': '/home/cricchetto', 'OLDPWD': '/home/cricchetto', 'SSH_TTY': '/dev/pts/0', 'ROS_PYTHON_VERSION': '3', 'LC_MONETARY': 'es_AR.UTF-8', 'DBUS_SESSION_BUS_ADDRESS': 'unix:path=/run/user/1000/bus', 'COLCON_PREFIX_PATH': '/home/cricchetto/Robomaster_WS/install', 'ROS_DISTRO': 'humble', 'LOGNAME': 'cricchetto', '_': '/usr/bin/colcon', 'ROS_VERSION': '2', 'XDG_SESSION_CLASS': 'user', 'TERM': 'xterm-256color', 'XDG_SESSION_ID': '1', 'ROS_LOCALHOST_ONLY': '0', 'PATH': '/home/cricchetto/.local/bin:/opt/ros/humble/bin:/usr/local/sbin:/usr/local/bin:/usr/sbin:/usr/bin:/sbin:/bin:/usr/games:/usr/local/games:/snap/bin:/home/cricchettoSD/.local/bin', 'LC_ADDRESS': 'es_AR.UTF-8', 'XDG_RUNTIME_DIR': '/run/user/1000', 'DISPLAY': 'localhost:10.0', 'LANG': 'en_US.UTF-8', 'LC_TELEPHONE': 'es_AR.UTF-8', 'LS_COLORS': 'rs=0:di=01;34:ln=01;36:mh=00:pi=40;33:so=01;35:do=01;35:bd=40;33;01:cd=40;33;01:or=40;31;01:mi=00:su=37;41:sg=30;43:ca=30;41:tw=30;42:ow=34;42:st=37;44:ex=01;32:*.tar=01;31:*.tgz=01;31:*.arc=01;31:*.arj=01;31:*.taz=01;31:*.lha=01;31:*.lz4=01;31:*.lzh=01;31:*.lzma=01;31:*.tlz=01;31:*.txz=01;31:*.tzo=01;31:*.t7z=01;31:*.zip=01;31:*.z=01;31:*.dz=01;31:*.gz=01;31:*.lrz=01;31:*.lz=01;31:*.lzo=01;31:*.xz=01;31:*.zst=01;31:*.tzst=01;31:*.bz2=01;31:*.bz=01;31:*.tbz=01;31:*.tbz2=01;31:*.tz=01;31:*.deb=01;31:*.rpm=01;31:*.jar=01;31:*.war=01;31:*.ear=01;31:*.sar=01;31:*.rar=01;31:*.alz=01;31:*.ace=01;31:*.zoo=01;31:*.cpio=01;31:*.7z=01;31:*.rz=01;31:*.cab=01;31:*.wim=01;31:*.swm=01;31:*.dwm=01;31:*.esd=01;31:*.jpg=01;35:*.jpeg=01;35:*.mjpg=01;35:*.mjpeg=01;35:*.gif=01;35:*.bmp=01;35:*.pbm=01;35:*.pgm=01;35:*.ppm=01;35:*.tga=01;35:*.xbm=01;35:*.xpm=01;35:*.tif=01;35:*.tiff=01;35:*.png=01;35:*.svg=01;35:*.svgz=01;35:*.mng=01;35:*.pcx=01;35:*.mov=01;35:*.mpg=01;35:*.mpeg=01;35:*.m2v=01;35:*.mkv=01;35:*.webm=01;35:*.webp=01;35:*.ogm=01;35:*.mp4=01;35:*.m4v=01;35:*.mp4v=01;35:*.vob=01;35:*.qt=01;35:*.nuv=01;35:*.wmv=01;35:*.asf=01;35:*.rm=01;35:*.rmvb=01;35:*.flc=01;35:*.avi=01;35:*.fli=01;35:*.flv=01;35:*.gl=01;35:*.dl=01;35:*.xcf=01;35:*.xwd=01;35:*.yuv=01;35:*.cgm=01;35:*.emf=01;35:*.ogv=01;35:*.ogx=01;35:*.aac=00;36:*.au=00;36:*.flac=00;36:*.m4a=00;36:*.mid=00;36:*.midi=00;36:*.mka=00;36:*.mp3=00;36:*.mpc=00;36:*.ogg=00;36:*.ra=00;36:*.wav=00;36:*.oga=00;36:*.opus=00;36:*.spx=00;36:*.xspf=00;36:', 'AMENT_PREFIX_PATH': '/home/cricchetto/Robomaster_WS/install/sllidar_ros2:/home/cricchetto/Robomaster_WS/install/robomaster_ros:/home/cricchetto/Robomaster_WS/install/robomaster_msgs:/home/cricchetto/Robomaster_WS/install/robomaster_description:/home/cricchetto/Robomaster_WS/install/dwb_msgs:/home/cricchetto/Robomaster_WS/install/nav_2d_msgs:/home/cricchetto/Robomaster_WS/install/nav2_voxel_grid:/home/cricchetto/Robomaster_WS/install/nav2_simple_commander:/home/cricchetto/Robomaster_WS/install/explore_lite:/home/cricchetto/Robomaster_WS/install/nav2_msgs:/home/cricchetto/Robomaster_WS/install/nav2_common:/home/cricchetto/Robomaster_WS/install/multirobot_map_merge:/home/cricchetto/Robomaster_WS/install/ep_control:/home/cricchetto/Robomaster_WS/install/drift:/opt/ros/humble', 'SHELL': '/bin/bash', 'LC_NAME': 'es_AR.UTF-8', 'LESSCLOSE': '/usr/bin/lesspipe %s %s', 'LC_MEASUREMENT': 'es_AR.UTF-8', 'LC_IDENTIFICATION': 'es_AR.UTF-8', 'PWD': '/home/cricchetto/Robomaster_WS/build/ep_control', 'LC_ALL': 'en_US.UTF-8', 'SSH_CONNECTION': '172.18.147.201 55344 172.18.147.143 22', 'PYTHONPATH': '/home/cricchetto/Robomaster_WS/build/ep_control/prefix_override:/usr/lib/python3/dist-packages/colcon_core/task/python/colcon_distutils_commands:/home/cricchetto/Robomaster_WS/install/ep_control/lib/python3.10/site-packages:/home/cricchetto/Robomaster_WS/install/robomaster_ros/lib/python3.10/site-packages:/home/cricchetto/Robomaster_WS/install/robomaster_msgs/local/lib/python3.10/dist-packages:/home/cricchetto/Robomaster_WS/install/dwb_msgs/local/lib/python3.10/dist-packages:/home/cricchetto/Robomaster_WS/install/nav_2d_msgs/local/lib/python3.10/dist-packages:/home/cricchetto/Robomaster_WS/install/nav2_simple_commander/lib/python3.10/site-packages:/home/cricchetto/Robomaster_WS/install/nav2_msgs/local/lib/python3.10/dist-packages:/home/cricchetto/Robomaster_WS/install/nav2_common/local/lib/python3.10/dist-packages:/home/cricchetto/Robomaster_WS/install/ep_control/lib/python3.10/site-packages:/home/cricchetto/Robomaster_WS/install/drift/lib/python3.10/site-packages:/opt/ros/humble/lib/python3.10/site-packages:/opt/ros/humble/local/lib/python3.10/dist-packages', 'LC_NUMERIC': 'es_AR.UTF-8', 'LC_PAPER': 'es_AR.UTF-8', 'COLCON': '1', 'CMAKE_PREFIX_PATH': '/home/cricchetto/Robomaster_WS/install/sllidar_ros2:/home/cricchetto/Robomaster_WS/install/robomaster_msgs:/home/cricchetto/Robomaster_WS/install/robomaster_description:/home/cricchetto/Robomaster_WS/install/dwb_msgs:/home/cricchetto/Robomaster_WS/install/nav_2d_msgs:/home/cricchetto/Robomaster_WS/install/nav2_voxel_grid:/home/cricchetto/Robomaster_WS/install/explore_lite:/home/cricchetto/Robomaster_WS/install/nav2_msgs:/home/cricchetto/Robomaster_WS/install/nav2_common:/home/cricchetto/Robomaster_WS/install/multirobot_map_merge'}, 'shell': False}
[7.779523] (-) TimerEvent: {}
[7.880261] (-) TimerEvent: {}
[7.980963] (-) TimerEvent: {}
[8.081781] (-) TimerEvent: {}
[8.182904] (-) TimerEvent: {}
[8.283705] (-) TimerEvent: {}
[8.384509] (-) TimerEvent: {}
[8.485611] (-) TimerEvent: {}
[8.586363] (-) TimerEvent: {}
[8.687040] (-) TimerEvent: {}
[8.787792] (-) TimerEvent: {}
[8.888595] (-) TimerEvent: {}
[8.989356] (-) TimerEvent: {}
[9.050323] (ep_control) StdoutLine: {'line': b'running egg_info\n'}
[9.051497] (drift) StdoutLine: {'line': b'running egg_info\n'}
[9.053623] (ep_control) StdoutLine: {'line': b'writing ../../build/ep_control/ep_control.egg-info/PKG-INFO\n'}
[9.054123] (drift) StdoutLine: {'line': b'writing ../../build/drift/drift.egg-info/PKG-INFO\n'}
[9.056990] (ep_control) StdoutLine: {'line': b'writing dependency_links to ../../build/ep_control/ep_control.egg-info/dependency_links.txt\n'}
[9.057750] (drift) StdoutLine: {'line': b'writing dependency_links to ../../build/drift/drift.egg-info/dependency_links.txt\n'}
[9.059430] (drift) StdoutLine: {'line': b'writing entry points to ../../build/drift/drift.egg-info/entry_points.txt\n'}
[9.060625] (ep_control) StdoutLine: {'line': b'writing entry points to ../../build/ep_control/ep_control.egg-info/entry_points.txt\n'}
[9.061345] (ep_control) StdoutLine: {'line': b'writing requirements to ../../build/ep_control/ep_control.egg-info/requires.txt\n'}
[9.061892] (drift) StdoutLine: {'line': b'writing requirements to ../../build/drift/drift.egg-info/requires.txt\n'}
[9.062542] (ep_control) StdoutLine: {'line': b'writing top-level names to ../../build/ep_control/ep_control.egg-info/top_level.txt\n'}
[9.063377] (drift) StdoutLine: {'line': b'writing top-level names to ../../build/drift/drift.egg-info/top_level.txt\n'}
[9.069473] (ep_control) StdoutLine: {'line': b"reading manifest file '../../build/ep_control/ep_control.egg-info/SOURCES.txt'\n"}
[9.070344] (drift) StdoutLine: {'line': b"reading manifest file '../../build/drift/drift.egg-info/SOURCES.txt'\n"}
[9.074724] (ep_control) StdoutLine: {'line': b"writing manifest file '../../build/ep_control/ep_control.egg-info/SOURCES.txt'\n"}
[9.076295] (drift) StdoutLine: {'line': b"writing manifest file '../../build/drift/drift.egg-info/SOURCES.txt'\n"}
[9.076881] (ep_control) StdoutLine: {'line': b'running build\n'}
[9.077337] (ep_control) StdoutLine: {'line': b'running build_py\n'}
[9.077771] (drift) StdoutLine: {'line': b'running build\n'}
[9.078136] (drift) StdoutLine: {'line': b'running build_py\n'}
[9.082071] (drift) StdoutLine: {'line': b'running install\n'}
[9.082725] (ep_control) StdoutLine: {'line': b'running install\n'}
[9.083660] (drift) StdoutLine: {'line': b'running install_lib\n'}
[9.084268] (ep_control) StdoutLine: {'line': b'running install_lib\n'}
[9.089527] (-) TimerEvent: {}
[9.092108] (drift) StdoutLine: {'line': b'running install_data\n'}
[9.093429] (ep_control) StdoutLine: {'line': b'running install_data\n'}
[9.094734] (ep_control) StdoutLine: {'line': b'running install_egg_info\n'}
[9.095831] (drift) StdoutLine: {'line': b'running install_egg_info\n'}
[9.104625] (drift) StdoutLine: {'line': b"removing '/home/cricchetto/Robomaster_WS/install/drift/lib/python3.10/site-packages/drift-0.0.1-py3.10.egg-info' (and everything under it)\n"}
[9.105268] (ep_control) StdoutLine: {'line': b"removing '/home/cricchetto/Robomaster_WS/install/ep_control/lib/python3.10/site-packages/ep_control-0.0.0-py3.10.egg-info' (and everything under it)\n"}
[9.107378] (ep_control) StdoutLine: {'line': b'Copying ../../build/ep_control/ep_control.egg-info to /home/cricchetto/Robomaster_WS/install/ep_control/lib/python3.10/site-packages/ep_control-0.0.0-py3.10.egg-info\n'}
[9.107960] (drift) StdoutLine: {'line': b'Copying ../../build/drift/drift.egg-info to /home/cricchetto/Robomaster_WS/install/drift/lib/python3.10/site-packages/drift-0.0.1-py3.10.egg-info\n'}
[9.114476] (ep_control) StdoutLine: {'line': b'running install_scripts\n'}
[9.115531] (drift) StdoutLine: {'line': b'running install_scripts\n'}
[9.189701] (-) TimerEvent: {}
[9.222298] (ep_control) StdoutLine: {'line': b'Installing gripper_state script to /home/cricchetto/Robomaster_WS/install/ep_control/lib/ep_control\n'}
[9.222841] (drift) StdoutLine: {'line': b'Installing drift_circle_node script to /home/cricchetto/Robomaster_WS/install/drift/lib/drift\n'}
[9.224125] (drift) StdoutLine: {'line': b'Installing play_sound_node script to /home/cricchetto/Robomaster_WS/install/drift/lib/drift\n'}
[9.224741] (ep_control) StdoutLine: {'line': b'Installing joy_reader script to /home/cricchetto/Robomaster_WS/install/ep_control/lib/ep_control\n'}
[9.225564] (ep_control) StdoutLine: {'line': b'Installing joy_to_arm script to /home/cricchetto/Robomaster_WS/install/ep_control/lib/ep_control\n'}
[9.226576] (drift) StdoutLine: {'line': b"writing list of installed files to '/home/cricchetto/Robomaster_WS/build/drift/install.log'\n"}
[9.229158] (ep_control) StdoutLine: {'line': b"writing list of installed files to '/home/cricchetto/Robomaster_WS/build/ep_control/install.log'\n"}
[9.290087] (-) TimerEvent: {}
[9.394202] (-) TimerEvent: {}
[9.443937] (drift) CommandEnded: {'returncode': 0}
[9.468503] (drift) JobEnded: {'identifier': 'drift', 'rc': 0}
[9.473704] (ep_control) CommandEnded: {'returncode': 0}
[9.494268] (-) TimerEvent: {}
[9.504483] (ep_control) JobEnded: {'identifier': 'ep_control', 'rc': 0}
[9.594431] (-) TimerEvent: {}
[9.695173] (-) TimerEvent: {}
[9.796116] (-) TimerEvent: {}
[9.804345] (robomaster_ros) Command: {'cmd': ['/usr/bin/python3', '-W', 'ignore:setup.py install is deprecated', '-W', 'ignore:easy_install command is deprecated', 'setup.py', 'egg_info', '--egg-base', '../../../build/robomaster_ros', 'build', '--build-base', '/home/cricchetto/Robomaster_WS/build/robomaster_ros/build', 'install', '--record', '/home/cricchetto/Robomaster_WS/build/robomaster_ros/install.log', '--single-version-externally-managed', 'install_data'], 'cwd': '/home/cricchetto/Robomaster_WS/src/robomaster_ros/robomaster_ros', 'env': {'LESSOPEN': '| /usr/bin/lesspipe %s', 'USER': 'cricchetto', 'SSH_CLIENT': '172.18.147.201 55344 22', 'LC_TIME': 'es_AR.UTF-8', 'XDG_SESSION_TYPE': 'tty', 'SHLVL': '2', 'LD_LIBRARY_PATH': '/home/cricchetto/Robomaster_WS/install/robomaster_msgs/lib:/home/cricchetto/Robomaster_WS/install/dwb_msgs/lib:/home/cricchetto/Robomaster_WS/install/nav_2d_msgs/lib:/home/cricchetto/Robomaster_WS/install/nav2_voxel_grid/lib:/home/cricchetto/Robomaster_WS/install/nav2_msgs/lib:/home/cricchetto/Robomaster_WS/install/multirobot_map_merge/lib:/opt/ros/humble/opt/rviz_ogre_vendor/lib:/opt/ros/humble/lib/aarch64-linux-gnu:/opt/ros/humble/lib', 'MOTD_SHOWN': 'pam', 'HOME': '/home/cricchetto', 'OLDPWD': '/home/cricchetto', 'SSH_TTY': '/dev/pts/0', 'ROS_PYTHON_VERSION': '3', 'LC_MONETARY': 'es_AR.UTF-8', 'DBUS_SESSION_BUS_ADDRESS': 'unix:path=/run/user/1000/bus', 'COLCON_PREFIX_PATH': '/home/cricchetto/Robomaster_WS/install', 'ROS_DISTRO': 'humble', 'LOGNAME': 'cricchetto', '_': '/usr/bin/colcon', 'ROS_VERSION': '2', 'XDG_SESSION_CLASS': 'user', 'TERM': 'xterm-256color', 'XDG_SESSION_ID': '1', 'ROS_LOCALHOST_ONLY': '0', 'PATH': '/home/cricchetto/.local/bin:/opt/ros/humble/bin:/usr/local/sbin:/usr/local/bin:/usr/sbin:/usr/bin:/sbin:/bin:/usr/games:/usr/local/games:/snap/bin:/home/cricchettoSD/.local/bin', 'LC_ADDRESS': 'es_AR.UTF-8', 'XDG_RUNTIME_DIR': '/run/user/1000', 'DISPLAY': 'localhost:10.0', 'LANG': 'en_US.UTF-8', 'LC_TELEPHONE': 'es_AR.UTF-8', 'LS_COLORS': 'rs=0:di=01;34:ln=01;36:mh=00:pi=40;33:so=01;35:do=01;35:bd=40;33;01:cd=40;33;01:or=40;31;01:mi=00:su=37;41:sg=30;43:ca=30;41:tw=30;42:ow=34;42:st=37;44:ex=01;32:*.tar=01;31:*.tgz=01;31:*.arc=01;31:*.arj=01;31:*.taz=01;31:*.lha=01;31:*.lz4=01;31:*.lzh=01;31:*.lzma=01;31:*.tlz=01;31:*.txz=01;31:*.tzo=01;31:*.t7z=01;31:*.zip=01;31:*.z=01;31:*.dz=01;31:*.gz=01;31:*.lrz=01;31:*.lz=01;31:*.lzo=01;31:*.xz=01;31:*.zst=01;31:*.tzst=01;31:*.bz2=01;31:*.bz=01;31:*.tbz=01;31:*.tbz2=01;31:*.tz=01;31:*.deb=01;31:*.rpm=01;31:*.jar=01;31:*.war=01;31:*.ear=01;31:*.sar=01;31:*.rar=01;31:*.alz=01;31:*.ace=01;31:*.zoo=01;31:*.cpio=01;31:*.7z=01;31:*.rz=01;31:*.cab=01;31:*.wim=01;31:*.swm=01;31:*.dwm=01;31:*.esd=01;31:*.jpg=01;35:*.jpeg=01;35:*.mjpg=01;35:*.mjpeg=01;35:*.gif=01;35:*.bmp=01;35:*.pbm=01;35:*.pgm=01;35:*.ppm=01;35:*.tga=01;35:*.xbm=01;35:*.xpm=01;35:*.tif=01;35:*.tiff=01;35:*.png=01;35:*.svg=01;35:*.svgz=01;35:*.mng=01;35:*.pcx=01;35:*.mov=01;35:*.mpg=01;35:*.mpeg=01;35:*.m2v=01;35:*.mkv=01;35:*.webm=01;35:*.webp=01;35:*.ogm=01;35:*.mp4=01;35:*.m4v=01;35:*.mp4v=01;35:*.vob=01;35:*.qt=01;35:*.nuv=01;35:*.wmv=01;35:*.asf=01;35:*.rm=01;35:*.rmvb=01;35:*.flc=01;35:*.avi=01;35:*.fli=01;35:*.flv=01;35:*.gl=01;35:*.dl=01;35:*.xcf=01;35:*.xwd=01;35:*.yuv=01;35:*.cgm=01;35:*.emf=01;35:*.ogv=01;35:*.ogx=01;35:*.aac=00;36:*.au=00;36:*.flac=00;36:*.m4a=00;36:*.mid=00;36:*.midi=00;36:*.mka=00;36:*.mp3=00;36:*.mpc=00;36:*.ogg=00;36:*.ra=00;36:*.wav=00;36:*.oga=00;36:*.opus=00;36:*.spx=00;36:*.xspf=00;36:', 'AMENT_PREFIX_PATH': '/home/cricchetto/Robomaster_WS/install/sllidar_ros2:/home/cricchetto/Robomaster_WS/install/robomaster_ros:/home/cricchetto/Robomaster_WS/install/robomaster_msgs:/home/cricchetto/Robomaster_WS/install/robomaster_description:/home/cricchetto/Robomaster_WS/install/dwb_msgs:/home/cricchetto/Robomaster_WS/install/nav_2d_msgs:/home/cricchetto/Robomaster_WS/install/nav2_voxel_grid:/home/cricchetto/Robomaster_WS/install/nav2_simple_commander:/home/cricchetto/Robomaster_WS/install/explore_lite:/home/cricchetto/Robomaster_WS/install/nav2_msgs:/home/cricchetto/Robomaster_WS/install/nav2_common:/home/cricchetto/Robomaster_WS/install/multirobot_map_merge:/home/cricchetto/Robomaster_WS/install/ep_control:/home/cricchetto/Robomaster_WS/install/drift:/opt/ros/humble', 'SHELL': '/bin/bash', 'LC_NAME': 'es_AR.UTF-8', 'LESSCLOSE': '/usr/bin/lesspipe %s %s', 'LC_MEASUREMENT': 'es_AR.UTF-8', 'LC_IDENTIFICATION': 'es_AR.UTF-8', 'PWD': '/home/cricchetto/Robomaster_WS/build/robomaster_ros', 'LC_ALL': 'en_US.UTF-8', 'SSH_CONNECTION': '172.18.147.201 55344 172.18.147.143 22', 'PYTHONPATH': '/home/cricchetto/Robomaster_WS/build/robomaster_ros/prefix_override:/usr/lib/python3/dist-packages/colcon_core/task/python/colcon_distutils_commands:/home/cricchetto/Robomaster_WS/install/robomaster_ros/lib/python3.10/site-packages:/home/cricchetto/Robomaster_WS/install/robomaster_ros/lib/python3.10/site-packages:/home/cricchetto/Robomaster_WS/install/robomaster_msgs/local/lib/python3.10/dist-packages:/home/cricchetto/Robomaster_WS/install/dwb_msgs/local/lib/python3.10/dist-packages:/home/cricchetto/Robomaster_WS/install/nav_2d_msgs/local/lib/python3.10/dist-packages:/home/cricchetto/Robomaster_WS/install/nav2_simple_commander/lib/python3.10/site-packages:/home/cricchetto/Robomaster_WS/install/nav2_msgs/local/lib/python3.10/dist-packages:/home/cricchetto/Robomaster_WS/install/nav2_common/local/lib/python3.10/dist-packages:/home/cricchetto/Robomaster_WS/install/ep_control/lib/python3.10/site-packages:/home/cricchetto/Robomaster_WS/install/drift/lib/python3.10/site-packages:/opt/ros/humble/lib/python3.10/site-packages:/opt/ros/humble/local/lib/python3.10/dist-packages', 'LC_NUMERIC': 'es_AR.UTF-8', 'LC_PAPER': 'es_AR.UTF-8', 'COLCON': '1', 'CMAKE_PREFIX_PATH': '/home/cricchetto/Robomaster_WS/install/robomaster_msgs:/home/cricchetto/Robomaster_WS/install/sllidar_ros2:/home/cricchetto/Robomaster_WS/install/robomaster_description:/home/cricchetto/Robomaster_WS/install/dwb_msgs:/home/cricchetto/Robomaster_WS/install/nav_2d_msgs:/home/cricchetto/Robomaster_WS/install/nav2_voxel_grid:/home/cricchetto/Robomaster_WS/install/explore_lite:/home/cricchetto/Robomaster_WS/install/nav2_msgs:/home/cricchetto/Robomaster_WS/install/nav2_common:/home/cricchetto/Robomaster_WS/install/multirobot_map_merge'}, 'shell': False}
[9.896271] (-) TimerEvent: {}
[9.996891] (-) TimerEvent: {}
[10.097532] (-) TimerEvent: {}
[10.198139] (-) TimerEvent: {}
[10.298752] (-) TimerEvent: {}
[10.399335] (-) TimerEvent: {}
[10.499908] (-) TimerEvent: {}
[10.600474] (-) TimerEvent: {}
[10.701106] (-) TimerEvent: {}
[10.801838] (-) TimerEvent: {}
[10.822885] (robomaster_ros) StdoutLine: {'line': b'running egg_info\n'}
[10.825656] (robomaster_ros) StdoutLine: {'line': b'writing ../../../build/robomaster_ros/robomaster_ros.egg-info/PKG-INFO\n'}
[10.828521] (robomaster_ros) StdoutLine: {'line': b'writing dependency_links to ../../../build/robomaster_ros/robomaster_ros.egg-info/dependency_links.txt\n'}
[10.829783] (robomaster_ros) StdoutLine: {'line': b'writing entry points to ../../../build/robomaster_ros/robomaster_ros.egg-info/entry_points.txt\n'}
[10.830516] (robomaster_ros) StdoutLine: {'line': b'writing requirements to ../../../build/robomaster_ros/robomaster_ros.egg-info/requires.txt\n'}
[10.831123] (robomaster_ros) StdoutLine: {'line': b'writing top-level names to ../../../build/robomaster_ros/robomaster_ros.egg-info/top_level.txt\n'}
[10.845149] (robomaster_ros) StdoutLine: {'line': b"reading manifest file '../../../build/robomaster_ros/robomaster_ros.egg-info/SOURCES.txt'\n"}
[10.853628] (robomaster_ros) StdoutLine: {'line': b"writing manifest file '../../../build/robomaster_ros/robomaster_ros.egg-info/SOURCES.txt'\n"}
[10.854317] (robomaster_ros) StdoutLine: {'line': b'running build\n'}
[10.854710] (robomaster_ros) StdoutLine: {'line': b'running build_py\n'}
[10.869263] (robomaster_ros) StdoutLine: {'line': b'running install\n'}
[10.870437] (robomaster_ros) StdoutLine: {'line': b'running install_lib\n'}
[10.890818] (robomaster_ros) StdoutLine: {'line': b'running install_data\n'}
[10.897098] (robomaster_ros) StdoutLine: {'line': b'running install_egg_info\n'}
[10.902007] (-) TimerEvent: {}
[10.904796] (robomaster_ros) StdoutLine: {'line': b"removing '/home/cricchetto/Robomaster_WS/install/robomaster_ros/lib/python3.10/site-packages/robomaster_ros-0.0.0-py3.10.egg-info' (and everything under it)\n"}
[10.906627] (robomaster_ros) StdoutLine: {'line': b'Copying ../../../build/robomaster_ros/robomaster_ros.egg-info to /home/cricchetto/Robomaster_WS/install/robomaster_ros/lib/python3.10/site-packages/robomaster_ros-0.0.0-py3.10.egg-info\n'}
[10.912452] (robomaster_ros) StdoutLine: {'line': b'running install_scripts\n'}
[10.994517] (robomaster_ros) StdoutLine: {'line': b'Installing connect script to /home/cricchetto/Robomaster_WS/install/robomaster_ros/lib/robomaster_ros\n'}
[10.996055] (robomaster_ros) StdoutLine: {'line': b'Installing discover script to /home/cricchetto/Robomaster_WS/install/robomaster_ros/lib/robomaster_ros\n'}
[10.996933] (robomaster_ros) StdoutLine: {'line': b'Installing display_battery script to /home/cricchetto/Robomaster_WS/install/robomaster_ros/lib/robomaster_ros\n'}
[10.997780] (robomaster_ros) StdoutLine: {'line': b'Installing h264_decoder script to /home/cricchetto/Robomaster_WS/install/robomaster_ros/lib/robomaster_ros\n'}
[10.998583] (robomaster_ros) StdoutLine: {'line': b'Installing move script to /home/cricchetto/Robomaster_WS/install/robomaster_ros/lib/robomaster_ros\n'}
[10.999443] (robomaster_ros) StdoutLine: {'line': b'Installing play_audio script to /home/cricchetto/Robomaster_WS/install/robomaster_ros/lib/robomaster_ros\n'}
[11.000251] (robomaster_ros) StdoutLine: {'line': b'Installing play_opus script to /home/cricchetto/Robomaster_WS/install/robomaster_ros/lib/robomaster_ros\n'}
[11.001049] (robomaster_ros) StdoutLine: {'line': b'Installing robomaster_driver script to /home/cricchetto/Robomaster_WS/install/robomaster_ros/lib/robomaster_ros\n'}
[11.001877] (robomaster_ros) StdoutLine: {'line': b'Installing state_publisher script to /home/cricchetto/Robomaster_WS/install/robomaster_ros/lib/robomaster_ros\n'}
[11.002276] (-) TimerEvent: {}
[11.006199] (robomaster_ros) StdoutLine: {'line': b"writing list of installed files to '/home/cricchetto/Robomaster_WS/build/robomaster_ros/install.log'\n"}
[11.102547] (-) TimerEvent: {}
[11.122972] (robomaster_ros) CommandEnded: {'returncode': 0}
[11.156469] (robomaster_ros) JobEnded: {'identifier': 'robomaster_ros', 'rc': 0}
[11.159235] (-) EventReactorShutdown: {}
