[0.000000] (-) TimerEvent: {}
[0.001418] (drift) JobQueued: {'identifier': 'drift', 'dependencies': OrderedDict()}
[0.001949] (ep_control) JobQueued: {'identifier': 'ep_control', 'dependencies': OrderedDict()}
[0.002038] (explore_lite) JobQueued: {'identifier': 'explore_lite', 'dependencies': OrderedDict()}
[0.002116] (multirobot_map_merge) JobQueued: {'identifier': 'multirobot_map_merge', 'dependencies': OrderedDict()}
[0.002195] (robomaster_description) JobQueued: {'identifier': 'robomaster_description', 'dependencies': OrderedDict()}
[0.002275] (robomaster_msgs) JobQueued: {'identifier': 'robomaster_msgs', 'dependencies': OrderedDict()}
[0.002351] (sllidar_ros2) JobQueued: {'identifier': 'sllidar_ros2', 'dependencies': OrderedDict()}
[0.002427] (robomaster_ros) JobQueued: {'identifier': 'robomaster_ros', 'dependencies': OrderedDict([('robomaster_msgs', '/home/cricchetto/Robomaster_WS/install/robomaster_msgs')])}
[0.002519] (robomaster_msgs) JobStarted: {'identifier': 'robomaster_msgs'}
[0.034031] (drift) JobStarted: {'identifier': 'drift'}
[0.066381] (ep_control) JobStarted: {'identifier': 'ep_control'}
[0.096849] (explore_lite) JobStarted: {'identifier': 'explore_lite'}
[0.098676] (-) TimerEvent: {}
[0.128030] (robomaster_msgs) JobProgress: {'identifier': 'robomaster_msgs', 'progress': 'cmake'}
[0.131269] (robomaster_msgs) JobProgress: {'identifier': 'robomaster_msgs', 'progress': 'build'}
[0.133923] (robomaster_msgs) Command: {'cmd': ['/usr/bin/cmake', '--build', '/home/cricchetto/Robomaster_WS/build/robomaster_msgs', '--', '-j4', '-l4'], 'cwd': '/home/cricchetto/Robomaster_WS/build/robomaster_msgs', 'env': OrderedDict([('LESSOPEN', '| /usr/bin/lesspipe %s'), ('USER', 'cricchetto'), ('SSH_CLIENT', '172.18.147.201 48990 22'), ('LC_TIME', 'es_AR.UTF-8'), ('XDG_SESSION_TYPE', 'tty'), ('SHLVL', '2'), ('LD_LIBRARY_PATH', '/home/cricchetto/Robomaster_WS/install/robomaster_msgs/lib:/home/cricchetto/Robomaster_WS/install/multirobot_map_merge/lib:/opt/ros/humble/opt/rviz_ogre_vendor/lib:/opt/ros/humble/lib/aarch64-linux-gnu:/opt/ros/humble/lib'), ('MOTD_SHOWN', 'pam'), ('HOME', '/home/cricchetto'), ('OLDPWD', '/home/cricchetto'), ('SSH_TTY', '/dev/pts/0'), ('ROS_PYTHON_VERSION', '3'), ('LC_MONETARY', 'es_AR.UTF-8'), ('DBUS_SESSION_BUS_ADDRESS', 'unix:path=/run/user/1000/bus'), ('COLCON_PREFIX_PATH', '/home/cricchetto/Robomaster_WS/install'), ('ROS_DISTRO', 'humble'), ('LOGNAME', 'cricchetto'), ('_', '/usr/bin/colcon'), ('ROS_VERSION', '2'), ('XDG_SESSION_CLASS', 'user'), ('TERM', 'xterm-256color'), ('XDG_SESSION_ID', '1'), ('ROS_LOCALHOST_ONLY', '0'), ('PATH', '/home/cricchetto/.local/bin:/opt/ros/humble/bin:/usr/local/sbin:/usr/local/bin:/usr/sbin:/usr/bin:/sbin:/bin:/usr/games:/usr/local/games:/snap/bin:/home/cricchettoSD/.local/bin'), ('LC_ADDRESS', 'es_AR.UTF-8'), ('XDG_RUNTIME_DIR', '/run/user/1000'), ('DISPLAY', 'localhost:10.0'), ('LANG', 'en_US.UTF-8'), ('LC_TELEPHONE', 'es_AR.UTF-8'), ('LS_COLORS', 'rs=0:di=01;34:ln=01;36:mh=00:pi=40;33:so=01;35:do=01;35:bd=40;33;01:cd=40;33;01:or=40;31;01:mi=00:su=37;41:sg=30;43:ca=30;41:tw=30;42:ow=34;42:st=37;44:ex=01;32:*.tar=01;31:*.tgz=01;31:*.arc=01;31:*.arj=01;31:*.taz=01;31:*.lha=01;31:*.lz4=01;31:*.lzh=01;31:*.lzma=01;31:*.tlz=01;31:*.txz=01;31:*.tzo=01;31:*.t7z=01;31:*.zip=01;31:*.z=01;31:*.dz=01;31:*.gz=01;31:*.lrz=01;31:*.lz=01;31:*.lzo=01;31:*.xz=01;31:*.zst=01;31:*.tzst=01;31:*.bz2=01;31:*.bz=01;31:*.tbz=01;31:*.tbz2=01;31:*.tz=01;31:*.deb=01;31:*.rpm=01;31:*.jar=01;31:*.war=01;31:*.ear=01;31:*.sar=01;31:*.rar=01;31:*.alz=01;31:*.ace=01;31:*.zoo=01;31:*.cpio=01;31:*.7z=01;31:*.rz=01;31:*.cab=01;31:*.wim=01;31:*.swm=01;31:*.dwm=01;31:*.esd=01;31:*.jpg=01;35:*.jpeg=01;35:*.mjpg=01;35:*.mjpeg=01;35:*.gif=01;35:*.bmp=01;35:*.pbm=01;35:*.pgm=01;35:*.ppm=01;35:*.tga=01;35:*.xbm=01;35:*.xpm=01;35:*.tif=01;35:*.tiff=01;35:*.png=01;35:*.svg=01;35:*.svgz=01;35:*.mng=01;35:*.pcx=01;35:*.mov=01;35:*.mpg=01;35:*.mpeg=01;35:*.m2v=01;35:*.mkv=01;35:*.webm=01;35:*.webp=01;35:*.ogm=01;35:*.mp4=01;35:*.m4v=01;35:*.mp4v=01;35:*.vob=01;35:*.qt=01;35:*.nuv=01;35:*.wmv=01;35:*.asf=01;35:*.rm=01;35:*.rmvb=01;35:*.flc=01;35:*.avi=01;35:*.fli=01;35:*.flv=01;35:*.gl=01;35:*.dl=01;35:*.xcf=01;35:*.xwd=01;35:*.yuv=01;35:*.cgm=01;35:*.emf=01;35:*.ogv=01;35:*.ogx=01;35:*.aac=00;36:*.au=00;36:*.flac=00;36:*.m4a=00;36:*.mid=00;36:*.midi=00;36:*.mka=00;36:*.mp3=00;36:*.mpc=00;36:*.ogg=00;36:*.ra=00;36:*.wav=00;36:*.oga=00;36:*.opus=00;36:*.spx=00;36:*.xspf=00;36:'), ('AMENT_PREFIX_PATH', '/home/cricchetto/Robomaster_WS/install/sllidar_ros2:/home/cricchetto/Robomaster_WS/install/robomaster_ros:/home/cricchetto/Robomaster_WS/install/robomaster_msgs:/home/cricchetto/Robomaster_WS/install/robomaster_description:/home/cricchetto/Robomaster_WS/install/multirobot_map_merge:/home/cricchetto/Robomaster_WS/install/explore_lite:/home/cricchetto/Robomaster_WS/install/ep_control:/home/cricchetto/Robomaster_WS/install/drift:/opt/ros/humble'), ('SHELL', '/bin/bash'), ('LC_NAME', 'es_AR.UTF-8'), ('LESSCLOSE', '/usr/bin/lesspipe %s %s'), ('LC_MEASUREMENT', 'es_AR.UTF-8'), ('LC_IDENTIFICATION', 'es_AR.UTF-8'), ('PWD', '/home/cricchetto/Robomaster_WS/build/robomaster_msgs'), ('LC_ALL', 'en_US.UTF-8'), ('SSH_CONNECTION', '172.18.147.201 48990 172.18.147.143 22'), ('PYTHONPATH', '/home/cricchetto/Robomaster_WS/install/robomaster_ros/lib/python3.10/site-packages:/home/cricchetto/Robomaster_WS/install/robomaster_msgs/local/lib/python3.10/dist-packages:/home/cricchetto/Robomaster_WS/install/ep_control/lib/python3.10/site-packages:/home/cricchetto/Robomaster_WS/install/drift/lib/python3.10/site-packages:/opt/ros/humble/lib/python3.10/site-packages:/opt/ros/humble/local/lib/python3.10/dist-packages'), ('LC_NUMERIC', 'es_AR.UTF-8'), ('LC_PAPER', 'es_AR.UTF-8'), ('COLCON', '1'), ('CMAKE_PREFIX_PATH', '/home/cricchetto/Robomaster_WS/install/sllidar_ros2:/home/cricchetto/Robomaster_WS/install/robomaster_msgs:/home/cricchetto/Robomaster_WS/install/robomaster_description:/home/cricchetto/Robomaster_WS/install/multirobot_map_merge:/home/cricchetto/Robomaster_WS/install/explore_lite:/home/cricchetto/Robomaster_WS/install/robomaster_ros:/home/cricchetto/Robomaster_WS/install/ep_control:/home/cricchetto/Robomaster_WS/install/drift:/opt/ros/humble')]), 'shell': False}
[0.198884] (-) TimerEvent: {}
[0.299631] (-) TimerEvent: {}
[0.400751] (-) TimerEvent: {}
[0.503366] (-) TimerEvent: {}
[0.604344] (-) TimerEvent: {}
[0.705413] (-) TimerEvent: {}
[0.806176] (-) TimerEvent: {}
[0.907006] (-) TimerEvent: {}
[1.007943] (-) TimerEvent: {}
[1.108793] (-) TimerEvent: {}
[1.210766] (-) TimerEvent: {}
[1.311584] (-) TimerEvent: {}
[1.413569] (-) TimerEvent: {}
[1.515292] (-) TimerEvent: {}
[1.616142] (-) TimerEvent: {}
[1.717791] (-) TimerEvent: {}
[1.818647] (-) TimerEvent: {}
[1.919375] (-) TimerEvent: {}
[2.020151] (-) TimerEvent: {}
[2.120860] (-) TimerEvent: {}
[2.221648] (-) TimerEvent: {}
[2.322779] (-) TimerEvent: {}
[2.423484] (-) TimerEvent: {}
[2.524163] (-) TimerEvent: {}
[2.624791] (-) TimerEvent: {}
[2.725432] (-) TimerEvent: {}
[2.826216] (-) TimerEvent: {}
[2.898307] (robomaster_msgs) StdoutLine: {'line': b'[  0%] Built target robomaster_msgs__cpp\n'}
[2.900994] (robomaster_msgs) StdoutLine: {'line': b'[ 12%] Built target robomaster_msgs__rosidl_generator_c\n'}
[2.903298] (robomaster_msgs) StdoutLine: {'line': b'[ 12%] Built target ament_cmake_python_copy_robomaster_msgs\n'}
[2.904202] (robomaster_msgs) StdoutLine: {'line': b'[ 24%] Built target robomaster_msgs__rosidl_typesupport_cpp\n'}
[2.905032] (robomaster_msgs) StdoutLine: {'line': b'[ 36%] Built target robomaster_msgs__rosidl_typesupport_fastrtps_cpp\n'}
[2.905859] (robomaster_msgs) StdoutLine: {'line': b'[ 49%] Built target robomaster_msgs__rosidl_typesupport_introspection_cpp\n'}
[2.906266] (robomaster_msgs) StdoutLine: {'line': b'[ 62%] Built target robomaster_msgs__rosidl_typesupport_fastrtps_c\n'}
[2.906641] (robomaster_msgs) StdoutLine: {'line': b'[ 75%] Built target robomaster_msgs__rosidl_typesupport_introspection_c\n'}
[2.906992] (robomaster_msgs) StdoutLine: {'line': b'[ 88%] Built target robomaster_msgs__rosidl_typesupport_c\n'}
[2.908470] (robomaster_msgs) StdoutLine: {'line': b'[ 88%] Built target robomaster_msgs\n'}
[2.908976] (robomaster_msgs) StdoutLine: {'line': b'[ 88%] Built target robomaster_msgs__py\n'}
[2.909529] (robomaster_msgs) StdoutLine: {'line': b'[100%] Built target robomaster_msgs__rosidl_generator_py\n'}
[2.910208] (robomaster_msgs) StdoutLine: {'line': b'[100%] Built target robomaster_msgs__rosidl_typesupport_fastrtps_c__pyext\n'}
[2.910754] (robomaster_msgs) StdoutLine: {'line': b'[100%] Built target robomaster_msgs__rosidl_typesupport_c__pyext\n'}
[2.911284] (robomaster_msgs) StdoutLine: {'line': b'[100%] Built target robomaster_msgs__rosidl_typesupport_introspection_c__pyext\n'}
[2.911994] (robomaster_msgs) StdoutLine: {'line': b'running egg_info\n'}
[2.913072] (robomaster_msgs) StdoutLine: {'line': b'writing robomaster_msgs.egg-info/PKG-INFO\n'}
[2.920595] (robomaster_msgs) StdoutLine: {'line': b'writing dependency_links to robomaster_msgs.egg-info/dependency_links.txt\n'}
[2.922697] (robomaster_msgs) StdoutLine: {'line': b'writing top-level names to robomaster_msgs.egg-info/top_level.txt\n'}
[2.923176] (robomaster_msgs) StdoutLine: {'line': b"reading manifest file 'robomaster_msgs.egg-info/SOURCES.txt'\n"}
[2.923628] (robomaster_msgs) StdoutLine: {'line': b"writing manifest file 'robomaster_msgs.egg-info/SOURCES.txt'\n"}
[2.924385] (robomaster_msgs) StdoutLine: {'line': b'[100%] Built target ament_cmake_python_build_robomaster_msgs_egg\n'}
[2.924933] (explore_lite) JobProgress: {'identifier': 'explore_lite', 'progress': 'cmake'}
[2.925194] (explore_lite) JobProgress: {'identifier': 'explore_lite', 'progress': 'build'}
[2.925335] (explore_lite) Command: {'cmd': ['/usr/bin/cmake', '--build', '/home/cricchetto/Robomaster_WS/build/explore_lite', '--', '-j4', '-l4'], 'cwd': '/home/cricchetto/Robomaster_WS/build/explore_lite', 'env': OrderedDict([('LESSOPEN', '| /usr/bin/lesspipe %s'), ('USER', 'cricchetto'), ('SSH_CLIENT', '172.18.147.201 48990 22'), ('LC_TIME', 'es_AR.UTF-8'), ('XDG_SESSION_TYPE', 'tty'), ('SHLVL', '2'), ('LD_LIBRARY_PATH', '/home/cricchetto/Robomaster_WS/install/robomaster_msgs/lib:/home/cricchetto/Robomaster_WS/install/multirobot_map_merge/lib:/opt/ros/humble/opt/rviz_ogre_vendor/lib:/opt/ros/humble/lib/aarch64-linux-gnu:/opt/ros/humble/lib'), ('MOTD_SHOWN', 'pam'), ('HOME', '/home/cricchetto'), ('OLDPWD', '/home/cricchetto'), ('SSH_TTY', '/dev/pts/0'), ('ROS_PYTHON_VERSION', '3'), ('LC_MONETARY', 'es_AR.UTF-8'), ('DBUS_SESSION_BUS_ADDRESS', 'unix:path=/run/user/1000/bus'), ('COLCON_PREFIX_PATH', '/home/cricchetto/Robomaster_WS/install'), ('ROS_DISTRO', 'humble'), ('LOGNAME', 'cricchetto'), ('_', '/usr/bin/colcon'), ('ROS_VERSION', '2'), ('XDG_SESSION_CLASS', 'user'), ('TERM', 'xterm-256color'), ('XDG_SESSION_ID', '1'), ('ROS_LOCALHOST_ONLY', '0'), ('PATH', '/home/cricchetto/.local/bin:/opt/ros/humble/bin:/usr/local/sbin:/usr/local/bin:/usr/sbin:/usr/bin:/sbin:/bin:/usr/games:/usr/local/games:/snap/bin:/home/cricchettoSD/.local/bin'), ('LC_ADDRESS', 'es_AR.UTF-8'), ('XDG_RUNTIME_DIR', '/run/user/1000'), ('DISPLAY', 'localhost:10.0'), ('LANG', 'en_US.UTF-8'), ('LC_TELEPHONE', 'es_AR.UTF-8'), ('LS_COLORS', 'rs=0:di=01;34:ln=01;36:mh=00:pi=40;33:so=01;35:do=01;35:bd=40;33;01:cd=40;33;01:or=40;31;01:mi=00:su=37;41:sg=30;43:ca=30;41:tw=30;42:ow=34;42:st=37;44:ex=01;32:*.tar=01;31:*.tgz=01;31:*.arc=01;31:*.arj=01;31:*.taz=01;31:*.lha=01;31:*.lz4=01;31:*.lzh=01;31:*.lzma=01;31:*.tlz=01;31:*.txz=01;31:*.tzo=01;31:*.t7z=01;31:*.zip=01;31:*.z=01;31:*.dz=01;31:*.gz=01;31:*.lrz=01;31:*.lz=01;31:*.lzo=01;31:*.xz=01;31:*.zst=01;31:*.tzst=01;31:*.bz2=01;31:*.bz=01;31:*.tbz=01;31:*.tbz2=01;31:*.tz=01;31:*.deb=01;31:*.rpm=01;31:*.jar=01;31:*.war=01;31:*.ear=01;31:*.sar=01;31:*.rar=01;31:*.alz=01;31:*.ace=01;31:*.zoo=01;31:*.cpio=01;31:*.7z=01;31:*.rz=01;31:*.cab=01;31:*.wim=01;31:*.swm=01;31:*.dwm=01;31:*.esd=01;31:*.jpg=01;35:*.jpeg=01;35:*.mjpg=01;35:*.mjpeg=01;35:*.gif=01;35:*.bmp=01;35:*.pbm=01;35:*.pgm=01;35:*.ppm=01;35:*.tga=01;35:*.xbm=01;35:*.xpm=01;35:*.tif=01;35:*.tiff=01;35:*.png=01;35:*.svg=01;35:*.svgz=01;35:*.mng=01;35:*.pcx=01;35:*.mov=01;35:*.mpg=01;35:*.mpeg=01;35:*.m2v=01;35:*.mkv=01;35:*.webm=01;35:*.webp=01;35:*.ogm=01;35:*.mp4=01;35:*.m4v=01;35:*.mp4v=01;35:*.vob=01;35:*.qt=01;35:*.nuv=01;35:*.wmv=01;35:*.asf=01;35:*.rm=01;35:*.rmvb=01;35:*.flc=01;35:*.avi=01;35:*.fli=01;35:*.flv=01;35:*.gl=01;35:*.dl=01;35:*.xcf=01;35:*.xwd=01;35:*.yuv=01;35:*.cgm=01;35:*.emf=01;35:*.ogv=01;35:*.ogx=01;35:*.aac=00;36:*.au=00;36:*.flac=00;36:*.m4a=00;36:*.mid=00;36:*.midi=00;36:*.mka=00;36:*.mp3=00;36:*.mpc=00;36:*.ogg=00;36:*.ra=00;36:*.wav=00;36:*.oga=00;36:*.opus=00;36:*.spx=00;36:*.xspf=00;36:'), ('AMENT_PREFIX_PATH', '/home/cricchetto/Robomaster_WS/install/sllidar_ros2:/home/cricchetto/Robomaster_WS/install/robomaster_ros:/home/cricchetto/Robomaster_WS/install/robomaster_msgs:/home/cricchetto/Robomaster_WS/install/robomaster_description:/home/cricchetto/Robomaster_WS/install/multirobot_map_merge:/home/cricchetto/Robomaster_WS/install/explore_lite:/home/cricchetto/Robomaster_WS/install/ep_control:/home/cricchetto/Robomaster_WS/install/drift:/opt/ros/humble'), ('SHELL', '/bin/bash'), ('LC_NAME', 'es_AR.UTF-8'), ('LESSCLOSE', '/usr/bin/lesspipe %s %s'), ('LC_MEASUREMENT', 'es_AR.UTF-8'), ('LC_IDENTIFICATION', 'es_AR.UTF-8'), ('PWD', '/home/cricchetto/Robomaster_WS/build/explore_lite'), ('LC_ALL', 'en_US.UTF-8'), ('SSH_CONNECTION', '172.18.147.201 48990 172.18.147.143 22'), ('PYTHONPATH', '/home/cricchetto/Robomaster_WS/install/robomaster_ros/lib/python3.10/site-packages:/home/cricchetto/Robomaster_WS/install/robomaster_msgs/local/lib/python3.10/dist-packages:/home/cricchetto/Robomaster_WS/install/ep_control/lib/python3.10/site-packages:/home/cricchetto/Robomaster_WS/install/drift/lib/python3.10/site-packages:/opt/ros/humble/lib/python3.10/site-packages:/opt/ros/humble/local/lib/python3.10/dist-packages'), ('LC_NUMERIC', 'es_AR.UTF-8'), ('LC_PAPER', 'es_AR.UTF-8'), ('COLCON', '1'), ('CMAKE_PREFIX_PATH', '/home/cricchetto/Robomaster_WS/install/sllidar_ros2:/home/cricchetto/Robomaster_WS/install/robomaster_msgs:/home/cricchetto/Robomaster_WS/install/robomaster_description:/home/cricchetto/Robomaster_WS/install/multirobot_map_merge:/home/cricchetto/Robomaster_WS/install/explore_lite:/home/cricchetto/Robomaster_WS/install/robomaster_ros:/home/cricchetto/Robomaster_WS/install/ep_control:/home/cricchetto/Robomaster_WS/install/drift:/opt/ros/humble')]), 'shell': False}
[2.931918] (-) TimerEvent: {}
[2.932528] (robomaster_msgs) CommandEnded: {'returncode': 0}
[2.934066] (robomaster_msgs) JobProgress: {'identifier': 'robomaster_msgs', 'progress': 'install'}
[2.962276] (robomaster_msgs) Command: {'cmd': ['/usr/bin/cmake', '--install', '/home/cricchetto/Robomaster_WS/build/robomaster_msgs'], 'cwd': '/home/cricchetto/Robomaster_WS/build/robomaster_msgs', 'env': OrderedDict([('LESSOPEN', '| /usr/bin/lesspipe %s'), ('USER', 'cricchetto'), ('SSH_CLIENT', '172.18.147.201 48990 22'), ('LC_TIME', 'es_AR.UTF-8'), ('XDG_SESSION_TYPE', 'tty'), ('SHLVL', '2'), ('LD_LIBRARY_PATH', '/home/cricchetto/Robomaster_WS/install/robomaster_msgs/lib:/home/cricchetto/Robomaster_WS/install/multirobot_map_merge/lib:/opt/ros/humble/opt/rviz_ogre_vendor/lib:/opt/ros/humble/lib/aarch64-linux-gnu:/opt/ros/humble/lib'), ('MOTD_SHOWN', 'pam'), ('HOME', '/home/cricchetto'), ('OLDPWD', '/home/cricchetto'), ('SSH_TTY', '/dev/pts/0'), ('ROS_PYTHON_VERSION', '3'), ('LC_MONETARY', 'es_AR.UTF-8'), ('DBUS_SESSION_BUS_ADDRESS', 'unix:path=/run/user/1000/bus'), ('COLCON_PREFIX_PATH', '/home/cricchetto/Robomaster_WS/install'), ('ROS_DISTRO', 'humble'), ('LOGNAME', 'cricchetto'), ('_', '/usr/bin/colcon'), ('ROS_VERSION', '2'), ('XDG_SESSION_CLASS', 'user'), ('TERM', 'xterm-256color'), ('XDG_SESSION_ID', '1'), ('ROS_LOCALHOST_ONLY', '0'), ('PATH', '/home/cricchetto/.local/bin:/opt/ros/humble/bin:/usr/local/sbin:/usr/local/bin:/usr/sbin:/usr/bin:/sbin:/bin:/usr/games:/usr/local/games:/snap/bin:/home/cricchettoSD/.local/bin'), ('LC_ADDRESS', 'es_AR.UTF-8'), ('XDG_RUNTIME_DIR', '/run/user/1000'), ('DISPLAY', 'localhost:10.0'), ('LANG', 'en_US.UTF-8'), ('LC_TELEPHONE', 'es_AR.UTF-8'), ('LS_COLORS', 'rs=0:di=01;34:ln=01;36:mh=00:pi=40;33:so=01;35:do=01;35:bd=40;33;01:cd=40;33;01:or=40;31;01:mi=00:su=37;41:sg=30;43:ca=30;41:tw=30;42:ow=34;42:st=37;44:ex=01;32:*.tar=01;31:*.tgz=01;31:*.arc=01;31:*.arj=01;31:*.taz=01;31:*.lha=01;31:*.lz4=01;31:*.lzh=01;31:*.lzma=01;31:*.tlz=01;31:*.txz=01;31:*.tzo=01;31:*.t7z=01;31:*.zip=01;31:*.z=01;31:*.dz=01;31:*.gz=01;31:*.lrz=01;31:*.lz=01;31:*.lzo=01;31:*.xz=01;31:*.zst=01;31:*.tzst=01;31:*.bz2=01;31:*.bz=01;31:*.tbz=01;31:*.tbz2=01;31:*.tz=01;31:*.deb=01;31:*.rpm=01;31:*.jar=01;31:*.war=01;31:*.ear=01;31:*.sar=01;31:*.rar=01;31:*.alz=01;31:*.ace=01;31:*.zoo=01;31:*.cpio=01;31:*.7z=01;31:*.rz=01;31:*.cab=01;31:*.wim=01;31:*.swm=01;31:*.dwm=01;31:*.esd=01;31:*.jpg=01;35:*.jpeg=01;35:*.mjpg=01;35:*.mjpeg=01;35:*.gif=01;35:*.bmp=01;35:*.pbm=01;35:*.pgm=01;35:*.ppm=01;35:*.tga=01;35:*.xbm=01;35:*.xpm=01;35:*.tif=01;35:*.tiff=01;35:*.png=01;35:*.svg=01;35:*.svgz=01;35:*.mng=01;35:*.pcx=01;35:*.mov=01;35:*.mpg=01;35:*.mpeg=01;35:*.m2v=01;35:*.mkv=01;35:*.webm=01;35:*.webp=01;35:*.ogm=01;35:*.mp4=01;35:*.m4v=01;35:*.mp4v=01;35:*.vob=01;35:*.qt=01;35:*.nuv=01;35:*.wmv=01;35:*.asf=01;35:*.rm=01;35:*.rmvb=01;35:*.flc=01;35:*.avi=01;35:*.fli=01;35:*.flv=01;35:*.gl=01;35:*.dl=01;35:*.xcf=01;35:*.xwd=01;35:*.yuv=01;35:*.cgm=01;35:*.emf=01;35:*.ogv=01;35:*.ogx=01;35:*.aac=00;36:*.au=00;36:*.flac=00;36:*.m4a=00;36:*.mid=00;36:*.midi=00;36:*.mka=00;36:*.mp3=00;36:*.mpc=00;36:*.ogg=00;36:*.ra=00;36:*.wav=00;36:*.oga=00;36:*.opus=00;36:*.spx=00;36:*.xspf=00;36:'), ('AMENT_PREFIX_PATH', '/home/cricchetto/Robomaster_WS/install/sllidar_ros2:/home/cricchetto/Robomaster_WS/install/robomaster_ros:/home/cricchetto/Robomaster_WS/install/robomaster_msgs:/home/cricchetto/Robomaster_WS/install/robomaster_description:/home/cricchetto/Robomaster_WS/install/multirobot_map_merge:/home/cricchetto/Robomaster_WS/install/explore_lite:/home/cricchetto/Robomaster_WS/install/ep_control:/home/cricchetto/Robomaster_WS/install/drift:/opt/ros/humble'), ('SHELL', '/bin/bash'), ('LC_NAME', 'es_AR.UTF-8'), ('LESSCLOSE', '/usr/bin/lesspipe %s %s'), ('LC_MEASUREMENT', 'es_AR.UTF-8'), ('LC_IDENTIFICATION', 'es_AR.UTF-8'), ('PWD', '/home/cricchetto/Robomaster_WS/build/robomaster_msgs'), ('LC_ALL', 'en_US.UTF-8'), ('SSH_CONNECTION', '172.18.147.201 48990 172.18.147.143 22'), ('PYTHONPATH', '/home/cricchetto/Robomaster_WS/install/robomaster_ros/lib/python3.10/site-packages:/home/cricchetto/Robomaster_WS/install/robomaster_msgs/local/lib/python3.10/dist-packages:/home/cricchetto/Robomaster_WS/install/ep_control/lib/python3.10/site-packages:/home/cricchetto/Robomaster_WS/install/drift/lib/python3.10/site-packages:/opt/ros/humble/lib/python3.10/site-packages:/opt/ros/humble/local/lib/python3.10/dist-packages'), ('LC_NUMERIC', 'es_AR.UTF-8'), ('LC_PAPER', 'es_AR.UTF-8'), ('COLCON', '1'), ('CMAKE_PREFIX_PATH', '/home/cricchetto/Robomaster_WS/install/sllidar_ros2:/home/cricchetto/Robomaster_WS/install/robomaster_msgs:/home/cricchetto/Robomaster_WS/install/robomaster_description:/home/cricchetto/Robomaster_WS/install/multirobot_map_merge:/home/cricchetto/Robomaster_WS/install/explore_lite:/home/cricchetto/Robomaster_WS/install/robomaster_ros:/home/cricchetto/Robomaster_WS/install/ep_control:/home/cricchetto/Robomaster_WS/install/drift:/opt/ros/humble')]), 'shell': False}
[3.006005] (robomaster_msgs) StdoutLine: {'line': b'-- Install configuration: ""\n'}
[3.008218] (robomaster_msgs) StdoutLine: {'line': b'-- Up-to-date: /home/cricchetto/Robomaster_WS/install/robomaster_msgs/share/ament_index/resource_index/rosidl_interfaces/robomaster_msgs\n'}
[3.009772] (robomaster_msgs) StdoutLine: {'line': b'-- Up-to-date: /home/cricchetto/Robomaster_WS/install/robomaster_msgs/include/robomaster_msgs/robomaster_msgs\n'}
[3.014331] (robomaster_msgs) StdoutLine: {'line': b'-- Up-to-date: /home/cricchetto/Robomaster_WS/install/robomaster_msgs/include/robomaster_msgs/robomaster_msgs/action\n'}
[3.016108] (robomaster_msgs) StdoutLine: {'line': b'-- Up-to-date: /home/cricchetto/Robomaster_WS/install/robomaster_msgs/include/robomaster_msgs/robomaster_msgs/action/gripper_control.h\n'}
[3.017542] (robomaster_msgs) StdoutLine: {'line': b'-- Up-to-date: /home/cricchetto/Robomaster_WS/install/robomaster_msgs/include/robomaster_msgs/robomaster_msgs/action/move.h\n'}
[3.018809] (robomaster_msgs) StdoutLine: {'line': b'-- Up-to-date: /home/cricchetto/Robomaster_WS/install/robomaster_msgs/include/robomaster_msgs/robomaster_msgs/action/move_servo.h\n'}
[3.020001] (robomaster_msgs) StdoutLine: {'line': b'-- Up-to-date: /home/cricchetto/Robomaster_WS/install/robomaster_msgs/include/robomaster_msgs/robomaster_msgs/action/move_arm.h\n'}
[3.021263] (robomaster_msgs) StdoutLine: {'line': b'-- Up-to-date: /home/cricchetto/Robomaster_WS/install/robomaster_msgs/include/robomaster_msgs/robomaster_msgs/action/play_sound.h\n'}
[3.022511] (robomaster_msgs) StdoutLine: {'line': b'-- Up-to-date: /home/cricchetto/Robomaster_WS/install/robomaster_msgs/include/robomaster_msgs/robomaster_msgs/action/move_gimbal.h\n'}
[3.023560] (robomaster_msgs) StdoutLine: {'line': b'-- Up-to-date: /home/cricchetto/Robomaster_WS/install/robomaster_msgs/include/robomaster_msgs/robomaster_msgs/action/detail\n'}
[3.025332] (robomaster_msgs) StdoutLine: {'line': b'-- Up-to-date: /home/cricchetto/Robomaster_WS/install/robomaster_msgs/include/robomaster_msgs/robomaster_msgs/action/detail/move__struct.h\n'}
[3.026745] (robomaster_msgs) StdoutLine: {'line': b'-- Up-to-date: /home/cricchetto/Robomaster_WS/install/robomaster_msgs/include/robomaster_msgs/robomaster_msgs/action/detail/move_gimbal__type_support.h\n'}
[3.028486] (robomaster_msgs) StdoutLine: {'line': b'-- Up-to-date: /home/cricchetto/Robomaster_WS/install/robomaster_msgs/include/robomaster_msgs/robomaster_msgs/action/detail/recenter_gimbal__struct.h\n'}
[3.029797] (robomaster_msgs) StdoutLine: {'line': b'-- Up-to-date: /home/cricchetto/Robomaster_WS/install/robomaster_msgs/include/robomaster_msgs/robomaster_msgs/action/detail/move_arm__struct.h\n'}
[3.031103] (robomaster_msgs) StdoutLine: {'line': b'-- Up-to-date: /home/cricchetto/Robomaster_WS/install/robomaster_msgs/include/robomaster_msgs/robomaster_msgs/action/detail/play_sound__type_support.h\n'}
[3.031985] (-) TimerEvent: {}
[3.034180] (robomaster_msgs) StdoutLine: {'line': b'-- Up-to-date: /home/cricchetto/Robomaster_WS/install/robomaster_msgs/include/robomaster_msgs/robomaster_msgs/action/detail/move_gimbal__struct.h\n'}
[3.036101] (robomaster_msgs) StdoutLine: {'line': b'-- Up-to-date: /home/cricchetto/Robomaster_WS/install/robomaster_msgs/include/robomaster_msgs/robomaster_msgs/action/detail/move_servo__functions.h\n'}
[3.037968] (robomaster_msgs) StdoutLine: {'line': b'-- Up-to-date: /home/cricchetto/Robomaster_WS/install/robomaster_msgs/include/robomaster_msgs/robomaster_msgs/action/detail/recenter_gimbal__functions.c\n'}
[3.039882] (robomaster_msgs) StdoutLine: {'line': b'-- Up-to-date: /home/cricchetto/Robomaster_WS/install/robomaster_msgs/include/robomaster_msgs/robomaster_msgs/action/detail/move_arm__functions.h\n'}
[3.041501] (robomaster_msgs) StdoutLine: {'line': b'-- Up-to-date: /home/cricchetto/Robomaster_WS/install/robomaster_msgs/include/robomaster_msgs/robomaster_msgs/action/detail/move_servo__functions.c\n'}
[3.042874] (robomaster_msgs) StdoutLine: {'line': b'-- Up-to-date: /home/cricchetto/Robomaster_WS/install/robomaster_msgs/include/robomaster_msgs/robomaster_msgs/action/detail/move_arm__functions.c\n'}
[3.044421] (robomaster_msgs) StdoutLine: {'line': b'-- Up-to-date: /home/cricchetto/Robomaster_WS/install/robomaster_msgs/include/robomaster_msgs/robomaster_msgs/action/detail/move_servo__type_support.h\n'}
[3.045952] (robomaster_msgs) StdoutLine: {'line': b'-- Up-to-date: /home/cricchetto/Robomaster_WS/install/robomaster_msgs/include/robomaster_msgs/robomaster_msgs/action/detail/move__functions.c\n'}
[3.047365] (robomaster_msgs) StdoutLine: {'line': b'-- Up-to-date: /home/cricchetto/Robomaster_WS/install/robomaster_msgs/include/robomaster_msgs/robomaster_msgs/action/detail/gripper_control__struct.h\n'}
[3.050237] (robomaster_msgs) StdoutLine: {'line': b'-- Up-to-date: /home/cricchetto/Robomaster_WS/install/robomaster_msgs/include/robomaster_msgs/robomaster_msgs/action/detail/recenter_gimbal__type_support.h\n'}
[3.052328] (robomaster_msgs) StdoutLine: {'line': b'-- Up-to-date: /home/cricchetto/Robomaster_WS/install/robomaster_msgs/include/robomaster_msgs/robomaster_msgs/action/detail/play_sound__functions.h\n'}
[3.053789] (robomaster_msgs) StdoutLine: {'line': b'-- Up-to-date: /home/cricchetto/Robomaster_WS/install/robomaster_msgs/include/robomaster_msgs/robomaster_msgs/action/detail/gripper_control__functions.h\n'}
[3.055351] (robomaster_msgs) StdoutLine: {'line': b'-- Up-to-date: /home/cricchetto/Robomaster_WS/install/robomaster_msgs/include/robomaster_msgs/robomaster_msgs/action/detail/gripper_control__functions.c\n'}
[3.057519] (robomaster_msgs) StdoutLine: {'line': b'-- Up-to-date: /home/cricchetto/Robomaster_WS/install/robomaster_msgs/include/robomaster_msgs/robomaster_msgs/action/detail/move__type_support.h\n'}
[3.058298] (robomaster_msgs) StdoutLine: {'line': b'-- Up-to-date: /home/cricchetto/Robomaster_WS/install/robomaster_msgs/include/robomaster_msgs/robomaster_msgs/action/detail/move_arm__type_support.h\n'}
[3.061104] (robomaster_msgs) StdoutLine: {'line': b'-- Up-to-date: /home/cricchetto/Robomaster_WS/install/robomaster_msgs/include/robomaster_msgs/robomaster_msgs/action/detail/recenter_gimbal__functions.h\n'}
[3.061886] (robomaster_msgs) StdoutLine: {'line': b'-- Up-to-date: /home/cricchetto/Robomaster_WS/install/robomaster_msgs/include/robomaster_msgs/robomaster_msgs/action/detail/play_sound__struct.h\n'}
[3.062502] (robomaster_msgs) StdoutLine: {'line': b'-- Up-to-date: /home/cricchetto/Robomaster_WS/install/robomaster_msgs/include/robomaster_msgs/robomaster_msgs/action/detail/move_gimbal__functions.c\n'}
[3.067104] (robomaster_msgs) StdoutLine: {'line': b'-- Up-to-date: /home/cricchetto/Robomaster_WS/install/robomaster_msgs/include/robomaster_msgs/robomaster_msgs/action/detail/gripper_control__type_support.h\n'}
[3.068638] (robomaster_msgs) StdoutLine: {'line': b'-- Up-to-date: /home/cricchetto/Robomaster_WS/install/robomaster_msgs/include/robomaster_msgs/robomaster_msgs/action/detail/move_gimbal__functions.h\n'}
[3.069511] (robomaster_msgs) StdoutLine: {'line': b'-- Up-to-date: /home/cricchetto/Robomaster_WS/install/robomaster_msgs/include/robomaster_msgs/robomaster_msgs/action/detail/play_sound__functions.c\n'}
[3.070092] (robomaster_msgs) StdoutLine: {'line': b'-- Up-to-date: /home/cricchetto/Robomaster_WS/install/robomaster_msgs/include/robomaster_msgs/robomaster_msgs/action/detail/move__functions.h\n'}
[3.076870] (robomaster_msgs) StdoutLine: {'line': b'-- Up-to-date: /home/cricchetto/Robomaster_WS/install/robomaster_msgs/include/robomaster_msgs/robomaster_msgs/action/detail/move_servo__struct.h\n'}
[3.077740] (robomaster_msgs) StdoutLine: {'line': b'-- Up-to-date: /home/cricchetto/Robomaster_WS/install/robomaster_msgs/include/robomaster_msgs/robomaster_msgs/action/recenter_gimbal.h\n'}
[3.078478] (robomaster_msgs) StdoutLine: {'line': b'-- Up-to-date: /home/cricchetto/Robomaster_WS/install/robomaster_msgs/include/robomaster_msgs/robomaster_msgs/msg\n'}
[3.079107] (robomaster_msgs) StdoutLine: {'line': b'-- Up-to-date: /home/cricchetto/Robomaster_WS/install/robomaster_msgs/include/robomaster_msgs/robomaster_msgs/msg/led_effect.h\n'}
[3.079745] (robomaster_msgs) StdoutLine: {'line': b'-- Up-to-date: /home/cricchetto/Robomaster_WS/install/robomaster_msgs/include/robomaster_msgs/robomaster_msgs/msg/detected_marker.h\n'}
[3.080347] (robomaster_msgs) StdoutLine: {'line': b'-- Up-to-date: /home/cricchetto/Robomaster_WS/install/robomaster_msgs/include/robomaster_msgs/robomaster_msgs/msg/detected_person.h\n'}
[3.080897] (robomaster_msgs) StdoutLine: {'line': b'-- Up-to-date: /home/cricchetto/Robomaster_WS/install/robomaster_msgs/include/robomaster_msgs/robomaster_msgs/msg/detected_robot.h\n'}
[3.088946] (robomaster_msgs) StdoutLine: {'line': b'-- Up-to-date: /home/cricchetto/Robomaster_WS/install/robomaster_msgs/include/robomaster_msgs/robomaster_msgs/msg/audio_level.h\n'}
[3.089633] (robomaster_msgs) StdoutLine: {'line': b'-- Up-to-date: /home/cricchetto/Robomaster_WS/install/robomaster_msgs/include/robomaster_msgs/robomaster_msgs/msg/detection.h\n'}
[3.090144] (robomaster_msgs) StdoutLine: {'line': b'-- Up-to-date: /home/cricchetto/Robomaster_WS/install/robomaster_msgs/include/robomaster_msgs/robomaster_msgs/msg/sensor_adapter.h\n'}
[3.090654] (robomaster_msgs) StdoutLine: {'line': b'-- Up-to-date: /home/cricchetto/Robomaster_WS/install/robomaster_msgs/include/robomaster_msgs/robomaster_msgs/msg/detected_gesture.h\n'}
[3.091206] (robomaster_msgs) StdoutLine: {'line': b'-- Up-to-date: /home/cricchetto/Robomaster_WS/install/robomaster_msgs/include/robomaster_msgs/robomaster_msgs/msg/pwm.h\n'}
[3.091790] (robomaster_msgs) StdoutLine: {'line': b'-- Up-to-date: /home/cricchetto/Robomaster_WS/install/robomaster_msgs/include/robomaster_msgs/robomaster_msgs/msg/servo_command.h\n'}
[3.098067] (robomaster_msgs) StdoutLine: {'line': b'-- Up-to-date: /home/cricchetto/Robomaster_WS/install/robomaster_msgs/include/robomaster_msgs/robomaster_msgs/msg/armor_hit.h\n'}
[3.098445] (robomaster_msgs) StdoutLine: {'line': b'-- Up-to-date: /home/cricchetto/Robomaster_WS/install/robomaster_msgs/include/robomaster_msgs/robomaster_msgs/msg/wheel_speeds.h\n'}
[3.098860] (robomaster_msgs) StdoutLine: {'line': b'-- Up-to-date: /home/cricchetto/Robomaster_WS/install/robomaster_msgs/include/robomaster_msgs/robomaster_msgs/msg/mode.h\n'}
[3.099293] (robomaster_msgs) StdoutLine: {'line': b'-- Up-to-date: /home/cricchetto/Robomaster_WS/install/robomaster_msgs/include/robomaster_msgs/robomaster_msgs/msg/serial.h\n'}
[3.099739] (robomaster_msgs) StdoutLine: {'line': b'-- Up-to-date: /home/cricchetto/Robomaster_WS/install/robomaster_msgs/include/robomaster_msgs/robomaster_msgs/msg/audio_data.h\n'}
[3.103822] (robomaster_msgs) StdoutLine: {'line': b'-- Up-to-date: /home/cricchetto/Robomaster_WS/install/robomaster_msgs/include/robomaster_msgs/robomaster_msgs/msg/detected_line.h\n'}
[3.104454] (robomaster_msgs) StdoutLine: {'line': b'-- Up-to-date: /home/cricchetto/Robomaster_WS/install/robomaster_msgs/include/robomaster_msgs/robomaster_msgs/msg/chassis_status.h\n'}
[3.104996] (robomaster_msgs) StdoutLine: {'line': b'-- Up-to-date: /home/cricchetto/Robomaster_WS/install/robomaster_msgs/include/robomaster_msgs/robomaster_msgs/msg/gimbal_command.h\n'}
[3.105527] (robomaster_msgs) StdoutLine: {'line': b'-- Up-to-date: /home/cricchetto/Robomaster_WS/install/robomaster_msgs/include/robomaster_msgs/robomaster_msgs/msg/servo_raw_state.h\n'}
[3.106034] (robomaster_msgs) StdoutLine: {'line': b'-- Up-to-date: /home/cricchetto/Robomaster_WS/install/robomaster_msgs/include/robomaster_msgs/robomaster_msgs/msg/blaster_led.h\n'}
[3.110810] (robomaster_msgs) StdoutLine: {'line': b'-- Up-to-date: /home/cricchetto/Robomaster_WS/install/robomaster_msgs/include/robomaster_msgs/robomaster_msgs/msg/rosidl_generator_c__visibility_control.h\n'}
[3.111254] (robomaster_msgs) StdoutLine: {'line': b'-- Up-to-date: /home/cricchetto/Robomaster_WS/install/robomaster_msgs/include/robomaster_msgs/robomaster_msgs/msg/gripper_state.h\n'}
[3.111652] (robomaster_msgs) StdoutLine: {'line': b'-- Up-to-date: /home/cricchetto/Robomaster_WS/install/robomaster_msgs/include/robomaster_msgs/robomaster_msgs/msg/speaker_command.h\n'}
[3.112117] (robomaster_msgs) StdoutLine: {'line': b'-- Up-to-date: /home/cricchetto/Robomaster_WS/install/robomaster_msgs/include/robomaster_msgs/robomaster_msgs/msg/detail\n'}
[3.112486] (robomaster_msgs) StdoutLine: {'line': b'-- Up-to-date: /home/cricchetto/Robomaster_WS/install/robomaster_msgs/include/robomaster_msgs/robomaster_msgs/msg/detail/chassis_status__functions.c\n'}
[3.112880] (robomaster_msgs) StdoutLine: {'line': b'-- Up-to-date: /home/cricchetto/Robomaster_WS/install/robomaster_msgs/include/robomaster_msgs/robomaster_msgs/msg/detail/gimbal_command__struct.h\n'}
[3.113396] (robomaster_msgs) StdoutLine: {'line': b'-- Up-to-date: /home/cricchetto/Robomaster_WS/install/robomaster_msgs/include/robomaster_msgs/robomaster_msgs/msg/detail/detected_line__type_support.h\n'}
[3.113867] (robomaster_msgs) StdoutLine: {'line': b'-- Up-to-date: /home/cricchetto/Robomaster_WS/install/robomaster_msgs/include/robomaster_msgs/robomaster_msgs/msg/detail/detected_robot__functions.c\n'}
[3.114367] (robomaster_msgs) StdoutLine: {'line': b'-- Up-to-date: /home/cricchetto/Robomaster_WS/install/robomaster_msgs/include/robomaster_msgs/robomaster_msgs/msg/detail/speaker_command__type_support.h\n'}
[3.114873] (robomaster_msgs) StdoutLine: {'line': b'-- Up-to-date: /home/cricchetto/Robomaster_WS/install/robomaster_msgs/include/robomaster_msgs/robomaster_msgs/msg/detail/mode__functions.h\n'}
[3.115403] (robomaster_msgs) StdoutLine: {'line': b'-- Up-to-date: /home/cricchetto/Robomaster_WS/install/robomaster_msgs/include/robomaster_msgs/robomaster_msgs/msg/detail/camera_config__struct.h\n'}
[3.115959] (robomaster_msgs) StdoutLine: {'line': b'-- Up-to-date: /home/cricchetto/Robomaster_WS/install/robomaster_msgs/include/robomaster_msgs/robomaster_msgs/msg/detail/led_effect__functions.h\n'}
[3.116403] (robomaster_msgs) StdoutLine: {'line': b'-- Up-to-date: /home/cricchetto/Robomaster_WS/install/robomaster_msgs/include/robomaster_msgs/robomaster_msgs/msg/detail/detection__functions.c\n'}
[3.116781] (robomaster_msgs) StdoutLine: {'line': b'-- Up-to-date: /home/cricchetto/Robomaster_WS/install/robomaster_msgs/include/robomaster_msgs/robomaster_msgs/msg/detail/s_bus__type_support.h\n'}
[3.117148] (robomaster_msgs) StdoutLine: {'line': b'-- Up-to-date: /home/cricchetto/Robomaster_WS/install/robomaster_msgs/include/robomaster_msgs/robomaster_msgs/msg/detail/chassis_status__functions.h\n'}
[3.117503] (robomaster_msgs) StdoutLine: {'line': b'-- Up-to-date: /home/cricchetto/Robomaster_WS/install/robomaster_msgs/include/robomaster_msgs/robomaster_msgs/msg/detail/blaster_led__type_support.h\n'}
[3.117973] (robomaster_msgs) StdoutLine: {'line': b'-- Up-to-date: /home/cricchetto/Robomaster_WS/install/robomaster_msgs/include/robomaster_msgs/robomaster_msgs/msg/detail/servo_raw_state__functions.c\n'}
[3.118382] (robomaster_msgs) StdoutLine: {'line': b'-- Up-to-date: /home/cricchetto/Robomaster_WS/install/robomaster_msgs/include/robomaster_msgs/robomaster_msgs/msg/detail/detected_robot__type_support.h\n'}
[3.130977] (robomaster_msgs) StdoutLine: {'line': b'-- Up-to-date: /home/cricchetto/Robomaster_WS/install/robomaster_msgs/include/robomaster_msgs/robomaster_msgs/msg/detail/detected_gesture__type_support.h\n'}
[3.131758] (robomaster_msgs) StdoutLine: {'line': b'-- Up-to-date: /home/cricchetto/Robomaster_WS/install/robomaster_msgs/include/robomaster_msgs/robomaster_msgs/msg/detail/s_bus__struct.h\n'}
[3.132287] (-) TimerEvent: {}
[3.136233] (robomaster_msgs) StdoutLine: {'line': b'-- Up-to-date: /home/cricchetto/Robomaster_WS/install/robomaster_msgs/include/robomaster_msgs/robomaster_msgs/msg/detail/led_effect__type_support.h\n'}
[3.136883] (robomaster_msgs) StdoutLine: {'line': b'-- Up-to-date: /home/cricchetto/Robomaster_WS/install/robomaster_msgs/include/robomaster_msgs/robomaster_msgs/msg/detail/detected_marker__functions.c\n'}
[3.137373] (robomaster_msgs) StdoutLine: {'line': b'-- Up-to-date: /home/cricchetto/Robomaster_WS/install/robomaster_msgs/include/robomaster_msgs/robomaster_msgs/msg/detail/gimbal_command__type_support.h\n'}
[3.137810] (robomaster_msgs) StdoutLine: {'line': b'-- Up-to-date: /home/cricchetto/Robomaster_WS/install/robomaster_msgs/include/robomaster_msgs/robomaster_msgs/msg/detail/sensor_adapter__functions.c\n'}
[3.141576] (robomaster_msgs) StdoutLine: {'line': b'-- Up-to-date: /home/cricchetto/Robomaster_WS/install/robomaster_msgs/include/robomaster_msgs/robomaster_msgs/msg/detail/h264_packet__functions.c\n'}
[3.142101] (robomaster_msgs) StdoutLine: {'line': b'-- Up-to-date: /home/cricchetto/Robomaster_WS/install/robomaster_msgs/include/robomaster_msgs/robomaster_msgs/msg/detail/pwm__struct.h\n'}
[3.142599] (robomaster_msgs) StdoutLine: {'line': b'-- Up-to-date: /home/cricchetto/Robomaster_WS/install/robomaster_msgs/include/robomaster_msgs/robomaster_msgs/msg/detail/blaster_led__functions.c\n'}
[3.143063] (robomaster_msgs) StdoutLine: {'line': b'-- Up-to-date: /home/cricchetto/Robomaster_WS/install/robomaster_msgs/include/robomaster_msgs/robomaster_msgs/msg/detail/sensor_adapter__struct.h\n'}
[3.143548] (robomaster_msgs) StdoutLine: {'line': b'-- Up-to-date: /home/cricchetto/Robomaster_WS/install/robomaster_msgs/include/robomaster_msgs/robomaster_msgs/msg/detail/armor_hit__type_support.h\n'}
[3.144137] (robomaster_msgs) StdoutLine: {'line': b'-- Up-to-date: /home/cricchetto/Robomaster_WS/install/robomaster_msgs/include/robomaster_msgs/robomaster_msgs/msg/detail/serial__functions.c\n'}
[3.144782] (robomaster_msgs) StdoutLine: {'line': b'-- Up-to-date: /home/cricchetto/Robomaster_WS/install/robomaster_msgs/include/robomaster_msgs/robomaster_msgs/msg/detail/led_effect__struct.h\n'}
[3.145228] (robomaster_msgs) StdoutLine: {'line': b'-- Up-to-date: /home/cricchetto/Robomaster_WS/install/robomaster_msgs/include/robomaster_msgs/robomaster_msgs/msg/detail/h264_packet__functions.h\n'}
[3.145672] (robomaster_msgs) StdoutLine: {'line': b'-- Up-to-date: /home/cricchetto/Robomaster_WS/install/robomaster_msgs/include/robomaster_msgs/robomaster_msgs/msg/detail/audio_opus__type_support.h\n'}
[3.146237] (robomaster_msgs) StdoutLine: {'line': b'-- Up-to-date: /home/cricchetto/Robomaster_WS/install/robomaster_msgs/include/robomaster_msgs/robomaster_msgs/msg/detail/detected_marker__struct.h\n'}
[3.146668] (robomaster_msgs) StdoutLine: {'line': b'-- Up-to-date: /home/cricchetto/Robomaster_WS/install/robomaster_msgs/include/robomaster_msgs/robomaster_msgs/msg/detail/detected_gesture__struct.h\n'}
[3.147146] (robomaster_msgs) StdoutLine: {'line': b'-- Up-to-date: /home/cricchetto/Robomaster_WS/install/robomaster_msgs/include/robomaster_msgs/robomaster_msgs/msg/detail/detected_person__struct.h\n'}
[3.147600] (robomaster_msgs) StdoutLine: {'line': b'-- Up-to-date: /home/cricchetto/Robomaster_WS/install/robomaster_msgs/include/robomaster_msgs/robomaster_msgs/msg/detail/led_effect__functions.c\n'}
[3.148128] (robomaster_msgs) StdoutLine: {'line': b'-- Up-to-date: /home/cricchetto/Robomaster_WS/install/robomaster_msgs/include/robomaster_msgs/robomaster_msgs/msg/detail/speaker_command__functions.c\n'}
[3.148682] (robomaster_msgs) StdoutLine: {'line': b'-- Up-to-date: /home/cricchetto/Robomaster_WS/install/robomaster_msgs/include/robomaster_msgs/robomaster_msgs/msg/detail/wheel_speeds__struct.h\n'}
[3.149166] (robomaster_msgs) StdoutLine: {'line': b'-- Up-to-date: /home/cricchetto/Robomaster_WS/install/robomaster_msgs/include/robomaster_msgs/robomaster_msgs/msg/detail/h264_packet__type_support.h\n'}
[3.149599] (robomaster_msgs) StdoutLine: {'line': b'-- Up-to-date: /home/cricchetto/Robomaster_WS/install/robomaster_msgs/include/robomaster_msgs/robomaster_msgs/msg/detail/detected_person__type_support.h\n'}
[3.150207] (robomaster_msgs) StdoutLine: {'line': b'-- Up-to-date: /home/cricchetto/Robomaster_WS/install/robomaster_msgs/include/robomaster_msgs/robomaster_msgs/msg/detail/audio_opus__struct.h\n'}
[3.150839] (robomaster_msgs) StdoutLine: {'line': b'-- Up-to-date: /home/cricchetto/Robomaster_WS/install/robomaster_msgs/include/robomaster_msgs/robomaster_msgs/msg/detail/speaker_command__functions.h\n'}
[3.151536] (robomaster_msgs) StdoutLine: {'line': b'-- Up-to-date: /home/cricchetto/Robomaster_WS/install/robomaster_msgs/include/robomaster_msgs/robomaster_msgs/msg/detail/gimbal_command__functions.c\n'}
[3.165249] (robomaster_msgs) StdoutLine: {'line': b'-- Up-to-date: /home/cricchetto/Robomaster_WS/install/robomaster_msgs/include/robomaster_msgs/robomaster_msgs/msg/detail/servo_raw_state__functions.h\n'}
[3.166039] (robomaster_msgs) StdoutLine: {'line': b'-- Up-to-date: /home/cricchetto/Robomaster_WS/install/robomaster_msgs/include/robomaster_msgs/robomaster_msgs/msg/detail/detected_gesture__functions.c\n'}
[3.166617] (robomaster_msgs) StdoutLine: {'line': b'-- Up-to-date: /home/cricchetto/Robomaster_WS/install/robomaster_msgs/include/robomaster_msgs/robomaster_msgs/msg/detail/blaster_led__functions.h\n'}
[3.167307] (robomaster_msgs) StdoutLine: {'line': b'-- Up-to-date: /home/cricchetto/Robomaster_WS/install/robomaster_msgs/include/robomaster_msgs/robomaster_msgs/msg/detail/audio_opus__functions.h\n'}
[3.171234] (robomaster_msgs) StdoutLine: {'line': b'-- Up-to-date: /home/cricchetto/Robomaster_WS/install/robomaster_msgs/include/robomaster_msgs/robomaster_msgs/msg/detail/wheel_speeds__functions.h\n'}
[3.173087] (robomaster_msgs) StdoutLine: {'line': b'-- Up-to-date: /home/cricchetto/Robomaster_WS/install/robomaster_msgs/include/robomaster_msgs/robomaster_msgs/msg/detail/gripper_state__type_support.h\n'}
[3.173647] (robomaster_msgs) StdoutLine: {'line': b'-- Up-to-date: /home/cricchetto/Robomaster_WS/install/robomaster_msgs/include/robomaster_msgs/robomaster_msgs/msg/detail/camera_config__functions.c\n'}
[3.174201] (robomaster_msgs) StdoutLine: {'line': b'-- Up-to-date: /home/cricchetto/Robomaster_WS/install/robomaster_msgs/include/robomaster_msgs/robomaster_msgs/msg/detail/detection__functions.h\n'}
[3.174751] (robomaster_msgs) StdoutLine: {'line': b'-- Up-to-date: /home/cricchetto/Robomaster_WS/install/robomaster_msgs/include/robomaster_msgs/robomaster_msgs/msg/detail/h264_packet__struct.h\n'}
[3.175273] (robomaster_msgs) StdoutLine: {'line': b'-- Up-to-date: /home/cricchetto/Robomaster_WS/install/robomaster_msgs/include/robomaster_msgs/robomaster_msgs/msg/detail/pwm__functions.h\n'}
[3.175772] (robomaster_msgs) StdoutLine: {'line': b'-- Up-to-date: /home/cricchetto/Robomaster_WS/install/robomaster_msgs/include/robomaster_msgs/robomaster_msgs/msg/detail/detected_robot__struct.h\n'}
[3.176380] (robomaster_msgs) StdoutLine: {'line': b'-- Up-to-date: /home/cricchetto/Robomaster_WS/install/robomaster_msgs/include/robomaster_msgs/robomaster_msgs/msg/detail/servo_command__struct.h\n'}
[3.176864] (robomaster_msgs) StdoutLine: {'line': b'-- Up-to-date: /home/cricchetto/Robomaster_WS/install/robomaster_msgs/include/robomaster_msgs/robomaster_msgs/msg/detail/wheel_speeds__functions.c\n'}
[3.177352] (robomaster_msgs) StdoutLine: {'line': b'-- Up-to-date: /home/cricchetto/Robomaster_WS/install/robomaster_msgs/include/robomaster_msgs/robomaster_msgs/msg/detail/audio_data__functions.c\n'}
[3.177767] (robomaster_msgs) StdoutLine: {'line': b'-- Up-to-date: /home/cricchetto/Robomaster_WS/install/robomaster_msgs/include/robomaster_msgs/robomaster_msgs/msg/detail/s_bus__functions.c\n'}
[3.178326] (robomaster_msgs) StdoutLine: {'line': b'-- Up-to-date: /home/cricchetto/Robomaster_WS/install/robomaster_msgs/include/robomaster_msgs/robomaster_msgs/msg/detail/detected_person__functions.c\n'}
[3.178910] (robomaster_msgs) StdoutLine: {'line': b'-- Up-to-date: /home/cricchetto/Robomaster_WS/install/robomaster_msgs/include/robomaster_msgs/robomaster_msgs/msg/detail/gripper_state__struct.h\n'}
[3.179616] (robomaster_msgs) StdoutLine: {'line': b'-- Up-to-date: /home/cricchetto/Robomaster_WS/install/robomaster_msgs/include/robomaster_msgs/robomaster_msgs/msg/detail/s_bus__functions.h\n'}
[3.180217] (robomaster_msgs) StdoutLine: {'line': b'-- Up-to-date: /home/cricchetto/Robomaster_WS/install/robomaster_msgs/include/robomaster_msgs/robomaster_msgs/msg/detail/detected_line__struct.h\n'}
[3.180919] (robomaster_msgs) StdoutLine: {'line': b'-- Up-to-date: /home/cricchetto/Robomaster_WS/install/robomaster_msgs/include/robomaster_msgs/robomaster_msgs/msg/detail/detected_marker__type_support.h\n'}
[3.181831] (robomaster_msgs) StdoutLine: {'line': b'-- Up-to-date: /home/cricchetto/Robomaster_WS/install/robomaster_msgs/include/robomaster_msgs/robomaster_msgs/msg/detail/chassis_status__type_support.h\n'}
[3.182936] (robomaster_msgs) StdoutLine: {'line': b'-- Up-to-date: /home/cricchetto/Robomaster_WS/install/robomaster_msgs/include/robomaster_msgs/robomaster_msgs/msg/detail/armor_hit__functions.h\n'}
[3.198003] (robomaster_msgs) StdoutLine: {'line': b'-- Up-to-date: /home/cricchetto/Robomaster_WS/install/robomaster_msgs/include/robomaster_msgs/robomaster_msgs/msg/detail/armor_hit__functions.c\n'}
[3.198900] (robomaster_msgs) StdoutLine: {'line': b'-- Up-to-date: /home/cricchetto/Robomaster_WS/install/robomaster_msgs/include/robomaster_msgs/robomaster_msgs/msg/detail/region_of_interest__type_support.h\n'}
[3.199664] (robomaster_msgs) StdoutLine: {'line': b'-- Up-to-date: /home/cricchetto/Robomaster_WS/install/robomaster_msgs/include/robomaster_msgs/robomaster_msgs/msg/detail/gripper_state__functions.c\n'}
[3.200498] (robomaster_msgs) StdoutLine: {'line': b'-- Up-to-date: /home/cricchetto/Robomaster_WS/install/robomaster_msgs/include/robomaster_msgs/robomaster_msgs/msg/detail/audio_level__functions.c\n'}
[3.201593] (robomaster_msgs) StdoutLine: {'line': b'-- Up-to-date: /home/cricchetto/Robomaster_WS/install/robomaster_msgs/include/robomaster_msgs/robomaster_msgs/msg/detail/serial__struct.h\n'}
[3.202769] (robomaster_msgs) StdoutLine: {'line': b'-- Up-to-date: /home/cricchetto/Robomaster_WS/install/robomaster_msgs/include/robomaster_msgs/robomaster_msgs/msg/detail/region_of_interest__functions.h\n'}
[3.203555] (robomaster_msgs) StdoutLine: {'line': b'-- Up-to-date: /home/cricchetto/Robomaster_WS/install/robomaster_msgs/include/robomaster_msgs/robomaster_msgs/msg/detail/mode__type_support.h\n'}
[3.204554] (robomaster_msgs) StdoutLine: {'line': b'-- Up-to-date: /home/cricchetto/Robomaster_WS/install/robomaster_msgs/include/robomaster_msgs/robomaster_msgs/msg/detail/speaker_command__struct.h\n'}
[3.205355] (robomaster_msgs) StdoutLine: {'line': b'-- Up-to-date: /home/cricchetto/Robomaster_WS/install/robomaster_msgs/include/robomaster_msgs/robomaster_msgs/msg/detail/serial__type_support.h\n'}
[3.206073] (robomaster_msgs) StdoutLine: {'line': b'-- Up-to-date: /home/cricchetto/Robomaster_WS/install/robomaster_msgs/include/robomaster_msgs/robomaster_msgs/msg/detail/detected_person__functions.h\n'}
[3.206664] (robomaster_msgs) StdoutLine: {'line': b'-- Up-to-date: /home/cricchetto/Robomaster_WS/install/robomaster_msgs/include/robomaster_msgs/robomaster_msgs/msg/detail/gripper_state__functions.h\n'}
[3.207540] (robomaster_msgs) StdoutLine: {'line': b'-- Up-to-date: /home/cricchetto/Robomaster_WS/install/robomaster_msgs/include/robomaster_msgs/robomaster_msgs/msg/detail/pwm__functions.c\n'}
[3.221216] (robomaster_msgs) StdoutLine: {'line': b'-- Up-to-date: /home/cricchetto/Robomaster_WS/install/robomaster_msgs/include/robomaster_msgs/robomaster_msgs/msg/detail/servo_command__functions.c\n'}
[3.221998] (robomaster_msgs) StdoutLine: {'line': b'-- Up-to-date: /home/cricchetto/Robomaster_WS/install/robomaster_msgs/include/robomaster_msgs/robomaster_msgs/msg/detail/camera_config__type_support.h\n'}
[3.222880] (robomaster_msgs) StdoutLine: {'line': b'-- Up-to-date: /home/cricchetto/Robomaster_WS/install/robomaster_msgs/include/robomaster_msgs/robomaster_msgs/msg/detail/region_of_interest__functions.c\n'}
[3.223411] (robomaster_msgs) StdoutLine: {'line': b'-- Up-to-date: /home/cricchetto/Robomaster_WS/install/robomaster_msgs/include/robomaster_msgs/robomaster_msgs/msg/detail/chassis_status__struct.h\n'}
[3.223940] (robomaster_msgs) StdoutLine: {'line': b'-- Up-to-date: /home/cricchetto/Robomaster_WS/install/robomaster_msgs/include/robomaster_msgs/robomaster_msgs/msg/detail/audio_data__type_support.h\n'}
[3.224454] (robomaster_msgs) StdoutLine: {'line': b'-- Up-to-date: /home/cricchetto/Robomaster_WS/install/robomaster_msgs/include/robomaster_msgs/robomaster_msgs/msg/detail/sensor_adapter__type_support.h\n'}
[3.225042] (robomaster_msgs) StdoutLine: {'line': b'-- Up-to-date: /home/cricchetto/Robomaster_WS/install/robomaster_msgs/include/robomaster_msgs/robomaster_msgs/msg/detail/pwm__type_support.h\n'}
[3.225695] (robomaster_msgs) StdoutLine: {'line': b'-- Up-to-date: /home/cricchetto/Robomaster_WS/install/robomaster_msgs/include/robomaster_msgs/robomaster_msgs/msg/detail/audio_level__type_support.h\n'}
[3.226354] (robomaster_msgs) StdoutLine: {'line': b'-- Up-to-date: /home/cricchetto/Robomaster_WS/install/robomaster_msgs/include/robomaster_msgs/robomaster_msgs/msg/detail/audio_data__struct.h\n'}
[3.226938] (robomaster_msgs) StdoutLine: {'line': b'-- Up-to-date: /home/cricchetto/Robomaster_WS/install/robomaster_msgs/include/robomaster_msgs/robomaster_msgs/msg/detail/gimbal_command__functions.h\n'}
[3.227971] (robomaster_msgs) StdoutLine: {'line': b'-- Up-to-date: /home/cricchetto/Robomaster_WS/install/robomaster_msgs/include/robomaster_msgs/robomaster_msgs/msg/detail/armor_hit__struct.h\n'}
[3.228605] (robomaster_msgs) StdoutLine: {'line': b'-- Up-to-date: /home/cricchetto/Robomaster_WS/install/robomaster_msgs/include/robomaster_msgs/robomaster_msgs/msg/detail/camera_config__functions.h\n'}
[3.229392] (robomaster_msgs) StdoutLine: {'line': b'-- Up-to-date: /home/cricchetto/Robomaster_WS/install/robomaster_msgs/include/robomaster_msgs/robomaster_msgs/msg/detail/audio_data__functions.h\n'}
[3.230175] (robomaster_msgs) StdoutLine: {'line': b'-- Up-to-date: /home/cricchetto/Robomaster_WS/install/robomaster_msgs/include/robomaster_msgs/robomaster_msgs/msg/detail/region_of_interest__struct.h\n'}
[3.230765] (robomaster_msgs) StdoutLine: {'line': b'-- Up-to-date: /home/cricchetto/Robomaster_WS/install/robomaster_msgs/include/robomaster_msgs/robomaster_msgs/msg/detail/audio_level__struct.h\n'}
[3.231232] (robomaster_msgs) StdoutLine: {'line': b'-- Up-to-date: /home/cricchetto/Robomaster_WS/install/robomaster_msgs/include/robomaster_msgs/robomaster_msgs/msg/detail/mode__functions.c\n'}
[3.231721] (robomaster_msgs) StdoutLine: {'line': b'-- Up-to-date: /home/cricchetto/Robomaster_WS/install/robomaster_msgs/include/robomaster_msgs/robomaster_msgs/msg/detail/servo_command__type_support.h\n'}
[3.244914] (-) TimerEvent: {}
[3.247924] (robomaster_msgs) StdoutLine: {'line': b'-- Up-to-date: /home/cricchetto/Robomaster_WS/install/robomaster_msgs/include/robomaster_msgs/robomaster_msgs/msg/detail/audio_level__functions.h\n'}
[3.249232] (robomaster_msgs) StdoutLine: {'line': b'-- Up-to-date: /home/cricchetto/Robomaster_WS/install/robomaster_msgs/include/robomaster_msgs/robomaster_msgs/msg/detail/audio_opus__functions.c\n'}
[3.250196] (robomaster_msgs) StdoutLine: {'line': b'-- Up-to-date: /home/cricchetto/Robomaster_WS/install/robomaster_msgs/include/robomaster_msgs/robomaster_msgs/msg/detail/detected_robot__functions.h\n'}
[3.251441] (robomaster_msgs) StdoutLine: {'line': b'-- Up-to-date: /home/cricchetto/Robomaster_WS/install/robomaster_msgs/include/robomaster_msgs/robomaster_msgs/msg/detail/blaster_led__struct.h\n'}
[3.252833] (robomaster_msgs) StdoutLine: {'line': b'-- Up-to-date: /home/cricchetto/Robomaster_WS/install/robomaster_msgs/include/robomaster_msgs/robomaster_msgs/msg/detail/serial__functions.h\n'}
[3.253876] (robomaster_msgs) StdoutLine: {'line': b'-- Up-to-date: /home/cricchetto/Robomaster_WS/install/robomaster_msgs/include/robomaster_msgs/robomaster_msgs/msg/detail/detected_gesture__functions.h\n'}
[3.254459] (robomaster_msgs) StdoutLine: {'line': b'-- Up-to-date: /home/cricchetto/Robomaster_WS/install/robomaster_msgs/include/robomaster_msgs/robomaster_msgs/msg/detail/detected_line__functions.c\n'}
[3.254969] (robomaster_msgs) StdoutLine: {'line': b'-- Up-to-date: /home/cricchetto/Robomaster_WS/install/robomaster_msgs/include/robomaster_msgs/robomaster_msgs/msg/detail/detection__struct.h\n'}
[3.255532] (robomaster_msgs) StdoutLine: {'line': b'-- Up-to-date: /home/cricchetto/Robomaster_WS/install/robomaster_msgs/include/robomaster_msgs/robomaster_msgs/msg/detail/wheel_speeds__type_support.h\n'}
[3.255999] (robomaster_msgs) StdoutLine: {'line': b'-- Up-to-date: /home/cricchetto/Robomaster_WS/install/robomaster_msgs/include/robomaster_msgs/robomaster_msgs/msg/detail/sensor_adapter__functions.h\n'}
[3.256482] (robomaster_msgs) StdoutLine: {'line': b'-- Up-to-date: /home/cricchetto/Robomaster_WS/install/robomaster_msgs/include/robomaster_msgs/robomaster_msgs/msg/detail/detected_line__functions.h\n'}
[3.257284] (robomaster_msgs) StdoutLine: {'line': b'-- Up-to-date: /home/cricchetto/Robomaster_WS/install/robomaster_msgs/include/robomaster_msgs/robomaster_msgs/msg/detail/detection__type_support.h\n'}
[3.257888] (robomaster_msgs) StdoutLine: {'line': b'-- Up-to-date: /home/cricchetto/Robomaster_WS/install/robomaster_msgs/include/robomaster_msgs/robomaster_msgs/msg/detail/mode__struct.h\n'}
[3.258502] (robomaster_msgs) StdoutLine: {'line': b'-- Up-to-date: /home/cricchetto/Robomaster_WS/install/robomaster_msgs/include/robomaster_msgs/robomaster_msgs/msg/detail/servo_raw_state__struct.h\n'}
[3.258985] (robomaster_msgs) StdoutLine: {'line': b'-- Up-to-date: /home/cricchetto/Robomaster_WS/install/robomaster_msgs/include/robomaster_msgs/robomaster_msgs/msg/detail/servo_command__functions.h\n'}
[3.259484] (robomaster_msgs) StdoutLine: {'line': b'-- Up-to-date: /home/cricchetto/Robomaster_WS/install/robomaster_msgs/include/robomaster_msgs/robomaster_msgs/msg/detail/detected_marker__functions.h\n'}
[3.275810] (robomaster_msgs) StdoutLine: {'line': b'-- Up-to-date: /home/cricchetto/Robomaster_WS/install/robomaster_msgs/include/robomaster_msgs/robomaster_msgs/msg/detail/servo_raw_state__type_support.h\n'}
[3.276708] (robomaster_msgs) StdoutLine: {'line': b'-- Up-to-date: /home/cricchetto/Robomaster_WS/install/robomaster_msgs/include/robomaster_msgs/robomaster_msgs/msg/audio_opus.h\n'}
[3.277436] (robomaster_msgs) StdoutLine: {'line': b'-- Up-to-date: /home/cricchetto/Robomaster_WS/install/robomaster_msgs/include/robomaster_msgs/robomaster_msgs/msg/s_bus.h\n'}
[3.278084] (robomaster_msgs) StdoutLine: {'line': b'-- Up-to-date: /home/cricchetto/Robomaster_WS/install/robomaster_msgs/include/robomaster_msgs/robomaster_msgs/msg/h264_packet.h\n'}
[3.278645] (robomaster_msgs) StdoutLine: {'line': b'-- Up-to-date: /home/cricchetto/Robomaster_WS/install/robomaster_msgs/include/robomaster_msgs/robomaster_msgs/msg/camera_config.h\n'}
[3.279140] (robomaster_msgs) StdoutLine: {'line': b'-- Up-to-date: /home/cricchetto/Robomaster_WS/install/robomaster_msgs/include/robomaster_msgs/robomaster_msgs/msg/region_of_interest.h\n'}
[3.279640] (robomaster_msgs) StdoutLine: {'line': b'-- Up-to-date: /home/cricchetto/Robomaster_WS/install/robomaster_msgs/include/robomaster_msgs/robomaster_msgs/srv\n'}
[3.280179] (robomaster_msgs) StdoutLine: {'line': b'-- Up-to-date: /home/cricchetto/Robomaster_WS/install/robomaster_msgs/include/robomaster_msgs/robomaster_msgs/srv/get_io.h\n'}
[3.280606] (robomaster_msgs) StdoutLine: {'line': b'-- Up-to-date: /home/cricchetto/Robomaster_WS/install/robomaster_msgs/include/robomaster_msgs/robomaster_msgs/srv/get_adc.h\n'}
[3.280986] (robomaster_msgs) StdoutLine: {'line': b'-- Up-to-date: /home/cricchetto/Robomaster_WS/install/robomaster_msgs/include/robomaster_msgs/robomaster_msgs/srv/detail\n'}
[3.281481] (robomaster_msgs) StdoutLine: {'line': b'-- Up-to-date: /home/cricchetto/Robomaster_WS/install/robomaster_msgs/include/robomaster_msgs/robomaster_msgs/srv/detail/get_servo_angle__functions.c\n'}
[3.282004] (robomaster_msgs) StdoutLine: {'line': b'-- Up-to-date: /home/cricchetto/Robomaster_WS/install/robomaster_msgs/include/robomaster_msgs/robomaster_msgs/srv/detail/get_io__type_support.h\n'}
[3.282359] (robomaster_msgs) StdoutLine: {'line': b'-- Up-to-date: /home/cricchetto/Robomaster_WS/install/robomaster_msgs/include/robomaster_msgs/robomaster_msgs/srv/detail/get_adc__struct.h\n'}
[3.282803] (robomaster_msgs) StdoutLine: {'line': b'-- Up-to-date: /home/cricchetto/Robomaster_WS/install/robomaster_msgs/include/robomaster_msgs/robomaster_msgs/srv/detail/get_io__struct.h\n'}
[3.283254] (robomaster_msgs) StdoutLine: {'line': b'-- Up-to-date: /home/cricchetto/Robomaster_WS/install/robomaster_msgs/include/robomaster_msgs/robomaster_msgs/srv/detail/get_io__functions.h\n'}
[3.283729] (robomaster_msgs) StdoutLine: {'line': b'-- Up-to-date: /home/cricchetto/Robomaster_WS/install/robomaster_msgs/include/robomaster_msgs/robomaster_msgs/srv/detail/get_servo_angle__struct.h\n'}
[3.292561] (robomaster_msgs) StdoutLine: {'line': b'-- Up-to-date: /home/cricchetto/Robomaster_WS/install/robomaster_msgs/include/robomaster_msgs/robomaster_msgs/srv/detail/get_pulse__struct.h\n'}
[3.293192] (robomaster_msgs) StdoutLine: {'line': b'-- Up-to-date: /home/cricchetto/Robomaster_WS/install/robomaster_msgs/include/robomaster_msgs/robomaster_msgs/srv/detail/get_adc__functions.h\n'}
[3.293629] (robomaster_msgs) StdoutLine: {'line': b'-- Up-to-date: /home/cricchetto/Robomaster_WS/install/robomaster_msgs/include/robomaster_msgs/robomaster_msgs/srv/detail/get_pulse__type_support.h\n'}
[3.294119] (robomaster_msgs) StdoutLine: {'line': b'-- Up-to-date: /home/cricchetto/Robomaster_WS/install/robomaster_msgs/include/robomaster_msgs/robomaster_msgs/srv/detail/get_adc__functions.c\n'}
[3.294740] (robomaster_msgs) StdoutLine: {'line': b'-- Up-to-date: /home/cricchetto/Robomaster_WS/install/robomaster_msgs/include/robomaster_msgs/robomaster_msgs/srv/detail/get_adc__type_support.h\n'}
[3.295282] (robomaster_msgs) StdoutLine: {'line': b'-- Up-to-date: /home/cricchetto/Robomaster_WS/install/robomaster_msgs/include/robomaster_msgs/robomaster_msgs/srv/detail/get_servo_angle__functions.h\n'}
[3.295918] (robomaster_msgs) StdoutLine: {'line': b'-- Up-to-date: /home/cricchetto/Robomaster_WS/install/robomaster_msgs/include/robomaster_msgs/robomaster_msgs/srv/detail/get_io__functions.c\n'}
[3.296433] (robomaster_msgs) StdoutLine: {'line': b'-- Up-to-date: /home/cricchetto/Robomaster_WS/install/robomaster_msgs/include/robomaster_msgs/robomaster_msgs/srv/detail/get_pulse__functions.c\n'}
[3.296849] (robomaster_msgs) StdoutLine: {'line': b'-- Up-to-date: /home/cricchetto/Robomaster_WS/install/robomaster_msgs/include/robomaster_msgs/robomaster_msgs/srv/detail/get_servo_angle__type_support.h\n'}
[3.297334] (robomaster_msgs) StdoutLine: {'line': b'-- Up-to-date: /home/cricchetto/Robomaster_WS/install/robomaster_msgs/include/robomaster_msgs/robomaster_msgs/srv/detail/get_pulse__functions.h\n'}
[3.297879] (robomaster_msgs) StdoutLine: {'line': b'-- Up-to-date: /home/cricchetto/Robomaster_WS/install/robomaster_msgs/include/robomaster_msgs/robomaster_msgs/srv/get_servo_angle.h\n'}
[3.298361] (robomaster_msgs) StdoutLine: {'line': b'-- Up-to-date: /home/cricchetto/Robomaster_WS/install/robomaster_msgs/include/robomaster_msgs/robomaster_msgs/srv/get_pulse.h\n'}
[3.298848] (robomaster_msgs) StdoutLine: {'line': b'-- Up-to-date: /home/cricchetto/Robomaster_WS/install/robomaster_msgs/share/robomaster_msgs/environment/library_path.sh\n'}
[3.299409] (robomaster_msgs) StdoutLine: {'line': b'-- Up-to-date: /home/cricchetto/Robomaster_WS/install/robomaster_msgs/share/robomaster_msgs/environment/library_path.dsv\n'}
[3.299850] (robomaster_msgs) StdoutLine: {'line': b'-- Up-to-date: /home/cricchetto/Robomaster_WS/install/robomaster_msgs/lib/librobomaster_msgs__rosidl_generator_c.so\n'}
[3.310319] (robomaster_msgs) StdoutLine: {'line': b'-- Up-to-date: /home/cricchetto/Robomaster_WS/install/robomaster_msgs/include/robomaster_msgs/robomaster_msgs\n'}
[3.311116] (robomaster_msgs) StdoutLine: {'line': b'-- Up-to-date: /home/cricchetto/Robomaster_WS/install/robomaster_msgs/include/robomaster_msgs/robomaster_msgs/action\n'}
[3.312090] (robomaster_msgs) StdoutLine: {'line': b'-- Up-to-date: /home/cricchetto/Robomaster_WS/install/robomaster_msgs/include/robomaster_msgs/robomaster_msgs/action/detail\n'}
[3.312712] (robomaster_msgs) StdoutLine: {'line': b'-- Up-to-date: /home/cricchetto/Robomaster_WS/install/robomaster_msgs/include/robomaster_msgs/robomaster_msgs/action/detail/play_sound__rosidl_typesupport_fastrtps_c.h\n'}
[3.313428] (robomaster_msgs) StdoutLine: {'line': b'-- Up-to-date: /home/cricchetto/Robomaster_WS/install/robomaster_msgs/include/robomaster_msgs/robomaster_msgs/action/detail/move__rosidl_typesupport_fastrtps_c.h\n'}
[3.313982] (robomaster_msgs) StdoutLine: {'line': b'-- Up-to-date: /home/cricchetto/Robomaster_WS/install/robomaster_msgs/include/robomaster_msgs/robomaster_msgs/action/detail/move_arm__rosidl_typesupport_fastrtps_c.h\n'}
[3.314511] (robomaster_msgs) StdoutLine: {'line': b'-- Up-to-date: /home/cricchetto/Robomaster_WS/install/robomaster_msgs/include/robomaster_msgs/robomaster_msgs/action/detail/move_gimbal__rosidl_typesupport_fastrtps_c.h\n'}
[3.315350] (robomaster_msgs) StdoutLine: {'line': b'-- Up-to-date: /home/cricchetto/Robomaster_WS/install/robomaster_msgs/include/robomaster_msgs/robomaster_msgs/action/detail/gripper_control__rosidl_typesupport_fastrtps_c.h\n'}
[3.316068] (robomaster_msgs) StdoutLine: {'line': b'-- Up-to-date: /home/cricchetto/Robomaster_WS/install/robomaster_msgs/include/robomaster_msgs/robomaster_msgs/action/detail/recenter_gimbal__rosidl_typesupport_fastrtps_c.h\n'}
[3.316816] (robomaster_msgs) StdoutLine: {'line': b'-- Up-to-date: /home/cricchetto/Robomaster_WS/install/robomaster_msgs/include/robomaster_msgs/robomaster_msgs/action/detail/move_servo__rosidl_typesupport_fastrtps_c.h\n'}
[3.317375] (robomaster_msgs) StdoutLine: {'line': b'-- Up-to-date: /home/cricchetto/Robomaster_WS/install/robomaster_msgs/include/robomaster_msgs/robomaster_msgs/msg\n'}
[3.317949] (robomaster_msgs) StdoutLine: {'line': b'-- Up-to-date: /home/cricchetto/Robomaster_WS/install/robomaster_msgs/include/robomaster_msgs/robomaster_msgs/msg/rosidl_typesupport_fastrtps_c__visibility_control.h\n'}
[3.318448] (robomaster_msgs) StdoutLine: {'line': b'-- Up-to-date: /home/cricchetto/Robomaster_WS/install/robomaster_msgs/include/robomaster_msgs/robomaster_msgs/msg/detail\n'}
[3.318969] (robomaster_msgs) StdoutLine: {'line': b'-- Up-to-date: /home/cricchetto/Robomaster_WS/install/robomaster_msgs/include/robomaster_msgs/robomaster_msgs/msg/detail/serial__rosidl_typesupport_fastrtps_c.h\n'}
[3.319424] (robomaster_msgs) StdoutLine: {'line': b'-- Up-to-date: /home/cricchetto/Robomaster_WS/install/robomaster_msgs/include/robomaster_msgs/robomaster_msgs/msg/detail/sensor_adapter__rosidl_typesupport_fastrtps_c.h\n'}
[3.332745] (robomaster_msgs) StdoutLine: {'line': b'-- Up-to-date: /home/cricchetto/Robomaster_WS/install/robomaster_msgs/include/robomaster_msgs/robomaster_msgs/msg/detail/gimbal_command__rosidl_typesupport_fastrtps_c.h\n'}
[3.333559] (robomaster_msgs) StdoutLine: {'line': b'-- Up-to-date: /home/cricchetto/Robomaster_WS/install/robomaster_msgs/include/robomaster_msgs/robomaster_msgs/msg/detail/detected_gesture__rosidl_typesupport_fastrtps_c.h\n'}
[3.334167] (robomaster_msgs) StdoutLine: {'line': b'-- Up-to-date: /home/cricchetto/Robomaster_WS/install/robomaster_msgs/include/robomaster_msgs/robomaster_msgs/msg/detail/detected_person__rosidl_typesupport_fastrtps_c.h\n'}
[3.334695] (robomaster_msgs) StdoutLine: {'line': b'-- Up-to-date: /home/cricchetto/Robomaster_WS/install/robomaster_msgs/include/robomaster_msgs/robomaster_msgs/msg/detail/audio_data__rosidl_typesupport_fastrtps_c.h\n'}
[3.335592] (robomaster_msgs) StdoutLine: {'line': b'-- Up-to-date: /home/cricchetto/Robomaster_WS/install/robomaster_msgs/include/robomaster_msgs/robomaster_msgs/msg/detail/audio_opus__rosidl_typesupport_fastrtps_c.h\n'}
[3.336265] (robomaster_msgs) StdoutLine: {'line': b'-- Up-to-date: /home/cricchetto/Robomaster_WS/install/robomaster_msgs/include/robomaster_msgs/robomaster_msgs/msg/detail/detected_line__rosidl_typesupport_fastrtps_c.h\n'}
[3.336731] (robomaster_msgs) StdoutLine: {'line': b'-- Up-to-date: /home/cricchetto/Robomaster_WS/install/robomaster_msgs/include/robomaster_msgs/robomaster_msgs/msg/detail/servo_raw_state__rosidl_typesupport_fastrtps_c.h\n'}
[3.337193] (robomaster_msgs) StdoutLine: {'line': b'-- Up-to-date: /home/cricchetto/Robomaster_WS/install/robomaster_msgs/include/robomaster_msgs/robomaster_msgs/msg/detail/gripper_state__rosidl_typesupport_fastrtps_c.h\n'}
[3.337705] (robomaster_msgs) StdoutLine: {'line': b'-- Up-to-date: /home/cricchetto/Robomaster_WS/install/robomaster_msgs/include/robomaster_msgs/robomaster_msgs/msg/detail/detection__rosidl_typesupport_fastrtps_c.h\n'}
[3.338195] (robomaster_msgs) StdoutLine: {'line': b'-- Up-to-date: /home/cricchetto/Robomaster_WS/install/robomaster_msgs/include/robomaster_msgs/robomaster_msgs/msg/detail/servo_command__rosidl_typesupport_fastrtps_c.h\n'}
[3.338677] (robomaster_msgs) StdoutLine: {'line': b'-- Up-to-date: /home/cricchetto/Robomaster_WS/install/robomaster_msgs/include/robomaster_msgs/robomaster_msgs/msg/detail/armor_hit__rosidl_typesupport_fastrtps_c.h\n'}
[3.339132] (robomaster_msgs) StdoutLine: {'line': b'-- Up-to-date: /home/cricchetto/Robomaster_WS/install/robomaster_msgs/include/robomaster_msgs/robomaster_msgs/msg/detail/s_bus__rosidl_typesupport_fastrtps_c.h\n'}
[3.348136] (robomaster_msgs) StdoutLine: {'line': b'-- Up-to-date: /home/cricchetto/Robomaster_WS/install/robomaster_msgs/include/robomaster_msgs/robomaster_msgs/msg/detail/region_of_interest__rosidl_typesupport_fastrtps_c.h\n'}
[3.348861] (-) TimerEvent: {}
[3.352151] (robomaster_msgs) StdoutLine: {'line': b'-- Up-to-date: /home/cricchetto/Robomaster_WS/install/robomaster_msgs/include/robomaster_msgs/robomaster_msgs/msg/detail/detected_marker__rosidl_typesupport_fastrtps_c.h\n'}
[3.352705] (robomaster_msgs) StdoutLine: {'line': b'-- Up-to-date: /home/cricchetto/Robomaster_WS/install/robomaster_msgs/include/robomaster_msgs/robomaster_msgs/msg/detail/led_effect__rosidl_typesupport_fastrtps_c.h\n'}
[3.353176] (robomaster_msgs) StdoutLine: {'line': b'-- Up-to-date: /home/cricchetto/Robomaster_WS/install/robomaster_msgs/include/robomaster_msgs/robomaster_msgs/msg/detail/speaker_command__rosidl_typesupport_fastrtps_c.h\n'}
[3.353770] (robomaster_msgs) StdoutLine: {'line': b'-- Up-to-date: /home/cricchetto/Robomaster_WS/install/robomaster_msgs/include/robomaster_msgs/robomaster_msgs/msg/detail/pwm__rosidl_typesupport_fastrtps_c.h\n'}
[3.354170] (robomaster_msgs) StdoutLine: {'line': b'-- Up-to-date: /home/cricchetto/Robomaster_WS/install/robomaster_msgs/include/robomaster_msgs/robomaster_msgs/msg/detail/detected_robot__rosidl_typesupport_fastrtps_c.h\n'}
[3.354550] (robomaster_msgs) StdoutLine: {'line': b'-- Up-to-date: /home/cricchetto/Robomaster_WS/install/robomaster_msgs/include/robomaster_msgs/robomaster_msgs/msg/detail/camera_config__rosidl_typesupport_fastrtps_c.h\n'}
[3.354956] (robomaster_msgs) StdoutLine: {'line': b'-- Up-to-date: /home/cricchetto/Robomaster_WS/install/robomaster_msgs/include/robomaster_msgs/robomaster_msgs/msg/detail/mode__rosidl_typesupport_fastrtps_c.h\n'}
[3.355336] (robomaster_msgs) StdoutLine: {'line': b'-- Up-to-date: /home/cricchetto/Robomaster_WS/install/robomaster_msgs/include/robomaster_msgs/robomaster_msgs/msg/detail/h264_packet__rosidl_typesupport_fastrtps_c.h\n'}
[3.355723] (robomaster_msgs) StdoutLine: {'line': b'-- Up-to-date: /home/cricchetto/Robomaster_WS/install/robomaster_msgs/include/robomaster_msgs/robomaster_msgs/msg/detail/wheel_speeds__rosidl_typesupport_fastrtps_c.h\n'}
[3.356251] (robomaster_msgs) StdoutLine: {'line': b'-- Up-to-date: /home/cricchetto/Robomaster_WS/install/robomaster_msgs/include/robomaster_msgs/robomaster_msgs/msg/detail/chassis_status__rosidl_typesupport_fastrtps_c.h\n'}
[3.356745] (robomaster_msgs) StdoutLine: {'line': b'-- Up-to-date: /home/cricchetto/Robomaster_WS/install/robomaster_msgs/include/robomaster_msgs/robomaster_msgs/msg/detail/blaster_led__rosidl_typesupport_fastrtps_c.h\n'}
[3.357476] (robomaster_msgs) StdoutLine: {'line': b'-- Up-to-date: /home/cricchetto/Robomaster_WS/install/robomaster_msgs/include/robomaster_msgs/robomaster_msgs/msg/detail/audio_level__rosidl_typesupport_fastrtps_c.h\n'}
[3.357905] (robomaster_msgs) StdoutLine: {'line': b'-- Up-to-date: /home/cricchetto/Robomaster_WS/install/robomaster_msgs/include/robomaster_msgs/robomaster_msgs/srv\n'}
[3.358287] (robomaster_msgs) StdoutLine: {'line': b'-- Up-to-date: /home/cricchetto/Robomaster_WS/install/robomaster_msgs/include/robomaster_msgs/robomaster_msgs/srv/detail\n'}
[3.358736] (robomaster_msgs) StdoutLine: {'line': b'-- Up-to-date: /home/cricchetto/Robomaster_WS/install/robomaster_msgs/include/robomaster_msgs/robomaster_msgs/srv/detail/get_servo_angle__rosidl_typesupport_fastrtps_c.h\n'}
[3.359192] (robomaster_msgs) StdoutLine: {'line': b'-- Up-to-date: /home/cricchetto/Robomaster_WS/install/robomaster_msgs/include/robomaster_msgs/robomaster_msgs/srv/detail/get_adc__rosidl_typesupport_fastrtps_c.h\n'}
[3.360095] (robomaster_msgs) StdoutLine: {'line': b'-- Up-to-date: /home/cricchetto/Robomaster_WS/install/robomaster_msgs/include/robomaster_msgs/robomaster_msgs/srv/detail/get_io__rosidl_typesupport_fastrtps_c.h\n'}
[3.360745] (robomaster_msgs) StdoutLine: {'line': b'-- Up-to-date: /home/cricchetto/Robomaster_WS/install/robomaster_msgs/include/robomaster_msgs/robomaster_msgs/srv/detail/get_pulse__rosidl_typesupport_fastrtps_c.h\n'}
[3.361646] (robomaster_msgs) StdoutLine: {'line': b'-- Up-to-date: /home/cricchetto/Robomaster_WS/install/robomaster_msgs/lib/librobomaster_msgs__rosidl_typesupport_fastrtps_c.so\n'}
[3.362209] (robomaster_msgs) StdoutLine: {'line': b'-- Up-to-date: /home/cricchetto/Robomaster_WS/install/robomaster_msgs/include/robomaster_msgs/robomaster_msgs\n'}
[3.362726] (robomaster_msgs) StdoutLine: {'line': b'-- Up-to-date: /home/cricchetto/Robomaster_WS/install/robomaster_msgs/include/robomaster_msgs/robomaster_msgs/action\n'}
[3.363407] (robomaster_msgs) StdoutLine: {'line': b'-- Up-to-date: /home/cricchetto/Robomaster_WS/install/robomaster_msgs/include/robomaster_msgs/robomaster_msgs/action/detail\n'}
[3.377774] (robomaster_msgs) StdoutLine: {'line': b'-- Up-to-date: /home/cricchetto/Robomaster_WS/install/robomaster_msgs/include/robomaster_msgs/robomaster_msgs/action/detail/move_gimbal__type_support.c\n'}
[3.378532] (robomaster_msgs) StdoutLine: {'line': b'-- Up-to-date: /home/cricchetto/Robomaster_WS/install/robomaster_msgs/include/robomaster_msgs/robomaster_msgs/action/detail/move__type_support.c\n'}
[3.379209] (robomaster_msgs) StdoutLine: {'line': b'-- Up-to-date: /home/cricchetto/Robomaster_WS/install/robomaster_msgs/include/robomaster_msgs/robomaster_msgs/action/detail/gripper_control__type_support.c\n'}
[3.379805] (robomaster_msgs) StdoutLine: {'line': b'-- Up-to-date: /home/cricchetto/Robomaster_WS/install/robomaster_msgs/include/robomaster_msgs/robomaster_msgs/action/detail/move_servo__rosidl_typesupport_introspection_c.h\n'}
[3.380486] (robomaster_msgs) StdoutLine: {'line': b'-- Up-to-date: /home/cricchetto/Robomaster_WS/install/robomaster_msgs/include/robomaster_msgs/robomaster_msgs/action/detail/play_sound__type_support.c\n'}
[3.381612] (robomaster_msgs) StdoutLine: {'line': b'-- Up-to-date: /home/cricchetto/Robomaster_WS/install/robomaster_msgs/include/robomaster_msgs/robomaster_msgs/action/detail/move_gimbal__rosidl_typesupport_introspection_c.h\n'}
[3.382751] (robomaster_msgs) StdoutLine: {'line': b'-- Up-to-date: /home/cricchetto/Robomaster_WS/install/robomaster_msgs/include/robomaster_msgs/robomaster_msgs/action/detail/move_arm__type_support.c\n'}
[3.391991] (robomaster_msgs) StdoutLine: {'line': b'-- Up-to-date: /home/cricchetto/Robomaster_WS/install/robomaster_msgs/include/robomaster_msgs/robomaster_msgs/action/detail/gripper_control__rosidl_typesupport_introspection_c.h\n'}
[3.392936] (robomaster_msgs) StdoutLine: {'line': b'-- Up-to-date: /home/cricchetto/Robomaster_WS/install/robomaster_msgs/include/robomaster_msgs/robomaster_msgs/action/detail/play_sound__rosidl_typesupport_introspection_c.h\n'}
[3.393436] (robomaster_msgs) StdoutLine: {'line': b'-- Up-to-date: /home/cricchetto/Robomaster_WS/install/robomaster_msgs/include/robomaster_msgs/robomaster_msgs/action/detail/move_arm__rosidl_typesupport_introspection_c.h\n'}
[3.393974] (robomaster_msgs) StdoutLine: {'line': b'-- Up-to-date: /home/cricchetto/Robomaster_WS/install/robomaster_msgs/include/robomaster_msgs/robomaster_msgs/action/detail/move_servo__type_support.c\n'}
[3.394486] (robomaster_msgs) StdoutLine: {'line': b'-- Up-to-date: /home/cricchetto/Robomaster_WS/install/robomaster_msgs/include/robomaster_msgs/robomaster_msgs/action/detail/recenter_gimbal__rosidl_typesupport_introspection_c.h\n'}
[3.395147] (robomaster_msgs) StdoutLine: {'line': b'-- Up-to-date: /home/cricchetto/Robomaster_WS/install/robomaster_msgs/include/robomaster_msgs/robomaster_msgs/action/detail/recenter_gimbal__type_support.c\n'}
[3.395728] (robomaster_msgs) StdoutLine: {'line': b'-- Up-to-date: /home/cricchetto/Robomaster_WS/install/robomaster_msgs/include/robomaster_msgs/robomaster_msgs/action/detail/move__rosidl_typesupport_introspection_c.h\n'}
[3.396289] (robomaster_msgs) StdoutLine: {'line': b'-- Up-to-date: /home/cricchetto/Robomaster_WS/install/robomaster_msgs/include/robomaster_msgs/robomaster_msgs/msg\n'}
[3.396792] (robomaster_msgs) StdoutLine: {'line': b'-- Up-to-date: /home/cricchetto/Robomaster_WS/install/robomaster_msgs/include/robomaster_msgs/robomaster_msgs/msg/detail\n'}
[3.397531] (robomaster_msgs) StdoutLine: {'line': b'-- Up-to-date: /home/cricchetto/Robomaster_WS/install/robomaster_msgs/include/robomaster_msgs/robomaster_msgs/msg/detail/mode__rosidl_typesupport_introspection_c.h\n'}
[3.398225] (robomaster_msgs) StdoutLine: {'line': b'-- Up-to-date: /home/cricchetto/Robomaster_WS/install/robomaster_msgs/include/robomaster_msgs/robomaster_msgs/msg/detail/h264_packet__type_support.c\n'}
[3.399234] (robomaster_msgs) StdoutLine: {'line': b'-- Up-to-date: /home/cricchetto/Robomaster_WS/install/robomaster_msgs/include/robomaster_msgs/robomaster_msgs/msg/detail/serial__type_support.c\n'}
[3.400043] (robomaster_msgs) StdoutLine: {'line': b'-- Up-to-date: /home/cricchetto/Robomaster_WS/install/robomaster_msgs/include/robomaster_msgs/robomaster_msgs/msg/detail/detection__rosidl_typesupport_introspection_c.h\n'}
[3.400721] (robomaster_msgs) StdoutLine: {'line': b'-- Up-to-date: /home/cricchetto/Robomaster_WS/install/robomaster_msgs/include/robomaster_msgs/robomaster_msgs/msg/detail/camera_config__type_support.c\n'}
[3.401391] (robomaster_msgs) StdoutLine: {'line': b'-- Up-to-date: /home/cricchetto/Robomaster_WS/install/robomaster_msgs/include/robomaster_msgs/robomaster_msgs/msg/detail/speaker_command__type_support.c\n'}
[3.402003] (robomaster_msgs) StdoutLine: {'line': b'-- Up-to-date: /home/cricchetto/Robomaster_WS/install/robomaster_msgs/include/robomaster_msgs/robomaster_msgs/msg/detail/detected_marker__type_support.c\n'}
[3.402665] (robomaster_msgs) StdoutLine: {'line': b'-- Up-to-date: /home/cricchetto/Robomaster_WS/install/robomaster_msgs/include/robomaster_msgs/robomaster_msgs/msg/detail/detected_person__type_support.c\n'}
[3.403257] (robomaster_msgs) StdoutLine: {'line': b'-- Up-to-date: /home/cricchetto/Robomaster_WS/install/robomaster_msgs/include/robomaster_msgs/robomaster_msgs/msg/detail/detected_marker__rosidl_typesupport_introspection_c.h\n'}
[3.418890] (robomaster_msgs) StdoutLine: {'line': b'-- Up-to-date: /home/cricchetto/Robomaster_WS/install/robomaster_msgs/include/robomaster_msgs/robomaster_msgs/msg/detail/s_bus__type_support.c\n'}
[3.419668] (robomaster_msgs) StdoutLine: {'line': b'-- Up-to-date: /home/cricchetto/Robomaster_WS/install/robomaster_msgs/include/robomaster_msgs/robomaster_msgs/msg/detail/gripper_state__rosidl_typesupport_introspection_c.h\n'}
[3.420827] (robomaster_msgs) StdoutLine: {'line': b'-- Up-to-date: /home/cricchetto/Robomaster_WS/install/robomaster_msgs/include/robomaster_msgs/robomaster_msgs/msg/detail/servo_raw_state__type_support.c\n'}
[3.421791] (robomaster_msgs) StdoutLine: {'line': b'-- Up-to-date: /home/cricchetto/Robomaster_WS/install/robomaster_msgs/include/robomaster_msgs/robomaster_msgs/msg/detail/region_of_interest__rosidl_typesupport_introspection_c.h\n'}
[3.422547] (robomaster_msgs) StdoutLine: {'line': b'-- Up-to-date: /home/cricchetto/Robomaster_WS/install/robomaster_msgs/include/robomaster_msgs/robomaster_msgs/msg/detail/servo_command__type_support.c\n'}
[3.423267] (robomaster_msgs) StdoutLine: {'line': b'-- Up-to-date: /home/cricchetto/Robomaster_WS/install/robomaster_msgs/include/robomaster_msgs/robomaster_msgs/msg/detail/audio_level__rosidl_typesupport_introspection_c.h\n'}
[3.424347] (robomaster_msgs) StdoutLine: {'line': b'-- Up-to-date: /home/cricchetto/Robomaster_WS/install/robomaster_msgs/include/robomaster_msgs/robomaster_msgs/msg/detail/detected_gesture__type_support.c\n'}
[3.424973] (robomaster_msgs) StdoutLine: {'line': b'-- Up-to-date: /home/cricchetto/Robomaster_WS/install/robomaster_msgs/include/robomaster_msgs/robomaster_msgs/msg/detail/detected_person__rosidl_typesupport_introspection_c.h\n'}
[3.425448] (robomaster_msgs) StdoutLine: {'line': b'-- Up-to-date: /home/cricchetto/Robomaster_WS/install/robomaster_msgs/include/robomaster_msgs/robomaster_msgs/msg/detail/camera_config__rosidl_typesupport_introspection_c.h\n'}
[3.425920] (robomaster_msgs) StdoutLine: {'line': b'-- Up-to-date: /home/cricchetto/Robomaster_WS/install/robomaster_msgs/include/robomaster_msgs/robomaster_msgs/msg/detail/chassis_status__type_support.c\n'}
[3.426519] (robomaster_msgs) StdoutLine: {'line': b'-- Up-to-date: /home/cricchetto/Robomaster_WS/install/robomaster_msgs/include/robomaster_msgs/robomaster_msgs/msg/detail/region_of_interest__type_support.c\n'}
[3.427100] (robomaster_msgs) StdoutLine: {'line': b'-- Up-to-date: /home/cricchetto/Robomaster_WS/install/robomaster_msgs/include/robomaster_msgs/robomaster_msgs/msg/detail/chassis_status__rosidl_typesupport_introspection_c.h\n'}
[3.427604] (robomaster_msgs) StdoutLine: {'line': b'-- Up-to-date: /home/cricchetto/Robomaster_WS/install/robomaster_msgs/include/robomaster_msgs/robomaster_msgs/msg/detail/pwm__rosidl_typesupport_introspection_c.h\n'}
[3.439996] (robomaster_msgs) StdoutLine: {'line': b'-- Up-to-date: /home/cricchetto/Robomaster_WS/install/robomaster_msgs/include/robomaster_msgs/robomaster_msgs/msg/detail/detected_robot__type_support.c\n'}
[3.440771] (robomaster_msgs) StdoutLine: {'line': b'-- Up-to-date: /home/cricchetto/Robomaster_WS/install/robomaster_msgs/include/robomaster_msgs/robomaster_msgs/msg/detail/audio_level__type_support.c\n'}
[3.441693] (robomaster_msgs) StdoutLine: {'line': b'-- Up-to-date: /home/cricchetto/Robomaster_WS/install/robomaster_msgs/include/robomaster_msgs/robomaster_msgs/msg/detail/speaker_command__rosidl_typesupport_introspection_c.h\n'}
[3.442605] (robomaster_msgs) StdoutLine: {'line': b'-- Up-to-date: /home/cricchetto/Robomaster_WS/install/robomaster_msgs/include/robomaster_msgs/robomaster_msgs/msg/detail/h264_packet__rosidl_typesupport_introspection_c.h\n'}
[3.443184] (robomaster_msgs) StdoutLine: {'line': b'-- Up-to-date: /home/cricchetto/Robomaster_WS/install/robomaster_msgs/include/robomaster_msgs/robomaster_msgs/msg/detail/detection__type_support.c\n'}
[3.443742] (robomaster_msgs) StdoutLine: {'line': b'-- Up-to-date: /home/cricchetto/Robomaster_WS/install/robomaster_msgs/include/robomaster_msgs/robomaster_msgs/msg/detail/blaster_led__type_support.c\n'}
[3.444350] (robomaster_msgs) StdoutLine: {'line': b'-- Up-to-date: /home/cricchetto/Robomaster_WS/install/robomaster_msgs/include/robomaster_msgs/robomaster_msgs/msg/detail/audio_opus__type_support.c\n'}
[3.444817] (robomaster_msgs) StdoutLine: {'line': b'-- Up-to-date: /home/cricchetto/Robomaster_WS/install/robomaster_msgs/include/robomaster_msgs/robomaster_msgs/msg/detail/led_effect__type_support.c\n'}
[3.445243] (robomaster_msgs) StdoutLine: {'line': b'-- Up-to-date: /home/cricchetto/Robomaster_WS/install/robomaster_msgs/include/robomaster_msgs/robomaster_msgs/msg/detail/wheel_speeds__rosidl_typesupport_introspection_c.h\n'}
[3.445850] (robomaster_msgs) StdoutLine: {'line': b'-- Up-to-date: /home/cricchetto/Robomaster_WS/install/robomaster_msgs/include/robomaster_msgs/robomaster_msgs/msg/detail/pwm__type_support.c\n'}
[3.446426] (robomaster_msgs) StdoutLine: {'line': b'-- Up-to-date: /home/cricchetto/Robomaster_WS/install/robomaster_msgs/include/robomaster_msgs/robomaster_msgs/msg/detail/s_bus__rosidl_typesupport_introspection_c.h\n'}
[3.446944] (robomaster_msgs) StdoutLine: {'line': b'-- Up-to-date: /home/cricchetto/Robomaster_WS/install/robomaster_msgs/include/robomaster_msgs/robomaster_msgs/msg/detail/armor_hit__type_support.c\n'}
[3.447364] (robomaster_msgs) StdoutLine: {'line': b'-- Up-to-date: /home/cricchetto/Robomaster_WS/install/robomaster_msgs/include/robomaster_msgs/robomaster_msgs/msg/detail/detected_line__type_support.c\n'}
[3.447790] (explore_lite) StdoutLine: {'line': b'[ 20%] Built target gtest\n'}
[3.448698] (explore_lite) StdoutLine: {'line': b'[ 40%] Built target gtest_main\n'}
[3.449652] (-) TimerEvent: {}
[3.468138] (robomaster_msgs) StdoutLine: {'line': b'-- Up-to-date: /home/cricchetto/Robomaster_WS/install/robomaster_msgs/include/robomaster_msgs/robomaster_msgs/msg/detail/serial__rosidl_typesupport_introspection_c.h\n'}
[3.468728] (robomaster_msgs) StdoutLine: {'line': b'-- Up-to-date: /home/cricchetto/Robomaster_WS/install/robomaster_msgs/include/robomaster_msgs/robomaster_msgs/msg/detail/sensor_adapter__rosidl_typesupport_introspection_c.h\n'}
[3.476610] (robomaster_msgs) StdoutLine: {'line': b'-- Up-to-date: /home/cricchetto/Robomaster_WS/install/robomaster_msgs/include/robomaster_msgs/robomaster_msgs/msg/detail/detected_robot__rosidl_typesupport_introspection_c.h\n'}
[3.477511] (robomaster_msgs) StdoutLine: {'line': b'-- Up-to-date: /home/cricchetto/Robomaster_WS/install/robomaster_msgs/include/robomaster_msgs/robomaster_msgs/msg/detail/audio_opus__rosidl_typesupport_introspection_c.h\n'}
[3.478149] (robomaster_msgs) StdoutLine: {'line': b'-- Up-to-date: /home/cricchetto/Robomaster_WS/install/robomaster_msgs/include/robomaster_msgs/robomaster_msgs/msg/detail/wheel_speeds__type_support.c\n'}
[3.478814] (robomaster_msgs) StdoutLine: {'line': b'-- Up-to-date: /home/cricchetto/Robomaster_WS/install/robomaster_msgs/include/robomaster_msgs/robomaster_msgs/msg/detail/mode__type_support.c\n'}
[3.479911] (robomaster_msgs) StdoutLine: {'line': b'-- Up-to-date: /home/cricchetto/Robomaster_WS/install/robomaster_msgs/include/robomaster_msgs/robomaster_msgs/msg/detail/servo_raw_state__rosidl_typesupport_introspection_c.h\n'}
[3.482895] (robomaster_msgs) StdoutLine: {'line': b'-- Up-to-date: /home/cricchetto/Robomaster_WS/install/robomaster_msgs/include/robomaster_msgs/robomaster_msgs/msg/detail/gripper_state__type_support.c\n'}
[3.483559] (robomaster_msgs) StdoutLine: {'line': b'-- Up-to-date: /home/cricchetto/Robomaster_WS/install/robomaster_msgs/include/robomaster_msgs/robomaster_msgs/msg/detail/blaster_led__rosidl_typesupport_introspection_c.h\n'}
[3.484358] (robomaster_msgs) StdoutLine: {'line': b'-- Up-to-date: /home/cricchetto/Robomaster_WS/install/robomaster_msgs/include/robomaster_msgs/robomaster_msgs/msg/detail/audio_data__type_support.c\n'}
[3.485061] (robomaster_msgs) StdoutLine: {'line': b'-- Up-to-date: /home/cricchetto/Robomaster_WS/install/robomaster_msgs/include/robomaster_msgs/robomaster_msgs/msg/detail/armor_hit__rosidl_typesupport_introspection_c.h\n'}
[3.486088] (robomaster_msgs) StdoutLine: {'line': b'-- Up-to-date: /home/cricchetto/Robomaster_WS/install/robomaster_msgs/include/robomaster_msgs/robomaster_msgs/msg/detail/sensor_adapter__type_support.c\n'}
[3.486975] (robomaster_msgs) StdoutLine: {'line': b'-- Up-to-date: /home/cricchetto/Robomaster_WS/install/robomaster_msgs/include/robomaster_msgs/robomaster_msgs/msg/detail/servo_command__rosidl_typesupport_introspection_c.h\n'}
[3.488009] (robomaster_msgs) StdoutLine: {'line': b'-- Up-to-date: /home/cricchetto/Robomaster_WS/install/robomaster_msgs/include/robomaster_msgs/robomaster_msgs/msg/detail/audio_data__rosidl_typesupport_introspection_c.h\n'}
[3.488820] (robomaster_msgs) StdoutLine: {'line': b'-- Up-to-date: /home/cricchetto/Robomaster_WS/install/robomaster_msgs/include/robomaster_msgs/robomaster_msgs/msg/detail/led_effect__rosidl_typesupport_introspection_c.h\n'}
[3.489603] (robomaster_msgs) StdoutLine: {'line': b'-- Up-to-date: /home/cricchetto/Robomaster_WS/install/robomaster_msgs/include/robomaster_msgs/robomaster_msgs/msg/detail/gimbal_command__type_support.c\n'}
[3.490401] (robomaster_msgs) StdoutLine: {'line': b'-- Up-to-date: /home/cricchetto/Robomaster_WS/install/robomaster_msgs/include/robomaster_msgs/robomaster_msgs/msg/detail/detected_line__rosidl_typesupport_introspection_c.h\n'}
[3.492431] (robomaster_msgs) StdoutLine: {'line': b'-- Up-to-date: /home/cricchetto/Robomaster_WS/install/robomaster_msgs/include/robomaster_msgs/robomaster_msgs/msg/detail/gimbal_command__rosidl_typesupport_introspection_c.h\n'}
[3.493133] (robomaster_msgs) StdoutLine: {'line': b'-- Up-to-date: /home/cricchetto/Robomaster_WS/install/robomaster_msgs/include/robomaster_msgs/robomaster_msgs/msg/detail/detected_gesture__rosidl_typesupport_introspection_c.h\n'}
[3.497505] (robomaster_msgs) StdoutLine: {'line': b'-- Up-to-date: /home/cricchetto/Robomaster_WS/install/robomaster_msgs/include/robomaster_msgs/robomaster_msgs/msg/rosidl_typesupport_introspection_c__visibility_control.h\n'}
[3.498250] (robomaster_msgs) StdoutLine: {'line': b'-- Up-to-date: /home/cricchetto/Robomaster_WS/install/robomaster_msgs/include/robomaster_msgs/robomaster_msgs/srv\n'}
[3.498930] (robomaster_msgs) StdoutLine: {'line': b'-- Up-to-date: /home/cricchetto/Robomaster_WS/install/robomaster_msgs/include/robomaster_msgs/robomaster_msgs/srv/detail\n'}
[3.499391] (robomaster_msgs) StdoutLine: {'line': b'-- Up-to-date: /home/cricchetto/Robomaster_WS/install/robomaster_msgs/include/robomaster_msgs/robomaster_msgs/srv/detail/get_adc__rosidl_typesupport_introspection_c.h\n'}
[3.500357] (robomaster_msgs) StdoutLine: {'line': b'-- Up-to-date: /home/cricchetto/Robomaster_WS/install/robomaster_msgs/include/robomaster_msgs/robomaster_msgs/srv/detail/get_servo_angle__type_support.c\n'}
[3.500980] (robomaster_msgs) StdoutLine: {'line': b'-- Up-to-date: /home/cricchetto/Robomaster_WS/install/robomaster_msgs/include/robomaster_msgs/robomaster_msgs/srv/detail/get_servo_angle__rosidl_typesupport_introspection_c.h\n'}
[3.501616] (robomaster_msgs) StdoutLine: {'line': b'-- Up-to-date: /home/cricchetto/Robomaster_WS/install/robomaster_msgs/include/robomaster_msgs/robomaster_msgs/srv/detail/get_pulse__type_support.c\n'}
[3.502232] (robomaster_msgs) StdoutLine: {'line': b'-- Up-to-date: /home/cricchetto/Robomaster_WS/install/robomaster_msgs/include/robomaster_msgs/robomaster_msgs/srv/detail/get_io__type_support.c\n'}
[3.502836] (robomaster_msgs) StdoutLine: {'line': b'-- Up-to-date: /home/cricchetto/Robomaster_WS/install/robomaster_msgs/include/robomaster_msgs/robomaster_msgs/srv/detail/get_pulse__rosidl_typesupport_introspection_c.h\n'}
[3.503440] (robomaster_msgs) StdoutLine: {'line': b'-- Up-to-date: /home/cricchetto/Robomaster_WS/install/robomaster_msgs/include/robomaster_msgs/robomaster_msgs/srv/detail/get_adc__type_support.c\n'}
[3.504533] (robomaster_msgs) StdoutLine: {'line': b'-- Up-to-date: /home/cricchetto/Robomaster_WS/install/robomaster_msgs/include/robomaster_msgs/robomaster_msgs/srv/detail/get_io__rosidl_typesupport_introspection_c.h\n'}
[3.505132] (robomaster_msgs) StdoutLine: {'line': b'-- Up-to-date: /home/cricchetto/Robomaster_WS/install/robomaster_msgs/lib/librobomaster_msgs__rosidl_typesupport_introspection_c.so\n'}
[3.505780] (robomaster_msgs) StdoutLine: {'line': b'-- Up-to-date: /home/cricchetto/Robomaster_WS/install/robomaster_msgs/lib/librobomaster_msgs__rosidl_typesupport_c.so\n'}
[3.506336] (robomaster_msgs) StdoutLine: {'line': b'-- Up-to-date: /home/cricchetto/Robomaster_WS/install/robomaster_msgs/include/robomaster_msgs/robomaster_msgs\n'}
[3.506920] (robomaster_msgs) StdoutLine: {'line': b'-- Up-to-date: /home/cricchetto/Robomaster_WS/install/robomaster_msgs/include/robomaster_msgs/robomaster_msgs/action\n'}
[3.507478] (robomaster_msgs) StdoutLine: {'line': b'-- Up-to-date: /home/cricchetto/Robomaster_WS/install/robomaster_msgs/include/robomaster_msgs/robomaster_msgs/action/move_arm.hpp\n'}
[3.508226] (robomaster_msgs) StdoutLine: {'line': b'-- Up-to-date: /home/cricchetto/Robomaster_WS/install/robomaster_msgs/include/robomaster_msgs/robomaster_msgs/action/move.hpp\n'}
[3.508828] (robomaster_msgs) StdoutLine: {'line': b'-- Up-to-date: /home/cricchetto/Robomaster_WS/install/robomaster_msgs/include/robomaster_msgs/robomaster_msgs/action/play_sound.hpp\n'}
[3.509434] (robomaster_msgs) StdoutLine: {'line': b'-- Up-to-date: /home/cricchetto/Robomaster_WS/install/robomaster_msgs/include/robomaster_msgs/robomaster_msgs/action/gripper_control.hpp\n'}
[3.510029] (robomaster_msgs) StdoutLine: {'line': b'-- Up-to-date: /home/cricchetto/Robomaster_WS/install/robomaster_msgs/include/robomaster_msgs/robomaster_msgs/action/recenter_gimbal.hpp\n'}
[3.510652] (robomaster_msgs) StdoutLine: {'line': b'-- Up-to-date: /home/cricchetto/Robomaster_WS/install/robomaster_msgs/include/robomaster_msgs/robomaster_msgs/action/move_servo.hpp\n'}
[3.511265] (robomaster_msgs) StdoutLine: {'line': b'-- Up-to-date: /home/cricchetto/Robomaster_WS/install/robomaster_msgs/include/robomaster_msgs/robomaster_msgs/action/detail\n'}
[3.513022] (robomaster_msgs) StdoutLine: {'line': b'-- Up-to-date: /home/cricchetto/Robomaster_WS/install/robomaster_msgs/include/robomaster_msgs/robomaster_msgs/action/detail/play_sound__struct.hpp\n'}
[3.514677] (robomaster_msgs) StdoutLine: {'line': b'-- Up-to-date: /home/cricchetto/Robomaster_WS/install/robomaster_msgs/include/robomaster_msgs/robomaster_msgs/action/detail/recenter_gimbal__traits.hpp\n'}
[3.516403] (robomaster_msgs) StdoutLine: {'line': b'-- Up-to-date: /home/cricchetto/Robomaster_WS/install/robomaster_msgs/include/robomaster_msgs/robomaster_msgs/action/detail/move_arm__type_support.hpp\n'}
[3.517083] (robomaster_msgs) StdoutLine: {'line': b'-- Up-to-date: /home/cricchetto/Robomaster_WS/install/robomaster_msgs/include/robomaster_msgs/robomaster_msgs/action/detail/gripper_control__type_support.hpp\n'}
[3.517660] (robomaster_msgs) StdoutLine: {'line': b'-- Up-to-date: /home/cricchetto/Robomaster_WS/install/robomaster_msgs/include/robomaster_msgs/robomaster_msgs/action/detail/move_servo__struct.hpp\n'}
[3.518171] (robomaster_msgs) StdoutLine: {'line': b'-- Up-to-date: /home/cricchetto/Robomaster_WS/install/robomaster_msgs/include/robomaster_msgs/robomaster_msgs/action/detail/move__struct.hpp\n'}
[3.518747] (robomaster_msgs) StdoutLine: {'line': b'-- Up-to-date: /home/cricchetto/Robomaster_WS/install/robomaster_msgs/include/robomaster_msgs/robomaster_msgs/action/detail/move__type_support.hpp\n'}
[3.519336] (robomaster_msgs) StdoutLine: {'line': b'-- Up-to-date: /home/cricchetto/Robomaster_WS/install/robomaster_msgs/include/robomaster_msgs/robomaster_msgs/action/detail/play_sound__traits.hpp\n'}
[3.519957] (robomaster_msgs) StdoutLine: {'line': b'-- Up-to-date: /home/cricchetto/Robomaster_WS/install/robomaster_msgs/include/robomaster_msgs/robomaster_msgs/action/detail/move_servo__type_support.hpp\n'}
[3.520674] (robomaster_msgs) StdoutLine: {'line': b'-- Up-to-date: /home/cricchetto/Robomaster_WS/install/robomaster_msgs/include/robomaster_msgs/robomaster_msgs/action/detail/move_arm__struct.hpp\n'}
[3.521337] (robomaster_msgs) StdoutLine: {'line': b'-- Up-to-date: /home/cricchetto/Robomaster_WS/install/robomaster_msgs/include/robomaster_msgs/robomaster_msgs/action/detail/recenter_gimbal__type_support.hpp\n'}
[3.522017] (robomaster_msgs) StdoutLine: {'line': b'-- Up-to-date: /home/cricchetto/Robomaster_WS/install/robomaster_msgs/include/robomaster_msgs/robomaster_msgs/action/detail/recenter_gimbal__builder.hpp\n'}
[3.522686] (robomaster_msgs) StdoutLine: {'line': b'-- Up-to-date: /home/cricchetto/Robomaster_WS/install/robomaster_msgs/include/robomaster_msgs/robomaster_msgs/action/detail/move_arm__traits.hpp\n'}
[3.523403] (robomaster_msgs) StdoutLine: {'line': b'-- Up-to-date: /home/cricchetto/Robomaster_WS/install/robomaster_msgs/include/robomaster_msgs/robomaster_msgs/action/detail/move_gimbal__struct.hpp\n'}
[3.524081] (robomaster_msgs) StdoutLine: {'line': b'-- Up-to-date: /home/cricchetto/Robomaster_WS/install/robomaster_msgs/include/robomaster_msgs/robomaster_msgs/action/detail/move_gimbal__builder.hpp\n'}
[3.524713] (robomaster_msgs) StdoutLine: {'line': b'-- Up-to-date: /home/cricchetto/Robomaster_WS/install/robomaster_msgs/include/robomaster_msgs/robomaster_msgs/action/detail/play_sound__type_support.hpp\n'}
[3.525450] (robomaster_msgs) StdoutLine: {'line': b'-- Up-to-date: /home/cricchetto/Robomaster_WS/install/robomaster_msgs/include/robomaster_msgs/robomaster_msgs/action/detail/play_sound__builder.hpp\n'}
[3.526057] (robomaster_msgs) StdoutLine: {'line': b'-- Up-to-date: /home/cricchetto/Robomaster_WS/install/robomaster_msgs/include/robomaster_msgs/robomaster_msgs/action/detail/move__builder.hpp\n'}
[3.526722] (robomaster_msgs) StdoutLine: {'line': b'-- Up-to-date: /home/cricchetto/Robomaster_WS/install/robomaster_msgs/include/robomaster_msgs/robomaster_msgs/action/detail/recenter_gimbal__struct.hpp\n'}
[3.527372] (robomaster_msgs) StdoutLine: {'line': b'-- Up-to-date: /home/cricchetto/Robomaster_WS/install/robomaster_msgs/include/robomaster_msgs/robomaster_msgs/action/detail/move_arm__builder.hpp\n'}
[3.528171] (robomaster_msgs) StdoutLine: {'line': b'-- Up-to-date: /home/cricchetto/Robomaster_WS/install/robomaster_msgs/include/robomaster_msgs/robomaster_msgs/action/detail/move_gimbal__traits.hpp\n'}
[3.529002] (robomaster_msgs) StdoutLine: {'line': b'-- Up-to-date: /home/cricchetto/Robomaster_WS/install/robomaster_msgs/include/robomaster_msgs/robomaster_msgs/action/detail/gripper_control__struct.hpp\n'}
[3.529647] (robomaster_msgs) StdoutLine: {'line': b'-- Up-to-date: /home/cricchetto/Robomaster_WS/install/robomaster_msgs/include/robomaster_msgs/robomaster_msgs/action/detail/move_gimbal__type_support.hpp\n'}
[3.530268] (robomaster_msgs) StdoutLine: {'line': b'-- Up-to-date: /home/cricchetto/Robomaster_WS/install/robomaster_msgs/include/robomaster_msgs/robomaster_msgs/action/detail/move__traits.hpp\n'}
[3.530911] (robomaster_msgs) StdoutLine: {'line': b'-- Up-to-date: /home/cricchetto/Robomaster_WS/install/robomaster_msgs/include/robomaster_msgs/robomaster_msgs/action/detail/move_servo__traits.hpp\n'}
[3.531561] (robomaster_msgs) StdoutLine: {'line': b'-- Up-to-date: /home/cricchetto/Robomaster_WS/install/robomaster_msgs/include/robomaster_msgs/robomaster_msgs/action/detail/move_servo__builder.hpp\n'}
[3.532383] (robomaster_msgs) StdoutLine: {'line': b'-- Up-to-date: /home/cricchetto/Robomaster_WS/install/robomaster_msgs/include/robomaster_msgs/robomaster_msgs/action/detail/gripper_control__builder.hpp\n'}
[3.533183] (robomaster_msgs) StdoutLine: {'line': b'-- Up-to-date: /home/cricchetto/Robomaster_WS/install/robomaster_msgs/include/robomaster_msgs/robomaster_msgs/action/detail/gripper_control__traits.hpp\n'}
[3.533985] (robomaster_msgs) StdoutLine: {'line': b'-- Up-to-date: /home/cricchetto/Robomaster_WS/install/robomaster_msgs/include/robomaster_msgs/robomaster_msgs/action/move_gimbal.hpp\n'}
[3.534741] (robomaster_msgs) StdoutLine: {'line': b'-- Up-to-date: /home/cricchetto/Robomaster_WS/install/robomaster_msgs/include/robomaster_msgs/robomaster_msgs/msg\n'}
[3.535465] (robomaster_msgs) StdoutLine: {'line': b'-- Up-to-date: /home/cricchetto/Robomaster_WS/install/robomaster_msgs/include/robomaster_msgs/robomaster_msgs/msg/detected_marker.hpp\n'}
[3.536402] (robomaster_msgs) StdoutLine: {'line': b'-- Up-to-date: /home/cricchetto/Robomaster_WS/install/robomaster_msgs/include/robomaster_msgs/robomaster_msgs/msg/region_of_interest.hpp\n'}
[3.537239] (robomaster_msgs) StdoutLine: {'line': b'-- Up-to-date: /home/cricchetto/Robomaster_WS/install/robomaster_msgs/include/robomaster_msgs/robomaster_msgs/msg/h264_packet.hpp\n'}
[3.537839] (robomaster_msgs) StdoutLine: {'line': b'-- Up-to-date: /home/cricchetto/Robomaster_WS/install/robomaster_msgs/include/robomaster_msgs/robomaster_msgs/msg/servo_raw_state.hpp\n'}
[3.538566] (robomaster_msgs) StdoutLine: {'line': b'-- Up-to-date: /home/cricchetto/Robomaster_WS/install/robomaster_msgs/include/robomaster_msgs/robomaster_msgs/msg/mode.hpp\n'}
[3.539264] (robomaster_msgs) StdoutLine: {'line': b'-- Up-to-date: /home/cricchetto/Robomaster_WS/install/robomaster_msgs/include/robomaster_msgs/robomaster_msgs/msg/audio_opus.hpp\n'}
[3.539895] (robomaster_msgs) StdoutLine: {'line': b'-- Up-to-date: /home/cricchetto/Robomaster_WS/install/robomaster_msgs/include/robomaster_msgs/robomaster_msgs/msg/gimbal_command.hpp\n'}
[3.540760] (robomaster_msgs) StdoutLine: {'line': b'-- Up-to-date: /home/cricchetto/Robomaster_WS/install/robomaster_msgs/include/robomaster_msgs/robomaster_msgs/msg/sensor_adapter.hpp\n'}
[3.541431] (robomaster_msgs) StdoutLine: {'line': b'-- Up-to-date: /home/cricchetto/Robomaster_WS/install/robomaster_msgs/include/robomaster_msgs/robomaster_msgs/msg/pwm.hpp\n'}
[3.542079] (robomaster_msgs) StdoutLine: {'line': b'-- Up-to-date: /home/cricchetto/Robomaster_WS/install/robomaster_msgs/include/robomaster_msgs/robomaster_msgs/msg/s_bus.hpp\n'}
[3.543140] (robomaster_msgs) StdoutLine: {'line': b'-- Up-to-date: /home/cricchetto/Robomaster_WS/install/robomaster_msgs/include/robomaster_msgs/robomaster_msgs/msg/detected_line.hpp\n'}
[3.543752] (robomaster_msgs) StdoutLine: {'line': b'-- Up-to-date: /home/cricchetto/Robomaster_WS/install/robomaster_msgs/include/robomaster_msgs/robomaster_msgs/msg/chassis_status.hpp\n'}
[3.544506] (robomaster_msgs) StdoutLine: {'line': b'-- Up-to-date: /home/cricchetto/Robomaster_WS/install/robomaster_msgs/include/robomaster_msgs/robomaster_msgs/msg/led_effect.hpp\n'}
[3.545095] (robomaster_msgs) StdoutLine: {'line': b'-- Up-to-date: /home/cricchetto/Robomaster_WS/install/robomaster_msgs/include/robomaster_msgs/robomaster_msgs/msg/detected_person.hpp\n'}
[3.545570] (robomaster_msgs) StdoutLine: {'line': b'-- Up-to-date: /home/cricchetto/Robomaster_WS/install/robomaster_msgs/include/robomaster_msgs/robomaster_msgs/msg/wheel_speeds.hpp\n'}
[3.546179] (robomaster_msgs) StdoutLine: {'line': b'-- Up-to-date: /home/cricchetto/Robomaster_WS/install/robomaster_msgs/include/robomaster_msgs/robomaster_msgs/msg/detected_gesture.hpp\n'}
[3.546769] (robomaster_msgs) StdoutLine: {'line': b'-- Up-to-date: /home/cricchetto/Robomaster_WS/install/robomaster_msgs/include/robomaster_msgs/robomaster_msgs/msg/detected_robot.hpp\n'}
[3.547386] (robomaster_msgs) StdoutLine: {'line': b'-- Up-to-date: /home/cricchetto/Robomaster_WS/install/robomaster_msgs/include/robomaster_msgs/robomaster_msgs/msg/speaker_command.hpp\n'}
[3.547833] (robomaster_msgs) StdoutLine: {'line': b'-- Up-to-date: /home/cricchetto/Robomaster_WS/install/robomaster_msgs/include/robomaster_msgs/robomaster_msgs/msg/serial.hpp\n'}
[3.548719] (robomaster_msgs) StdoutLine: {'line': b'-- Up-to-date: /home/cricchetto/Robomaster_WS/install/robomaster_msgs/include/robomaster_msgs/robomaster_msgs/msg/audio_level.hpp\n'}
[3.549406] (robomaster_msgs) StdoutLine: {'line': b'-- Up-to-date: /home/cricchetto/Robomaster_WS/install/robomaster_msgs/include/robomaster_msgs/robomaster_msgs/msg/armor_hit.hpp\n'}
[3.550009] (-) TimerEvent: {}
[3.551376] (robomaster_msgs) StdoutLine: {'line': b'-- Up-to-date: /home/cricchetto/Robomaster_WS/install/robomaster_msgs/include/robomaster_msgs/robomaster_msgs/msg/gripper_state.hpp\n'}
[3.552384] (robomaster_msgs) StdoutLine: {'line': b'-- Up-to-date: /home/cricchetto/Robomaster_WS/install/robomaster_msgs/include/robomaster_msgs/robomaster_msgs/msg/audio_data.hpp\n'}
[3.553423] (robomaster_msgs) StdoutLine: {'line': b'-- Up-to-date: /home/cricchetto/Robomaster_WS/install/robomaster_msgs/include/robomaster_msgs/robomaster_msgs/msg/detail\n'}
[3.554202] (robomaster_msgs) StdoutLine: {'line': b'-- Up-to-date: /home/cricchetto/Robomaster_WS/install/robomaster_msgs/include/robomaster_msgs/robomaster_msgs/msg/detail/audio_data__traits.hpp\n'}
[3.554999] (robomaster_msgs) StdoutLine: {'line': b'-- Up-to-date: /home/cricchetto/Robomaster_WS/install/robomaster_msgs/include/robomaster_msgs/robomaster_msgs/msg/detail/mode__traits.hpp\n'}
[3.556710] (robomaster_msgs) StdoutLine: {'line': b'-- Up-to-date: /home/cricchetto/Robomaster_WS/install/robomaster_msgs/include/robomaster_msgs/robomaster_msgs/msg/detail/serial__struct.hpp\n'}
[3.559629] (robomaster_msgs) StdoutLine: {'line': b'-- Up-to-date: /home/cricchetto/Robomaster_WS/install/robomaster_msgs/include/robomaster_msgs/robomaster_msgs/msg/detail/detected_person__builder.hpp\n'}
[3.562659] (robomaster_msgs) StdoutLine: {'line': b'-- Up-to-date: /home/cricchetto/Robomaster_WS/install/robomaster_msgs/include/robomaster_msgs/robomaster_msgs/msg/detail/speaker_command__builder.hpp\n'}
[3.565789] (robomaster_msgs) StdoutLine: {'line': b'-- Up-to-date: /home/cricchetto/Robomaster_WS/install/robomaster_msgs/include/robomaster_msgs/robomaster_msgs/msg/detail/detection__struct.hpp\n'}
[3.569129] (robomaster_msgs) StdoutLine: {'line': b'-- Up-to-date: /home/cricchetto/Robomaster_WS/install/robomaster_msgs/include/robomaster_msgs/robomaster_msgs/msg/detail/detected_gesture__struct.hpp\n'}
[3.572830] (robomaster_msgs) StdoutLine: {'line': b'-- Up-to-date: /home/cricchetto/Robomaster_WS/install/robomaster_msgs/include/robomaster_msgs/robomaster_msgs/msg/detail/detected_robot__builder.hpp\n'}
[3.574038] (robomaster_msgs) StdoutLine: {'line': b'-- Up-to-date: /home/cricchetto/Robomaster_WS/install/robomaster_msgs/include/robomaster_msgs/robomaster_msgs/msg/detail/audio_level__traits.hpp\n'}
[3.579361] (robomaster_msgs) StdoutLine: {'line': b'-- Up-to-date: /home/cricchetto/Robomaster_WS/install/robomaster_msgs/include/robomaster_msgs/robomaster_msgs/msg/detail/led_effect__type_support.hpp\n'}
[3.581745] (robomaster_msgs) StdoutLine: {'line': b'-- Up-to-date: /home/cricchetto/Robomaster_WS/install/robomaster_msgs/include/robomaster_msgs/robomaster_msgs/msg/detail/chassis_status__traits.hpp\n'}
[3.583819] (robomaster_msgs) StdoutLine: {'line': b'-- Up-to-date: /home/cricchetto/Robomaster_WS/install/robomaster_msgs/include/robomaster_msgs/robomaster_msgs/msg/detail/detected_gesture__type_support.hpp\n'}
[3.585933] (robomaster_msgs) StdoutLine: {'line': b'-- Up-to-date: /home/cricchetto/Robomaster_WS/install/robomaster_msgs/include/robomaster_msgs/robomaster_msgs/msg/detail/wheel_speeds__traits.hpp\n'}
[3.589064] (robomaster_msgs) StdoutLine: {'line': b'-- Up-to-date: /home/cricchetto/Robomaster_WS/install/robomaster_msgs/include/robomaster_msgs/robomaster_msgs/msg/detail/wheel_speeds__type_support.hpp\n'}
[3.591168] (robomaster_msgs) StdoutLine: {'line': b'-- Up-to-date: /home/cricchetto/Robomaster_WS/install/robomaster_msgs/include/robomaster_msgs/robomaster_msgs/msg/detail/region_of_interest__struct.hpp\n'}
[3.591647] (robomaster_msgs) StdoutLine: {'line': b'-- Up-to-date: /home/cricchetto/Robomaster_WS/install/robomaster_msgs/include/robomaster_msgs/robomaster_msgs/msg/detail/detected_line__type_support.hpp\n'}
[3.593510] (robomaster_msgs) StdoutLine: {'line': b'-- Up-to-date: /home/cricchetto/Robomaster_WS/install/robomaster_msgs/include/robomaster_msgs/robomaster_msgs/msg/detail/serial__builder.hpp\n'}
[3.594456] (robomaster_msgs) StdoutLine: {'line': b'-- Up-to-date: /home/cricchetto/Robomaster_WS/install/robomaster_msgs/include/robomaster_msgs/robomaster_msgs/msg/detail/detected_line__traits.hpp\n'}
[3.595145] (robomaster_msgs) StdoutLine: {'line': b'-- Up-to-date: /home/cricchetto/Robomaster_WS/install/robomaster_msgs/include/robomaster_msgs/robomaster_msgs/msg/detail/detected_robot__traits.hpp\n'}
[3.595946] (robomaster_msgs) StdoutLine: {'line': b'-- Up-to-date: /home/cricchetto/Robomaster_WS/install/robomaster_msgs/include/robomaster_msgs/robomaster_msgs/msg/detail/wheel_speeds__struct.hpp\n'}
[3.596828] (robomaster_msgs) StdoutLine: {'line': b'-- Up-to-date: /home/cricchetto/Robomaster_WS/install/robomaster_msgs/include/robomaster_msgs/robomaster_msgs/msg/detail/audio_level__builder.hpp\n'}
[3.597518] (robomaster_msgs) StdoutLine: {'line': b'-- Up-to-date: /home/cricchetto/Robomaster_WS/install/robomaster_msgs/include/robomaster_msgs/robomaster_msgs/msg/detail/audio_level__type_support.hpp\n'}
[3.598232] (robomaster_msgs) StdoutLine: {'line': b'-- Up-to-date: /home/cricchetto/Robomaster_WS/install/robomaster_msgs/include/robomaster_msgs/robomaster_msgs/msg/detail/region_of_interest__type_support.hpp\n'}
[3.598922] (robomaster_msgs) StdoutLine: {'line': b'-- Up-to-date: /home/cricchetto/Robomaster_WS/install/robomaster_msgs/include/robomaster_msgs/robomaster_msgs/msg/detail/servo_command__struct.hpp\n'}
[3.599574] (robomaster_msgs) StdoutLine: {'line': b'-- Up-to-date: /home/cricchetto/Robomaster_WS/install/robomaster_msgs/include/robomaster_msgs/robomaster_msgs/msg/detail/servo_raw_state__builder.hpp\n'}
[3.600301] (robomaster_msgs) StdoutLine: {'line': b'-- Up-to-date: /home/cricchetto/Robomaster_WS/install/robomaster_msgs/include/robomaster_msgs/robomaster_msgs/msg/detail/armor_hit__struct.hpp\n'}
[3.602817] (robomaster_msgs) StdoutLine: {'line': b'-- Up-to-date: /home/cricchetto/Robomaster_WS/install/robomaster_msgs/include/robomaster_msgs/robomaster_msgs/msg/detail/sensor_adapter__type_support.hpp\n'}
[3.604363] (robomaster_msgs) StdoutLine: {'line': b'-- Up-to-date: /home/cricchetto/Robomaster_WS/install/robomaster_msgs/include/robomaster_msgs/robomaster_msgs/msg/detail/pwm__builder.hpp\n'}
[3.606408] (explore_lite) StdoutLine: {'line': b'[ 80%] Built target explore\n'}
[3.608617] (robomaster_msgs) StdoutLine: {'line': b'-- Up-to-date: /home/cricchetto/Robomaster_WS/install/robomaster_msgs/include/robomaster_msgs/robomaster_msgs/msg/detail/mode__struct.hpp\n'}
[3.610287] (robomaster_msgs) StdoutLine: {'line': b'-- Up-to-date: /home/cricchetto/Robomaster_WS/install/robomaster_msgs/include/robomaster_msgs/robomaster_msgs/msg/detail/speaker_command__type_support.hpp\n'}
[3.612116] (robomaster_msgs) StdoutLine: {'line': b'-- Up-to-date: /home/cricchetto/Robomaster_WS/install/robomaster_msgs/include/robomaster_msgs/robomaster_msgs/msg/detail/armor_hit__builder.hpp\n'}
[3.614485] (robomaster_msgs) StdoutLine: {'line': b'-- Up-to-date: /home/cricchetto/Robomaster_WS/install/robomaster_msgs/include/robomaster_msgs/robomaster_msgs/msg/detail/detected_gesture__builder.hpp\n'}
[3.617105] (robomaster_msgs) StdoutLine: {'line': b'-- Up-to-date: /home/cricchetto/Robomaster_WS/install/robomaster_msgs/include/robomaster_msgs/robomaster_msgs/msg/detail/audio_data__builder.hpp\n'}
[3.619498] (robomaster_msgs) StdoutLine: {'line': b'-- Up-to-date: /home/cricchetto/Robomaster_WS/install/robomaster_msgs/include/robomaster_msgs/robomaster_msgs/msg/detail/gimbal_command__traits.hpp\n'}
[3.621653] (robomaster_msgs) StdoutLine: {'line': b'-- Up-to-date: /home/cricchetto/Robomaster_WS/install/robomaster_msgs/include/robomaster_msgs/robomaster_msgs/msg/detail/gripper_state__traits.hpp\n'}
[3.623379] (robomaster_msgs) StdoutLine: {'line': b'-- Up-to-date: /home/cricchetto/Robomaster_WS/install/robomaster_msgs/include/robomaster_msgs/robomaster_msgs/msg/detail/mode__type_support.hpp\n'}
[3.625273] (robomaster_msgs) StdoutLine: {'line': b'-- Up-to-date: /home/cricchetto/Robomaster_WS/install/robomaster_msgs/include/robomaster_msgs/robomaster_msgs/msg/detail/h264_packet__struct.hpp\n'}
[3.627015] (robomaster_msgs) StdoutLine: {'line': b'-- Up-to-date: /home/cricchetto/Robomaster_WS/install/robomaster_msgs/include/robomaster_msgs/robomaster_msgs/msg/detail/sensor_adapter__builder.hpp\n'}
[3.628195] (robomaster_msgs) StdoutLine: {'line': b'-- Up-to-date: /home/cricchetto/Robomaster_WS/install/robomaster_msgs/include/robomaster_msgs/robomaster_msgs/msg/detail/audio_level__struct.hpp\n'}
[3.630848] (robomaster_msgs) StdoutLine: {'line': b'-- Up-to-date: /home/cricchetto/Robomaster_WS/install/robomaster_msgs/include/robomaster_msgs/robomaster_msgs/msg/detail/audio_opus__traits.hpp\n'}
[3.632505] (robomaster_msgs) StdoutLine: {'line': b'-- Up-to-date: /home/cricchetto/Robomaster_WS/install/robomaster_msgs/include/robomaster_msgs/robomaster_msgs/msg/detail/led_effect__struct.hpp\n'}
[3.633256] (robomaster_msgs) StdoutLine: {'line': b'-- Up-to-date: /home/cricchetto/Robomaster_WS/install/robomaster_msgs/include/robomaster_msgs/robomaster_msgs/msg/detail/detected_robot__struct.hpp\n'}
[3.633721] (robomaster_msgs) StdoutLine: {'line': b'-- Up-to-date: /home/cricchetto/Robomaster_WS/install/robomaster_msgs/include/robomaster_msgs/robomaster_msgs/msg/detail/sensor_adapter__traits.hpp\n'}
[3.637447] (robomaster_msgs) StdoutLine: {'line': b'-- Up-to-date: /home/cricchetto/Robomaster_WS/install/robomaster_msgs/include/robomaster_msgs/robomaster_msgs/msg/detail/serial__traits.hpp\n'}
[3.638307] (robomaster_msgs) StdoutLine: {'line': b'-- Up-to-date: /home/cricchetto/Robomaster_WS/install/robomaster_msgs/include/robomaster_msgs/robomaster_msgs/msg/detail/gimbal_command__builder.hpp\n'}
[3.638821] (robomaster_msgs) StdoutLine: {'line': b'-- Up-to-date: /home/cricchetto/Robomaster_WS/install/robomaster_msgs/include/robomaster_msgs/robomaster_msgs/msg/detail/audio_opus__struct.hpp\n'}
[3.639573] (robomaster_msgs) StdoutLine: {'line': b'-- Up-to-date: /home/cricchetto/Robomaster_WS/install/robomaster_msgs/include/robomaster_msgs/robomaster_msgs/msg/detail/blaster_led__type_support.hpp\n'}
[3.649144] (robomaster_msgs) StdoutLine: {'line': b'-- Up-to-date: /home/cricchetto/Robomaster_WS/install/robomaster_msgs/include/robomaster_msgs/robomaster_msgs/msg/detail/sensor_adapter__struct.hpp\n'}
[3.649911] (robomaster_msgs) StdoutLine: {'line': b'-- Up-to-date: /home/cricchetto/Robomaster_WS/install/robomaster_msgs/include/robomaster_msgs/robomaster_msgs/msg/detail/servo_raw_state__type_support.hpp\n'}
[3.650515] (-) TimerEvent: {}
[3.651038] (robomaster_msgs) StdoutLine: {'line': b'-- Up-to-date: /home/cricchetto/Robomaster_WS/install/robomaster_msgs/include/robomaster_msgs/robomaster_msgs/msg/detail/detection__traits.hpp\n'}
[3.651614] (robomaster_msgs) StdoutLine: {'line': b'-- Up-to-date: /home/cricchetto/Robomaster_WS/install/robomaster_msgs/include/robomaster_msgs/robomaster_msgs/msg/detail/region_of_interest__traits.hpp\n'}
[3.652271] (robomaster_msgs) StdoutLine: {'line': b'-- Up-to-date: /home/cricchetto/Robomaster_WS/install/robomaster_msgs/include/robomaster_msgs/robomaster_msgs/msg/detail/servo_command__builder.hpp\n'}
[3.652985] (robomaster_msgs) StdoutLine: {'line': b'-- Up-to-date: /home/cricchetto/Robomaster_WS/install/robomaster_msgs/include/robomaster_msgs/robomaster_msgs/msg/detail/audio_data__struct.hpp\n'}
[3.653713] (robomaster_msgs) StdoutLine: {'line': b'-- Up-to-date: /home/cricchetto/Robomaster_WS/install/robomaster_msgs/include/robomaster_msgs/robomaster_msgs/msg/detail/detected_marker__traits.hpp\n'}
[3.654248] (robomaster_msgs) StdoutLine: {'line': b'-- Up-to-date: /home/cricchetto/Robomaster_WS/install/robomaster_msgs/include/robomaster_msgs/robomaster_msgs/msg/detail/h264_packet__traits.hpp\n'}
[3.655110] (robomaster_msgs) StdoutLine: {'line': b'-- Up-to-date: /home/cricchetto/Robomaster_WS/install/robomaster_msgs/include/robomaster_msgs/robomaster_msgs/msg/detail/gimbal_command__struct.hpp\n'}
[3.655777] (robomaster_msgs) StdoutLine: {'line': b'-- Up-to-date: /home/cricchetto/Robomaster_WS/install/robomaster_msgs/include/robomaster_msgs/robomaster_msgs/msg/detail/led_effect__builder.hpp\n'}
[3.656513] (robomaster_msgs) StdoutLine: {'line': b'-- Up-to-date: /home/cricchetto/Robomaster_WS/install/robomaster_msgs/include/robomaster_msgs/robomaster_msgs/msg/detail/detected_marker__type_support.hpp\n'}
[3.657024] (robomaster_msgs) StdoutLine: {'line': b'-- Up-to-date: /home/cricchetto/Robomaster_WS/install/robomaster_msgs/include/robomaster_msgs/robomaster_msgs/msg/detail/armor_hit__traits.hpp\n'}
[3.664466] (robomaster_msgs) StdoutLine: {'line': b'-- Up-to-date: /home/cricchetto/Robomaster_WS/install/robomaster_msgs/include/robomaster_msgs/robomaster_msgs/msg/detail/detection__type_support.hpp\n'}
[3.665159] (robomaster_msgs) StdoutLine: {'line': b'-- Up-to-date: /home/cricchetto/Robomaster_WS/install/robomaster_msgs/include/robomaster_msgs/robomaster_msgs/msg/detail/chassis_status__type_support.hpp\n'}
[3.665607] (robomaster_msgs) StdoutLine: {'line': b'-- Up-to-date: /home/cricchetto/Robomaster_WS/install/robomaster_msgs/include/robomaster_msgs/robomaster_msgs/msg/detail/speaker_command__struct.hpp\n'}
[3.666208] (robomaster_msgs) StdoutLine: {'line': b'-- Up-to-date: /home/cricchetto/Robomaster_WS/install/robomaster_msgs/include/robomaster_msgs/robomaster_msgs/msg/detail/blaster_led__struct.hpp\n'}
[3.666752] (robomaster_msgs) StdoutLine: {'line': b'-- Up-to-date: /home/cricchetto/Robomaster_WS/install/robomaster_msgs/include/robomaster_msgs/robomaster_msgs/msg/detail/gripper_state__type_support.hpp\n'}
[3.667380] (robomaster_msgs) StdoutLine: {'line': b'-- Up-to-date: /home/cricchetto/Robomaster_WS/install/robomaster_msgs/include/robomaster_msgs/robomaster_msgs/msg/detail/pwm__traits.hpp\n'}
[3.667767] (robomaster_msgs) StdoutLine: {'line': b'-- Up-to-date: /home/cricchetto/Robomaster_WS/install/robomaster_msgs/include/robomaster_msgs/robomaster_msgs/msg/detail/servo_raw_state__struct.hpp\n'}
[3.668518] (robomaster_msgs) StdoutLine: {'line': b'-- Up-to-date: /home/cricchetto/Robomaster_WS/install/robomaster_msgs/include/robomaster_msgs/robomaster_msgs/msg/detail/speaker_command__traits.hpp\n'}
[3.669118] (robomaster_msgs) StdoutLine: {'line': b'-- Up-to-date: /home/cricchetto/Robomaster_WS/install/robomaster_msgs/include/robomaster_msgs/robomaster_msgs/msg/detail/s_bus__builder.hpp\n'}
[3.669684] (robomaster_msgs) StdoutLine: {'line': b'-- Up-to-date: /home/cricchetto/Robomaster_WS/install/robomaster_msgs/include/robomaster_msgs/robomaster_msgs/msg/detail/audio_opus__type_support.hpp\n'}
[3.670406] (robomaster_msgs) StdoutLine: {'line': b'-- Up-to-date: /home/cricchetto/Robomaster_WS/install/robomaster_msgs/include/robomaster_msgs/robomaster_msgs/msg/detail/camera_config__type_support.hpp\n'}
[3.670996] (robomaster_msgs) StdoutLine: {'line': b'-- Up-to-date: /home/cricchetto/Robomaster_WS/install/robomaster_msgs/include/robomaster_msgs/robomaster_msgs/msg/detail/camera_config__struct.hpp\n'}
[3.679285] (robomaster_msgs) StdoutLine: {'line': b'-- Up-to-date: /home/cricchetto/Robomaster_WS/install/robomaster_msgs/include/robomaster_msgs/robomaster_msgs/msg/detail/pwm__struct.hpp\n'}
[3.680050] (robomaster_msgs) StdoutLine: {'line': b'-- Up-to-date: /home/cricchetto/Robomaster_WS/install/robomaster_msgs/include/robomaster_msgs/robomaster_msgs/msg/detail/serial__type_support.hpp\n'}
[3.680772] (robomaster_msgs) StdoutLine: {'line': b'-- Up-to-date: /home/cricchetto/Robomaster_WS/install/robomaster_msgs/include/robomaster_msgs/robomaster_msgs/msg/detail/h264_packet__type_support.hpp\n'}
[3.681630] (robomaster_msgs) StdoutLine: {'line': b'-- Up-to-date: /home/cricchetto/Robomaster_WS/install/robomaster_msgs/include/robomaster_msgs/robomaster_msgs/msg/detail/mode__builder.hpp\n'}
[3.682492] (robomaster_msgs) StdoutLine: {'line': b'-- Up-to-date: /home/cricchetto/Robomaster_WS/install/robomaster_msgs/include/robomaster_msgs/robomaster_msgs/msg/detail/detected_gesture__traits.hpp\n'}
[3.683381] (robomaster_msgs) StdoutLine: {'line': b'-- Up-to-date: /home/cricchetto/Robomaster_WS/install/robomaster_msgs/include/robomaster_msgs/robomaster_msgs/msg/detail/audio_data__type_support.hpp\n'}
[3.695995] (robomaster_msgs) StdoutLine: {'line': b'-- Up-to-date: /home/cricchetto/Robomaster_WS/install/robomaster_msgs/include/robomaster_msgs/robomaster_msgs/msg/detail/wheel_speeds__builder.hpp\n'}
[3.697181] (robomaster_msgs) StdoutLine: {'line': b'-- Up-to-date: /home/cricchetto/Robomaster_WS/install/robomaster_msgs/include/robomaster_msgs/robomaster_msgs/msg/detail/gripper_state__struct.hpp\n'}
[3.697850] (robomaster_msgs) StdoutLine: {'line': b'-- Up-to-date: /home/cricchetto/Robomaster_WS/install/robomaster_msgs/include/robomaster_msgs/robomaster_msgs/msg/detail/audio_opus__builder.hpp\n'}
[3.698482] (robomaster_msgs) StdoutLine: {'line': b'-- Up-to-date: /home/cricchetto/Robomaster_WS/install/robomaster_msgs/include/robomaster_msgs/robomaster_msgs/msg/detail/h264_packet__builder.hpp\n'}
[3.699119] (robomaster_msgs) StdoutLine: {'line': b'-- Up-to-date: /home/cricchetto/Robomaster_WS/install/robomaster_msgs/include/robomaster_msgs/robomaster_msgs/msg/detail/chassis_status__struct.hpp\n'}
[3.699778] (robomaster_msgs) StdoutLine: {'line': b'-- Up-to-date: /home/cricchetto/Robomaster_WS/install/robomaster_msgs/include/robomaster_msgs/robomaster_msgs/msg/detail/servo_raw_state__traits.hpp\n'}
[3.700508] (robomaster_msgs) StdoutLine: {'line': b'-- Up-to-date: /home/cricchetto/Robomaster_WS/install/robomaster_msgs/include/robomaster_msgs/robomaster_msgs/msg/detail/detected_marker__builder.hpp\n'}
[3.701173] (robomaster_msgs) StdoutLine: {'line': b'-- Up-to-date: /home/cricchetto/Robomaster_WS/install/robomaster_msgs/include/robomaster_msgs/robomaster_msgs/msg/detail/servo_command__traits.hpp\n'}
[3.701794] (robomaster_msgs) StdoutLine: {'line': b'-- Up-to-date: /home/cricchetto/Robomaster_WS/install/robomaster_msgs/include/robomaster_msgs/robomaster_msgs/msg/detail/blaster_led__traits.hpp\n'}
[3.702465] (robomaster_msgs) StdoutLine: {'line': b'-- Up-to-date: /home/cricchetto/Robomaster_WS/install/robomaster_msgs/include/robomaster_msgs/robomaster_msgs/msg/detail/detected_robot__type_support.hpp\n'}
[3.703123] (robomaster_msgs) StdoutLine: {'line': b'-- Up-to-date: /home/cricchetto/Robomaster_WS/install/robomaster_msgs/include/robomaster_msgs/robomaster_msgs/msg/detail/s_bus__type_support.hpp\n'}
[3.703780] (robomaster_msgs) StdoutLine: {'line': b'-- Up-to-date: /home/cricchetto/Robomaster_WS/install/robomaster_msgs/include/robomaster_msgs/robomaster_msgs/msg/detail/detected_marker__struct.hpp\n'}
[3.705453] (robomaster_msgs) StdoutLine: {'line': b'-- Up-to-date: /home/cricchetto/Robomaster_WS/install/robomaster_msgs/include/robomaster_msgs/robomaster_msgs/msg/detail/pwm__type_support.hpp\n'}
[3.706013] (robomaster_msgs) StdoutLine: {'line': b'-- Up-to-date: /home/cricchetto/Robomaster_WS/install/robomaster_msgs/include/robomaster_msgs/robomaster_msgs/msg/detail/detection__builder.hpp\n'}
[3.706536] (robomaster_msgs) StdoutLine: {'line': b'-- Up-to-date: /home/cricchetto/Robomaster_WS/install/robomaster_msgs/include/robomaster_msgs/robomaster_msgs/msg/detail/detected_line__struct.hpp\n'}
[3.707040] (robomaster_msgs) StdoutLine: {'line': b'-- Up-to-date: /home/cricchetto/Robomaster_WS/install/robomaster_msgs/include/robomaster_msgs/robomaster_msgs/msg/detail/chassis_status__builder.hpp\n'}
[3.707553] (robomaster_msgs) StdoutLine: {'line': b'-- Up-to-date: /home/cricchetto/Robomaster_WS/install/robomaster_msgs/include/robomaster_msgs/robomaster_msgs/msg/detail/armor_hit__type_support.hpp\n'}
[3.708166] (robomaster_msgs) StdoutLine: {'line': b'-- Up-to-date: /home/cricchetto/Robomaster_WS/install/robomaster_msgs/include/robomaster_msgs/robomaster_msgs/msg/detail/camera_config__builder.hpp\n'}
[3.708786] (robomaster_msgs) StdoutLine: {'line': b'-- Up-to-date: /home/cricchetto/Robomaster_WS/install/robomaster_msgs/include/robomaster_msgs/robomaster_msgs/msg/detail/servo_command__type_support.hpp\n'}
[3.711717] (robomaster_msgs) StdoutLine: {'line': b'-- Up-to-date: /home/cricchetto/Robomaster_WS/install/robomaster_msgs/include/robomaster_msgs/robomaster_msgs/msg/detail/led_effect__traits.hpp\n'}
[3.712668] (robomaster_msgs) StdoutLine: {'line': b'-- Up-to-date: /home/cricchetto/Robomaster_WS/install/robomaster_msgs/include/robomaster_msgs/robomaster_msgs/msg/detail/detected_line__builder.hpp\n'}
[3.713218] (robomaster_msgs) StdoutLine: {'line': b'-- Up-to-date: /home/cricchetto/Robomaster_WS/install/robomaster_msgs/include/robomaster_msgs/robomaster_msgs/msg/detail/detected_person__struct.hpp\n'}
[3.713742] (robomaster_msgs) StdoutLine: {'line': b'-- Up-to-date: /home/cricchetto/Robomaster_WS/install/robomaster_msgs/include/robomaster_msgs/robomaster_msgs/msg/detail/s_bus__struct.hpp\n'}
[3.714255] (robomaster_msgs) StdoutLine: {'line': b'-- Up-to-date: /home/cricchetto/Robomaster_WS/install/robomaster_msgs/include/robomaster_msgs/robomaster_msgs/msg/detail/gripper_state__builder.hpp\n'}
[3.714769] (robomaster_msgs) StdoutLine: {'line': b'-- Up-to-date: /home/cricchetto/Robomaster_WS/install/robomaster_msgs/include/robomaster_msgs/robomaster_msgs/msg/detail/gimbal_command__type_support.hpp\n'}
[3.715299] (robomaster_msgs) StdoutLine: {'line': b'-- Up-to-date: /home/cricchetto/Robomaster_WS/install/robomaster_msgs/include/robomaster_msgs/robomaster_msgs/msg/detail/camera_config__traits.hpp\n'}
[3.715821] (robomaster_msgs) StdoutLine: {'line': b'-- Up-to-date: /home/cricchetto/Robomaster_WS/install/robomaster_msgs/include/robomaster_msgs/robomaster_msgs/msg/detail/detected_person__traits.hpp\n'}
[3.716511] (robomaster_msgs) StdoutLine: {'line': b'-- Up-to-date: /home/cricchetto/Robomaster_WS/install/robomaster_msgs/include/robomaster_msgs/robomaster_msgs/msg/detail/detected_person__type_support.hpp\n'}
[3.717041] (robomaster_msgs) StdoutLine: {'line': b'-- Up-to-date: /home/cricchetto/Robomaster_WS/install/robomaster_msgs/include/robomaster_msgs/robomaster_msgs/msg/detail/region_of_interest__builder.hpp\n'}
[3.717559] (robomaster_msgs) StdoutLine: {'line': b'-- Up-to-date: /home/cricchetto/Robomaster_WS/install/robomaster_msgs/include/robomaster_msgs/robomaster_msgs/msg/detail/s_bus__traits.hpp\n'}
[3.718074] (robomaster_msgs) StdoutLine: {'line': b'-- Up-to-date: /home/cricchetto/Robomaster_WS/install/robomaster_msgs/include/robomaster_msgs/robomaster_msgs/msg/detail/blaster_led__builder.hpp\n'}
[3.718589] (robomaster_msgs) StdoutLine: {'line': b'-- Up-to-date: /home/cricchetto/Robomaster_WS/install/robomaster_msgs/include/robomaster_msgs/robomaster_msgs/msg/servo_command.hpp\n'}
[3.719178] (robomaster_msgs) StdoutLine: {'line': b'-- Up-to-date: /home/cricchetto/Robomaster_WS/install/robomaster_msgs/include/robomaster_msgs/robomaster_msgs/msg/blaster_led.hpp\n'}
[3.719702] (robomaster_msgs) StdoutLine: {'line': b'-- Up-to-date: /home/cricchetto/Robomaster_WS/install/robomaster_msgs/include/robomaster_msgs/robomaster_msgs/msg/rosidl_generator_cpp__visibility_control.hpp\n'}
[3.720405] (robomaster_msgs) StdoutLine: {'line': b'-- Up-to-date: /home/cricchetto/Robomaster_WS/install/robomaster_msgs/include/robomaster_msgs/robomaster_msgs/msg/detection.hpp\n'}
[3.721003] (robomaster_msgs) StdoutLine: {'line': b'-- Up-to-date: /home/cricchetto/Robomaster_WS/install/robomaster_msgs/include/robomaster_msgs/robomaster_msgs/msg/camera_config.hpp\n'}
[3.721604] (robomaster_msgs) StdoutLine: {'line': b'-- Up-to-date: /home/cricchetto/Robomaster_WS/install/robomaster_msgs/include/robomaster_msgs/robomaster_msgs/srv\n'}
[3.722332] (robomaster_msgs) StdoutLine: {'line': b'-- Up-to-date: /home/cricchetto/Robomaster_WS/install/robomaster_msgs/include/robomaster_msgs/robomaster_msgs/srv/get_pulse.hpp\n'}
[3.722927] (robomaster_msgs) StdoutLine: {'line': b'-- Up-to-date: /home/cricchetto/Robomaster_WS/install/robomaster_msgs/include/robomaster_msgs/robomaster_msgs/srv/get_adc.hpp\n'}
[3.723413] (robomaster_msgs) StdoutLine: {'line': b'-- Up-to-date: /home/cricchetto/Robomaster_WS/install/robomaster_msgs/include/robomaster_msgs/robomaster_msgs/srv/get_servo_angle.hpp\n'}
[3.724087] (robomaster_msgs) StdoutLine: {'line': b'-- Up-to-date: /home/cricchetto/Robomaster_WS/install/robomaster_msgs/include/robomaster_msgs/robomaster_msgs/srv/detail\n'}
[3.724575] (robomaster_msgs) StdoutLine: {'line': b'-- Up-to-date: /home/cricchetto/Robomaster_WS/install/robomaster_msgs/include/robomaster_msgs/robomaster_msgs/srv/detail/get_servo_angle__builder.hpp\n'}
[3.724985] (robomaster_msgs) StdoutLine: {'line': b'-- Up-to-date: /home/cricchetto/Robomaster_WS/install/robomaster_msgs/include/robomaster_msgs/robomaster_msgs/srv/detail/get_pulse__struct.hpp\n'}
[3.725361] (robomaster_msgs) StdoutLine: {'line': b'-- Up-to-date: /home/cricchetto/Robomaster_WS/install/robomaster_msgs/include/robomaster_msgs/robomaster_msgs/srv/detail/get_adc__type_support.hpp\n'}
[3.725865] (robomaster_msgs) StdoutLine: {'line': b'-- Up-to-date: /home/cricchetto/Robomaster_WS/install/robomaster_msgs/include/robomaster_msgs/robomaster_msgs/srv/detail/get_io__traits.hpp\n'}
[3.726429] (robomaster_msgs) StdoutLine: {'line': b'-- Up-to-date: /home/cricchetto/Robomaster_WS/install/robomaster_msgs/include/robomaster_msgs/robomaster_msgs/srv/detail/get_io__struct.hpp\n'}
[3.726903] (robomaster_msgs) StdoutLine: {'line': b'-- Up-to-date: /home/cricchetto/Robomaster_WS/install/robomaster_msgs/include/robomaster_msgs/robomaster_msgs/srv/detail/get_adc__traits.hpp\n'}
[3.727273] (robomaster_msgs) StdoutLine: {'line': b'-- Up-to-date: /home/cricchetto/Robomaster_WS/install/robomaster_msgs/include/robomaster_msgs/robomaster_msgs/srv/detail/get_io__type_support.hpp\n'}
[3.727720] (robomaster_msgs) StdoutLine: {'line': b'-- Up-to-date: /home/cricchetto/Robomaster_WS/install/robomaster_msgs/include/robomaster_msgs/robomaster_msgs/srv/detail/get_servo_angle__struct.hpp\n'}
[3.728396] (robomaster_msgs) StdoutLine: {'line': b'-- Up-to-date: /home/cricchetto/Robomaster_WS/install/robomaster_msgs/include/robomaster_msgs/robomaster_msgs/srv/detail/get_servo_angle__traits.hpp\n'}
[3.728846] (robomaster_msgs) StdoutLine: {'line': b'-- Up-to-date: /home/cricchetto/Robomaster_WS/install/robomaster_msgs/include/robomaster_msgs/robomaster_msgs/srv/detail/get_pulse__builder.hpp\n'}
[3.729354] (robomaster_msgs) StdoutLine: {'line': b'-- Up-to-date: /home/cricchetto/Robomaster_WS/install/robomaster_msgs/include/robomaster_msgs/robomaster_msgs/srv/detail/get_io__builder.hpp\n'}
[3.729896] (robomaster_msgs) StdoutLine: {'line': b'-- Up-to-date: /home/cricchetto/Robomaster_WS/install/robomaster_msgs/include/robomaster_msgs/robomaster_msgs/srv/detail/get_pulse__type_support.hpp\n'}
[3.730596] (robomaster_msgs) StdoutLine: {'line': b'-- Up-to-date: /home/cricchetto/Robomaster_WS/install/robomaster_msgs/include/robomaster_msgs/robomaster_msgs/srv/detail/get_adc__builder.hpp\n'}
[3.731384] (robomaster_msgs) StdoutLine: {'line': b'-- Up-to-date: /home/cricchetto/Robomaster_WS/install/robomaster_msgs/include/robomaster_msgs/robomaster_msgs/srv/detail/get_adc__struct.hpp\n'}
[3.731951] (robomaster_msgs) StdoutLine: {'line': b'-- Up-to-date: /home/cricchetto/Robomaster_WS/install/robomaster_msgs/include/robomaster_msgs/robomaster_msgs/srv/detail/get_servo_angle__type_support.hpp\n'}
[3.732512] (robomaster_msgs) StdoutLine: {'line': b'-- Up-to-date: /home/cricchetto/Robomaster_WS/install/robomaster_msgs/include/robomaster_msgs/robomaster_msgs/srv/detail/get_pulse__traits.hpp\n'}
[3.733054] (robomaster_msgs) StdoutLine: {'line': b'-- Up-to-date: /home/cricchetto/Robomaster_WS/install/robomaster_msgs/include/robomaster_msgs/robomaster_msgs/srv/get_io.hpp\n'}
[3.733563] (robomaster_msgs) StdoutLine: {'line': b'-- Up-to-date: /home/cricchetto/Robomaster_WS/install/robomaster_msgs/include/robomaster_msgs/robomaster_msgs\n'}
[3.734095] (robomaster_msgs) StdoutLine: {'line': b'-- Up-to-date: /home/cricchetto/Robomaster_WS/install/robomaster_msgs/include/robomaster_msgs/robomaster_msgs/action\n'}
[3.734628] (robomaster_msgs) StdoutLine: {'line': b'-- Up-to-date: /home/cricchetto/Robomaster_WS/install/robomaster_msgs/include/robomaster_msgs/robomaster_msgs/action/detail\n'}
[3.735207] (robomaster_msgs) StdoutLine: {'line': b'-- Up-to-date: /home/cricchetto/Robomaster_WS/install/robomaster_msgs/include/robomaster_msgs/robomaster_msgs/action/detail/dds_fastrtps\n'}
[3.735842] (robomaster_msgs) StdoutLine: {'line': b'-- Up-to-date: /home/cricchetto/Robomaster_WS/install/robomaster_msgs/include/robomaster_msgs/robomaster_msgs/action/detail/gripper_control__rosidl_typesupport_fastrtps_cpp.hpp\n'}
[3.736659] (robomaster_msgs) StdoutLine: {'line': b'-- Up-to-date: /home/cricchetto/Robomaster_WS/install/robomaster_msgs/include/robomaster_msgs/robomaster_msgs/action/detail/move_servo__rosidl_typesupport_fastrtps_cpp.hpp\n'}
[3.737291] (robomaster_msgs) StdoutLine: {'line': b'-- Up-to-date: /home/cricchetto/Robomaster_WS/install/robomaster_msgs/include/robomaster_msgs/robomaster_msgs/action/detail/move__rosidl_typesupport_fastrtps_cpp.hpp\n'}
[3.737827] (robomaster_msgs) StdoutLine: {'line': b'-- Up-to-date: /home/cricchetto/Robomaster_WS/install/robomaster_msgs/include/robomaster_msgs/robomaster_msgs/action/detail/play_sound__rosidl_typesupport_fastrtps_cpp.hpp\n'}
[3.738283] (robomaster_msgs) StdoutLine: {'line': b'-- Up-to-date: /home/cricchetto/Robomaster_WS/install/robomaster_msgs/include/robomaster_msgs/robomaster_msgs/action/detail/move_gimbal__rosidl_typesupport_fastrtps_cpp.hpp\n'}
[3.738704] (robomaster_msgs) StdoutLine: {'line': b'-- Up-to-date: /home/cricchetto/Robomaster_WS/install/robomaster_msgs/include/robomaster_msgs/robomaster_msgs/action/detail/recenter_gimbal__rosidl_typesupport_fastrtps_cpp.hpp\n'}
[3.739133] (robomaster_msgs) StdoutLine: {'line': b'-- Up-to-date: /home/cricchetto/Robomaster_WS/install/robomaster_msgs/include/robomaster_msgs/robomaster_msgs/action/detail/move_arm__rosidl_typesupport_fastrtps_cpp.hpp\n'}
[3.739651] (robomaster_msgs) StdoutLine: {'line': b'-- Up-to-date: /home/cricchetto/Robomaster_WS/install/robomaster_msgs/include/robomaster_msgs/robomaster_msgs/msg\n'}
[3.740361] (robomaster_msgs) StdoutLine: {'line': b'-- Up-to-date: /home/cricchetto/Robomaster_WS/install/robomaster_msgs/include/robomaster_msgs/robomaster_msgs/msg/rosidl_typesupport_fastrtps_cpp__visibility_control.h\n'}
[3.740846] (robomaster_msgs) StdoutLine: {'line': b'-- Up-to-date: /home/cricchetto/Robomaster_WS/install/robomaster_msgs/include/robomaster_msgs/robomaster_msgs/msg/detail\n'}
[3.741388] (robomaster_msgs) StdoutLine: {'line': b'-- Up-to-date: /home/cricchetto/Robomaster_WS/install/robomaster_msgs/include/robomaster_msgs/robomaster_msgs/msg/detail/audio_level__rosidl_typesupport_fastrtps_cpp.hpp\n'}
[3.741856] (robomaster_msgs) StdoutLine: {'line': b'-- Up-to-date: /home/cricchetto/Robomaster_WS/install/robomaster_msgs/include/robomaster_msgs/robomaster_msgs/msg/detail/pwm__rosidl_typesupport_fastrtps_cpp.hpp\n'}
[3.742407] (robomaster_msgs) StdoutLine: {'line': b'-- Up-to-date: /home/cricchetto/Robomaster_WS/install/robomaster_msgs/include/robomaster_msgs/robomaster_msgs/msg/detail/dds_fastrtps\n'}
[3.743024] (robomaster_msgs) StdoutLine: {'line': b'-- Up-to-date: /home/cricchetto/Robomaster_WS/install/robomaster_msgs/include/robomaster_msgs/robomaster_msgs/msg/detail/h264_packet__rosidl_typesupport_fastrtps_cpp.hpp\n'}
[3.743657] (robomaster_msgs) StdoutLine: {'line': b'-- Up-to-date: /home/cricchetto/Robomaster_WS/install/robomaster_msgs/include/robomaster_msgs/robomaster_msgs/msg/detail/camera_config__rosidl_typesupport_fastrtps_cpp.hpp\n'}
[3.744342] (robomaster_msgs) StdoutLine: {'line': b'-- Up-to-date: /home/cricchetto/Robomaster_WS/install/robomaster_msgs/include/robomaster_msgs/robomaster_msgs/msg/detail/chassis_status__rosidl_typesupport_fastrtps_cpp.hpp\n'}
[3.745071] (robomaster_msgs) StdoutLine: {'line': b'-- Up-to-date: /home/cricchetto/Robomaster_WS/install/robomaster_msgs/include/robomaster_msgs/robomaster_msgs/msg/detail/mode__rosidl_typesupport_fastrtps_cpp.hpp\n'}
[3.745908] (robomaster_msgs) StdoutLine: {'line': b'-- Up-to-date: /home/cricchetto/Robomaster_WS/install/robomaster_msgs/include/robomaster_msgs/robomaster_msgs/msg/detail/detected_gesture__rosidl_typesupport_fastrtps_cpp.hpp\n'}
[3.746519] (robomaster_msgs) StdoutLine: {'line': b'-- Up-to-date: /home/cricchetto/Robomaster_WS/install/robomaster_msgs/include/robomaster_msgs/robomaster_msgs/msg/detail/gripper_state__rosidl_typesupport_fastrtps_cpp.hpp\n'}
[3.747019] (robomaster_msgs) StdoutLine: {'line': b'-- Up-to-date: /home/cricchetto/Robomaster_WS/install/robomaster_msgs/include/robomaster_msgs/robomaster_msgs/msg/detail/gimbal_command__rosidl_typesupport_fastrtps_cpp.hpp\n'}
[3.747556] (robomaster_msgs) StdoutLine: {'line': b'-- Up-to-date: /home/cricchetto/Robomaster_WS/install/robomaster_msgs/include/robomaster_msgs/robomaster_msgs/msg/detail/detected_marker__rosidl_typesupport_fastrtps_cpp.hpp\n'}
[3.748319] (robomaster_msgs) StdoutLine: {'line': b'-- Up-to-date: /home/cricchetto/Robomaster_WS/install/robomaster_msgs/include/robomaster_msgs/robomaster_msgs/msg/detail/servo_command__rosidl_typesupport_fastrtps_cpp.hpp\n'}
[3.748931] (robomaster_msgs) StdoutLine: {'line': b'-- Up-to-date: /home/cricchetto/Robomaster_WS/install/robomaster_msgs/include/robomaster_msgs/robomaster_msgs/msg/detail/detected_robot__rosidl_typesupport_fastrtps_cpp.hpp\n'}
[3.749481] (robomaster_msgs) StdoutLine: {'line': b'-- Up-to-date: /home/cricchetto/Robomaster_WS/install/robomaster_msgs/include/robomaster_msgs/robomaster_msgs/msg/detail/detection__rosidl_typesupport_fastrtps_cpp.hpp\n'}
[3.750033] (robomaster_msgs) StdoutLine: {'line': b'-- Up-to-date: /home/cricchetto/Robomaster_WS/install/robomaster_msgs/include/robomaster_msgs/robomaster_msgs/msg/detail/sensor_adapter__rosidl_typesupport_fastrtps_cpp.hpp\n'}
[3.750717] (-) TimerEvent: {}
[3.752065] (robomaster_msgs) StdoutLine: {'line': b'-- Up-to-date: /home/cricchetto/Robomaster_WS/install/robomaster_msgs/include/robomaster_msgs/robomaster_msgs/msg/detail/servo_raw_state__rosidl_typesupport_fastrtps_cpp.hpp\n'}
[3.752713] (robomaster_msgs) StdoutLine: {'line': b'-- Up-to-date: /home/cricchetto/Robomaster_WS/install/robomaster_msgs/include/robomaster_msgs/robomaster_msgs/msg/detail/audio_opus__rosidl_typesupport_fastrtps_cpp.hpp\n'}
[3.753190] (robomaster_msgs) StdoutLine: {'line': b'-- Up-to-date: /home/cricchetto/Robomaster_WS/install/robomaster_msgs/include/robomaster_msgs/robomaster_msgs/msg/detail/serial__rosidl_typesupport_fastrtps_cpp.hpp\n'}
[3.753615] (robomaster_msgs) StdoutLine: {'line': b'-- Up-to-date: /home/cricchetto/Robomaster_WS/install/robomaster_msgs/include/robomaster_msgs/robomaster_msgs/msg/detail/audio_data__rosidl_typesupport_fastrtps_cpp.hpp\n'}
[3.754070] (robomaster_msgs) StdoutLine: {'line': b'-- Up-to-date: /home/cricchetto/Robomaster_WS/install/robomaster_msgs/include/robomaster_msgs/robomaster_msgs/msg/detail/region_of_interest__rosidl_typesupport_fastrtps_cpp.hpp\n'}
[3.754612] (robomaster_msgs) StdoutLine: {'line': b'-- Up-to-date: /home/cricchetto/Robomaster_WS/install/robomaster_msgs/include/robomaster_msgs/robomaster_msgs/msg/detail/detected_person__rosidl_typesupport_fastrtps_cpp.hpp\n'}
[3.755087] (robomaster_msgs) StdoutLine: {'line': b'-- Up-to-date: /home/cricchetto/Robomaster_WS/install/robomaster_msgs/include/robomaster_msgs/robomaster_msgs/msg/detail/s_bus__rosidl_typesupport_fastrtps_cpp.hpp\n'}
[3.755555] (robomaster_msgs) StdoutLine: {'line': b'-- Up-to-date: /home/cricchetto/Robomaster_WS/install/robomaster_msgs/include/robomaster_msgs/robomaster_msgs/msg/detail/led_effect__rosidl_typesupport_fastrtps_cpp.hpp\n'}
[3.756119] (robomaster_msgs) StdoutLine: {'line': b'-- Up-to-date: /home/cricchetto/Robomaster_WS/install/robomaster_msgs/include/robomaster_msgs/robomaster_msgs/msg/detail/blaster_led__rosidl_typesupport_fastrtps_cpp.hpp\n'}
[3.756635] (robomaster_msgs) StdoutLine: {'line': b'-- Up-to-date: /home/cricchetto/Robomaster_WS/install/robomaster_msgs/include/robomaster_msgs/robomaster_msgs/msg/detail/wheel_speeds__rosidl_typesupport_fastrtps_cpp.hpp\n'}
[3.757139] (robomaster_msgs) StdoutLine: {'line': b'-- Up-to-date: /home/cricchetto/Robomaster_WS/install/robomaster_msgs/include/robomaster_msgs/robomaster_msgs/msg/detail/detected_line__rosidl_typesupport_fastrtps_cpp.hpp\n'}
[3.757720] (robomaster_msgs) StdoutLine: {'line': b'-- Up-to-date: /home/cricchetto/Robomaster_WS/install/robomaster_msgs/include/robomaster_msgs/robomaster_msgs/msg/detail/speaker_command__rosidl_typesupport_fastrtps_cpp.hpp\n'}
[3.758343] (robomaster_msgs) StdoutLine: {'line': b'-- Up-to-date: /home/cricchetto/Robomaster_WS/install/robomaster_msgs/include/robomaster_msgs/robomaster_msgs/msg/detail/armor_hit__rosidl_typesupport_fastrtps_cpp.hpp\n'}
[3.758990] (robomaster_msgs) StdoutLine: {'line': b'-- Up-to-date: /home/cricchetto/Robomaster_WS/install/robomaster_msgs/include/robomaster_msgs/robomaster_msgs/srv\n'}
[3.759546] (robomaster_msgs) StdoutLine: {'line': b'-- Up-to-date: /home/cricchetto/Robomaster_WS/install/robomaster_msgs/include/robomaster_msgs/robomaster_msgs/srv/detail\n'}
[3.760211] (robomaster_msgs) StdoutLine: {'line': b'-- Up-to-date: /home/cricchetto/Robomaster_WS/install/robomaster_msgs/include/robomaster_msgs/robomaster_msgs/srv/detail/dds_fastrtps\n'}
[3.760750] (robomaster_msgs) StdoutLine: {'line': b'-- Up-to-date: /home/cricchetto/Robomaster_WS/install/robomaster_msgs/include/robomaster_msgs/robomaster_msgs/srv/detail/get_adc__rosidl_typesupport_fastrtps_cpp.hpp\n'}
[3.761227] (robomaster_msgs) StdoutLine: {'line': b'-- Up-to-date: /home/cricchetto/Robomaster_WS/install/robomaster_msgs/include/robomaster_msgs/robomaster_msgs/srv/detail/get_servo_angle__rosidl_typesupport_fastrtps_cpp.hpp\n'}
[3.761664] (robomaster_msgs) StdoutLine: {'line': b'-- Up-to-date: /home/cricchetto/Robomaster_WS/install/robomaster_msgs/include/robomaster_msgs/robomaster_msgs/srv/detail/get_pulse__rosidl_typesupport_fastrtps_cpp.hpp\n'}
[3.762102] (robomaster_msgs) StdoutLine: {'line': b'-- Up-to-date: /home/cricchetto/Robomaster_WS/install/robomaster_msgs/include/robomaster_msgs/robomaster_msgs/srv/detail/get_io__rosidl_typesupport_fastrtps_cpp.hpp\n'}
[3.762533] (robomaster_msgs) StdoutLine: {'line': b'-- Up-to-date: /home/cricchetto/Robomaster_WS/install/robomaster_msgs/lib/librobomaster_msgs__rosidl_typesupport_fastrtps_cpp.so\n'}
[3.762930] (robomaster_msgs) StdoutLine: {'line': b'-- Up-to-date: /home/cricchetto/Robomaster_WS/install/robomaster_msgs/include/robomaster_msgs/robomaster_msgs\n'}
[3.763302] (robomaster_msgs) StdoutLine: {'line': b'-- Up-to-date: /home/cricchetto/Robomaster_WS/install/robomaster_msgs/include/robomaster_msgs/robomaster_msgs/action\n'}
[3.763731] (robomaster_msgs) StdoutLine: {'line': b'-- Up-to-date: /home/cricchetto/Robomaster_WS/install/robomaster_msgs/include/robomaster_msgs/robomaster_msgs/action/detail\n'}
[3.764404] (robomaster_msgs) StdoutLine: {'line': b'-- Up-to-date: /home/cricchetto/Robomaster_WS/install/robomaster_msgs/include/robomaster_msgs/robomaster_msgs/action/detail/move_servo__type_support.cpp\n'}
[3.764842] (robomaster_msgs) StdoutLine: {'line': b'-- Up-to-date: /home/cricchetto/Robomaster_WS/install/robomaster_msgs/include/robomaster_msgs/robomaster_msgs/action/detail/play_sound__type_support.cpp\n'}
[3.765232] (robomaster_msgs) StdoutLine: {'line': b'-- Up-to-date: /home/cricchetto/Robomaster_WS/install/robomaster_msgs/include/robomaster_msgs/robomaster_msgs/action/detail/gripper_control__type_support.cpp\n'}
[3.765736] (robomaster_msgs) StdoutLine: {'line': b'-- Up-to-date: /home/cricchetto/Robomaster_WS/install/robomaster_msgs/include/robomaster_msgs/robomaster_msgs/action/detail/move__rosidl_typesupport_introspection_cpp.hpp\n'}
[3.766207] (robomaster_msgs) StdoutLine: {'line': b'-- Up-to-date: /home/cricchetto/Robomaster_WS/install/robomaster_msgs/include/robomaster_msgs/robomaster_msgs/action/detail/play_sound__rosidl_typesupport_introspection_cpp.hpp\n'}
[3.766592] (robomaster_msgs) StdoutLine: {'line': b'-- Up-to-date: /home/cricchetto/Robomaster_WS/install/robomaster_msgs/include/robomaster_msgs/robomaster_msgs/action/detail/move_gimbal__type_support.cpp\n'}
[3.766971] (robomaster_msgs) StdoutLine: {'line': b'-- Up-to-date: /home/cricchetto/Robomaster_WS/install/robomaster_msgs/include/robomaster_msgs/robomaster_msgs/action/detail/move_gimbal__rosidl_typesupport_introspection_cpp.hpp\n'}
[3.767348] (robomaster_msgs) StdoutLine: {'line': b'-- Up-to-date: /home/cricchetto/Robomaster_WS/install/robomaster_msgs/include/robomaster_msgs/robomaster_msgs/action/detail/move_servo__rosidl_typesupport_introspection_cpp.hpp\n'}
[3.767719] (explore_lite) StdoutLine: {'line': b'[100%] Built target test_explore\n'}
[3.768274] (robomaster_msgs) StdoutLine: {'line': b'-- Up-to-date: /home/cricchetto/Robomaster_WS/install/robomaster_msgs/include/robomaster_msgs/robomaster_msgs/action/detail/recenter_gimbal__rosidl_typesupport_introspection_cpp.hpp\n'}
[3.769305] (robomaster_msgs) StdoutLine: {'line': b'-- Up-to-date: /home/cricchetto/Robomaster_WS/install/robomaster_msgs/include/robomaster_msgs/robomaster_msgs/action/detail/move_arm__type_support.cpp\n'}
[3.770629] (robomaster_msgs) StdoutLine: {'line': b'-- Up-to-date: /home/cricchetto/Robomaster_WS/install/robomaster_msgs/include/robomaster_msgs/robomaster_msgs/action/detail/gripper_control__rosidl_typesupport_introspection_cpp.hpp\n'}
[3.771844] (robomaster_msgs) StdoutLine: {'line': b'-- Up-to-date: /home/cricchetto/Robomaster_WS/install/robomaster_msgs/include/robomaster_msgs/robomaster_msgs/action/detail/move__type_support.cpp\n'}
[3.772853] (robomaster_msgs) StdoutLine: {'line': b'-- Up-to-date: /home/cricchetto/Robomaster_WS/install/robomaster_msgs/include/robomaster_msgs/robomaster_msgs/action/detail/move_arm__rosidl_typesupport_introspection_cpp.hpp\n'}
[3.773317] (robomaster_msgs) StdoutLine: {'line': b'-- Up-to-date: /home/cricchetto/Robomaster_WS/install/robomaster_msgs/include/robomaster_msgs/robomaster_msgs/action/detail/recenter_gimbal__type_support.cpp\n'}
[3.773756] (robomaster_msgs) StdoutLine: {'line': b'-- Up-to-date: /home/cricchetto/Robomaster_WS/install/robomaster_msgs/include/robomaster_msgs/robomaster_msgs/msg\n'}
[3.774466] (robomaster_msgs) StdoutLine: {'line': b'-- Up-to-date: /home/cricchetto/Robomaster_WS/install/robomaster_msgs/include/robomaster_msgs/robomaster_msgs/msg/detail\n'}
[3.774971] (robomaster_msgs) StdoutLine: {'line': b'-- Up-to-date: /home/cricchetto/Robomaster_WS/install/robomaster_msgs/include/robomaster_msgs/robomaster_msgs/msg/detail/blaster_led__rosidl_typesupport_introspection_cpp.hpp\n'}
[3.775449] (robomaster_msgs) StdoutLine: {'line': b'-- Up-to-date: /home/cricchetto/Robomaster_WS/install/robomaster_msgs/include/robomaster_msgs/robomaster_msgs/msg/detail/speaker_command__type_support.cpp\n'}
[3.777058] (robomaster_msgs) StdoutLine: {'line': b'-- Up-to-date: /home/cricchetto/Robomaster_WS/install/robomaster_msgs/include/robomaster_msgs/robomaster_msgs/msg/detail/chassis_status__type_support.cpp\n'}
[3.778147] (robomaster_msgs) StdoutLine: {'line': b'-- Up-to-date: /home/cricchetto/Robomaster_WS/install/robomaster_msgs/include/robomaster_msgs/robomaster_msgs/msg/detail/servo_raw_state__type_support.cpp\n'}
[3.779020] (robomaster_msgs) StdoutLine: {'line': b'-- Up-to-date: /home/cricchetto/Robomaster_WS/install/robomaster_msgs/include/robomaster_msgs/robomaster_msgs/msg/detail/servo_raw_state__rosidl_typesupport_introspection_cpp.hpp\n'}
[3.779689] (robomaster_msgs) StdoutLine: {'line': b'-- Up-to-date: /home/cricchetto/Robomaster_WS/install/robomaster_msgs/include/robomaster_msgs/robomaster_msgs/msg/detail/audio_opus__type_support.cpp\n'}
[3.780547] (robomaster_msgs) StdoutLine: {'line': b'-- Up-to-date: /home/cricchetto/Robomaster_WS/install/robomaster_msgs/include/robomaster_msgs/robomaster_msgs/msg/detail/blaster_led__type_support.cpp\n'}
[3.781078] (robomaster_msgs) StdoutLine: {'line': b'-- Up-to-date: /home/cricchetto/Robomaster_WS/install/robomaster_msgs/include/robomaster_msgs/robomaster_msgs/msg/detail/servo_command__rosidl_typesupport_introspection_cpp.hpp\n'}
[3.781596] (robomaster_msgs) StdoutLine: {'line': b'-- Up-to-date: /home/cricchetto/Robomaster_WS/install/robomaster_msgs/include/robomaster_msgs/robomaster_msgs/msg/detail/sensor_adapter__type_support.cpp\n'}
[3.782094] (robomaster_msgs) StdoutLine: {'line': b'-- Up-to-date: /home/cricchetto/Robomaster_WS/install/robomaster_msgs/include/robomaster_msgs/robomaster_msgs/msg/detail/gimbal_command__rosidl_typesupport_introspection_cpp.hpp\n'}
[3.782585] (robomaster_msgs) StdoutLine: {'line': b'-- Up-to-date: /home/cricchetto/Robomaster_WS/install/robomaster_msgs/include/robomaster_msgs/robomaster_msgs/msg/detail/speaker_command__rosidl_typesupport_introspection_cpp.hpp\n'}
[3.783064] (robomaster_msgs) StdoutLine: {'line': b'-- Up-to-date: /home/cricchetto/Robomaster_WS/install/robomaster_msgs/include/robomaster_msgs/robomaster_msgs/msg/detail/led_effect__type_support.cpp\n'}
[3.783613] (robomaster_msgs) StdoutLine: {'line': b'-- Up-to-date: /home/cricchetto/Robomaster_WS/install/robomaster_msgs/include/robomaster_msgs/robomaster_msgs/msg/detail/servo_command__type_support.cpp\n'}
[3.784688] (robomaster_msgs) StdoutLine: {'line': b'-- Up-to-date: /home/cricchetto/Robomaster_WS/install/robomaster_msgs/include/robomaster_msgs/robomaster_msgs/msg/detail/audio_data__rosidl_typesupport_introspection_cpp.hpp\n'}
[3.786188] (robomaster_msgs) StdoutLine: {'line': b'-- Up-to-date: /home/cricchetto/Robomaster_WS/install/robomaster_msgs/include/robomaster_msgs/robomaster_msgs/msg/detail/gimbal_command__type_support.cpp\n'}
[3.787594] (robomaster_msgs) StdoutLine: {'line': b'-- Up-to-date: /home/cricchetto/Robomaster_WS/install/robomaster_msgs/include/robomaster_msgs/robomaster_msgs/msg/detail/detected_line__type_support.cpp\n'}
[3.788721] (robomaster_msgs) StdoutLine: {'line': b'-- Up-to-date: /home/cricchetto/Robomaster_WS/install/robomaster_msgs/include/robomaster_msgs/robomaster_msgs/msg/detail/led_effect__rosidl_typesupport_introspection_cpp.hpp\n'}
[3.789841] (robomaster_msgs) StdoutLine: {'line': b'-- Up-to-date: /home/cricchetto/Robomaster_WS/install/robomaster_msgs/include/robomaster_msgs/robomaster_msgs/msg/detail/audio_data__type_support.cpp\n'}
[3.790374] (robomaster_msgs) StdoutLine: {'line': b'-- Up-to-date: /home/cricchetto/Robomaster_WS/install/robomaster_msgs/include/robomaster_msgs/robomaster_msgs/msg/detail/gripper_state__type_support.cpp\n'}
[3.790996] (robomaster_msgs) StdoutLine: {'line': b'-- Up-to-date: /home/cricchetto/Robomaster_WS/install/robomaster_msgs/include/robomaster_msgs/robomaster_msgs/msg/detail/audio_opus__rosidl_typesupport_introspection_cpp.hpp\n'}
[3.792536] (robomaster_msgs) StdoutLine: {'line': b'-- Up-to-date: /home/cricchetto/Robomaster_WS/install/robomaster_msgs/include/robomaster_msgs/robomaster_msgs/msg/detail/detected_marker__type_support.cpp\n'}
[3.793536] (robomaster_msgs) StdoutLine: {'line': b'-- Up-to-date: /home/cricchetto/Robomaster_WS/install/robomaster_msgs/include/robomaster_msgs/robomaster_msgs/msg/detail/sensor_adapter__rosidl_typesupport_introspection_cpp.hpp\n'}
[3.794187] (robomaster_msgs) StdoutLine: {'line': b'-- Up-to-date: /home/cricchetto/Robomaster_WS/install/robomaster_msgs/include/robomaster_msgs/robomaster_msgs/msg/detail/pwm__rosidl_typesupport_introspection_cpp.hpp\n'}
[3.794791] (robomaster_msgs) StdoutLine: {'line': b'-- Up-to-date: /home/cricchetto/Robomaster_WS/install/robomaster_msgs/include/robomaster_msgs/robomaster_msgs/msg/detail/mode__rosidl_typesupport_introspection_cpp.hpp\n'}
[3.795337] (robomaster_msgs) StdoutLine: {'line': b'-- Up-to-date: /home/cricchetto/Robomaster_WS/install/robomaster_msgs/include/robomaster_msgs/robomaster_msgs/msg/detail/detected_robot__type_support.cpp\n'}
[3.796088] (robomaster_msgs) StdoutLine: {'line': b'-- Up-to-date: /home/cricchetto/Robomaster_WS/install/robomaster_msgs/include/robomaster_msgs/robomaster_msgs/msg/detail/detected_person__type_support.cpp\n'}
[3.796785] (robomaster_msgs) StdoutLine: {'line': b'-- Up-to-date: /home/cricchetto/Robomaster_WS/install/robomaster_msgs/include/robomaster_msgs/robomaster_msgs/msg/detail/region_of_interest__type_support.cpp\n'}
[3.797357] (robomaster_msgs) StdoutLine: {'line': b'-- Up-to-date: /home/cricchetto/Robomaster_WS/install/robomaster_msgs/include/robomaster_msgs/robomaster_msgs/msg/detail/wheel_speeds__rosidl_typesupport_introspection_cpp.hpp\n'}
[3.797921] (robomaster_msgs) StdoutLine: {'line': b'-- Up-to-date: /home/cricchetto/Robomaster_WS/install/robomaster_msgs/include/robomaster_msgs/robomaster_msgs/msg/detail/armor_hit__rosidl_typesupport_introspection_cpp.hpp\n'}
[3.798455] (robomaster_msgs) StdoutLine: {'line': b'-- Up-to-date: /home/cricchetto/Robomaster_WS/install/robomaster_msgs/include/robomaster_msgs/robomaster_msgs/msg/detail/detected_marker__rosidl_typesupport_introspection_cpp.hpp\n'}
[3.799002] (robomaster_msgs) StdoutLine: {'line': b'-- Up-to-date: /home/cricchetto/Robomaster_WS/install/robomaster_msgs/include/robomaster_msgs/robomaster_msgs/msg/detail/region_of_interest__rosidl_typesupport_introspection_cpp.hpp\n'}
[3.799560] (robomaster_msgs) StdoutLine: {'line': b'-- Up-to-date: /home/cricchetto/Robomaster_WS/install/robomaster_msgs/include/robomaster_msgs/robomaster_msgs/msg/detail/detection__type_support.cpp\n'}
[3.800381] (robomaster_msgs) StdoutLine: {'line': b'-- Up-to-date: /home/cricchetto/Robomaster_WS/install/robomaster_msgs/include/robomaster_msgs/robomaster_msgs/msg/detail/s_bus__rosidl_typesupport_introspection_cpp.hpp\n'}
[3.800937] (robomaster_msgs) StdoutLine: {'line': b'-- Up-to-date: /home/cricchetto/Robomaster_WS/install/robomaster_msgs/include/robomaster_msgs/robomaster_msgs/msg/detail/chassis_status__rosidl_typesupport_introspection_cpp.hpp\n'}
[3.801381] (robomaster_msgs) StdoutLine: {'line': b'-- Up-to-date: /home/cricchetto/Robomaster_WS/install/robomaster_msgs/include/robomaster_msgs/robomaster_msgs/msg/detail/camera_config__rosidl_typesupport_introspection_cpp.hpp\n'}
[3.801840] (robomaster_msgs) StdoutLine: {'line': b'-- Up-to-date: /home/cricchetto/Robomaster_WS/install/robomaster_msgs/include/robomaster_msgs/robomaster_msgs/msg/detail/detected_line__rosidl_typesupport_introspection_cpp.hpp\n'}
[3.802274] (robomaster_msgs) StdoutLine: {'line': b'-- Up-to-date: /home/cricchetto/Robomaster_WS/install/robomaster_msgs/include/robomaster_msgs/robomaster_msgs/msg/detail/detected_gesture__rosidl_typesupport_introspection_cpp.hpp\n'}
[3.802796] (robomaster_msgs) StdoutLine: {'line': b'-- Up-to-date: /home/cricchetto/Robomaster_WS/install/robomaster_msgs/include/robomaster_msgs/robomaster_msgs/msg/detail/s_bus__type_support.cpp\n'}
[3.803408] (robomaster_msgs) StdoutLine: {'line': b'-- Up-to-date: /home/cricchetto/Robomaster_WS/install/robomaster_msgs/include/robomaster_msgs/robomaster_msgs/msg/detail/audio_level__rosidl_typesupport_introspection_cpp.hpp\n'}
[3.804048] (robomaster_msgs) StdoutLine: {'line': b'-- Up-to-date: /home/cricchetto/Robomaster_WS/install/robomaster_msgs/include/robomaster_msgs/robomaster_msgs/msg/detail/mode__type_support.cpp\n'}
[3.804735] (robomaster_msgs) StdoutLine: {'line': b'-- Up-to-date: /home/cricchetto/Robomaster_WS/install/robomaster_msgs/include/robomaster_msgs/robomaster_msgs/msg/detail/armor_hit__type_support.cpp\n'}
[3.805199] (robomaster_msgs) StdoutLine: {'line': b'-- Up-to-date: /home/cricchetto/Robomaster_WS/install/robomaster_msgs/include/robomaster_msgs/robomaster_msgs/msg/detail/gripper_state__rosidl_typesupport_introspection_cpp.hpp\n'}
[3.805711] (robomaster_msgs) StdoutLine: {'line': b'-- Up-to-date: /home/cricchetto/Robomaster_WS/install/robomaster_msgs/include/robomaster_msgs/robomaster_msgs/msg/detail/h264_packet__rosidl_typesupport_introspection_cpp.hpp\n'}
[3.806225] (robomaster_msgs) StdoutLine: {'line': b'-- Up-to-date: /home/cricchetto/Robomaster_WS/install/robomaster_msgs/include/robomaster_msgs/robomaster_msgs/msg/detail/h264_packet__type_support.cpp\n'}
[3.806683] (robomaster_msgs) StdoutLine: {'line': b'-- Up-to-date: /home/cricchetto/Robomaster_WS/install/robomaster_msgs/include/robomaster_msgs/robomaster_msgs/msg/detail/detected_person__rosidl_typesupport_introspection_cpp.hpp\n'}
[3.807220] (robomaster_msgs) StdoutLine: {'line': b'-- Up-to-date: /home/cricchetto/Robomaster_WS/install/robomaster_msgs/include/robomaster_msgs/robomaster_msgs/msg/detail/serial__type_support.cpp\n'}
[3.807746] (robomaster_msgs) StdoutLine: {'line': b'-- Up-to-date: /home/cricchetto/Robomaster_WS/install/robomaster_msgs/include/robomaster_msgs/robomaster_msgs/msg/detail/audio_level__type_support.cpp\n'}
[3.829548] (robomaster_msgs) StdoutLine: {'line': b'-- Up-to-date: /home/cricchetto/Robomaster_WS/install/robomaster_msgs/include/robomaster_msgs/robomaster_msgs/msg/detail/pwm__type_support.cpp\n'}
[3.830154] (robomaster_msgs) StdoutLine: {'line': b'-- Up-to-date: /home/cricchetto/Robomaster_WS/install/robomaster_msgs/include/robomaster_msgs/robomaster_msgs/msg/detail/camera_config__type_support.cpp\n'}
[3.830640] (robomaster_msgs) StdoutLine: {'line': b'-- Up-to-date: /home/cricchetto/Robomaster_WS/install/robomaster_msgs/include/robomaster_msgs/robomaster_msgs/msg/detail/wheel_speeds__type_support.cpp\n'}
[3.831343] (robomaster_msgs) StdoutLine: {'line': b'-- Up-to-date: /home/cricchetto/Robomaster_WS/install/robomaster_msgs/include/robomaster_msgs/robomaster_msgs/msg/detail/detected_robot__rosidl_typesupport_introspection_cpp.hpp\n'}
[3.832136] (robomaster_msgs) StdoutLine: {'line': b'-- Up-to-date: /home/cricchetto/Robomaster_WS/install/robomaster_msgs/include/robomaster_msgs/robomaster_msgs/msg/detail/detection__rosidl_typesupport_introspection_cpp.hpp\n'}
[3.832764] (robomaster_msgs) StdoutLine: {'line': b'-- Up-to-date: /home/cricchetto/Robomaster_WS/install/robomaster_msgs/include/robomaster_msgs/robomaster_msgs/msg/detail/serial__rosidl_typesupport_introspection_cpp.hpp\n'}
[3.833398] (robomaster_msgs) StdoutLine: {'line': b'-- Up-to-date: /home/cricchetto/Robomaster_WS/install/robomaster_msgs/include/robomaster_msgs/robomaster_msgs/msg/detail/detected_gesture__type_support.cpp\n'}
[3.834094] (robomaster_msgs) StdoutLine: {'line': b'-- Up-to-date: /home/cricchetto/Robomaster_WS/install/robomaster_msgs/include/robomaster_msgs/robomaster_msgs/srv\n'}
[3.834684] (robomaster_msgs) StdoutLine: {'line': b'-- Up-to-date: /home/cricchetto/Robomaster_WS/install/robomaster_msgs/include/robomaster_msgs/robomaster_msgs/srv/detail\n'}
[3.835154] (robomaster_msgs) StdoutLine: {'line': b'-- Up-to-date: /home/cricchetto/Robomaster_WS/install/robomaster_msgs/include/robomaster_msgs/robomaster_msgs/srv/detail/get_adc__rosidl_typesupport_introspection_cpp.hpp\n'}
[3.835703] (robomaster_msgs) StdoutLine: {'line': b'-- Up-to-date: /home/cricchetto/Robomaster_WS/install/robomaster_msgs/include/robomaster_msgs/robomaster_msgs/srv/detail/get_adc__type_support.cpp\n'}
[3.836464] (robomaster_msgs) StdoutLine: {'line': b'-- Up-to-date: /home/cricchetto/Robomaster_WS/install/robomaster_msgs/include/robomaster_msgs/robomaster_msgs/srv/detail/get_servo_angle__type_support.cpp\n'}
[3.837196] (robomaster_msgs) StdoutLine: {'line': b'-- Up-to-date: /home/cricchetto/Robomaster_WS/install/robomaster_msgs/include/robomaster_msgs/robomaster_msgs/srv/detail/get_pulse__rosidl_typesupport_introspection_cpp.hpp\n'}
[3.837939] (robomaster_msgs) StdoutLine: {'line': b'-- Up-to-date: /home/cricchetto/Robomaster_WS/install/robomaster_msgs/include/robomaster_msgs/robomaster_msgs/srv/detail/get_servo_angle__rosidl_typesupport_introspection_cpp.hpp\n'}
[3.839350] (robomaster_msgs) StdoutLine: {'line': b'-- Up-to-date: /home/cricchetto/Robomaster_WS/install/robomaster_msgs/include/robomaster_msgs/robomaster_msgs/srv/detail/get_pulse__type_support.cpp\n'}
[3.841365] (robomaster_msgs) StdoutLine: {'line': b'-- Up-to-date: /home/cricchetto/Robomaster_WS/install/robomaster_msgs/include/robomaster_msgs/robomaster_msgs/srv/detail/get_io__type_support.cpp\n'}
[3.842941] (robomaster_msgs) StdoutLine: {'line': b'-- Up-to-date: /home/cricchetto/Robomaster_WS/install/robomaster_msgs/include/robomaster_msgs/robomaster_msgs/srv/detail/get_io__rosidl_typesupport_introspection_cpp.hpp\n'}
[3.844086] (robomaster_msgs) StdoutLine: {'line': b'-- Up-to-date: /home/cricchetto/Robomaster_WS/install/robomaster_msgs/lib/librobomaster_msgs__rosidl_typesupport_introspection_cpp.so\n'}
[3.866893] (-) TimerEvent: {}
[3.872602] (robomaster_msgs) StdoutLine: {'line': b'-- Up-to-date: /home/cricchetto/Robomaster_WS/install/robomaster_msgs/lib/librobomaster_msgs__rosidl_typesupport_cpp.so\n'}
[3.873305] (robomaster_msgs) StdoutLine: {'line': b'-- Up-to-date: /home/cricchetto/Robomaster_WS/install/robomaster_msgs/share/robomaster_msgs/environment/pythonpath.sh\n'}
[3.873855] (robomaster_msgs) StdoutLine: {'line': b'-- Up-to-date: /home/cricchetto/Robomaster_WS/install/robomaster_msgs/share/robomaster_msgs/environment/pythonpath.dsv\n'}
[3.874409] (robomaster_msgs) StdoutLine: {'line': b'-- Up-to-date: /home/cricchetto/Robomaster_WS/install/robomaster_msgs/local/lib/python3.10/dist-packages/robomaster_msgs-0.2.0-py3.10.egg-info\n'}
[3.874971] (robomaster_msgs) StdoutLine: {'line': b'-- Installing: /home/cricchetto/Robomaster_WS/install/robomaster_msgs/local/lib/python3.10/dist-packages/robomaster_msgs-0.2.0-py3.10.egg-info/PKG-INFO\n'}
[3.875707] (robomaster_msgs) StdoutLine: {'line': b'-- Installing: /home/cricchetto/Robomaster_WS/install/robomaster_msgs/local/lib/python3.10/dist-packages/robomaster_msgs-0.2.0-py3.10.egg-info/top_level.txt\n'}
[3.876366] (robomaster_msgs) StdoutLine: {'line': b'-- Installing: /home/cricchetto/Robomaster_WS/install/robomaster_msgs/local/lib/python3.10/dist-packages/robomaster_msgs-0.2.0-py3.10.egg-info/SOURCES.txt\n'}
[3.876942] (robomaster_msgs) StdoutLine: {'line': b'-- Installing: /home/cricchetto/Robomaster_WS/install/robomaster_msgs/local/lib/python3.10/dist-packages/robomaster_msgs-0.2.0-py3.10.egg-info/dependency_links.txt\n'}
[3.877525] (robomaster_msgs) StdoutLine: {'line': b'-- Up-to-date: /home/cricchetto/Robomaster_WS/install/robomaster_msgs/local/lib/python3.10/dist-packages/robomaster_msgs\n'}
[3.878038] (robomaster_msgs) StdoutLine: {'line': b'-- Up-to-date: /home/cricchetto/Robomaster_WS/install/robomaster_msgs/local/lib/python3.10/dist-packages/robomaster_msgs/_robomaster_msgs_s.ep.rosidl_typesupport_fastrtps_c.c\n'}
[3.878637] (robomaster_msgs) StdoutLine: {'line': b'-- Up-to-date: /home/cricchetto/Robomaster_WS/install/robomaster_msgs/local/lib/python3.10/dist-packages/robomaster_msgs/__init__.py\n'}
[3.879377] (robomaster_msgs) StdoutLine: {'line': b'-- Up-to-date: /home/cricchetto/Robomaster_WS/install/robomaster_msgs/local/lib/python3.10/dist-packages/robomaster_msgs/librobomaster_msgs__rosidl_generator_py.so\n'}
[3.880160] (robomaster_msgs) StdoutLine: {'line': b'-- Up-to-date: /home/cricchetto/Robomaster_WS/install/robomaster_msgs/local/lib/python3.10/dist-packages/robomaster_msgs/_robomaster_msgs_s.ep.rosidl_typesupport_c.c\n'}
[3.899174] (robomaster_msgs) StdoutLine: {'line': b'-- Up-to-date: /home/cricchetto/Robomaster_WS/install/robomaster_msgs/local/lib/python3.10/dist-packages/robomaster_msgs/action\n'}
[3.900161] (robomaster_msgs) StdoutLine: {'line': b'-- Up-to-date: /home/cricchetto/Robomaster_WS/install/robomaster_msgs/local/lib/python3.10/dist-packages/robomaster_msgs/action/_recenter_gimbal.py\n'}
[3.900931] (robomaster_msgs) StdoutLine: {'line': b'-- Up-to-date: /home/cricchetto/Robomaster_WS/install/robomaster_msgs/local/lib/python3.10/dist-packages/robomaster_msgs/action/__init__.py\n'}
[3.902638] (robomaster_msgs) StdoutLine: {'line': b'-- Up-to-date: /home/cricchetto/Robomaster_WS/install/robomaster_msgs/local/lib/python3.10/dist-packages/robomaster_msgs/action/_gripper_control.py\n'}
[3.908160] (robomaster_msgs) StdoutLine: {'line': b'-- Up-to-date: /home/cricchetto/Robomaster_WS/install/robomaster_msgs/local/lib/python3.10/dist-packages/robomaster_msgs/action/_move_s.c\n'}
[3.909070] (robomaster_msgs) StdoutLine: {'line': b'-- Up-to-date: /home/cricchetto/Robomaster_WS/install/robomaster_msgs/local/lib/python3.10/dist-packages/robomaster_msgs/action/_move_gimbal_s.c\n'}
[3.910506] (robomaster_msgs) StdoutLine: {'line': b'-- Up-to-date: /home/cricchetto/Robomaster_WS/install/robomaster_msgs/local/lib/python3.10/dist-packages/robomaster_msgs/action/_recenter_gimbal_s.c\n'}
[3.911854] (robomaster_msgs) StdoutLine: {'line': b'-- Up-to-date: /home/cricchetto/Robomaster_WS/install/robomaster_msgs/local/lib/python3.10/dist-packages/robomaster_msgs/action/_play_sound.py\n'}
[3.915606] (robomaster_msgs) StdoutLine: {'line': b'-- Up-to-date: /home/cricchetto/Robomaster_WS/install/robomaster_msgs/local/lib/python3.10/dist-packages/robomaster_msgs/action/_move_servo.py\n'}
[3.916489] (robomaster_msgs) StdoutLine: {'line': b'-- Up-to-date: /home/cricchetto/Robomaster_WS/install/robomaster_msgs/local/lib/python3.10/dist-packages/robomaster_msgs/action/_gripper_control_s.c\n'}
[3.917836] (robomaster_msgs) StdoutLine: {'line': b'-- Up-to-date: /home/cricchetto/Robomaster_WS/install/robomaster_msgs/local/lib/python3.10/dist-packages/robomaster_msgs/action/_move.py\n'}
[3.919113] (robomaster_msgs) StdoutLine: {'line': b'-- Up-to-date: /home/cricchetto/Robomaster_WS/install/robomaster_msgs/local/lib/python3.10/dist-packages/robomaster_msgs/action/_move_arm_s.c\n'}
[3.922520] (robomaster_msgs) StdoutLine: {'line': b'-- Up-to-date: /home/cricchetto/Robomaster_WS/install/robomaster_msgs/local/lib/python3.10/dist-packages/robomaster_msgs/action/_move_gimbal.py\n'}
[3.923797] (robomaster_msgs) StdoutLine: {'line': b'-- Up-to-date: /home/cricchetto/Robomaster_WS/install/robomaster_msgs/local/lib/python3.10/dist-packages/robomaster_msgs/action/_move_servo_s.c\n'}
[3.925562] (robomaster_msgs) StdoutLine: {'line': b'-- Up-to-date: /home/cricchetto/Robomaster_WS/install/robomaster_msgs/local/lib/python3.10/dist-packages/robomaster_msgs/action/_move_arm.py\n'}
[3.926378] (robomaster_msgs) StdoutLine: {'line': b'-- Up-to-date: /home/cricchetto/Robomaster_WS/install/robomaster_msgs/local/lib/python3.10/dist-packages/robomaster_msgs/action/_play_sound_s.c\n'}
[3.927031] (robomaster_msgs) StdoutLine: {'line': b'-- Up-to-date: /home/cricchetto/Robomaster_WS/install/robomaster_msgs/local/lib/python3.10/dist-packages/robomaster_msgs/_robomaster_msgs_s.ep.rosidl_typesupport_introspection_c.c\n'}
[3.928024] (robomaster_msgs) StdoutLine: {'line': b'-- Up-to-date: /home/cricchetto/Robomaster_WS/install/robomaster_msgs/local/lib/python3.10/dist-packages/robomaster_msgs/msg\n'}
[3.928664] (robomaster_msgs) StdoutLine: {'line': b'-- Up-to-date: /home/cricchetto/Robomaster_WS/install/robomaster_msgs/local/lib/python3.10/dist-packages/robomaster_msgs/msg/_chassis_status.py\n'}
[3.929497] (robomaster_msgs) StdoutLine: {'line': b'-- Up-to-date: /home/cricchetto/Robomaster_WS/install/robomaster_msgs/local/lib/python3.10/dist-packages/robomaster_msgs/msg/_audio_level_s.c\n'}
[3.930270] (robomaster_msgs) StdoutLine: {'line': b'-- Up-to-date: /home/cricchetto/Robomaster_WS/install/robomaster_msgs/local/lib/python3.10/dist-packages/robomaster_msgs/msg/_chassis_status_s.c\n'}
[3.940854] (robomaster_msgs) StdoutLine: {'line': b'-- Up-to-date: /home/cricchetto/Robomaster_WS/install/robomaster_msgs/local/lib/python3.10/dist-packages/robomaster_msgs/msg/_s_bus_s.c\n'}
[3.942843] (robomaster_msgs) StdoutLine: {'line': b'-- Up-to-date: /home/cricchetto/Robomaster_WS/install/robomaster_msgs/local/lib/python3.10/dist-packages/robomaster_msgs/msg/_led_effect.py\n'}
[3.943501] (robomaster_msgs) StdoutLine: {'line': b'-- Up-to-date: /home/cricchetto/Robomaster_WS/install/robomaster_msgs/local/lib/python3.10/dist-packages/robomaster_msgs/msg/_region_of_interest_s.c\n'}
[3.944450] (robomaster_msgs) StdoutLine: {'line': b'-- Up-to-date: /home/cricchetto/Robomaster_WS/install/robomaster_msgs/local/lib/python3.10/dist-packages/robomaster_msgs/msg/_h264_packet_s.c\n'}
[3.949996] (robomaster_msgs) StdoutLine: {'line': b'-- Up-to-date: /home/cricchetto/Robomaster_WS/install/robomaster_msgs/local/lib/python3.10/dist-packages/robomaster_msgs/msg/_audio_opus.py\n'}
[3.951153] (robomaster_msgs) StdoutLine: {'line': b'-- Up-to-date: /home/cricchetto/Robomaster_WS/install/robomaster_msgs/local/lib/python3.10/dist-packages/robomaster_msgs/msg/__init__.py\n'}
[3.953383] (robomaster_msgs) StdoutLine: {'line': b'-- Up-to-date: /home/cricchetto/Robomaster_WS/install/robomaster_msgs/local/lib/python3.10/dist-packages/robomaster_msgs/msg/_gripper_state.py\n'}
[3.954107] (robomaster_msgs) StdoutLine: {'line': b'-- Up-to-date: /home/cricchetto/Robomaster_WS/install/robomaster_msgs/local/lib/python3.10/dist-packages/robomaster_msgs/msg/_detected_robot.py\n'}
[3.954690] (robomaster_msgs) StdoutLine: {'line': b'-- Up-to-date: /home/cricchetto/Robomaster_WS/install/robomaster_msgs/local/lib/python3.10/dist-packages/robomaster_msgs/msg/_s_bus.py\n'}
[3.955138] (robomaster_msgs) StdoutLine: {'line': b'-- Up-to-date: /home/cricchetto/Robomaster_WS/install/robomaster_msgs/local/lib/python3.10/dist-packages/robomaster_msgs/msg/_blaster_led.py\n'}
[3.955603] (robomaster_msgs) StdoutLine: {'line': b'-- Up-to-date: /home/cricchetto/Robomaster_WS/install/robomaster_msgs/local/lib/python3.10/dist-packages/robomaster_msgs/msg/_pwm_s.c\n'}
[3.956121] (robomaster_msgs) StdoutLine: {'line': b'-- Up-to-date: /home/cricchetto/Robomaster_WS/install/robomaster_msgs/local/lib/python3.10/dist-packages/robomaster_msgs/msg/_h264_packet.py\n'}
[3.956662] (robomaster_msgs) StdoutLine: {'line': b'-- Up-to-date: /home/cricchetto/Robomaster_WS/install/robomaster_msgs/local/lib/python3.10/dist-packages/robomaster_msgs/msg/_gimbal_command_s.c\n'}
[3.957192] (robomaster_msgs) StdoutLine: {'line': b'-- Up-to-date: /home/cricchetto/Robomaster_WS/install/robomaster_msgs/local/lib/python3.10/dist-packages/robomaster_msgs/msg/_detected_gesture.py\n'}
[3.957738] (robomaster_msgs) StdoutLine: {'line': b'-- Up-to-date: /home/cricchetto/Robomaster_WS/install/robomaster_msgs/local/lib/python3.10/dist-packages/robomaster_msgs/msg/_armor_hit.py\n'}
[3.958265] (robomaster_msgs) StdoutLine: {'line': b'-- Up-to-date: /home/cricchetto/Robomaster_WS/install/robomaster_msgs/local/lib/python3.10/dist-packages/robomaster_msgs/msg/_led_effect_s.c\n'}
[3.958813] (robomaster_msgs) StdoutLine: {'line': b'-- Up-to-date: /home/cricchetto/Robomaster_WS/install/robomaster_msgs/local/lib/python3.10/dist-packages/robomaster_msgs/msg/_pwm.py\n'}
[3.959326] (robomaster_msgs) StdoutLine: {'line': b'-- Up-to-date: /home/cricchetto/Robomaster_WS/install/robomaster_msgs/local/lib/python3.10/dist-packages/robomaster_msgs/msg/_servo_command.py\n'}
[3.959809] (robomaster_msgs) StdoutLine: {'line': b'-- Up-to-date: /home/cricchetto/Robomaster_WS/install/robomaster_msgs/local/lib/python3.10/dist-packages/robomaster_msgs/msg/_detected_person.py\n'}
[3.960371] (robomaster_msgs) StdoutLine: {'line': b'-- Up-to-date: /home/cricchetto/Robomaster_WS/install/robomaster_msgs/local/lib/python3.10/dist-packages/robomaster_msgs/msg/_wheel_speeds.py\n'}
[3.960866] (robomaster_msgs) StdoutLine: {'line': b'-- Up-to-date: /home/cricchetto/Robomaster_WS/install/robomaster_msgs/local/lib/python3.10/dist-packages/robomaster_msgs/msg/_audio_data_s.c\n'}
[3.961417] (robomaster_msgs) StdoutLine: {'line': b'-- Up-to-date: /home/cricchetto/Robomaster_WS/install/robomaster_msgs/local/lib/python3.10/dist-packages/robomaster_msgs/msg/_mode.py\n'}
[3.961906] (robomaster_msgs) StdoutLine: {'line': b'-- Up-to-date: /home/cricchetto/Robomaster_WS/install/robomaster_msgs/local/lib/python3.10/dist-packages/robomaster_msgs/msg/_detected_marker_s.c\n'}
[3.962365] (robomaster_msgs) StdoutLine: {'line': b'-- Up-to-date: /home/cricchetto/Robomaster_WS/install/robomaster_msgs/local/lib/python3.10/dist-packages/robomaster_msgs/msg/_audio_data.py\n'}
[3.962830] (robomaster_msgs) StdoutLine: {'line': b'-- Up-to-date: /home/cricchetto/Robomaster_WS/install/robomaster_msgs/local/lib/python3.10/dist-packages/robomaster_msgs/msg/_gimbal_command.py\n'}
[3.963291] (robomaster_msgs) StdoutLine: {'line': b'-- Up-to-date: /home/cricchetto/Robomaster_WS/install/robomaster_msgs/local/lib/python3.10/dist-packages/robomaster_msgs/msg/_speaker_command_s.c\n'}
[3.963754] (robomaster_msgs) StdoutLine: {'line': b'-- Up-to-date: /home/cricchetto/Robomaster_WS/install/robomaster_msgs/local/lib/python3.10/dist-packages/robomaster_msgs/msg/_detected_marker.py\n'}
[3.964408] (explore_lite) CommandEnded: {'returncode': 0}
[3.965749] (robomaster_msgs) StdoutLine: {'line': b'-- Up-to-date: /home/cricchetto/Robomaster_WS/install/robomaster_msgs/local/lib/python3.10/dist-packages/robomaster_msgs/msg/_detected_person_s.c\n'}
[3.966365] (robomaster_msgs) StdoutLine: {'line': b'-- Up-to-date: /home/cricchetto/Robomaster_WS/install/robomaster_msgs/local/lib/python3.10/dist-packages/robomaster_msgs/msg/_blaster_led_s.c\n'}
[3.985817] (-) TimerEvent: {}
[3.991837] (robomaster_msgs) StdoutLine: {'line': b'-- Up-to-date: /home/cricchetto/Robomaster_WS/install/robomaster_msgs/local/lib/python3.10/dist-packages/robomaster_msgs/msg/_gripper_state_s.c\n'}
[3.993205] (robomaster_msgs) StdoutLine: {'line': b'-- Up-to-date: /home/cricchetto/Robomaster_WS/install/robomaster_msgs/local/lib/python3.10/dist-packages/robomaster_msgs/msg/_camera_config.py\n'}
[3.994144] (explore_lite) JobProgress: {'identifier': 'explore_lite', 'progress': 'install'}
[3.994431] (robomaster_msgs) StdoutLine: {'line': b'-- Up-to-date: /home/cricchetto/Robomaster_WS/install/robomaster_msgs/local/lib/python3.10/dist-packages/robomaster_msgs/msg/_armor_hit_s.c\n'}
[3.995323] (robomaster_msgs) StdoutLine: {'line': b'-- Up-to-date: /home/cricchetto/Robomaster_WS/install/robomaster_msgs/local/lib/python3.10/dist-packages/robomaster_msgs/msg/_serial.py\n'}
[3.996675] (explore_lite) Command: {'cmd': ['/usr/bin/cmake', '--install', '/home/cricchetto/Robomaster_WS/build/explore_lite'], 'cwd': '/home/cricchetto/Robomaster_WS/build/explore_lite', 'env': OrderedDict([('LESSOPEN', '| /usr/bin/lesspipe %s'), ('USER', 'cricchetto'), ('SSH_CLIENT', '172.18.147.201 48990 22'), ('LC_TIME', 'es_AR.UTF-8'), ('XDG_SESSION_TYPE', 'tty'), ('SHLVL', '2'), ('LD_LIBRARY_PATH', '/home/cricchetto/Robomaster_WS/install/robomaster_msgs/lib:/home/cricchetto/Robomaster_WS/install/multirobot_map_merge/lib:/opt/ros/humble/opt/rviz_ogre_vendor/lib:/opt/ros/humble/lib/aarch64-linux-gnu:/opt/ros/humble/lib'), ('MOTD_SHOWN', 'pam'), ('HOME', '/home/cricchetto'), ('OLDPWD', '/home/cricchetto'), ('SSH_TTY', '/dev/pts/0'), ('ROS_PYTHON_VERSION', '3'), ('LC_MONETARY', 'es_AR.UTF-8'), ('DBUS_SESSION_BUS_ADDRESS', 'unix:path=/run/user/1000/bus'), ('COLCON_PREFIX_PATH', '/home/cricchetto/Robomaster_WS/install'), ('ROS_DISTRO', 'humble'), ('LOGNAME', 'cricchetto'), ('_', '/usr/bin/colcon'), ('ROS_VERSION', '2'), ('XDG_SESSION_CLASS', 'user'), ('TERM', 'xterm-256color'), ('XDG_SESSION_ID', '1'), ('ROS_LOCALHOST_ONLY', '0'), ('PATH', '/home/cricchetto/.local/bin:/opt/ros/humble/bin:/usr/local/sbin:/usr/local/bin:/usr/sbin:/usr/bin:/sbin:/bin:/usr/games:/usr/local/games:/snap/bin:/home/cricchettoSD/.local/bin'), ('LC_ADDRESS', 'es_AR.UTF-8'), ('XDG_RUNTIME_DIR', '/run/user/1000'), ('DISPLAY', 'localhost:10.0'), ('LANG', 'en_US.UTF-8'), ('LC_TELEPHONE', 'es_AR.UTF-8'), ('LS_COLORS', 'rs=0:di=01;34:ln=01;36:mh=00:pi=40;33:so=01;35:do=01;35:bd=40;33;01:cd=40;33;01:or=40;31;01:mi=00:su=37;41:sg=30;43:ca=30;41:tw=30;42:ow=34;42:st=37;44:ex=01;32:*.tar=01;31:*.tgz=01;31:*.arc=01;31:*.arj=01;31:*.taz=01;31:*.lha=01;31:*.lz4=01;31:*.lzh=01;31:*.lzma=01;31:*.tlz=01;31:*.txz=01;31:*.tzo=01;31:*.t7z=01;31:*.zip=01;31:*.z=01;31:*.dz=01;31:*.gz=01;31:*.lrz=01;31:*.lz=01;31:*.lzo=01;31:*.xz=01;31:*.zst=01;31:*.tzst=01;31:*.bz2=01;31:*.bz=01;31:*.tbz=01;31:*.tbz2=01;31:*.tz=01;31:*.deb=01;31:*.rpm=01;31:*.jar=01;31:*.war=01;31:*.ear=01;31:*.sar=01;31:*.rar=01;31:*.alz=01;31:*.ace=01;31:*.zoo=01;31:*.cpio=01;31:*.7z=01;31:*.rz=01;31:*.cab=01;31:*.wim=01;31:*.swm=01;31:*.dwm=01;31:*.esd=01;31:*.jpg=01;35:*.jpeg=01;35:*.mjpg=01;35:*.mjpeg=01;35:*.gif=01;35:*.bmp=01;35:*.pbm=01;35:*.pgm=01;35:*.ppm=01;35:*.tga=01;35:*.xbm=01;35:*.xpm=01;35:*.tif=01;35:*.tiff=01;35:*.png=01;35:*.svg=01;35:*.svgz=01;35:*.mng=01;35:*.pcx=01;35:*.mov=01;35:*.mpg=01;35:*.mpeg=01;35:*.m2v=01;35:*.mkv=01;35:*.webm=01;35:*.webp=01;35:*.ogm=01;35:*.mp4=01;35:*.m4v=01;35:*.mp4v=01;35:*.vob=01;35:*.qt=01;35:*.nuv=01;35:*.wmv=01;35:*.asf=01;35:*.rm=01;35:*.rmvb=01;35:*.flc=01;35:*.avi=01;35:*.fli=01;35:*.flv=01;35:*.gl=01;35:*.dl=01;35:*.xcf=01;35:*.xwd=01;35:*.yuv=01;35:*.cgm=01;35:*.emf=01;35:*.ogv=01;35:*.ogx=01;35:*.aac=00;36:*.au=00;36:*.flac=00;36:*.m4a=00;36:*.mid=00;36:*.midi=00;36:*.mka=00;36:*.mp3=00;36:*.mpc=00;36:*.ogg=00;36:*.ra=00;36:*.wav=00;36:*.oga=00;36:*.opus=00;36:*.spx=00;36:*.xspf=00;36:'), ('AMENT_PREFIX_PATH', '/home/cricchetto/Robomaster_WS/install/sllidar_ros2:/home/cricchetto/Robomaster_WS/install/robomaster_ros:/home/cricchetto/Robomaster_WS/install/robomaster_msgs:/home/cricchetto/Robomaster_WS/install/robomaster_description:/home/cricchetto/Robomaster_WS/install/multirobot_map_merge:/home/cricchetto/Robomaster_WS/install/explore_lite:/home/cricchetto/Robomaster_WS/install/ep_control:/home/cricchetto/Robomaster_WS/install/drift:/opt/ros/humble'), ('SHELL', '/bin/bash'), ('LC_NAME', 'es_AR.UTF-8'), ('LESSCLOSE', '/usr/bin/lesspipe %s %s'), ('LC_MEASUREMENT', 'es_AR.UTF-8'), ('LC_IDENTIFICATION', 'es_AR.UTF-8'), ('PWD', '/home/cricchetto/Robomaster_WS/build/explore_lite'), ('LC_ALL', 'en_US.UTF-8'), ('SSH_CONNECTION', '172.18.147.201 48990 172.18.147.143 22'), ('PYTHONPATH', '/home/cricchetto/Robomaster_WS/install/robomaster_ros/lib/python3.10/site-packages:/home/cricchetto/Robomaster_WS/install/robomaster_msgs/local/lib/python3.10/dist-packages:/home/cricchetto/Robomaster_WS/install/ep_control/lib/python3.10/site-packages:/home/cricchetto/Robomaster_WS/install/drift/lib/python3.10/site-packages:/opt/ros/humble/lib/python3.10/site-packages:/opt/ros/humble/local/lib/python3.10/dist-packages'), ('LC_NUMERIC', 'es_AR.UTF-8'), ('LC_PAPER', 'es_AR.UTF-8'), ('COLCON', '1'), ('CMAKE_PREFIX_PATH', '/home/cricchetto/Robomaster_WS/install/sllidar_ros2:/home/cricchetto/Robomaster_WS/install/robomaster_msgs:/home/cricchetto/Robomaster_WS/install/robomaster_description:/home/cricchetto/Robomaster_WS/install/multirobot_map_merge:/home/cricchetto/Robomaster_WS/install/explore_lite:/home/cricchetto/Robomaster_WS/install/robomaster_ros:/home/cricchetto/Robomaster_WS/install/ep_control:/home/cricchetto/Robomaster_WS/install/drift:/opt/ros/humble')]), 'shell': False}
[3.999776] (robomaster_msgs) StdoutLine: {'line': b'-- Up-to-date: /home/cricchetto/Robomaster_WS/install/robomaster_msgs/local/lib/python3.10/dist-packages/robomaster_msgs/msg/_wheel_speeds_s.c\n'}
[4.008883] (robomaster_msgs) StdoutLine: {'line': b'-- Up-to-date: /home/cricchetto/Robomaster_WS/install/robomaster_msgs/local/lib/python3.10/dist-packages/robomaster_msgs/msg/_serial_s.c\n'}
[4.009672] (robomaster_msgs) StdoutLine: {'line': b'-- Up-to-date: /home/cricchetto/Robomaster_WS/install/robomaster_msgs/local/lib/python3.10/dist-packages/robomaster_msgs/msg/_region_of_interest.py\n'}
[4.010620] (robomaster_msgs) StdoutLine: {'line': b'-- Up-to-date: /home/cricchetto/Robomaster_WS/install/robomaster_msgs/local/lib/python3.10/dist-packages/robomaster_msgs/msg/_audio_opus_s.c\n'}
[4.011605] (robomaster_msgs) StdoutLine: {'line': b'-- Up-to-date: /home/cricchetto/Robomaster_WS/install/robomaster_msgs/local/lib/python3.10/dist-packages/robomaster_msgs/msg/_servo_command_s.c\n'}
[4.012682] (robomaster_msgs) StdoutLine: {'line': b'-- Up-to-date: /home/cricchetto/Robomaster_WS/install/robomaster_msgs/local/lib/python3.10/dist-packages/robomaster_msgs/msg/_mode_s.c\n'}
[4.013729] (robomaster_msgs) StdoutLine: {'line': b'-- Up-to-date: /home/cricchetto/Robomaster_WS/install/robomaster_msgs/local/lib/python3.10/dist-packages/robomaster_msgs/msg/_speaker_command.py\n'}
[4.015118] (robomaster_msgs) StdoutLine: {'line': b'-- Up-to-date: /home/cricchetto/Robomaster_WS/install/robomaster_msgs/local/lib/python3.10/dist-packages/robomaster_msgs/msg/_detection.py\n'}
[4.020524] (robomaster_msgs) StdoutLine: {'line': b'-- Up-to-date: /home/cricchetto/Robomaster_WS/install/robomaster_msgs/local/lib/python3.10/dist-packages/robomaster_msgs/msg/_sensor_adapter.py\n'}
[4.021283] (robomaster_msgs) StdoutLine: {'line': b'-- Up-to-date: /home/cricchetto/Robomaster_WS/install/robomaster_msgs/local/lib/python3.10/dist-packages/robomaster_msgs/msg/_servo_raw_state.py\n'}
[4.022022] (robomaster_msgs) StdoutLine: {'line': b'-- Up-to-date: /home/cricchetto/Robomaster_WS/install/robomaster_msgs/local/lib/python3.10/dist-packages/robomaster_msgs/msg/_detection_s.c\n'}
[4.022570] (robomaster_msgs) StdoutLine: {'line': b'-- Up-to-date: /home/cricchetto/Robomaster_WS/install/robomaster_msgs/local/lib/python3.10/dist-packages/robomaster_msgs/msg/_audio_level.py\n'}
[4.023050] (robomaster_msgs) StdoutLine: {'line': b'-- Up-to-date: /home/cricchetto/Robomaster_WS/install/robomaster_msgs/local/lib/python3.10/dist-packages/robomaster_msgs/msg/_detected_line.py\n'}
[4.023581] (robomaster_msgs) StdoutLine: {'line': b'-- Up-to-date: /home/cricchetto/Robomaster_WS/install/robomaster_msgs/local/lib/python3.10/dist-packages/robomaster_msgs/msg/_camera_config_s.c\n'}
[4.024253] (robomaster_msgs) StdoutLine: {'line': b'-- Up-to-date: /home/cricchetto/Robomaster_WS/install/robomaster_msgs/local/lib/python3.10/dist-packages/robomaster_msgs/msg/_detected_line_s.c\n'}
[4.025012] (robomaster_msgs) StdoutLine: {'line': b'-- Up-to-date: /home/cricchetto/Robomaster_WS/install/robomaster_msgs/local/lib/python3.10/dist-packages/robomaster_msgs/msg/_servo_raw_state_s.c\n'}
[4.025901] (robomaster_msgs) StdoutLine: {'line': b'-- Up-to-date: /home/cricchetto/Robomaster_WS/install/robomaster_msgs/local/lib/python3.10/dist-packages/robomaster_msgs/msg/_detected_robot_s.c\n'}
[4.026398] (robomaster_msgs) StdoutLine: {'line': b'-- Up-to-date: /home/cricchetto/Robomaster_WS/install/robomaster_msgs/local/lib/python3.10/dist-packages/robomaster_msgs/msg/_sensor_adapter_s.c\n'}
[4.026904] (robomaster_msgs) StdoutLine: {'line': b'-- Up-to-date: /home/cricchetto/Robomaster_WS/install/robomaster_msgs/local/lib/python3.10/dist-packages/robomaster_msgs/msg/_detected_gesture_s.c\n'}
[4.027811] (robomaster_msgs) StdoutLine: {'line': b'-- Up-to-date: /home/cricchetto/Robomaster_WS/install/robomaster_msgs/local/lib/python3.10/dist-packages/robomaster_msgs/robomaster_msgs_s__rosidl_typesupport_c.cpython-310-aarch64-linux-gnu.so\n'}
[4.029034] (robomaster_msgs) StdoutLine: {'line': b'-- Up-to-date: /home/cricchetto/Robomaster_WS/install/robomaster_msgs/local/lib/python3.10/dist-packages/robomaster_msgs/robomaster_msgs_s__rosidl_typesupport_fastrtps_c.cpython-310-aarch64-linux-gnu.so\n'}
[4.029530] (robomaster_msgs) StdoutLine: {'line': b'-- Up-to-date: /home/cricchetto/Robomaster_WS/install/robomaster_msgs/local/lib/python3.10/dist-packages/robomaster_msgs/robomaster_msgs_s__rosidl_typesupport_introspection_c.cpython-310-aarch64-linux-gnu.so\n'}
[4.030020] (robomaster_msgs) StdoutLine: {'line': b'-- Up-to-date: /home/cricchetto/Robomaster_WS/install/robomaster_msgs/local/lib/python3.10/dist-packages/robomaster_msgs/srv\n'}
[4.030600] (robomaster_msgs) StdoutLine: {'line': b'-- Up-to-date: /home/cricchetto/Robomaster_WS/install/robomaster_msgs/local/lib/python3.10/dist-packages/robomaster_msgs/srv/_get_io_s.c\n'}
[4.031178] (robomaster_msgs) StdoutLine: {'line': b'-- Up-to-date: /home/cricchetto/Robomaster_WS/install/robomaster_msgs/local/lib/python3.10/dist-packages/robomaster_msgs/srv/__init__.py\n'}
[4.032042] (robomaster_msgs) StdoutLine: {'line': b'-- Up-to-date: /home/cricchetto/Robomaster_WS/install/robomaster_msgs/local/lib/python3.10/dist-packages/robomaster_msgs/srv/_get_adc.py\n'}
[4.032585] (robomaster_msgs) StdoutLine: {'line': b'-- Up-to-date: /home/cricchetto/Robomaster_WS/install/robomaster_msgs/local/lib/python3.10/dist-packages/robomaster_msgs/srv/_get_pulse_s.c\n'}
[4.033009] (robomaster_msgs) StdoutLine: {'line': b'-- Up-to-date: /home/cricchetto/Robomaster_WS/install/robomaster_msgs/local/lib/python3.10/dist-packages/robomaster_msgs/srv/_get_servo_angle_s.c\n'}
[4.033688] (robomaster_msgs) StdoutLine: {'line': b'-- Up-to-date: /home/cricchetto/Robomaster_WS/install/robomaster_msgs/local/lib/python3.10/dist-packages/robomaster_msgs/srv/_get_adc_s.c\n'}
[4.034109] (robomaster_msgs) StdoutLine: {'line': b'-- Up-to-date: /home/cricchetto/Robomaster_WS/install/robomaster_msgs/local/lib/python3.10/dist-packages/robomaster_msgs/srv/_get_io.py\n'}
[4.034755] (robomaster_msgs) StdoutLine: {'line': b'-- Up-to-date: /home/cricchetto/Robomaster_WS/install/robomaster_msgs/local/lib/python3.10/dist-packages/robomaster_msgs/srv/_get_pulse.py\n'}
[4.035840] (robomaster_msgs) StdoutLine: {'line': b'-- Up-to-date: /home/cricchetto/Robomaster_WS/install/robomaster_msgs/local/lib/python3.10/dist-packages/robomaster_msgs/srv/_get_servo_angle.py\n'}
[4.036359] (explore_lite) StdoutLine: {'line': b'-- Install configuration: ""\n'}
[4.037556] (explore_lite) StdoutLine: {'line': b'-- Up-to-date: /home/cricchetto/Robomaster_WS/install/explore_lite/include/explore/\n'}
[4.038773] (explore_lite) StdoutLine: {'line': b'-- Up-to-date: /home/cricchetto/Robomaster_WS/install/explore_lite/include/explore//frontier_search.h\n'}
[4.040382] (explore_lite) StdoutLine: {'line': b'-- Up-to-date: /home/cricchetto/Robomaster_WS/install/explore_lite/include/explore//costmap_client.h\n'}
[4.041194] (explore_lite) StdoutLine: {'line': b'-- Up-to-date: /home/cricchetto/Robomaster_WS/install/explore_lite/include/explore//costmap_tools.h\n'}
[4.042425] (explore_lite) StdoutLine: {'line': b'-- Up-to-date: /home/cricchetto/Robomaster_WS/install/explore_lite/include/explore//explore.h\n'}
[4.043428] (explore_lite) StdoutLine: {'line': b'-- Up-to-date: /home/cricchetto/Robomaster_WS/install/explore_lite/share/explore_lite/config\n'}
[4.044892] (explore_lite) StdoutLine: {'line': b'-- Up-to-date: /home/cricchetto/Robomaster_WS/install/explore_lite/share/explore_lite/config/params_costmap.yaml\n'}
[4.046170] (explore_lite) StdoutLine: {'line': b'-- Up-to-date: /home/cricchetto/Robomaster_WS/install/explore_lite/share/explore_lite/config/params.yaml\n'}
[4.046779] (explore_lite) StdoutLine: {'line': b'-- Up-to-date: /home/cricchetto/Robomaster_WS/install/explore_lite/share/explore_lite/launch\n'}
[4.047763] (explore_lite) StdoutLine: {'line': b'-- Up-to-date: /home/cricchetto/Robomaster_WS/install/explore_lite/share/explore_lite/launch/explore.launch.py\n'}
[4.048770] (explore_lite) StdoutLine: {'line': b'-- Up-to-date: /home/cricchetto/Robomaster_WS/install/explore_lite/lib/explore_lite/explore\n'}
[4.049965] (explore_lite) StdoutLine: {'line': b'-- Up-to-date: /home/cricchetto/Robomaster_WS/install/explore_lite/share/ament_index/resource_index/package_run_dependencies/explore_lite\n'}
[4.051084] (explore_lite) StdoutLine: {'line': b'-- Up-to-date: /home/cricchetto/Robomaster_WS/install/explore_lite/share/ament_index/resource_index/parent_prefix_path/explore_lite\n'}
[4.052323] (explore_lite) StdoutLine: {'line': b'-- Up-to-date: /home/cricchetto/Robomaster_WS/install/explore_lite/share/explore_lite/environment/ament_prefix_path.sh\n'}
[4.053139] (explore_lite) StdoutLine: {'line': b'-- Up-to-date: /home/cricchetto/Robomaster_WS/install/explore_lite/share/explore_lite/environment/ament_prefix_path.dsv\n'}
[4.054431] (explore_lite) StdoutLine: {'line': b'-- Up-to-date: /home/cricchetto/Robomaster_WS/install/explore_lite/share/explore_lite/environment/path.sh\n'}
[4.056505] (explore_lite) StdoutLine: {'line': b'-- Up-to-date: /home/cricchetto/Robomaster_WS/install/explore_lite/share/explore_lite/environment/path.dsv\n'}
[4.057764] (explore_lite) StdoutLine: {'line': b'-- Up-to-date: /home/cricchetto/Robomaster_WS/install/explore_lite/share/explore_lite/local_setup.bash\n'}
[4.058827] (explore_lite) StdoutLine: {'line': b'-- Up-to-date: /home/cricchetto/Robomaster_WS/install/explore_lite/share/explore_lite/local_setup.sh\n'}
[4.060109] (explore_lite) StdoutLine: {'line': b'-- Up-to-date: /home/cricchetto/Robomaster_WS/install/explore_lite/share/explore_lite/local_setup.zsh\n'}
[4.060964] (explore_lite) StdoutLine: {'line': b'-- Up-to-date: /home/cricchetto/Robomaster_WS/install/explore_lite/share/explore_lite/local_setup.dsv\n'}
[4.062178] (explore_lite) StdoutLine: {'line': b'-- Installing: /home/cricchetto/Robomaster_WS/install/explore_lite/share/explore_lite/package.dsv\n'}
[4.063215] (explore_lite) StdoutLine: {'line': b'-- Up-to-date: /home/cricchetto/Robomaster_WS/install/explore_lite/share/ament_index/resource_index/packages/explore_lite\n'}
[4.065986] (explore_lite) StdoutLine: {'line': b'-- Up-to-date: /home/cricchetto/Robomaster_WS/install/explore_lite/share/explore_lite/cmake/ament_cmake_export_include_directories-extras.cmake\n'}
[4.067039] (explore_lite) StdoutLine: {'line': b'-- Up-to-date: /home/cricchetto/Robomaster_WS/install/explore_lite/share/explore_lite/cmake/explore_liteConfig.cmake\n'}
[4.068335] (explore_lite) StdoutLine: {'line': b'-- Up-to-date: /home/cricchetto/Robomaster_WS/install/explore_lite/share/explore_lite/cmake/explore_liteConfig-version.cmake\n'}
[4.069605] (explore_lite) StdoutLine: {'line': b'-- Up-to-date: /home/cricchetto/Robomaster_WS/install/explore_lite/share/explore_lite/package.xml\n'}
[4.070502] (explore_lite) CommandEnded: {'returncode': 0}
[4.073845] (robomaster_msgs) StdoutLine: {'line': b"Listing '/home/cricchetto/Robomaster_WS/install/robomaster_msgs/local/lib/python3.10/dist-packages/robomaster_msgs'...\n"}
[4.075157] (robomaster_msgs) StdoutLine: {'line': b"Listing '/home/cricchetto/Robomaster_WS/install/robomaster_msgs/local/lib/python3.10/dist-packages/robomaster_msgs/action'...\n"}
[4.076353] (robomaster_msgs) StdoutLine: {'line': b"Listing '/home/cricchetto/Robomaster_WS/install/robomaster_msgs/local/lib/python3.10/dist-packages/robomaster_msgs/msg'...\n"}
[4.077716] (robomaster_msgs) StdoutLine: {'line': b"Listing '/home/cricchetto/Robomaster_WS/install/robomaster_msgs/local/lib/python3.10/dist-packages/robomaster_msgs/srv'...\n"}
[4.078594] (robomaster_msgs) StdoutLine: {'line': b'-- Up-to-date: /home/cricchetto/Robomaster_WS/install/robomaster_msgs/local/lib/python3.10/dist-packages/robomaster_msgs/robomaster_msgs_s__rosidl_typesupport_fastrtps_c.cpython-310-aarch64-linux-gnu.so\n'}
[4.080075] (robomaster_msgs) StdoutLine: {'line': b'-- Up-to-date: /home/cricchetto/Robomaster_WS/install/robomaster_msgs/local/lib/python3.10/dist-packages/robomaster_msgs/robomaster_msgs_s__rosidl_typesupport_introspection_c.cpython-310-aarch64-linux-gnu.so\n'}
[4.081325] (robomaster_msgs) StdoutLine: {'line': b'-- Up-to-date: /home/cricchetto/Robomaster_WS/install/robomaster_msgs/local/lib/python3.10/dist-packages/robomaster_msgs/robomaster_msgs_s__rosidl_typesupport_c.cpython-310-aarch64-linux-gnu.so\n'}
[4.082388] (robomaster_msgs) StdoutLine: {'line': b'-- Up-to-date: /home/cricchetto/Robomaster_WS/install/robomaster_msgs/lib/librobomaster_msgs__rosidl_generator_py.so\n'}
[4.096409] (-) TimerEvent: {}
[4.100917] (robomaster_msgs) StdoutLine: {'line': b'-- Up-to-date: /home/cricchetto/Robomaster_WS/install/robomaster_msgs/share/robomaster_msgs/msg/WheelSpeeds.idl\n'}
[4.102142] (robomaster_msgs) StdoutLine: {'line': b'-- Up-to-date: /home/cricchetto/Robomaster_WS/install/robomaster_msgs/share/robomaster_msgs/msg/LEDEffect.idl\n'}
[4.104655] (robomaster_msgs) StdoutLine: {'line': b'-- Up-to-date: /home/cricchetto/Robomaster_WS/install/robomaster_msgs/share/robomaster_msgs/msg/ChassisStatus.idl\n'}
[4.107131] (robomaster_msgs) StdoutLine: {'line': b'-- Up-to-date: /home/cricchetto/Robomaster_WS/install/robomaster_msgs/share/robomaster_msgs/msg/SBus.idl\n'}
[4.107585] (robomaster_msgs) StdoutLine: {'line': b'-- Up-to-date: /home/cricchetto/Robomaster_WS/install/robomaster_msgs/share/robomaster_msgs/msg/PWM.idl\n'}
[4.108104] (robomaster_msgs) StdoutLine: {'line': b'-- Up-to-date: /home/cricchetto/Robomaster_WS/install/robomaster_msgs/share/robomaster_msgs/msg/GripperState.idl\n'}
[4.108814] (robomaster_msgs) StdoutLine: {'line': b'-- Up-to-date: /home/cricchetto/Robomaster_WS/install/robomaster_msgs/share/robomaster_msgs/msg/CameraConfig.idl\n'}
[4.109562] (robomaster_msgs) StdoutLine: {'line': b'-- Up-to-date: /home/cricchetto/Robomaster_WS/install/robomaster_msgs/share/robomaster_msgs/msg/ArmorHit.idl\n'}
[4.110237] (robomaster_msgs) StdoutLine: {'line': b'-- Up-to-date: /home/cricchetto/Robomaster_WS/install/robomaster_msgs/share/robomaster_msgs/msg/DetectedLine.idl\n'}
[4.110870] (robomaster_msgs) StdoutLine: {'line': b'-- Up-to-date: /home/cricchetto/Robomaster_WS/install/robomaster_msgs/share/robomaster_msgs/msg/DetectedGesture.idl\n'}
[4.111709] (robomaster_msgs) StdoutLine: {'line': b'-- Up-to-date: /home/cricchetto/Robomaster_WS/install/robomaster_msgs/share/robomaster_msgs/msg/DetectedMarker.idl\n'}
[4.112290] (robomaster_msgs) StdoutLine: {'line': b'-- Up-to-date: /home/cricchetto/Robomaster_WS/install/robomaster_msgs/share/robomaster_msgs/msg/DetectedPerson.idl\n'}
[4.112986] (robomaster_msgs) StdoutLine: {'line': b'-- Up-to-date: /home/cricchetto/Robomaster_WS/install/robomaster_msgs/share/robomaster_msgs/msg/DetectedRobot.idl\n'}
[4.113705] (robomaster_msgs) StdoutLine: {'line': b'-- Up-to-date: /home/cricchetto/Robomaster_WS/install/robomaster_msgs/share/robomaster_msgs/msg/Detection.idl\n'}
[4.115172] (robomaster_msgs) StdoutLine: {'line': b'-- Up-to-date: /home/cricchetto/Robomaster_WS/install/robomaster_msgs/share/robomaster_msgs/msg/RegionOfInterest.idl\n'}
[4.116014] (robomaster_msgs) StdoutLine: {'line': b'-- Up-to-date: /home/cricchetto/Robomaster_WS/install/robomaster_msgs/share/robomaster_msgs/msg/Serial.idl\n'}
[4.116700] (robomaster_msgs) StdoutLine: {'line': b'-- Up-to-date: /home/cricchetto/Robomaster_WS/install/robomaster_msgs/share/robomaster_msgs/msg/ServoCommand.idl\n'}
[4.117274] (robomaster_msgs) StdoutLine: {'line': b'-- Up-to-date: /home/cricchetto/Robomaster_WS/install/robomaster_msgs/share/robomaster_msgs/msg/GimbalCommand.idl\n'}
[4.118233] (robomaster_msgs) StdoutLine: {'line': b'-- Up-to-date: /home/cricchetto/Robomaster_WS/install/robomaster_msgs/share/robomaster_msgs/msg/BlasterLED.idl\n'}
[4.118945] (robomaster_msgs) StdoutLine: {'line': b'-- Up-to-date: /home/cricchetto/Robomaster_WS/install/robomaster_msgs/share/robomaster_msgs/msg/Mode.idl\n'}
[4.121813] (robomaster_msgs) StdoutLine: {'line': b'-- Up-to-date: /home/cricchetto/Robomaster_WS/install/robomaster_msgs/share/robomaster_msgs/msg/AudioData.idl\n'}
[4.124634] (robomaster_msgs) StdoutLine: {'line': b'-- Up-to-date: /home/cricchetto/Robomaster_WS/install/robomaster_msgs/share/robomaster_msgs/msg/AudioLevel.idl\n'}
[4.126689] (robomaster_msgs) StdoutLine: {'line': b'-- Up-to-date: /home/cricchetto/Robomaster_WS/install/robomaster_msgs/share/robomaster_msgs/msg/AudioOpus.idl\n'}
[4.129823] (robomaster_msgs) StdoutLine: {'line': b'-- Up-to-date: /home/cricchetto/Robomaster_WS/install/robomaster_msgs/share/robomaster_msgs/msg/H264Packet.idl\n'}
[4.136196] (robomaster_msgs) StdoutLine: {'line': b'-- Up-to-date: /home/cricchetto/Robomaster_WS/install/robomaster_msgs/share/robomaster_msgs/msg/SensorAdapter.idl\n'}
[4.136904] (robomaster_msgs) StdoutLine: {'line': b'-- Up-to-date: /home/cricchetto/Robomaster_WS/install/robomaster_msgs/share/robomaster_msgs/msg/ServoRawState.idl\n'}
[4.141686] (robomaster_msgs) StdoutLine: {'line': b'-- Up-to-date: /home/cricchetto/Robomaster_WS/install/robomaster_msgs/share/robomaster_msgs/msg/SpeakerCommand.idl\n'}
[4.143145] (robomaster_msgs) StdoutLine: {'line': b'-- Up-to-date: /home/cricchetto/Robomaster_WS/install/robomaster_msgs/share/robomaster_msgs/action/Move.idl\n'}
[4.143682] (robomaster_msgs) StdoutLine: {'line': b'-- Up-to-date: /home/cricchetto/Robomaster_WS/install/robomaster_msgs/share/robomaster_msgs/action/MoveArm.idl\n'}
[4.144379] (robomaster_msgs) StdoutLine: {'line': b'-- Up-to-date: /home/cricchetto/Robomaster_WS/install/robomaster_msgs/share/robomaster_msgs/action/GripperControl.idl\n'}
[4.145474] (robomaster_msgs) StdoutLine: {'line': b'-- Up-to-date: /home/cricchetto/Robomaster_WS/install/robomaster_msgs/share/robomaster_msgs/action/PlaySound.idl\n'}
[4.146124] (robomaster_msgs) StdoutLine: {'line': b'-- Up-to-date: /home/cricchetto/Robomaster_WS/install/robomaster_msgs/share/robomaster_msgs/action/MoveServo.idl\n'}
[4.149765] (robomaster_msgs) StdoutLine: {'line': b'-- Up-to-date: /home/cricchetto/Robomaster_WS/install/robomaster_msgs/share/robomaster_msgs/action/MoveGimbal.idl\n'}
[4.152459] (robomaster_msgs) StdoutLine: {'line': b'-- Up-to-date: /home/cricchetto/Robomaster_WS/install/robomaster_msgs/share/robomaster_msgs/action/RecenterGimbal.idl\n'}
[4.155455] (robomaster_msgs) StdoutLine: {'line': b'-- Up-to-date: /home/cricchetto/Robomaster_WS/install/robomaster_msgs/share/robomaster_msgs/srv/GetADC.idl\n'}
[4.156454] (robomaster_msgs) StdoutLine: {'line': b'-- Up-to-date: /home/cricchetto/Robomaster_WS/install/robomaster_msgs/share/robomaster_msgs/srv/GetIO.idl\n'}
[4.157067] (robomaster_msgs) StdoutLine: {'line': b'-- Up-to-date: /home/cricchetto/Robomaster_WS/install/robomaster_msgs/share/robomaster_msgs/srv/GetPulse.idl\n'}
[4.160725] (robomaster_msgs) StdoutLine: {'line': b'-- Up-to-date: /home/cricchetto/Robomaster_WS/install/robomaster_msgs/share/robomaster_msgs/srv/GetServoAngle.idl\n'}
[4.161336] (robomaster_msgs) StdoutLine: {'line': b'-- Up-to-date: /home/cricchetto/Robomaster_WS/install/robomaster_msgs/share/robomaster_msgs/msg/WheelSpeeds.msg\n'}
[4.175344] (robomaster_msgs) StdoutLine: {'line': b'-- Up-to-date: /home/cricchetto/Robomaster_WS/install/robomaster_msgs/share/robomaster_msgs/msg/LEDEffect.msg\n'}
[4.178010] (robomaster_msgs) StdoutLine: {'line': b'-- Up-to-date: /home/cricchetto/Robomaster_WS/install/robomaster_msgs/share/robomaster_msgs/msg/ChassisStatus.msg\n'}
[4.178834] (robomaster_msgs) StdoutLine: {'line': b'-- Up-to-date: /home/cricchetto/Robomaster_WS/install/robomaster_msgs/share/robomaster_msgs/msg/SBus.msg\n'}
[4.179500] (robomaster_msgs) StdoutLine: {'line': b'-- Up-to-date: /home/cricchetto/Robomaster_WS/install/robomaster_msgs/share/robomaster_msgs/msg/PWM.msg\n'}
[4.180270] (robomaster_msgs) StdoutLine: {'line': b'-- Up-to-date: /home/cricchetto/Robomaster_WS/install/robomaster_msgs/share/robomaster_msgs/msg/GripperState.msg\n'}
[4.180791] (robomaster_msgs) StdoutLine: {'line': b'-- Up-to-date: /home/cricchetto/Robomaster_WS/install/robomaster_msgs/share/robomaster_msgs/msg/CameraConfig.msg\n'}
[4.181322] (robomaster_msgs) StdoutLine: {'line': b'-- Up-to-date: /home/cricchetto/Robomaster_WS/install/robomaster_msgs/share/robomaster_msgs/msg/ArmorHit.msg\n'}
[4.181966] (robomaster_msgs) StdoutLine: {'line': b'-- Up-to-date: /home/cricchetto/Robomaster_WS/install/robomaster_msgs/share/robomaster_msgs/msg/DetectedLine.msg\n'}
[4.182517] (robomaster_msgs) StdoutLine: {'line': b'-- Up-to-date: /home/cricchetto/Robomaster_WS/install/robomaster_msgs/share/robomaster_msgs/msg/DetectedGesture.msg\n'}
[4.183022] (robomaster_msgs) StdoutLine: {'line': b'-- Up-to-date: /home/cricchetto/Robomaster_WS/install/robomaster_msgs/share/robomaster_msgs/msg/DetectedMarker.msg\n'}
[4.183556] (robomaster_msgs) StdoutLine: {'line': b'-- Up-to-date: /home/cricchetto/Robomaster_WS/install/robomaster_msgs/share/robomaster_msgs/msg/DetectedPerson.msg\n'}
[4.196149] (robomaster_msgs) StdoutLine: {'line': b'-- Up-to-date: /home/cricchetto/Robomaster_WS/install/robomaster_msgs/share/robomaster_msgs/msg/DetectedRobot.msg\n'}
[4.196973] (-) TimerEvent: {}
[4.198328] (robomaster_msgs) StdoutLine: {'line': b'-- Up-to-date: /home/cricchetto/Robomaster_WS/install/robomaster_msgs/share/robomaster_msgs/msg/Detection.msg\n'}
[4.199156] (robomaster_msgs) StdoutLine: {'line': b'-- Up-to-date: /home/cricchetto/Robomaster_WS/install/robomaster_msgs/share/robomaster_msgs/msg/RegionOfInterest.msg\n'}
[4.200580] (robomaster_msgs) StdoutLine: {'line': b'-- Up-to-date: /home/cricchetto/Robomaster_WS/install/robomaster_msgs/share/robomaster_msgs/msg/Serial.msg\n'}
[4.201648] (explore_lite) JobEnded: {'identifier': 'explore_lite', 'rc': 0}
[4.209435] (robomaster_msgs) StdoutLine: {'line': b'-- Up-to-date: /home/cricchetto/Robomaster_WS/install/robomaster_msgs/share/robomaster_msgs/msg/ServoCommand.msg\n'}
[4.209984] (multirobot_map_merge) JobStarted: {'identifier': 'multirobot_map_merge'}
[4.210607] (robomaster_msgs) StdoutLine: {'line': b'-- Up-to-date: /home/cricchetto/Robomaster_WS/install/robomaster_msgs/share/robomaster_msgs/msg/GimbalCommand.msg\n'}
[4.211336] (robomaster_msgs) StdoutLine: {'line': b'-- Up-to-date: /home/cricchetto/Robomaster_WS/install/robomaster_msgs/share/robomaster_msgs/msg/BlasterLED.msg\n'}
[4.212003] (robomaster_msgs) StdoutLine: {'line': b'-- Up-to-date: /home/cricchetto/Robomaster_WS/install/robomaster_msgs/share/robomaster_msgs/msg/Mode.msg\n'}
[4.212564] (robomaster_msgs) StdoutLine: {'line': b'-- Up-to-date: /home/cricchetto/Robomaster_WS/install/robomaster_msgs/share/robomaster_msgs/msg/AudioData.msg\n'}
[4.213144] (robomaster_msgs) StdoutLine: {'line': b'-- Up-to-date: /home/cricchetto/Robomaster_WS/install/robomaster_msgs/share/robomaster_msgs/msg/AudioLevel.msg\n'}
[4.213734] (robomaster_msgs) StdoutLine: {'line': b'-- Up-to-date: /home/cricchetto/Robomaster_WS/install/robomaster_msgs/share/robomaster_msgs/msg/AudioOpus.msg\n'}
[4.214399] (robomaster_msgs) StdoutLine: {'line': b'-- Up-to-date: /home/cricchetto/Robomaster_WS/install/robomaster_msgs/share/robomaster_msgs/msg/H264Packet.msg\n'}
[4.214967] (robomaster_msgs) StdoutLine: {'line': b'-- Up-to-date: /home/cricchetto/Robomaster_WS/install/robomaster_msgs/share/robomaster_msgs/msg/SensorAdapter.msg\n'}
[4.215491] (robomaster_msgs) StdoutLine: {'line': b'-- Up-to-date: /home/cricchetto/Robomaster_WS/install/robomaster_msgs/share/robomaster_msgs/msg/ServoRawState.msg\n'}
[4.216095] (robomaster_msgs) StdoutLine: {'line': b'-- Up-to-date: /home/cricchetto/Robomaster_WS/install/robomaster_msgs/share/robomaster_msgs/msg/SpeakerCommand.msg\n'}
[4.218365] (robomaster_msgs) StdoutLine: {'line': b'-- Up-to-date: /home/cricchetto/Robomaster_WS/install/robomaster_msgs/share/robomaster_msgs/action/Move.action\n'}
[4.220053] (robomaster_msgs) StdoutLine: {'line': b'-- Up-to-date: /home/cricchetto/Robomaster_WS/install/robomaster_msgs/share/robomaster_msgs/action/MoveArm.action\n'}
[4.220903] (robomaster_msgs) StdoutLine: {'line': b'-- Up-to-date: /home/cricchetto/Robomaster_WS/install/robomaster_msgs/share/robomaster_msgs/action/GripperControl.action\n'}
[4.221670] (robomaster_msgs) StdoutLine: {'line': b'-- Up-to-date: /home/cricchetto/Robomaster_WS/install/robomaster_msgs/share/robomaster_msgs/action/PlaySound.action\n'}
[4.222261] (robomaster_msgs) StdoutLine: {'line': b'-- Up-to-date: /home/cricchetto/Robomaster_WS/install/robomaster_msgs/share/robomaster_msgs/action/MoveServo.action\n'}
[4.223239] (robomaster_msgs) StdoutLine: {'line': b'-- Up-to-date: /home/cricchetto/Robomaster_WS/install/robomaster_msgs/share/robomaster_msgs/action/MoveGimbal.action\n'}
[4.223676] (robomaster_msgs) StdoutLine: {'line': b'-- Up-to-date: /home/cricchetto/Robomaster_WS/install/robomaster_msgs/share/robomaster_msgs/action/RecenterGimbal.action\n'}
[4.224187] (robomaster_msgs) StdoutLine: {'line': b'-- Up-to-date: /home/cricchetto/Robomaster_WS/install/robomaster_msgs/share/robomaster_msgs/srv/GetADC.srv\n'}
[4.224640] (robomaster_msgs) StdoutLine: {'line': b'-- Up-to-date: /home/cricchetto/Robomaster_WS/install/robomaster_msgs/share/robomaster_msgs/srv/GetADC_Request.msg\n'}
[4.225032] (robomaster_msgs) StdoutLine: {'line': b'-- Up-to-date: /home/cricchetto/Robomaster_WS/install/robomaster_msgs/share/robomaster_msgs/srv/GetADC_Response.msg\n'}
[4.225536] (robomaster_msgs) StdoutLine: {'line': b'-- Up-to-date: /home/cricchetto/Robomaster_WS/install/robomaster_msgs/share/robomaster_msgs/srv/GetIO.srv\n'}
[4.225969] (robomaster_msgs) StdoutLine: {'line': b'-- Up-to-date: /home/cricchetto/Robomaster_WS/install/robomaster_msgs/share/robomaster_msgs/srv/GetIO_Request.msg\n'}
[4.226392] (robomaster_msgs) StdoutLine: {'line': b'-- Up-to-date: /home/cricchetto/Robomaster_WS/install/robomaster_msgs/share/robomaster_msgs/srv/GetIO_Response.msg\n'}
[4.226788] (robomaster_msgs) StdoutLine: {'line': b'-- Up-to-date: /home/cricchetto/Robomaster_WS/install/robomaster_msgs/share/robomaster_msgs/srv/GetPulse.srv\n'}
[4.227175] (robomaster_msgs) StdoutLine: {'line': b'-- Up-to-date: /home/cricchetto/Robomaster_WS/install/robomaster_msgs/share/robomaster_msgs/srv/GetPulse_Request.msg\n'}
[4.227580] (robomaster_msgs) StdoutLine: {'line': b'-- Up-to-date: /home/cricchetto/Robomaster_WS/install/robomaster_msgs/share/robomaster_msgs/srv/GetPulse_Response.msg\n'}
[4.228036] (robomaster_msgs) StdoutLine: {'line': b'-- Up-to-date: /home/cricchetto/Robomaster_WS/install/robomaster_msgs/share/robomaster_msgs/srv/GetServoAngle.srv\n'}
[4.229837] (robomaster_msgs) StdoutLine: {'line': b'-- Up-to-date: /home/cricchetto/Robomaster_WS/install/robomaster_msgs/share/robomaster_msgs/srv/GetServoAngle_Request.msg\n'}
[4.230650] (robomaster_msgs) StdoutLine: {'line': b'-- Up-to-date: /home/cricchetto/Robomaster_WS/install/robomaster_msgs/share/robomaster_msgs/srv/GetServoAngle_Response.msg\n'}
[4.231397] (robomaster_msgs) StdoutLine: {'line': b'-- Up-to-date: /home/cricchetto/Robomaster_WS/install/robomaster_msgs/share/ament_index/resource_index/package_run_dependencies/robomaster_msgs\n'}
[4.233985] (robomaster_msgs) StdoutLine: {'line': b'-- Up-to-date: /home/cricchetto/Robomaster_WS/install/robomaster_msgs/share/ament_index/resource_index/parent_prefix_path/robomaster_msgs\n'}
[4.234689] (robomaster_msgs) StdoutLine: {'line': b'-- Up-to-date: /home/cricchetto/Robomaster_WS/install/robomaster_msgs/share/robomaster_msgs/environment/ament_prefix_path.sh\n'}
[4.235360] (robomaster_msgs) StdoutLine: {'line': b'-- Up-to-date: /home/cricchetto/Robomaster_WS/install/robomaster_msgs/share/robomaster_msgs/environment/ament_prefix_path.dsv\n'}
[4.237208] (robomaster_msgs) StdoutLine: {'line': b'-- Up-to-date: /home/cricchetto/Robomaster_WS/install/robomaster_msgs/share/robomaster_msgs/environment/path.sh\n'}
[4.237950] (robomaster_msgs) StdoutLine: {'line': b'-- Up-to-date: /home/cricchetto/Robomaster_WS/install/robomaster_msgs/share/robomaster_msgs/environment/path.dsv\n'}
[4.238444] (robomaster_msgs) StdoutLine: {'line': b'-- Up-to-date: /home/cricchetto/Robomaster_WS/install/robomaster_msgs/share/robomaster_msgs/local_setup.bash\n'}
[4.240743] (robomaster_msgs) StdoutLine: {'line': b'-- Up-to-date: /home/cricchetto/Robomaster_WS/install/robomaster_msgs/share/robomaster_msgs/local_setup.sh\n'}
[4.242246] (robomaster_msgs) StdoutLine: {'line': b'-- Up-to-date: /home/cricchetto/Robomaster_WS/install/robomaster_msgs/share/robomaster_msgs/local_setup.zsh\n'}
[4.243034] (robomaster_msgs) StdoutLine: {'line': b'-- Up-to-date: /home/cricchetto/Robomaster_WS/install/robomaster_msgs/share/robomaster_msgs/local_setup.dsv\n'}
[4.243788] (robomaster_msgs) StdoutLine: {'line': b'-- Installing: /home/cricchetto/Robomaster_WS/install/robomaster_msgs/share/robomaster_msgs/package.dsv\n'}
[4.245288] (robomaster_msgs) StdoutLine: {'line': b'-- Up-to-date: /home/cricchetto/Robomaster_WS/install/robomaster_msgs/share/ament_index/resource_index/packages/robomaster_msgs\n'}
[4.246608] (robomaster_msgs) StdoutLine: {'line': b'-- Up-to-date: /home/cricchetto/Robomaster_WS/install/robomaster_msgs/share/robomaster_msgs/cmake/export_robomaster_msgs__rosidl_generator_cExport.cmake\n'}
[4.247277] (robomaster_msgs) StdoutLine: {'line': b'-- Up-to-date: /home/cricchetto/Robomaster_WS/install/robomaster_msgs/share/robomaster_msgs/cmake/export_robomaster_msgs__rosidl_generator_cExport-noconfig.cmake\n'}
[4.248066] (robomaster_msgs) StdoutLine: {'line': b'-- Up-to-date: /home/cricchetto/Robomaster_WS/install/robomaster_msgs/share/robomaster_msgs/cmake/export_robomaster_msgs__rosidl_typesupport_fastrtps_cExport.cmake\n'}
[4.249495] (robomaster_msgs) StdoutLine: {'line': b'-- Up-to-date: /home/cricchetto/Robomaster_WS/install/robomaster_msgs/share/robomaster_msgs/cmake/export_robomaster_msgs__rosidl_typesupport_fastrtps_cExport-noconfig.cmake\n'}
[4.251104] (robomaster_msgs) StdoutLine: {'line': b'-- Up-to-date: /home/cricchetto/Robomaster_WS/install/robomaster_msgs/share/robomaster_msgs/cmake/robomaster_msgs__rosidl_typesupport_introspection_cExport.cmake\n'}
[4.251958] (robomaster_msgs) StdoutLine: {'line': b'-- Up-to-date: /home/cricchetto/Robomaster_WS/install/robomaster_msgs/share/robomaster_msgs/cmake/robomaster_msgs__rosidl_typesupport_introspection_cExport-noconfig.cmake\n'}
[4.253545] (robomaster_msgs) StdoutLine: {'line': b'-- Up-to-date: /home/cricchetto/Robomaster_WS/install/robomaster_msgs/share/robomaster_msgs/cmake/robomaster_msgs__rosidl_typesupport_cExport.cmake\n'}
[4.257158] (robomaster_msgs) StdoutLine: {'line': b'-- Up-to-date: /home/cricchetto/Robomaster_WS/install/robomaster_msgs/share/robomaster_msgs/cmake/robomaster_msgs__rosidl_typesupport_cExport-noconfig.cmake\n'}
[4.259617] (robomaster_msgs) StdoutLine: {'line': b'-- Up-to-date: /home/cricchetto/Robomaster_WS/install/robomaster_msgs/share/robomaster_msgs/cmake/export_robomaster_msgs__rosidl_generator_cppExport.cmake\n'}
[4.261686] (robomaster_msgs) StdoutLine: {'line': b'-- Up-to-date: /home/cricchetto/Robomaster_WS/install/robomaster_msgs/share/robomaster_msgs/cmake/export_robomaster_msgs__rosidl_typesupport_fastrtps_cppExport.cmake\n'}
[4.262433] (robomaster_msgs) StdoutLine: {'line': b'-- Up-to-date: /home/cricchetto/Robomaster_WS/install/robomaster_msgs/share/robomaster_msgs/cmake/export_robomaster_msgs__rosidl_typesupport_fastrtps_cppExport-noconfig.cmake\n'}
[4.262954] (robomaster_msgs) StdoutLine: {'line': b'-- Up-to-date: /home/cricchetto/Robomaster_WS/install/robomaster_msgs/share/robomaster_msgs/cmake/robomaster_msgs__rosidl_typesupport_introspection_cppExport.cmake\n'}
[4.263681] (robomaster_msgs) StdoutLine: {'line': b'-- Up-to-date: /home/cricchetto/Robomaster_WS/install/robomaster_msgs/share/robomaster_msgs/cmake/robomaster_msgs__rosidl_typesupport_introspection_cppExport-noconfig.cmake\n'}
[4.264680] (robomaster_msgs) StdoutLine: {'line': b'-- Up-to-date: /home/cricchetto/Robomaster_WS/install/robomaster_msgs/share/robomaster_msgs/cmake/robomaster_msgs__rosidl_typesupport_cppExport.cmake\n'}
[4.265108] (robomaster_msgs) StdoutLine: {'line': b'-- Up-to-date: /home/cricchetto/Robomaster_WS/install/robomaster_msgs/share/robomaster_msgs/cmake/robomaster_msgs__rosidl_typesupport_cppExport-noconfig.cmake\n'}
[4.265485] (robomaster_msgs) StdoutLine: {'line': b'-- Up-to-date: /home/cricchetto/Robomaster_WS/install/robomaster_msgs/share/robomaster_msgs/cmake/export_robomaster_msgs__rosidl_generator_pyExport.cmake\n'}
[4.265924] (robomaster_msgs) StdoutLine: {'line': b'-- Up-to-date: /home/cricchetto/Robomaster_WS/install/robomaster_msgs/share/robomaster_msgs/cmake/export_robomaster_msgs__rosidl_generator_pyExport-noconfig.cmake\n'}
[4.266317] (robomaster_msgs) StdoutLine: {'line': b'-- Up-to-date: /home/cricchetto/Robomaster_WS/install/robomaster_msgs/share/robomaster_msgs/cmake/rosidl_cmake-extras.cmake\n'}
[4.266707] (robomaster_msgs) StdoutLine: {'line': b'-- Up-to-date: /home/cricchetto/Robomaster_WS/install/robomaster_msgs/share/robomaster_msgs/cmake/ament_cmake_export_dependencies-extras.cmake\n'}
[4.267143] (robomaster_msgs) StdoutLine: {'line': b'-- Up-to-date: /home/cricchetto/Robomaster_WS/install/robomaster_msgs/share/robomaster_msgs/cmake/ament_cmake_export_include_directories-extras.cmake\n'}
[4.267518] (robomaster_msgs) StdoutLine: {'line': b'-- Up-to-date: /home/cricchetto/Robomaster_WS/install/robomaster_msgs/share/robomaster_msgs/cmake/ament_cmake_export_libraries-extras.cmake\n'}
[4.268011] (robomaster_msgs) StdoutLine: {'line': b'-- Up-to-date: /home/cricchetto/Robomaster_WS/install/robomaster_msgs/share/robomaster_msgs/cmake/ament_cmake_export_targets-extras.cmake\n'}
[4.269071] (robomaster_msgs) StdoutLine: {'line': b'-- Up-to-date: /home/cricchetto/Robomaster_WS/install/robomaster_msgs/share/robomaster_msgs/cmake/rosidl_cmake_export_typesupport_targets-extras.cmake\n'}
[4.271022] (robomaster_msgs) StdoutLine: {'line': b'-- Up-to-date: /home/cricchetto/Robomaster_WS/install/robomaster_msgs/share/robomaster_msgs/cmake/rosidl_cmake_export_typesupport_libraries-extras.cmake\n'}
[4.271842] (robomaster_msgs) StdoutLine: {'line': b'-- Up-to-date: /home/cricchetto/Robomaster_WS/install/robomaster_msgs/share/robomaster_msgs/cmake/robomaster_msgsConfig.cmake\n'}
[4.273406] (robomaster_msgs) StdoutLine: {'line': b'-- Up-to-date: /home/cricchetto/Robomaster_WS/install/robomaster_msgs/share/robomaster_msgs/cmake/robomaster_msgsConfig-version.cmake\n'}
[4.275202] (robomaster_msgs) StdoutLine: {'line': b'-- Up-to-date: /home/cricchetto/Robomaster_WS/install/robomaster_msgs/share/robomaster_msgs/package.xml\n'}
[4.276089] (robomaster_msgs) CommandEnded: {'returncode': 0}
[4.297173] (-) TimerEvent: {}
[4.339543] (robomaster_msgs) JobEnded: {'identifier': 'robomaster_msgs', 'rc': 0}
[4.346227] (robomaster_description) JobStarted: {'identifier': 'robomaster_description'}
[4.375197] (multirobot_map_merge) JobProgress: {'identifier': 'multirobot_map_merge', 'progress': 'cmake'}
[4.379396] (multirobot_map_merge) JobProgress: {'identifier': 'multirobot_map_merge', 'progress': 'build'}
[4.384068] (multirobot_map_merge) Command: {'cmd': ['/usr/bin/cmake', '--build', '/home/cricchetto/Robomaster_WS/build/multirobot_map_merge', '--', '-j4', '-l4'], 'cwd': '/home/cricchetto/Robomaster_WS/build/multirobot_map_merge', 'env': OrderedDict([('LESSOPEN', '| /usr/bin/lesspipe %s'), ('USER', 'cricchetto'), ('SSH_CLIENT', '172.18.147.201 48990 22'), ('LC_TIME', 'es_AR.UTF-8'), ('XDG_SESSION_TYPE', 'tty'), ('SHLVL', '2'), ('LD_LIBRARY_PATH', '/home/cricchetto/Robomaster_WS/install/robomaster_msgs/lib:/home/cricchetto/Robomaster_WS/install/multirobot_map_merge/lib:/opt/ros/humble/opt/rviz_ogre_vendor/lib:/opt/ros/humble/lib/aarch64-linux-gnu:/opt/ros/humble/lib'), ('MOTD_SHOWN', 'pam'), ('HOME', '/home/cricchetto'), ('OLDPWD', '/home/cricchetto'), ('SSH_TTY', '/dev/pts/0'), ('ROS_PYTHON_VERSION', '3'), ('LC_MONETARY', 'es_AR.UTF-8'), ('DBUS_SESSION_BUS_ADDRESS', 'unix:path=/run/user/1000/bus'), ('COLCON_PREFIX_PATH', '/home/cricchetto/Robomaster_WS/install'), ('ROS_DISTRO', 'humble'), ('LOGNAME', 'cricchetto'), ('_', '/usr/bin/colcon'), ('ROS_VERSION', '2'), ('XDG_SESSION_CLASS', 'user'), ('TERM', 'xterm-256color'), ('XDG_SESSION_ID', '1'), ('ROS_LOCALHOST_ONLY', '0'), ('PATH', '/home/cricchetto/.local/bin:/opt/ros/humble/bin:/usr/local/sbin:/usr/local/bin:/usr/sbin:/usr/bin:/sbin:/bin:/usr/games:/usr/local/games:/snap/bin:/home/cricchettoSD/.local/bin'), ('LC_ADDRESS', 'es_AR.UTF-8'), ('XDG_RUNTIME_DIR', '/run/user/1000'), ('DISPLAY', 'localhost:10.0'), ('LANG', 'en_US.UTF-8'), ('LC_TELEPHONE', 'es_AR.UTF-8'), ('LS_COLORS', 'rs=0:di=01;34:ln=01;36:mh=00:pi=40;33:so=01;35:do=01;35:bd=40;33;01:cd=40;33;01:or=40;31;01:mi=00:su=37;41:sg=30;43:ca=30;41:tw=30;42:ow=34;42:st=37;44:ex=01;32:*.tar=01;31:*.tgz=01;31:*.arc=01;31:*.arj=01;31:*.taz=01;31:*.lha=01;31:*.lz4=01;31:*.lzh=01;31:*.lzma=01;31:*.tlz=01;31:*.txz=01;31:*.tzo=01;31:*.t7z=01;31:*.zip=01;31:*.z=01;31:*.dz=01;31:*.gz=01;31:*.lrz=01;31:*.lz=01;31:*.lzo=01;31:*.xz=01;31:*.zst=01;31:*.tzst=01;31:*.bz2=01;31:*.bz=01;31:*.tbz=01;31:*.tbz2=01;31:*.tz=01;31:*.deb=01;31:*.rpm=01;31:*.jar=01;31:*.war=01;31:*.ear=01;31:*.sar=01;31:*.rar=01;31:*.alz=01;31:*.ace=01;31:*.zoo=01;31:*.cpio=01;31:*.7z=01;31:*.rz=01;31:*.cab=01;31:*.wim=01;31:*.swm=01;31:*.dwm=01;31:*.esd=01;31:*.jpg=01;35:*.jpeg=01;35:*.mjpg=01;35:*.mjpeg=01;35:*.gif=01;35:*.bmp=01;35:*.pbm=01;35:*.pgm=01;35:*.ppm=01;35:*.tga=01;35:*.xbm=01;35:*.xpm=01;35:*.tif=01;35:*.tiff=01;35:*.png=01;35:*.svg=01;35:*.svgz=01;35:*.mng=01;35:*.pcx=01;35:*.mov=01;35:*.mpg=01;35:*.mpeg=01;35:*.m2v=01;35:*.mkv=01;35:*.webm=01;35:*.webp=01;35:*.ogm=01;35:*.mp4=01;35:*.m4v=01;35:*.mp4v=01;35:*.vob=01;35:*.qt=01;35:*.nuv=01;35:*.wmv=01;35:*.asf=01;35:*.rm=01;35:*.rmvb=01;35:*.flc=01;35:*.avi=01;35:*.fli=01;35:*.flv=01;35:*.gl=01;35:*.dl=01;35:*.xcf=01;35:*.xwd=01;35:*.yuv=01;35:*.cgm=01;35:*.emf=01;35:*.ogv=01;35:*.ogx=01;35:*.aac=00;36:*.au=00;36:*.flac=00;36:*.m4a=00;36:*.mid=00;36:*.midi=00;36:*.mka=00;36:*.mp3=00;36:*.mpc=00;36:*.ogg=00;36:*.ra=00;36:*.wav=00;36:*.oga=00;36:*.opus=00;36:*.spx=00;36:*.xspf=00;36:'), ('AMENT_PREFIX_PATH', '/home/cricchetto/Robomaster_WS/install/sllidar_ros2:/home/cricchetto/Robomaster_WS/install/robomaster_ros:/home/cricchetto/Robomaster_WS/install/robomaster_msgs:/home/cricchetto/Robomaster_WS/install/robomaster_description:/home/cricchetto/Robomaster_WS/install/multirobot_map_merge:/home/cricchetto/Robomaster_WS/install/explore_lite:/home/cricchetto/Robomaster_WS/install/ep_control:/home/cricchetto/Robomaster_WS/install/drift:/opt/ros/humble'), ('SHELL', '/bin/bash'), ('LC_NAME', 'es_AR.UTF-8'), ('LESSCLOSE', '/usr/bin/lesspipe %s %s'), ('LC_MEASUREMENT', 'es_AR.UTF-8'), ('LC_IDENTIFICATION', 'es_AR.UTF-8'), ('PWD', '/home/cricchetto/Robomaster_WS/build/multirobot_map_merge'), ('LC_ALL', 'en_US.UTF-8'), ('SSH_CONNECTION', '172.18.147.201 48990 172.18.147.143 22'), ('PYTHONPATH', '/home/cricchetto/Robomaster_WS/install/robomaster_ros/lib/python3.10/site-packages:/home/cricchetto/Robomaster_WS/install/robomaster_msgs/local/lib/python3.10/dist-packages:/home/cricchetto/Robomaster_WS/install/ep_control/lib/python3.10/site-packages:/home/cricchetto/Robomaster_WS/install/drift/lib/python3.10/site-packages:/opt/ros/humble/lib/python3.10/site-packages:/opt/ros/humble/local/lib/python3.10/dist-packages'), ('LC_NUMERIC', 'es_AR.UTF-8'), ('LC_PAPER', 'es_AR.UTF-8'), ('COLCON', '1'), ('CMAKE_PREFIX_PATH', '/home/cricchetto/Robomaster_WS/install/sllidar_ros2:/home/cricchetto/Robomaster_WS/install/robomaster_msgs:/home/cricchetto/Robomaster_WS/install/robomaster_description:/home/cricchetto/Robomaster_WS/install/multirobot_map_merge:/home/cricchetto/Robomaster_WS/install/explore_lite:/home/cricchetto/Robomaster_WS/install/robomaster_ros:/home/cricchetto/Robomaster_WS/install/ep_control:/home/cricchetto/Robomaster_WS/install/drift:/opt/ros/humble')]), 'shell': False}
[4.397435] (-) TimerEvent: {}
[4.407497] (robomaster_description) JobProgress: {'identifier': 'robomaster_description', 'progress': 'cmake'}
[4.412360] (robomaster_description) JobProgress: {'identifier': 'robomaster_description', 'progress': 'build'}
[4.414082] (robomaster_description) Command: {'cmd': ['/usr/bin/cmake', '--build', '/home/cricchetto/Robomaster_WS/build/robomaster_description', '--', '-j4', '-l4'], 'cwd': '/home/cricchetto/Robomaster_WS/build/robomaster_description', 'env': OrderedDict([('LESSOPEN', '| /usr/bin/lesspipe %s'), ('USER', 'cricchetto'), ('SSH_CLIENT', '172.18.147.201 48990 22'), ('LC_TIME', 'es_AR.UTF-8'), ('XDG_SESSION_TYPE', 'tty'), ('SHLVL', '2'), ('LD_LIBRARY_PATH', '/home/cricchetto/Robomaster_WS/install/robomaster_msgs/lib:/home/cricchetto/Robomaster_WS/install/multirobot_map_merge/lib:/opt/ros/humble/opt/rviz_ogre_vendor/lib:/opt/ros/humble/lib/aarch64-linux-gnu:/opt/ros/humble/lib'), ('MOTD_SHOWN', 'pam'), ('HOME', '/home/cricchetto'), ('OLDPWD', '/home/cricchetto'), ('SSH_TTY', '/dev/pts/0'), ('ROS_PYTHON_VERSION', '3'), ('LC_MONETARY', 'es_AR.UTF-8'), ('DBUS_SESSION_BUS_ADDRESS', 'unix:path=/run/user/1000/bus'), ('COLCON_PREFIX_PATH', '/home/cricchetto/Robomaster_WS/install'), ('ROS_DISTRO', 'humble'), ('LOGNAME', 'cricchetto'), ('_', '/usr/bin/colcon'), ('ROS_VERSION', '2'), ('XDG_SESSION_CLASS', 'user'), ('TERM', 'xterm-256color'), ('XDG_SESSION_ID', '1'), ('ROS_LOCALHOST_ONLY', '0'), ('PATH', '/home/cricchetto/.local/bin:/opt/ros/humble/bin:/usr/local/sbin:/usr/local/bin:/usr/sbin:/usr/bin:/sbin:/bin:/usr/games:/usr/local/games:/snap/bin:/home/cricchettoSD/.local/bin'), ('LC_ADDRESS', 'es_AR.UTF-8'), ('XDG_RUNTIME_DIR', '/run/user/1000'), ('DISPLAY', 'localhost:10.0'), ('LANG', 'en_US.UTF-8'), ('LC_TELEPHONE', 'es_AR.UTF-8'), ('LS_COLORS', 'rs=0:di=01;34:ln=01;36:mh=00:pi=40;33:so=01;35:do=01;35:bd=40;33;01:cd=40;33;01:or=40;31;01:mi=00:su=37;41:sg=30;43:ca=30;41:tw=30;42:ow=34;42:st=37;44:ex=01;32:*.tar=01;31:*.tgz=01;31:*.arc=01;31:*.arj=01;31:*.taz=01;31:*.lha=01;31:*.lz4=01;31:*.lzh=01;31:*.lzma=01;31:*.tlz=01;31:*.txz=01;31:*.tzo=01;31:*.t7z=01;31:*.zip=01;31:*.z=01;31:*.dz=01;31:*.gz=01;31:*.lrz=01;31:*.lz=01;31:*.lzo=01;31:*.xz=01;31:*.zst=01;31:*.tzst=01;31:*.bz2=01;31:*.bz=01;31:*.tbz=01;31:*.tbz2=01;31:*.tz=01;31:*.deb=01;31:*.rpm=01;31:*.jar=01;31:*.war=01;31:*.ear=01;31:*.sar=01;31:*.rar=01;31:*.alz=01;31:*.ace=01;31:*.zoo=01;31:*.cpio=01;31:*.7z=01;31:*.rz=01;31:*.cab=01;31:*.wim=01;31:*.swm=01;31:*.dwm=01;31:*.esd=01;31:*.jpg=01;35:*.jpeg=01;35:*.mjpg=01;35:*.mjpeg=01;35:*.gif=01;35:*.bmp=01;35:*.pbm=01;35:*.pgm=01;35:*.ppm=01;35:*.tga=01;35:*.xbm=01;35:*.xpm=01;35:*.tif=01;35:*.tiff=01;35:*.png=01;35:*.svg=01;35:*.svgz=01;35:*.mng=01;35:*.pcx=01;35:*.mov=01;35:*.mpg=01;35:*.mpeg=01;35:*.m2v=01;35:*.mkv=01;35:*.webm=01;35:*.webp=01;35:*.ogm=01;35:*.mp4=01;35:*.m4v=01;35:*.mp4v=01;35:*.vob=01;35:*.qt=01;35:*.nuv=01;35:*.wmv=01;35:*.asf=01;35:*.rm=01;35:*.rmvb=01;35:*.flc=01;35:*.avi=01;35:*.fli=01;35:*.flv=01;35:*.gl=01;35:*.dl=01;35:*.xcf=01;35:*.xwd=01;35:*.yuv=01;35:*.cgm=01;35:*.emf=01;35:*.ogv=01;35:*.ogx=01;35:*.aac=00;36:*.au=00;36:*.flac=00;36:*.m4a=00;36:*.mid=00;36:*.midi=00;36:*.mka=00;36:*.mp3=00;36:*.mpc=00;36:*.ogg=00;36:*.ra=00;36:*.wav=00;36:*.oga=00;36:*.opus=00;36:*.spx=00;36:*.xspf=00;36:'), ('AMENT_PREFIX_PATH', '/home/cricchetto/Robomaster_WS/install/sllidar_ros2:/home/cricchetto/Robomaster_WS/install/robomaster_ros:/home/cricchetto/Robomaster_WS/install/robomaster_msgs:/home/cricchetto/Robomaster_WS/install/robomaster_description:/home/cricchetto/Robomaster_WS/install/multirobot_map_merge:/home/cricchetto/Robomaster_WS/install/explore_lite:/home/cricchetto/Robomaster_WS/install/ep_control:/home/cricchetto/Robomaster_WS/install/drift:/opt/ros/humble'), ('SHELL', '/bin/bash'), ('LC_NAME', 'es_AR.UTF-8'), ('LESSCLOSE', '/usr/bin/lesspipe %s %s'), ('LC_MEASUREMENT', 'es_AR.UTF-8'), ('LC_IDENTIFICATION', 'es_AR.UTF-8'), ('PWD', '/home/cricchetto/Robomaster_WS/build/robomaster_description'), ('LC_ALL', 'en_US.UTF-8'), ('SSH_CONNECTION', '172.18.147.201 48990 172.18.147.143 22'), ('PYTHONPATH', '/home/cricchetto/Robomaster_WS/install/robomaster_ros/lib/python3.10/site-packages:/home/cricchetto/Robomaster_WS/install/robomaster_msgs/local/lib/python3.10/dist-packages:/home/cricchetto/Robomaster_WS/install/ep_control/lib/python3.10/site-packages:/home/cricchetto/Robomaster_WS/install/drift/lib/python3.10/site-packages:/opt/ros/humble/lib/python3.10/site-packages:/opt/ros/humble/local/lib/python3.10/dist-packages'), ('LC_NUMERIC', 'es_AR.UTF-8'), ('LC_PAPER', 'es_AR.UTF-8'), ('COLCON', '1'), ('CMAKE_PREFIX_PATH', '/home/cricchetto/Robomaster_WS/install/sllidar_ros2:/home/cricchetto/Robomaster_WS/install/robomaster_msgs:/home/cricchetto/Robomaster_WS/install/robomaster_description:/home/cricchetto/Robomaster_WS/install/multirobot_map_merge:/home/cricchetto/Robomaster_WS/install/explore_lite:/home/cricchetto/Robomaster_WS/install/robomaster_ros:/home/cricchetto/Robomaster_WS/install/ep_control:/home/cricchetto/Robomaster_WS/install/drift:/opt/ros/humble')]), 'shell': False}
[4.497621] (-) TimerEvent: {}
[4.598469] (-) TimerEvent: {}
[4.684923] (robomaster_description) CommandEnded: {'returncode': 0}
[4.686445] (robomaster_description) JobProgress: {'identifier': 'robomaster_description', 'progress': 'install'}
[4.686610] (robomaster_description) Command: {'cmd': ['/usr/bin/cmake', '--install', '/home/cricchetto/Robomaster_WS/build/robomaster_description'], 'cwd': '/home/cricchetto/Robomaster_WS/build/robomaster_description', 'env': OrderedDict([('LESSOPEN', '| /usr/bin/lesspipe %s'), ('USER', 'cricchetto'), ('SSH_CLIENT', '172.18.147.201 48990 22'), ('LC_TIME', 'es_AR.UTF-8'), ('XDG_SESSION_TYPE', 'tty'), ('SHLVL', '2'), ('LD_LIBRARY_PATH', '/home/cricchetto/Robomaster_WS/install/robomaster_msgs/lib:/home/cricchetto/Robomaster_WS/install/multirobot_map_merge/lib:/opt/ros/humble/opt/rviz_ogre_vendor/lib:/opt/ros/humble/lib/aarch64-linux-gnu:/opt/ros/humble/lib'), ('MOTD_SHOWN', 'pam'), ('HOME', '/home/cricchetto'), ('OLDPWD', '/home/cricchetto'), ('SSH_TTY', '/dev/pts/0'), ('ROS_PYTHON_VERSION', '3'), ('LC_MONETARY', 'es_AR.UTF-8'), ('DBUS_SESSION_BUS_ADDRESS', 'unix:path=/run/user/1000/bus'), ('COLCON_PREFIX_PATH', '/home/cricchetto/Robomaster_WS/install'), ('ROS_DISTRO', 'humble'), ('LOGNAME', 'cricchetto'), ('_', '/usr/bin/colcon'), ('ROS_VERSION', '2'), ('XDG_SESSION_CLASS', 'user'), ('TERM', 'xterm-256color'), ('XDG_SESSION_ID', '1'), ('ROS_LOCALHOST_ONLY', '0'), ('PATH', '/home/cricchetto/.local/bin:/opt/ros/humble/bin:/usr/local/sbin:/usr/local/bin:/usr/sbin:/usr/bin:/sbin:/bin:/usr/games:/usr/local/games:/snap/bin:/home/cricchettoSD/.local/bin'), ('LC_ADDRESS', 'es_AR.UTF-8'), ('XDG_RUNTIME_DIR', '/run/user/1000'), ('DISPLAY', 'localhost:10.0'), ('LANG', 'en_US.UTF-8'), ('LC_TELEPHONE', 'es_AR.UTF-8'), ('LS_COLORS', 'rs=0:di=01;34:ln=01;36:mh=00:pi=40;33:so=01;35:do=01;35:bd=40;33;01:cd=40;33;01:or=40;31;01:mi=00:su=37;41:sg=30;43:ca=30;41:tw=30;42:ow=34;42:st=37;44:ex=01;32:*.tar=01;31:*.tgz=01;31:*.arc=01;31:*.arj=01;31:*.taz=01;31:*.lha=01;31:*.lz4=01;31:*.lzh=01;31:*.lzma=01;31:*.tlz=01;31:*.txz=01;31:*.tzo=01;31:*.t7z=01;31:*.zip=01;31:*.z=01;31:*.dz=01;31:*.gz=01;31:*.lrz=01;31:*.lz=01;31:*.lzo=01;31:*.xz=01;31:*.zst=01;31:*.tzst=01;31:*.bz2=01;31:*.bz=01;31:*.tbz=01;31:*.tbz2=01;31:*.tz=01;31:*.deb=01;31:*.rpm=01;31:*.jar=01;31:*.war=01;31:*.ear=01;31:*.sar=01;31:*.rar=01;31:*.alz=01;31:*.ace=01;31:*.zoo=01;31:*.cpio=01;31:*.7z=01;31:*.rz=01;31:*.cab=01;31:*.wim=01;31:*.swm=01;31:*.dwm=01;31:*.esd=01;31:*.jpg=01;35:*.jpeg=01;35:*.mjpg=01;35:*.mjpeg=01;35:*.gif=01;35:*.bmp=01;35:*.pbm=01;35:*.pgm=01;35:*.ppm=01;35:*.tga=01;35:*.xbm=01;35:*.xpm=01;35:*.tif=01;35:*.tiff=01;35:*.png=01;35:*.svg=01;35:*.svgz=01;35:*.mng=01;35:*.pcx=01;35:*.mov=01;35:*.mpg=01;35:*.mpeg=01;35:*.m2v=01;35:*.mkv=01;35:*.webm=01;35:*.webp=01;35:*.ogm=01;35:*.mp4=01;35:*.m4v=01;35:*.mp4v=01;35:*.vob=01;35:*.qt=01;35:*.nuv=01;35:*.wmv=01;35:*.asf=01;35:*.rm=01;35:*.rmvb=01;35:*.flc=01;35:*.avi=01;35:*.fli=01;35:*.flv=01;35:*.gl=01;35:*.dl=01;35:*.xcf=01;35:*.xwd=01;35:*.yuv=01;35:*.cgm=01;35:*.emf=01;35:*.ogv=01;35:*.ogx=01;35:*.aac=00;36:*.au=00;36:*.flac=00;36:*.m4a=00;36:*.mid=00;36:*.midi=00;36:*.mka=00;36:*.mp3=00;36:*.mpc=00;36:*.ogg=00;36:*.ra=00;36:*.wav=00;36:*.oga=00;36:*.opus=00;36:*.spx=00;36:*.xspf=00;36:'), ('AMENT_PREFIX_PATH', '/home/cricchetto/Robomaster_WS/install/sllidar_ros2:/home/cricchetto/Robomaster_WS/install/robomaster_ros:/home/cricchetto/Robomaster_WS/install/robomaster_msgs:/home/cricchetto/Robomaster_WS/install/robomaster_description:/home/cricchetto/Robomaster_WS/install/multirobot_map_merge:/home/cricchetto/Robomaster_WS/install/explore_lite:/home/cricchetto/Robomaster_WS/install/ep_control:/home/cricchetto/Robomaster_WS/install/drift:/opt/ros/humble'), ('SHELL', '/bin/bash'), ('LC_NAME', 'es_AR.UTF-8'), ('LESSCLOSE', '/usr/bin/lesspipe %s %s'), ('LC_MEASUREMENT', 'es_AR.UTF-8'), ('LC_IDENTIFICATION', 'es_AR.UTF-8'), ('PWD', '/home/cricchetto/Robomaster_WS/build/robomaster_description'), ('LC_ALL', 'en_US.UTF-8'), ('SSH_CONNECTION', '172.18.147.201 48990 172.18.147.143 22'), ('PYTHONPATH', '/home/cricchetto/Robomaster_WS/install/robomaster_ros/lib/python3.10/site-packages:/home/cricchetto/Robomaster_WS/install/robomaster_msgs/local/lib/python3.10/dist-packages:/home/cricchetto/Robomaster_WS/install/ep_control/lib/python3.10/site-packages:/home/cricchetto/Robomaster_WS/install/drift/lib/python3.10/site-packages:/opt/ros/humble/lib/python3.10/site-packages:/opt/ros/humble/local/lib/python3.10/dist-packages'), ('LC_NUMERIC', 'es_AR.UTF-8'), ('LC_PAPER', 'es_AR.UTF-8'), ('COLCON', '1'), ('CMAKE_PREFIX_PATH', '/home/cricchetto/Robomaster_WS/install/sllidar_ros2:/home/cricchetto/Robomaster_WS/install/robomaster_msgs:/home/cricchetto/Robomaster_WS/install/robomaster_description:/home/cricchetto/Robomaster_WS/install/multirobot_map_merge:/home/cricchetto/Robomaster_WS/install/explore_lite:/home/cricchetto/Robomaster_WS/install/robomaster_ros:/home/cricchetto/Robomaster_WS/install/ep_control:/home/cricchetto/Robomaster_WS/install/drift:/opt/ros/humble')]), 'shell': False}
[4.698717] (-) TimerEvent: {}
[4.740159] (multirobot_map_merge) StdoutLine: {'line': b'[ 33%] Built target combine_grids\n'}
[4.747079] (robomaster_description) StdoutLine: {'line': b'-- Install configuration: ""\n'}
[4.748155] (robomaster_description) StdoutLine: {'line': b'-- Up-to-date: /home/cricchetto/Robomaster_WS/install/robomaster_description/share/robomaster_description/urdf\n'}
[4.748800] (robomaster_description) StdoutLine: {'line': b'-- Up-to-date: /home/cricchetto/Robomaster_WS/install/robomaster_description/share/robomaster_description/urdf/base.urdf.xacro\n'}
[4.749616] (robomaster_description) StdoutLine: {'line': b'-- Up-to-date: /home/cricchetto/Robomaster_WS/install/robomaster_description/share/robomaster_description/urdf/camera.urdf.xacro\n'}
[4.750295] (robomaster_description) StdoutLine: {'line': b'-- Up-to-date: /home/cricchetto/Robomaster_WS/install/robomaster_description/share/robomaster_description/urdf/model.urdf\n'}
[4.750969] (robomaster_description) StdoutLine: {'line': b'-- Up-to-date: /home/cricchetto/Robomaster_WS/install/robomaster_description/share/robomaster_description/urdf/camera.urdf copia de seguridad dijo esteban por las dudas (nunca se sabe en este mundo).xacro\n'}
[4.751518] (robomaster_description) StdoutLine: {'line': b'-- Up-to-date: /home/cricchetto/Robomaster_WS/install/robomaster_description/share/robomaster_description/urdf/gripper.urdf.xacro\n'}
[4.754671] (robomaster_description) StdoutLine: {'line': b'-- Up-to-date: /home/cricchetto/Robomaster_WS/install/robomaster_description/share/robomaster_description/urdf/robomaster_ep.urdf.xacro\n'}
[4.756800] (robomaster_description) StdoutLine: {'line': b'-- Up-to-date: /home/cricchetto/Robomaster_WS/install/robomaster_description/share/robomaster_description/urdf/wheel.urdf.xacro\n'}
[4.757367] (robomaster_description) StdoutLine: {'line': b'-- Up-to-date: /home/cricchetto/Robomaster_WS/install/robomaster_description/share/robomaster_description/urdf/tof.urdf.xacro\n'}
[4.758024] (robomaster_description) StdoutLine: {'line': b'-- Up-to-date: /home/cricchetto/Robomaster_WS/install/robomaster_description/share/robomaster_description/urdf/camera(copia de seguridad extra(no funciona)).urdf.xacro\n'}
[4.759511] (robomaster_description) StdoutLine: {'line': b'-- Up-to-date: /home/cricchetto/Robomaster_WS/install/robomaster_description/share/robomaster_description/urdf/lidar.urdf.xacro\n'}
[4.769385] (robomaster_description) StdoutLine: {'line': b'-- Up-to-date: /home/cricchetto/Robomaster_WS/install/robomaster_description/share/robomaster_description/urdf/robomaster_s1.urdf.xacro\n'}
[4.770620] (robomaster_description) StdoutLine: {'line': b'-- Up-to-date: /home/cricchetto/Robomaster_WS/install/robomaster_description/share/robomaster_description/urdf/led.urdf.xacro\n'}
[4.772637] (robomaster_description) StdoutLine: {'line': b'-- Up-to-date: /home/cricchetto/Robomaster_WS/install/robomaster_description/share/robomaster_description/urdf/arm.urdf.xacro\n'}
[4.776024] (robomaster_description) StdoutLine: {'line': b'-- Up-to-date: /home/cricchetto/Robomaster_WS/install/robomaster_description/share/robomaster_description/urdf/gimbal.urdf.xacro\n'}
[4.777370] (robomaster_description) StdoutLine: {'line': b'-- Up-to-date: /home/cricchetto/Robomaster_WS/install/robomaster_description/share/robomaster_description/urdf/extension.urdf.xacro\n'}
[4.778714] (robomaster_description) StdoutLine: {'line': b'-- Up-to-date: /home/cricchetto/Robomaster_WS/install/robomaster_description/share/robomaster_description/urdf/intelligent_controller.urdf.xacro\n'}
[4.779956] (robomaster_description) StdoutLine: {'line': b'-- Up-to-date: /home/cricchetto/Robomaster_WS/install/robomaster_description/share/robomaster_description/launch\n'}
[4.781553] (robomaster_description) StdoutLine: {'line': b'-- Up-to-date: /home/cricchetto/Robomaster_WS/install/robomaster_description/share/robomaster_description/launch/robomaster_view.launch.py\n'}
[4.783071] (robomaster_description) StdoutLine: {'line': b'-- Up-to-date: /home/cricchetto/Robomaster_WS/install/robomaster_description/share/robomaster_description/launch/main.launch\n'}
[4.789022] (robomaster_description) StdoutLine: {'line': b'-- Up-to-date: /home/cricchetto/Robomaster_WS/install/robomaster_description/share/robomaster_description/launch/model.launch.py\n'}
[4.789732] (robomaster_description) StdoutLine: {'line': b'-- Up-to-date: /home/cricchetto/Robomaster_WS/install/robomaster_description/share/robomaster_description/meshes\n'}
[4.790332] (robomaster_description) StdoutLine: {'line': b'-- Up-to-date: /home/cricchetto/Robomaster_WS/install/robomaster_description/share/robomaster_description/meshes/gimbal_left_led_4.dae\n'}
[4.790998] (robomaster_description) StdoutLine: {'line': b'-- Up-to-date: /home/cricchetto/Robomaster_WS/install/robomaster_description/share/robomaster_description/meshes/right_gripper_6_collision.dae\n'}
[4.791669] (robomaster_description) StdoutLine: {'line': b'-- Up-to-date: /home/cricchetto/Robomaster_WS/install/robomaster_description/share/robomaster_description/meshes/rod_collision.dae\n'}
[4.794455] (robomaster_description) StdoutLine: {'line': b'-- Up-to-date: /home/cricchetto/Robomaster_WS/install/robomaster_description/share/robomaster_description/meshes/endpoint_bracket_collision.dae\n'}
[4.794897] (robomaster_description) StdoutLine: {'line': b'-- Up-to-date: /home/cricchetto/Robomaster_WS/install/robomaster_description/share/robomaster_description/meshes/right_led.dae\n'}
[4.795444] (robomaster_description) StdoutLine: {'line': b'-- Up-to-date: /home/cricchetto/Robomaster_WS/install/robomaster_description/share/robomaster_description/meshes/gripper_left_5.dae\n'}
[4.795900] (robomaster_description) StdoutLine: {'line': b'-- Up-to-date: /home/cricchetto/Robomaster_WS/install/robomaster_description/share/robomaster_description/meshes/triangle_collision.dae\n'}
[4.800582] (-) TimerEvent: {}
[4.801449] (robomaster_description) StdoutLine: {'line': b'-- Up-to-date: /home/cricchetto/Robomaster_WS/install/robomaster_description/share/robomaster_description/meshes/right_gripper_2.dae\n'}
[4.802480] (robomaster_description) StdoutLine: {'line': b'-- Up-to-date: /home/cricchetto/Robomaster_WS/install/robomaster_description/share/robomaster_description/meshes/gimbal.dae\n'}
[4.804074] (robomaster_description) StdoutLine: {'line': b'-- Up-to-date: /home/cricchetto/Robomaster_WS/install/robomaster_description/share/robomaster_description/meshes/speaker.dae\n'}
[4.808934] (robomaster_description) StdoutLine: {'line': b'-- Up-to-date: /home/cricchetto/Robomaster_WS/install/robomaster_description/share/robomaster_description/meshes/right_servo.dae\n'}
[4.809485] (robomaster_description) StdoutLine: {'line': b'-- Up-to-date: /home/cricchetto/Robomaster_WS/install/robomaster_description/share/robomaster_description/meshes/gimbal_base_collision.dae\n'}
[4.809961] (robomaster_description) StdoutLine: {'line': b'-- Up-to-date: /home/cricchetto/Robomaster_WS/install/robomaster_description/share/robomaster_description/meshes/TOP_Normal_OpenGL.png.001.png\n'}
[4.810429] (robomaster_description) StdoutLine: {'line': b'-- Up-to-date: /home/cricchetto/Robomaster_WS/install/robomaster_description/share/robomaster_description/meshes/gimbal_left_led.dae\n'}
[4.810902] (robomaster_description) StdoutLine: {'line': b'-- Up-to-date: /home/cricchetto/Robomaster_WS/install/robomaster_description/share/robomaster_description/meshes/arm_1.dae\n'}
[4.811315] (robomaster_description) StdoutLine: {'line': b'-- Up-to-date: /home/cricchetto/Robomaster_WS/install/robomaster_description/share/robomaster_description/meshes/gimbal_right_led_0.dae\n'}
[4.811701] (robomaster_description) StdoutLine: {'line': b'-- Up-to-date: /home/cricchetto/Robomaster_WS/install/robomaster_description/share/robomaster_description/meshes/gripper_left_2.dae\n'}
[4.812281] (robomaster_description) StdoutLine: {'line': b'-- Up-to-date: /home/cricchetto/Robomaster_WS/install/robomaster_description/share/robomaster_description/meshes/arm_1_cylinder.dae\n'}
[4.812724] (robomaster_description) StdoutLine: {'line': b'-- Up-to-date: /home/cricchetto/Robomaster_WS/install/robomaster_description/share/robomaster_description/meshes/gimbal_left_led_5.dae\n'}
[4.813141] (robomaster_description) StdoutLine: {'line': b'-- Up-to-date: /home/cricchetto/Robomaster_WS/install/robomaster_description/share/robomaster_description/meshes/gripper_left_6_collision.dae\n'}
[4.813594] (robomaster_description) StdoutLine: {'line': b'-- Up-to-date: /home/cricchetto/Robomaster_WS/install/robomaster_description/share/robomaster_description/meshes/gripper_left_1.dae\n'}
[4.814035] (robomaster_description) StdoutLine: {'line': b'-- Up-to-date: /home/cricchetto/Robomaster_WS/install/robomaster_description/share/robomaster_description/meshes/gripper_base_collision.dae\n'}
[4.814516] (robomaster_description) StdoutLine: {'line': b'-- Up-to-date: /home/cricchetto/Robomaster_WS/install/robomaster_description/share/robomaster_description/meshes/wifi_antenna_left.dae\n'}
[4.814969] (robomaster_description) StdoutLine: {'line': b'-- Up-to-date: /home/cricchetto/Robomaster_WS/install/robomaster_description/share/robomaster_description/meshes/rear_right_wheel.dae\n'}
[4.815435] (robomaster_description) StdoutLine: {'line': b'-- Up-to-date: /home/cricchetto/Robomaster_WS/install/robomaster_description/share/robomaster_description/meshes/gimbal_right_led7.dae\n'}
[4.825552] (robomaster_description) StdoutLine: {'line': b'-- Up-to-date: /home/cricchetto/Robomaster_WS/install/robomaster_description/share/robomaster_description/meshes/gimbal_collision.dae\n'}
[4.826476] (robomaster_description) StdoutLine: {'line': b'-- Up-to-date: /home/cricchetto/Robomaster_WS/install/robomaster_description/share/robomaster_description/meshes/EP_all_01_b.png\n'}
[4.827409] (robomaster_description) StdoutLine: {'line': b'-- Up-to-date: /home/cricchetto/Robomaster_WS/install/robomaster_description/share/robomaster_description/meshes/gimbal_left_led_2.dae\n'}
[4.828583] (robomaster_description) StdoutLine: {'line': b'-- Up-to-date: /home/cricchetto/Robomaster_WS/install/robomaster_description/share/robomaster_description/meshes/right_hit_sensor.dae\n'}
[4.829174] (robomaster_description) StdoutLine: {'line': b'-- Up-to-date: /home/cricchetto/Robomaster_WS/install/robomaster_description/share/robomaster_description/meshes/blaster_gun_collision.dae\n'}
[4.829795] (robomaster_description) StdoutLine: {'line': b'-- Up-to-date: /home/cricchetto/Robomaster_WS/install/robomaster_description/share/robomaster_description/meshes/gimbal_right_led_4.dae\n'}
[4.830350] (robomaster_description) StdoutLine: {'line': b'-- Up-to-date: /home/cricchetto/Robomaster_WS/install/robomaster_description/share/robomaster_description/meshes/battery.dae\n'}
[4.830896] (robomaster_description) StdoutLine: {'line': b'-- Up-to-date: /home/cricchetto/Robomaster_WS/install/robomaster_description/share/robomaster_description/meshes/blaster_top_collision.dae\n'}
[4.831309] (robomaster_description) StdoutLine: {'line': b'-- Up-to-date: /home/cricchetto/Robomaster_WS/install/robomaster_description/share/robomaster_description/meshes/gripper_left_collision.dae\n'}
[4.831697] (robomaster_description) StdoutLine: {'line': b'-- Up-to-date: /home/cricchetto/Robomaster_WS/install/robomaster_description/share/robomaster_description/meshes/wifi_antenna_right.dae\n'}
[4.832159] (robomaster_description) StdoutLine: {'line': b'-- Up-to-date: /home/cricchetto/Robomaster_WS/install/robomaster_description/share/robomaster_description/meshes/right_gripper_1.dae\n'}
[4.832622] (robomaster_description) StdoutLine: {'line': b'-- Up-to-date: /home/cricchetto/Robomaster_WS/install/robomaster_description/share/robomaster_description/meshes/gripper_left_5_collision.dae\n'}
[4.833121] (robomaster_description) StdoutLine: {'line': b'-- Up-to-date: /home/cricchetto/Robomaster_WS/install/robomaster_description/share/robomaster_description/meshes/arm_base.dae\n'}
[4.852342] (robomaster_description) StdoutLine: {'line': b'-- Up-to-date: /home/cricchetto/Robomaster_WS/install/robomaster_description/share/robomaster_description/meshes/rear_left_wheel.dae\n'}
[4.852877] (robomaster_description) StdoutLine: {'line': b'-- Up-to-date: /home/cricchetto/Robomaster_WS/install/robomaster_description/share/robomaster_description/meshes/gimbal_left_led_3.dae\n'}
[4.853415] (robomaster_description) StdoutLine: {'line': b'-- Up-to-date: /home/cricchetto/Robomaster_WS/install/robomaster_description/share/robomaster_description/meshes/gimbal_left_led_6.dae\n'}
[4.853874] (robomaster_description) StdoutLine: {'line': b'-- Up-to-date: /home/cricchetto/Robomaster_WS/install/robomaster_description/share/robomaster_description/meshes/gripper_left_7.dae\n'}
[4.854395] (robomaster_description) StdoutLine: {'line': b'-- Up-to-date: /home/cricchetto/Robomaster_WS/install/robomaster_description/share/robomaster_description/meshes/controller.dae\n'}
[4.855057] (robomaster_description) StdoutLine: {'line': b'-- Up-to-date: /home/cricchetto/Robomaster_WS/install/robomaster_description/share/robomaster_description/meshes/triangle.dae\n'}
[4.855672] (robomaster_description) StdoutLine: {'line': b'-- Up-to-date: /home/cricchetto/Robomaster_WS/install/robomaster_description/share/robomaster_description/meshes/camera.dae\n'}
[4.856725] (robomaster_description) StdoutLine: {'line': b'-- Up-to-date: /home/cricchetto/Robomaster_WS/install/robomaster_description/share/robomaster_description/meshes/rod_2_collision.dae\n'}
[4.857452] (robomaster_description) StdoutLine: {'line': b'-- Up-to-date: /home/cricchetto/Robomaster_WS/install/robomaster_description/share/robomaster_description/meshes/arm_1_collision.dae\n'}
[4.857964] (robomaster_description) StdoutLine: {'line': b'-- Up-to-date: /home/cricchetto/Robomaster_WS/install/robomaster_description/share/robomaster_description/meshes/rod_2.dae\n'}
[4.858637] (robomaster_description) StdoutLine: {'line': b'-- Up-to-date: /home/cricchetto/Robomaster_WS/install/robomaster_description/share/robomaster_description/meshes/rod_3.dae\n'}
[4.859289] (robomaster_description) StdoutLine: {'line': b'-- Up-to-date: /home/cricchetto/Robomaster_WS/install/robomaster_description/share/robomaster_description/meshes/battery_pin_right.dae\n'}
[4.860126] (robomaster_description) StdoutLine: {'line': b'-- Up-to-date: /home/cricchetto/Robomaster_WS/install/robomaster_description/share/robomaster_description/meshes/endpoint_bracket.dae\n'}
[4.867511] (robomaster_description) StdoutLine: {'line': b'-- Up-to-date: /home/cricchetto/Robomaster_WS/install/robomaster_description/share/robomaster_description/meshes/front_left_wheel.dae\n'}
[4.868246] (robomaster_description) StdoutLine: {'line': b'-- Up-to-date: /home/cricchetto/Robomaster_WS/install/robomaster_description/share/robomaster_description/meshes/right_gripper_4_collision.dae\n'}
[4.868842] (robomaster_description) StdoutLine: {'line': b'-- Up-to-date: /home/cricchetto/Robomaster_WS/install/robomaster_description/share/robomaster_description/meshes/blaster_top.dae\n'}
[4.869400] (robomaster_description) StdoutLine: {'line': b'-- Up-to-date: /home/cricchetto/Robomaster_WS/install/robomaster_description/share/robomaster_description/meshes/blaster_magazin_collision.dae\n'}
[4.869933] (robomaster_description) StdoutLine: {'line': b'-- Up-to-date: /home/cricchetto/Robomaster_WS/install/robomaster_description/share/robomaster_description/meshes/base_collision.dae\n'}
[4.870490] (robomaster_description) StdoutLine: {'line': b'-- Up-to-date: /home/cricchetto/Robomaster_WS/install/robomaster_description/share/robomaster_description/meshes/gimbal_left_armor.dae\n'}
[4.871043] (robomaster_description) StdoutLine: {'line': b'-- Up-to-date: /home/cricchetto/Robomaster_WS/install/robomaster_description/share/robomaster_description/meshes/extension_support.dae\n'}
[4.871544] (robomaster_description) StdoutLine: {'line': b'-- Up-to-date: /home/cricchetto/Robomaster_WS/install/robomaster_description/share/robomaster_description/meshes/right_gripper_6.dae\n'}
[4.872147] (robomaster_description) StdoutLine: {'line': b'-- Up-to-date: /home/cricchetto/Robomaster_WS/install/robomaster_description/share/robomaster_description/meshes/controller_cover.dae\n'}
[4.872670] (robomaster_description) StdoutLine: {'line': b'-- Up-to-date: /home/cricchetto/Robomaster_WS/install/robomaster_description/share/robomaster_description/meshes/right_gripper_5_collision.dae\n'}
[4.873255] (robomaster_description) StdoutLine: {'line': b'-- Up-to-date: /home/cricchetto/Robomaster_WS/install/robomaster_description/share/robomaster_description/meshes/gripper_left_4_collision.dae\n'}
[4.874071] (robomaster_description) StdoutLine: {'line': b'-- Up-to-date: /home/cricchetto/Robomaster_WS/install/robomaster_description/share/robomaster_description/meshes/TOP_Normal_OpenGL.png\n'}
[4.874612] (robomaster_description) StdoutLine: {'line': b'-- Up-to-date: /home/cricchetto/Robomaster_WS/install/robomaster_description/share/robomaster_description/meshes/rear_hit_sensor.dae\n'}
[4.875092] (robomaster_description) StdoutLine: {'line': b'-- Up-to-date: /home/cricchetto/Robomaster_WS/install/robomaster_description/share/robomaster_description/meshes/right_gripper_5.dae\n'}
[4.875560] (robomaster_description) StdoutLine: {'line': b'-- Up-to-date: /home/cricchetto/Robomaster_WS/install/robomaster_description/share/robomaster_description/meshes/rod_1.dae\n'}
[4.886490] (robomaster_description) StdoutLine: {'line': b'-- Up-to-date: /home/cricchetto/Robomaster_WS/install/robomaster_description/share/robomaster_description/meshes/left_hit_sensor.dae\n'}
[4.887037] (robomaster_description) StdoutLine: {'line': b'-- Up-to-date: /home/cricchetto/Robomaster_WS/install/robomaster_description/share/robomaster_description/meshes/TOP_Base_Color.png\n'}
[4.887470] (robomaster_description) StdoutLine: {'line': b'-- Up-to-date: /home/cricchetto/Robomaster_WS/install/robomaster_description/share/robomaster_description/meshes/gimbal_right_led_2.dae\n'}
[4.888029] (robomaster_description) StdoutLine: {'line': b'-- Up-to-date: /home/cricchetto/Robomaster_WS/install/robomaster_description/share/robomaster_description/meshes/speaker_collision.dae\n'}
[4.896508] (robomaster_description) StdoutLine: {'line': b'-- Up-to-date: /home/cricchetto/Robomaster_WS/install/robomaster_description/share/robomaster_description/meshes/arm_2_bar_2.dae\n'}
[4.897037] (robomaster_description) StdoutLine: {'line': b'-- Up-to-date: /home/cricchetto/Robomaster_WS/install/robomaster_description/share/robomaster_description/meshes/right_gripper_7_collision.dae\n'}
[4.897580] (robomaster_description) StdoutLine: {'line': b'-- Up-to-date: /home/cricchetto/Robomaster_WS/install/robomaster_description/share/robomaster_description/meshes/battery_pin_left.dae\n'}
[4.898105] (robomaster_description) StdoutLine: {'line': b'-- Up-to-date: /home/cricchetto/Robomaster_WS/install/robomaster_description/share/robomaster_description/meshes/blaster_gun.dae\n'}
[4.898596] (robomaster_description) StdoutLine: {'line': b'-- Up-to-date: /home/cricchetto/Robomaster_WS/install/robomaster_description/share/robomaster_description/meshes/blaster_bug.dae\n'}
[4.899055] (robomaster_description) StdoutLine: {'line': b'-- Up-to-date: /home/cricchetto/Robomaster_WS/install/robomaster_description/share/robomaster_description/meshes/intelligent_controller.dae\n'}
[4.899494] (robomaster_description) StdoutLine: {'line': b'-- Up-to-date: /home/cricchetto/Robomaster_WS/install/robomaster_description/share/robomaster_description/meshes/gripper_base.dae\n'}
[4.899974] (robomaster_description) StdoutLine: {'line': b'-- Up-to-date: /home/cricchetto/Robomaster_WS/install/robomaster_description/share/robomaster_description/meshes/arm_base_collision.dae\n'}
[4.900451] (robomaster_description) StdoutLine: {'line': b'-- Up-to-date: /home/cricchetto/Robomaster_WS/install/robomaster_description/share/robomaster_description/meshes/arm_2_collision.dae\n'}
[4.900930] (-) TimerEvent: {}
[4.901409] (robomaster_description) StdoutLine: {'line': b'-- Up-to-date: /home/cricchetto/Robomaster_WS/install/robomaster_description/share/robomaster_description/meshes/gimbal_right_led_5.dae\n'}
[4.901931] (robomaster_description) StdoutLine: {'line': b'-- Up-to-date: /home/cricchetto/Robomaster_WS/install/robomaster_description/share/robomaster_description/meshes/gimbal_side.dae\n'}
[4.902350] (robomaster_description) StdoutLine: {'line': b'-- Up-to-date: /home/cricchetto/Robomaster_WS/install/robomaster_description/share/robomaster_description/meshes/armor.dae\n'}
[4.902746] (robomaster_description) StdoutLine: {'line': b'-- Up-to-date: /home/cricchetto/Robomaster_WS/install/robomaster_description/share/robomaster_description/meshes/rear_led.dae\n'}
[4.903138] (robomaster_description) StdoutLine: {'line': b'-- Up-to-date: /home/cricchetto/Robomaster_WS/install/robomaster_description/share/robomaster_description/meshes/gimbal_base.dae\n'}
[4.903520] (robomaster_description) StdoutLine: {'line': b'-- Up-to-date: /home/cricchetto/Robomaster_WS/install/robomaster_description/share/robomaster_description/meshes/gripper_left_4.dae\n'}
[4.920163] (robomaster_description) StdoutLine: {'line': b'-- Up-to-date: /home/cricchetto/Robomaster_WS/install/robomaster_description/share/robomaster_description/meshes/right_gripper_7.dae\n'}
[4.920730] (robomaster_description) StdoutLine: {'line': b'-- Up-to-date: /home/cricchetto/Robomaster_WS/install/robomaster_description/share/robomaster_description/meshes/gimbal_left_led_1.dae\n'}
[4.921103] (robomaster_description) StdoutLine: {'line': b'-- Up-to-date: /home/cricchetto/Robomaster_WS/install/robomaster_description/share/robomaster_description/meshes/gimbal_right_led_6.dae\n'}
[4.921435] (robomaster_description) StdoutLine: {'line': b'-- Up-to-date: /home/cricchetto/Robomaster_WS/install/robomaster_description/share/robomaster_description/meshes/gimbal_right_armor.dae\n'}
[4.921817] (robomaster_description) StdoutLine: {'line': b'-- Up-to-date: /home/cricchetto/Robomaster_WS/install/robomaster_description/share/robomaster_description/meshes/front_hit_sensor.dae\n'}
[4.922209] (robomaster_description) StdoutLine: {'line': b'-- Up-to-date: /home/cricchetto/Robomaster_WS/install/robomaster_description/share/robomaster_description/meshes/gimbal_left_led_0.dae\n'}
[4.922601] (robomaster_description) StdoutLine: {'line': b'-- Up-to-date: /home/cricchetto/Robomaster_WS/install/robomaster_description/share/robomaster_description/meshes/extension_base.dae\n'}
[4.922978] (robomaster_description) StdoutLine: {'line': b'-- Up-to-date: /home/cricchetto/Robomaster_WS/install/robomaster_description/share/robomaster_description/meshes/rod_1_collision.dae\n'}
[4.923655] (robomaster_description) StdoutLine: {'line': b'-- Up-to-date: /home/cricchetto/Robomaster_WS/install/robomaster_description/share/robomaster_description/meshes/rod.dae\n'}
[4.924879] (robomaster_description) StdoutLine: {'line': b'-- Up-to-date: /home/cricchetto/Robomaster_WS/install/robomaster_description/share/robomaster_description/meshes/gripper_left_6.dae\n'}
[4.925859] (robomaster_description) StdoutLine: {'line': b'-- Up-to-date: /home/cricchetto/Robomaster_WS/install/robomaster_description/share/robomaster_description/meshes/wheel.dae\n'}
[4.926883] (robomaster_description) StdoutLine: {'line': b'-- Up-to-date: /home/cricchetto/Robomaster_WS/install/robomaster_description/share/robomaster_description/meshes/gimbal_right_led_3.dae\n'}
[4.927816] (robomaster_description) StdoutLine: {'line': b'-- Up-to-date: /home/cricchetto/Robomaster_WS/install/robomaster_description/share/robomaster_description/meshes/gimbal_left_led_7.dae\n'}
[4.941964] (robomaster_description) StdoutLine: {'line': b'-- Up-to-date: /home/cricchetto/Robomaster_WS/install/robomaster_description/share/robomaster_description/meshes/rod_3_collision.dae\n'}
[4.942556] (robomaster_description) StdoutLine: {'line': b'-- Up-to-date: /home/cricchetto/Robomaster_WS/install/robomaster_description/share/robomaster_description/meshes/gripper_left_2_collision.dae\n'}
[4.943377] (robomaster_description) StdoutLine: {'line': b'-- Up-to-date: /home/cricchetto/Robomaster_WS/install/robomaster_description/share/robomaster_description/meshes/left_led.dae\n'}
[4.944526] (robomaster_description) StdoutLine: {'line': b'-- Up-to-date: /home/cricchetto/Robomaster_WS/install/robomaster_description/share/robomaster_description/meshes/blaster_magazin.dae\n'}
[4.944982] (robomaster_description) StdoutLine: {'line': b'-- Up-to-date: /home/cricchetto/Robomaster_WS/install/robomaster_description/share/robomaster_description/meshes/gimbal_right_led.dae\n'}
[4.945433] (robomaster_description) StdoutLine: {'line': b'-- Up-to-date: /home/cricchetto/Robomaster_WS/install/robomaster_description/share/robomaster_description/meshes/front_right_wheel.dae\n'}
[4.945958] (robomaster_description) StdoutLine: {'line': b'-- Up-to-date: /home/cricchetto/Robomaster_WS/install/robomaster_description/share/robomaster_description/meshes/right_gripper_2_collision.dae\n'}
[4.946449] (robomaster_description) StdoutLine: {'line': b'-- Up-to-date: /home/cricchetto/Robomaster_WS/install/robomaster_description/share/robomaster_description/meshes/arm_2_bar_1.dae\n'}
[4.946870] (robomaster_description) StdoutLine: {'line': b'-- Up-to-date: /home/cricchetto/Robomaster_WS/install/robomaster_description/share/robomaster_description/meshes/led.dae\n'}
[4.947303] (robomaster_description) StdoutLine: {'line': b'-- Up-to-date: /home/cricchetto/Robomaster_WS/install/robomaster_description/share/robomaster_description/meshes/hit_sensor.dae\n'}
[4.961329] (robomaster_description) StdoutLine: {'line': b'-- Up-to-date: /home/cricchetto/Robomaster_WS/install/robomaster_description/share/robomaster_description/meshes/gimbal_right_led_1.dae\n'}
[4.962049] (robomaster_description) StdoutLine: {'line': b'-- Up-to-date: /home/cricchetto/Robomaster_WS/install/robomaster_description/share/robomaster_description/meshes/chassis.dae\n'}
[4.962559] (robomaster_description) StdoutLine: {'line': b'-- Up-to-date: /home/cricchetto/Robomaster_WS/install/robomaster_description/share/robomaster_description/meshes/front_led.dae\n'}
[4.963084] (robomaster_description) StdoutLine: {'line': b'-- Up-to-date: /home/cricchetto/Robomaster_WS/install/robomaster_description/share/robomaster_description/meshes/arm_2.dae\n'}
[4.963673] (robomaster_description) StdoutLine: {'line': b'-- Up-to-date: /home/cricchetto/Robomaster_WS/install/robomaster_description/share/robomaster_description/meshes/TOP_Base_Color.png.001.png\n'}
[4.964460] (robomaster_description) StdoutLine: {'line': b'-- Up-to-date: /home/cricchetto/Robomaster_WS/install/robomaster_description/share/robomaster_description/meshes/left_servo.dae\n'}
[4.965128] (robomaster_description) StdoutLine: {'line': b'-- Up-to-date: /home/cricchetto/Robomaster_WS/install/robomaster_description/share/robomaster_description/meshes/right_gripper_4.dae\n'}
[4.965682] (robomaster_description) StdoutLine: {'line': b'-- Up-to-date: /home/cricchetto/Robomaster_WS/install/robomaster_description/share/robomaster_description/meshes/gimbal_right_led_7.dae\n'}
[4.966164] (robomaster_description) StdoutLine: {'line': b'-- Up-to-date: /home/cricchetto/Robomaster_WS/install/robomaster_description/share/ament_index/resource_index/package_run_dependencies/robomaster_description\n'}
[4.966653] (robomaster_description) StdoutLine: {'line': b'-- Up-to-date: /home/cricchetto/Robomaster_WS/install/robomaster_description/share/ament_index/resource_index/parent_prefix_path/robomaster_description\n'}
[4.967075] (robomaster_description) StdoutLine: {'line': b'-- Up-to-date: /home/cricchetto/Robomaster_WS/install/robomaster_description/share/robomaster_description/environment/ament_prefix_path.sh\n'}
[4.967463] (robomaster_description) StdoutLine: {'line': b'-- Up-to-date: /home/cricchetto/Robomaster_WS/install/robomaster_description/share/robomaster_description/environment/ament_prefix_path.dsv\n'}
[4.967950] (robomaster_description) StdoutLine: {'line': b'-- Up-to-date: /home/cricchetto/Robomaster_WS/install/robomaster_description/share/robomaster_description/environment/path.sh\n'}
[4.968514] (robomaster_description) StdoutLine: {'line': b'-- Up-to-date: /home/cricchetto/Robomaster_WS/install/robomaster_description/share/robomaster_description/environment/path.dsv\n'}
[4.968930] (robomaster_description) StdoutLine: {'line': b'-- Up-to-date: /home/cricchetto/Robomaster_WS/install/robomaster_description/share/robomaster_description/local_setup.bash\n'}
[4.969280] (robomaster_description) StdoutLine: {'line': b'-- Up-to-date: /home/cricchetto/Robomaster_WS/install/robomaster_description/share/robomaster_description/local_setup.sh\n'}
[4.969688] (robomaster_description) StdoutLine: {'line': b'-- Up-to-date: /home/cricchetto/Robomaster_WS/install/robomaster_description/share/robomaster_description/local_setup.zsh\n'}
[4.970174] (robomaster_description) StdoutLine: {'line': b'-- Up-to-date: /home/cricchetto/Robomaster_WS/install/robomaster_description/share/robomaster_description/local_setup.dsv\n'}
[4.970578] (robomaster_description) StdoutLine: {'line': b'-- Installing: /home/cricchetto/Robomaster_WS/install/robomaster_description/share/robomaster_description/package.dsv\n'}
[4.970916] (robomaster_description) StdoutLine: {'line': b'-- Up-to-date: /home/cricchetto/Robomaster_WS/install/robomaster_description/share/ament_index/resource_index/packages/robomaster_description\n'}
[4.971327] (robomaster_description) StdoutLine: {'line': b'-- Up-to-date: /home/cricchetto/Robomaster_WS/install/robomaster_description/share/robomaster_description/cmake/robomaster_descriptionConfig.cmake\n'}
[4.971702] (robomaster_description) StdoutLine: {'line': b'-- Up-to-date: /home/cricchetto/Robomaster_WS/install/robomaster_description/share/robomaster_description/cmake/robomaster_descriptionConfig-version.cmake\n'}
[4.986931] (robomaster_description) StdoutLine: {'line': b'-- Up-to-date: /home/cricchetto/Robomaster_WS/install/robomaster_description/share/robomaster_description/package.xml\n'}
[4.987412] (multirobot_map_merge) StdoutLine: {'line': b'[ 50%] Built target gtest_main\n'}
[4.987848] (robomaster_description) CommandEnded: {'returncode': 0}
[4.989195] (multirobot_map_merge) StdoutLine: {'line': b'[ 66%] Built target gtest\n'}
[5.001229] (-) TimerEvent: {}
[5.006058] (robomaster_description) JobEnded: {'identifier': 'robomaster_description', 'rc': 0}
[5.009182] (sllidar_ros2) JobStarted: {'identifier': 'sllidar_ros2'}
[5.022001] (multirobot_map_merge) StdoutLine: {'line': b'[ 83%] Built target map_merge\n'}
[5.054132] (sllidar_ros2) JobProgress: {'identifier': 'sllidar_ros2', 'progress': 'cmake'}
[5.057634] (sllidar_ros2) JobProgress: {'identifier': 'sllidar_ros2', 'progress': 'build'}
[5.059349] (sllidar_ros2) Command: {'cmd': ['/usr/bin/cmake', '--build', '/home/cricchetto/Robomaster_WS/build/sllidar_ros2', '--', '-j4', '-l4'], 'cwd': '/home/cricchetto/Robomaster_WS/build/sllidar_ros2', 'env': OrderedDict([('LESSOPEN', '| /usr/bin/lesspipe %s'), ('USER', 'cricchetto'), ('SSH_CLIENT', '172.18.147.201 48990 22'), ('LC_TIME', 'es_AR.UTF-8'), ('XDG_SESSION_TYPE', 'tty'), ('SHLVL', '2'), ('LD_LIBRARY_PATH', '/home/cricchetto/Robomaster_WS/install/robomaster_msgs/lib:/home/cricchetto/Robomaster_WS/install/multirobot_map_merge/lib:/opt/ros/humble/opt/rviz_ogre_vendor/lib:/opt/ros/humble/lib/aarch64-linux-gnu:/opt/ros/humble/lib'), ('MOTD_SHOWN', 'pam'), ('HOME', '/home/cricchetto'), ('OLDPWD', '/home/cricchetto'), ('SSH_TTY', '/dev/pts/0'), ('ROS_PYTHON_VERSION', '3'), ('LC_MONETARY', 'es_AR.UTF-8'), ('DBUS_SESSION_BUS_ADDRESS', 'unix:path=/run/user/1000/bus'), ('COLCON_PREFIX_PATH', '/home/cricchetto/Robomaster_WS/install'), ('ROS_DISTRO', 'humble'), ('LOGNAME', 'cricchetto'), ('_', '/usr/bin/colcon'), ('ROS_VERSION', '2'), ('XDG_SESSION_CLASS', 'user'), ('TERM', 'xterm-256color'), ('XDG_SESSION_ID', '1'), ('ROS_LOCALHOST_ONLY', '0'), ('PATH', '/home/cricchetto/.local/bin:/opt/ros/humble/bin:/usr/local/sbin:/usr/local/bin:/usr/sbin:/usr/bin:/sbin:/bin:/usr/games:/usr/local/games:/snap/bin:/home/cricchettoSD/.local/bin'), ('LC_ADDRESS', 'es_AR.UTF-8'), ('XDG_RUNTIME_DIR', '/run/user/1000'), ('DISPLAY', 'localhost:10.0'), ('LANG', 'en_US.UTF-8'), ('LC_TELEPHONE', 'es_AR.UTF-8'), ('LS_COLORS', 'rs=0:di=01;34:ln=01;36:mh=00:pi=40;33:so=01;35:do=01;35:bd=40;33;01:cd=40;33;01:or=40;31;01:mi=00:su=37;41:sg=30;43:ca=30;41:tw=30;42:ow=34;42:st=37;44:ex=01;32:*.tar=01;31:*.tgz=01;31:*.arc=01;31:*.arj=01;31:*.taz=01;31:*.lha=01;31:*.lz4=01;31:*.lzh=01;31:*.lzma=01;31:*.tlz=01;31:*.txz=01;31:*.tzo=01;31:*.t7z=01;31:*.zip=01;31:*.z=01;31:*.dz=01;31:*.gz=01;31:*.lrz=01;31:*.lz=01;31:*.lzo=01;31:*.xz=01;31:*.zst=01;31:*.tzst=01;31:*.bz2=01;31:*.bz=01;31:*.tbz=01;31:*.tbz2=01;31:*.tz=01;31:*.deb=01;31:*.rpm=01;31:*.jar=01;31:*.war=01;31:*.ear=01;31:*.sar=01;31:*.rar=01;31:*.alz=01;31:*.ace=01;31:*.zoo=01;31:*.cpio=01;31:*.7z=01;31:*.rz=01;31:*.cab=01;31:*.wim=01;31:*.swm=01;31:*.dwm=01;31:*.esd=01;31:*.jpg=01;35:*.jpeg=01;35:*.mjpg=01;35:*.mjpeg=01;35:*.gif=01;35:*.bmp=01;35:*.pbm=01;35:*.pgm=01;35:*.ppm=01;35:*.tga=01;35:*.xbm=01;35:*.xpm=01;35:*.tif=01;35:*.tiff=01;35:*.png=01;35:*.svg=01;35:*.svgz=01;35:*.mng=01;35:*.pcx=01;35:*.mov=01;35:*.mpg=01;35:*.mpeg=01;35:*.m2v=01;35:*.mkv=01;35:*.webm=01;35:*.webp=01;35:*.ogm=01;35:*.mp4=01;35:*.m4v=01;35:*.mp4v=01;35:*.vob=01;35:*.qt=01;35:*.nuv=01;35:*.wmv=01;35:*.asf=01;35:*.rm=01;35:*.rmvb=01;35:*.flc=01;35:*.avi=01;35:*.fli=01;35:*.flv=01;35:*.gl=01;35:*.dl=01;35:*.xcf=01;35:*.xwd=01;35:*.yuv=01;35:*.cgm=01;35:*.emf=01;35:*.ogv=01;35:*.ogx=01;35:*.aac=00;36:*.au=00;36:*.flac=00;36:*.m4a=00;36:*.mid=00;36:*.midi=00;36:*.mka=00;36:*.mp3=00;36:*.mpc=00;36:*.ogg=00;36:*.ra=00;36:*.wav=00;36:*.oga=00;36:*.opus=00;36:*.spx=00;36:*.xspf=00;36:'), ('AMENT_PREFIX_PATH', '/home/cricchetto/Robomaster_WS/install/sllidar_ros2:/home/cricchetto/Robomaster_WS/install/robomaster_ros:/home/cricchetto/Robomaster_WS/install/robomaster_msgs:/home/cricchetto/Robomaster_WS/install/robomaster_description:/home/cricchetto/Robomaster_WS/install/multirobot_map_merge:/home/cricchetto/Robomaster_WS/install/explore_lite:/home/cricchetto/Robomaster_WS/install/ep_control:/home/cricchetto/Robomaster_WS/install/drift:/opt/ros/humble'), ('SHELL', '/bin/bash'), ('LC_NAME', 'es_AR.UTF-8'), ('LESSCLOSE', '/usr/bin/lesspipe %s %s'), ('LC_MEASUREMENT', 'es_AR.UTF-8'), ('LC_IDENTIFICATION', 'es_AR.UTF-8'), ('PWD', '/home/cricchetto/Robomaster_WS/build/sllidar_ros2'), ('LC_ALL', 'en_US.UTF-8'), ('SSH_CONNECTION', '172.18.147.201 48990 172.18.147.143 22'), ('PYTHONPATH', '/home/cricchetto/Robomaster_WS/install/robomaster_ros/lib/python3.10/site-packages:/home/cricchetto/Robomaster_WS/install/robomaster_msgs/local/lib/python3.10/dist-packages:/home/cricchetto/Robomaster_WS/install/ep_control/lib/python3.10/site-packages:/home/cricchetto/Robomaster_WS/install/drift/lib/python3.10/site-packages:/opt/ros/humble/lib/python3.10/site-packages:/opt/ros/humble/local/lib/python3.10/dist-packages'), ('LC_NUMERIC', 'es_AR.UTF-8'), ('LC_PAPER', 'es_AR.UTF-8'), ('COLCON', '1'), ('CMAKE_PREFIX_PATH', '/home/cricchetto/Robomaster_WS/install/sllidar_ros2:/home/cricchetto/Robomaster_WS/install/robomaster_msgs:/home/cricchetto/Robomaster_WS/install/robomaster_description:/home/cricchetto/Robomaster_WS/install/multirobot_map_merge:/home/cricchetto/Robomaster_WS/install/explore_lite:/home/cricchetto/Robomaster_WS/install/robomaster_ros:/home/cricchetto/Robomaster_WS/install/ep_control:/home/cricchetto/Robomaster_WS/install/drift:/opt/ros/humble')]), 'shell': False}
[5.088344] (multirobot_map_merge) StdoutLine: {'line': b'[100%] Built target test_merging_pipeline\n'}
[5.101596] (-) TimerEvent: {}
[5.160655] (multirobot_map_merge) CommandEnded: {'returncode': 0}
[5.163334] (multirobot_map_merge) JobProgress: {'identifier': 'multirobot_map_merge', 'progress': 'install'}
[5.163771] (multirobot_map_merge) Command: {'cmd': ['/usr/bin/cmake', '--install', '/home/cricchetto/Robomaster_WS/build/multirobot_map_merge'], 'cwd': '/home/cricchetto/Robomaster_WS/build/multirobot_map_merge', 'env': OrderedDict([('LESSOPEN', '| /usr/bin/lesspipe %s'), ('USER', 'cricchetto'), ('SSH_CLIENT', '172.18.147.201 48990 22'), ('LC_TIME', 'es_AR.UTF-8'), ('XDG_SESSION_TYPE', 'tty'), ('SHLVL', '2'), ('LD_LIBRARY_PATH', '/home/cricchetto/Robomaster_WS/install/robomaster_msgs/lib:/home/cricchetto/Robomaster_WS/install/multirobot_map_merge/lib:/opt/ros/humble/opt/rviz_ogre_vendor/lib:/opt/ros/humble/lib/aarch64-linux-gnu:/opt/ros/humble/lib'), ('MOTD_SHOWN', 'pam'), ('HOME', '/home/cricchetto'), ('OLDPWD', '/home/cricchetto'), ('SSH_TTY', '/dev/pts/0'), ('ROS_PYTHON_VERSION', '3'), ('LC_MONETARY', 'es_AR.UTF-8'), ('DBUS_SESSION_BUS_ADDRESS', 'unix:path=/run/user/1000/bus'), ('COLCON_PREFIX_PATH', '/home/cricchetto/Robomaster_WS/install'), ('ROS_DISTRO', 'humble'), ('LOGNAME', 'cricchetto'), ('_', '/usr/bin/colcon'), ('ROS_VERSION', '2'), ('XDG_SESSION_CLASS', 'user'), ('TERM', 'xterm-256color'), ('XDG_SESSION_ID', '1'), ('ROS_LOCALHOST_ONLY', '0'), ('PATH', '/home/cricchetto/.local/bin:/opt/ros/humble/bin:/usr/local/sbin:/usr/local/bin:/usr/sbin:/usr/bin:/sbin:/bin:/usr/games:/usr/local/games:/snap/bin:/home/cricchettoSD/.local/bin'), ('LC_ADDRESS', 'es_AR.UTF-8'), ('XDG_RUNTIME_DIR', '/run/user/1000'), ('DISPLAY', 'localhost:10.0'), ('LANG', 'en_US.UTF-8'), ('LC_TELEPHONE', 'es_AR.UTF-8'), ('LS_COLORS', 'rs=0:di=01;34:ln=01;36:mh=00:pi=40;33:so=01;35:do=01;35:bd=40;33;01:cd=40;33;01:or=40;31;01:mi=00:su=37;41:sg=30;43:ca=30;41:tw=30;42:ow=34;42:st=37;44:ex=01;32:*.tar=01;31:*.tgz=01;31:*.arc=01;31:*.arj=01;31:*.taz=01;31:*.lha=01;31:*.lz4=01;31:*.lzh=01;31:*.lzma=01;31:*.tlz=01;31:*.txz=01;31:*.tzo=01;31:*.t7z=01;31:*.zip=01;31:*.z=01;31:*.dz=01;31:*.gz=01;31:*.lrz=01;31:*.lz=01;31:*.lzo=01;31:*.xz=01;31:*.zst=01;31:*.tzst=01;31:*.bz2=01;31:*.bz=01;31:*.tbz=01;31:*.tbz2=01;31:*.tz=01;31:*.deb=01;31:*.rpm=01;31:*.jar=01;31:*.war=01;31:*.ear=01;31:*.sar=01;31:*.rar=01;31:*.alz=01;31:*.ace=01;31:*.zoo=01;31:*.cpio=01;31:*.7z=01;31:*.rz=01;31:*.cab=01;31:*.wim=01;31:*.swm=01;31:*.dwm=01;31:*.esd=01;31:*.jpg=01;35:*.jpeg=01;35:*.mjpg=01;35:*.mjpeg=01;35:*.gif=01;35:*.bmp=01;35:*.pbm=01;35:*.pgm=01;35:*.ppm=01;35:*.tga=01;35:*.xbm=01;35:*.xpm=01;35:*.tif=01;35:*.tiff=01;35:*.png=01;35:*.svg=01;35:*.svgz=01;35:*.mng=01;35:*.pcx=01;35:*.mov=01;35:*.mpg=01;35:*.mpeg=01;35:*.m2v=01;35:*.mkv=01;35:*.webm=01;35:*.webp=01;35:*.ogm=01;35:*.mp4=01;35:*.m4v=01;35:*.mp4v=01;35:*.vob=01;35:*.qt=01;35:*.nuv=01;35:*.wmv=01;35:*.asf=01;35:*.rm=01;35:*.rmvb=01;35:*.flc=01;35:*.avi=01;35:*.fli=01;35:*.flv=01;35:*.gl=01;35:*.dl=01;35:*.xcf=01;35:*.xwd=01;35:*.yuv=01;35:*.cgm=01;35:*.emf=01;35:*.ogv=01;35:*.ogx=01;35:*.aac=00;36:*.au=00;36:*.flac=00;36:*.m4a=00;36:*.mid=00;36:*.midi=00;36:*.mka=00;36:*.mp3=00;36:*.mpc=00;36:*.ogg=00;36:*.ra=00;36:*.wav=00;36:*.oga=00;36:*.opus=00;36:*.spx=00;36:*.xspf=00;36:'), ('AMENT_PREFIX_PATH', '/home/cricchetto/Robomaster_WS/install/sllidar_ros2:/home/cricchetto/Robomaster_WS/install/robomaster_ros:/home/cricchetto/Robomaster_WS/install/robomaster_msgs:/home/cricchetto/Robomaster_WS/install/robomaster_description:/home/cricchetto/Robomaster_WS/install/multirobot_map_merge:/home/cricchetto/Robomaster_WS/install/explore_lite:/home/cricchetto/Robomaster_WS/install/ep_control:/home/cricchetto/Robomaster_WS/install/drift:/opt/ros/humble'), ('SHELL', '/bin/bash'), ('LC_NAME', 'es_AR.UTF-8'), ('LESSCLOSE', '/usr/bin/lesspipe %s %s'), ('LC_MEASUREMENT', 'es_AR.UTF-8'), ('LC_IDENTIFICATION', 'es_AR.UTF-8'), ('PWD', '/home/cricchetto/Robomaster_WS/build/multirobot_map_merge'), ('LC_ALL', 'en_US.UTF-8'), ('SSH_CONNECTION', '172.18.147.201 48990 172.18.147.143 22'), ('PYTHONPATH', '/home/cricchetto/Robomaster_WS/install/robomaster_ros/lib/python3.10/site-packages:/home/cricchetto/Robomaster_WS/install/robomaster_msgs/local/lib/python3.10/dist-packages:/home/cricchetto/Robomaster_WS/install/ep_control/lib/python3.10/site-packages:/home/cricchetto/Robomaster_WS/install/drift/lib/python3.10/site-packages:/opt/ros/humble/lib/python3.10/site-packages:/opt/ros/humble/local/lib/python3.10/dist-packages'), ('LC_NUMERIC', 'es_AR.UTF-8'), ('LC_PAPER', 'es_AR.UTF-8'), ('COLCON', '1'), ('CMAKE_PREFIX_PATH', '/home/cricchetto/Robomaster_WS/install/sllidar_ros2:/home/cricchetto/Robomaster_WS/install/robomaster_msgs:/home/cricchetto/Robomaster_WS/install/robomaster_description:/home/cricchetto/Robomaster_WS/install/multirobot_map_merge:/home/cricchetto/Robomaster_WS/install/explore_lite:/home/cricchetto/Robomaster_WS/install/robomaster_ros:/home/cricchetto/Robomaster_WS/install/ep_control:/home/cricchetto/Robomaster_WS/install/drift:/opt/ros/humble')]), 'shell': False}
[5.201904] (-) TimerEvent: {}
[5.223731] (multirobot_map_merge) StdoutLine: {'line': b'-- Install configuration: ""\n'}
[5.225819] (multirobot_map_merge) StdoutLine: {'line': b'-- Up-to-date: /home/cricchetto/Robomaster_WS/install/multirobot_map_merge/include/map_merge/\n'}
[5.228002] (multirobot_map_merge) StdoutLine: {'line': b'-- Up-to-date: /home/cricchetto/Robomaster_WS/install/multirobot_map_merge/include/map_merge//ros1_names.hpp\n'}
[5.229764] (multirobot_map_merge) StdoutLine: {'line': b'-- Up-to-date: /home/cricchetto/Robomaster_WS/install/multirobot_map_merge/include/map_merge//map_merge.h\n'}
[5.232330] (multirobot_map_merge) StdoutLine: {'line': b'-- Up-to-date: /home/cricchetto/Robomaster_WS/install/multirobot_map_merge/share/multirobot_map_merge/launch\n'}
[5.235381] (multirobot_map_merge) StdoutLine: {'line': b'-- Up-to-date: /home/cricchetto/Robomaster_WS/install/multirobot_map_merge/share/multirobot_map_merge/launch/from_map_server.launch.py\n'}
[5.238729] (multirobot_map_merge) StdoutLine: {'line': b'-- Up-to-date: /home/cricchetto/Robomaster_WS/install/multirobot_map_merge/share/multirobot_map_merge/launch/map_merge.launch.py\n'}
[5.240875] (multirobot_map_merge) StdoutLine: {'line': b'-- Up-to-date: /home/cricchetto/Robomaster_WS/install/multirobot_map_merge/share/multirobot_map_merge/launch/map_merge.rviz\n'}
[5.244433] (multirobot_map_merge) StdoutLine: {'line': b'-- Up-to-date: /home/cricchetto/Robomaster_WS/install/multirobot_map_merge/share/multirobot_map_merge/launch/tb3_simulation\n'}
[5.246362] (multirobot_map_merge) StdoutLine: {'line': b'-- Up-to-date: /home/cricchetto/Robomaster_WS/install/multirobot_map_merge/share/multirobot_map_merge/launch/tb3_simulation/worlds\n'}
[5.248210] (multirobot_map_merge) StdoutLine: {'line': b'-- Up-to-date: /home/cricchetto/Robomaster_WS/install/multirobot_map_merge/share/multirobot_map_merge/launch/tb3_simulation/worlds/world_only.model\n'}
[5.248710] (multirobot_map_merge) StdoutLine: {'line': b'-- Up-to-date: /home/cricchetto/Robomaster_WS/install/multirobot_map_merge/share/multirobot_map_merge/launch/tb3_simulation/bringup_launch.py\n'}
[5.249184] (multirobot_map_merge) StdoutLine: {'line': b'-- Up-to-date: /home/cricchetto/Robomaster_WS/install/multirobot_map_merge/share/multirobot_map_merge/launch/tb3_simulation/slam_toolbox.py\n'}
[5.249858] (multirobot_map_merge) StdoutLine: {'line': b'-- Up-to-date: /home/cricchetto/Robomaster_WS/install/multirobot_map_merge/share/multirobot_map_merge/launch/tb3_simulation/config\n'}
[5.250755] (multirobot_map_merge) StdoutLine: {'line': b'-- Up-to-date: /home/cricchetto/Robomaster_WS/install/multirobot_map_merge/share/multirobot_map_merge/launch/tb3_simulation/config/nav2_multirobot_params_2.yaml\n'}
[5.258190] (multirobot_map_merge) StdoutLine: {'line': b'-- Up-to-date: /home/cricchetto/Robomaster_WS/install/multirobot_map_merge/share/multirobot_map_merge/launch/tb3_simulation/config/nav2_multirobot_params_1.yaml\n'}
[5.260589] (multirobot_map_merge) StdoutLine: {'line': b'-- Up-to-date: /home/cricchetto/Robomaster_WS/install/multirobot_map_merge/share/multirobot_map_merge/launch/tb3_simulation/multi_tb3_simulation_launch.py\n'}
[5.261759] (multirobot_map_merge) StdoutLine: {'line': b'-- Up-to-date: /home/cricchetto/Robomaster_WS/install/multirobot_map_merge/share/multirobot_map_merge/launch/tb3_simulation/tb3_simulation_launch.py\n'}
[5.268737] (multirobot_map_merge) StdoutLine: {'line': b'-- Up-to-date: /home/cricchetto/Robomaster_WS/install/multirobot_map_merge/share/multirobot_map_merge/config\n'}
[5.270215] (multirobot_map_merge) StdoutLine: {'line': b'-- Up-to-date: /home/cricchetto/Robomaster_WS/install/multirobot_map_merge/share/multirobot_map_merge/config/params.yaml\n'}
[5.272100] (multirobot_map_merge) StdoutLine: {'line': b'-- Up-to-date: /home/cricchetto/Robomaster_WS/install/multirobot_map_merge/lib/libcombine_grids.a\n'}
[5.277672] (multirobot_map_merge) StdoutLine: {'line': b'-- Up-to-date: /home/cricchetto/Robomaster_WS/install/multirobot_map_merge/lib/multirobot_map_merge/map_merge\n'}
[5.288953] (multirobot_map_merge) StdoutLine: {'line': b'-- Up-to-date: /home/cricchetto/Robomaster_WS/install/multirobot_map_merge/share/multirobot_map_merge/environment/library_path.sh\n'}
[5.290591] (multirobot_map_merge) StdoutLine: {'line': b'-- Up-to-date: /home/cricchetto/Robomaster_WS/install/multirobot_map_merge/share/multirobot_map_merge/environment/library_path.dsv\n'}
[5.292950] (multirobot_map_merge) StdoutLine: {'line': b'-- Up-to-date: /home/cricchetto/Robomaster_WS/install/multirobot_map_merge/share/ament_index/resource_index/package_run_dependencies/multirobot_map_merge\n'}
[5.303811] (-) TimerEvent: {}
[5.304625] (multirobot_map_merge) StdoutLine: {'line': b'-- Up-to-date: /home/cricchetto/Robomaster_WS/install/multirobot_map_merge/share/ament_index/resource_index/parent_prefix_path/multirobot_map_merge\n'}
[5.305361] (multirobot_map_merge) StdoutLine: {'line': b'-- Up-to-date: /home/cricchetto/Robomaster_WS/install/multirobot_map_merge/share/multirobot_map_merge/environment/ament_prefix_path.sh\n'}
[5.306086] (multirobot_map_merge) StdoutLine: {'line': b'-- Up-to-date: /home/cricchetto/Robomaster_WS/install/multirobot_map_merge/share/multirobot_map_merge/environment/ament_prefix_path.dsv\n'}
[5.306804] (multirobot_map_merge) StdoutLine: {'line': b'-- Up-to-date: /home/cricchetto/Robomaster_WS/install/multirobot_map_merge/share/multirobot_map_merge/environment/path.sh\n'}
[5.307551] (multirobot_map_merge) StdoutLine: {'line': b'-- Up-to-date: /home/cricchetto/Robomaster_WS/install/multirobot_map_merge/share/multirobot_map_merge/environment/path.dsv\n'}
[5.308672] (multirobot_map_merge) StdoutLine: {'line': b'-- Up-to-date: /home/cricchetto/Robomaster_WS/install/multirobot_map_merge/share/multirobot_map_merge/local_setup.bash\n'}
[5.309461] (multirobot_map_merge) StdoutLine: {'line': b'-- Up-to-date: /home/cricchetto/Robomaster_WS/install/multirobot_map_merge/share/multirobot_map_merge/local_setup.sh\n'}
[5.310502] (multirobot_map_merge) StdoutLine: {'line': b'-- Up-to-date: /home/cricchetto/Robomaster_WS/install/multirobot_map_merge/share/multirobot_map_merge/local_setup.zsh\n'}
[5.312457] (multirobot_map_merge) StdoutLine: {'line': b'-- Up-to-date: /home/cricchetto/Robomaster_WS/install/multirobot_map_merge/share/multirobot_map_merge/local_setup.dsv\n'}
[5.313466] (multirobot_map_merge) StdoutLine: {'line': b'-- Installing: /home/cricchetto/Robomaster_WS/install/multirobot_map_merge/share/multirobot_map_merge/package.dsv\n'}
[5.315439] (multirobot_map_merge) StdoutLine: {'line': b'-- Up-to-date: /home/cricchetto/Robomaster_WS/install/multirobot_map_merge/share/ament_index/resource_index/packages/multirobot_map_merge\n'}
[5.316708] (multirobot_map_merge) StdoutLine: {'line': b'-- Up-to-date: /home/cricchetto/Robomaster_WS/install/multirobot_map_merge/share/multirobot_map_merge/cmake/ament_cmake_export_include_directories-extras.cmake\n'}
[5.317303] (multirobot_map_merge) StdoutLine: {'line': b'-- Up-to-date: /home/cricchetto/Robomaster_WS/install/multirobot_map_merge/share/multirobot_map_merge/cmake/ament_cmake_export_libraries-extras.cmake\n'}
[5.317738] (multirobot_map_merge) StdoutLine: {'line': b'-- Up-to-date: /home/cricchetto/Robomaster_WS/install/multirobot_map_merge/share/multirobot_map_merge/cmake/multirobot_map_mergeConfig.cmake\n'}
[5.318333] (multirobot_map_merge) StdoutLine: {'line': b'-- Up-to-date: /home/cricchetto/Robomaster_WS/install/multirobot_map_merge/share/multirobot_map_merge/cmake/multirobot_map_mergeConfig-version.cmake\n'}
[5.319711] (multirobot_map_merge) StdoutLine: {'line': b'-- Up-to-date: /home/cricchetto/Robomaster_WS/install/multirobot_map_merge/share/multirobot_map_merge/package.xml\n'}
[5.321652] (multirobot_map_merge) CommandEnded: {'returncode': 0}
[5.404153] (-) TimerEvent: {}
[5.435273] (multirobot_map_merge) JobEnded: {'identifier': 'multirobot_map_merge', 'rc': 0}
[5.442782] (robomaster_ros) JobStarted: {'identifier': 'robomaster_ros'}
[5.512013] (-) TimerEvent: {}
[5.513384] (sllidar_ros2) StdoutLine: {'line': b'[ 10%] Built target sllidar_client\n'}
[5.516645] (drift) Command: {'cmd': ['/usr/bin/python3', '-W', 'ignore:setup.py install is deprecated', '-W', 'ignore:easy_install command is deprecated', 'setup.py', 'egg_info', '--egg-base', '../../build/drift', 'build', '--build-base', '/home/cricchetto/Robomaster_WS/build/drift/build', 'install', '--record', '/home/cricchetto/Robomaster_WS/build/drift/install.log', '--single-version-externally-managed', 'install_data'], 'cwd': '/home/cricchetto/Robomaster_WS/src/drift', 'env': {'LESSOPEN': '| /usr/bin/lesspipe %s', 'USER': 'cricchetto', 'SSH_CLIENT': '172.18.147.201 48990 22', 'LC_TIME': 'es_AR.UTF-8', 'XDG_SESSION_TYPE': 'tty', 'SHLVL': '2', 'LD_LIBRARY_PATH': '/home/cricchetto/Robomaster_WS/install/robomaster_msgs/lib:/home/cricchetto/Robomaster_WS/install/multirobot_map_merge/lib:/opt/ros/humble/opt/rviz_ogre_vendor/lib:/opt/ros/humble/lib/aarch64-linux-gnu:/opt/ros/humble/lib', 'MOTD_SHOWN': 'pam', 'HOME': '/home/cricchetto', 'OLDPWD': '/home/cricchetto', 'SSH_TTY': '/dev/pts/0', 'ROS_PYTHON_VERSION': '3', 'LC_MONETARY': 'es_AR.UTF-8', 'DBUS_SESSION_BUS_ADDRESS': 'unix:path=/run/user/1000/bus', 'COLCON_PREFIX_PATH': '/home/cricchetto/Robomaster_WS/install', 'ROS_DISTRO': 'humble', 'LOGNAME': 'cricchetto', '_': '/usr/bin/colcon', 'ROS_VERSION': '2', 'XDG_SESSION_CLASS': 'user', 'TERM': 'xterm-256color', 'XDG_SESSION_ID': '1', 'ROS_LOCALHOST_ONLY': '0', 'PATH': '/home/cricchetto/.local/bin:/opt/ros/humble/bin:/usr/local/sbin:/usr/local/bin:/usr/sbin:/usr/bin:/sbin:/bin:/usr/games:/usr/local/games:/snap/bin:/home/cricchettoSD/.local/bin', 'LC_ADDRESS': 'es_AR.UTF-8', 'XDG_RUNTIME_DIR': '/run/user/1000', 'DISPLAY': 'localhost:10.0', 'LANG': 'en_US.UTF-8', 'LC_TELEPHONE': 'es_AR.UTF-8', 'LS_COLORS': 'rs=0:di=01;34:ln=01;36:mh=00:pi=40;33:so=01;35:do=01;35:bd=40;33;01:cd=40;33;01:or=40;31;01:mi=00:su=37;41:sg=30;43:ca=30;41:tw=30;42:ow=34;42:st=37;44:ex=01;32:*.tar=01;31:*.tgz=01;31:*.arc=01;31:*.arj=01;31:*.taz=01;31:*.lha=01;31:*.lz4=01;31:*.lzh=01;31:*.lzma=01;31:*.tlz=01;31:*.txz=01;31:*.tzo=01;31:*.t7z=01;31:*.zip=01;31:*.z=01;31:*.dz=01;31:*.gz=01;31:*.lrz=01;31:*.lz=01;31:*.lzo=01;31:*.xz=01;31:*.zst=01;31:*.tzst=01;31:*.bz2=01;31:*.bz=01;31:*.tbz=01;31:*.tbz2=01;31:*.tz=01;31:*.deb=01;31:*.rpm=01;31:*.jar=01;31:*.war=01;31:*.ear=01;31:*.sar=01;31:*.rar=01;31:*.alz=01;31:*.ace=01;31:*.zoo=01;31:*.cpio=01;31:*.7z=01;31:*.rz=01;31:*.cab=01;31:*.wim=01;31:*.swm=01;31:*.dwm=01;31:*.esd=01;31:*.jpg=01;35:*.jpeg=01;35:*.mjpg=01;35:*.mjpeg=01;35:*.gif=01;35:*.bmp=01;35:*.pbm=01;35:*.pgm=01;35:*.ppm=01;35:*.tga=01;35:*.xbm=01;35:*.xpm=01;35:*.tif=01;35:*.tiff=01;35:*.png=01;35:*.svg=01;35:*.svgz=01;35:*.mng=01;35:*.pcx=01;35:*.mov=01;35:*.mpg=01;35:*.mpeg=01;35:*.m2v=01;35:*.mkv=01;35:*.webm=01;35:*.webp=01;35:*.ogm=01;35:*.mp4=01;35:*.m4v=01;35:*.mp4v=01;35:*.vob=01;35:*.qt=01;35:*.nuv=01;35:*.wmv=01;35:*.asf=01;35:*.rm=01;35:*.rmvb=01;35:*.flc=01;35:*.avi=01;35:*.fli=01;35:*.flv=01;35:*.gl=01;35:*.dl=01;35:*.xcf=01;35:*.xwd=01;35:*.yuv=01;35:*.cgm=01;35:*.emf=01;35:*.ogv=01;35:*.ogx=01;35:*.aac=00;36:*.au=00;36:*.flac=00;36:*.m4a=00;36:*.mid=00;36:*.midi=00;36:*.mka=00;36:*.mp3=00;36:*.mpc=00;36:*.ogg=00;36:*.ra=00;36:*.wav=00;36:*.oga=00;36:*.opus=00;36:*.spx=00;36:*.xspf=00;36:', 'AMENT_PREFIX_PATH': '/home/cricchetto/Robomaster_WS/install/sllidar_ros2:/home/cricchetto/Robomaster_WS/install/robomaster_ros:/home/cricchetto/Robomaster_WS/install/robomaster_msgs:/home/cricchetto/Robomaster_WS/install/robomaster_description:/home/cricchetto/Robomaster_WS/install/multirobot_map_merge:/home/cricchetto/Robomaster_WS/install/explore_lite:/home/cricchetto/Robomaster_WS/install/ep_control:/home/cricchetto/Robomaster_WS/install/drift:/opt/ros/humble', 'SHELL': '/bin/bash', 'LC_NAME': 'es_AR.UTF-8', 'LESSCLOSE': '/usr/bin/lesspipe %s %s', 'LC_MEASUREMENT': 'es_AR.UTF-8', 'LC_IDENTIFICATION': 'es_AR.UTF-8', 'PWD': '/home/cricchetto/Robomaster_WS/build/drift', 'LC_ALL': 'en_US.UTF-8', 'SSH_CONNECTION': '172.18.147.201 48990 172.18.147.143 22', 'PYTHONPATH': '/home/cricchetto/Robomaster_WS/build/drift/prefix_override:/usr/lib/python3/dist-packages/colcon_core/task/python/colcon_distutils_commands:/home/cricchetto/Robomaster_WS/install/drift/lib/python3.10/site-packages:/home/cricchetto/Robomaster_WS/install/robomaster_ros/lib/python3.10/site-packages:/home/cricchetto/Robomaster_WS/install/robomaster_msgs/local/lib/python3.10/dist-packages:/home/cricchetto/Robomaster_WS/install/ep_control/lib/python3.10/site-packages:/home/cricchetto/Robomaster_WS/install/drift/lib/python3.10/site-packages:/opt/ros/humble/lib/python3.10/site-packages:/opt/ros/humble/local/lib/python3.10/dist-packages', 'LC_NUMERIC': 'es_AR.UTF-8', 'LC_PAPER': 'es_AR.UTF-8', 'COLCON': '1', 'CMAKE_PREFIX_PATH': '/home/cricchetto/Robomaster_WS/install/sllidar_ros2:/home/cricchetto/Robomaster_WS/install/robomaster_msgs:/home/cricchetto/Robomaster_WS/install/robomaster_description:/home/cricchetto/Robomaster_WS/install/multirobot_map_merge:/home/cricchetto/Robomaster_WS/install/explore_lite'}, 'shell': False}
[5.537534] (sllidar_ros2) StdoutLine: {'line': b'[100%] Built target sllidar_node\n'}
[5.612204] (-) TimerEvent: {}
[5.712975] (-) TimerEvent: {}
[5.813705] (-) TimerEvent: {}
[5.914517] (-) TimerEvent: {}
[6.015239] (-) TimerEvent: {}
[6.115954] (-) TimerEvent: {}
[6.216661] (-) TimerEvent: {}
[6.317340] (-) TimerEvent: {}
[6.418038] (-) TimerEvent: {}
[6.518792] (-) TimerEvent: {}
[6.619515] (-) TimerEvent: {}
[6.644169] (drift) StdoutLine: {'line': b'running egg_info\n'}
[6.647945] (drift) StdoutLine: {'line': b'writing ../../build/drift/drift.egg-info/PKG-INFO\n'}
[6.650322] (drift) StdoutLine: {'line': b'writing dependency_links to ../../build/drift/drift.egg-info/dependency_links.txt\n'}
[6.652976] (drift) StdoutLine: {'line': b'writing entry points to ../../build/drift/drift.egg-info/entry_points.txt\n'}
[6.654933] (drift) StdoutLine: {'line': b'writing requirements to ../../build/drift/drift.egg-info/requires.txt\n'}
[6.656260] (drift) StdoutLine: {'line': b'writing top-level names to ../../build/drift/drift.egg-info/top_level.txt\n'}
[6.669880] (drift) StdoutLine: {'line': b"reading manifest file '../../build/drift/drift.egg-info/SOURCES.txt'\n"}
[6.676444] (drift) StdoutLine: {'line': b"writing manifest file '../../build/drift/drift.egg-info/SOURCES.txt'\n"}
[6.677748] (drift) StdoutLine: {'line': b'running build\n'}
[6.679022] (drift) StdoutLine: {'line': b'running build_py\n'}
[6.682678] (drift) StdoutLine: {'line': b'running install\n'}
[6.684857] (drift) StdoutLine: {'line': b'running install_lib\n'}
[6.694524] (drift) StdoutLine: {'line': b'running install_data\n'}
[6.695845] (drift) StdoutLine: {'line': b'running install_egg_info\n'}
[6.707657] (drift) StdoutLine: {'line': b"removing '/home/cricchetto/Robomaster_WS/install/drift/lib/python3.10/site-packages/drift-0.0.1-py3.10.egg-info' (and everything under it)\n"}
[6.710079] (drift) StdoutLine: {'line': b'Copying ../../build/drift/drift.egg-info to /home/cricchetto/Robomaster_WS/install/drift/lib/python3.10/site-packages/drift-0.0.1-py3.10.egg-info\n'}
[6.719773] (-) TimerEvent: {}
[6.721543] (drift) StdoutLine: {'line': b'running install_scripts\n'}
[6.787360] (ep_control) Command: {'cmd': ['/usr/bin/python3', '-W', 'ignore:setup.py install is deprecated', '-W', 'ignore:easy_install command is deprecated', 'setup.py', 'egg_info', '--egg-base', '../../build/ep_control', 'build', '--build-base', '/home/cricchetto/Robomaster_WS/build/ep_control/build', 'install', '--record', '/home/cricchetto/Robomaster_WS/build/ep_control/install.log', '--single-version-externally-managed', 'install_data'], 'cwd': '/home/cricchetto/Robomaster_WS/src/ep_control', 'env': {'LESSOPEN': '| /usr/bin/lesspipe %s', 'USER': 'cricchetto', 'SSH_CLIENT': '172.18.147.201 48990 22', 'LC_TIME': 'es_AR.UTF-8', 'XDG_SESSION_TYPE': 'tty', 'SHLVL': '2', 'LD_LIBRARY_PATH': '/home/cricchetto/Robomaster_WS/install/robomaster_msgs/lib:/home/cricchetto/Robomaster_WS/install/multirobot_map_merge/lib:/opt/ros/humble/opt/rviz_ogre_vendor/lib:/opt/ros/humble/lib/aarch64-linux-gnu:/opt/ros/humble/lib', 'MOTD_SHOWN': 'pam', 'HOME': '/home/cricchetto', 'OLDPWD': '/home/cricchetto', 'SSH_TTY': '/dev/pts/0', 'ROS_PYTHON_VERSION': '3', 'LC_MONETARY': 'es_AR.UTF-8', 'DBUS_SESSION_BUS_ADDRESS': 'unix:path=/run/user/1000/bus', 'COLCON_PREFIX_PATH': '/home/cricchetto/Robomaster_WS/install', 'ROS_DISTRO': 'humble', 'LOGNAME': 'cricchetto', '_': '/usr/bin/colcon', 'ROS_VERSION': '2', 'XDG_SESSION_CLASS': 'user', 'TERM': 'xterm-256color', 'XDG_SESSION_ID': '1', 'ROS_LOCALHOST_ONLY': '0', 'PATH': '/home/cricchetto/.local/bin:/opt/ros/humble/bin:/usr/local/sbin:/usr/local/bin:/usr/sbin:/usr/bin:/sbin:/bin:/usr/games:/usr/local/games:/snap/bin:/home/cricchettoSD/.local/bin', 'LC_ADDRESS': 'es_AR.UTF-8', 'XDG_RUNTIME_DIR': '/run/user/1000', 'DISPLAY': 'localhost:10.0', 'LANG': 'en_US.UTF-8', 'LC_TELEPHONE': 'es_AR.UTF-8', 'LS_COLORS': 'rs=0:di=01;34:ln=01;36:mh=00:pi=40;33:so=01;35:do=01;35:bd=40;33;01:cd=40;33;01:or=40;31;01:mi=00:su=37;41:sg=30;43:ca=30;41:tw=30;42:ow=34;42:st=37;44:ex=01;32:*.tar=01;31:*.tgz=01;31:*.arc=01;31:*.arj=01;31:*.taz=01;31:*.lha=01;31:*.lz4=01;31:*.lzh=01;31:*.lzma=01;31:*.tlz=01;31:*.txz=01;31:*.tzo=01;31:*.t7z=01;31:*.zip=01;31:*.z=01;31:*.dz=01;31:*.gz=01;31:*.lrz=01;31:*.lz=01;31:*.lzo=01;31:*.xz=01;31:*.zst=01;31:*.tzst=01;31:*.bz2=01;31:*.bz=01;31:*.tbz=01;31:*.tbz2=01;31:*.tz=01;31:*.deb=01;31:*.rpm=01;31:*.jar=01;31:*.war=01;31:*.ear=01;31:*.sar=01;31:*.rar=01;31:*.alz=01;31:*.ace=01;31:*.zoo=01;31:*.cpio=01;31:*.7z=01;31:*.rz=01;31:*.cab=01;31:*.wim=01;31:*.swm=01;31:*.dwm=01;31:*.esd=01;31:*.jpg=01;35:*.jpeg=01;35:*.mjpg=01;35:*.mjpeg=01;35:*.gif=01;35:*.bmp=01;35:*.pbm=01;35:*.pgm=01;35:*.ppm=01;35:*.tga=01;35:*.xbm=01;35:*.xpm=01;35:*.tif=01;35:*.tiff=01;35:*.png=01;35:*.svg=01;35:*.svgz=01;35:*.mng=01;35:*.pcx=01;35:*.mov=01;35:*.mpg=01;35:*.mpeg=01;35:*.m2v=01;35:*.mkv=01;35:*.webm=01;35:*.webp=01;35:*.ogm=01;35:*.mp4=01;35:*.m4v=01;35:*.mp4v=01;35:*.vob=01;35:*.qt=01;35:*.nuv=01;35:*.wmv=01;35:*.asf=01;35:*.rm=01;35:*.rmvb=01;35:*.flc=01;35:*.avi=01;35:*.fli=01;35:*.flv=01;35:*.gl=01;35:*.dl=01;35:*.xcf=01;35:*.xwd=01;35:*.yuv=01;35:*.cgm=01;35:*.emf=01;35:*.ogv=01;35:*.ogx=01;35:*.aac=00;36:*.au=00;36:*.flac=00;36:*.m4a=00;36:*.mid=00;36:*.midi=00;36:*.mka=00;36:*.mp3=00;36:*.mpc=00;36:*.ogg=00;36:*.ra=00;36:*.wav=00;36:*.oga=00;36:*.opus=00;36:*.spx=00;36:*.xspf=00;36:', 'AMENT_PREFIX_PATH': '/home/cricchetto/Robomaster_WS/install/sllidar_ros2:/home/cricchetto/Robomaster_WS/install/robomaster_ros:/home/cricchetto/Robomaster_WS/install/robomaster_msgs:/home/cricchetto/Robomaster_WS/install/robomaster_description:/home/cricchetto/Robomaster_WS/install/multirobot_map_merge:/home/cricchetto/Robomaster_WS/install/explore_lite:/home/cricchetto/Robomaster_WS/install/ep_control:/home/cricchetto/Robomaster_WS/install/drift:/opt/ros/humble', 'SHELL': '/bin/bash', 'LC_NAME': 'es_AR.UTF-8', 'LESSCLOSE': '/usr/bin/lesspipe %s %s', 'LC_MEASUREMENT': 'es_AR.UTF-8', 'LC_IDENTIFICATION': 'es_AR.UTF-8', 'PWD': '/home/cricchetto/Robomaster_WS/build/ep_control', 'LC_ALL': 'en_US.UTF-8', 'SSH_CONNECTION': '172.18.147.201 48990 172.18.147.143 22', 'PYTHONPATH': '/home/cricchetto/Robomaster_WS/build/ep_control/prefix_override:/usr/lib/python3/dist-packages/colcon_core/task/python/colcon_distutils_commands:/home/cricchetto/Robomaster_WS/install/ep_control/lib/python3.10/site-packages:/home/cricchetto/Robomaster_WS/install/robomaster_ros/lib/python3.10/site-packages:/home/cricchetto/Robomaster_WS/install/robomaster_msgs/local/lib/python3.10/dist-packages:/home/cricchetto/Robomaster_WS/install/ep_control/lib/python3.10/site-packages:/home/cricchetto/Robomaster_WS/install/drift/lib/python3.10/site-packages:/opt/ros/humble/lib/python3.10/site-packages:/opt/ros/humble/local/lib/python3.10/dist-packages', 'LC_NUMERIC': 'es_AR.UTF-8', 'LC_PAPER': 'es_AR.UTF-8', 'COLCON': '1', 'CMAKE_PREFIX_PATH': '/home/cricchetto/Robomaster_WS/install/sllidar_ros2:/home/cricchetto/Robomaster_WS/install/robomaster_msgs:/home/cricchetto/Robomaster_WS/install/robomaster_description:/home/cricchetto/Robomaster_WS/install/multirobot_map_merge:/home/cricchetto/Robomaster_WS/install/explore_lite'}, 'shell': False}
[6.819417] (sllidar_ros2) CommandEnded: {'returncode': 0}
[6.820753] (-) TimerEvent: {}
[6.822935] (sllidar_ros2) JobProgress: {'identifier': 'sllidar_ros2', 'progress': 'install'}
[6.823249] (drift) StdoutLine: {'line': b'Installing drift_circle_node script to /home/cricchetto/Robomaster_WS/install/drift/lib/drift\n'}
[6.824306] (drift) StdoutLine: {'line': b'Installing play_sound_node script to /home/cricchetto/Robomaster_WS/install/drift/lib/drift\n'}
[6.826036] (sllidar_ros2) Command: {'cmd': ['/usr/bin/cmake', '--install', '/home/cricchetto/Robomaster_WS/build/sllidar_ros2'], 'cwd': '/home/cricchetto/Robomaster_WS/build/sllidar_ros2', 'env': OrderedDict([('LESSOPEN', '| /usr/bin/lesspipe %s'), ('USER', 'cricchetto'), ('SSH_CLIENT', '172.18.147.201 48990 22'), ('LC_TIME', 'es_AR.UTF-8'), ('XDG_SESSION_TYPE', 'tty'), ('SHLVL', '2'), ('LD_LIBRARY_PATH', '/home/cricchetto/Robomaster_WS/install/robomaster_msgs/lib:/home/cricchetto/Robomaster_WS/install/multirobot_map_merge/lib:/opt/ros/humble/opt/rviz_ogre_vendor/lib:/opt/ros/humble/lib/aarch64-linux-gnu:/opt/ros/humble/lib'), ('MOTD_SHOWN', 'pam'), ('HOME', '/home/cricchetto'), ('OLDPWD', '/home/cricchetto'), ('SSH_TTY', '/dev/pts/0'), ('ROS_PYTHON_VERSION', '3'), ('LC_MONETARY', 'es_AR.UTF-8'), ('DBUS_SESSION_BUS_ADDRESS', 'unix:path=/run/user/1000/bus'), ('COLCON_PREFIX_PATH', '/home/cricchetto/Robomaster_WS/install'), ('ROS_DISTRO', 'humble'), ('LOGNAME', 'cricchetto'), ('_', '/usr/bin/colcon'), ('ROS_VERSION', '2'), ('XDG_SESSION_CLASS', 'user'), ('TERM', 'xterm-256color'), ('XDG_SESSION_ID', '1'), ('ROS_LOCALHOST_ONLY', '0'), ('PATH', '/home/cricchetto/.local/bin:/opt/ros/humble/bin:/usr/local/sbin:/usr/local/bin:/usr/sbin:/usr/bin:/sbin:/bin:/usr/games:/usr/local/games:/snap/bin:/home/cricchettoSD/.local/bin'), ('LC_ADDRESS', 'es_AR.UTF-8'), ('XDG_RUNTIME_DIR', '/run/user/1000'), ('DISPLAY', 'localhost:10.0'), ('LANG', 'en_US.UTF-8'), ('LC_TELEPHONE', 'es_AR.UTF-8'), ('LS_COLORS', 'rs=0:di=01;34:ln=01;36:mh=00:pi=40;33:so=01;35:do=01;35:bd=40;33;01:cd=40;33;01:or=40;31;01:mi=00:su=37;41:sg=30;43:ca=30;41:tw=30;42:ow=34;42:st=37;44:ex=01;32:*.tar=01;31:*.tgz=01;31:*.arc=01;31:*.arj=01;31:*.taz=01;31:*.lha=01;31:*.lz4=01;31:*.lzh=01;31:*.lzma=01;31:*.tlz=01;31:*.txz=01;31:*.tzo=01;31:*.t7z=01;31:*.zip=01;31:*.z=01;31:*.dz=01;31:*.gz=01;31:*.lrz=01;31:*.lz=01;31:*.lzo=01;31:*.xz=01;31:*.zst=01;31:*.tzst=01;31:*.bz2=01;31:*.bz=01;31:*.tbz=01;31:*.tbz2=01;31:*.tz=01;31:*.deb=01;31:*.rpm=01;31:*.jar=01;31:*.war=01;31:*.ear=01;31:*.sar=01;31:*.rar=01;31:*.alz=01;31:*.ace=01;31:*.zoo=01;31:*.cpio=01;31:*.7z=01;31:*.rz=01;31:*.cab=01;31:*.wim=01;31:*.swm=01;31:*.dwm=01;31:*.esd=01;31:*.jpg=01;35:*.jpeg=01;35:*.mjpg=01;35:*.mjpeg=01;35:*.gif=01;35:*.bmp=01;35:*.pbm=01;35:*.pgm=01;35:*.ppm=01;35:*.tga=01;35:*.xbm=01;35:*.xpm=01;35:*.tif=01;35:*.tiff=01;35:*.png=01;35:*.svg=01;35:*.svgz=01;35:*.mng=01;35:*.pcx=01;35:*.mov=01;35:*.mpg=01;35:*.mpeg=01;35:*.m2v=01;35:*.mkv=01;35:*.webm=01;35:*.webp=01;35:*.ogm=01;35:*.mp4=01;35:*.m4v=01;35:*.mp4v=01;35:*.vob=01;35:*.qt=01;35:*.nuv=01;35:*.wmv=01;35:*.asf=01;35:*.rm=01;35:*.rmvb=01;35:*.flc=01;35:*.avi=01;35:*.fli=01;35:*.flv=01;35:*.gl=01;35:*.dl=01;35:*.xcf=01;35:*.xwd=01;35:*.yuv=01;35:*.cgm=01;35:*.emf=01;35:*.ogv=01;35:*.ogx=01;35:*.aac=00;36:*.au=00;36:*.flac=00;36:*.m4a=00;36:*.mid=00;36:*.midi=00;36:*.mka=00;36:*.mp3=00;36:*.mpc=00;36:*.ogg=00;36:*.ra=00;36:*.wav=00;36:*.oga=00;36:*.opus=00;36:*.spx=00;36:*.xspf=00;36:'), ('AMENT_PREFIX_PATH', '/home/cricchetto/Robomaster_WS/install/sllidar_ros2:/home/cricchetto/Robomaster_WS/install/robomaster_ros:/home/cricchetto/Robomaster_WS/install/robomaster_msgs:/home/cricchetto/Robomaster_WS/install/robomaster_description:/home/cricchetto/Robomaster_WS/install/multirobot_map_merge:/home/cricchetto/Robomaster_WS/install/explore_lite:/home/cricchetto/Robomaster_WS/install/ep_control:/home/cricchetto/Robomaster_WS/install/drift:/opt/ros/humble'), ('SHELL', '/bin/bash'), ('LC_NAME', 'es_AR.UTF-8'), ('LESSCLOSE', '/usr/bin/lesspipe %s %s'), ('LC_MEASUREMENT', 'es_AR.UTF-8'), ('LC_IDENTIFICATION', 'es_AR.UTF-8'), ('PWD', '/home/cricchetto/Robomaster_WS/build/sllidar_ros2'), ('LC_ALL', 'en_US.UTF-8'), ('SSH_CONNECTION', '172.18.147.201 48990 172.18.147.143 22'), ('PYTHONPATH', '/home/cricchetto/Robomaster_WS/install/robomaster_ros/lib/python3.10/site-packages:/home/cricchetto/Robomaster_WS/install/robomaster_msgs/local/lib/python3.10/dist-packages:/home/cricchetto/Robomaster_WS/install/ep_control/lib/python3.10/site-packages:/home/cricchetto/Robomaster_WS/install/drift/lib/python3.10/site-packages:/opt/ros/humble/lib/python3.10/site-packages:/opt/ros/humble/local/lib/python3.10/dist-packages'), ('LC_NUMERIC', 'es_AR.UTF-8'), ('LC_PAPER', 'es_AR.UTF-8'), ('COLCON', '1'), ('CMAKE_PREFIX_PATH', '/home/cricchetto/Robomaster_WS/install/sllidar_ros2:/home/cricchetto/Robomaster_WS/install/robomaster_msgs:/home/cricchetto/Robomaster_WS/install/robomaster_description:/home/cricchetto/Robomaster_WS/install/multirobot_map_merge:/home/cricchetto/Robomaster_WS/install/explore_lite:/home/cricchetto/Robomaster_WS/install/robomaster_ros:/home/cricchetto/Robomaster_WS/install/ep_control:/home/cricchetto/Robomaster_WS/install/drift:/opt/ros/humble')]), 'shell': False}
[6.828048] (drift) StdoutLine: {'line': b"writing list of installed files to '/home/cricchetto/Robomaster_WS/build/drift/install.log'\n"}
[6.896738] (sllidar_ros2) StdoutLine: {'line': b'-- Install configuration: ""\n'}
[6.898299] (sllidar_ros2) StdoutLine: {'line': b'-- Up-to-date: /home/cricchetto/Robomaster_WS/install/sllidar_ros2/share/sllidar_ros2/launch\n'}
[6.899530] (sllidar_ros2) StdoutLine: {'line': b'-- Up-to-date: /home/cricchetto/Robomaster_WS/install/sllidar_ros2/share/sllidar_ros2/launch/view_sllidar_s1_tcp_launch.py\n'}
[6.900742] (sllidar_ros2) StdoutLine: {'line': b'-- Up-to-date: /home/cricchetto/Robomaster_WS/install/sllidar_ros2/share/sllidar_ros2/launch/sllidar_a2m12_launch .py\n'}
[6.902067] (sllidar_ros2) StdoutLine: {'line': b'-- Up-to-date: /home/cricchetto/Robomaster_WS/install/sllidar_ros2/share/sllidar_ros2/launch/view_sllidar_s1_launch.py\n'}
[6.903690] (sllidar_ros2) StdoutLine: {'line': b'-- Up-to-date: /home/cricchetto/Robomaster_WS/install/sllidar_ros2/share/sllidar_ros2/launch/sllidar_s3_launch.py\n'}
[6.912693] (sllidar_ros2) StdoutLine: {'line': b'-- Up-to-date: /home/cricchetto/Robomaster_WS/install/sllidar_ros2/share/sllidar_ros2/launch/view_sllidar_a2m7_launch.py\n'}
[6.913733] (sllidar_ros2) StdoutLine: {'line': b'-- Up-to-date: /home/cricchetto/Robomaster_WS/install/sllidar_ros2/share/sllidar_ros2/launch/sllidar_a2m8_launch.py\n'}
[6.914705] (sllidar_ros2) StdoutLine: {'line': b'-- Up-to-date: /home/cricchetto/Robomaster_WS/install/sllidar_ros2/share/sllidar_ros2/launch/view_sllidar_s2_launch.py\n'}
[6.915854] (sllidar_ros2) StdoutLine: {'line': b'-- Up-to-date: /home/cricchetto/Robomaster_WS/install/sllidar_ros2/share/sllidar_ros2/launch/view_sllidar_s2e_launch.py\n'}
[6.916876] (sllidar_ros2) StdoutLine: {'line': b'-- Up-to-date: /home/cricchetto/Robomaster_WS/install/sllidar_ros2/share/sllidar_ros2/launch/view_sllidar_a2m12_launch.py\n'}
[6.917860] (sllidar_ros2) StdoutLine: {'line': b'-- Up-to-date: /home/cricchetto/Robomaster_WS/install/sllidar_ros2/share/sllidar_ros2/launch/sllidar_s1_launch.py\n'}
[6.918714] (sllidar_ros2) StdoutLine: {'line': b'-- Up-to-date: /home/cricchetto/Robomaster_WS/install/sllidar_ros2/share/sllidar_ros2/launch/view_sllidar_s3_launch.py\n'}
[6.919786] (sllidar_ros2) StdoutLine: {'line': b'-- Up-to-date: /home/cricchetto/Robomaster_WS/install/sllidar_ros2/share/sllidar_ros2/launch/view_sllidar_a2m8_launch.py\n'}
[6.921193] (-) TimerEvent: {}
[6.922117] (sllidar_ros2) StdoutLine: {'line': b'-- Up-to-date: /home/cricchetto/Robomaster_WS/install/sllidar_ros2/share/sllidar_ros2/launch/view_sllidar_t1_launch.py\n'}
[6.923397] (sllidar_ros2) StdoutLine: {'line': b'-- Up-to-date: /home/cricchetto/Robomaster_WS/install/sllidar_ros2/share/sllidar_ros2/launch/view_sllidar_a1_launch.py\n'}
[6.924233] (sllidar_ros2) StdoutLine: {'line': b'-- Up-to-date: /home/cricchetto/Robomaster_WS/install/sllidar_ros2/share/sllidar_ros2/launch/sllidar_s2_launch.py\n'}
[6.936346] (sllidar_ros2) StdoutLine: {'line': b'-- Up-to-date: /home/cricchetto/Robomaster_WS/install/sllidar_ros2/share/sllidar_ros2/launch/sllidar_t1_launch.py\n'}
[6.937992] (sllidar_ros2) StdoutLine: {'line': b'-- Up-to-date: /home/cricchetto/Robomaster_WS/install/sllidar_ros2/share/sllidar_ros2/launch/sllidar_a1_launch.py\n'}
[6.939759] (sllidar_ros2) StdoutLine: {'line': b'-- Up-to-date: /home/cricchetto/Robomaster_WS/install/sllidar_ros2/share/sllidar_ros2/launch/sllidar_c1_launch.py\n'}
[6.941582] (sllidar_ros2) StdoutLine: {'line': b'-- Up-to-date: /home/cricchetto/Robomaster_WS/install/sllidar_ros2/share/sllidar_ros2/launch/view_sllidar_c1_launch.py\n'}
[6.942512] (sllidar_ros2) StdoutLine: {'line': b'-- Up-to-date: /home/cricchetto/Robomaster_WS/install/sllidar_ros2/share/sllidar_ros2/launch/view_sllidar_a3_launch.py\n'}
[6.943590] (sllidar_ros2) StdoutLine: {'line': b'-- Up-to-date: /home/cricchetto/Robomaster_WS/install/sllidar_ros2/share/sllidar_ros2/launch/sllidar_s1_tcp_launch.py\n'}
[6.952866] (sllidar_ros2) StdoutLine: {'line': b'-- Up-to-date: /home/cricchetto/Robomaster_WS/install/sllidar_ros2/share/sllidar_ros2/launch/sllidar_a2m7_launch.py\n'}
[6.954456] (sllidar_ros2) StdoutLine: {'line': b'-- Up-to-date: /home/cricchetto/Robomaster_WS/install/sllidar_ros2/share/sllidar_ros2/launch/sllidar_a3_launch.py\n'}
[6.956256] (sllidar_ros2) StdoutLine: {'line': b'-- Up-to-date: /home/cricchetto/Robomaster_WS/install/sllidar_ros2/share/sllidar_ros2/launch/sllidar_s2e_launch.py\n'}
[6.973124] (sllidar_ros2) StdoutLine: {'line': b'-- Up-to-date: /home/cricchetto/Robomaster_WS/install/sllidar_ros2/share/sllidar_ros2/rviz\n'}
[6.973885] (sllidar_ros2) StdoutLine: {'line': b'-- Up-to-date: /home/cricchetto/Robomaster_WS/install/sllidar_ros2/share/sllidar_ros2/rviz/sllidar_ros2.rviz\n'}
[6.974692] (sllidar_ros2) StdoutLine: {'line': b'-- Up-to-date: /home/cricchetto/Robomaster_WS/install/sllidar_ros2/lib/sllidar_ros2/sllidar_node\n'}
[6.975607] (sllidar_ros2) StdoutLine: {'line': b'-- Up-to-date: /home/cricchetto/Robomaster_WS/install/sllidar_ros2/lib/sllidar_ros2/sllidar_client\n'}
[6.976472] (sllidar_ros2) StdoutLine: {'line': b'-- Up-to-date: /home/cricchetto/Robomaster_WS/install/sllidar_ros2/share/ament_index/resource_index/package_run_dependencies/sllidar_ros2\n'}
[6.977325] (sllidar_ros2) StdoutLine: {'line': b'-- Up-to-date: /home/cricchetto/Robomaster_WS/install/sllidar_ros2/share/ament_index/resource_index/parent_prefix_path/sllidar_ros2\n'}
[6.978139] (sllidar_ros2) StdoutLine: {'line': b'-- Up-to-date: /home/cricchetto/Robomaster_WS/install/sllidar_ros2/share/sllidar_ros2/environment/ament_prefix_path.sh\n'}
[6.978857] (sllidar_ros2) StdoutLine: {'line': b'-- Up-to-date: /home/cricchetto/Robomaster_WS/install/sllidar_ros2/share/sllidar_ros2/environment/ament_prefix_path.dsv\n'}
[6.979949] (sllidar_ros2) StdoutLine: {'line': b'-- Up-to-date: /home/cricchetto/Robomaster_WS/install/sllidar_ros2/share/sllidar_ros2/environment/path.sh\n'}
[6.981218] (sllidar_ros2) StdoutLine: {'line': b'-- Up-to-date: /home/cricchetto/Robomaster_WS/install/sllidar_ros2/share/sllidar_ros2/environment/path.dsv\n'}
[6.982709] (sllidar_ros2) StdoutLine: {'line': b'-- Up-to-date: /home/cricchetto/Robomaster_WS/install/sllidar_ros2/share/sllidar_ros2/local_setup.bash\n'}
[6.994452] (sllidar_ros2) StdoutLine: {'line': b'-- Up-to-date: /home/cricchetto/Robomaster_WS/install/sllidar_ros2/share/sllidar_ros2/local_setup.sh\n'}
[6.995080] (sllidar_ros2) StdoutLine: {'line': b'-- Up-to-date: /home/cricchetto/Robomaster_WS/install/sllidar_ros2/share/sllidar_ros2/local_setup.zsh\n'}
[6.995745] (sllidar_ros2) StdoutLine: {'line': b'-- Up-to-date: /home/cricchetto/Robomaster_WS/install/sllidar_ros2/share/sllidar_ros2/local_setup.dsv\n'}
[6.996541] (sllidar_ros2) StdoutLine: {'line': b'-- Installing: /home/cricchetto/Robomaster_WS/install/sllidar_ros2/share/sllidar_ros2/package.dsv\n'}
[6.997119] (sllidar_ros2) StdoutLine: {'line': b'-- Up-to-date: /home/cricchetto/Robomaster_WS/install/sllidar_ros2/share/ament_index/resource_index/packages/sllidar_ros2\n'}
[6.997686] (sllidar_ros2) StdoutLine: {'line': b'-- Up-to-date: /home/cricchetto/Robomaster_WS/install/sllidar_ros2/share/sllidar_ros2/cmake/ament_cmake_export_dependencies-extras.cmake\n'}
[6.998176] (sllidar_ros2) StdoutLine: {'line': b'-- Up-to-date: /home/cricchetto/Robomaster_WS/install/sllidar_ros2/share/sllidar_ros2/cmake/ament_cmake_export_include_directories-extras.cmake\n'}
[6.998698] (sllidar_ros2) StdoutLine: {'line': b'-- Up-to-date: /home/cricchetto/Robomaster_WS/install/sllidar_ros2/share/sllidar_ros2/cmake/sllidar_ros2Config.cmake\n'}
[6.999327] (sllidar_ros2) StdoutLine: {'line': b'-- Up-to-date: /home/cricchetto/Robomaster_WS/install/sllidar_ros2/share/sllidar_ros2/cmake/sllidar_ros2Config-version.cmake\n'}
[7.000079] (sllidar_ros2) StdoutLine: {'line': b'-- Up-to-date: /home/cricchetto/Robomaster_WS/install/sllidar_ros2/share/sllidar_ros2/package.xml\n'}
[7.000874] (sllidar_ros2) CommandEnded: {'returncode': 0}
[7.021930] (-) TimerEvent: {}
[7.065905] (sllidar_ros2) JobEnded: {'identifier': 'sllidar_ros2', 'rc': 0}
[7.073585] (drift) CommandEnded: {'returncode': 0}
[7.115142] (drift) JobEnded: {'identifier': 'drift', 'rc': 0}
[7.122140] (-) TimerEvent: {}
[7.222867] (-) TimerEvent: {}
[7.323577] (-) TimerEvent: {}
[7.424434] (-) TimerEvent: {}
[7.525065] (-) TimerEvent: {}
[7.625702] (-) TimerEvent: {}
[7.726327] (-) TimerEvent: {}
[7.826970] (-) TimerEvent: {}
[7.927657] (-) TimerEvent: {}
[8.007153] (ep_control) StdoutLine: {'line': b'running egg_info\n'}
[8.010180] (ep_control) StdoutLine: {'line': b'writing ../../build/ep_control/ep_control.egg-info/PKG-INFO\n'}
[8.011310] (ep_control) StdoutLine: {'line': b'writing dependency_links to ../../build/ep_control/ep_control.egg-info/dependency_links.txt\n'}
[8.012344] (ep_control) StdoutLine: {'line': b'writing entry points to ../../build/ep_control/ep_control.egg-info/entry_points.txt\n'}
[8.013348] (ep_control) StdoutLine: {'line': b'writing requirements to ../../build/ep_control/ep_control.egg-info/requires.txt\n'}
[8.014146] (ep_control) StdoutLine: {'line': b'writing top-level names to ../../build/ep_control/ep_control.egg-info/top_level.txt\n'}
[8.022192] (ep_control) StdoutLine: {'line': b"reading manifest file '../../build/ep_control/ep_control.egg-info/SOURCES.txt'\n"}
[8.026151] (ep_control) StdoutLine: {'line': b"writing manifest file '../../build/ep_control/ep_control.egg-info/SOURCES.txt'\n"}
[8.026904] (ep_control) StdoutLine: {'line': b'running build\n'}
[8.027655] (ep_control) StdoutLine: {'line': b'running build_py\n'}
[8.028087] (-) TimerEvent: {}
[8.029830] (ep_control) StdoutLine: {'line': b'running install\n'}
[8.031106] (ep_control) StdoutLine: {'line': b'running install_lib\n'}
[8.038014] (ep_control) StdoutLine: {'line': b'running install_data\n'}
[8.038934] (ep_control) StdoutLine: {'line': b'running install_egg_info\n'}
[8.047072] (ep_control) StdoutLine: {'line': b"removing '/home/cricchetto/Robomaster_WS/install/ep_control/lib/python3.10/site-packages/ep_control-0.0.0-py3.10.egg-info' (and everything under it)\n"}
[8.049028] (ep_control) StdoutLine: {'line': b'Copying ../../build/ep_control/ep_control.egg-info to /home/cricchetto/Robomaster_WS/install/ep_control/lib/python3.10/site-packages/ep_control-0.0.0-py3.10.egg-info\n'}
[8.055548] (ep_control) StdoutLine: {'line': b'running install_scripts\n'}
[8.128282] (-) TimerEvent: {}
[8.146334] (ep_control) StdoutLine: {'line': b'Installing gripper_state script to /home/cricchetto/Robomaster_WS/install/ep_control/lib/ep_control\n'}
[8.147463] (ep_control) StdoutLine: {'line': b'Installing joy_reader script to /home/cricchetto/Robomaster_WS/install/ep_control/lib/ep_control\n'}
[8.148568] (ep_control) StdoutLine: {'line': b'Installing joy_to_arm script to /home/cricchetto/Robomaster_WS/install/ep_control/lib/ep_control\n'}
[8.150794] (ep_control) StdoutLine: {'line': b"writing list of installed files to '/home/cricchetto/Robomaster_WS/build/ep_control/install.log'\n"}
[8.228545] (-) TimerEvent: {}
[8.285850] (ep_control) CommandEnded: {'returncode': 0}
[8.320677] (ep_control) JobEnded: {'identifier': 'ep_control', 'rc': 0}
[8.328637] (-) TimerEvent: {}
[8.429175] (-) TimerEvent: {}
[8.529864] (-) TimerEvent: {}
[8.631067] (-) TimerEvent: {}
[8.668742] (robomaster_ros) Command: {'cmd': ['/usr/bin/python3', '-W', 'ignore:setup.py install is deprecated', '-W', 'ignore:easy_install command is deprecated', 'setup.py', 'egg_info', '--egg-base', '../../../build/robomaster_ros', 'build', '--build-base', '/home/cricchetto/Robomaster_WS/build/robomaster_ros/build', 'install', '--record', '/home/cricchetto/Robomaster_WS/build/robomaster_ros/install.log', '--single-version-externally-managed', 'install_data'], 'cwd': '/home/cricchetto/Robomaster_WS/src/robomaster_ros/robomaster_ros', 'env': {'LESSOPEN': '| /usr/bin/lesspipe %s', 'USER': 'cricchetto', 'SSH_CLIENT': '172.18.147.201 48990 22', 'LC_TIME': 'es_AR.UTF-8', 'XDG_SESSION_TYPE': 'tty', 'SHLVL': '2', 'LD_LIBRARY_PATH': '/home/cricchetto/Robomaster_WS/install/robomaster_msgs/lib:/home/cricchetto/Robomaster_WS/install/multirobot_map_merge/lib:/opt/ros/humble/opt/rviz_ogre_vendor/lib:/opt/ros/humble/lib/aarch64-linux-gnu:/opt/ros/humble/lib', 'MOTD_SHOWN': 'pam', 'HOME': '/home/cricchetto', 'OLDPWD': '/home/cricchetto', 'SSH_TTY': '/dev/pts/0', 'ROS_PYTHON_VERSION': '3', 'LC_MONETARY': 'es_AR.UTF-8', 'DBUS_SESSION_BUS_ADDRESS': 'unix:path=/run/user/1000/bus', 'COLCON_PREFIX_PATH': '/home/cricchetto/Robomaster_WS/install', 'ROS_DISTRO': 'humble', 'LOGNAME': 'cricchetto', '_': '/usr/bin/colcon', 'ROS_VERSION': '2', 'XDG_SESSION_CLASS': 'user', 'TERM': 'xterm-256color', 'XDG_SESSION_ID': '1', 'ROS_LOCALHOST_ONLY': '0', 'PATH': '/home/cricchetto/.local/bin:/opt/ros/humble/bin:/usr/local/sbin:/usr/local/bin:/usr/sbin:/usr/bin:/sbin:/bin:/usr/games:/usr/local/games:/snap/bin:/home/cricchettoSD/.local/bin', 'LC_ADDRESS': 'es_AR.UTF-8', 'XDG_RUNTIME_DIR': '/run/user/1000', 'DISPLAY': 'localhost:10.0', 'LANG': 'en_US.UTF-8', 'LC_TELEPHONE': 'es_AR.UTF-8', 'LS_COLORS': 'rs=0:di=01;34:ln=01;36:mh=00:pi=40;33:so=01;35:do=01;35:bd=40;33;01:cd=40;33;01:or=40;31;01:mi=00:su=37;41:sg=30;43:ca=30;41:tw=30;42:ow=34;42:st=37;44:ex=01;32:*.tar=01;31:*.tgz=01;31:*.arc=01;31:*.arj=01;31:*.taz=01;31:*.lha=01;31:*.lz4=01;31:*.lzh=01;31:*.lzma=01;31:*.tlz=01;31:*.txz=01;31:*.tzo=01;31:*.t7z=01;31:*.zip=01;31:*.z=01;31:*.dz=01;31:*.gz=01;31:*.lrz=01;31:*.lz=01;31:*.lzo=01;31:*.xz=01;31:*.zst=01;31:*.tzst=01;31:*.bz2=01;31:*.bz=01;31:*.tbz=01;31:*.tbz2=01;31:*.tz=01;31:*.deb=01;31:*.rpm=01;31:*.jar=01;31:*.war=01;31:*.ear=01;31:*.sar=01;31:*.rar=01;31:*.alz=01;31:*.ace=01;31:*.zoo=01;31:*.cpio=01;31:*.7z=01;31:*.rz=01;31:*.cab=01;31:*.wim=01;31:*.swm=01;31:*.dwm=01;31:*.esd=01;31:*.jpg=01;35:*.jpeg=01;35:*.mjpg=01;35:*.mjpeg=01;35:*.gif=01;35:*.bmp=01;35:*.pbm=01;35:*.pgm=01;35:*.ppm=01;35:*.tga=01;35:*.xbm=01;35:*.xpm=01;35:*.tif=01;35:*.tiff=01;35:*.png=01;35:*.svg=01;35:*.svgz=01;35:*.mng=01;35:*.pcx=01;35:*.mov=01;35:*.mpg=01;35:*.mpeg=01;35:*.m2v=01;35:*.mkv=01;35:*.webm=01;35:*.webp=01;35:*.ogm=01;35:*.mp4=01;35:*.m4v=01;35:*.mp4v=01;35:*.vob=01;35:*.qt=01;35:*.nuv=01;35:*.wmv=01;35:*.asf=01;35:*.rm=01;35:*.rmvb=01;35:*.flc=01;35:*.avi=01;35:*.fli=01;35:*.flv=01;35:*.gl=01;35:*.dl=01;35:*.xcf=01;35:*.xwd=01;35:*.yuv=01;35:*.cgm=01;35:*.emf=01;35:*.ogv=01;35:*.ogx=01;35:*.aac=00;36:*.au=00;36:*.flac=00;36:*.m4a=00;36:*.mid=00;36:*.midi=00;36:*.mka=00;36:*.mp3=00;36:*.mpc=00;36:*.ogg=00;36:*.ra=00;36:*.wav=00;36:*.oga=00;36:*.opus=00;36:*.spx=00;36:*.xspf=00;36:', 'AMENT_PREFIX_PATH': '/home/cricchetto/Robomaster_WS/install/sllidar_ros2:/home/cricchetto/Robomaster_WS/install/robomaster_ros:/home/cricchetto/Robomaster_WS/install/robomaster_msgs:/home/cricchetto/Robomaster_WS/install/robomaster_description:/home/cricchetto/Robomaster_WS/install/multirobot_map_merge:/home/cricchetto/Robomaster_WS/install/explore_lite:/home/cricchetto/Robomaster_WS/install/ep_control:/home/cricchetto/Robomaster_WS/install/drift:/opt/ros/humble', 'SHELL': '/bin/bash', 'LC_NAME': 'es_AR.UTF-8', 'LESSCLOSE': '/usr/bin/lesspipe %s %s', 'LC_MEASUREMENT': 'es_AR.UTF-8', 'LC_IDENTIFICATION': 'es_AR.UTF-8', 'PWD': '/home/cricchetto/Robomaster_WS/build/robomaster_ros', 'LC_ALL': 'en_US.UTF-8', 'SSH_CONNECTION': '172.18.147.201 48990 172.18.147.143 22', 'PYTHONPATH': '/home/cricchetto/Robomaster_WS/build/robomaster_ros/prefix_override:/usr/lib/python3/dist-packages/colcon_core/task/python/colcon_distutils_commands:/home/cricchetto/Robomaster_WS/install/robomaster_ros/lib/python3.10/site-packages:/home/cricchetto/Robomaster_WS/install/robomaster_ros/lib/python3.10/site-packages:/home/cricchetto/Robomaster_WS/install/robomaster_msgs/local/lib/python3.10/dist-packages:/home/cricchetto/Robomaster_WS/install/ep_control/lib/python3.10/site-packages:/home/cricchetto/Robomaster_WS/install/drift/lib/python3.10/site-packages:/opt/ros/humble/lib/python3.10/site-packages:/opt/ros/humble/local/lib/python3.10/dist-packages', 'LC_NUMERIC': 'es_AR.UTF-8', 'LC_PAPER': 'es_AR.UTF-8', 'COLCON': '1', 'CMAKE_PREFIX_PATH': '/home/cricchetto/Robomaster_WS/install/robomaster_msgs:/home/cricchetto/Robomaster_WS/install/sllidar_ros2:/home/cricchetto/Robomaster_WS/install/robomaster_description:/home/cricchetto/Robomaster_WS/install/multirobot_map_merge:/home/cricchetto/Robomaster_WS/install/explore_lite'}, 'shell': False}
[8.731213] (-) TimerEvent: {}
[8.831901] (-) TimerEvent: {}
[8.932563] (-) TimerEvent: {}
[9.033500] (-) TimerEvent: {}
[9.134071] (-) TimerEvent: {}
[9.234660] (-) TimerEvent: {}
[9.335325] (-) TimerEvent: {}
[9.435935] (-) TimerEvent: {}
[9.536541] (-) TimerEvent: {}
[9.637161] (-) TimerEvent: {}
[9.654650] (robomaster_ros) StdoutLine: {'line': b'running egg_info\n'}
[9.657392] (robomaster_ros) StdoutLine: {'line': b'writing ../../../build/robomaster_ros/robomaster_ros.egg-info/PKG-INFO\n'}
[9.658439] (robomaster_ros) StdoutLine: {'line': b'writing dependency_links to ../../../build/robomaster_ros/robomaster_ros.egg-info/dependency_links.txt\n'}
[9.659514] (robomaster_ros) StdoutLine: {'line': b'writing entry points to ../../../build/robomaster_ros/robomaster_ros.egg-info/entry_points.txt\n'}
[9.660427] (robomaster_ros) StdoutLine: {'line': b'writing requirements to ../../../build/robomaster_ros/robomaster_ros.egg-info/requires.txt\n'}
[9.661130] (robomaster_ros) StdoutLine: {'line': b'writing top-level names to ../../../build/robomaster_ros/robomaster_ros.egg-info/top_level.txt\n'}
[9.671415] (robomaster_ros) StdoutLine: {'line': b"reading manifest file '../../../build/robomaster_ros/robomaster_ros.egg-info/SOURCES.txt'\n"}
[9.678464] (robomaster_ros) StdoutLine: {'line': b"writing manifest file '../../../build/robomaster_ros/robomaster_ros.egg-info/SOURCES.txt'\n"}
[9.679099] (robomaster_ros) StdoutLine: {'line': b'running build\n'}
[9.679671] (robomaster_ros) StdoutLine: {'line': b'running build_py\n'}
[9.691028] (robomaster_ros) StdoutLine: {'line': b'running install\n'}
[9.692224] (robomaster_ros) StdoutLine: {'line': b'running install_lib\n'}
[9.709415] (robomaster_ros) StdoutLine: {'line': b'running install_data\n'}
[9.713926] (robomaster_ros) StdoutLine: {'line': b'running install_egg_info\n'}
[9.721109] (robomaster_ros) StdoutLine: {'line': b"removing '/home/cricchetto/Robomaster_WS/install/robomaster_ros/lib/python3.10/site-packages/robomaster_ros-0.0.0-py3.10.egg-info' (and everything under it)\n"}
[9.722776] (robomaster_ros) StdoutLine: {'line': b'Copying ../../../build/robomaster_ros/robomaster_ros.egg-info to /home/cricchetto/Robomaster_WS/install/robomaster_ros/lib/python3.10/site-packages/robomaster_ros-0.0.0-py3.10.egg-info\n'}
[9.728259] (robomaster_ros) StdoutLine: {'line': b'running install_scripts\n'}
[9.737332] (-) TimerEvent: {}
[9.807904] (robomaster_ros) StdoutLine: {'line': b'Installing connect script to /home/cricchetto/Robomaster_WS/install/robomaster_ros/lib/robomaster_ros\n'}
[9.808816] (robomaster_ros) StdoutLine: {'line': b'Installing discover script to /home/cricchetto/Robomaster_WS/install/robomaster_ros/lib/robomaster_ros\n'}
[9.809635] (robomaster_ros) StdoutLine: {'line': b'Installing display_battery script to /home/cricchetto/Robomaster_WS/install/robomaster_ros/lib/robomaster_ros\n'}
[9.810424] (robomaster_ros) StdoutLine: {'line': b'Installing h264_decoder script to /home/cricchetto/Robomaster_WS/install/robomaster_ros/lib/robomaster_ros\n'}
[9.811196] (robomaster_ros) StdoutLine: {'line': b'Installing move script to /home/cricchetto/Robomaster_WS/install/robomaster_ros/lib/robomaster_ros\n'}
[9.811986] (robomaster_ros) StdoutLine: {'line': b'Installing play_audio script to /home/cricchetto/Robomaster_WS/install/robomaster_ros/lib/robomaster_ros\n'}
[9.812765] (robomaster_ros) StdoutLine: {'line': b'Installing play_opus script to /home/cricchetto/Robomaster_WS/install/robomaster_ros/lib/robomaster_ros\n'}
[9.813546] (robomaster_ros) StdoutLine: {'line': b'Installing robomaster_driver script to /home/cricchetto/Robomaster_WS/install/robomaster_ros/lib/robomaster_ros\n'}
[9.814312] (robomaster_ros) StdoutLine: {'line': b'Installing state_publisher script to /home/cricchetto/Robomaster_WS/install/robomaster_ros/lib/robomaster_ros\n'}
[9.818395] (robomaster_ros) StdoutLine: {'line': b"writing list of installed files to '/home/cricchetto/Robomaster_WS/build/robomaster_ros/install.log'\n"}
[9.837579] (-) TimerEvent: {}
[9.935336] (robomaster_ros) CommandEnded: {'returncode': 0}
[9.937694] (-) TimerEvent: {}
[9.968112] (robomaster_ros) JobEnded: {'identifier': 'robomaster_ros', 'rc': 0}
[9.971018] (-) EventReactorShutdown: {}
