[0.000000] (-) TimerEvent: {}
[0.001818] (drift) JobQueued: {'identifier': 'drift', 'dependencies': OrderedDict()}
[0.002401] (ep_control) JobQueued: {'identifier': 'ep_control', 'dependencies': OrderedDict()}
[0.002498] (explore_lite) JobQueued: {'identifier': 'explore_lite', 'dependencies': OrderedDict()}
[0.002580] (multirobot_map_merge) JobQueued: {'identifier': 'multirobot_map_merge', 'dependencies': OrderedDict()}
[0.002659] (robomaster_description) JobQueued: {'identifier': 'robomaster_description', 'dependencies': OrderedDict()}
[0.002741] (robomaster_msgs) JobQueued: {'identifier': 'robomaster_msgs', 'dependencies': OrderedDict()}
[0.002828] (sllidar_ros2) JobQueued: {'identifier': 'sllidar_ros2', 'dependencies': OrderedDict()}
[0.002907] (robomaster_ros) JobQueued: {'identifier': 'robomaster_ros', 'dependencies': OrderedDict([('robomaster_msgs', '/home/cricchetto/Robomaster_WS/install/robomaster_msgs')])}
[0.002997] (robomaster_msgs) JobStarted: {'identifier': 'robomaster_msgs'}
[0.036899] (drift) JobStarted: {'identifier': 'drift'}
[0.071094] (ep_control) JobStarted: {'identifier': 'ep_control'}
[0.099086] (-) TimerEvent: {}
[0.104344] (explore_lite) JobStarted: {'identifier': 'explore_lite'}
[0.136981] (robomaster_msgs) JobProgress: {'identifier': 'robomaster_msgs', 'progress': 'cmake'}
[0.139959] (robomaster_msgs) JobProgress: {'identifier': 'robomaster_msgs', 'progress': 'build'}
[0.143248] (robomaster_msgs) Command: {'cmd': ['/usr/bin/cmake', '--build', '/home/cricchetto/Robomaster_WS/build/robomaster_msgs', '--', '-j4', '-l4'], 'cwd': '/home/cricchetto/Robomaster_WS/build/robomaster_msgs', 'env': OrderedDict([('LESSOPEN', '| /usr/bin/lesspipe %s'), ('USER', 'cricchetto'), ('SSH_CLIENT', '172.18.147.201 55818 22'), ('LC_TIME', 'es_AR.UTF-8'), ('XDG_SESSION_TYPE', 'tty'), ('SHLVL', '2'), ('LD_LIBRARY_PATH', '/home/cricchetto/Robomaster_WS/install/robomaster_msgs/lib:/home/cricchetto/Robomaster_WS/install/dwb_msgs/lib:/home/cricchetto/Robomaster_WS/install/nav_2d_msgs/lib:/home/cricchetto/Robomaster_WS/install/nav2_voxel_grid/lib:/home/cricchetto/Robomaster_WS/install/nav2_msgs/lib:/home/cricchetto/Robomaster_WS/install/multirobot_map_merge/lib:/opt/ros/humble/opt/rviz_ogre_vendor/lib:/opt/ros/humble/lib/aarch64-linux-gnu:/opt/ros/humble/lib'), ('MOTD_SHOWN', 'pam'), ('HOME', '/home/cricchetto'), ('OLDPWD', '/home/cricchetto'), ('SSH_TTY', '/dev/pts/0'), ('ROS_PYTHON_VERSION', '3'), ('LC_MONETARY', 'es_AR.UTF-8'), ('DBUS_SESSION_BUS_ADDRESS', 'unix:path=/run/user/1000/bus'), ('COLCON_PREFIX_PATH', '/home/cricchetto/Robomaster_WS/install'), ('ROS_DISTRO', 'humble'), ('LOGNAME', 'cricchetto'), ('_', '/usr/bin/colcon'), ('ROS_VERSION', '2'), ('XDG_SESSION_CLASS', 'user'), ('TERM', 'xterm-256color'), ('XDG_SESSION_ID', '1'), ('ROS_LOCALHOST_ONLY', '0'), ('PATH', '/home/cricchetto/.local/bin:/opt/ros/humble/bin:/usr/local/sbin:/usr/local/bin:/usr/sbin:/usr/bin:/sbin:/bin:/usr/games:/usr/local/games:/snap/bin:/home/cricchettoSD/.local/bin'), ('LC_ADDRESS', 'es_AR.UTF-8'), ('XDG_RUNTIME_DIR', '/run/user/1000'), ('DISPLAY', 'localhost:10.0'), ('LANG', 'en_US.UTF-8'), ('LC_TELEPHONE', 'es_AR.UTF-8'), ('LS_COLORS', 'rs=0:di=01;34:ln=01;36:mh=00:pi=40;33:so=01;35:do=01;35:bd=40;33;01:cd=40;33;01:or=40;31;01:mi=00:su=37;41:sg=30;43:ca=30;41:tw=30;42:ow=34;42:st=37;44:ex=01;32:*.tar=01;31:*.tgz=01;31:*.arc=01;31:*.arj=01;31:*.taz=01;31:*.lha=01;31:*.lz4=01;31:*.lzh=01;31:*.lzma=01;31:*.tlz=01;31:*.txz=01;31:*.tzo=01;31:*.t7z=01;31:*.zip=01;31:*.z=01;31:*.dz=01;31:*.gz=01;31:*.lrz=01;31:*.lz=01;31:*.lzo=01;31:*.xz=01;31:*.zst=01;31:*.tzst=01;31:*.bz2=01;31:*.bz=01;31:*.tbz=01;31:*.tbz2=01;31:*.tz=01;31:*.deb=01;31:*.rpm=01;31:*.jar=01;31:*.war=01;31:*.ear=01;31:*.sar=01;31:*.rar=01;31:*.alz=01;31:*.ace=01;31:*.zoo=01;31:*.cpio=01;31:*.7z=01;31:*.rz=01;31:*.cab=01;31:*.wim=01;31:*.swm=01;31:*.dwm=01;31:*.esd=01;31:*.jpg=01;35:*.jpeg=01;35:*.mjpg=01;35:*.mjpeg=01;35:*.gif=01;35:*.bmp=01;35:*.pbm=01;35:*.pgm=01;35:*.ppm=01;35:*.tga=01;35:*.xbm=01;35:*.xpm=01;35:*.tif=01;35:*.tiff=01;35:*.png=01;35:*.svg=01;35:*.svgz=01;35:*.mng=01;35:*.pcx=01;35:*.mov=01;35:*.mpg=01;35:*.mpeg=01;35:*.m2v=01;35:*.mkv=01;35:*.webm=01;35:*.webp=01;35:*.ogm=01;35:*.mp4=01;35:*.m4v=01;35:*.mp4v=01;35:*.vob=01;35:*.qt=01;35:*.nuv=01;35:*.wmv=01;35:*.asf=01;35:*.rm=01;35:*.rmvb=01;35:*.flc=01;35:*.avi=01;35:*.fli=01;35:*.flv=01;35:*.gl=01;35:*.dl=01;35:*.xcf=01;35:*.xwd=01;35:*.yuv=01;35:*.cgm=01;35:*.emf=01;35:*.ogv=01;35:*.ogx=01;35:*.aac=00;36:*.au=00;36:*.flac=00;36:*.m4a=00;36:*.mid=00;36:*.midi=00;36:*.mka=00;36:*.mp3=00;36:*.mpc=00;36:*.ogg=00;36:*.ra=00;36:*.wav=00;36:*.oga=00;36:*.opus=00;36:*.spx=00;36:*.xspf=00;36:'), ('AMENT_PREFIX_PATH', '/home/cricchetto/Robomaster_WS/install/sllidar_ros2:/home/cricchetto/Robomaster_WS/install/robomaster_ros:/home/cricchetto/Robomaster_WS/install/robomaster_msgs:/home/cricchetto/Robomaster_WS/install/robomaster_description:/home/cricchetto/Robomaster_WS/install/dwb_msgs:/home/cricchetto/Robomaster_WS/install/nav_2d_msgs:/home/cricchetto/Robomaster_WS/install/nav2_voxel_grid:/home/cricchetto/Robomaster_WS/install/nav2_simple_commander:/home/cricchetto/Robomaster_WS/install/explore_lite:/home/cricchetto/Robomaster_WS/install/nav2_msgs:/home/cricchetto/Robomaster_WS/install/nav2_common:/home/cricchetto/Robomaster_WS/install/multirobot_map_merge:/home/cricchetto/Robomaster_WS/install/ep_control:/home/cricchetto/Robomaster_WS/install/drift:/opt/ros/humble'), ('SHELL', '/bin/bash'), ('LC_NAME', 'es_AR.UTF-8'), ('LESSCLOSE', '/usr/bin/lesspipe %s %s'), ('LC_MEASUREMENT', 'es_AR.UTF-8'), ('LC_IDENTIFICATION', 'es_AR.UTF-8'), ('PWD', '/home/cricchetto/Robomaster_WS/build/robomaster_msgs'), ('LC_ALL', 'en_US.UTF-8'), ('SSH_CONNECTION', '172.18.147.201 55818 172.18.147.143 22'), ('PYTHONPATH', '/home/cricchetto/Robomaster_WS/install/robomaster_ros/lib/python3.10/site-packages:/home/cricchetto/Robomaster_WS/install/robomaster_msgs/local/lib/python3.10/dist-packages:/home/cricchetto/Robomaster_WS/install/dwb_msgs/local/lib/python3.10/dist-packages:/home/cricchetto/Robomaster_WS/install/nav_2d_msgs/local/lib/python3.10/dist-packages:/home/cricchetto/Robomaster_WS/install/nav2_simple_commander/lib/python3.10/site-packages:/home/cricchetto/Robomaster_WS/install/nav2_msgs/local/lib/python3.10/dist-packages:/home/cricchetto/Robomaster_WS/install/nav2_common/local/lib/python3.10/dist-packages:/home/cricchetto/Robomaster_WS/install/ep_control/lib/python3.10/site-packages:/home/cricchetto/Robomaster_WS/install/drift/lib/python3.10/site-packages:/opt/ros/humble/lib/python3.10/site-packages:/opt/ros/humble/local/lib/python3.10/dist-packages'), ('LC_NUMERIC', 'es_AR.UTF-8'), ('LC_PAPER', 'es_AR.UTF-8'), ('COLCON', '1'), ('CMAKE_PREFIX_PATH', '/home/cricchetto/Robomaster_WS/install/sllidar_ros2:/home/cricchetto/Robomaster_WS/install/robomaster_msgs:/home/cricchetto/Robomaster_WS/install/robomaster_description:/home/cricchetto/Robomaster_WS/install/dwb_msgs:/home/cricchetto/Robomaster_WS/install/nav_2d_msgs:/home/cricchetto/Robomaster_WS/install/nav2_voxel_grid:/home/cricchetto/Robomaster_WS/install/explore_lite:/home/cricchetto/Robomaster_WS/install/nav2_msgs:/home/cricchetto/Robomaster_WS/install/nav2_common:/home/cricchetto/Robomaster_WS/install/multirobot_map_merge:/home/cricchetto/Robomaster_WS/install/robomaster_ros:/home/cricchetto/Robomaster_WS/install/nav2_simple_commander:/home/cricchetto/Robomaster_WS/install/ep_control:/home/cricchetto/Robomaster_WS/install/drift:/opt/ros/humble')]), 'shell': False}
[0.199334] (-) TimerEvent: {}
[0.300054] (-) TimerEvent: {}
[0.401167] (-) TimerEvent: {}
[0.502676] (-) TimerEvent: {}
[0.604213] (-) TimerEvent: {}
[0.705616] (-) TimerEvent: {}
[0.806439] (-) TimerEvent: {}
[0.908131] (-) TimerEvent: {}
[1.009896] (-) TimerEvent: {}
[1.111504] (-) TimerEvent: {}
[1.212933] (-) TimerEvent: {}
[1.314710] (-) TimerEvent: {}
[1.416539] (-) TimerEvent: {}
[1.518318] (-) TimerEvent: {}
[1.619726] (-) TimerEvent: {}
[1.721284] (-) TimerEvent: {}
[1.822723] (-) TimerEvent: {}
[1.923462] (-) TimerEvent: {}
[2.024206] (-) TimerEvent: {}
[2.124886] (-) TimerEvent: {}
[2.225629] (-) TimerEvent: {}
[2.326483] (-) TimerEvent: {}
[2.427682] (-) TimerEvent: {}
[2.528396] (-) TimerEvent: {}
[2.629033] (-) TimerEvent: {}
[2.729679] (-) TimerEvent: {}
[2.830330] (-) TimerEvent: {}
[2.931130] (-) TimerEvent: {}
[3.032898] (-) TimerEvent: {}
[3.035678] (robomaster_msgs) StdoutLine: {'line': b'[  0%] Built target robomaster_msgs__cpp\n'}
[3.037843] (robomaster_msgs) StdoutLine: {'line': b'[ 12%] Built target robomaster_msgs__rosidl_generator_c\n'}
[3.040436] (robomaster_msgs) StdoutLine: {'line': b'[ 12%] Built target ament_cmake_python_copy_robomaster_msgs\n'}
[3.042416] (robomaster_msgs) StdoutLine: {'line': b'[ 24%] Built target robomaster_msgs__rosidl_typesupport_cpp\n'}
[3.043452] (robomaster_msgs) StdoutLine: {'line': b'[ 37%] Built target robomaster_msgs__rosidl_typesupport_introspection_cpp\n'}
[3.043899] (robomaster_msgs) StdoutLine: {'line': b'[ 49%] Built target robomaster_msgs__rosidl_typesupport_fastrtps_cpp\n'}
[3.044614] (robomaster_msgs) StdoutLine: {'line': b'[ 62%] Built target robomaster_msgs__rosidl_typesupport_fastrtps_c\n'}
[3.045255] (robomaster_msgs) StdoutLine: {'line': b'[ 75%] Built target robomaster_msgs__rosidl_typesupport_c\n'}
[3.045885] (robomaster_msgs) StdoutLine: {'line': b'[ 88%] Built target robomaster_msgs__rosidl_typesupport_introspection_c\n'}
[3.046314] (robomaster_msgs) StdoutLine: {'line': b'[ 88%] Built target robomaster_msgs\n'}
[3.046712] (robomaster_msgs) StdoutLine: {'line': b'[ 88%] Built target robomaster_msgs__py\n'}
[3.047105] (robomaster_msgs) StdoutLine: {'line': b'[100%] Built target robomaster_msgs__rosidl_generator_py\n'}
[3.047447] (robomaster_msgs) StdoutLine: {'line': b'[100%] Built target robomaster_msgs__rosidl_typesupport_fastrtps_c__pyext\n'}
[3.047887] (robomaster_msgs) StdoutLine: {'line': b'[100%] Built target robomaster_msgs__rosidl_typesupport_introspection_c__pyext\n'}
[3.048537] (robomaster_msgs) StdoutLine: {'line': b'[100%] Built target robomaster_msgs__rosidl_typesupport_c__pyext\n'}
[3.049068] (robomaster_msgs) StdoutLine: {'line': b'running egg_info\n'}
[3.049423] (robomaster_msgs) StdoutLine: {'line': b'writing robomaster_msgs.egg-info/PKG-INFO\n'}
[3.049902] (robomaster_msgs) StdoutLine: {'line': b'writing dependency_links to robomaster_msgs.egg-info/dependency_links.txt\n'}
[3.051184] (robomaster_msgs) StdoutLine: {'line': b'writing top-level names to robomaster_msgs.egg-info/top_level.txt\n'}
[3.051597] (robomaster_msgs) StdoutLine: {'line': b"reading manifest file 'robomaster_msgs.egg-info/SOURCES.txt'\n"}
[3.052028] (robomaster_msgs) StdoutLine: {'line': b"writing manifest file 'robomaster_msgs.egg-info/SOURCES.txt'\n"}
[3.052712] (robomaster_msgs) StdoutLine: {'line': b'[100%] Built target ament_cmake_python_build_robomaster_msgs_egg\n'}
[3.053116] (explore_lite) JobProgress: {'identifier': 'explore_lite', 'progress': 'cmake'}
[3.054546] (explore_lite) JobProgress: {'identifier': 'explore_lite', 'progress': 'build'}
[3.055659] (explore_lite) Command: {'cmd': ['/usr/bin/cmake', '--build', '/home/cricchetto/Robomaster_WS/build/explore_lite', '--', '-j4', '-l4'], 'cwd': '/home/cricchetto/Robomaster_WS/build/explore_lite', 'env': OrderedDict([('LESSOPEN', '| /usr/bin/lesspipe %s'), ('USER', 'cricchetto'), ('SSH_CLIENT', '172.18.147.201 55818 22'), ('LC_TIME', 'es_AR.UTF-8'), ('XDG_SESSION_TYPE', 'tty'), ('SHLVL', '2'), ('LD_LIBRARY_PATH', '/home/cricchetto/Robomaster_WS/install/robomaster_msgs/lib:/home/cricchetto/Robomaster_WS/install/dwb_msgs/lib:/home/cricchetto/Robomaster_WS/install/nav_2d_msgs/lib:/home/cricchetto/Robomaster_WS/install/nav2_voxel_grid/lib:/home/cricchetto/Robomaster_WS/install/nav2_msgs/lib:/home/cricchetto/Robomaster_WS/install/multirobot_map_merge/lib:/opt/ros/humble/opt/rviz_ogre_vendor/lib:/opt/ros/humble/lib/aarch64-linux-gnu:/opt/ros/humble/lib'), ('MOTD_SHOWN', 'pam'), ('HOME', '/home/cricchetto'), ('OLDPWD', '/home/cricchetto'), ('SSH_TTY', '/dev/pts/0'), ('ROS_PYTHON_VERSION', '3'), ('LC_MONETARY', 'es_AR.UTF-8'), ('DBUS_SESSION_BUS_ADDRESS', 'unix:path=/run/user/1000/bus'), ('COLCON_PREFIX_PATH', '/home/cricchetto/Robomaster_WS/install'), ('ROS_DISTRO', 'humble'), ('LOGNAME', 'cricchetto'), ('_', '/usr/bin/colcon'), ('ROS_VERSION', '2'), ('XDG_SESSION_CLASS', 'user'), ('TERM', 'xterm-256color'), ('XDG_SESSION_ID', '1'), ('ROS_LOCALHOST_ONLY', '0'), ('PATH', '/home/cricchetto/.local/bin:/opt/ros/humble/bin:/usr/local/sbin:/usr/local/bin:/usr/sbin:/usr/bin:/sbin:/bin:/usr/games:/usr/local/games:/snap/bin:/home/cricchettoSD/.local/bin'), ('LC_ADDRESS', 'es_AR.UTF-8'), ('XDG_RUNTIME_DIR', '/run/user/1000'), ('DISPLAY', 'localhost:10.0'), ('LANG', 'en_US.UTF-8'), ('LC_TELEPHONE', 'es_AR.UTF-8'), ('LS_COLORS', 'rs=0:di=01;34:ln=01;36:mh=00:pi=40;33:so=01;35:do=01;35:bd=40;33;01:cd=40;33;01:or=40;31;01:mi=00:su=37;41:sg=30;43:ca=30;41:tw=30;42:ow=34;42:st=37;44:ex=01;32:*.tar=01;31:*.tgz=01;31:*.arc=01;31:*.arj=01;31:*.taz=01;31:*.lha=01;31:*.lz4=01;31:*.lzh=01;31:*.lzma=01;31:*.tlz=01;31:*.txz=01;31:*.tzo=01;31:*.t7z=01;31:*.zip=01;31:*.z=01;31:*.dz=01;31:*.gz=01;31:*.lrz=01;31:*.lz=01;31:*.lzo=01;31:*.xz=01;31:*.zst=01;31:*.tzst=01;31:*.bz2=01;31:*.bz=01;31:*.tbz=01;31:*.tbz2=01;31:*.tz=01;31:*.deb=01;31:*.rpm=01;31:*.jar=01;31:*.war=01;31:*.ear=01;31:*.sar=01;31:*.rar=01;31:*.alz=01;31:*.ace=01;31:*.zoo=01;31:*.cpio=01;31:*.7z=01;31:*.rz=01;31:*.cab=01;31:*.wim=01;31:*.swm=01;31:*.dwm=01;31:*.esd=01;31:*.jpg=01;35:*.jpeg=01;35:*.mjpg=01;35:*.mjpeg=01;35:*.gif=01;35:*.bmp=01;35:*.pbm=01;35:*.pgm=01;35:*.ppm=01;35:*.tga=01;35:*.xbm=01;35:*.xpm=01;35:*.tif=01;35:*.tiff=01;35:*.png=01;35:*.svg=01;35:*.svgz=01;35:*.mng=01;35:*.pcx=01;35:*.mov=01;35:*.mpg=01;35:*.mpeg=01;35:*.m2v=01;35:*.mkv=01;35:*.webm=01;35:*.webp=01;35:*.ogm=01;35:*.mp4=01;35:*.m4v=01;35:*.mp4v=01;35:*.vob=01;35:*.qt=01;35:*.nuv=01;35:*.wmv=01;35:*.asf=01;35:*.rm=01;35:*.rmvb=01;35:*.flc=01;35:*.avi=01;35:*.fli=01;35:*.flv=01;35:*.gl=01;35:*.dl=01;35:*.xcf=01;35:*.xwd=01;35:*.yuv=01;35:*.cgm=01;35:*.emf=01;35:*.ogv=01;35:*.ogx=01;35:*.aac=00;36:*.au=00;36:*.flac=00;36:*.m4a=00;36:*.mid=00;36:*.midi=00;36:*.mka=00;36:*.mp3=00;36:*.mpc=00;36:*.ogg=00;36:*.ra=00;36:*.wav=00;36:*.oga=00;36:*.opus=00;36:*.spx=00;36:*.xspf=00;36:'), ('AMENT_PREFIX_PATH', '/home/cricchetto/Robomaster_WS/install/sllidar_ros2:/home/cricchetto/Robomaster_WS/install/robomaster_ros:/home/cricchetto/Robomaster_WS/install/robomaster_msgs:/home/cricchetto/Robomaster_WS/install/robomaster_description:/home/cricchetto/Robomaster_WS/install/dwb_msgs:/home/cricchetto/Robomaster_WS/install/nav_2d_msgs:/home/cricchetto/Robomaster_WS/install/nav2_voxel_grid:/home/cricchetto/Robomaster_WS/install/nav2_simple_commander:/home/cricchetto/Robomaster_WS/install/explore_lite:/home/cricchetto/Robomaster_WS/install/nav2_msgs:/home/cricchetto/Robomaster_WS/install/nav2_common:/home/cricchetto/Robomaster_WS/install/multirobot_map_merge:/home/cricchetto/Robomaster_WS/install/ep_control:/home/cricchetto/Robomaster_WS/install/drift:/opt/ros/humble'), ('SHELL', '/bin/bash'), ('LC_NAME', 'es_AR.UTF-8'), ('LESSCLOSE', '/usr/bin/lesspipe %s %s'), ('LC_MEASUREMENT', 'es_AR.UTF-8'), ('LC_IDENTIFICATION', 'es_AR.UTF-8'), ('PWD', '/home/cricchetto/Robomaster_WS/build/explore_lite'), ('LC_ALL', 'en_US.UTF-8'), ('SSH_CONNECTION', '172.18.147.201 55818 172.18.147.143 22'), ('PYTHONPATH', '/home/cricchetto/Robomaster_WS/install/robomaster_ros/lib/python3.10/site-packages:/home/cricchetto/Robomaster_WS/install/robomaster_msgs/local/lib/python3.10/dist-packages:/home/cricchetto/Robomaster_WS/install/dwb_msgs/local/lib/python3.10/dist-packages:/home/cricchetto/Robomaster_WS/install/nav_2d_msgs/local/lib/python3.10/dist-packages:/home/cricchetto/Robomaster_WS/install/nav2_simple_commander/lib/python3.10/site-packages:/home/cricchetto/Robomaster_WS/install/nav2_msgs/local/lib/python3.10/dist-packages:/home/cricchetto/Robomaster_WS/install/nav2_common/local/lib/python3.10/dist-packages:/home/cricchetto/Robomaster_WS/install/ep_control/lib/python3.10/site-packages:/home/cricchetto/Robomaster_WS/install/drift/lib/python3.10/site-packages:/opt/ros/humble/lib/python3.10/site-packages:/opt/ros/humble/local/lib/python3.10/dist-packages'), ('LC_NUMERIC', 'es_AR.UTF-8'), ('LC_PAPER', 'es_AR.UTF-8'), ('COLCON', '1'), ('CMAKE_PREFIX_PATH', '/home/cricchetto/Robomaster_WS/install/sllidar_ros2:/home/cricchetto/Robomaster_WS/install/robomaster_msgs:/home/cricchetto/Robomaster_WS/install/robomaster_description:/home/cricchetto/Robomaster_WS/install/dwb_msgs:/home/cricchetto/Robomaster_WS/install/nav_2d_msgs:/home/cricchetto/Robomaster_WS/install/nav2_voxel_grid:/home/cricchetto/Robomaster_WS/install/explore_lite:/home/cricchetto/Robomaster_WS/install/nav2_msgs:/home/cricchetto/Robomaster_WS/install/nav2_common:/home/cricchetto/Robomaster_WS/install/multirobot_map_merge:/home/cricchetto/Robomaster_WS/install/robomaster_ros:/home/cricchetto/Robomaster_WS/install/nav2_simple_commander:/home/cricchetto/Robomaster_WS/install/ep_control:/home/cricchetto/Robomaster_WS/install/drift:/opt/ros/humble')]), 'shell': False}
[3.070039] (robomaster_msgs) CommandEnded: {'returncode': 0}
[3.071504] (robomaster_msgs) JobProgress: {'identifier': 'robomaster_msgs', 'progress': 'install'}
[3.109375] (robomaster_msgs) Command: {'cmd': ['/usr/bin/cmake', '--install', '/home/cricchetto/Robomaster_WS/build/robomaster_msgs'], 'cwd': '/home/cricchetto/Robomaster_WS/build/robomaster_msgs', 'env': OrderedDict([('LESSOPEN', '| /usr/bin/lesspipe %s'), ('USER', 'cricchetto'), ('SSH_CLIENT', '172.18.147.201 55818 22'), ('LC_TIME', 'es_AR.UTF-8'), ('XDG_SESSION_TYPE', 'tty'), ('SHLVL', '2'), ('LD_LIBRARY_PATH', '/home/cricchetto/Robomaster_WS/install/robomaster_msgs/lib:/home/cricchetto/Robomaster_WS/install/dwb_msgs/lib:/home/cricchetto/Robomaster_WS/install/nav_2d_msgs/lib:/home/cricchetto/Robomaster_WS/install/nav2_voxel_grid/lib:/home/cricchetto/Robomaster_WS/install/nav2_msgs/lib:/home/cricchetto/Robomaster_WS/install/multirobot_map_merge/lib:/opt/ros/humble/opt/rviz_ogre_vendor/lib:/opt/ros/humble/lib/aarch64-linux-gnu:/opt/ros/humble/lib'), ('MOTD_SHOWN', 'pam'), ('HOME', '/home/cricchetto'), ('OLDPWD', '/home/cricchetto'), ('SSH_TTY', '/dev/pts/0'), ('ROS_PYTHON_VERSION', '3'), ('LC_MONETARY', 'es_AR.UTF-8'), ('DBUS_SESSION_BUS_ADDRESS', 'unix:path=/run/user/1000/bus'), ('COLCON_PREFIX_PATH', '/home/cricchetto/Robomaster_WS/install'), ('ROS_DISTRO', 'humble'), ('LOGNAME', 'cricchetto'), ('_', '/usr/bin/colcon'), ('ROS_VERSION', '2'), ('XDG_SESSION_CLASS', 'user'), ('TERM', 'xterm-256color'), ('XDG_SESSION_ID', '1'), ('ROS_LOCALHOST_ONLY', '0'), ('PATH', '/home/cricchetto/.local/bin:/opt/ros/humble/bin:/usr/local/sbin:/usr/local/bin:/usr/sbin:/usr/bin:/sbin:/bin:/usr/games:/usr/local/games:/snap/bin:/home/cricchettoSD/.local/bin'), ('LC_ADDRESS', 'es_AR.UTF-8'), ('XDG_RUNTIME_DIR', '/run/user/1000'), ('DISPLAY', 'localhost:10.0'), ('LANG', 'en_US.UTF-8'), ('LC_TELEPHONE', 'es_AR.UTF-8'), ('LS_COLORS', 'rs=0:di=01;34:ln=01;36:mh=00:pi=40;33:so=01;35:do=01;35:bd=40;33;01:cd=40;33;01:or=40;31;01:mi=00:su=37;41:sg=30;43:ca=30;41:tw=30;42:ow=34;42:st=37;44:ex=01;32:*.tar=01;31:*.tgz=01;31:*.arc=01;31:*.arj=01;31:*.taz=01;31:*.lha=01;31:*.lz4=01;31:*.lzh=01;31:*.lzma=01;31:*.tlz=01;31:*.txz=01;31:*.tzo=01;31:*.t7z=01;31:*.zip=01;31:*.z=01;31:*.dz=01;31:*.gz=01;31:*.lrz=01;31:*.lz=01;31:*.lzo=01;31:*.xz=01;31:*.zst=01;31:*.tzst=01;31:*.bz2=01;31:*.bz=01;31:*.tbz=01;31:*.tbz2=01;31:*.tz=01;31:*.deb=01;31:*.rpm=01;31:*.jar=01;31:*.war=01;31:*.ear=01;31:*.sar=01;31:*.rar=01;31:*.alz=01;31:*.ace=01;31:*.zoo=01;31:*.cpio=01;31:*.7z=01;31:*.rz=01;31:*.cab=01;31:*.wim=01;31:*.swm=01;31:*.dwm=01;31:*.esd=01;31:*.jpg=01;35:*.jpeg=01;35:*.mjpg=01;35:*.mjpeg=01;35:*.gif=01;35:*.bmp=01;35:*.pbm=01;35:*.pgm=01;35:*.ppm=01;35:*.tga=01;35:*.xbm=01;35:*.xpm=01;35:*.tif=01;35:*.tiff=01;35:*.png=01;35:*.svg=01;35:*.svgz=01;35:*.mng=01;35:*.pcx=01;35:*.mov=01;35:*.mpg=01;35:*.mpeg=01;35:*.m2v=01;35:*.mkv=01;35:*.webm=01;35:*.webp=01;35:*.ogm=01;35:*.mp4=01;35:*.m4v=01;35:*.mp4v=01;35:*.vob=01;35:*.qt=01;35:*.nuv=01;35:*.wmv=01;35:*.asf=01;35:*.rm=01;35:*.rmvb=01;35:*.flc=01;35:*.avi=01;35:*.fli=01;35:*.flv=01;35:*.gl=01;35:*.dl=01;35:*.xcf=01;35:*.xwd=01;35:*.yuv=01;35:*.cgm=01;35:*.emf=01;35:*.ogv=01;35:*.ogx=01;35:*.aac=00;36:*.au=00;36:*.flac=00;36:*.m4a=00;36:*.mid=00;36:*.midi=00;36:*.mka=00;36:*.mp3=00;36:*.mpc=00;36:*.ogg=00;36:*.ra=00;36:*.wav=00;36:*.oga=00;36:*.opus=00;36:*.spx=00;36:*.xspf=00;36:'), ('AMENT_PREFIX_PATH', '/home/cricchetto/Robomaster_WS/install/sllidar_ros2:/home/cricchetto/Robomaster_WS/install/robomaster_ros:/home/cricchetto/Robomaster_WS/install/robomaster_msgs:/home/cricchetto/Robomaster_WS/install/robomaster_description:/home/cricchetto/Robomaster_WS/install/dwb_msgs:/home/cricchetto/Robomaster_WS/install/nav_2d_msgs:/home/cricchetto/Robomaster_WS/install/nav2_voxel_grid:/home/cricchetto/Robomaster_WS/install/nav2_simple_commander:/home/cricchetto/Robomaster_WS/install/explore_lite:/home/cricchetto/Robomaster_WS/install/nav2_msgs:/home/cricchetto/Robomaster_WS/install/nav2_common:/home/cricchetto/Robomaster_WS/install/multirobot_map_merge:/home/cricchetto/Robomaster_WS/install/ep_control:/home/cricchetto/Robomaster_WS/install/drift:/opt/ros/humble'), ('SHELL', '/bin/bash'), ('LC_NAME', 'es_AR.UTF-8'), ('LESSCLOSE', '/usr/bin/lesspipe %s %s'), ('LC_MEASUREMENT', 'es_AR.UTF-8'), ('LC_IDENTIFICATION', 'es_AR.UTF-8'), ('PWD', '/home/cricchetto/Robomaster_WS/build/robomaster_msgs'), ('LC_ALL', 'en_US.UTF-8'), ('SSH_CONNECTION', '172.18.147.201 55818 172.18.147.143 22'), ('PYTHONPATH', '/home/cricchetto/Robomaster_WS/install/robomaster_ros/lib/python3.10/site-packages:/home/cricchetto/Robomaster_WS/install/robomaster_msgs/local/lib/python3.10/dist-packages:/home/cricchetto/Robomaster_WS/install/dwb_msgs/local/lib/python3.10/dist-packages:/home/cricchetto/Robomaster_WS/install/nav_2d_msgs/local/lib/python3.10/dist-packages:/home/cricchetto/Robomaster_WS/install/nav2_simple_commander/lib/python3.10/site-packages:/home/cricchetto/Robomaster_WS/install/nav2_msgs/local/lib/python3.10/dist-packages:/home/cricchetto/Robomaster_WS/install/nav2_common/local/lib/python3.10/dist-packages:/home/cricchetto/Robomaster_WS/install/ep_control/lib/python3.10/site-packages:/home/cricchetto/Robomaster_WS/install/drift/lib/python3.10/site-packages:/opt/ros/humble/lib/python3.10/site-packages:/opt/ros/humble/local/lib/python3.10/dist-packages'), ('LC_NUMERIC', 'es_AR.UTF-8'), ('LC_PAPER', 'es_AR.UTF-8'), ('COLCON', '1'), ('CMAKE_PREFIX_PATH', '/home/cricchetto/Robomaster_WS/install/sllidar_ros2:/home/cricchetto/Robomaster_WS/install/robomaster_msgs:/home/cricchetto/Robomaster_WS/install/robomaster_description:/home/cricchetto/Robomaster_WS/install/dwb_msgs:/home/cricchetto/Robomaster_WS/install/nav_2d_msgs:/home/cricchetto/Robomaster_WS/install/nav2_voxel_grid:/home/cricchetto/Robomaster_WS/install/explore_lite:/home/cricchetto/Robomaster_WS/install/nav2_msgs:/home/cricchetto/Robomaster_WS/install/nav2_common:/home/cricchetto/Robomaster_WS/install/multirobot_map_merge:/home/cricchetto/Robomaster_WS/install/robomaster_ros:/home/cricchetto/Robomaster_WS/install/nav2_simple_commander:/home/cricchetto/Robomaster_WS/install/ep_control:/home/cricchetto/Robomaster_WS/install/drift:/opt/ros/humble')]), 'shell': False}
[3.134736] (-) TimerEvent: {}
[3.155727] (robomaster_msgs) StdoutLine: {'line': b'-- Install configuration: ""\n'}
[3.159233] (robomaster_msgs) StdoutLine: {'line': b'-- Up-to-date: /home/cricchetto/Robomaster_WS/install/robomaster_msgs/share/ament_index/resource_index/rosidl_interfaces/robomaster_msgs\n'}
[3.160087] (robomaster_msgs) StdoutLine: {'line': b'-- Up-to-date: /home/cricchetto/Robomaster_WS/install/robomaster_msgs/include/robomaster_msgs/robomaster_msgs\n'}
[3.160908] (robomaster_msgs) StdoutLine: {'line': b'-- Up-to-date: /home/cricchetto/Robomaster_WS/install/robomaster_msgs/include/robomaster_msgs/robomaster_msgs/action\n'}
[3.161336] (robomaster_msgs) StdoutLine: {'line': b'-- Up-to-date: /home/cricchetto/Robomaster_WS/install/robomaster_msgs/include/robomaster_msgs/robomaster_msgs/action/gripper_control.h\n'}
[3.161713] (robomaster_msgs) StdoutLine: {'line': b'-- Up-to-date: /home/cricchetto/Robomaster_WS/install/robomaster_msgs/include/robomaster_msgs/robomaster_msgs/action/move.h\n'}
[3.162051] (robomaster_msgs) StdoutLine: {'line': b'-- Up-to-date: /home/cricchetto/Robomaster_WS/install/robomaster_msgs/include/robomaster_msgs/robomaster_msgs/action/move_servo.h\n'}
[3.162431] (robomaster_msgs) StdoutLine: {'line': b'-- Up-to-date: /home/cricchetto/Robomaster_WS/install/robomaster_msgs/include/robomaster_msgs/robomaster_msgs/action/move_arm.h\n'}
[3.162766] (robomaster_msgs) StdoutLine: {'line': b'-- Up-to-date: /home/cricchetto/Robomaster_WS/install/robomaster_msgs/include/robomaster_msgs/robomaster_msgs/action/play_sound.h\n'}
[3.163530] (robomaster_msgs) StdoutLine: {'line': b'-- Up-to-date: /home/cricchetto/Robomaster_WS/install/robomaster_msgs/include/robomaster_msgs/robomaster_msgs/action/move_gimbal.h\n'}
[3.164733] (robomaster_msgs) StdoutLine: {'line': b'-- Up-to-date: /home/cricchetto/Robomaster_WS/install/robomaster_msgs/include/robomaster_msgs/robomaster_msgs/action/detail\n'}
[3.165826] (robomaster_msgs) StdoutLine: {'line': b'-- Up-to-date: /home/cricchetto/Robomaster_WS/install/robomaster_msgs/include/robomaster_msgs/robomaster_msgs/action/detail/move__struct.h\n'}
[3.166962] (robomaster_msgs) StdoutLine: {'line': b'-- Up-to-date: /home/cricchetto/Robomaster_WS/install/robomaster_msgs/include/robomaster_msgs/robomaster_msgs/action/detail/move_gimbal__type_support.h\n'}
[3.172242] (robomaster_msgs) StdoutLine: {'line': b'-- Up-to-date: /home/cricchetto/Robomaster_WS/install/robomaster_msgs/include/robomaster_msgs/robomaster_msgs/action/detail/recenter_gimbal__struct.h\n'}
[3.173432] (robomaster_msgs) StdoutLine: {'line': b'-- Up-to-date: /home/cricchetto/Robomaster_WS/install/robomaster_msgs/include/robomaster_msgs/robomaster_msgs/action/detail/move_arm__struct.h\n'}
[3.174043] (robomaster_msgs) StdoutLine: {'line': b'-- Up-to-date: /home/cricchetto/Robomaster_WS/install/robomaster_msgs/include/robomaster_msgs/robomaster_msgs/action/detail/play_sound__type_support.h\n'}
[3.175498] (robomaster_msgs) StdoutLine: {'line': b'-- Up-to-date: /home/cricchetto/Robomaster_WS/install/robomaster_msgs/include/robomaster_msgs/robomaster_msgs/action/detail/move_gimbal__struct.h\n'}
[3.181309] (robomaster_msgs) StdoutLine: {'line': b'-- Up-to-date: /home/cricchetto/Robomaster_WS/install/robomaster_msgs/include/robomaster_msgs/robomaster_msgs/action/detail/move_servo__functions.h\n'}
[3.182695] (robomaster_msgs) StdoutLine: {'line': b'-- Up-to-date: /home/cricchetto/Robomaster_WS/install/robomaster_msgs/include/robomaster_msgs/robomaster_msgs/action/detail/recenter_gimbal__functions.c\n'}
[3.183081] (robomaster_msgs) StdoutLine: {'line': b'-- Up-to-date: /home/cricchetto/Robomaster_WS/install/robomaster_msgs/include/robomaster_msgs/robomaster_msgs/action/detail/move_arm__functions.h\n'}
[3.183523] (robomaster_msgs) StdoutLine: {'line': b'-- Up-to-date: /home/cricchetto/Robomaster_WS/install/robomaster_msgs/include/robomaster_msgs/robomaster_msgs/action/detail/move_servo__functions.c\n'}
[3.184603] (robomaster_msgs) StdoutLine: {'line': b'-- Up-to-date: /home/cricchetto/Robomaster_WS/install/robomaster_msgs/include/robomaster_msgs/robomaster_msgs/action/detail/move_arm__functions.c\n'}
[3.186348] (robomaster_msgs) StdoutLine: {'line': b'-- Up-to-date: /home/cricchetto/Robomaster_WS/install/robomaster_msgs/include/robomaster_msgs/robomaster_msgs/action/detail/move_servo__type_support.h\n'}
[3.197753] (robomaster_msgs) StdoutLine: {'line': b'-- Up-to-date: /home/cricchetto/Robomaster_WS/install/robomaster_msgs/include/robomaster_msgs/robomaster_msgs/action/detail/move__functions.c\n'}
[3.198848] (robomaster_msgs) StdoutLine: {'line': b'-- Up-to-date: /home/cricchetto/Robomaster_WS/install/robomaster_msgs/include/robomaster_msgs/robomaster_msgs/action/detail/gripper_control__struct.h\n'}
[3.200173] (robomaster_msgs) StdoutLine: {'line': b'-- Up-to-date: /home/cricchetto/Robomaster_WS/install/robomaster_msgs/include/robomaster_msgs/robomaster_msgs/action/detail/recenter_gimbal__type_support.h\n'}
[3.201476] (robomaster_msgs) StdoutLine: {'line': b'-- Up-to-date: /home/cricchetto/Robomaster_WS/install/robomaster_msgs/include/robomaster_msgs/robomaster_msgs/action/detail/play_sound__functions.h\n'}
[3.204289] (robomaster_msgs) StdoutLine: {'line': b'-- Up-to-date: /home/cricchetto/Robomaster_WS/install/robomaster_msgs/include/robomaster_msgs/robomaster_msgs/action/detail/gripper_control__functions.h\n'}
[3.206586] (robomaster_msgs) StdoutLine: {'line': b'-- Up-to-date: /home/cricchetto/Robomaster_WS/install/robomaster_msgs/include/robomaster_msgs/robomaster_msgs/action/detail/gripper_control__functions.c\n'}
[3.207563] (robomaster_msgs) StdoutLine: {'line': b'-- Up-to-date: /home/cricchetto/Robomaster_WS/install/robomaster_msgs/include/robomaster_msgs/robomaster_msgs/action/detail/move__type_support.h\n'}
[3.208914] (robomaster_msgs) StdoutLine: {'line': b'-- Up-to-date: /home/cricchetto/Robomaster_WS/install/robomaster_msgs/include/robomaster_msgs/robomaster_msgs/action/detail/move_arm__type_support.h\n'}
[3.209831] (robomaster_msgs) StdoutLine: {'line': b'-- Up-to-date: /home/cricchetto/Robomaster_WS/install/robomaster_msgs/include/robomaster_msgs/robomaster_msgs/action/detail/recenter_gimbal__functions.h\n'}
[3.211328] (robomaster_msgs) StdoutLine: {'line': b'-- Up-to-date: /home/cricchetto/Robomaster_WS/install/robomaster_msgs/include/robomaster_msgs/robomaster_msgs/action/detail/play_sound__struct.h\n'}
[3.212660] (robomaster_msgs) StdoutLine: {'line': b'-- Up-to-date: /home/cricchetto/Robomaster_WS/install/robomaster_msgs/include/robomaster_msgs/robomaster_msgs/action/detail/move_gimbal__functions.c\n'}
[3.226024] (robomaster_msgs) StdoutLine: {'line': b'-- Up-to-date: /home/cricchetto/Robomaster_WS/install/robomaster_msgs/include/robomaster_msgs/robomaster_msgs/action/detail/gripper_control__type_support.h\n'}
[3.227386] (robomaster_msgs) StdoutLine: {'line': b'-- Up-to-date: /home/cricchetto/Robomaster_WS/install/robomaster_msgs/include/robomaster_msgs/robomaster_msgs/action/detail/move_gimbal__functions.h\n'}
[3.228562] (robomaster_msgs) StdoutLine: {'line': b'-- Up-to-date: /home/cricchetto/Robomaster_WS/install/robomaster_msgs/include/robomaster_msgs/robomaster_msgs/action/detail/play_sound__functions.c\n'}
[3.229759] (robomaster_msgs) StdoutLine: {'line': b'-- Up-to-date: /home/cricchetto/Robomaster_WS/install/robomaster_msgs/include/robomaster_msgs/robomaster_msgs/action/detail/move__functions.h\n'}
[3.230847] (robomaster_msgs) StdoutLine: {'line': b'-- Up-to-date: /home/cricchetto/Robomaster_WS/install/robomaster_msgs/include/robomaster_msgs/robomaster_msgs/action/detail/move_servo__struct.h\n'}
[3.231524] (robomaster_msgs) StdoutLine: {'line': b'-- Up-to-date: /home/cricchetto/Robomaster_WS/install/robomaster_msgs/include/robomaster_msgs/robomaster_msgs/action/recenter_gimbal.h\n'}
[3.232475] (robomaster_msgs) StdoutLine: {'line': b'-- Up-to-date: /home/cricchetto/Robomaster_WS/install/robomaster_msgs/include/robomaster_msgs/robomaster_msgs/msg\n'}
[3.233244] (robomaster_msgs) StdoutLine: {'line': b'-- Up-to-date: /home/cricchetto/Robomaster_WS/install/robomaster_msgs/include/robomaster_msgs/robomaster_msgs/msg/led_effect.h\n'}
[3.234586] (robomaster_msgs) StdoutLine: {'line': b'-- Up-to-date: /home/cricchetto/Robomaster_WS/install/robomaster_msgs/include/robomaster_msgs/robomaster_msgs/msg/detected_marker.h\n'}
[3.235648] (-) TimerEvent: {}
[3.236466] (robomaster_msgs) StdoutLine: {'line': b'-- Up-to-date: /home/cricchetto/Robomaster_WS/install/robomaster_msgs/include/robomaster_msgs/robomaster_msgs/msg/detected_person.h\n'}
[3.237555] (robomaster_msgs) StdoutLine: {'line': b'-- Up-to-date: /home/cricchetto/Robomaster_WS/install/robomaster_msgs/include/robomaster_msgs/robomaster_msgs/msg/detected_robot.h\n'}
[3.238448] (robomaster_msgs) StdoutLine: {'line': b'-- Up-to-date: /home/cricchetto/Robomaster_WS/install/robomaster_msgs/include/robomaster_msgs/robomaster_msgs/msg/audio_level.h\n'}
[3.239002] (robomaster_msgs) StdoutLine: {'line': b'-- Up-to-date: /home/cricchetto/Robomaster_WS/install/robomaster_msgs/include/robomaster_msgs/robomaster_msgs/msg/detection.h\n'}
[3.240029] (robomaster_msgs) StdoutLine: {'line': b'-- Up-to-date: /home/cricchetto/Robomaster_WS/install/robomaster_msgs/include/robomaster_msgs/robomaster_msgs/msg/sensor_adapter.h\n'}
[3.241028] (robomaster_msgs) StdoutLine: {'line': b'-- Up-to-date: /home/cricchetto/Robomaster_WS/install/robomaster_msgs/include/robomaster_msgs/robomaster_msgs/msg/detected_gesture.h\n'}
[3.243741] (robomaster_msgs) StdoutLine: {'line': b'-- Up-to-date: /home/cricchetto/Robomaster_WS/install/robomaster_msgs/include/robomaster_msgs/robomaster_msgs/msg/pwm.h\n'}
[3.244325] (robomaster_msgs) StdoutLine: {'line': b'-- Up-to-date: /home/cricchetto/Robomaster_WS/install/robomaster_msgs/include/robomaster_msgs/robomaster_msgs/msg/servo_command.h\n'}
[3.245288] (robomaster_msgs) StdoutLine: {'line': b'-- Up-to-date: /home/cricchetto/Robomaster_WS/install/robomaster_msgs/include/robomaster_msgs/robomaster_msgs/msg/armor_hit.h\n'}
[3.246259] (robomaster_msgs) StdoutLine: {'line': b'-- Up-to-date: /home/cricchetto/Robomaster_WS/install/robomaster_msgs/include/robomaster_msgs/robomaster_msgs/msg/wheel_speeds.h\n'}
[3.246951] (robomaster_msgs) StdoutLine: {'line': b'-- Up-to-date: /home/cricchetto/Robomaster_WS/install/robomaster_msgs/include/robomaster_msgs/robomaster_msgs/msg/mode.h\n'}
[3.247555] (robomaster_msgs) StdoutLine: {'line': b'-- Up-to-date: /home/cricchetto/Robomaster_WS/install/robomaster_msgs/include/robomaster_msgs/robomaster_msgs/msg/serial.h\n'}
[3.248349] (robomaster_msgs) StdoutLine: {'line': b'-- Up-to-date: /home/cricchetto/Robomaster_WS/install/robomaster_msgs/include/robomaster_msgs/robomaster_msgs/msg/audio_data.h\n'}
[3.249242] (robomaster_msgs) StdoutLine: {'line': b'-- Up-to-date: /home/cricchetto/Robomaster_WS/install/robomaster_msgs/include/robomaster_msgs/robomaster_msgs/msg/detected_line.h\n'}
[3.250245] (robomaster_msgs) StdoutLine: {'line': b'-- Up-to-date: /home/cricchetto/Robomaster_WS/install/robomaster_msgs/include/robomaster_msgs/robomaster_msgs/msg/chassis_status.h\n'}
[3.251065] (robomaster_msgs) StdoutLine: {'line': b'-- Up-to-date: /home/cricchetto/Robomaster_WS/install/robomaster_msgs/include/robomaster_msgs/robomaster_msgs/msg/gimbal_command.h\n'}
[3.251540] (robomaster_msgs) StdoutLine: {'line': b'-- Up-to-date: /home/cricchetto/Robomaster_WS/install/robomaster_msgs/include/robomaster_msgs/robomaster_msgs/msg/servo_raw_state.h\n'}
[3.252534] (robomaster_msgs) StdoutLine: {'line': b'-- Up-to-date: /home/cricchetto/Robomaster_WS/install/robomaster_msgs/include/robomaster_msgs/robomaster_msgs/msg/blaster_led.h\n'}
[3.253152] (robomaster_msgs) StdoutLine: {'line': b'-- Up-to-date: /home/cricchetto/Robomaster_WS/install/robomaster_msgs/include/robomaster_msgs/robomaster_msgs/msg/rosidl_generator_c__visibility_control.h\n'}
[3.265332] (robomaster_msgs) StdoutLine: {'line': b'-- Up-to-date: /home/cricchetto/Robomaster_WS/install/robomaster_msgs/include/robomaster_msgs/robomaster_msgs/msg/gripper_state.h\n'}
[3.266052] (robomaster_msgs) StdoutLine: {'line': b'-- Up-to-date: /home/cricchetto/Robomaster_WS/install/robomaster_msgs/include/robomaster_msgs/robomaster_msgs/msg/speaker_command.h\n'}
[3.266488] (robomaster_msgs) StdoutLine: {'line': b'-- Up-to-date: /home/cricchetto/Robomaster_WS/install/robomaster_msgs/include/robomaster_msgs/robomaster_msgs/msg/detail\n'}
[3.266880] (robomaster_msgs) StdoutLine: {'line': b'-- Up-to-date: /home/cricchetto/Robomaster_WS/install/robomaster_msgs/include/robomaster_msgs/robomaster_msgs/msg/detail/chassis_status__functions.c\n'}
[3.267602] (robomaster_msgs) StdoutLine: {'line': b'-- Up-to-date: /home/cricchetto/Robomaster_WS/install/robomaster_msgs/include/robomaster_msgs/robomaster_msgs/msg/detail/gimbal_command__struct.h\n'}
[3.268725] (robomaster_msgs) StdoutLine: {'line': b'-- Up-to-date: /home/cricchetto/Robomaster_WS/install/robomaster_msgs/include/robomaster_msgs/robomaster_msgs/msg/detail/detected_line__type_support.h\n'}
[3.269237] (robomaster_msgs) StdoutLine: {'line': b'-- Up-to-date: /home/cricchetto/Robomaster_WS/install/robomaster_msgs/include/robomaster_msgs/robomaster_msgs/msg/detail/detected_robot__functions.c\n'}
[3.269783] (robomaster_msgs) StdoutLine: {'line': b'-- Up-to-date: /home/cricchetto/Robomaster_WS/install/robomaster_msgs/include/robomaster_msgs/robomaster_msgs/msg/detail/speaker_command__type_support.h\n'}
[3.270444] (robomaster_msgs) StdoutLine: {'line': b'-- Up-to-date: /home/cricchetto/Robomaster_WS/install/robomaster_msgs/include/robomaster_msgs/robomaster_msgs/msg/detail/mode__functions.h\n'}
[3.271036] (robomaster_msgs) StdoutLine: {'line': b'-- Up-to-date: /home/cricchetto/Robomaster_WS/install/robomaster_msgs/include/robomaster_msgs/robomaster_msgs/msg/detail/camera_config__struct.h\n'}
[3.271646] (robomaster_msgs) StdoutLine: {'line': b'-- Up-to-date: /home/cricchetto/Robomaster_WS/install/robomaster_msgs/include/robomaster_msgs/robomaster_msgs/msg/detail/led_effect__functions.h\n'}
[3.272076] (robomaster_msgs) StdoutLine: {'line': b'-- Up-to-date: /home/cricchetto/Robomaster_WS/install/robomaster_msgs/include/robomaster_msgs/robomaster_msgs/msg/detail/detection__functions.c\n'}
[3.280955] (robomaster_msgs) StdoutLine: {'line': b'-- Up-to-date: /home/cricchetto/Robomaster_WS/install/robomaster_msgs/include/robomaster_msgs/robomaster_msgs/msg/detail/s_bus__type_support.h\n'}
[3.281534] (robomaster_msgs) StdoutLine: {'line': b'-- Up-to-date: /home/cricchetto/Robomaster_WS/install/robomaster_msgs/include/robomaster_msgs/robomaster_msgs/msg/detail/chassis_status__functions.h\n'}
[3.282228] (robomaster_msgs) StdoutLine: {'line': b'-- Up-to-date: /home/cricchetto/Robomaster_WS/install/robomaster_msgs/include/robomaster_msgs/robomaster_msgs/msg/detail/blaster_led__type_support.h\n'}
[3.282631] (robomaster_msgs) StdoutLine: {'line': b'-- Up-to-date: /home/cricchetto/Robomaster_WS/install/robomaster_msgs/include/robomaster_msgs/robomaster_msgs/msg/detail/servo_raw_state__functions.c\n'}
[3.283196] (robomaster_msgs) StdoutLine: {'line': b'-- Up-to-date: /home/cricchetto/Robomaster_WS/install/robomaster_msgs/include/robomaster_msgs/robomaster_msgs/msg/detail/detected_robot__type_support.h\n'}
[3.283844] (robomaster_msgs) StdoutLine: {'line': b'-- Up-to-date: /home/cricchetto/Robomaster_WS/install/robomaster_msgs/include/robomaster_msgs/robomaster_msgs/msg/detail/detected_gesture__type_support.h\n'}
[3.284627] (robomaster_msgs) StdoutLine: {'line': b'-- Up-to-date: /home/cricchetto/Robomaster_WS/install/robomaster_msgs/include/robomaster_msgs/robomaster_msgs/msg/detail/s_bus__struct.h\n'}
[3.285288] (robomaster_msgs) StdoutLine: {'line': b'-- Up-to-date: /home/cricchetto/Robomaster_WS/install/robomaster_msgs/include/robomaster_msgs/robomaster_msgs/msg/detail/led_effect__type_support.h\n'}
[3.285934] (robomaster_msgs) StdoutLine: {'line': b'-- Up-to-date: /home/cricchetto/Robomaster_WS/install/robomaster_msgs/include/robomaster_msgs/robomaster_msgs/msg/detail/detected_marker__functions.c\n'}
[3.286567] (robomaster_msgs) StdoutLine: {'line': b'-- Up-to-date: /home/cricchetto/Robomaster_WS/install/robomaster_msgs/include/robomaster_msgs/robomaster_msgs/msg/detail/gimbal_command__type_support.h\n'}
[3.287171] (robomaster_msgs) StdoutLine: {'line': b'-- Up-to-date: /home/cricchetto/Robomaster_WS/install/robomaster_msgs/include/robomaster_msgs/robomaster_msgs/msg/detail/sensor_adapter__functions.c\n'}
[3.287901] (robomaster_msgs) StdoutLine: {'line': b'-- Up-to-date: /home/cricchetto/Robomaster_WS/install/robomaster_msgs/include/robomaster_msgs/robomaster_msgs/msg/detail/h264_packet__functions.c\n'}
[3.293198] (robomaster_msgs) StdoutLine: {'line': b'-- Up-to-date: /home/cricchetto/Robomaster_WS/install/robomaster_msgs/include/robomaster_msgs/robomaster_msgs/msg/detail/pwm__struct.h\n'}
[3.293945] (robomaster_msgs) StdoutLine: {'line': b'-- Up-to-date: /home/cricchetto/Robomaster_WS/install/robomaster_msgs/include/robomaster_msgs/robomaster_msgs/msg/detail/blaster_led__functions.c\n'}
[3.294435] (robomaster_msgs) StdoutLine: {'line': b'-- Up-to-date: /home/cricchetto/Robomaster_WS/install/robomaster_msgs/include/robomaster_msgs/robomaster_msgs/msg/detail/sensor_adapter__struct.h\n'}
[3.295114] (robomaster_msgs) StdoutLine: {'line': b'-- Up-to-date: /home/cricchetto/Robomaster_WS/install/robomaster_msgs/include/robomaster_msgs/robomaster_msgs/msg/detail/armor_hit__type_support.h\n'}
[3.295987] (robomaster_msgs) StdoutLine: {'line': b'-- Up-to-date: /home/cricchetto/Robomaster_WS/install/robomaster_msgs/include/robomaster_msgs/robomaster_msgs/msg/detail/serial__functions.c\n'}
[3.296646] (robomaster_msgs) StdoutLine: {'line': b'-- Up-to-date: /home/cricchetto/Robomaster_WS/install/robomaster_msgs/include/robomaster_msgs/robomaster_msgs/msg/detail/led_effect__struct.h\n'}
[3.300491] (robomaster_msgs) StdoutLine: {'line': b'-- Up-to-date: /home/cricchetto/Robomaster_WS/install/robomaster_msgs/include/robomaster_msgs/robomaster_msgs/msg/detail/h264_packet__functions.h\n'}
[3.305078] (robomaster_msgs) StdoutLine: {'line': b'-- Up-to-date: /home/cricchetto/Robomaster_WS/install/robomaster_msgs/include/robomaster_msgs/robomaster_msgs/msg/detail/audio_opus__type_support.h\n'}
[3.305906] (robomaster_msgs) StdoutLine: {'line': b'-- Up-to-date: /home/cricchetto/Robomaster_WS/install/robomaster_msgs/include/robomaster_msgs/robomaster_msgs/msg/detail/detected_marker__struct.h\n'}
[3.306859] (robomaster_msgs) StdoutLine: {'line': b'-- Up-to-date: /home/cricchetto/Robomaster_WS/install/robomaster_msgs/include/robomaster_msgs/robomaster_msgs/msg/detail/detected_gesture__struct.h\n'}
[3.307602] (robomaster_msgs) StdoutLine: {'line': b'-- Up-to-date: /home/cricchetto/Robomaster_WS/install/robomaster_msgs/include/robomaster_msgs/robomaster_msgs/msg/detail/detected_person__struct.h\n'}
[3.308369] (robomaster_msgs) StdoutLine: {'line': b'-- Up-to-date: /home/cricchetto/Robomaster_WS/install/robomaster_msgs/include/robomaster_msgs/robomaster_msgs/msg/detail/led_effect__functions.c\n'}
[3.312540] (robomaster_msgs) StdoutLine: {'line': b'-- Up-to-date: /home/cricchetto/Robomaster_WS/install/robomaster_msgs/include/robomaster_msgs/robomaster_msgs/msg/detail/speaker_command__functions.c\n'}
[3.313285] (robomaster_msgs) StdoutLine: {'line': b'-- Up-to-date: /home/cricchetto/Robomaster_WS/install/robomaster_msgs/include/robomaster_msgs/robomaster_msgs/msg/detail/wheel_speeds__struct.h\n'}
[3.314107] (robomaster_msgs) StdoutLine: {'line': b'-- Up-to-date: /home/cricchetto/Robomaster_WS/install/robomaster_msgs/include/robomaster_msgs/robomaster_msgs/msg/detail/h264_packet__type_support.h\n'}
[3.315089] (robomaster_msgs) StdoutLine: {'line': b'-- Up-to-date: /home/cricchetto/Robomaster_WS/install/robomaster_msgs/include/robomaster_msgs/robomaster_msgs/msg/detail/detected_person__type_support.h\n'}
[3.316088] (robomaster_msgs) StdoutLine: {'line': b'-- Up-to-date: /home/cricchetto/Robomaster_WS/install/robomaster_msgs/include/robomaster_msgs/robomaster_msgs/msg/detail/audio_opus__struct.h\n'}
[3.320838] (robomaster_msgs) StdoutLine: {'line': b'-- Up-to-date: /home/cricchetto/Robomaster_WS/install/robomaster_msgs/include/robomaster_msgs/robomaster_msgs/msg/detail/speaker_command__functions.h\n'}
[3.321526] (robomaster_msgs) StdoutLine: {'line': b'-- Up-to-date: /home/cricchetto/Robomaster_WS/install/robomaster_msgs/include/robomaster_msgs/robomaster_msgs/msg/detail/gimbal_command__functions.c\n'}
[3.322037] (robomaster_msgs) StdoutLine: {'line': b'-- Up-to-date: /home/cricchetto/Robomaster_WS/install/robomaster_msgs/include/robomaster_msgs/robomaster_msgs/msg/detail/servo_raw_state__functions.h\n'}
[3.322619] (robomaster_msgs) StdoutLine: {'line': b'-- Up-to-date: /home/cricchetto/Robomaster_WS/install/robomaster_msgs/include/robomaster_msgs/robomaster_msgs/msg/detail/detected_gesture__functions.c\n'}
[3.323307] (robomaster_msgs) StdoutLine: {'line': b'-- Up-to-date: /home/cricchetto/Robomaster_WS/install/robomaster_msgs/include/robomaster_msgs/robomaster_msgs/msg/detail/blaster_led__functions.h\n'}
[3.324025] (robomaster_msgs) StdoutLine: {'line': b'-- Up-to-date: /home/cricchetto/Robomaster_WS/install/robomaster_msgs/include/robomaster_msgs/robomaster_msgs/msg/detail/audio_opus__functions.h\n'}
[3.324802] (robomaster_msgs) StdoutLine: {'line': b'-- Up-to-date: /home/cricchetto/Robomaster_WS/install/robomaster_msgs/include/robomaster_msgs/robomaster_msgs/msg/detail/wheel_speeds__functions.h\n'}
[3.325315] (robomaster_msgs) StdoutLine: {'line': b'-- Up-to-date: /home/cricchetto/Robomaster_WS/install/robomaster_msgs/include/robomaster_msgs/robomaster_msgs/msg/detail/gripper_state__type_support.h\n'}
[3.328629] (robomaster_msgs) StdoutLine: {'line': b'-- Up-to-date: /home/cricchetto/Robomaster_WS/install/robomaster_msgs/include/robomaster_msgs/robomaster_msgs/msg/detail/camera_config__functions.c\n'}
[3.329185] (robomaster_msgs) StdoutLine: {'line': b'-- Up-to-date: /home/cricchetto/Robomaster_WS/install/robomaster_msgs/include/robomaster_msgs/robomaster_msgs/msg/detail/detection__functions.h\n'}
[3.329903] (robomaster_msgs) StdoutLine: {'line': b'-- Up-to-date: /home/cricchetto/Robomaster_WS/install/robomaster_msgs/include/robomaster_msgs/robomaster_msgs/msg/detail/h264_packet__struct.h\n'}
[3.330398] (robomaster_msgs) StdoutLine: {'line': b'-- Up-to-date: /home/cricchetto/Robomaster_WS/install/robomaster_msgs/include/robomaster_msgs/robomaster_msgs/msg/detail/pwm__functions.h\n'}
[3.330927] (robomaster_msgs) StdoutLine: {'line': b'-- Up-to-date: /home/cricchetto/Robomaster_WS/install/robomaster_msgs/include/robomaster_msgs/robomaster_msgs/msg/detail/detected_robot__struct.h\n'}
[3.331478] (robomaster_msgs) StdoutLine: {'line': b'-- Up-to-date: /home/cricchetto/Robomaster_WS/install/robomaster_msgs/include/robomaster_msgs/robomaster_msgs/msg/detail/servo_command__struct.h\n'}
[3.332027] (robomaster_msgs) StdoutLine: {'line': b'-- Up-to-date: /home/cricchetto/Robomaster_WS/install/robomaster_msgs/include/robomaster_msgs/robomaster_msgs/msg/detail/wheel_speeds__functions.c\n'}
[3.336482] (-) TimerEvent: {}
[3.337756] (robomaster_msgs) StdoutLine: {'line': b'-- Up-to-date: /home/cricchetto/Robomaster_WS/install/robomaster_msgs/include/robomaster_msgs/robomaster_msgs/msg/detail/audio_data__functions.c\n'}
[3.338411] (robomaster_msgs) StdoutLine: {'line': b'-- Up-to-date: /home/cricchetto/Robomaster_WS/install/robomaster_msgs/include/robomaster_msgs/robomaster_msgs/msg/detail/s_bus__functions.c\n'}
[3.344900] (robomaster_msgs) StdoutLine: {'line': b'-- Up-to-date: /home/cricchetto/Robomaster_WS/install/robomaster_msgs/include/robomaster_msgs/robomaster_msgs/msg/detail/detected_person__functions.c\n'}
[3.345533] (robomaster_msgs) StdoutLine: {'line': b'-- Up-to-date: /home/cricchetto/Robomaster_WS/install/robomaster_msgs/include/robomaster_msgs/robomaster_msgs/msg/detail/gripper_state__struct.h\n'}
[3.346131] (robomaster_msgs) StdoutLine: {'line': b'-- Up-to-date: /home/cricchetto/Robomaster_WS/install/robomaster_msgs/include/robomaster_msgs/robomaster_msgs/msg/detail/s_bus__functions.h\n'}
[3.346887] (robomaster_msgs) StdoutLine: {'line': b'-- Up-to-date: /home/cricchetto/Robomaster_WS/install/robomaster_msgs/include/robomaster_msgs/robomaster_msgs/msg/detail/detected_line__struct.h\n'}
[3.347559] (robomaster_msgs) StdoutLine: {'line': b'-- Up-to-date: /home/cricchetto/Robomaster_WS/install/robomaster_msgs/include/robomaster_msgs/robomaster_msgs/msg/detail/detected_marker__type_support.h\n'}
[3.348432] (robomaster_msgs) StdoutLine: {'line': b'-- Up-to-date: /home/cricchetto/Robomaster_WS/install/robomaster_msgs/include/robomaster_msgs/robomaster_msgs/msg/detail/chassis_status__type_support.h\n'}
[3.349117] (robomaster_msgs) StdoutLine: {'line': b'-- Up-to-date: /home/cricchetto/Robomaster_WS/install/robomaster_msgs/include/robomaster_msgs/robomaster_msgs/msg/detail/armor_hit__functions.h\n'}
[3.349688] (robomaster_msgs) StdoutLine: {'line': b'-- Up-to-date: /home/cricchetto/Robomaster_WS/install/robomaster_msgs/include/robomaster_msgs/robomaster_msgs/msg/detail/armor_hit__functions.c\n'}
[3.350251] (robomaster_msgs) StdoutLine: {'line': b'-- Up-to-date: /home/cricchetto/Robomaster_WS/install/robomaster_msgs/include/robomaster_msgs/robomaster_msgs/msg/detail/region_of_interest__type_support.h\n'}
[3.350600] (robomaster_msgs) StdoutLine: {'line': b'-- Up-to-date: /home/cricchetto/Robomaster_WS/install/robomaster_msgs/include/robomaster_msgs/robomaster_msgs/msg/detail/gripper_state__functions.c\n'}
[3.351079] (robomaster_msgs) StdoutLine: {'line': b'-- Up-to-date: /home/cricchetto/Robomaster_WS/install/robomaster_msgs/include/robomaster_msgs/robomaster_msgs/msg/detail/audio_level__functions.c\n'}
[3.351523] (robomaster_msgs) StdoutLine: {'line': b'-- Up-to-date: /home/cricchetto/Robomaster_WS/install/robomaster_msgs/include/robomaster_msgs/robomaster_msgs/msg/detail/serial__struct.h\n'}
[3.352000] (robomaster_msgs) StdoutLine: {'line': b'-- Up-to-date: /home/cricchetto/Robomaster_WS/install/robomaster_msgs/include/robomaster_msgs/robomaster_msgs/msg/detail/region_of_interest__functions.h\n'}
[3.352571] (robomaster_msgs) StdoutLine: {'line': b'-- Up-to-date: /home/cricchetto/Robomaster_WS/install/robomaster_msgs/include/robomaster_msgs/robomaster_msgs/msg/detail/mode__type_support.h\n'}
[3.352977] (robomaster_msgs) StdoutLine: {'line': b'-- Up-to-date: /home/cricchetto/Robomaster_WS/install/robomaster_msgs/include/robomaster_msgs/robomaster_msgs/msg/detail/speaker_command__struct.h\n'}
[3.353374] (robomaster_msgs) StdoutLine: {'line': b'-- Up-to-date: /home/cricchetto/Robomaster_WS/install/robomaster_msgs/include/robomaster_msgs/robomaster_msgs/msg/detail/serial__type_support.h\n'}
[3.353862] (robomaster_msgs) StdoutLine: {'line': b'-- Up-to-date: /home/cricchetto/Robomaster_WS/install/robomaster_msgs/include/robomaster_msgs/robomaster_msgs/msg/detail/detected_person__functions.h\n'}
[3.354317] (robomaster_msgs) StdoutLine: {'line': b'-- Up-to-date: /home/cricchetto/Robomaster_WS/install/robomaster_msgs/include/robomaster_msgs/robomaster_msgs/msg/detail/gripper_state__functions.h\n'}
[3.354707] (robomaster_msgs) StdoutLine: {'line': b'-- Up-to-date: /home/cricchetto/Robomaster_WS/install/robomaster_msgs/include/robomaster_msgs/robomaster_msgs/msg/detail/pwm__functions.c\n'}
[3.355253] (robomaster_msgs) StdoutLine: {'line': b'-- Up-to-date: /home/cricchetto/Robomaster_WS/install/robomaster_msgs/include/robomaster_msgs/robomaster_msgs/msg/detail/servo_command__functions.c\n'}
[3.355794] (robomaster_msgs) StdoutLine: {'line': b'-- Up-to-date: /home/cricchetto/Robomaster_WS/install/robomaster_msgs/include/robomaster_msgs/robomaster_msgs/msg/detail/camera_config__type_support.h\n'}
[3.365128] (robomaster_msgs) StdoutLine: {'line': b'-- Up-to-date: /home/cricchetto/Robomaster_WS/install/robomaster_msgs/include/robomaster_msgs/robomaster_msgs/msg/detail/region_of_interest__functions.c\n'}
[3.365829] (robomaster_msgs) StdoutLine: {'line': b'-- Up-to-date: /home/cricchetto/Robomaster_WS/install/robomaster_msgs/include/robomaster_msgs/robomaster_msgs/msg/detail/chassis_status__struct.h\n'}
[3.366512] (robomaster_msgs) StdoutLine: {'line': b'-- Up-to-date: /home/cricchetto/Robomaster_WS/install/robomaster_msgs/include/robomaster_msgs/robomaster_msgs/msg/detail/audio_data__type_support.h\n'}
[3.367031] (robomaster_msgs) StdoutLine: {'line': b'-- Up-to-date: /home/cricchetto/Robomaster_WS/install/robomaster_msgs/include/robomaster_msgs/robomaster_msgs/msg/detail/sensor_adapter__type_support.h\n'}
[3.367646] (robomaster_msgs) StdoutLine: {'line': b'-- Up-to-date: /home/cricchetto/Robomaster_WS/install/robomaster_msgs/include/robomaster_msgs/robomaster_msgs/msg/detail/pwm__type_support.h\n'}
[3.368278] (robomaster_msgs) StdoutLine: {'line': b'-- Up-to-date: /home/cricchetto/Robomaster_WS/install/robomaster_msgs/include/robomaster_msgs/robomaster_msgs/msg/detail/audio_level__type_support.h\n'}
[3.368678] (robomaster_msgs) StdoutLine: {'line': b'-- Up-to-date: /home/cricchetto/Robomaster_WS/install/robomaster_msgs/include/robomaster_msgs/robomaster_msgs/msg/detail/audio_data__struct.h\n'}
[3.368988] (robomaster_msgs) StdoutLine: {'line': b'-- Up-to-date: /home/cricchetto/Robomaster_WS/install/robomaster_msgs/include/robomaster_msgs/robomaster_msgs/msg/detail/gimbal_command__functions.h\n'}
[3.369313] (robomaster_msgs) StdoutLine: {'line': b'-- Up-to-date: /home/cricchetto/Robomaster_WS/install/robomaster_msgs/include/robomaster_msgs/robomaster_msgs/msg/detail/armor_hit__struct.h\n'}
[3.369675] (robomaster_msgs) StdoutLine: {'line': b'-- Up-to-date: /home/cricchetto/Robomaster_WS/install/robomaster_msgs/include/robomaster_msgs/robomaster_msgs/msg/detail/camera_config__functions.h\n'}
[3.370080] (robomaster_msgs) StdoutLine: {'line': b'-- Up-to-date: /home/cricchetto/Robomaster_WS/install/robomaster_msgs/include/robomaster_msgs/robomaster_msgs/msg/detail/audio_data__functions.h\n'}
[3.370500] (robomaster_msgs) StdoutLine: {'line': b'-- Up-to-date: /home/cricchetto/Robomaster_WS/install/robomaster_msgs/include/robomaster_msgs/robomaster_msgs/msg/detail/region_of_interest__struct.h\n'}
[3.370873] (robomaster_msgs) StdoutLine: {'line': b'-- Up-to-date: /home/cricchetto/Robomaster_WS/install/robomaster_msgs/include/robomaster_msgs/robomaster_msgs/msg/detail/audio_level__struct.h\n'}
[3.378180] (robomaster_msgs) StdoutLine: {'line': b'-- Up-to-date: /home/cricchetto/Robomaster_WS/install/robomaster_msgs/include/robomaster_msgs/robomaster_msgs/msg/detail/mode__functions.c\n'}
[3.378782] (robomaster_msgs) StdoutLine: {'line': b'-- Up-to-date: /home/cricchetto/Robomaster_WS/install/robomaster_msgs/include/robomaster_msgs/robomaster_msgs/msg/detail/servo_command__type_support.h\n'}
[3.379290] (robomaster_msgs) StdoutLine: {'line': b'-- Up-to-date: /home/cricchetto/Robomaster_WS/install/robomaster_msgs/include/robomaster_msgs/robomaster_msgs/msg/detail/audio_level__functions.h\n'}
[3.380545] (robomaster_msgs) StdoutLine: {'line': b'-- Up-to-date: /home/cricchetto/Robomaster_WS/install/robomaster_msgs/include/robomaster_msgs/robomaster_msgs/msg/detail/audio_opus__functions.c\n'}
[3.381405] (robomaster_msgs) StdoutLine: {'line': b'-- Up-to-date: /home/cricchetto/Robomaster_WS/install/robomaster_msgs/include/robomaster_msgs/robomaster_msgs/msg/detail/detected_robot__functions.h\n'}
[3.381757] (robomaster_msgs) StdoutLine: {'line': b'-- Up-to-date: /home/cricchetto/Robomaster_WS/install/robomaster_msgs/include/robomaster_msgs/robomaster_msgs/msg/detail/blaster_led__struct.h\n'}
[3.382064] (robomaster_msgs) StdoutLine: {'line': b'-- Up-to-date: /home/cricchetto/Robomaster_WS/install/robomaster_msgs/include/robomaster_msgs/robomaster_msgs/msg/detail/serial__functions.h\n'}
[3.382797] (robomaster_msgs) StdoutLine: {'line': b'-- Up-to-date: /home/cricchetto/Robomaster_WS/install/robomaster_msgs/include/robomaster_msgs/robomaster_msgs/msg/detail/detected_gesture__functions.h\n'}
[3.387478] (robomaster_msgs) StdoutLine: {'line': b'-- Up-to-date: /home/cricchetto/Robomaster_WS/install/robomaster_msgs/include/robomaster_msgs/robomaster_msgs/msg/detail/detected_line__functions.c\n'}
[3.388969] (robomaster_msgs) StdoutLine: {'line': b'-- Up-to-date: /home/cricchetto/Robomaster_WS/install/robomaster_msgs/include/robomaster_msgs/robomaster_msgs/msg/detail/detection__struct.h\n'}
[3.390222] (robomaster_msgs) StdoutLine: {'line': b'-- Up-to-date: /home/cricchetto/Robomaster_WS/install/robomaster_msgs/include/robomaster_msgs/robomaster_msgs/msg/detail/wheel_speeds__type_support.h\n'}
[3.391315] (robomaster_msgs) StdoutLine: {'line': b'-- Up-to-date: /home/cricchetto/Robomaster_WS/install/robomaster_msgs/include/robomaster_msgs/robomaster_msgs/msg/detail/sensor_adapter__functions.h\n'}
[3.398656] (robomaster_msgs) StdoutLine: {'line': b'-- Up-to-date: /home/cricchetto/Robomaster_WS/install/robomaster_msgs/include/robomaster_msgs/robomaster_msgs/msg/detail/detected_line__functions.h\n'}
[3.399818] (robomaster_msgs) StdoutLine: {'line': b'-- Up-to-date: /home/cricchetto/Robomaster_WS/install/robomaster_msgs/include/robomaster_msgs/robomaster_msgs/msg/detail/detection__type_support.h\n'}
[3.400627] (robomaster_msgs) StdoutLine: {'line': b'-- Up-to-date: /home/cricchetto/Robomaster_WS/install/robomaster_msgs/include/robomaster_msgs/robomaster_msgs/msg/detail/mode__struct.h\n'}
[3.401095] (robomaster_msgs) StdoutLine: {'line': b'-- Up-to-date: /home/cricchetto/Robomaster_WS/install/robomaster_msgs/include/robomaster_msgs/robomaster_msgs/msg/detail/servo_raw_state__struct.h\n'}
[3.401673] (robomaster_msgs) StdoutLine: {'line': b'-- Up-to-date: /home/cricchetto/Robomaster_WS/install/robomaster_msgs/include/robomaster_msgs/robomaster_msgs/msg/detail/servo_command__functions.h\n'}
[3.402249] (robomaster_msgs) StdoutLine: {'line': b'-- Up-to-date: /home/cricchetto/Robomaster_WS/install/robomaster_msgs/include/robomaster_msgs/robomaster_msgs/msg/detail/detected_marker__functions.h\n'}
[3.402829] (robomaster_msgs) StdoutLine: {'line': b'-- Up-to-date: /home/cricchetto/Robomaster_WS/install/robomaster_msgs/include/robomaster_msgs/robomaster_msgs/msg/detail/servo_raw_state__type_support.h\n'}
[3.403606] (robomaster_msgs) StdoutLine: {'line': b'-- Up-to-date: /home/cricchetto/Robomaster_WS/install/robomaster_msgs/include/robomaster_msgs/robomaster_msgs/msg/audio_opus.h\n'}
[3.404265] (robomaster_msgs) StdoutLine: {'line': b'-- Up-to-date: /home/cricchetto/Robomaster_WS/install/robomaster_msgs/include/robomaster_msgs/robomaster_msgs/msg/s_bus.h\n'}
[3.404717] (robomaster_msgs) StdoutLine: {'line': b'-- Up-to-date: /home/cricchetto/Robomaster_WS/install/robomaster_msgs/include/robomaster_msgs/robomaster_msgs/msg/h264_packet.h\n'}
[3.408596] (robomaster_msgs) StdoutLine: {'line': b'-- Up-to-date: /home/cricchetto/Robomaster_WS/install/robomaster_msgs/include/robomaster_msgs/robomaster_msgs/msg/camera_config.h\n'}
[3.413427] (robomaster_msgs) StdoutLine: {'line': b'-- Up-to-date: /home/cricchetto/Robomaster_WS/install/robomaster_msgs/include/robomaster_msgs/robomaster_msgs/msg/region_of_interest.h\n'}
[3.414067] (robomaster_msgs) StdoutLine: {'line': b'-- Up-to-date: /home/cricchetto/Robomaster_WS/install/robomaster_msgs/include/robomaster_msgs/robomaster_msgs/srv\n'}
[3.414758] (robomaster_msgs) StdoutLine: {'line': b'-- Up-to-date: /home/cricchetto/Robomaster_WS/install/robomaster_msgs/include/robomaster_msgs/robomaster_msgs/srv/get_io.h\n'}
[3.415318] (robomaster_msgs) StdoutLine: {'line': b'-- Up-to-date: /home/cricchetto/Robomaster_WS/install/robomaster_msgs/include/robomaster_msgs/robomaster_msgs/srv/get_adc.h\n'}
[3.415928] (robomaster_msgs) StdoutLine: {'line': b'-- Up-to-date: /home/cricchetto/Robomaster_WS/install/robomaster_msgs/include/robomaster_msgs/robomaster_msgs/srv/detail\n'}
[3.420308] (robomaster_msgs) StdoutLine: {'line': b'-- Up-to-date: /home/cricchetto/Robomaster_WS/install/robomaster_msgs/include/robomaster_msgs/robomaster_msgs/srv/detail/get_servo_angle__functions.c\n'}
[3.421640] (robomaster_msgs) StdoutLine: {'line': b'-- Up-to-date: /home/cricchetto/Robomaster_WS/install/robomaster_msgs/include/robomaster_msgs/robomaster_msgs/srv/detail/get_io__type_support.h\n'}
[3.422762] (robomaster_msgs) StdoutLine: {'line': b'-- Up-to-date: /home/cricchetto/Robomaster_WS/install/robomaster_msgs/include/robomaster_msgs/robomaster_msgs/srv/detail/get_adc__struct.h\n'}
[3.424195] (robomaster_msgs) StdoutLine: {'line': b'-- Up-to-date: /home/cricchetto/Robomaster_WS/install/robomaster_msgs/include/robomaster_msgs/robomaster_msgs/srv/detail/get_io__struct.h\n'}
[3.424743] (robomaster_msgs) StdoutLine: {'line': b'-- Up-to-date: /home/cricchetto/Robomaster_WS/install/robomaster_msgs/include/robomaster_msgs/robomaster_msgs/srv/detail/get_io__functions.h\n'}
[3.425237] (robomaster_msgs) StdoutLine: {'line': b'-- Up-to-date: /home/cricchetto/Robomaster_WS/install/robomaster_msgs/include/robomaster_msgs/robomaster_msgs/srv/detail/get_servo_angle__struct.h\n'}
[3.425699] (robomaster_msgs) StdoutLine: {'line': b'-- Up-to-date: /home/cricchetto/Robomaster_WS/install/robomaster_msgs/include/robomaster_msgs/robomaster_msgs/srv/detail/get_pulse__struct.h\n'}
[3.426120] (robomaster_msgs) StdoutLine: {'line': b'-- Up-to-date: /home/cricchetto/Robomaster_WS/install/robomaster_msgs/include/robomaster_msgs/robomaster_msgs/srv/detail/get_adc__functions.h\n'}
[3.426523] (robomaster_msgs) StdoutLine: {'line': b'-- Up-to-date: /home/cricchetto/Robomaster_WS/install/robomaster_msgs/include/robomaster_msgs/robomaster_msgs/srv/detail/get_pulse__type_support.h\n'}
[3.426907] (robomaster_msgs) StdoutLine: {'line': b'-- Up-to-date: /home/cricchetto/Robomaster_WS/install/robomaster_msgs/include/robomaster_msgs/robomaster_msgs/srv/detail/get_adc__functions.c\n'}
[3.427377] (robomaster_msgs) StdoutLine: {'line': b'-- Up-to-date: /home/cricchetto/Robomaster_WS/install/robomaster_msgs/include/robomaster_msgs/robomaster_msgs/srv/detail/get_adc__type_support.h\n'}
[3.427789] (robomaster_msgs) StdoutLine: {'line': b'-- Up-to-date: /home/cricchetto/Robomaster_WS/install/robomaster_msgs/include/robomaster_msgs/robomaster_msgs/srv/detail/get_servo_angle__functions.h\n'}
[3.436579] (-) TimerEvent: {}
[3.439227] (robomaster_msgs) StdoutLine: {'line': b'-- Up-to-date: /home/cricchetto/Robomaster_WS/install/robomaster_msgs/include/robomaster_msgs/robomaster_msgs/srv/detail/get_io__functions.c\n'}
[3.440208] (robomaster_msgs) StdoutLine: {'line': b'-- Up-to-date: /home/cricchetto/Robomaster_WS/install/robomaster_msgs/include/robomaster_msgs/robomaster_msgs/srv/detail/get_pulse__functions.c\n'}
[3.441063] (robomaster_msgs) StdoutLine: {'line': b'-- Up-to-date: /home/cricchetto/Robomaster_WS/install/robomaster_msgs/include/robomaster_msgs/robomaster_msgs/srv/detail/get_servo_angle__type_support.h\n'}
[3.442342] (robomaster_msgs) StdoutLine: {'line': b'-- Up-to-date: /home/cricchetto/Robomaster_WS/install/robomaster_msgs/include/robomaster_msgs/robomaster_msgs/srv/detail/get_pulse__functions.h\n'}
[3.445812] (robomaster_msgs) StdoutLine: {'line': b'-- Up-to-date: /home/cricchetto/Robomaster_WS/install/robomaster_msgs/include/robomaster_msgs/robomaster_msgs/srv/get_servo_angle.h\n'}
[3.452830] (robomaster_msgs) StdoutLine: {'line': b'-- Up-to-date: /home/cricchetto/Robomaster_WS/install/robomaster_msgs/include/robomaster_msgs/robomaster_msgs/srv/get_pulse.h\n'}
[3.453433] (robomaster_msgs) StdoutLine: {'line': b'-- Up-to-date: /home/cricchetto/Robomaster_WS/install/robomaster_msgs/share/robomaster_msgs/environment/library_path.sh\n'}
[3.453866] (robomaster_msgs) StdoutLine: {'line': b'-- Up-to-date: /home/cricchetto/Robomaster_WS/install/robomaster_msgs/share/robomaster_msgs/environment/library_path.dsv\n'}
[3.454359] (robomaster_msgs) StdoutLine: {'line': b'-- Up-to-date: /home/cricchetto/Robomaster_WS/install/robomaster_msgs/lib/librobomaster_msgs__rosidl_generator_c.so\n'}
[3.455120] (robomaster_msgs) StdoutLine: {'line': b'-- Up-to-date: /home/cricchetto/Robomaster_WS/install/robomaster_msgs/include/robomaster_msgs/robomaster_msgs\n'}
[3.455737] (robomaster_msgs) StdoutLine: {'line': b'-- Up-to-date: /home/cricchetto/Robomaster_WS/install/robomaster_msgs/include/robomaster_msgs/robomaster_msgs/action\n'}
[3.456554] (robomaster_msgs) StdoutLine: {'line': b'-- Up-to-date: /home/cricchetto/Robomaster_WS/install/robomaster_msgs/include/robomaster_msgs/robomaster_msgs/action/detail\n'}
[3.457017] (robomaster_msgs) StdoutLine: {'line': b'-- Up-to-date: /home/cricchetto/Robomaster_WS/install/robomaster_msgs/include/robomaster_msgs/robomaster_msgs/action/detail/play_sound__rosidl_typesupport_fastrtps_c.h\n'}
[3.461381] (robomaster_msgs) StdoutLine: {'line': b'-- Up-to-date: /home/cricchetto/Robomaster_WS/install/robomaster_msgs/include/robomaster_msgs/robomaster_msgs/action/detail/move__rosidl_typesupport_fastrtps_c.h\n'}
[3.462758] (robomaster_msgs) StdoutLine: {'line': b'-- Up-to-date: /home/cricchetto/Robomaster_WS/install/robomaster_msgs/include/robomaster_msgs/robomaster_msgs/action/detail/move_arm__rosidl_typesupport_fastrtps_c.h\n'}
[3.463903] (robomaster_msgs) StdoutLine: {'line': b'-- Up-to-date: /home/cricchetto/Robomaster_WS/install/robomaster_msgs/include/robomaster_msgs/robomaster_msgs/action/detail/move_gimbal__rosidl_typesupport_fastrtps_c.h\n'}
[3.464523] (robomaster_msgs) StdoutLine: {'line': b'-- Up-to-date: /home/cricchetto/Robomaster_WS/install/robomaster_msgs/include/robomaster_msgs/robomaster_msgs/action/detail/gripper_control__rosidl_typesupport_fastrtps_c.h\n'}
[3.471618] (robomaster_msgs) StdoutLine: {'line': b'-- Up-to-date: /home/cricchetto/Robomaster_WS/install/robomaster_msgs/include/robomaster_msgs/robomaster_msgs/action/detail/recenter_gimbal__rosidl_typesupport_fastrtps_c.h\n'}
[3.472716] (robomaster_msgs) StdoutLine: {'line': b'-- Up-to-date: /home/cricchetto/Robomaster_WS/install/robomaster_msgs/include/robomaster_msgs/robomaster_msgs/action/detail/move_servo__rosidl_typesupport_fastrtps_c.h\n'}
[3.473402] (robomaster_msgs) StdoutLine: {'line': b'-- Up-to-date: /home/cricchetto/Robomaster_WS/install/robomaster_msgs/include/robomaster_msgs/robomaster_msgs/msg\n'}
[3.473970] (robomaster_msgs) StdoutLine: {'line': b'-- Up-to-date: /home/cricchetto/Robomaster_WS/install/robomaster_msgs/include/robomaster_msgs/robomaster_msgs/msg/rosidl_typesupport_fastrtps_c__visibility_control.h\n'}
[3.474442] (robomaster_msgs) StdoutLine: {'line': b'-- Up-to-date: /home/cricchetto/Robomaster_WS/install/robomaster_msgs/include/robomaster_msgs/robomaster_msgs/msg/detail\n'}
[3.474880] (robomaster_msgs) StdoutLine: {'line': b'-- Up-to-date: /home/cricchetto/Robomaster_WS/install/robomaster_msgs/include/robomaster_msgs/robomaster_msgs/msg/detail/serial__rosidl_typesupport_fastrtps_c.h\n'}
[3.475282] (robomaster_msgs) StdoutLine: {'line': b'-- Up-to-date: /home/cricchetto/Robomaster_WS/install/robomaster_msgs/include/robomaster_msgs/robomaster_msgs/msg/detail/sensor_adapter__rosidl_typesupport_fastrtps_c.h\n'}
[3.475638] (robomaster_msgs) StdoutLine: {'line': b'-- Up-to-date: /home/cricchetto/Robomaster_WS/install/robomaster_msgs/include/robomaster_msgs/robomaster_msgs/msg/detail/gimbal_command__rosidl_typesupport_fastrtps_c.h\n'}
[3.476035] (robomaster_msgs) StdoutLine: {'line': b'-- Up-to-date: /home/cricchetto/Robomaster_WS/install/robomaster_msgs/include/robomaster_msgs/robomaster_msgs/msg/detail/detected_gesture__rosidl_typesupport_fastrtps_c.h\n'}
[3.476632] (robomaster_msgs) StdoutLine: {'line': b'-- Up-to-date: /home/cricchetto/Robomaster_WS/install/robomaster_msgs/include/robomaster_msgs/robomaster_msgs/msg/detail/detected_person__rosidl_typesupport_fastrtps_c.h\n'}
[3.483408] (robomaster_msgs) StdoutLine: {'line': b'-- Up-to-date: /home/cricchetto/Robomaster_WS/install/robomaster_msgs/include/robomaster_msgs/robomaster_msgs/msg/detail/audio_data__rosidl_typesupport_fastrtps_c.h\n'}
[3.484024] (robomaster_msgs) StdoutLine: {'line': b'-- Up-to-date: /home/cricchetto/Robomaster_WS/install/robomaster_msgs/include/robomaster_msgs/robomaster_msgs/msg/detail/audio_opus__rosidl_typesupport_fastrtps_c.h\n'}
[3.484561] (robomaster_msgs) StdoutLine: {'line': b'-- Up-to-date: /home/cricchetto/Robomaster_WS/install/robomaster_msgs/include/robomaster_msgs/robomaster_msgs/msg/detail/detected_line__rosidl_typesupport_fastrtps_c.h\n'}
[3.485332] (robomaster_msgs) StdoutLine: {'line': b'-- Up-to-date: /home/cricchetto/Robomaster_WS/install/robomaster_msgs/include/robomaster_msgs/robomaster_msgs/msg/detail/servo_raw_state__rosidl_typesupport_fastrtps_c.h\n'}
[3.486331] (robomaster_msgs) StdoutLine: {'line': b'-- Up-to-date: /home/cricchetto/Robomaster_WS/install/robomaster_msgs/include/robomaster_msgs/robomaster_msgs/msg/detail/gripper_state__rosidl_typesupport_fastrtps_c.h\n'}
[3.486870] (robomaster_msgs) StdoutLine: {'line': b'-- Up-to-date: /home/cricchetto/Robomaster_WS/install/robomaster_msgs/include/robomaster_msgs/robomaster_msgs/msg/detail/detection__rosidl_typesupport_fastrtps_c.h\n'}
[3.487243] (robomaster_msgs) StdoutLine: {'line': b'-- Up-to-date: /home/cricchetto/Robomaster_WS/install/robomaster_msgs/include/robomaster_msgs/robomaster_msgs/msg/detail/servo_command__rosidl_typesupport_fastrtps_c.h\n'}
[3.487663] (robomaster_msgs) StdoutLine: {'line': b'-- Up-to-date: /home/cricchetto/Robomaster_WS/install/robomaster_msgs/include/robomaster_msgs/robomaster_msgs/msg/detail/armor_hit__rosidl_typesupport_fastrtps_c.h\n'}
[3.488186] (robomaster_msgs) StdoutLine: {'line': b'-- Up-to-date: /home/cricchetto/Robomaster_WS/install/robomaster_msgs/include/robomaster_msgs/robomaster_msgs/msg/detail/s_bus__rosidl_typesupport_fastrtps_c.h\n'}
[3.488658] (robomaster_msgs) StdoutLine: {'line': b'-- Up-to-date: /home/cricchetto/Robomaster_WS/install/robomaster_msgs/include/robomaster_msgs/robomaster_msgs/msg/detail/region_of_interest__rosidl_typesupport_fastrtps_c.h\n'}
[3.489160] (robomaster_msgs) StdoutLine: {'line': b'-- Up-to-date: /home/cricchetto/Robomaster_WS/install/robomaster_msgs/include/robomaster_msgs/robomaster_msgs/msg/detail/detected_marker__rosidl_typesupport_fastrtps_c.h\n'}
[3.489663] (robomaster_msgs) StdoutLine: {'line': b'-- Up-to-date: /home/cricchetto/Robomaster_WS/install/robomaster_msgs/include/robomaster_msgs/robomaster_msgs/msg/detail/led_effect__rosidl_typesupport_fastrtps_c.h\n'}
[3.490242] (robomaster_msgs) StdoutLine: {'line': b'-- Up-to-date: /home/cricchetto/Robomaster_WS/install/robomaster_msgs/include/robomaster_msgs/robomaster_msgs/msg/detail/speaker_command__rosidl_typesupport_fastrtps_c.h\n'}
[3.490676] (robomaster_msgs) StdoutLine: {'line': b'-- Up-to-date: /home/cricchetto/Robomaster_WS/install/robomaster_msgs/include/robomaster_msgs/robomaster_msgs/msg/detail/pwm__rosidl_typesupport_fastrtps_c.h\n'}
[3.491064] (robomaster_msgs) StdoutLine: {'line': b'-- Up-to-date: /home/cricchetto/Robomaster_WS/install/robomaster_msgs/include/robomaster_msgs/robomaster_msgs/msg/detail/detected_robot__rosidl_typesupport_fastrtps_c.h\n'}
[3.491469] (robomaster_msgs) StdoutLine: {'line': b'-- Up-to-date: /home/cricchetto/Robomaster_WS/install/robomaster_msgs/include/robomaster_msgs/robomaster_msgs/msg/detail/camera_config__rosidl_typesupport_fastrtps_c.h\n'}
[3.491847] (robomaster_msgs) StdoutLine: {'line': b'-- Up-to-date: /home/cricchetto/Robomaster_WS/install/robomaster_msgs/include/robomaster_msgs/robomaster_msgs/msg/detail/mode__rosidl_typesupport_fastrtps_c.h\n'}
[3.492287] (robomaster_msgs) StdoutLine: {'line': b'-- Up-to-date: /home/cricchetto/Robomaster_WS/install/robomaster_msgs/include/robomaster_msgs/robomaster_msgs/msg/detail/h264_packet__rosidl_typesupport_fastrtps_c.h\n'}
[3.492853] (robomaster_msgs) StdoutLine: {'line': b'-- Up-to-date: /home/cricchetto/Robomaster_WS/install/robomaster_msgs/include/robomaster_msgs/robomaster_msgs/msg/detail/wheel_speeds__rosidl_typesupport_fastrtps_c.h\n'}
[3.493339] (robomaster_msgs) StdoutLine: {'line': b'-- Up-to-date: /home/cricchetto/Robomaster_WS/install/robomaster_msgs/include/robomaster_msgs/robomaster_msgs/msg/detail/chassis_status__rosidl_typesupport_fastrtps_c.h\n'}
[3.493712] (robomaster_msgs) StdoutLine: {'line': b'-- Up-to-date: /home/cricchetto/Robomaster_WS/install/robomaster_msgs/include/robomaster_msgs/robomaster_msgs/msg/detail/blaster_led__rosidl_typesupport_fastrtps_c.h\n'}
[3.494094] (robomaster_msgs) StdoutLine: {'line': b'-- Up-to-date: /home/cricchetto/Robomaster_WS/install/robomaster_msgs/include/robomaster_msgs/robomaster_msgs/msg/detail/audio_level__rosidl_typesupport_fastrtps_c.h\n'}
[3.494579] (robomaster_msgs) StdoutLine: {'line': b'-- Up-to-date: /home/cricchetto/Robomaster_WS/install/robomaster_msgs/include/robomaster_msgs/robomaster_msgs/srv\n'}
[3.495021] (robomaster_msgs) StdoutLine: {'line': b'-- Up-to-date: /home/cricchetto/Robomaster_WS/install/robomaster_msgs/include/robomaster_msgs/robomaster_msgs/srv/detail\n'}
[3.495361] (robomaster_msgs) StdoutLine: {'line': b'-- Up-to-date: /home/cricchetto/Robomaster_WS/install/robomaster_msgs/include/robomaster_msgs/robomaster_msgs/srv/detail/get_servo_angle__rosidl_typesupport_fastrtps_c.h\n'}
[3.495703] (robomaster_msgs) StdoutLine: {'line': b'-- Up-to-date: /home/cricchetto/Robomaster_WS/install/robomaster_msgs/include/robomaster_msgs/robomaster_msgs/srv/detail/get_adc__rosidl_typesupport_fastrtps_c.h\n'}
[3.507861] (robomaster_msgs) StdoutLine: {'line': b'-- Up-to-date: /home/cricchetto/Robomaster_WS/install/robomaster_msgs/include/robomaster_msgs/robomaster_msgs/srv/detail/get_io__rosidl_typesupport_fastrtps_c.h\n'}
[3.508729] (robomaster_msgs) StdoutLine: {'line': b'-- Up-to-date: /home/cricchetto/Robomaster_WS/install/robomaster_msgs/include/robomaster_msgs/robomaster_msgs/srv/detail/get_pulse__rosidl_typesupport_fastrtps_c.h\n'}
[3.509489] (robomaster_msgs) StdoutLine: {'line': b'-- Up-to-date: /home/cricchetto/Robomaster_WS/install/robomaster_msgs/lib/librobomaster_msgs__rosidl_typesupport_fastrtps_c.so\n'}
[3.510121] (robomaster_msgs) StdoutLine: {'line': b'-- Up-to-date: /home/cricchetto/Robomaster_WS/install/robomaster_msgs/include/robomaster_msgs/robomaster_msgs\n'}
[3.510547] (robomaster_msgs) StdoutLine: {'line': b'-- Up-to-date: /home/cricchetto/Robomaster_WS/install/robomaster_msgs/include/robomaster_msgs/robomaster_msgs/action\n'}
[3.511028] (robomaster_msgs) StdoutLine: {'line': b'-- Up-to-date: /home/cricchetto/Robomaster_WS/install/robomaster_msgs/include/robomaster_msgs/robomaster_msgs/action/detail\n'}
[3.511673] (robomaster_msgs) StdoutLine: {'line': b'-- Up-to-date: /home/cricchetto/Robomaster_WS/install/robomaster_msgs/include/robomaster_msgs/robomaster_msgs/action/detail/move_gimbal__type_support.c\n'}
[3.512340] (robomaster_msgs) StdoutLine: {'line': b'-- Up-to-date: /home/cricchetto/Robomaster_WS/install/robomaster_msgs/include/robomaster_msgs/robomaster_msgs/action/detail/move__type_support.c\n'}
[3.519435] (robomaster_msgs) StdoutLine: {'line': b'-- Up-to-date: /home/cricchetto/Robomaster_WS/install/robomaster_msgs/include/robomaster_msgs/robomaster_msgs/action/detail/gripper_control__type_support.c\n'}
[3.526177] (robomaster_msgs) StdoutLine: {'line': b'-- Up-to-date: /home/cricchetto/Robomaster_WS/install/robomaster_msgs/include/robomaster_msgs/robomaster_msgs/action/detail/move_servo__rosidl_typesupport_introspection_c.h\n'}
[3.526647] (robomaster_msgs) StdoutLine: {'line': b'-- Up-to-date: /home/cricchetto/Robomaster_WS/install/robomaster_msgs/include/robomaster_msgs/robomaster_msgs/action/detail/play_sound__type_support.c\n'}
[3.527097] (robomaster_msgs) StdoutLine: {'line': b'-- Up-to-date: /home/cricchetto/Robomaster_WS/install/robomaster_msgs/include/robomaster_msgs/robomaster_msgs/action/detail/move_gimbal__rosidl_typesupport_introspection_c.h\n'}
[3.527506] (robomaster_msgs) StdoutLine: {'line': b'-- Up-to-date: /home/cricchetto/Robomaster_WS/install/robomaster_msgs/include/robomaster_msgs/robomaster_msgs/action/detail/move_arm__type_support.c\n'}
[3.527911] (robomaster_msgs) StdoutLine: {'line': b'-- Up-to-date: /home/cricchetto/Robomaster_WS/install/robomaster_msgs/include/robomaster_msgs/robomaster_msgs/action/detail/gripper_control__rosidl_typesupport_introspection_c.h\n'}
[3.528446] (robomaster_msgs) StdoutLine: {'line': b'-- Up-to-date: /home/cricchetto/Robomaster_WS/install/robomaster_msgs/include/robomaster_msgs/robomaster_msgs/action/detail/play_sound__rosidl_typesupport_introspection_c.h\n'}
[3.528992] (robomaster_msgs) StdoutLine: {'line': b'-- Up-to-date: /home/cricchetto/Robomaster_WS/install/robomaster_msgs/include/robomaster_msgs/robomaster_msgs/action/detail/move_arm__rosidl_typesupport_introspection_c.h\n'}
[3.529420] (robomaster_msgs) StdoutLine: {'line': b'-- Up-to-date: /home/cricchetto/Robomaster_WS/install/robomaster_msgs/include/robomaster_msgs/robomaster_msgs/action/detail/move_servo__type_support.c\n'}
[3.530030] (robomaster_msgs) StdoutLine: {'line': b'-- Up-to-date: /home/cricchetto/Robomaster_WS/install/robomaster_msgs/include/robomaster_msgs/robomaster_msgs/action/detail/recenter_gimbal__rosidl_typesupport_introspection_c.h\n'}
[3.530955] (robomaster_msgs) StdoutLine: {'line': b'-- Up-to-date: /home/cricchetto/Robomaster_WS/install/robomaster_msgs/include/robomaster_msgs/robomaster_msgs/action/detail/recenter_gimbal__type_support.c\n'}
[3.545225] (-) TimerEvent: {}
[3.546173] (robomaster_msgs) StdoutLine: {'line': b'-- Up-to-date: /home/cricchetto/Robomaster_WS/install/robomaster_msgs/include/robomaster_msgs/robomaster_msgs/action/detail/move__rosidl_typesupport_introspection_c.h\n'}
[3.546727] (robomaster_msgs) StdoutLine: {'line': b'-- Up-to-date: /home/cricchetto/Robomaster_WS/install/robomaster_msgs/include/robomaster_msgs/robomaster_msgs/msg\n'}
[3.547520] (robomaster_msgs) StdoutLine: {'line': b'-- Up-to-date: /home/cricchetto/Robomaster_WS/install/robomaster_msgs/include/robomaster_msgs/robomaster_msgs/msg/detail\n'}
[3.548721] (robomaster_msgs) StdoutLine: {'line': b'-- Up-to-date: /home/cricchetto/Robomaster_WS/install/robomaster_msgs/include/robomaster_msgs/robomaster_msgs/msg/detail/mode__rosidl_typesupport_introspection_c.h\n'}
[3.549758] (robomaster_msgs) StdoutLine: {'line': b'-- Up-to-date: /home/cricchetto/Robomaster_WS/install/robomaster_msgs/include/robomaster_msgs/robomaster_msgs/msg/detail/h264_packet__type_support.c\n'}
[3.550441] (robomaster_msgs) StdoutLine: {'line': b'-- Up-to-date: /home/cricchetto/Robomaster_WS/install/robomaster_msgs/include/robomaster_msgs/robomaster_msgs/msg/detail/serial__type_support.c\n'}
[3.551144] (robomaster_msgs) StdoutLine: {'line': b'-- Up-to-date: /home/cricchetto/Robomaster_WS/install/robomaster_msgs/include/robomaster_msgs/robomaster_msgs/msg/detail/detection__rosidl_typesupport_introspection_c.h\n'}
[3.552833] (robomaster_msgs) StdoutLine: {'line': b'-- Up-to-date: /home/cricchetto/Robomaster_WS/install/robomaster_msgs/include/robomaster_msgs/robomaster_msgs/msg/detail/camera_config__type_support.c\n'}
[3.553695] (robomaster_msgs) StdoutLine: {'line': b'-- Up-to-date: /home/cricchetto/Robomaster_WS/install/robomaster_msgs/include/robomaster_msgs/robomaster_msgs/msg/detail/speaker_command__type_support.c\n'}
[3.554722] (robomaster_msgs) StdoutLine: {'line': b'-- Up-to-date: /home/cricchetto/Robomaster_WS/install/robomaster_msgs/include/robomaster_msgs/robomaster_msgs/msg/detail/detected_marker__type_support.c\n'}
[3.555728] (robomaster_msgs) StdoutLine: {'line': b'-- Up-to-date: /home/cricchetto/Robomaster_WS/install/robomaster_msgs/include/robomaster_msgs/robomaster_msgs/msg/detail/detected_person__type_support.c\n'}
[3.556546] (robomaster_msgs) StdoutLine: {'line': b'-- Up-to-date: /home/cricchetto/Robomaster_WS/install/robomaster_msgs/include/robomaster_msgs/robomaster_msgs/msg/detail/detected_marker__rosidl_typesupport_introspection_c.h\n'}
[3.557294] (robomaster_msgs) StdoutLine: {'line': b'-- Up-to-date: /home/cricchetto/Robomaster_WS/install/robomaster_msgs/include/robomaster_msgs/robomaster_msgs/msg/detail/s_bus__type_support.c\n'}
[3.558524] (robomaster_msgs) StdoutLine: {'line': b'-- Up-to-date: /home/cricchetto/Robomaster_WS/install/robomaster_msgs/include/robomaster_msgs/robomaster_msgs/msg/detail/gripper_state__rosidl_typesupport_introspection_c.h\n'}
[3.559454] (robomaster_msgs) StdoutLine: {'line': b'-- Up-to-date: /home/cricchetto/Robomaster_WS/install/robomaster_msgs/include/robomaster_msgs/robomaster_msgs/msg/detail/servo_raw_state__type_support.c\n'}
[3.560222] (robomaster_msgs) StdoutLine: {'line': b'-- Up-to-date: /home/cricchetto/Robomaster_WS/install/robomaster_msgs/include/robomaster_msgs/robomaster_msgs/msg/detail/region_of_interest__rosidl_typesupport_introspection_c.h\n'}
[3.561040] (robomaster_msgs) StdoutLine: {'line': b'-- Up-to-date: /home/cricchetto/Robomaster_WS/install/robomaster_msgs/include/robomaster_msgs/robomaster_msgs/msg/detail/servo_command__type_support.c\n'}
[3.561637] (robomaster_msgs) StdoutLine: {'line': b'-- Up-to-date: /home/cricchetto/Robomaster_WS/install/robomaster_msgs/include/robomaster_msgs/robomaster_msgs/msg/detail/audio_level__rosidl_typesupport_introspection_c.h\n'}
[3.562355] (robomaster_msgs) StdoutLine: {'line': b'-- Up-to-date: /home/cricchetto/Robomaster_WS/install/robomaster_msgs/include/robomaster_msgs/robomaster_msgs/msg/detail/detected_gesture__type_support.c\n'}
[3.563313] (robomaster_msgs) StdoutLine: {'line': b'-- Up-to-date: /home/cricchetto/Robomaster_WS/install/robomaster_msgs/include/robomaster_msgs/robomaster_msgs/msg/detail/detected_person__rosidl_typesupport_introspection_c.h\n'}
[3.569667] (robomaster_msgs) StdoutLine: {'line': b'-- Up-to-date: /home/cricchetto/Robomaster_WS/install/robomaster_msgs/include/robomaster_msgs/robomaster_msgs/msg/detail/camera_config__rosidl_typesupport_introspection_c.h\n'}
[3.570886] (robomaster_msgs) StdoutLine: {'line': b'-- Up-to-date: /home/cricchetto/Robomaster_WS/install/robomaster_msgs/include/robomaster_msgs/robomaster_msgs/msg/detail/chassis_status__type_support.c\n'}
[3.572075] (robomaster_msgs) StdoutLine: {'line': b'-- Up-to-date: /home/cricchetto/Robomaster_WS/install/robomaster_msgs/include/robomaster_msgs/robomaster_msgs/msg/detail/region_of_interest__type_support.c\n'}
[3.573557] (robomaster_msgs) StdoutLine: {'line': b'-- Up-to-date: /home/cricchetto/Robomaster_WS/install/robomaster_msgs/include/robomaster_msgs/robomaster_msgs/msg/detail/chassis_status__rosidl_typesupport_introspection_c.h\n'}
[3.574832] (robomaster_msgs) StdoutLine: {'line': b'-- Up-to-date: /home/cricchetto/Robomaster_WS/install/robomaster_msgs/include/robomaster_msgs/robomaster_msgs/msg/detail/pwm__rosidl_typesupport_introspection_c.h\n'}
[3.576842] (robomaster_msgs) StdoutLine: {'line': b'-- Up-to-date: /home/cricchetto/Robomaster_WS/install/robomaster_msgs/include/robomaster_msgs/robomaster_msgs/msg/detail/detected_robot__type_support.c\n'}
[3.585381] (robomaster_msgs) StdoutLine: {'line': b'-- Up-to-date: /home/cricchetto/Robomaster_WS/install/robomaster_msgs/include/robomaster_msgs/robomaster_msgs/msg/detail/audio_level__type_support.c\n'}
[3.585908] (robomaster_msgs) StdoutLine: {'line': b'-- Up-to-date: /home/cricchetto/Robomaster_WS/install/robomaster_msgs/include/robomaster_msgs/robomaster_msgs/msg/detail/speaker_command__rosidl_typesupport_introspection_c.h\n'}
[3.587052] (robomaster_msgs) StdoutLine: {'line': b'-- Up-to-date: /home/cricchetto/Robomaster_WS/install/robomaster_msgs/include/robomaster_msgs/robomaster_msgs/msg/detail/h264_packet__rosidl_typesupport_introspection_c.h\n'}
[3.587995] (robomaster_msgs) StdoutLine: {'line': b'-- Up-to-date: /home/cricchetto/Robomaster_WS/install/robomaster_msgs/include/robomaster_msgs/robomaster_msgs/msg/detail/detection__type_support.c\n'}
[3.589667] (robomaster_msgs) StdoutLine: {'line': b'-- Up-to-date: /home/cricchetto/Robomaster_WS/install/robomaster_msgs/include/robomaster_msgs/robomaster_msgs/msg/detail/blaster_led__type_support.c\n'}
[3.590424] (robomaster_msgs) StdoutLine: {'line': b'-- Up-to-date: /home/cricchetto/Robomaster_WS/install/robomaster_msgs/include/robomaster_msgs/robomaster_msgs/msg/detail/audio_opus__type_support.c\n'}
[3.590829] (robomaster_msgs) StdoutLine: {'line': b'-- Up-to-date: /home/cricchetto/Robomaster_WS/install/robomaster_msgs/include/robomaster_msgs/robomaster_msgs/msg/detail/led_effect__type_support.c\n'}
[3.591476] (robomaster_msgs) StdoutLine: {'line': b'-- Up-to-date: /home/cricchetto/Robomaster_WS/install/robomaster_msgs/include/robomaster_msgs/robomaster_msgs/msg/detail/wheel_speeds__rosidl_typesupport_introspection_c.h\n'}
[3.592227] (robomaster_msgs) StdoutLine: {'line': b'-- Up-to-date: /home/cricchetto/Robomaster_WS/install/robomaster_msgs/include/robomaster_msgs/robomaster_msgs/msg/detail/pwm__type_support.c\n'}
[3.592927] (robomaster_msgs) StdoutLine: {'line': b'-- Up-to-date: /home/cricchetto/Robomaster_WS/install/robomaster_msgs/include/robomaster_msgs/robomaster_msgs/msg/detail/s_bus__rosidl_typesupport_introspection_c.h\n'}
[3.594163] (robomaster_msgs) StdoutLine: {'line': b'-- Up-to-date: /home/cricchetto/Robomaster_WS/install/robomaster_msgs/include/robomaster_msgs/robomaster_msgs/msg/detail/armor_hit__type_support.c\n'}
[3.594701] (robomaster_msgs) StdoutLine: {'line': b'-- Up-to-date: /home/cricchetto/Robomaster_WS/install/robomaster_msgs/include/robomaster_msgs/robomaster_msgs/msg/detail/detected_line__type_support.c\n'}
[3.601221] (robomaster_msgs) StdoutLine: {'line': b'-- Up-to-date: /home/cricchetto/Robomaster_WS/install/robomaster_msgs/include/robomaster_msgs/robomaster_msgs/msg/detail/serial__rosidl_typesupport_introspection_c.h\n'}
[3.602476] (robomaster_msgs) StdoutLine: {'line': b'-- Up-to-date: /home/cricchetto/Robomaster_WS/install/robomaster_msgs/include/robomaster_msgs/robomaster_msgs/msg/detail/sensor_adapter__rosidl_typesupport_introspection_c.h\n'}
[3.603641] (robomaster_msgs) StdoutLine: {'line': b'-- Up-to-date: /home/cricchetto/Robomaster_WS/install/robomaster_msgs/include/robomaster_msgs/robomaster_msgs/msg/detail/detected_robot__rosidl_typesupport_introspection_c.h\n'}
[3.604793] (robomaster_msgs) StdoutLine: {'line': b'-- Up-to-date: /home/cricchetto/Robomaster_WS/install/robomaster_msgs/include/robomaster_msgs/robomaster_msgs/msg/detail/audio_opus__rosidl_typesupport_introspection_c.h\n'}
[3.605919] (robomaster_msgs) StdoutLine: {'line': b'-- Up-to-date: /home/cricchetto/Robomaster_WS/install/robomaster_msgs/include/robomaster_msgs/robomaster_msgs/msg/detail/wheel_speeds__type_support.c\n'}
[3.613783] (robomaster_msgs) StdoutLine: {'line': b'-- Up-to-date: /home/cricchetto/Robomaster_WS/install/robomaster_msgs/include/robomaster_msgs/robomaster_msgs/msg/detail/mode__type_support.c\n'}
[3.614852] (robomaster_msgs) StdoutLine: {'line': b'-- Up-to-date: /home/cricchetto/Robomaster_WS/install/robomaster_msgs/include/robomaster_msgs/robomaster_msgs/msg/detail/servo_raw_state__rosidl_typesupport_introspection_c.h\n'}
[3.616000] (robomaster_msgs) StdoutLine: {'line': b'-- Up-to-date: /home/cricchetto/Robomaster_WS/install/robomaster_msgs/include/robomaster_msgs/robomaster_msgs/msg/detail/gripper_state__type_support.c\n'}
[3.617031] (robomaster_msgs) StdoutLine: {'line': b'-- Up-to-date: /home/cricchetto/Robomaster_WS/install/robomaster_msgs/include/robomaster_msgs/robomaster_msgs/msg/detail/blaster_led__rosidl_typesupport_introspection_c.h\n'}
[3.618428] (robomaster_msgs) StdoutLine: {'line': b'-- Up-to-date: /home/cricchetto/Robomaster_WS/install/robomaster_msgs/include/robomaster_msgs/robomaster_msgs/msg/detail/audio_data__type_support.c\n'}
[3.619360] (robomaster_msgs) StdoutLine: {'line': b'-- Up-to-date: /home/cricchetto/Robomaster_WS/install/robomaster_msgs/include/robomaster_msgs/robomaster_msgs/msg/detail/armor_hit__rosidl_typesupport_introspection_c.h\n'}
[3.620812] (robomaster_msgs) StdoutLine: {'line': b'-- Up-to-date: /home/cricchetto/Robomaster_WS/install/robomaster_msgs/include/robomaster_msgs/robomaster_msgs/msg/detail/sensor_adapter__type_support.c\n'}
[3.622529] (robomaster_msgs) StdoutLine: {'line': b'-- Up-to-date: /home/cricchetto/Robomaster_WS/install/robomaster_msgs/include/robomaster_msgs/robomaster_msgs/msg/detail/servo_command__rosidl_typesupport_introspection_c.h\n'}
[3.630649] (robomaster_msgs) StdoutLine: {'line': b'-- Up-to-date: /home/cricchetto/Robomaster_WS/install/robomaster_msgs/include/robomaster_msgs/robomaster_msgs/msg/detail/audio_data__rosidl_typesupport_introspection_c.h\n'}
[3.632260] (robomaster_msgs) StdoutLine: {'line': b'-- Up-to-date: /home/cricchetto/Robomaster_WS/install/robomaster_msgs/include/robomaster_msgs/robomaster_msgs/msg/detail/led_effect__rosidl_typesupport_introspection_c.h\n'}
[3.633426] (robomaster_msgs) StdoutLine: {'line': b'-- Up-to-date: /home/cricchetto/Robomaster_WS/install/robomaster_msgs/include/robomaster_msgs/robomaster_msgs/msg/detail/gimbal_command__type_support.c\n'}
[3.634404] (robomaster_msgs) StdoutLine: {'line': b'-- Up-to-date: /home/cricchetto/Robomaster_WS/install/robomaster_msgs/include/robomaster_msgs/robomaster_msgs/msg/detail/detected_line__rosidl_typesupport_introspection_c.h\n'}
[3.635481] (robomaster_msgs) StdoutLine: {'line': b'-- Up-to-date: /home/cricchetto/Robomaster_WS/install/robomaster_msgs/include/robomaster_msgs/robomaster_msgs/msg/detail/gimbal_command__rosidl_typesupport_introspection_c.h\n'}
[3.636203] (robomaster_msgs) StdoutLine: {'line': b'-- Up-to-date: /home/cricchetto/Robomaster_WS/install/robomaster_msgs/include/robomaster_msgs/robomaster_msgs/msg/detail/detected_gesture__rosidl_typesupport_introspection_c.h\n'}
[3.636846] (robomaster_msgs) StdoutLine: {'line': b'-- Up-to-date: /home/cricchetto/Robomaster_WS/install/robomaster_msgs/include/robomaster_msgs/robomaster_msgs/msg/rosidl_typesupport_introspection_c__visibility_control.h\n'}
[3.637269] (robomaster_msgs) StdoutLine: {'line': b'-- Up-to-date: /home/cricchetto/Robomaster_WS/install/robomaster_msgs/include/robomaster_msgs/robomaster_msgs/srv\n'}
[3.637712] (robomaster_msgs) StdoutLine: {'line': b'-- Up-to-date: /home/cricchetto/Robomaster_WS/install/robomaster_msgs/include/robomaster_msgs/robomaster_msgs/srv/detail\n'}
[3.638116] (robomaster_msgs) StdoutLine: {'line': b'-- Up-to-date: /home/cricchetto/Robomaster_WS/install/robomaster_msgs/include/robomaster_msgs/robomaster_msgs/srv/detail/get_adc__rosidl_typesupport_introspection_c.h\n'}
[3.638816] (robomaster_msgs) StdoutLine: {'line': b'-- Up-to-date: /home/cricchetto/Robomaster_WS/install/robomaster_msgs/include/robomaster_msgs/robomaster_msgs/srv/detail/get_servo_angle__type_support.c\n'}
[3.639405] (robomaster_msgs) StdoutLine: {'line': b'-- Up-to-date: /home/cricchetto/Robomaster_WS/install/robomaster_msgs/include/robomaster_msgs/robomaster_msgs/srv/detail/get_servo_angle__rosidl_typesupport_introspection_c.h\n'}
[3.639774] (robomaster_msgs) StdoutLine: {'line': b'-- Up-to-date: /home/cricchetto/Robomaster_WS/install/robomaster_msgs/include/robomaster_msgs/robomaster_msgs/srv/detail/get_pulse__type_support.c\n'}
[3.640105] (robomaster_msgs) StdoutLine: {'line': b'-- Up-to-date: /home/cricchetto/Robomaster_WS/install/robomaster_msgs/include/robomaster_msgs/robomaster_msgs/srv/detail/get_io__type_support.c\n'}
[3.640552] (robomaster_msgs) StdoutLine: {'line': b'-- Up-to-date: /home/cricchetto/Robomaster_WS/install/robomaster_msgs/include/robomaster_msgs/robomaster_msgs/srv/detail/get_pulse__rosidl_typesupport_introspection_c.h\n'}
[3.640972] (robomaster_msgs) StdoutLine: {'line': b'-- Up-to-date: /home/cricchetto/Robomaster_WS/install/robomaster_msgs/include/robomaster_msgs/robomaster_msgs/srv/detail/get_adc__type_support.c\n'}
[3.641338] (robomaster_msgs) StdoutLine: {'line': b'-- Up-to-date: /home/cricchetto/Robomaster_WS/install/robomaster_msgs/include/robomaster_msgs/robomaster_msgs/srv/detail/get_io__rosidl_typesupport_introspection_c.h\n'}
[3.646460] (-) TimerEvent: {}
[3.647008] (robomaster_msgs) StdoutLine: {'line': b'-- Up-to-date: /home/cricchetto/Robomaster_WS/install/robomaster_msgs/lib/librobomaster_msgs__rosidl_typesupport_introspection_c.so\n'}
[3.647616] (robomaster_msgs) StdoutLine: {'line': b'-- Up-to-date: /home/cricchetto/Robomaster_WS/install/robomaster_msgs/lib/librobomaster_msgs__rosidl_typesupport_c.so\n'}
[3.648315] (robomaster_msgs) StdoutLine: {'line': b'-- Up-to-date: /home/cricchetto/Robomaster_WS/install/robomaster_msgs/include/robomaster_msgs/robomaster_msgs\n'}
[3.648959] (robomaster_msgs) StdoutLine: {'line': b'-- Up-to-date: /home/cricchetto/Robomaster_WS/install/robomaster_msgs/include/robomaster_msgs/robomaster_msgs/action\n'}
[3.649472] (robomaster_msgs) StdoutLine: {'line': b'-- Up-to-date: /home/cricchetto/Robomaster_WS/install/robomaster_msgs/include/robomaster_msgs/robomaster_msgs/action/move_arm.hpp\n'}
[3.649974] (robomaster_msgs) StdoutLine: {'line': b'-- Up-to-date: /home/cricchetto/Robomaster_WS/install/robomaster_msgs/include/robomaster_msgs/robomaster_msgs/action/move.hpp\n'}
[3.650606] (robomaster_msgs) StdoutLine: {'line': b'-- Up-to-date: /home/cricchetto/Robomaster_WS/install/robomaster_msgs/include/robomaster_msgs/robomaster_msgs/action/play_sound.hpp\n'}
[3.651646] (robomaster_msgs) StdoutLine: {'line': b'-- Up-to-date: /home/cricchetto/Robomaster_WS/install/robomaster_msgs/include/robomaster_msgs/robomaster_msgs/action/gripper_control.hpp\n'}
[3.652546] (robomaster_msgs) StdoutLine: {'line': b'-- Up-to-date: /home/cricchetto/Robomaster_WS/install/robomaster_msgs/include/robomaster_msgs/robomaster_msgs/action/recenter_gimbal.hpp\n'}
[3.653176] (robomaster_msgs) StdoutLine: {'line': b'-- Up-to-date: /home/cricchetto/Robomaster_WS/install/robomaster_msgs/include/robomaster_msgs/robomaster_msgs/action/move_servo.hpp\n'}
[3.653760] (robomaster_msgs) StdoutLine: {'line': b'-- Up-to-date: /home/cricchetto/Robomaster_WS/install/robomaster_msgs/include/robomaster_msgs/robomaster_msgs/action/detail\n'}
[3.654304] (robomaster_msgs) StdoutLine: {'line': b'-- Up-to-date: /home/cricchetto/Robomaster_WS/install/robomaster_msgs/include/robomaster_msgs/robomaster_msgs/action/detail/play_sound__struct.hpp\n'}
[3.654835] (robomaster_msgs) StdoutLine: {'line': b'-- Up-to-date: /home/cricchetto/Robomaster_WS/install/robomaster_msgs/include/robomaster_msgs/robomaster_msgs/action/detail/recenter_gimbal__traits.hpp\n'}
[3.655417] (robomaster_msgs) StdoutLine: {'line': b'-- Up-to-date: /home/cricchetto/Robomaster_WS/install/robomaster_msgs/include/robomaster_msgs/robomaster_msgs/action/detail/move_arm__type_support.hpp\n'}
[3.656019] (robomaster_msgs) StdoutLine: {'line': b'-- Up-to-date: /home/cricchetto/Robomaster_WS/install/robomaster_msgs/include/robomaster_msgs/robomaster_msgs/action/detail/gripper_control__type_support.hpp\n'}
[3.656807] (robomaster_msgs) StdoutLine: {'line': b'-- Up-to-date: /home/cricchetto/Robomaster_WS/install/robomaster_msgs/include/robomaster_msgs/robomaster_msgs/action/detail/move_servo__struct.hpp\n'}
[3.657680] (robomaster_msgs) StdoutLine: {'line': b'-- Up-to-date: /home/cricchetto/Robomaster_WS/install/robomaster_msgs/include/robomaster_msgs/robomaster_msgs/action/detail/move__struct.hpp\n'}
[3.658431] (robomaster_msgs) StdoutLine: {'line': b'-- Up-to-date: /home/cricchetto/Robomaster_WS/install/robomaster_msgs/include/robomaster_msgs/robomaster_msgs/action/detail/move__type_support.hpp\n'}
[3.659060] (robomaster_msgs) StdoutLine: {'line': b'-- Up-to-date: /home/cricchetto/Robomaster_WS/install/robomaster_msgs/include/robomaster_msgs/robomaster_msgs/action/detail/play_sound__traits.hpp\n'}
[3.659621] (robomaster_msgs) StdoutLine: {'line': b'-- Up-to-date: /home/cricchetto/Robomaster_WS/install/robomaster_msgs/include/robomaster_msgs/robomaster_msgs/action/detail/move_servo__type_support.hpp\n'}
[3.660477] (robomaster_msgs) StdoutLine: {'line': b'-- Up-to-date: /home/cricchetto/Robomaster_WS/install/robomaster_msgs/include/robomaster_msgs/robomaster_msgs/action/detail/move_arm__struct.hpp\n'}
[3.660912] (robomaster_msgs) StdoutLine: {'line': b'-- Up-to-date: /home/cricchetto/Robomaster_WS/install/robomaster_msgs/include/robomaster_msgs/robomaster_msgs/action/detail/recenter_gimbal__type_support.hpp\n'}
[3.661288] (robomaster_msgs) StdoutLine: {'line': b'-- Up-to-date: /home/cricchetto/Robomaster_WS/install/robomaster_msgs/include/robomaster_msgs/robomaster_msgs/action/detail/recenter_gimbal__builder.hpp\n'}
[3.661643] (robomaster_msgs) StdoutLine: {'line': b'-- Up-to-date: /home/cricchetto/Robomaster_WS/install/robomaster_msgs/include/robomaster_msgs/robomaster_msgs/action/detail/move_arm__traits.hpp\n'}
[3.661968] (robomaster_msgs) StdoutLine: {'line': b'-- Up-to-date: /home/cricchetto/Robomaster_WS/install/robomaster_msgs/include/robomaster_msgs/robomaster_msgs/action/detail/move_gimbal__struct.hpp\n'}
[3.662608] (robomaster_msgs) StdoutLine: {'line': b'-- Up-to-date: /home/cricchetto/Robomaster_WS/install/robomaster_msgs/include/robomaster_msgs/robomaster_msgs/action/detail/move_gimbal__builder.hpp\n'}
[3.662995] (robomaster_msgs) StdoutLine: {'line': b'-- Up-to-date: /home/cricchetto/Robomaster_WS/install/robomaster_msgs/include/robomaster_msgs/robomaster_msgs/action/detail/play_sound__type_support.hpp\n'}
[3.663350] (robomaster_msgs) StdoutLine: {'line': b'-- Up-to-date: /home/cricchetto/Robomaster_WS/install/robomaster_msgs/include/robomaster_msgs/robomaster_msgs/action/detail/play_sound__builder.hpp\n'}
[3.663868] (robomaster_msgs) StdoutLine: {'line': b'-- Up-to-date: /home/cricchetto/Robomaster_WS/install/robomaster_msgs/include/robomaster_msgs/robomaster_msgs/action/detail/move__builder.hpp\n'}
[3.664752] (robomaster_msgs) StdoutLine: {'line': b'-- Up-to-date: /home/cricchetto/Robomaster_WS/install/robomaster_msgs/include/robomaster_msgs/robomaster_msgs/action/detail/recenter_gimbal__struct.hpp\n'}
[3.665166] (robomaster_msgs) StdoutLine: {'line': b'-- Up-to-date: /home/cricchetto/Robomaster_WS/install/robomaster_msgs/include/robomaster_msgs/robomaster_msgs/action/detail/move_arm__builder.hpp\n'}
[3.665713] (robomaster_msgs) StdoutLine: {'line': b'-- Up-to-date: /home/cricchetto/Robomaster_WS/install/robomaster_msgs/include/robomaster_msgs/robomaster_msgs/action/detail/move_gimbal__traits.hpp\n'}
[3.666202] (robomaster_msgs) StdoutLine: {'line': b'-- Up-to-date: /home/cricchetto/Robomaster_WS/install/robomaster_msgs/include/robomaster_msgs/robomaster_msgs/action/detail/gripper_control__struct.hpp\n'}
[3.666568] (robomaster_msgs) StdoutLine: {'line': b'-- Up-to-date: /home/cricchetto/Robomaster_WS/install/robomaster_msgs/include/robomaster_msgs/robomaster_msgs/action/detail/move_gimbal__type_support.hpp\n'}
[3.667033] (robomaster_msgs) StdoutLine: {'line': b'-- Up-to-date: /home/cricchetto/Robomaster_WS/install/robomaster_msgs/include/robomaster_msgs/robomaster_msgs/action/detail/move__traits.hpp\n'}
[3.667564] (robomaster_msgs) StdoutLine: {'line': b'-- Up-to-date: /home/cricchetto/Robomaster_WS/install/robomaster_msgs/include/robomaster_msgs/robomaster_msgs/action/detail/move_servo__traits.hpp\n'}
[3.668042] (robomaster_msgs) StdoutLine: {'line': b'-- Up-to-date: /home/cricchetto/Robomaster_WS/install/robomaster_msgs/include/robomaster_msgs/robomaster_msgs/action/detail/move_servo__builder.hpp\n'}
[3.668544] (robomaster_msgs) StdoutLine: {'line': b'-- Up-to-date: /home/cricchetto/Robomaster_WS/install/robomaster_msgs/include/robomaster_msgs/robomaster_msgs/action/detail/gripper_control__builder.hpp\n'}
[3.668888] (robomaster_msgs) StdoutLine: {'line': b'-- Up-to-date: /home/cricchetto/Robomaster_WS/install/robomaster_msgs/include/robomaster_msgs/robomaster_msgs/action/detail/gripper_control__traits.hpp\n'}
[3.669250] (robomaster_msgs) StdoutLine: {'line': b'-- Up-to-date: /home/cricchetto/Robomaster_WS/install/robomaster_msgs/include/robomaster_msgs/robomaster_msgs/action/move_gimbal.hpp\n'}
[3.669632] (robomaster_msgs) StdoutLine: {'line': b'-- Up-to-date: /home/cricchetto/Robomaster_WS/install/robomaster_msgs/include/robomaster_msgs/robomaster_msgs/msg\n'}
[3.670063] (robomaster_msgs) StdoutLine: {'line': b'-- Up-to-date: /home/cricchetto/Robomaster_WS/install/robomaster_msgs/include/robomaster_msgs/robomaster_msgs/msg/detected_marker.hpp\n'}
[3.670691] (robomaster_msgs) StdoutLine: {'line': b'-- Up-to-date: /home/cricchetto/Robomaster_WS/install/robomaster_msgs/include/robomaster_msgs/robomaster_msgs/msg/region_of_interest.hpp\n'}
[3.671194] (robomaster_msgs) StdoutLine: {'line': b'-- Up-to-date: /home/cricchetto/Robomaster_WS/install/robomaster_msgs/include/robomaster_msgs/robomaster_msgs/msg/h264_packet.hpp\n'}
[3.671624] (robomaster_msgs) StdoutLine: {'line': b'-- Up-to-date: /home/cricchetto/Robomaster_WS/install/robomaster_msgs/include/robomaster_msgs/robomaster_msgs/msg/servo_raw_state.hpp\n'}
[3.672104] (robomaster_msgs) StdoutLine: {'line': b'-- Up-to-date: /home/cricchetto/Robomaster_WS/install/robomaster_msgs/include/robomaster_msgs/robomaster_msgs/msg/mode.hpp\n'}
[3.672968] (robomaster_msgs) StdoutLine: {'line': b'-- Up-to-date: /home/cricchetto/Robomaster_WS/install/robomaster_msgs/include/robomaster_msgs/robomaster_msgs/msg/audio_opus.hpp\n'}
[3.673816] (robomaster_msgs) StdoutLine: {'line': b'-- Up-to-date: /home/cricchetto/Robomaster_WS/install/robomaster_msgs/include/robomaster_msgs/robomaster_msgs/msg/gimbal_command.hpp\n'}
[3.674571] (robomaster_msgs) StdoutLine: {'line': b'-- Up-to-date: /home/cricchetto/Robomaster_WS/install/robomaster_msgs/include/robomaster_msgs/robomaster_msgs/msg/sensor_adapter.hpp\n'}
[3.675274] (robomaster_msgs) StdoutLine: {'line': b'-- Up-to-date: /home/cricchetto/Robomaster_WS/install/robomaster_msgs/include/robomaster_msgs/robomaster_msgs/msg/pwm.hpp\n'}
[3.675908] (robomaster_msgs) StdoutLine: {'line': b'-- Up-to-date: /home/cricchetto/Robomaster_WS/install/robomaster_msgs/include/robomaster_msgs/robomaster_msgs/msg/s_bus.hpp\n'}
[3.676546] (robomaster_msgs) StdoutLine: {'line': b'-- Up-to-date: /home/cricchetto/Robomaster_WS/install/robomaster_msgs/include/robomaster_msgs/robomaster_msgs/msg/detected_line.hpp\n'}
[3.677131] (robomaster_msgs) StdoutLine: {'line': b'-- Up-to-date: /home/cricchetto/Robomaster_WS/install/robomaster_msgs/include/robomaster_msgs/robomaster_msgs/msg/chassis_status.hpp\n'}
[3.677800] (robomaster_msgs) StdoutLine: {'line': b'-- Up-to-date: /home/cricchetto/Robomaster_WS/install/robomaster_msgs/include/robomaster_msgs/robomaster_msgs/msg/led_effect.hpp\n'}
[3.678298] (robomaster_msgs) StdoutLine: {'line': b'-- Up-to-date: /home/cricchetto/Robomaster_WS/install/robomaster_msgs/include/robomaster_msgs/robomaster_msgs/msg/detected_person.hpp\n'}
[3.678831] (robomaster_msgs) StdoutLine: {'line': b'-- Up-to-date: /home/cricchetto/Robomaster_WS/install/robomaster_msgs/include/robomaster_msgs/robomaster_msgs/msg/wheel_speeds.hpp\n'}
[3.679401] (robomaster_msgs) StdoutLine: {'line': b'-- Up-to-date: /home/cricchetto/Robomaster_WS/install/robomaster_msgs/include/robomaster_msgs/robomaster_msgs/msg/detected_gesture.hpp\n'}
[3.679926] (robomaster_msgs) StdoutLine: {'line': b'-- Up-to-date: /home/cricchetto/Robomaster_WS/install/robomaster_msgs/include/robomaster_msgs/robomaster_msgs/msg/detected_robot.hpp\n'}
[3.687384] (robomaster_msgs) StdoutLine: {'line': b'-- Up-to-date: /home/cricchetto/Robomaster_WS/install/robomaster_msgs/include/robomaster_msgs/robomaster_msgs/msg/speaker_command.hpp\n'}
[3.688199] (robomaster_msgs) StdoutLine: {'line': b'-- Up-to-date: /home/cricchetto/Robomaster_WS/install/robomaster_msgs/include/robomaster_msgs/robomaster_msgs/msg/serial.hpp\n'}
[3.689173] (robomaster_msgs) StdoutLine: {'line': b'-- Up-to-date: /home/cricchetto/Robomaster_WS/install/robomaster_msgs/include/robomaster_msgs/robomaster_msgs/msg/audio_level.hpp\n'}
[3.690015] (robomaster_msgs) StdoutLine: {'line': b'-- Up-to-date: /home/cricchetto/Robomaster_WS/install/robomaster_msgs/include/robomaster_msgs/robomaster_msgs/msg/armor_hit.hpp\n'}
[3.690726] (robomaster_msgs) StdoutLine: {'line': b'-- Up-to-date: /home/cricchetto/Robomaster_WS/install/robomaster_msgs/include/robomaster_msgs/robomaster_msgs/msg/gripper_state.hpp\n'}
[3.691290] (robomaster_msgs) StdoutLine: {'line': b'-- Up-to-date: /home/cricchetto/Robomaster_WS/install/robomaster_msgs/include/robomaster_msgs/robomaster_msgs/msg/audio_data.hpp\n'}
[3.691776] (robomaster_msgs) StdoutLine: {'line': b'-- Up-to-date: /home/cricchetto/Robomaster_WS/install/robomaster_msgs/include/robomaster_msgs/robomaster_msgs/msg/detail\n'}
[3.692450] (robomaster_msgs) StdoutLine: {'line': b'-- Up-to-date: /home/cricchetto/Robomaster_WS/install/robomaster_msgs/include/robomaster_msgs/robomaster_msgs/msg/detail/audio_data__traits.hpp\n'}
[3.693225] (robomaster_msgs) StdoutLine: {'line': b'-- Up-to-date: /home/cricchetto/Robomaster_WS/install/robomaster_msgs/include/robomaster_msgs/robomaster_msgs/msg/detail/mode__traits.hpp\n'}
[3.693990] (robomaster_msgs) StdoutLine: {'line': b'-- Up-to-date: /home/cricchetto/Robomaster_WS/install/robomaster_msgs/include/robomaster_msgs/robomaster_msgs/msg/detail/serial__struct.hpp\n'}
[3.694932] (robomaster_msgs) StdoutLine: {'line': b'-- Up-to-date: /home/cricchetto/Robomaster_WS/install/robomaster_msgs/include/robomaster_msgs/robomaster_msgs/msg/detail/detected_person__builder.hpp\n'}
[3.696343] (robomaster_msgs) StdoutLine: {'line': b'-- Up-to-date: /home/cricchetto/Robomaster_WS/install/robomaster_msgs/include/robomaster_msgs/robomaster_msgs/msg/detail/speaker_command__builder.hpp\n'}
[3.697412] (robomaster_msgs) StdoutLine: {'line': b'-- Up-to-date: /home/cricchetto/Robomaster_WS/install/robomaster_msgs/include/robomaster_msgs/robomaster_msgs/msg/detail/detection__struct.hpp\n'}
[3.698962] (robomaster_msgs) StdoutLine: {'line': b'-- Up-to-date: /home/cricchetto/Robomaster_WS/install/robomaster_msgs/include/robomaster_msgs/robomaster_msgs/msg/detail/detected_gesture__struct.hpp\n'}
[3.699714] (robomaster_msgs) StdoutLine: {'line': b'-- Up-to-date: /home/cricchetto/Robomaster_WS/install/robomaster_msgs/include/robomaster_msgs/robomaster_msgs/msg/detail/detected_robot__builder.hpp\n'}
[3.700275] (robomaster_msgs) StdoutLine: {'line': b'-- Up-to-date: /home/cricchetto/Robomaster_WS/install/robomaster_msgs/include/robomaster_msgs/robomaster_msgs/msg/detail/audio_level__traits.hpp\n'}
[3.700722] (robomaster_msgs) StdoutLine: {'line': b'-- Up-to-date: /home/cricchetto/Robomaster_WS/install/robomaster_msgs/include/robomaster_msgs/robomaster_msgs/msg/detail/led_effect__type_support.hpp\n'}
[3.701068] (robomaster_msgs) StdoutLine: {'line': b'-- Up-to-date: /home/cricchetto/Robomaster_WS/install/robomaster_msgs/include/robomaster_msgs/robomaster_msgs/msg/detail/chassis_status__traits.hpp\n'}
[3.701646] (robomaster_msgs) StdoutLine: {'line': b'-- Up-to-date: /home/cricchetto/Robomaster_WS/install/robomaster_msgs/include/robomaster_msgs/robomaster_msgs/msg/detail/detected_gesture__type_support.hpp\n'}
[3.702143] (robomaster_msgs) StdoutLine: {'line': b'-- Up-to-date: /home/cricchetto/Robomaster_WS/install/robomaster_msgs/include/robomaster_msgs/robomaster_msgs/msg/detail/wheel_speeds__traits.hpp\n'}
[3.702731] (robomaster_msgs) StdoutLine: {'line': b'-- Up-to-date: /home/cricchetto/Robomaster_WS/install/robomaster_msgs/include/robomaster_msgs/robomaster_msgs/msg/detail/wheel_speeds__type_support.hpp\n'}
[3.703282] (robomaster_msgs) StdoutLine: {'line': b'-- Up-to-date: /home/cricchetto/Robomaster_WS/install/robomaster_msgs/include/robomaster_msgs/robomaster_msgs/msg/detail/region_of_interest__struct.hpp\n'}
[3.703734] (robomaster_msgs) StdoutLine: {'line': b'-- Up-to-date: /home/cricchetto/Robomaster_WS/install/robomaster_msgs/include/robomaster_msgs/robomaster_msgs/msg/detail/detected_line__type_support.hpp\n'}
[3.704218] (robomaster_msgs) StdoutLine: {'line': b'-- Up-to-date: /home/cricchetto/Robomaster_WS/install/robomaster_msgs/include/robomaster_msgs/robomaster_msgs/msg/detail/serial__builder.hpp\n'}
[3.704732] (robomaster_msgs) StdoutLine: {'line': b'-- Up-to-date: /home/cricchetto/Robomaster_WS/install/robomaster_msgs/include/robomaster_msgs/robomaster_msgs/msg/detail/detected_line__traits.hpp\n'}
[3.705234] (robomaster_msgs) StdoutLine: {'line': b'-- Up-to-date: /home/cricchetto/Robomaster_WS/install/robomaster_msgs/include/robomaster_msgs/robomaster_msgs/msg/detail/detected_robot__traits.hpp\n'}
[3.705750] (robomaster_msgs) StdoutLine: {'line': b'-- Up-to-date: /home/cricchetto/Robomaster_WS/install/robomaster_msgs/include/robomaster_msgs/robomaster_msgs/msg/detail/wheel_speeds__struct.hpp\n'}
[3.706392] (robomaster_msgs) StdoutLine: {'line': b'-- Up-to-date: /home/cricchetto/Robomaster_WS/install/robomaster_msgs/include/robomaster_msgs/robomaster_msgs/msg/detail/audio_level__builder.hpp\n'}
[3.706953] (robomaster_msgs) StdoutLine: {'line': b'-- Up-to-date: /home/cricchetto/Robomaster_WS/install/robomaster_msgs/include/robomaster_msgs/robomaster_msgs/msg/detail/audio_level__type_support.hpp\n'}
[3.707320] (robomaster_msgs) StdoutLine: {'line': b'-- Up-to-date: /home/cricchetto/Robomaster_WS/install/robomaster_msgs/include/robomaster_msgs/robomaster_msgs/msg/detail/region_of_interest__type_support.hpp\n'}
[3.707646] (robomaster_msgs) StdoutLine: {'line': b'-- Up-to-date: /home/cricchetto/Robomaster_WS/install/robomaster_msgs/include/robomaster_msgs/robomaster_msgs/msg/detail/servo_command__struct.hpp\n'}
[3.707984] (robomaster_msgs) StdoutLine: {'line': b'-- Up-to-date: /home/cricchetto/Robomaster_WS/install/robomaster_msgs/include/robomaster_msgs/robomaster_msgs/msg/detail/servo_raw_state__builder.hpp\n'}
[3.708449] (robomaster_msgs) StdoutLine: {'line': b'-- Up-to-date: /home/cricchetto/Robomaster_WS/install/robomaster_msgs/include/robomaster_msgs/robomaster_msgs/msg/detail/armor_hit__struct.hpp\n'}
[3.708925] (robomaster_msgs) StdoutLine: {'line': b'-- Up-to-date: /home/cricchetto/Robomaster_WS/install/robomaster_msgs/include/robomaster_msgs/robomaster_msgs/msg/detail/sensor_adapter__type_support.hpp\n'}
[3.709598] (robomaster_msgs) StdoutLine: {'line': b'-- Up-to-date: /home/cricchetto/Robomaster_WS/install/robomaster_msgs/include/robomaster_msgs/robomaster_msgs/msg/detail/pwm__builder.hpp\n'}
[3.710229] (robomaster_msgs) StdoutLine: {'line': b'-- Up-to-date: /home/cricchetto/Robomaster_WS/install/robomaster_msgs/include/robomaster_msgs/robomaster_msgs/msg/detail/mode__struct.hpp\n'}
[3.710722] (robomaster_msgs) StdoutLine: {'line': b'-- Up-to-date: /home/cricchetto/Robomaster_WS/install/robomaster_msgs/include/robomaster_msgs/robomaster_msgs/msg/detail/speaker_command__type_support.hpp\n'}
[3.711252] (robomaster_msgs) StdoutLine: {'line': b'-- Up-to-date: /home/cricchetto/Robomaster_WS/install/robomaster_msgs/include/robomaster_msgs/robomaster_msgs/msg/detail/armor_hit__builder.hpp\n'}
[3.711855] (robomaster_msgs) StdoutLine: {'line': b'-- Up-to-date: /home/cricchetto/Robomaster_WS/install/robomaster_msgs/include/robomaster_msgs/robomaster_msgs/msg/detail/detected_gesture__builder.hpp\n'}
[3.712475] (robomaster_msgs) StdoutLine: {'line': b'-- Up-to-date: /home/cricchetto/Robomaster_WS/install/robomaster_msgs/include/robomaster_msgs/robomaster_msgs/msg/detail/audio_data__builder.hpp\n'}
[3.713004] (robomaster_msgs) StdoutLine: {'line': b'-- Up-to-date: /home/cricchetto/Robomaster_WS/install/robomaster_msgs/include/robomaster_msgs/robomaster_msgs/msg/detail/gimbal_command__traits.hpp\n'}
[3.713572] (robomaster_msgs) StdoutLine: {'line': b'-- Up-to-date: /home/cricchetto/Robomaster_WS/install/robomaster_msgs/include/robomaster_msgs/robomaster_msgs/msg/detail/gripper_state__traits.hpp\n'}
[3.714100] (robomaster_msgs) StdoutLine: {'line': b'-- Up-to-date: /home/cricchetto/Robomaster_WS/install/robomaster_msgs/include/robomaster_msgs/robomaster_msgs/msg/detail/mode__type_support.hpp\n'}
[3.714579] (robomaster_msgs) StdoutLine: {'line': b'-- Up-to-date: /home/cricchetto/Robomaster_WS/install/robomaster_msgs/include/robomaster_msgs/robomaster_msgs/msg/detail/h264_packet__struct.hpp\n'}
[3.715058] (robomaster_msgs) StdoutLine: {'line': b'-- Up-to-date: /home/cricchetto/Robomaster_WS/install/robomaster_msgs/include/robomaster_msgs/robomaster_msgs/msg/detail/sensor_adapter__builder.hpp\n'}
[3.715759] (robomaster_msgs) StdoutLine: {'line': b'-- Up-to-date: /home/cricchetto/Robomaster_WS/install/robomaster_msgs/include/robomaster_msgs/robomaster_msgs/msg/detail/audio_level__struct.hpp\n'}
[3.717113] (robomaster_msgs) StdoutLine: {'line': b'-- Up-to-date: /home/cricchetto/Robomaster_WS/install/robomaster_msgs/include/robomaster_msgs/robomaster_msgs/msg/detail/audio_opus__traits.hpp\n'}
[3.718416] (robomaster_msgs) StdoutLine: {'line': b'-- Up-to-date: /home/cricchetto/Robomaster_WS/install/robomaster_msgs/include/robomaster_msgs/robomaster_msgs/msg/detail/led_effect__struct.hpp\n'}
[3.720032] (robomaster_msgs) StdoutLine: {'line': b'-- Up-to-date: /home/cricchetto/Robomaster_WS/install/robomaster_msgs/include/robomaster_msgs/robomaster_msgs/msg/detail/detected_robot__struct.hpp\n'}
[3.721067] (robomaster_msgs) StdoutLine: {'line': b'-- Up-to-date: /home/cricchetto/Robomaster_WS/install/robomaster_msgs/include/robomaster_msgs/robomaster_msgs/msg/detail/sensor_adapter__traits.hpp\n'}
[3.721667] (robomaster_msgs) StdoutLine: {'line': b'-- Up-to-date: /home/cricchetto/Robomaster_WS/install/robomaster_msgs/include/robomaster_msgs/robomaster_msgs/msg/detail/serial__traits.hpp\n'}
[3.722238] (robomaster_msgs) StdoutLine: {'line': b'-- Up-to-date: /home/cricchetto/Robomaster_WS/install/robomaster_msgs/include/robomaster_msgs/robomaster_msgs/msg/detail/gimbal_command__builder.hpp\n'}
[3.722776] (robomaster_msgs) StdoutLine: {'line': b'-- Up-to-date: /home/cricchetto/Robomaster_WS/install/robomaster_msgs/include/robomaster_msgs/robomaster_msgs/msg/detail/audio_opus__struct.hpp\n'}
[3.723267] (robomaster_msgs) StdoutLine: {'line': b'-- Up-to-date: /home/cricchetto/Robomaster_WS/install/robomaster_msgs/include/robomaster_msgs/robomaster_msgs/msg/detail/blaster_led__type_support.hpp\n'}
[3.723820] (robomaster_msgs) StdoutLine: {'line': b'-- Up-to-date: /home/cricchetto/Robomaster_WS/install/robomaster_msgs/include/robomaster_msgs/robomaster_msgs/msg/detail/sensor_adapter__struct.hpp\n'}
[3.724461] (robomaster_msgs) StdoutLine: {'line': b'-- Up-to-date: /home/cricchetto/Robomaster_WS/install/robomaster_msgs/include/robomaster_msgs/robomaster_msgs/msg/detail/servo_raw_state__type_support.hpp\n'}
[3.724987] (robomaster_msgs) StdoutLine: {'line': b'-- Up-to-date: /home/cricchetto/Robomaster_WS/install/robomaster_msgs/include/robomaster_msgs/robomaster_msgs/msg/detail/detection__traits.hpp\n'}
[3.725543] (robomaster_msgs) StdoutLine: {'line': b'-- Up-to-date: /home/cricchetto/Robomaster_WS/install/robomaster_msgs/include/robomaster_msgs/robomaster_msgs/msg/detail/region_of_interest__traits.hpp\n'}
[3.726095] (robomaster_msgs) StdoutLine: {'line': b'-- Up-to-date: /home/cricchetto/Robomaster_WS/install/robomaster_msgs/include/robomaster_msgs/robomaster_msgs/msg/detail/servo_command__builder.hpp\n'}
[3.726613] (robomaster_msgs) StdoutLine: {'line': b'-- Up-to-date: /home/cricchetto/Robomaster_WS/install/robomaster_msgs/include/robomaster_msgs/robomaster_msgs/msg/detail/audio_data__struct.hpp\n'}
[3.727129] (robomaster_msgs) StdoutLine: {'line': b'-- Up-to-date: /home/cricchetto/Robomaster_WS/install/robomaster_msgs/include/robomaster_msgs/robomaster_msgs/msg/detail/detected_marker__traits.hpp\n'}
[3.727617] (robomaster_msgs) StdoutLine: {'line': b'-- Up-to-date: /home/cricchetto/Robomaster_WS/install/robomaster_msgs/include/robomaster_msgs/robomaster_msgs/msg/detail/h264_packet__traits.hpp\n'}
[3.728104] (robomaster_msgs) StdoutLine: {'line': b'-- Up-to-date: /home/cricchetto/Robomaster_WS/install/robomaster_msgs/include/robomaster_msgs/robomaster_msgs/msg/detail/gimbal_command__struct.hpp\n'}
[3.728653] (robomaster_msgs) StdoutLine: {'line': b'-- Up-to-date: /home/cricchetto/Robomaster_WS/install/robomaster_msgs/include/robomaster_msgs/robomaster_msgs/msg/detail/led_effect__builder.hpp\n'}
[3.729149] (robomaster_msgs) StdoutLine: {'line': b'-- Up-to-date: /home/cricchetto/Robomaster_WS/install/robomaster_msgs/include/robomaster_msgs/robomaster_msgs/msg/detail/detected_marker__type_support.hpp\n'}
[3.729802] (robomaster_msgs) StdoutLine: {'line': b'-- Up-to-date: /home/cricchetto/Robomaster_WS/install/robomaster_msgs/include/robomaster_msgs/robomaster_msgs/msg/detail/armor_hit__traits.hpp\n'}
[3.730436] (robomaster_msgs) StdoutLine: {'line': b'-- Up-to-date: /home/cricchetto/Robomaster_WS/install/robomaster_msgs/include/robomaster_msgs/robomaster_msgs/msg/detail/detection__type_support.hpp\n'}
[3.730946] (robomaster_msgs) StdoutLine: {'line': b'-- Up-to-date: /home/cricchetto/Robomaster_WS/install/robomaster_msgs/include/robomaster_msgs/robomaster_msgs/msg/detail/chassis_status__type_support.hpp\n'}
[3.731430] (robomaster_msgs) StdoutLine: {'line': b'-- Up-to-date: /home/cricchetto/Robomaster_WS/install/robomaster_msgs/include/robomaster_msgs/robomaster_msgs/msg/detail/speaker_command__struct.hpp\n'}
[3.731864] (robomaster_msgs) StdoutLine: {'line': b'-- Up-to-date: /home/cricchetto/Robomaster_WS/install/robomaster_msgs/include/robomaster_msgs/robomaster_msgs/msg/detail/blaster_led__struct.hpp\n'}
[3.732420] (robomaster_msgs) StdoutLine: {'line': b'-- Up-to-date: /home/cricchetto/Robomaster_WS/install/robomaster_msgs/include/robomaster_msgs/robomaster_msgs/msg/detail/gripper_state__type_support.hpp\n'}
[3.732914] (robomaster_msgs) StdoutLine: {'line': b'-- Up-to-date: /home/cricchetto/Robomaster_WS/install/robomaster_msgs/include/robomaster_msgs/robomaster_msgs/msg/detail/pwm__traits.hpp\n'}
[3.733427] (robomaster_msgs) StdoutLine: {'line': b'-- Up-to-date: /home/cricchetto/Robomaster_WS/install/robomaster_msgs/include/robomaster_msgs/robomaster_msgs/msg/detail/servo_raw_state__struct.hpp\n'}
[3.733982] (robomaster_msgs) StdoutLine: {'line': b'-- Up-to-date: /home/cricchetto/Robomaster_WS/install/robomaster_msgs/include/robomaster_msgs/robomaster_msgs/msg/detail/speaker_command__traits.hpp\n'}
[3.734442] (robomaster_msgs) StdoutLine: {'line': b'-- Up-to-date: /home/cricchetto/Robomaster_WS/install/robomaster_msgs/include/robomaster_msgs/robomaster_msgs/msg/detail/s_bus__builder.hpp\n'}
[3.734890] (robomaster_msgs) StdoutLine: {'line': b'-- Up-to-date: /home/cricchetto/Robomaster_WS/install/robomaster_msgs/include/robomaster_msgs/robomaster_msgs/msg/detail/audio_opus__type_support.hpp\n'}
[3.735564] (robomaster_msgs) StdoutLine: {'line': b'-- Up-to-date: /home/cricchetto/Robomaster_WS/install/robomaster_msgs/include/robomaster_msgs/robomaster_msgs/msg/detail/camera_config__type_support.hpp\n'}
[3.736180] (robomaster_msgs) StdoutLine: {'line': b'-- Up-to-date: /home/cricchetto/Robomaster_WS/install/robomaster_msgs/include/robomaster_msgs/robomaster_msgs/msg/detail/camera_config__struct.hpp\n'}
[3.736923] (robomaster_msgs) StdoutLine: {'line': b'-- Up-to-date: /home/cricchetto/Robomaster_WS/install/robomaster_msgs/include/robomaster_msgs/robomaster_msgs/msg/detail/pwm__struct.hpp\n'}
[3.737719] (robomaster_msgs) StdoutLine: {'line': b'-- Up-to-date: /home/cricchetto/Robomaster_WS/install/robomaster_msgs/include/robomaster_msgs/robomaster_msgs/msg/detail/serial__type_support.hpp\n'}
[3.738363] (robomaster_msgs) StdoutLine: {'line': b'-- Up-to-date: /home/cricchetto/Robomaster_WS/install/robomaster_msgs/include/robomaster_msgs/robomaster_msgs/msg/detail/h264_packet__type_support.hpp\n'}
[3.739110] (robomaster_msgs) StdoutLine: {'line': b'-- Up-to-date: /home/cricchetto/Robomaster_WS/install/robomaster_msgs/include/robomaster_msgs/robomaster_msgs/msg/detail/mode__builder.hpp\n'}
[3.739726] (robomaster_msgs) StdoutLine: {'line': b'-- Up-to-date: /home/cricchetto/Robomaster_WS/install/robomaster_msgs/include/robomaster_msgs/robomaster_msgs/msg/detail/detected_gesture__traits.hpp\n'}
[3.740303] (robomaster_msgs) StdoutLine: {'line': b'-- Up-to-date: /home/cricchetto/Robomaster_WS/install/robomaster_msgs/include/robomaster_msgs/robomaster_msgs/msg/detail/audio_data__type_support.hpp\n'}
[3.740777] (robomaster_msgs) StdoutLine: {'line': b'-- Up-to-date: /home/cricchetto/Robomaster_WS/install/robomaster_msgs/include/robomaster_msgs/robomaster_msgs/msg/detail/wheel_speeds__builder.hpp\n'}
[3.741272] (robomaster_msgs) StdoutLine: {'line': b'-- Up-to-date: /home/cricchetto/Robomaster_WS/install/robomaster_msgs/include/robomaster_msgs/robomaster_msgs/msg/detail/gripper_state__struct.hpp\n'}
[3.741848] (robomaster_msgs) StdoutLine: {'line': b'-- Up-to-date: /home/cricchetto/Robomaster_WS/install/robomaster_msgs/include/robomaster_msgs/robomaster_msgs/msg/detail/audio_opus__builder.hpp\n'}
[3.742354] (robomaster_msgs) StdoutLine: {'line': b'-- Up-to-date: /home/cricchetto/Robomaster_WS/install/robomaster_msgs/include/robomaster_msgs/robomaster_msgs/msg/detail/h264_packet__builder.hpp\n'}
[3.742839] (robomaster_msgs) StdoutLine: {'line': b'-- Up-to-date: /home/cricchetto/Robomaster_WS/install/robomaster_msgs/include/robomaster_msgs/robomaster_msgs/msg/detail/chassis_status__struct.hpp\n'}
[3.743485] (robomaster_msgs) StdoutLine: {'line': b'-- Up-to-date: /home/cricchetto/Robomaster_WS/install/robomaster_msgs/include/robomaster_msgs/robomaster_msgs/msg/detail/servo_raw_state__traits.hpp\n'}
[3.744487] (robomaster_msgs) StdoutLine: {'line': b'-- Up-to-date: /home/cricchetto/Robomaster_WS/install/robomaster_msgs/include/robomaster_msgs/robomaster_msgs/msg/detail/detected_marker__builder.hpp\n'}
[3.745811] (robomaster_msgs) StdoutLine: {'line': b'-- Up-to-date: /home/cricchetto/Robomaster_WS/install/robomaster_msgs/include/robomaster_msgs/robomaster_msgs/msg/detail/servo_command__traits.hpp\n'}
[3.747094] (-) TimerEvent: {}
[3.748075] (robomaster_msgs) StdoutLine: {'line': b'-- Up-to-date: /home/cricchetto/Robomaster_WS/install/robomaster_msgs/include/robomaster_msgs/robomaster_msgs/msg/detail/blaster_led__traits.hpp\n'}
[3.748783] (robomaster_msgs) StdoutLine: {'line': b'-- Up-to-date: /home/cricchetto/Robomaster_WS/install/robomaster_msgs/include/robomaster_msgs/robomaster_msgs/msg/detail/detected_robot__type_support.hpp\n'}
[3.749483] (robomaster_msgs) StdoutLine: {'line': b'-- Up-to-date: /home/cricchetto/Robomaster_WS/install/robomaster_msgs/include/robomaster_msgs/robomaster_msgs/msg/detail/s_bus__type_support.hpp\n'}
[3.750072] (robomaster_msgs) StdoutLine: {'line': b'-- Up-to-date: /home/cricchetto/Robomaster_WS/install/robomaster_msgs/include/robomaster_msgs/robomaster_msgs/msg/detail/detected_marker__struct.hpp\n'}
[3.750643] (robomaster_msgs) StdoutLine: {'line': b'-- Up-to-date: /home/cricchetto/Robomaster_WS/install/robomaster_msgs/include/robomaster_msgs/robomaster_msgs/msg/detail/pwm__type_support.hpp\n'}
[3.751214] (robomaster_msgs) StdoutLine: {'line': b'-- Up-to-date: /home/cricchetto/Robomaster_WS/install/robomaster_msgs/include/robomaster_msgs/robomaster_msgs/msg/detail/detection__builder.hpp\n'}
[3.751695] (robomaster_msgs) StdoutLine: {'line': b'-- Up-to-date: /home/cricchetto/Robomaster_WS/install/robomaster_msgs/include/robomaster_msgs/robomaster_msgs/msg/detail/detected_line__struct.hpp\n'}
[3.752425] (robomaster_msgs) StdoutLine: {'line': b'-- Up-to-date: /home/cricchetto/Robomaster_WS/install/robomaster_msgs/include/robomaster_msgs/robomaster_msgs/msg/detail/chassis_status__builder.hpp\n'}
[3.752985] (robomaster_msgs) StdoutLine: {'line': b'-- Up-to-date: /home/cricchetto/Robomaster_WS/install/robomaster_msgs/include/robomaster_msgs/robomaster_msgs/msg/detail/armor_hit__type_support.hpp\n'}
[3.753482] (robomaster_msgs) StdoutLine: {'line': b'-- Up-to-date: /home/cricchetto/Robomaster_WS/install/robomaster_msgs/include/robomaster_msgs/robomaster_msgs/msg/detail/camera_config__builder.hpp\n'}
[3.754098] (robomaster_msgs) StdoutLine: {'line': b'-- Up-to-date: /home/cricchetto/Robomaster_WS/install/robomaster_msgs/include/robomaster_msgs/robomaster_msgs/msg/detail/servo_command__type_support.hpp\n'}
[3.754659] (robomaster_msgs) StdoutLine: {'line': b'-- Up-to-date: /home/cricchetto/Robomaster_WS/install/robomaster_msgs/include/robomaster_msgs/robomaster_msgs/msg/detail/led_effect__traits.hpp\n'}
[3.755512] (robomaster_msgs) StdoutLine: {'line': b'-- Up-to-date: /home/cricchetto/Robomaster_WS/install/robomaster_msgs/include/robomaster_msgs/robomaster_msgs/msg/detail/detected_line__builder.hpp\n'}
[3.756518] (robomaster_msgs) StdoutLine: {'line': b'-- Up-to-date: /home/cricchetto/Robomaster_WS/install/robomaster_msgs/include/robomaster_msgs/robomaster_msgs/msg/detail/detected_person__struct.hpp\n'}
[3.757213] (robomaster_msgs) StdoutLine: {'line': b'-- Up-to-date: /home/cricchetto/Robomaster_WS/install/robomaster_msgs/include/robomaster_msgs/robomaster_msgs/msg/detail/s_bus__struct.hpp\n'}
[3.757800] (robomaster_msgs) StdoutLine: {'line': b'-- Up-to-date: /home/cricchetto/Robomaster_WS/install/robomaster_msgs/include/robomaster_msgs/robomaster_msgs/msg/detail/gripper_state__builder.hpp\n'}
[3.758290] (robomaster_msgs) StdoutLine: {'line': b'-- Up-to-date: /home/cricchetto/Robomaster_WS/install/robomaster_msgs/include/robomaster_msgs/robomaster_msgs/msg/detail/gimbal_command__type_support.hpp\n'}
[3.758969] (robomaster_msgs) StdoutLine: {'line': b'-- Up-to-date: /home/cricchetto/Robomaster_WS/install/robomaster_msgs/include/robomaster_msgs/robomaster_msgs/msg/detail/camera_config__traits.hpp\n'}
[3.759617] (robomaster_msgs) StdoutLine: {'line': b'-- Up-to-date: /home/cricchetto/Robomaster_WS/install/robomaster_msgs/include/robomaster_msgs/robomaster_msgs/msg/detail/detected_person__traits.hpp\n'}
[3.760300] (robomaster_msgs) StdoutLine: {'line': b'-- Up-to-date: /home/cricchetto/Robomaster_WS/install/robomaster_msgs/include/robomaster_msgs/robomaster_msgs/msg/detail/detected_person__type_support.hpp\n'}
[3.760975] (robomaster_msgs) StdoutLine: {'line': b'-- Up-to-date: /home/cricchetto/Robomaster_WS/install/robomaster_msgs/include/robomaster_msgs/robomaster_msgs/msg/detail/region_of_interest__builder.hpp\n'}
[3.761476] (robomaster_msgs) StdoutLine: {'line': b'-- Up-to-date: /home/cricchetto/Robomaster_WS/install/robomaster_msgs/include/robomaster_msgs/robomaster_msgs/msg/detail/s_bus__traits.hpp\n'}
[3.761996] (robomaster_msgs) StdoutLine: {'line': b'-- Up-to-date: /home/cricchetto/Robomaster_WS/install/robomaster_msgs/include/robomaster_msgs/robomaster_msgs/msg/detail/blaster_led__builder.hpp\n'}
[3.762521] (robomaster_msgs) StdoutLine: {'line': b'-- Up-to-date: /home/cricchetto/Robomaster_WS/install/robomaster_msgs/include/robomaster_msgs/robomaster_msgs/msg/servo_command.hpp\n'}
[3.763073] (robomaster_msgs) StdoutLine: {'line': b'-- Up-to-date: /home/cricchetto/Robomaster_WS/install/robomaster_msgs/include/robomaster_msgs/robomaster_msgs/msg/blaster_led.hpp\n'}
[3.763870] (robomaster_msgs) StdoutLine: {'line': b'-- Up-to-date: /home/cricchetto/Robomaster_WS/install/robomaster_msgs/include/robomaster_msgs/robomaster_msgs/msg/rosidl_generator_cpp__visibility_control.hpp\n'}
[3.764679] (robomaster_msgs) StdoutLine: {'line': b'-- Up-to-date: /home/cricchetto/Robomaster_WS/install/robomaster_msgs/include/robomaster_msgs/robomaster_msgs/msg/detection.hpp\n'}
[3.765338] (robomaster_msgs) StdoutLine: {'line': b'-- Up-to-date: /home/cricchetto/Robomaster_WS/install/robomaster_msgs/include/robomaster_msgs/robomaster_msgs/msg/camera_config.hpp\n'}
[3.765869] (robomaster_msgs) StdoutLine: {'line': b'-- Up-to-date: /home/cricchetto/Robomaster_WS/install/robomaster_msgs/include/robomaster_msgs/robomaster_msgs/srv\n'}
[3.766430] (robomaster_msgs) StdoutLine: {'line': b'-- Up-to-date: /home/cricchetto/Robomaster_WS/install/robomaster_msgs/include/robomaster_msgs/robomaster_msgs/srv/get_pulse.hpp\n'}
[3.767057] (robomaster_msgs) StdoutLine: {'line': b'-- Up-to-date: /home/cricchetto/Robomaster_WS/install/robomaster_msgs/include/robomaster_msgs/robomaster_msgs/srv/get_adc.hpp\n'}
[3.767824] (robomaster_msgs) StdoutLine: {'line': b'-- Up-to-date: /home/cricchetto/Robomaster_WS/install/robomaster_msgs/include/robomaster_msgs/robomaster_msgs/srv/get_servo_angle.hpp\n'}
[3.768591] (robomaster_msgs) StdoutLine: {'line': b'-- Up-to-date: /home/cricchetto/Robomaster_WS/install/robomaster_msgs/include/robomaster_msgs/robomaster_msgs/srv/detail\n'}
[3.769516] (robomaster_msgs) StdoutLine: {'line': b'-- Up-to-date: /home/cricchetto/Robomaster_WS/install/robomaster_msgs/include/robomaster_msgs/robomaster_msgs/srv/detail/get_servo_angle__builder.hpp\n'}
[3.770010] (robomaster_msgs) StdoutLine: {'line': b'-- Up-to-date: /home/cricchetto/Robomaster_WS/install/robomaster_msgs/include/robomaster_msgs/robomaster_msgs/srv/detail/get_pulse__struct.hpp\n'}
[3.770480] (robomaster_msgs) StdoutLine: {'line': b'-- Up-to-date: /home/cricchetto/Robomaster_WS/install/robomaster_msgs/include/robomaster_msgs/robomaster_msgs/srv/detail/get_adc__type_support.hpp\n'}
[3.770969] (robomaster_msgs) StdoutLine: {'line': b'-- Up-to-date: /home/cricchetto/Robomaster_WS/install/robomaster_msgs/include/robomaster_msgs/robomaster_msgs/srv/detail/get_io__traits.hpp\n'}
[3.771486] (robomaster_msgs) StdoutLine: {'line': b'-- Up-to-date: /home/cricchetto/Robomaster_WS/install/robomaster_msgs/include/robomaster_msgs/robomaster_msgs/srv/detail/get_io__struct.hpp\n'}
[3.772037] (robomaster_msgs) StdoutLine: {'line': b'-- Up-to-date: /home/cricchetto/Robomaster_WS/install/robomaster_msgs/include/robomaster_msgs/robomaster_msgs/srv/detail/get_adc__traits.hpp\n'}
[3.772637] (robomaster_msgs) StdoutLine: {'line': b'-- Up-to-date: /home/cricchetto/Robomaster_WS/install/robomaster_msgs/include/robomaster_msgs/robomaster_msgs/srv/detail/get_io__type_support.hpp\n'}
[3.773234] (robomaster_msgs) StdoutLine: {'line': b'-- Up-to-date: /home/cricchetto/Robomaster_WS/install/robomaster_msgs/include/robomaster_msgs/robomaster_msgs/srv/detail/get_servo_angle__struct.hpp\n'}
[3.773887] (robomaster_msgs) StdoutLine: {'line': b'-- Up-to-date: /home/cricchetto/Robomaster_WS/install/robomaster_msgs/include/robomaster_msgs/robomaster_msgs/srv/detail/get_servo_angle__traits.hpp\n'}
[3.774466] (robomaster_msgs) StdoutLine: {'line': b'-- Up-to-date: /home/cricchetto/Robomaster_WS/install/robomaster_msgs/include/robomaster_msgs/robomaster_msgs/srv/detail/get_pulse__builder.hpp\n'}
[3.774944] (robomaster_msgs) StdoutLine: {'line': b'-- Up-to-date: /home/cricchetto/Robomaster_WS/install/robomaster_msgs/include/robomaster_msgs/robomaster_msgs/srv/detail/get_io__builder.hpp\n'}
[3.775497] (robomaster_msgs) StdoutLine: {'line': b'-- Up-to-date: /home/cricchetto/Robomaster_WS/install/robomaster_msgs/include/robomaster_msgs/robomaster_msgs/srv/detail/get_pulse__type_support.hpp\n'}
[3.776009] (robomaster_msgs) StdoutLine: {'line': b'-- Up-to-date: /home/cricchetto/Robomaster_WS/install/robomaster_msgs/include/robomaster_msgs/robomaster_msgs/srv/detail/get_adc__builder.hpp\n'}
[3.776601] (robomaster_msgs) StdoutLine: {'line': b'-- Up-to-date: /home/cricchetto/Robomaster_WS/install/robomaster_msgs/include/robomaster_msgs/robomaster_msgs/srv/detail/get_adc__struct.hpp\n'}
[3.777069] (robomaster_msgs) StdoutLine: {'line': b'-- Up-to-date: /home/cricchetto/Robomaster_WS/install/robomaster_msgs/include/robomaster_msgs/robomaster_msgs/srv/detail/get_servo_angle__type_support.hpp\n'}
[3.777591] (robomaster_msgs) StdoutLine: {'line': b'-- Up-to-date: /home/cricchetto/Robomaster_WS/install/robomaster_msgs/include/robomaster_msgs/robomaster_msgs/srv/detail/get_pulse__traits.hpp\n'}
[3.778067] (robomaster_msgs) StdoutLine: {'line': b'-- Up-to-date: /home/cricchetto/Robomaster_WS/install/robomaster_msgs/include/robomaster_msgs/robomaster_msgs/srv/get_io.hpp\n'}
[3.778552] (robomaster_msgs) StdoutLine: {'line': b'-- Up-to-date: /home/cricchetto/Robomaster_WS/install/robomaster_msgs/include/robomaster_msgs/robomaster_msgs\n'}
[3.779141] (robomaster_msgs) StdoutLine: {'line': b'-- Up-to-date: /home/cricchetto/Robomaster_WS/install/robomaster_msgs/include/robomaster_msgs/robomaster_msgs/action\n'}
[3.779887] (robomaster_msgs) StdoutLine: {'line': b'-- Up-to-date: /home/cricchetto/Robomaster_WS/install/robomaster_msgs/include/robomaster_msgs/robomaster_msgs/action/detail\n'}
[3.780513] (robomaster_msgs) StdoutLine: {'line': b'-- Up-to-date: /home/cricchetto/Robomaster_WS/install/robomaster_msgs/include/robomaster_msgs/robomaster_msgs/action/detail/dds_fastrtps\n'}
[3.780989] (robomaster_msgs) StdoutLine: {'line': b'-- Up-to-date: /home/cricchetto/Robomaster_WS/install/robomaster_msgs/include/robomaster_msgs/robomaster_msgs/action/detail/gripper_control__rosidl_typesupport_fastrtps_cpp.hpp\n'}
[3.781368] (robomaster_msgs) StdoutLine: {'line': b'-- Up-to-date: /home/cricchetto/Robomaster_WS/install/robomaster_msgs/include/robomaster_msgs/robomaster_msgs/action/detail/move_servo__rosidl_typesupport_fastrtps_cpp.hpp\n'}
[3.781751] (robomaster_msgs) StdoutLine: {'line': b'-- Up-to-date: /home/cricchetto/Robomaster_WS/install/robomaster_msgs/include/robomaster_msgs/robomaster_msgs/action/detail/move__rosidl_typesupport_fastrtps_cpp.hpp\n'}
[3.782219] (robomaster_msgs) StdoutLine: {'line': b'-- Up-to-date: /home/cricchetto/Robomaster_WS/install/robomaster_msgs/include/robomaster_msgs/robomaster_msgs/action/detail/play_sound__rosidl_typesupport_fastrtps_cpp.hpp\n'}
[3.782823] (robomaster_msgs) StdoutLine: {'line': b'-- Up-to-date: /home/cricchetto/Robomaster_WS/install/robomaster_msgs/include/robomaster_msgs/robomaster_msgs/action/detail/move_gimbal__rosidl_typesupport_fastrtps_cpp.hpp\n'}
[3.783316] (robomaster_msgs) StdoutLine: {'line': b'-- Up-to-date: /home/cricchetto/Robomaster_WS/install/robomaster_msgs/include/robomaster_msgs/robomaster_msgs/action/detail/recenter_gimbal__rosidl_typesupport_fastrtps_cpp.hpp\n'}
[3.783727] (robomaster_msgs) StdoutLine: {'line': b'-- Up-to-date: /home/cricchetto/Robomaster_WS/install/robomaster_msgs/include/robomaster_msgs/robomaster_msgs/action/detail/move_arm__rosidl_typesupport_fastrtps_cpp.hpp\n'}
[3.784128] (robomaster_msgs) StdoutLine: {'line': b'-- Up-to-date: /home/cricchetto/Robomaster_WS/install/robomaster_msgs/include/robomaster_msgs/robomaster_msgs/msg\n'}
[3.784663] (robomaster_msgs) StdoutLine: {'line': b'-- Up-to-date: /home/cricchetto/Robomaster_WS/install/robomaster_msgs/include/robomaster_msgs/robomaster_msgs/msg/rosidl_typesupport_fastrtps_cpp__visibility_control.h\n'}
[3.785190] (robomaster_msgs) StdoutLine: {'line': b'-- Up-to-date: /home/cricchetto/Robomaster_WS/install/robomaster_msgs/include/robomaster_msgs/robomaster_msgs/msg/detail\n'}
[3.785557] (robomaster_msgs) StdoutLine: {'line': b'-- Up-to-date: /home/cricchetto/Robomaster_WS/install/robomaster_msgs/include/robomaster_msgs/robomaster_msgs/msg/detail/audio_level__rosidl_typesupport_fastrtps_cpp.hpp\n'}
[3.785890] (robomaster_msgs) StdoutLine: {'line': b'-- Up-to-date: /home/cricchetto/Robomaster_WS/install/robomaster_msgs/include/robomaster_msgs/robomaster_msgs/msg/detail/pwm__rosidl_typesupport_fastrtps_cpp.hpp\n'}
[3.786184] (robomaster_msgs) StdoutLine: {'line': b'-- Up-to-date: /home/cricchetto/Robomaster_WS/install/robomaster_msgs/include/robomaster_msgs/robomaster_msgs/msg/detail/dds_fastrtps\n'}
[3.786517] (robomaster_msgs) StdoutLine: {'line': b'-- Up-to-date: /home/cricchetto/Robomaster_WS/install/robomaster_msgs/include/robomaster_msgs/robomaster_msgs/msg/detail/h264_packet__rosidl_typesupport_fastrtps_cpp.hpp\n'}
[3.787075] (robomaster_msgs) StdoutLine: {'line': b'-- Up-to-date: /home/cricchetto/Robomaster_WS/install/robomaster_msgs/include/robomaster_msgs/robomaster_msgs/msg/detail/camera_config__rosidl_typesupport_fastrtps_cpp.hpp\n'}
[3.787531] (robomaster_msgs) StdoutLine: {'line': b'-- Up-to-date: /home/cricchetto/Robomaster_WS/install/robomaster_msgs/include/robomaster_msgs/robomaster_msgs/msg/detail/chassis_status__rosidl_typesupport_fastrtps_cpp.hpp\n'}
[3.788006] (robomaster_msgs) StdoutLine: {'line': b'-- Up-to-date: /home/cricchetto/Robomaster_WS/install/robomaster_msgs/include/robomaster_msgs/robomaster_msgs/msg/detail/mode__rosidl_typesupport_fastrtps_cpp.hpp\n'}
[3.788575] (robomaster_msgs) StdoutLine: {'line': b'-- Up-to-date: /home/cricchetto/Robomaster_WS/install/robomaster_msgs/include/robomaster_msgs/robomaster_msgs/msg/detail/detected_gesture__rosidl_typesupport_fastrtps_cpp.hpp\n'}
[3.789009] (robomaster_msgs) StdoutLine: {'line': b'-- Up-to-date: /home/cricchetto/Robomaster_WS/install/robomaster_msgs/include/robomaster_msgs/robomaster_msgs/msg/detail/gripper_state__rosidl_typesupport_fastrtps_cpp.hpp\n'}
[3.789408] (robomaster_msgs) StdoutLine: {'line': b'-- Up-to-date: /home/cricchetto/Robomaster_WS/install/robomaster_msgs/include/robomaster_msgs/robomaster_msgs/msg/detail/gimbal_command__rosidl_typesupport_fastrtps_cpp.hpp\n'}
[3.789832] (robomaster_msgs) StdoutLine: {'line': b'-- Up-to-date: /home/cricchetto/Robomaster_WS/install/robomaster_msgs/include/robomaster_msgs/robomaster_msgs/msg/detail/detected_marker__rosidl_typesupport_fastrtps_cpp.hpp\n'}
[3.790228] (robomaster_msgs) StdoutLine: {'line': b'-- Up-to-date: /home/cricchetto/Robomaster_WS/install/robomaster_msgs/include/robomaster_msgs/robomaster_msgs/msg/detail/servo_command__rosidl_typesupport_fastrtps_cpp.hpp\n'}
[3.790680] (robomaster_msgs) StdoutLine: {'line': b'-- Up-to-date: /home/cricchetto/Robomaster_WS/install/robomaster_msgs/include/robomaster_msgs/robomaster_msgs/msg/detail/detected_robot__rosidl_typesupport_fastrtps_cpp.hpp\n'}
[3.791194] (robomaster_msgs) StdoutLine: {'line': b'-- Up-to-date: /home/cricchetto/Robomaster_WS/install/robomaster_msgs/include/robomaster_msgs/robomaster_msgs/msg/detail/detection__rosidl_typesupport_fastrtps_cpp.hpp\n'}
[3.791770] (robomaster_msgs) StdoutLine: {'line': b'-- Up-to-date: /home/cricchetto/Robomaster_WS/install/robomaster_msgs/include/robomaster_msgs/robomaster_msgs/msg/detail/sensor_adapter__rosidl_typesupport_fastrtps_cpp.hpp\n'}
[3.792416] (robomaster_msgs) StdoutLine: {'line': b'-- Up-to-date: /home/cricchetto/Robomaster_WS/install/robomaster_msgs/include/robomaster_msgs/robomaster_msgs/msg/detail/servo_raw_state__rosidl_typesupport_fastrtps_cpp.hpp\n'}
[3.793044] (robomaster_msgs) StdoutLine: {'line': b'-- Up-to-date: /home/cricchetto/Robomaster_WS/install/robomaster_msgs/include/robomaster_msgs/robomaster_msgs/msg/detail/audio_opus__rosidl_typesupport_fastrtps_cpp.hpp\n'}
[3.793757] (robomaster_msgs) StdoutLine: {'line': b'-- Up-to-date: /home/cricchetto/Robomaster_WS/install/robomaster_msgs/include/robomaster_msgs/robomaster_msgs/msg/detail/serial__rosidl_typesupport_fastrtps_cpp.hpp\n'}
[3.794400] (robomaster_msgs) StdoutLine: {'line': b'-- Up-to-date: /home/cricchetto/Robomaster_WS/install/robomaster_msgs/include/robomaster_msgs/robomaster_msgs/msg/detail/audio_data__rosidl_typesupport_fastrtps_cpp.hpp\n'}
[3.794890] (robomaster_msgs) StdoutLine: {'line': b'-- Up-to-date: /home/cricchetto/Robomaster_WS/install/robomaster_msgs/include/robomaster_msgs/robomaster_msgs/msg/detail/region_of_interest__rosidl_typesupport_fastrtps_cpp.hpp\n'}
[3.795331] (robomaster_msgs) StdoutLine: {'line': b'-- Up-to-date: /home/cricchetto/Robomaster_WS/install/robomaster_msgs/include/robomaster_msgs/robomaster_msgs/msg/detail/detected_person__rosidl_typesupport_fastrtps_cpp.hpp\n'}
[3.795786] (robomaster_msgs) StdoutLine: {'line': b'-- Up-to-date: /home/cricchetto/Robomaster_WS/install/robomaster_msgs/include/robomaster_msgs/robomaster_msgs/msg/detail/s_bus__rosidl_typesupport_fastrtps_cpp.hpp\n'}
[3.796466] (robomaster_msgs) StdoutLine: {'line': b'-- Up-to-date: /home/cricchetto/Robomaster_WS/install/robomaster_msgs/include/robomaster_msgs/robomaster_msgs/msg/detail/led_effect__rosidl_typesupport_fastrtps_cpp.hpp\n'}
[3.797052] (robomaster_msgs) StdoutLine: {'line': b'-- Up-to-date: /home/cricchetto/Robomaster_WS/install/robomaster_msgs/include/robomaster_msgs/robomaster_msgs/msg/detail/blaster_led__rosidl_typesupport_fastrtps_cpp.hpp\n'}
[3.797523] (robomaster_msgs) StdoutLine: {'line': b'-- Up-to-date: /home/cricchetto/Robomaster_WS/install/robomaster_msgs/include/robomaster_msgs/robomaster_msgs/msg/detail/wheel_speeds__rosidl_typesupport_fastrtps_cpp.hpp\n'}
[3.798060] (robomaster_msgs) StdoutLine: {'line': b'-- Up-to-date: /home/cricchetto/Robomaster_WS/install/robomaster_msgs/include/robomaster_msgs/robomaster_msgs/msg/detail/detected_line__rosidl_typesupport_fastrtps_cpp.hpp\n'}
[3.798535] (robomaster_msgs) StdoutLine: {'line': b'-- Up-to-date: /home/cricchetto/Robomaster_WS/install/robomaster_msgs/include/robomaster_msgs/robomaster_msgs/msg/detail/speaker_command__rosidl_typesupport_fastrtps_cpp.hpp\n'}
[3.798894] (robomaster_msgs) StdoutLine: {'line': b'-- Up-to-date: /home/cricchetto/Robomaster_WS/install/robomaster_msgs/include/robomaster_msgs/robomaster_msgs/msg/detail/armor_hit__rosidl_typesupport_fastrtps_cpp.hpp\n'}
[3.799455] (robomaster_msgs) StdoutLine: {'line': b'-- Up-to-date: /home/cricchetto/Robomaster_WS/install/robomaster_msgs/include/robomaster_msgs/robomaster_msgs/srv\n'}
[3.800020] (robomaster_msgs) StdoutLine: {'line': b'-- Up-to-date: /home/cricchetto/Robomaster_WS/install/robomaster_msgs/include/robomaster_msgs/robomaster_msgs/srv/detail\n'}
[3.801354] (robomaster_msgs) StdoutLine: {'line': b'-- Up-to-date: /home/cricchetto/Robomaster_WS/install/robomaster_msgs/include/robomaster_msgs/robomaster_msgs/srv/detail/dds_fastrtps\n'}
[3.801988] (robomaster_msgs) StdoutLine: {'line': b'-- Up-to-date: /home/cricchetto/Robomaster_WS/install/robomaster_msgs/include/robomaster_msgs/robomaster_msgs/srv/detail/get_adc__rosidl_typesupport_fastrtps_cpp.hpp\n'}
[3.802514] (robomaster_msgs) StdoutLine: {'line': b'-- Up-to-date: /home/cricchetto/Robomaster_WS/install/robomaster_msgs/include/robomaster_msgs/robomaster_msgs/srv/detail/get_servo_angle__rosidl_typesupport_fastrtps_cpp.hpp\n'}
[3.803014] (robomaster_msgs) StdoutLine: {'line': b'-- Up-to-date: /home/cricchetto/Robomaster_WS/install/robomaster_msgs/include/robomaster_msgs/robomaster_msgs/srv/detail/get_pulse__rosidl_typesupport_fastrtps_cpp.hpp\n'}
[3.803511] (robomaster_msgs) StdoutLine: {'line': b'-- Up-to-date: /home/cricchetto/Robomaster_WS/install/robomaster_msgs/include/robomaster_msgs/robomaster_msgs/srv/detail/get_io__rosidl_typesupport_fastrtps_cpp.hpp\n'}
[3.804079] (robomaster_msgs) StdoutLine: {'line': b'-- Up-to-date: /home/cricchetto/Robomaster_WS/install/robomaster_msgs/lib/librobomaster_msgs__rosidl_typesupport_fastrtps_cpp.so\n'}
[3.806635] (robomaster_msgs) StdoutLine: {'line': b'-- Up-to-date: /home/cricchetto/Robomaster_WS/install/robomaster_msgs/include/robomaster_msgs/robomaster_msgs\n'}
[3.807297] (robomaster_msgs) StdoutLine: {'line': b'-- Up-to-date: /home/cricchetto/Robomaster_WS/install/robomaster_msgs/include/robomaster_msgs/robomaster_msgs/action\n'}
[3.807913] (robomaster_msgs) StdoutLine: {'line': b'-- Up-to-date: /home/cricchetto/Robomaster_WS/install/robomaster_msgs/include/robomaster_msgs/robomaster_msgs/action/detail\n'}
[3.808481] (robomaster_msgs) StdoutLine: {'line': b'-- Up-to-date: /home/cricchetto/Robomaster_WS/install/robomaster_msgs/include/robomaster_msgs/robomaster_msgs/action/detail/move_servo__type_support.cpp\n'}
[3.809032] (robomaster_msgs) StdoutLine: {'line': b'-- Up-to-date: /home/cricchetto/Robomaster_WS/install/robomaster_msgs/include/robomaster_msgs/robomaster_msgs/action/detail/play_sound__type_support.cpp\n'}
[3.809542] (robomaster_msgs) StdoutLine: {'line': b'-- Up-to-date: /home/cricchetto/Robomaster_WS/install/robomaster_msgs/include/robomaster_msgs/robomaster_msgs/action/detail/gripper_control__type_support.cpp\n'}
[3.810065] (robomaster_msgs) StdoutLine: {'line': b'-- Up-to-date: /home/cricchetto/Robomaster_WS/install/robomaster_msgs/include/robomaster_msgs/robomaster_msgs/action/detail/move__rosidl_typesupport_introspection_cpp.hpp\n'}
[3.810527] (robomaster_msgs) StdoutLine: {'line': b'-- Up-to-date: /home/cricchetto/Robomaster_WS/install/robomaster_msgs/include/robomaster_msgs/robomaster_msgs/action/detail/play_sound__rosidl_typesupport_introspection_cpp.hpp\n'}
[3.810987] (robomaster_msgs) StdoutLine: {'line': b'-- Up-to-date: /home/cricchetto/Robomaster_WS/install/robomaster_msgs/include/robomaster_msgs/robomaster_msgs/action/detail/move_gimbal__type_support.cpp\n'}
[3.811450] (robomaster_msgs) StdoutLine: {'line': b'-- Up-to-date: /home/cricchetto/Robomaster_WS/install/robomaster_msgs/include/robomaster_msgs/robomaster_msgs/action/detail/move_gimbal__rosidl_typesupport_introspection_cpp.hpp\n'}
[3.811924] (robomaster_msgs) StdoutLine: {'line': b'-- Up-to-date: /home/cricchetto/Robomaster_WS/install/robomaster_msgs/include/robomaster_msgs/robomaster_msgs/action/detail/move_servo__rosidl_typesupport_introspection_cpp.hpp\n'}
[3.812658] (robomaster_msgs) StdoutLine: {'line': b'-- Up-to-date: /home/cricchetto/Robomaster_WS/install/robomaster_msgs/include/robomaster_msgs/robomaster_msgs/action/detail/recenter_gimbal__rosidl_typesupport_introspection_cpp.hpp\n'}
[3.813108] (robomaster_msgs) StdoutLine: {'line': b'-- Up-to-date: /home/cricchetto/Robomaster_WS/install/robomaster_msgs/include/robomaster_msgs/robomaster_msgs/action/detail/move_arm__type_support.cpp\n'}
[3.813475] (robomaster_msgs) StdoutLine: {'line': b'-- Up-to-date: /home/cricchetto/Robomaster_WS/install/robomaster_msgs/include/robomaster_msgs/robomaster_msgs/action/detail/gripper_control__rosidl_typesupport_introspection_cpp.hpp\n'}
[3.813838] (robomaster_msgs) StdoutLine: {'line': b'-- Up-to-date: /home/cricchetto/Robomaster_WS/install/robomaster_msgs/include/robomaster_msgs/robomaster_msgs/action/detail/move__type_support.cpp\n'}
[3.814270] (robomaster_msgs) StdoutLine: {'line': b'-- Up-to-date: /home/cricchetto/Robomaster_WS/install/robomaster_msgs/include/robomaster_msgs/robomaster_msgs/action/detail/move_arm__rosidl_typesupport_introspection_cpp.hpp\n'}
[3.814847] (robomaster_msgs) StdoutLine: {'line': b'-- Up-to-date: /home/cricchetto/Robomaster_WS/install/robomaster_msgs/include/robomaster_msgs/robomaster_msgs/action/detail/recenter_gimbal__type_support.cpp\n'}
[3.815331] (robomaster_msgs) StdoutLine: {'line': b'-- Up-to-date: /home/cricchetto/Robomaster_WS/install/robomaster_msgs/include/robomaster_msgs/robomaster_msgs/msg\n'}
[3.815746] (robomaster_msgs) StdoutLine: {'line': b'-- Up-to-date: /home/cricchetto/Robomaster_WS/install/robomaster_msgs/include/robomaster_msgs/robomaster_msgs/msg/detail\n'}
[3.816632] (robomaster_msgs) StdoutLine: {'line': b'-- Up-to-date: /home/cricchetto/Robomaster_WS/install/robomaster_msgs/include/robomaster_msgs/robomaster_msgs/msg/detail/blaster_led__rosidl_typesupport_introspection_cpp.hpp\n'}
[3.817202] (robomaster_msgs) StdoutLine: {'line': b'-- Up-to-date: /home/cricchetto/Robomaster_WS/install/robomaster_msgs/include/robomaster_msgs/robomaster_msgs/msg/detail/speaker_command__type_support.cpp\n'}
[3.817707] (robomaster_msgs) StdoutLine: {'line': b'-- Up-to-date: /home/cricchetto/Robomaster_WS/install/robomaster_msgs/include/robomaster_msgs/robomaster_msgs/msg/detail/chassis_status__type_support.cpp\n'}
[3.818377] (robomaster_msgs) StdoutLine: {'line': b'-- Up-to-date: /home/cricchetto/Robomaster_WS/install/robomaster_msgs/include/robomaster_msgs/robomaster_msgs/msg/detail/servo_raw_state__type_support.cpp\n'}
[3.818831] (robomaster_msgs) StdoutLine: {'line': b'-- Up-to-date: /home/cricchetto/Robomaster_WS/install/robomaster_msgs/include/robomaster_msgs/robomaster_msgs/msg/detail/servo_raw_state__rosidl_typesupport_introspection_cpp.hpp\n'}
[3.819312] (robomaster_msgs) StdoutLine: {'line': b'-- Up-to-date: /home/cricchetto/Robomaster_WS/install/robomaster_msgs/include/robomaster_msgs/robomaster_msgs/msg/detail/audio_opus__type_support.cpp\n'}
[3.819950] (robomaster_msgs) StdoutLine: {'line': b'-- Up-to-date: /home/cricchetto/Robomaster_WS/install/robomaster_msgs/include/robomaster_msgs/robomaster_msgs/msg/detail/blaster_led__type_support.cpp\n'}
[3.820565] (robomaster_msgs) StdoutLine: {'line': b'-- Up-to-date: /home/cricchetto/Robomaster_WS/install/robomaster_msgs/include/robomaster_msgs/robomaster_msgs/msg/detail/servo_command__rosidl_typesupport_introspection_cpp.hpp\n'}
[3.821192] (robomaster_msgs) StdoutLine: {'line': b'-- Up-to-date: /home/cricchetto/Robomaster_WS/install/robomaster_msgs/include/robomaster_msgs/robomaster_msgs/msg/detail/sensor_adapter__type_support.cpp\n'}
[3.821827] (robomaster_msgs) StdoutLine: {'line': b'-- Up-to-date: /home/cricchetto/Robomaster_WS/install/robomaster_msgs/include/robomaster_msgs/robomaster_msgs/msg/detail/gimbal_command__rosidl_typesupport_introspection_cpp.hpp\n'}
[3.822417] (robomaster_msgs) StdoutLine: {'line': b'-- Up-to-date: /home/cricchetto/Robomaster_WS/install/robomaster_msgs/include/robomaster_msgs/robomaster_msgs/msg/detail/speaker_command__rosidl_typesupport_introspection_cpp.hpp\n'}
[3.822895] (robomaster_msgs) StdoutLine: {'line': b'-- Up-to-date: /home/cricchetto/Robomaster_WS/install/robomaster_msgs/include/robomaster_msgs/robomaster_msgs/msg/detail/led_effect__type_support.cpp\n'}
[3.823383] (robomaster_msgs) StdoutLine: {'line': b'-- Up-to-date: /home/cricchetto/Robomaster_WS/install/robomaster_msgs/include/robomaster_msgs/robomaster_msgs/msg/detail/servo_command__type_support.cpp\n'}
[3.823859] (robomaster_msgs) StdoutLine: {'line': b'-- Up-to-date: /home/cricchetto/Robomaster_WS/install/robomaster_msgs/include/robomaster_msgs/robomaster_msgs/msg/detail/audio_data__rosidl_typesupport_introspection_cpp.hpp\n'}
[3.824322] (robomaster_msgs) StdoutLine: {'line': b'-- Up-to-date: /home/cricchetto/Robomaster_WS/install/robomaster_msgs/include/robomaster_msgs/robomaster_msgs/msg/detail/gimbal_command__type_support.cpp\n'}
[3.824710] (robomaster_msgs) StdoutLine: {'line': b'-- Up-to-date: /home/cricchetto/Robomaster_WS/install/robomaster_msgs/include/robomaster_msgs/robomaster_msgs/msg/detail/detected_line__type_support.cpp\n'}
[3.825138] (robomaster_msgs) StdoutLine: {'line': b'-- Up-to-date: /home/cricchetto/Robomaster_WS/install/robomaster_msgs/include/robomaster_msgs/robomaster_msgs/msg/detail/led_effect__rosidl_typesupport_introspection_cpp.hpp\n'}
[3.825553] (robomaster_msgs) StdoutLine: {'line': b'-- Up-to-date: /home/cricchetto/Robomaster_WS/install/robomaster_msgs/include/robomaster_msgs/robomaster_msgs/msg/detail/audio_data__type_support.cpp\n'}
[3.826005] (robomaster_msgs) StdoutLine: {'line': b'-- Up-to-date: /home/cricchetto/Robomaster_WS/install/robomaster_msgs/include/robomaster_msgs/robomaster_msgs/msg/detail/gripper_state__type_support.cpp\n'}
[3.826448] (robomaster_msgs) StdoutLine: {'line': b'-- Up-to-date: /home/cricchetto/Robomaster_WS/install/robomaster_msgs/include/robomaster_msgs/robomaster_msgs/msg/detail/audio_opus__rosidl_typesupport_introspection_cpp.hpp\n'}
[3.826893] (robomaster_msgs) StdoutLine: {'line': b'-- Up-to-date: /home/cricchetto/Robomaster_WS/install/robomaster_msgs/include/robomaster_msgs/robomaster_msgs/msg/detail/detected_marker__type_support.cpp\n'}
[3.827380] (robomaster_msgs) StdoutLine: {'line': b'-- Up-to-date: /home/cricchetto/Robomaster_WS/install/robomaster_msgs/include/robomaster_msgs/robomaster_msgs/msg/detail/sensor_adapter__rosidl_typesupport_introspection_cpp.hpp\n'}
[3.827828] (robomaster_msgs) StdoutLine: {'line': b'-- Up-to-date: /home/cricchetto/Robomaster_WS/install/robomaster_msgs/include/robomaster_msgs/robomaster_msgs/msg/detail/pwm__rosidl_typesupport_introspection_cpp.hpp\n'}
[3.828296] (robomaster_msgs) StdoutLine: {'line': b'-- Up-to-date: /home/cricchetto/Robomaster_WS/install/robomaster_msgs/include/robomaster_msgs/robomaster_msgs/msg/detail/mode__rosidl_typesupport_introspection_cpp.hpp\n'}
[3.828913] (robomaster_msgs) StdoutLine: {'line': b'-- Up-to-date: /home/cricchetto/Robomaster_WS/install/robomaster_msgs/include/robomaster_msgs/robomaster_msgs/msg/detail/detected_robot__type_support.cpp\n'}
[3.829602] (robomaster_msgs) StdoutLine: {'line': b'-- Up-to-date: /home/cricchetto/Robomaster_WS/install/robomaster_msgs/include/robomaster_msgs/robomaster_msgs/msg/detail/detected_person__type_support.cpp\n'}
[3.830136] (robomaster_msgs) StdoutLine: {'line': b'-- Up-to-date: /home/cricchetto/Robomaster_WS/install/robomaster_msgs/include/robomaster_msgs/robomaster_msgs/msg/detail/region_of_interest__type_support.cpp\n'}
[3.830611] (robomaster_msgs) StdoutLine: {'line': b'-- Up-to-date: /home/cricchetto/Robomaster_WS/install/robomaster_msgs/include/robomaster_msgs/robomaster_msgs/msg/detail/wheel_speeds__rosidl_typesupport_introspection_cpp.hpp\n'}
[3.831088] (robomaster_msgs) StdoutLine: {'line': b'-- Up-to-date: /home/cricchetto/Robomaster_WS/install/robomaster_msgs/include/robomaster_msgs/robomaster_msgs/msg/detail/armor_hit__rosidl_typesupport_introspection_cpp.hpp\n'}
[3.831545] (robomaster_msgs) StdoutLine: {'line': b'-- Up-to-date: /home/cricchetto/Robomaster_WS/install/robomaster_msgs/include/robomaster_msgs/robomaster_msgs/msg/detail/detected_marker__rosidl_typesupport_introspection_cpp.hpp\n'}
[3.831957] (robomaster_msgs) StdoutLine: {'line': b'-- Up-to-date: /home/cricchetto/Robomaster_WS/install/robomaster_msgs/include/robomaster_msgs/robomaster_msgs/msg/detail/region_of_interest__rosidl_typesupport_introspection_cpp.hpp\n'}
[3.832599] (robomaster_msgs) StdoutLine: {'line': b'-- Up-to-date: /home/cricchetto/Robomaster_WS/install/robomaster_msgs/include/robomaster_msgs/robomaster_msgs/msg/detail/detection__type_support.cpp\n'}
[3.833110] (robomaster_msgs) StdoutLine: {'line': b'-- Up-to-date: /home/cricchetto/Robomaster_WS/install/robomaster_msgs/include/robomaster_msgs/robomaster_msgs/msg/detail/s_bus__rosidl_typesupport_introspection_cpp.hpp\n'}
[3.833517] (robomaster_msgs) StdoutLine: {'line': b'-- Up-to-date: /home/cricchetto/Robomaster_WS/install/robomaster_msgs/include/robomaster_msgs/robomaster_msgs/msg/detail/chassis_status__rosidl_typesupport_introspection_cpp.hpp\n'}
[3.833993] (robomaster_msgs) StdoutLine: {'line': b'-- Up-to-date: /home/cricchetto/Robomaster_WS/install/robomaster_msgs/include/robomaster_msgs/robomaster_msgs/msg/detail/camera_config__rosidl_typesupport_introspection_cpp.hpp\n'}
[3.834497] (robomaster_msgs) StdoutLine: {'line': b'-- Up-to-date: /home/cricchetto/Robomaster_WS/install/robomaster_msgs/include/robomaster_msgs/robomaster_msgs/msg/detail/detected_line__rosidl_typesupport_introspection_cpp.hpp\n'}
[3.835143] (robomaster_msgs) StdoutLine: {'line': b'-- Up-to-date: /home/cricchetto/Robomaster_WS/install/robomaster_msgs/include/robomaster_msgs/robomaster_msgs/msg/detail/detected_gesture__rosidl_typesupport_introspection_cpp.hpp\n'}
[3.836072] (robomaster_msgs) StdoutLine: {'line': b'-- Up-to-date: /home/cricchetto/Robomaster_WS/install/robomaster_msgs/include/robomaster_msgs/robomaster_msgs/msg/detail/s_bus__type_support.cpp\n'}
[3.837170] (robomaster_msgs) StdoutLine: {'line': b'-- Up-to-date: /home/cricchetto/Robomaster_WS/install/robomaster_msgs/include/robomaster_msgs/robomaster_msgs/msg/detail/audio_level__rosidl_typesupport_introspection_cpp.hpp\n'}
[3.838370] (robomaster_msgs) StdoutLine: {'line': b'-- Up-to-date: /home/cricchetto/Robomaster_WS/install/robomaster_msgs/include/robomaster_msgs/robomaster_msgs/msg/detail/mode__type_support.cpp\n'}
[3.839561] (robomaster_msgs) StdoutLine: {'line': b'-- Up-to-date: /home/cricchetto/Robomaster_WS/install/robomaster_msgs/include/robomaster_msgs/robomaster_msgs/msg/detail/armor_hit__type_support.cpp\n'}
[3.848666] (-) TimerEvent: {}
[3.849199] (robomaster_msgs) StdoutLine: {'line': b'-- Up-to-date: /home/cricchetto/Robomaster_WS/install/robomaster_msgs/include/robomaster_msgs/robomaster_msgs/msg/detail/gripper_state__rosidl_typesupport_introspection_cpp.hpp\n'}
[3.850003] (robomaster_msgs) StdoutLine: {'line': b'-- Up-to-date: /home/cricchetto/Robomaster_WS/install/robomaster_msgs/include/robomaster_msgs/robomaster_msgs/msg/detail/h264_packet__rosidl_typesupport_introspection_cpp.hpp\n'}
[3.850708] (robomaster_msgs) StdoutLine: {'line': b'-- Up-to-date: /home/cricchetto/Robomaster_WS/install/robomaster_msgs/include/robomaster_msgs/robomaster_msgs/msg/detail/h264_packet__type_support.cpp\n'}
[3.851128] (robomaster_msgs) StdoutLine: {'line': b'-- Up-to-date: /home/cricchetto/Robomaster_WS/install/robomaster_msgs/include/robomaster_msgs/robomaster_msgs/msg/detail/detected_person__rosidl_typesupport_introspection_cpp.hpp\n'}
[3.851497] (robomaster_msgs) StdoutLine: {'line': b'-- Up-to-date: /home/cricchetto/Robomaster_WS/install/robomaster_msgs/include/robomaster_msgs/robomaster_msgs/msg/detail/serial__type_support.cpp\n'}
[3.851890] (robomaster_msgs) StdoutLine: {'line': b'-- Up-to-date: /home/cricchetto/Robomaster_WS/install/robomaster_msgs/include/robomaster_msgs/robomaster_msgs/msg/detail/audio_level__type_support.cpp\n'}
[3.852356] (robomaster_msgs) StdoutLine: {'line': b'-- Up-to-date: /home/cricchetto/Robomaster_WS/install/robomaster_msgs/include/robomaster_msgs/robomaster_msgs/msg/detail/pwm__type_support.cpp\n'}
[3.852827] (robomaster_msgs) StdoutLine: {'line': b'-- Up-to-date: /home/cricchetto/Robomaster_WS/install/robomaster_msgs/include/robomaster_msgs/robomaster_msgs/msg/detail/camera_config__type_support.cpp\n'}
[3.853208] (robomaster_msgs) StdoutLine: {'line': b'-- Up-to-date: /home/cricchetto/Robomaster_WS/install/robomaster_msgs/include/robomaster_msgs/robomaster_msgs/msg/detail/wheel_speeds__type_support.cpp\n'}
[3.853667] (robomaster_msgs) StdoutLine: {'line': b'-- Up-to-date: /home/cricchetto/Robomaster_WS/install/robomaster_msgs/include/robomaster_msgs/robomaster_msgs/msg/detail/detected_robot__rosidl_typesupport_introspection_cpp.hpp\n'}
[3.854128] (robomaster_msgs) StdoutLine: {'line': b'-- Up-to-date: /home/cricchetto/Robomaster_WS/install/robomaster_msgs/include/robomaster_msgs/robomaster_msgs/msg/detail/detection__rosidl_typesupport_introspection_cpp.hpp\n'}
[3.854502] (robomaster_msgs) StdoutLine: {'line': b'-- Up-to-date: /home/cricchetto/Robomaster_WS/install/robomaster_msgs/include/robomaster_msgs/robomaster_msgs/msg/detail/serial__rosidl_typesupport_introspection_cpp.hpp\n'}
[3.854867] (robomaster_msgs) StdoutLine: {'line': b'-- Up-to-date: /home/cricchetto/Robomaster_WS/install/robomaster_msgs/include/robomaster_msgs/robomaster_msgs/msg/detail/detected_gesture__type_support.cpp\n'}
[3.855272] (robomaster_msgs) StdoutLine: {'line': b'-- Up-to-date: /home/cricchetto/Robomaster_WS/install/robomaster_msgs/include/robomaster_msgs/robomaster_msgs/srv\n'}
[3.855817] (robomaster_msgs) StdoutLine: {'line': b'-- Up-to-date: /home/cricchetto/Robomaster_WS/install/robomaster_msgs/include/robomaster_msgs/robomaster_msgs/srv/detail\n'}
[3.864617] (explore_lite) StdoutLine: {'line': b'[ 20%] Built target gtest_main\n'}
[3.865281] (robomaster_msgs) StdoutLine: {'line': b'-- Up-to-date: /home/cricchetto/Robomaster_WS/install/robomaster_msgs/include/robomaster_msgs/robomaster_msgs/srv/detail/get_adc__rosidl_typesupport_introspection_cpp.hpp\n'}
[3.865834] (robomaster_msgs) StdoutLine: {'line': b'-- Up-to-date: /home/cricchetto/Robomaster_WS/install/robomaster_msgs/include/robomaster_msgs/robomaster_msgs/srv/detail/get_adc__type_support.cpp\n'}
[3.866357] (robomaster_msgs) StdoutLine: {'line': b'-- Up-to-date: /home/cricchetto/Robomaster_WS/install/robomaster_msgs/include/robomaster_msgs/robomaster_msgs/srv/detail/get_servo_angle__type_support.cpp\n'}
[3.866951] (robomaster_msgs) StdoutLine: {'line': b'-- Up-to-date: /home/cricchetto/Robomaster_WS/install/robomaster_msgs/include/robomaster_msgs/robomaster_msgs/srv/detail/get_pulse__rosidl_typesupport_introspection_cpp.hpp\n'}
[3.867478] (robomaster_msgs) StdoutLine: {'line': b'-- Up-to-date: /home/cricchetto/Robomaster_WS/install/robomaster_msgs/include/robomaster_msgs/robomaster_msgs/srv/detail/get_servo_angle__rosidl_typesupport_introspection_cpp.hpp\n'}
[3.868058] (robomaster_msgs) StdoutLine: {'line': b'-- Up-to-date: /home/cricchetto/Robomaster_WS/install/robomaster_msgs/include/robomaster_msgs/robomaster_msgs/srv/detail/get_pulse__type_support.cpp\n'}
[3.868667] (robomaster_msgs) StdoutLine: {'line': b'-- Up-to-date: /home/cricchetto/Robomaster_WS/install/robomaster_msgs/include/robomaster_msgs/robomaster_msgs/srv/detail/get_io__type_support.cpp\n'}
[3.869202] (robomaster_msgs) StdoutLine: {'line': b'-- Up-to-date: /home/cricchetto/Robomaster_WS/install/robomaster_msgs/include/robomaster_msgs/robomaster_msgs/srv/detail/get_io__rosidl_typesupport_introspection_cpp.hpp\n'}
[3.869749] (robomaster_msgs) StdoutLine: {'line': b'-- Up-to-date: /home/cricchetto/Robomaster_WS/install/robomaster_msgs/lib/librobomaster_msgs__rosidl_typesupport_introspection_cpp.so\n'}
[3.870249] (robomaster_msgs) StdoutLine: {'line': b'-- Up-to-date: /home/cricchetto/Robomaster_WS/install/robomaster_msgs/lib/librobomaster_msgs__rosidl_typesupport_cpp.so\n'}
[3.870673] (robomaster_msgs) StdoutLine: {'line': b'-- Up-to-date: /home/cricchetto/Robomaster_WS/install/robomaster_msgs/share/robomaster_msgs/environment/pythonpath.sh\n'}
[3.871184] (robomaster_msgs) StdoutLine: {'line': b'-- Up-to-date: /home/cricchetto/Robomaster_WS/install/robomaster_msgs/share/robomaster_msgs/environment/pythonpath.dsv\n'}
[3.871726] (robomaster_msgs) StdoutLine: {'line': b'-- Up-to-date: /home/cricchetto/Robomaster_WS/install/robomaster_msgs/local/lib/python3.10/dist-packages/robomaster_msgs-0.2.0-py3.10.egg-info\n'}
[3.872375] (robomaster_msgs) StdoutLine: {'line': b'-- Installing: /home/cricchetto/Robomaster_WS/install/robomaster_msgs/local/lib/python3.10/dist-packages/robomaster_msgs-0.2.0-py3.10.egg-info/PKG-INFO\n'}
[3.873135] (robomaster_msgs) StdoutLine: {'line': b'-- Installing: /home/cricchetto/Robomaster_WS/install/robomaster_msgs/local/lib/python3.10/dist-packages/robomaster_msgs-0.2.0-py3.10.egg-info/top_level.txt\n'}
[3.873996] (robomaster_msgs) StdoutLine: {'line': b'-- Installing: /home/cricchetto/Robomaster_WS/install/robomaster_msgs/local/lib/python3.10/dist-packages/robomaster_msgs-0.2.0-py3.10.egg-info/SOURCES.txt\n'}
[3.874533] (robomaster_msgs) StdoutLine: {'line': b'-- Installing: /home/cricchetto/Robomaster_WS/install/robomaster_msgs/local/lib/python3.10/dist-packages/robomaster_msgs-0.2.0-py3.10.egg-info/dependency_links.txt\n'}
[3.874979] (robomaster_msgs) StdoutLine: {'line': b'-- Up-to-date: /home/cricchetto/Robomaster_WS/install/robomaster_msgs/local/lib/python3.10/dist-packages/robomaster_msgs\n'}
[3.875475] (robomaster_msgs) StdoutLine: {'line': b'-- Up-to-date: /home/cricchetto/Robomaster_WS/install/robomaster_msgs/local/lib/python3.10/dist-packages/robomaster_msgs/_robomaster_msgs_s.ep.rosidl_typesupport_fastrtps_c.c\n'}
[3.875991] (robomaster_msgs) StdoutLine: {'line': b'-- Up-to-date: /home/cricchetto/Robomaster_WS/install/robomaster_msgs/local/lib/python3.10/dist-packages/robomaster_msgs/__init__.py\n'}
[3.888853] (robomaster_msgs) StdoutLine: {'line': b'-- Up-to-date: /home/cricchetto/Robomaster_WS/install/robomaster_msgs/local/lib/python3.10/dist-packages/robomaster_msgs/librobomaster_msgs__rosidl_generator_py.so\n'}
[3.889466] (robomaster_msgs) StdoutLine: {'line': b'-- Up-to-date: /home/cricchetto/Robomaster_WS/install/robomaster_msgs/local/lib/python3.10/dist-packages/robomaster_msgs/_robomaster_msgs_s.ep.rosidl_typesupport_c.c\n'}
[3.890269] (robomaster_msgs) StdoutLine: {'line': b'-- Up-to-date: /home/cricchetto/Robomaster_WS/install/robomaster_msgs/local/lib/python3.10/dist-packages/robomaster_msgs/action\n'}
[3.890843] (robomaster_msgs) StdoutLine: {'line': b'-- Up-to-date: /home/cricchetto/Robomaster_WS/install/robomaster_msgs/local/lib/python3.10/dist-packages/robomaster_msgs/action/_recenter_gimbal.py\n'}
[3.891367] (robomaster_msgs) StdoutLine: {'line': b'-- Up-to-date: /home/cricchetto/Robomaster_WS/install/robomaster_msgs/local/lib/python3.10/dist-packages/robomaster_msgs/action/__init__.py\n'}
[3.891948] (robomaster_msgs) StdoutLine: {'line': b'-- Up-to-date: /home/cricchetto/Robomaster_WS/install/robomaster_msgs/local/lib/python3.10/dist-packages/robomaster_msgs/action/_gripper_control.py\n'}
[3.892557] (robomaster_msgs) StdoutLine: {'line': b'-- Up-to-date: /home/cricchetto/Robomaster_WS/install/robomaster_msgs/local/lib/python3.10/dist-packages/robomaster_msgs/action/_move_s.c\n'}
[3.892964] (robomaster_msgs) StdoutLine: {'line': b'-- Up-to-date: /home/cricchetto/Robomaster_WS/install/robomaster_msgs/local/lib/python3.10/dist-packages/robomaster_msgs/action/_move_gimbal_s.c\n'}
[3.893453] (robomaster_msgs) StdoutLine: {'line': b'-- Up-to-date: /home/cricchetto/Robomaster_WS/install/robomaster_msgs/local/lib/python3.10/dist-packages/robomaster_msgs/action/_recenter_gimbal_s.c\n'}
[3.894065] (robomaster_msgs) StdoutLine: {'line': b'-- Up-to-date: /home/cricchetto/Robomaster_WS/install/robomaster_msgs/local/lib/python3.10/dist-packages/robomaster_msgs/action/_play_sound.py\n'}
[3.894529] (robomaster_msgs) StdoutLine: {'line': b'-- Up-to-date: /home/cricchetto/Robomaster_WS/install/robomaster_msgs/local/lib/python3.10/dist-packages/robomaster_msgs/action/_move_servo.py\n'}
[3.895004] (robomaster_msgs) StdoutLine: {'line': b'-- Up-to-date: /home/cricchetto/Robomaster_WS/install/robomaster_msgs/local/lib/python3.10/dist-packages/robomaster_msgs/action/_gripper_control_s.c\n'}
[3.895529] (robomaster_msgs) StdoutLine: {'line': b'-- Up-to-date: /home/cricchetto/Robomaster_WS/install/robomaster_msgs/local/lib/python3.10/dist-packages/robomaster_msgs/action/_move.py\n'}
[3.896090] (robomaster_msgs) StdoutLine: {'line': b'-- Up-to-date: /home/cricchetto/Robomaster_WS/install/robomaster_msgs/local/lib/python3.10/dist-packages/robomaster_msgs/action/_move_arm_s.c\n'}
[3.896698] (robomaster_msgs) StdoutLine: {'line': b'-- Up-to-date: /home/cricchetto/Robomaster_WS/install/robomaster_msgs/local/lib/python3.10/dist-packages/robomaster_msgs/action/_move_gimbal.py\n'}
[3.897134] (robomaster_msgs) StdoutLine: {'line': b'-- Up-to-date: /home/cricchetto/Robomaster_WS/install/robomaster_msgs/local/lib/python3.10/dist-packages/robomaster_msgs/action/_move_servo_s.c\n'}
[3.897564] (robomaster_msgs) StdoutLine: {'line': b'-- Up-to-date: /home/cricchetto/Robomaster_WS/install/robomaster_msgs/local/lib/python3.10/dist-packages/robomaster_msgs/action/_move_arm.py\n'}
[3.898063] (robomaster_msgs) StdoutLine: {'line': b'-- Up-to-date: /home/cricchetto/Robomaster_WS/install/robomaster_msgs/local/lib/python3.10/dist-packages/robomaster_msgs/action/_play_sound_s.c\n'}
[3.898571] (robomaster_msgs) StdoutLine: {'line': b'-- Up-to-date: /home/cricchetto/Robomaster_WS/install/robomaster_msgs/local/lib/python3.10/dist-packages/robomaster_msgs/_robomaster_msgs_s.ep.rosidl_typesupport_introspection_c.c\n'}
[3.912418] (robomaster_msgs) StdoutLine: {'line': b'-- Up-to-date: /home/cricchetto/Robomaster_WS/install/robomaster_msgs/local/lib/python3.10/dist-packages/robomaster_msgs/msg\n'}
[3.912983] (robomaster_msgs) StdoutLine: {'line': b'-- Up-to-date: /home/cricchetto/Robomaster_WS/install/robomaster_msgs/local/lib/python3.10/dist-packages/robomaster_msgs/msg/_chassis_status.py\n'}
[3.913491] (robomaster_msgs) StdoutLine: {'line': b'-- Up-to-date: /home/cricchetto/Robomaster_WS/install/robomaster_msgs/local/lib/python3.10/dist-packages/robomaster_msgs/msg/_audio_level_s.c\n'}
[3.913953] (robomaster_msgs) StdoutLine: {'line': b'-- Up-to-date: /home/cricchetto/Robomaster_WS/install/robomaster_msgs/local/lib/python3.10/dist-packages/robomaster_msgs/msg/_chassis_status_s.c\n'}
[3.914425] (robomaster_msgs) StdoutLine: {'line': b'-- Up-to-date: /home/cricchetto/Robomaster_WS/install/robomaster_msgs/local/lib/python3.10/dist-packages/robomaster_msgs/msg/_s_bus_s.c\n'}
[3.914894] (robomaster_msgs) StdoutLine: {'line': b'-- Up-to-date: /home/cricchetto/Robomaster_WS/install/robomaster_msgs/local/lib/python3.10/dist-packages/robomaster_msgs/msg/_led_effect.py\n'}
[3.915350] (robomaster_msgs) StdoutLine: {'line': b'-- Up-to-date: /home/cricchetto/Robomaster_WS/install/robomaster_msgs/local/lib/python3.10/dist-packages/robomaster_msgs/msg/_region_of_interest_s.c\n'}
[3.915871] (robomaster_msgs) StdoutLine: {'line': b'-- Up-to-date: /home/cricchetto/Robomaster_WS/install/robomaster_msgs/local/lib/python3.10/dist-packages/robomaster_msgs/msg/_h264_packet_s.c\n'}
[3.916394] (robomaster_msgs) StdoutLine: {'line': b'-- Up-to-date: /home/cricchetto/Robomaster_WS/install/robomaster_msgs/local/lib/python3.10/dist-packages/robomaster_msgs/msg/_audio_opus.py\n'}
[3.916880] (robomaster_msgs) StdoutLine: {'line': b'-- Up-to-date: /home/cricchetto/Robomaster_WS/install/robomaster_msgs/local/lib/python3.10/dist-packages/robomaster_msgs/msg/__init__.py\n'}
[3.917324] (robomaster_msgs) StdoutLine: {'line': b'-- Up-to-date: /home/cricchetto/Robomaster_WS/install/robomaster_msgs/local/lib/python3.10/dist-packages/robomaster_msgs/msg/_gripper_state.py\n'}
[3.917875] (robomaster_msgs) StdoutLine: {'line': b'-- Up-to-date: /home/cricchetto/Robomaster_WS/install/robomaster_msgs/local/lib/python3.10/dist-packages/robomaster_msgs/msg/_detected_robot.py\n'}
[3.918344] (robomaster_msgs) StdoutLine: {'line': b'-- Up-to-date: /home/cricchetto/Robomaster_WS/install/robomaster_msgs/local/lib/python3.10/dist-packages/robomaster_msgs/msg/_s_bus.py\n'}
[3.918838] (robomaster_msgs) StdoutLine: {'line': b'-- Up-to-date: /home/cricchetto/Robomaster_WS/install/robomaster_msgs/local/lib/python3.10/dist-packages/robomaster_msgs/msg/_blaster_led.py\n'}
[3.919295] (robomaster_msgs) StdoutLine: {'line': b'-- Up-to-date: /home/cricchetto/Robomaster_WS/install/robomaster_msgs/local/lib/python3.10/dist-packages/robomaster_msgs/msg/_pwm_s.c\n'}
[3.919742] (robomaster_msgs) StdoutLine: {'line': b'-- Up-to-date: /home/cricchetto/Robomaster_WS/install/robomaster_msgs/local/lib/python3.10/dist-packages/robomaster_msgs/msg/_h264_packet.py\n'}
[3.920243] (robomaster_msgs) StdoutLine: {'line': b'-- Up-to-date: /home/cricchetto/Robomaster_WS/install/robomaster_msgs/local/lib/python3.10/dist-packages/robomaster_msgs/msg/_gimbal_command_s.c\n'}
[3.920735] (robomaster_msgs) StdoutLine: {'line': b'-- Up-to-date: /home/cricchetto/Robomaster_WS/install/robomaster_msgs/local/lib/python3.10/dist-packages/robomaster_msgs/msg/_detected_gesture.py\n'}
[3.921190] (robomaster_msgs) StdoutLine: {'line': b'-- Up-to-date: /home/cricchetto/Robomaster_WS/install/robomaster_msgs/local/lib/python3.10/dist-packages/robomaster_msgs/msg/_armor_hit.py\n'}
[3.921637] (robomaster_msgs) StdoutLine: {'line': b'-- Up-to-date: /home/cricchetto/Robomaster_WS/install/robomaster_msgs/local/lib/python3.10/dist-packages/robomaster_msgs/msg/_led_effect_s.c\n'}
[3.922076] (robomaster_msgs) StdoutLine: {'line': b'-- Up-to-date: /home/cricchetto/Robomaster_WS/install/robomaster_msgs/local/lib/python3.10/dist-packages/robomaster_msgs/msg/_pwm.py\n'}
[3.922511] (robomaster_msgs) StdoutLine: {'line': b'-- Up-to-date: /home/cricchetto/Robomaster_WS/install/robomaster_msgs/local/lib/python3.10/dist-packages/robomaster_msgs/msg/_servo_command.py\n'}
[3.922960] (robomaster_msgs) StdoutLine: {'line': b'-- Up-to-date: /home/cricchetto/Robomaster_WS/install/robomaster_msgs/local/lib/python3.10/dist-packages/robomaster_msgs/msg/_detected_person.py\n'}
[3.923417] (robomaster_msgs) StdoutLine: {'line': b'-- Up-to-date: /home/cricchetto/Robomaster_WS/install/robomaster_msgs/local/lib/python3.10/dist-packages/robomaster_msgs/msg/_wheel_speeds.py\n'}
[3.923870] (explore_lite) StdoutLine: {'line': b'[ 40%] Built target gtest\n'}
[3.941091] (robomaster_msgs) StdoutLine: {'line': b'-- Up-to-date: /home/cricchetto/Robomaster_WS/install/robomaster_msgs/local/lib/python3.10/dist-packages/robomaster_msgs/msg/_audio_data_s.c\n'}
[3.942550] (robomaster_msgs) StdoutLine: {'line': b'-- Up-to-date: /home/cricchetto/Robomaster_WS/install/robomaster_msgs/local/lib/python3.10/dist-packages/robomaster_msgs/msg/_mode.py\n'}
[3.943999] (robomaster_msgs) StdoutLine: {'line': b'-- Up-to-date: /home/cricchetto/Robomaster_WS/install/robomaster_msgs/local/lib/python3.10/dist-packages/robomaster_msgs/msg/_detected_marker_s.c\n'}
[3.945314] (robomaster_msgs) StdoutLine: {'line': b'-- Up-to-date: /home/cricchetto/Robomaster_WS/install/robomaster_msgs/local/lib/python3.10/dist-packages/robomaster_msgs/msg/_audio_data.py\n'}
[3.946599] (robomaster_msgs) StdoutLine: {'line': b'-- Up-to-date: /home/cricchetto/Robomaster_WS/install/robomaster_msgs/local/lib/python3.10/dist-packages/robomaster_msgs/msg/_gimbal_command.py\n'}
[3.947760] (robomaster_msgs) StdoutLine: {'line': b'-- Up-to-date: /home/cricchetto/Robomaster_WS/install/robomaster_msgs/local/lib/python3.10/dist-packages/robomaster_msgs/msg/_speaker_command_s.c\n'}
[3.948849] (-) TimerEvent: {}
[3.949869] (robomaster_msgs) StdoutLine: {'line': b'-- Up-to-date: /home/cricchetto/Robomaster_WS/install/robomaster_msgs/local/lib/python3.10/dist-packages/robomaster_msgs/msg/_detected_marker.py\n'}
[3.950637] (robomaster_msgs) StdoutLine: {'line': b'-- Up-to-date: /home/cricchetto/Robomaster_WS/install/robomaster_msgs/local/lib/python3.10/dist-packages/robomaster_msgs/msg/_detected_person_s.c\n'}
[3.951496] (robomaster_msgs) StdoutLine: {'line': b'-- Up-to-date: /home/cricchetto/Robomaster_WS/install/robomaster_msgs/local/lib/python3.10/dist-packages/robomaster_msgs/msg/_blaster_led_s.c\n'}
[3.964471] (robomaster_msgs) StdoutLine: {'line': b'-- Up-to-date: /home/cricchetto/Robomaster_WS/install/robomaster_msgs/local/lib/python3.10/dist-packages/robomaster_msgs/msg/_gripper_state_s.c\n'}
[3.968385] (robomaster_msgs) StdoutLine: {'line': b'-- Up-to-date: /home/cricchetto/Robomaster_WS/install/robomaster_msgs/local/lib/python3.10/dist-packages/robomaster_msgs/msg/_camera_config.py\n'}
[3.969577] (robomaster_msgs) StdoutLine: {'line': b'-- Up-to-date: /home/cricchetto/Robomaster_WS/install/robomaster_msgs/local/lib/python3.10/dist-packages/robomaster_msgs/msg/_armor_hit_s.c\n'}
[3.970334] (robomaster_msgs) StdoutLine: {'line': b'-- Up-to-date: /home/cricchetto/Robomaster_WS/install/robomaster_msgs/local/lib/python3.10/dist-packages/robomaster_msgs/msg/_serial.py\n'}
[3.971530] (robomaster_msgs) StdoutLine: {'line': b'-- Up-to-date: /home/cricchetto/Robomaster_WS/install/robomaster_msgs/local/lib/python3.10/dist-packages/robomaster_msgs/msg/_wheel_speeds_s.c\n'}
[3.972621] (robomaster_msgs) StdoutLine: {'line': b'-- Up-to-date: /home/cricchetto/Robomaster_WS/install/robomaster_msgs/local/lib/python3.10/dist-packages/robomaster_msgs/msg/_serial_s.c\n'}
[3.974283] (robomaster_msgs) StdoutLine: {'line': b'-- Up-to-date: /home/cricchetto/Robomaster_WS/install/robomaster_msgs/local/lib/python3.10/dist-packages/robomaster_msgs/msg/_region_of_interest.py\n'}
[3.992647] (robomaster_msgs) StdoutLine: {'line': b'-- Up-to-date: /home/cricchetto/Robomaster_WS/install/robomaster_msgs/local/lib/python3.10/dist-packages/robomaster_msgs/msg/_audio_opus_s.c\n'}
[3.993854] (robomaster_msgs) StdoutLine: {'line': b'-- Up-to-date: /home/cricchetto/Robomaster_WS/install/robomaster_msgs/local/lib/python3.10/dist-packages/robomaster_msgs/msg/_servo_command_s.c\n'}
[3.994836] (robomaster_msgs) StdoutLine: {'line': b'-- Up-to-date: /home/cricchetto/Robomaster_WS/install/robomaster_msgs/local/lib/python3.10/dist-packages/robomaster_msgs/msg/_mode_s.c\n'}
[3.996319] (robomaster_msgs) StdoutLine: {'line': b'-- Up-to-date: /home/cricchetto/Robomaster_WS/install/robomaster_msgs/local/lib/python3.10/dist-packages/robomaster_msgs/msg/_speaker_command.py\n'}
[3.999677] (robomaster_msgs) StdoutLine: {'line': b'-- Up-to-date: /home/cricchetto/Robomaster_WS/install/robomaster_msgs/local/lib/python3.10/dist-packages/robomaster_msgs/msg/_detection.py\n'}
[4.002795] (robomaster_msgs) StdoutLine: {'line': b'-- Up-to-date: /home/cricchetto/Robomaster_WS/install/robomaster_msgs/local/lib/python3.10/dist-packages/robomaster_msgs/msg/_sensor_adapter.py\n'}
[4.004896] (robomaster_msgs) StdoutLine: {'line': b'-- Up-to-date: /home/cricchetto/Robomaster_WS/install/robomaster_msgs/local/lib/python3.10/dist-packages/robomaster_msgs/msg/_servo_raw_state.py\n'}
[4.007008] (robomaster_msgs) StdoutLine: {'line': b'-- Up-to-date: /home/cricchetto/Robomaster_WS/install/robomaster_msgs/local/lib/python3.10/dist-packages/robomaster_msgs/msg/_detection_s.c\n'}
[4.015090] (robomaster_msgs) StdoutLine: {'line': b'-- Up-to-date: /home/cricchetto/Robomaster_WS/install/robomaster_msgs/local/lib/python3.10/dist-packages/robomaster_msgs/msg/_audio_level.py\n'}
[4.016799] (robomaster_msgs) StdoutLine: {'line': b'-- Up-to-date: /home/cricchetto/Robomaster_WS/install/robomaster_msgs/local/lib/python3.10/dist-packages/robomaster_msgs/msg/_detected_line.py\n'}
[4.017992] (robomaster_msgs) StdoutLine: {'line': b'-- Up-to-date: /home/cricchetto/Robomaster_WS/install/robomaster_msgs/local/lib/python3.10/dist-packages/robomaster_msgs/msg/_camera_config_s.c\n'}
[4.028485] (robomaster_msgs) StdoutLine: {'line': b'-- Up-to-date: /home/cricchetto/Robomaster_WS/install/robomaster_msgs/local/lib/python3.10/dist-packages/robomaster_msgs/msg/_detected_line_s.c\n'}
[4.029262] (robomaster_msgs) StdoutLine: {'line': b'-- Up-to-date: /home/cricchetto/Robomaster_WS/install/robomaster_msgs/local/lib/python3.10/dist-packages/robomaster_msgs/msg/_servo_raw_state_s.c\n'}
[4.030151] (robomaster_msgs) StdoutLine: {'line': b'-- Up-to-date: /home/cricchetto/Robomaster_WS/install/robomaster_msgs/local/lib/python3.10/dist-packages/robomaster_msgs/msg/_detected_robot_s.c\n'}
[4.030979] (robomaster_msgs) StdoutLine: {'line': b'-- Up-to-date: /home/cricchetto/Robomaster_WS/install/robomaster_msgs/local/lib/python3.10/dist-packages/robomaster_msgs/msg/_sensor_adapter_s.c\n'}
[4.031601] (robomaster_msgs) StdoutLine: {'line': b'-- Up-to-date: /home/cricchetto/Robomaster_WS/install/robomaster_msgs/local/lib/python3.10/dist-packages/robomaster_msgs/msg/_detected_gesture_s.c\n'}
[4.032672] (robomaster_msgs) StdoutLine: {'line': b'-- Up-to-date: /home/cricchetto/Robomaster_WS/install/robomaster_msgs/local/lib/python3.10/dist-packages/robomaster_msgs/robomaster_msgs_s__rosidl_typesupport_c.cpython-310-aarch64-linux-gnu.so\n'}
[4.033505] (robomaster_msgs) StdoutLine: {'line': b'-- Up-to-date: /home/cricchetto/Robomaster_WS/install/robomaster_msgs/local/lib/python3.10/dist-packages/robomaster_msgs/robomaster_msgs_s__rosidl_typesupport_fastrtps_c.cpython-310-aarch64-linux-gnu.so\n'}
[4.034159] (robomaster_msgs) StdoutLine: {'line': b'-- Up-to-date: /home/cricchetto/Robomaster_WS/install/robomaster_msgs/local/lib/python3.10/dist-packages/robomaster_msgs/robomaster_msgs_s__rosidl_typesupport_introspection_c.cpython-310-aarch64-linux-gnu.so\n'}
[4.035055] (robomaster_msgs) StdoutLine: {'line': b'-- Up-to-date: /home/cricchetto/Robomaster_WS/install/robomaster_msgs/local/lib/python3.10/dist-packages/robomaster_msgs/srv\n'}
[4.035826] (robomaster_msgs) StdoutLine: {'line': b'-- Up-to-date: /home/cricchetto/Robomaster_WS/install/robomaster_msgs/local/lib/python3.10/dist-packages/robomaster_msgs/srv/_get_io_s.c\n'}
[4.044440] (robomaster_msgs) StdoutLine: {'line': b'-- Up-to-date: /home/cricchetto/Robomaster_WS/install/robomaster_msgs/local/lib/python3.10/dist-packages/robomaster_msgs/srv/__init__.py\n'}
[4.045341] (robomaster_msgs) StdoutLine: {'line': b'-- Up-to-date: /home/cricchetto/Robomaster_WS/install/robomaster_msgs/local/lib/python3.10/dist-packages/robomaster_msgs/srv/_get_adc.py\n'}
[4.045956] (robomaster_msgs) StdoutLine: {'line': b'-- Up-to-date: /home/cricchetto/Robomaster_WS/install/robomaster_msgs/local/lib/python3.10/dist-packages/robomaster_msgs/srv/_get_pulse_s.c\n'}
[4.046857] (robomaster_msgs) StdoutLine: {'line': b'-- Up-to-date: /home/cricchetto/Robomaster_WS/install/robomaster_msgs/local/lib/python3.10/dist-packages/robomaster_msgs/srv/_get_servo_angle_s.c\n'}
[4.047626] (robomaster_msgs) StdoutLine: {'line': b'-- Up-to-date: /home/cricchetto/Robomaster_WS/install/robomaster_msgs/local/lib/python3.10/dist-packages/robomaster_msgs/srv/_get_adc_s.c\n'}
[4.049071] (-) TimerEvent: {}
[4.049812] (robomaster_msgs) StdoutLine: {'line': b'-- Up-to-date: /home/cricchetto/Robomaster_WS/install/robomaster_msgs/local/lib/python3.10/dist-packages/robomaster_msgs/srv/_get_io.py\n'}
[4.050511] (robomaster_msgs) StdoutLine: {'line': b'-- Up-to-date: /home/cricchetto/Robomaster_WS/install/robomaster_msgs/local/lib/python3.10/dist-packages/robomaster_msgs/srv/_get_pulse.py\n'}
[4.051451] (robomaster_msgs) StdoutLine: {'line': b'-- Up-to-date: /home/cricchetto/Robomaster_WS/install/robomaster_msgs/local/lib/python3.10/dist-packages/robomaster_msgs/srv/_get_servo_angle.py\n'}
[4.052411] (explore_lite) StdoutLine: {'line': b'[ 80%] Built target explore\n'}
[4.053072] (explore_lite) StdoutLine: {'line': b'[100%] Built target test_explore\n'}
[4.065144] (robomaster_msgs) StdoutLine: {'line': b"Listing '/home/cricchetto/Robomaster_WS/install/robomaster_msgs/local/lib/python3.10/dist-packages/robomaster_msgs'...\n"}
[4.065815] (robomaster_msgs) StdoutLine: {'line': b"Listing '/home/cricchetto/Robomaster_WS/install/robomaster_msgs/local/lib/python3.10/dist-packages/robomaster_msgs/action'...\n"}
[4.066747] (robomaster_msgs) StdoutLine: {'line': b"Listing '/home/cricchetto/Robomaster_WS/install/robomaster_msgs/local/lib/python3.10/dist-packages/robomaster_msgs/msg'...\n"}
[4.067347] (robomaster_msgs) StdoutLine: {'line': b"Listing '/home/cricchetto/Robomaster_WS/install/robomaster_msgs/local/lib/python3.10/dist-packages/robomaster_msgs/srv'...\n"}
[4.068258] (explore_lite) CommandEnded: {'returncode': 0}
[4.070104] (explore_lite) JobProgress: {'identifier': 'explore_lite', 'progress': 'install'}
[4.070545] (explore_lite) Command: {'cmd': ['/usr/bin/cmake', '--install', '/home/cricchetto/Robomaster_WS/build/explore_lite'], 'cwd': '/home/cricchetto/Robomaster_WS/build/explore_lite', 'env': OrderedDict([('LESSOPEN', '| /usr/bin/lesspipe %s'), ('USER', 'cricchetto'), ('SSH_CLIENT', '172.18.147.201 55818 22'), ('LC_TIME', 'es_AR.UTF-8'), ('XDG_SESSION_TYPE', 'tty'), ('SHLVL', '2'), ('LD_LIBRARY_PATH', '/home/cricchetto/Robomaster_WS/install/robomaster_msgs/lib:/home/cricchetto/Robomaster_WS/install/dwb_msgs/lib:/home/cricchetto/Robomaster_WS/install/nav_2d_msgs/lib:/home/cricchetto/Robomaster_WS/install/nav2_voxel_grid/lib:/home/cricchetto/Robomaster_WS/install/nav2_msgs/lib:/home/cricchetto/Robomaster_WS/install/multirobot_map_merge/lib:/opt/ros/humble/opt/rviz_ogre_vendor/lib:/opt/ros/humble/lib/aarch64-linux-gnu:/opt/ros/humble/lib'), ('MOTD_SHOWN', 'pam'), ('HOME', '/home/cricchetto'), ('OLDPWD', '/home/cricchetto'), ('SSH_TTY', '/dev/pts/0'), ('ROS_PYTHON_VERSION', '3'), ('LC_MONETARY', 'es_AR.UTF-8'), ('DBUS_SESSION_BUS_ADDRESS', 'unix:path=/run/user/1000/bus'), ('COLCON_PREFIX_PATH', '/home/cricchetto/Robomaster_WS/install'), ('ROS_DISTRO', 'humble'), ('LOGNAME', 'cricchetto'), ('_', '/usr/bin/colcon'), ('ROS_VERSION', '2'), ('XDG_SESSION_CLASS', 'user'), ('TERM', 'xterm-256color'), ('XDG_SESSION_ID', '1'), ('ROS_LOCALHOST_ONLY', '0'), ('PATH', '/home/cricchetto/.local/bin:/opt/ros/humble/bin:/usr/local/sbin:/usr/local/bin:/usr/sbin:/usr/bin:/sbin:/bin:/usr/games:/usr/local/games:/snap/bin:/home/cricchettoSD/.local/bin'), ('LC_ADDRESS', 'es_AR.UTF-8'), ('XDG_RUNTIME_DIR', '/run/user/1000'), ('DISPLAY', 'localhost:10.0'), ('LANG', 'en_US.UTF-8'), ('LC_TELEPHONE', 'es_AR.UTF-8'), ('LS_COLORS', 'rs=0:di=01;34:ln=01;36:mh=00:pi=40;33:so=01;35:do=01;35:bd=40;33;01:cd=40;33;01:or=40;31;01:mi=00:su=37;41:sg=30;43:ca=30;41:tw=30;42:ow=34;42:st=37;44:ex=01;32:*.tar=01;31:*.tgz=01;31:*.arc=01;31:*.arj=01;31:*.taz=01;31:*.lha=01;31:*.lz4=01;31:*.lzh=01;31:*.lzma=01;31:*.tlz=01;31:*.txz=01;31:*.tzo=01;31:*.t7z=01;31:*.zip=01;31:*.z=01;31:*.dz=01;31:*.gz=01;31:*.lrz=01;31:*.lz=01;31:*.lzo=01;31:*.xz=01;31:*.zst=01;31:*.tzst=01;31:*.bz2=01;31:*.bz=01;31:*.tbz=01;31:*.tbz2=01;31:*.tz=01;31:*.deb=01;31:*.rpm=01;31:*.jar=01;31:*.war=01;31:*.ear=01;31:*.sar=01;31:*.rar=01;31:*.alz=01;31:*.ace=01;31:*.zoo=01;31:*.cpio=01;31:*.7z=01;31:*.rz=01;31:*.cab=01;31:*.wim=01;31:*.swm=01;31:*.dwm=01;31:*.esd=01;31:*.jpg=01;35:*.jpeg=01;35:*.mjpg=01;35:*.mjpeg=01;35:*.gif=01;35:*.bmp=01;35:*.pbm=01;35:*.pgm=01;35:*.ppm=01;35:*.tga=01;35:*.xbm=01;35:*.xpm=01;35:*.tif=01;35:*.tiff=01;35:*.png=01;35:*.svg=01;35:*.svgz=01;35:*.mng=01;35:*.pcx=01;35:*.mov=01;35:*.mpg=01;35:*.mpeg=01;35:*.m2v=01;35:*.mkv=01;35:*.webm=01;35:*.webp=01;35:*.ogm=01;35:*.mp4=01;35:*.m4v=01;35:*.mp4v=01;35:*.vob=01;35:*.qt=01;35:*.nuv=01;35:*.wmv=01;35:*.asf=01;35:*.rm=01;35:*.rmvb=01;35:*.flc=01;35:*.avi=01;35:*.fli=01;35:*.flv=01;35:*.gl=01;35:*.dl=01;35:*.xcf=01;35:*.xwd=01;35:*.yuv=01;35:*.cgm=01;35:*.emf=01;35:*.ogv=01;35:*.ogx=01;35:*.aac=00;36:*.au=00;36:*.flac=00;36:*.m4a=00;36:*.mid=00;36:*.midi=00;36:*.mka=00;36:*.mp3=00;36:*.mpc=00;36:*.ogg=00;36:*.ra=00;36:*.wav=00;36:*.oga=00;36:*.opus=00;36:*.spx=00;36:*.xspf=00;36:'), ('AMENT_PREFIX_PATH', '/home/cricchetto/Robomaster_WS/install/sllidar_ros2:/home/cricchetto/Robomaster_WS/install/robomaster_ros:/home/cricchetto/Robomaster_WS/install/robomaster_msgs:/home/cricchetto/Robomaster_WS/install/robomaster_description:/home/cricchetto/Robomaster_WS/install/dwb_msgs:/home/cricchetto/Robomaster_WS/install/nav_2d_msgs:/home/cricchetto/Robomaster_WS/install/nav2_voxel_grid:/home/cricchetto/Robomaster_WS/install/nav2_simple_commander:/home/cricchetto/Robomaster_WS/install/explore_lite:/home/cricchetto/Robomaster_WS/install/nav2_msgs:/home/cricchetto/Robomaster_WS/install/nav2_common:/home/cricchetto/Robomaster_WS/install/multirobot_map_merge:/home/cricchetto/Robomaster_WS/install/ep_control:/home/cricchetto/Robomaster_WS/install/drift:/opt/ros/humble'), ('SHELL', '/bin/bash'), ('LC_NAME', 'es_AR.UTF-8'), ('LESSCLOSE', '/usr/bin/lesspipe %s %s'), ('LC_MEASUREMENT', 'es_AR.UTF-8'), ('LC_IDENTIFICATION', 'es_AR.UTF-8'), ('PWD', '/home/cricchetto/Robomaster_WS/build/explore_lite'), ('LC_ALL', 'en_US.UTF-8'), ('SSH_CONNECTION', '172.18.147.201 55818 172.18.147.143 22'), ('PYTHONPATH', '/home/cricchetto/Robomaster_WS/install/robomaster_ros/lib/python3.10/site-packages:/home/cricchetto/Robomaster_WS/install/robomaster_msgs/local/lib/python3.10/dist-packages:/home/cricchetto/Robomaster_WS/install/dwb_msgs/local/lib/python3.10/dist-packages:/home/cricchetto/Robomaster_WS/install/nav_2d_msgs/local/lib/python3.10/dist-packages:/home/cricchetto/Robomaster_WS/install/nav2_simple_commander/lib/python3.10/site-packages:/home/cricchetto/Robomaster_WS/install/nav2_msgs/local/lib/python3.10/dist-packages:/home/cricchetto/Robomaster_WS/install/nav2_common/local/lib/python3.10/dist-packages:/home/cricchetto/Robomaster_WS/install/ep_control/lib/python3.10/site-packages:/home/cricchetto/Robomaster_WS/install/drift/lib/python3.10/site-packages:/opt/ros/humble/lib/python3.10/site-packages:/opt/ros/humble/local/lib/python3.10/dist-packages'), ('LC_NUMERIC', 'es_AR.UTF-8'), ('LC_PAPER', 'es_AR.UTF-8'), ('COLCON', '1'), ('CMAKE_PREFIX_PATH', '/home/cricchetto/Robomaster_WS/install/sllidar_ros2:/home/cricchetto/Robomaster_WS/install/robomaster_msgs:/home/cricchetto/Robomaster_WS/install/robomaster_description:/home/cricchetto/Robomaster_WS/install/dwb_msgs:/home/cricchetto/Robomaster_WS/install/nav_2d_msgs:/home/cricchetto/Robomaster_WS/install/nav2_voxel_grid:/home/cricchetto/Robomaster_WS/install/explore_lite:/home/cricchetto/Robomaster_WS/install/nav2_msgs:/home/cricchetto/Robomaster_WS/install/nav2_common:/home/cricchetto/Robomaster_WS/install/multirobot_map_merge:/home/cricchetto/Robomaster_WS/install/robomaster_ros:/home/cricchetto/Robomaster_WS/install/nav2_simple_commander:/home/cricchetto/Robomaster_WS/install/ep_control:/home/cricchetto/Robomaster_WS/install/drift:/opt/ros/humble')]), 'shell': False}
[4.081982] (robomaster_msgs) StdoutLine: {'line': b'-- Up-to-date: /home/cricchetto/Robomaster_WS/install/robomaster_msgs/local/lib/python3.10/dist-packages/robomaster_msgs/robomaster_msgs_s__rosidl_typesupport_fastrtps_c.cpython-310-aarch64-linux-gnu.so\n'}
[4.083123] (robomaster_msgs) StdoutLine: {'line': b'-- Up-to-date: /home/cricchetto/Robomaster_WS/install/robomaster_msgs/local/lib/python3.10/dist-packages/robomaster_msgs/robomaster_msgs_s__rosidl_typesupport_introspection_c.cpython-310-aarch64-linux-gnu.so\n'}
[4.083946] (robomaster_msgs) StdoutLine: {'line': b'-- Up-to-date: /home/cricchetto/Robomaster_WS/install/robomaster_msgs/local/lib/python3.10/dist-packages/robomaster_msgs/robomaster_msgs_s__rosidl_typesupport_c.cpython-310-aarch64-linux-gnu.so\n'}
[4.084933] (robomaster_msgs) StdoutLine: {'line': b'-- Up-to-date: /home/cricchetto/Robomaster_WS/install/robomaster_msgs/lib/librobomaster_msgs__rosidl_generator_py.so\n'}
[4.085574] (robomaster_msgs) StdoutLine: {'line': b'-- Up-to-date: /home/cricchetto/Robomaster_WS/install/robomaster_msgs/share/robomaster_msgs/msg/WheelSpeeds.idl\n'}
[4.086374] (robomaster_msgs) StdoutLine: {'line': b'-- Up-to-date: /home/cricchetto/Robomaster_WS/install/robomaster_msgs/share/robomaster_msgs/msg/LEDEffect.idl\n'}
[4.086985] (robomaster_msgs) StdoutLine: {'line': b'-- Up-to-date: /home/cricchetto/Robomaster_WS/install/robomaster_msgs/share/robomaster_msgs/msg/ChassisStatus.idl\n'}
[4.087809] (robomaster_msgs) StdoutLine: {'line': b'-- Up-to-date: /home/cricchetto/Robomaster_WS/install/robomaster_msgs/share/robomaster_msgs/msg/SBus.idl\n'}
[4.088522] (robomaster_msgs) StdoutLine: {'line': b'-- Up-to-date: /home/cricchetto/Robomaster_WS/install/robomaster_msgs/share/robomaster_msgs/msg/PWM.idl\n'}
[4.097717] (robomaster_msgs) StdoutLine: {'line': b'-- Up-to-date: /home/cricchetto/Robomaster_WS/install/robomaster_msgs/share/robomaster_msgs/msg/GripperState.idl\n'}
[4.098505] (robomaster_msgs) StdoutLine: {'line': b'-- Up-to-date: /home/cricchetto/Robomaster_WS/install/robomaster_msgs/share/robomaster_msgs/msg/CameraConfig.idl\n'}
[4.099247] (robomaster_msgs) StdoutLine: {'line': b'-- Up-to-date: /home/cricchetto/Robomaster_WS/install/robomaster_msgs/share/robomaster_msgs/msg/ArmorHit.idl\n'}
[4.099836] (robomaster_msgs) StdoutLine: {'line': b'-- Up-to-date: /home/cricchetto/Robomaster_WS/install/robomaster_msgs/share/robomaster_msgs/msg/DetectedLine.idl\n'}
[4.100677] (robomaster_msgs) StdoutLine: {'line': b'-- Up-to-date: /home/cricchetto/Robomaster_WS/install/robomaster_msgs/share/robomaster_msgs/msg/DetectedGesture.idl\n'}
[4.101332] (robomaster_msgs) StdoutLine: {'line': b'-- Up-to-date: /home/cricchetto/Robomaster_WS/install/robomaster_msgs/share/robomaster_msgs/msg/DetectedMarker.idl\n'}
[4.102122] (robomaster_msgs) StdoutLine: {'line': b'-- Up-to-date: /home/cricchetto/Robomaster_WS/install/robomaster_msgs/share/robomaster_msgs/msg/DetectedPerson.idl\n'}
[4.102711] (robomaster_msgs) StdoutLine: {'line': b'-- Up-to-date: /home/cricchetto/Robomaster_WS/install/robomaster_msgs/share/robomaster_msgs/msg/DetectedRobot.idl\n'}
[4.103406] (robomaster_msgs) StdoutLine: {'line': b'-- Up-to-date: /home/cricchetto/Robomaster_WS/install/robomaster_msgs/share/robomaster_msgs/msg/Detection.idl\n'}
[4.104525] (robomaster_msgs) StdoutLine: {'line': b'-- Up-to-date: /home/cricchetto/Robomaster_WS/install/robomaster_msgs/share/robomaster_msgs/msg/RegionOfInterest.idl\n'}
[4.112976] (robomaster_msgs) StdoutLine: {'line': b'-- Up-to-date: /home/cricchetto/Robomaster_WS/install/robomaster_msgs/share/robomaster_msgs/msg/Serial.idl\n'}
[4.113800] (robomaster_msgs) StdoutLine: {'line': b'-- Up-to-date: /home/cricchetto/Robomaster_WS/install/robomaster_msgs/share/robomaster_msgs/msg/ServoCommand.idl\n'}
[4.114538] (robomaster_msgs) StdoutLine: {'line': b'-- Up-to-date: /home/cricchetto/Robomaster_WS/install/robomaster_msgs/share/robomaster_msgs/msg/GimbalCommand.idl\n'}
[4.115289] (robomaster_msgs) StdoutLine: {'line': b'-- Up-to-date: /home/cricchetto/Robomaster_WS/install/robomaster_msgs/share/robomaster_msgs/msg/BlasterLED.idl\n'}
[4.116087] (robomaster_msgs) StdoutLine: {'line': b'-- Up-to-date: /home/cricchetto/Robomaster_WS/install/robomaster_msgs/share/robomaster_msgs/msg/Mode.idl\n'}
[4.116884] (robomaster_msgs) StdoutLine: {'line': b'-- Up-to-date: /home/cricchetto/Robomaster_WS/install/robomaster_msgs/share/robomaster_msgs/msg/AudioData.idl\n'}
[4.117477] (robomaster_msgs) StdoutLine: {'line': b'-- Up-to-date: /home/cricchetto/Robomaster_WS/install/robomaster_msgs/share/robomaster_msgs/msg/AudioLevel.idl\n'}
[4.118287] (robomaster_msgs) StdoutLine: {'line': b'-- Up-to-date: /home/cricchetto/Robomaster_WS/install/robomaster_msgs/share/robomaster_msgs/msg/AudioOpus.idl\n'}
[4.118943] (robomaster_msgs) StdoutLine: {'line': b'-- Up-to-date: /home/cricchetto/Robomaster_WS/install/robomaster_msgs/share/robomaster_msgs/msg/H264Packet.idl\n'}
[4.120801] (robomaster_msgs) StdoutLine: {'line': b'-- Up-to-date: /home/cricchetto/Robomaster_WS/install/robomaster_msgs/share/robomaster_msgs/msg/SensorAdapter.idl\n'}
[4.125546] (robomaster_msgs) StdoutLine: {'line': b'-- Up-to-date: /home/cricchetto/Robomaster_WS/install/robomaster_msgs/share/robomaster_msgs/msg/ServoRawState.idl\n'}
[4.126188] (robomaster_msgs) StdoutLine: {'line': b'-- Up-to-date: /home/cricchetto/Robomaster_WS/install/robomaster_msgs/share/robomaster_msgs/msg/SpeakerCommand.idl\n'}
[4.131799] (robomaster_msgs) StdoutLine: {'line': b'-- Up-to-date: /home/cricchetto/Robomaster_WS/install/robomaster_msgs/share/robomaster_msgs/action/Move.idl\n'}
[4.133597] (robomaster_msgs) StdoutLine: {'line': b'-- Up-to-date: /home/cricchetto/Robomaster_WS/install/robomaster_msgs/share/robomaster_msgs/action/MoveArm.idl\n'}
[4.134566] (robomaster_msgs) StdoutLine: {'line': b'-- Up-to-date: /home/cricchetto/Robomaster_WS/install/robomaster_msgs/share/robomaster_msgs/action/GripperControl.idl\n'}
[4.136804] (robomaster_msgs) StdoutLine: {'line': b'-- Up-to-date: /home/cricchetto/Robomaster_WS/install/robomaster_msgs/share/robomaster_msgs/action/PlaySound.idl\n'}
[4.137615] (robomaster_msgs) StdoutLine: {'line': b'-- Up-to-date: /home/cricchetto/Robomaster_WS/install/robomaster_msgs/share/robomaster_msgs/action/MoveServo.idl\n'}
[4.140029] (robomaster_msgs) StdoutLine: {'line': b'-- Up-to-date: /home/cricchetto/Robomaster_WS/install/robomaster_msgs/share/robomaster_msgs/action/MoveGimbal.idl\n'}
[4.141229] (robomaster_msgs) StdoutLine: {'line': b'-- Up-to-date: /home/cricchetto/Robomaster_WS/install/robomaster_msgs/share/robomaster_msgs/action/RecenterGimbal.idl\n'}
[4.142507] (robomaster_msgs) StdoutLine: {'line': b'-- Up-to-date: /home/cricchetto/Robomaster_WS/install/robomaster_msgs/share/robomaster_msgs/srv/GetADC.idl\n'}
[4.143891] (robomaster_msgs) StdoutLine: {'line': b'-- Up-to-date: /home/cricchetto/Robomaster_WS/install/robomaster_msgs/share/robomaster_msgs/srv/GetIO.idl\n'}
[4.145873] (robomaster_msgs) StdoutLine: {'line': b'-- Up-to-date: /home/cricchetto/Robomaster_WS/install/robomaster_msgs/share/robomaster_msgs/srv/GetPulse.idl\n'}
[4.147203] (robomaster_msgs) StdoutLine: {'line': b'-- Up-to-date: /home/cricchetto/Robomaster_WS/install/robomaster_msgs/share/robomaster_msgs/srv/GetServoAngle.idl\n'}
[4.148064] (robomaster_msgs) StdoutLine: {'line': b'-- Up-to-date: /home/cricchetto/Robomaster_WS/install/robomaster_msgs/share/robomaster_msgs/msg/WheelSpeeds.msg\n'}
[4.149107] (-) TimerEvent: {}
[4.150794] (robomaster_msgs) StdoutLine: {'line': b'-- Up-to-date: /home/cricchetto/Robomaster_WS/install/robomaster_msgs/share/robomaster_msgs/msg/LEDEffect.msg\n'}
[4.151799] (robomaster_msgs) StdoutLine: {'line': b'-- Up-to-date: /home/cricchetto/Robomaster_WS/install/robomaster_msgs/share/robomaster_msgs/msg/ChassisStatus.msg\n'}
[4.153142] (robomaster_msgs) StdoutLine: {'line': b'-- Up-to-date: /home/cricchetto/Robomaster_WS/install/robomaster_msgs/share/robomaster_msgs/msg/SBus.msg\n'}
[4.153834] (robomaster_msgs) StdoutLine: {'line': b'-- Up-to-date: /home/cricchetto/Robomaster_WS/install/robomaster_msgs/share/robomaster_msgs/msg/PWM.msg\n'}
[4.154805] (robomaster_msgs) StdoutLine: {'line': b'-- Up-to-date: /home/cricchetto/Robomaster_WS/install/robomaster_msgs/share/robomaster_msgs/msg/GripperState.msg\n'}
[4.156296] (robomaster_msgs) StdoutLine: {'line': b'-- Up-to-date: /home/cricchetto/Robomaster_WS/install/robomaster_msgs/share/robomaster_msgs/msg/CameraConfig.msg\n'}
[4.156977] (robomaster_msgs) StdoutLine: {'line': b'-- Up-to-date: /home/cricchetto/Robomaster_WS/install/robomaster_msgs/share/robomaster_msgs/msg/ArmorHit.msg\n'}
[4.158359] (robomaster_msgs) StdoutLine: {'line': b'-- Up-to-date: /home/cricchetto/Robomaster_WS/install/robomaster_msgs/share/robomaster_msgs/msg/DetectedLine.msg\n'}
[4.159223] (robomaster_msgs) StdoutLine: {'line': b'-- Up-to-date: /home/cricchetto/Robomaster_WS/install/robomaster_msgs/share/robomaster_msgs/msg/DetectedGesture.msg\n'}
[4.160059] (robomaster_msgs) StdoutLine: {'line': b'-- Up-to-date: /home/cricchetto/Robomaster_WS/install/robomaster_msgs/share/robomaster_msgs/msg/DetectedMarker.msg\n'}
[4.161127] (robomaster_msgs) StdoutLine: {'line': b'-- Up-to-date: /home/cricchetto/Robomaster_WS/install/robomaster_msgs/share/robomaster_msgs/msg/DetectedPerson.msg\n'}
[4.162131] (robomaster_msgs) StdoutLine: {'line': b'-- Up-to-date: /home/cricchetto/Robomaster_WS/install/robomaster_msgs/share/robomaster_msgs/msg/DetectedRobot.msg\n'}
[4.162779] (robomaster_msgs) StdoutLine: {'line': b'-- Up-to-date: /home/cricchetto/Robomaster_WS/install/robomaster_msgs/share/robomaster_msgs/msg/Detection.msg\n'}
[4.163710] (robomaster_msgs) StdoutLine: {'line': b'-- Up-to-date: /home/cricchetto/Robomaster_WS/install/robomaster_msgs/share/robomaster_msgs/msg/RegionOfInterest.msg\n'}
[4.164311] (robomaster_msgs) StdoutLine: {'line': b'-- Up-to-date: /home/cricchetto/Robomaster_WS/install/robomaster_msgs/share/robomaster_msgs/msg/Serial.msg\n'}
[4.165054] (robomaster_msgs) StdoutLine: {'line': b'-- Up-to-date: /home/cricchetto/Robomaster_WS/install/robomaster_msgs/share/robomaster_msgs/msg/ServoCommand.msg\n'}
[4.165932] (robomaster_msgs) StdoutLine: {'line': b'-- Up-to-date: /home/cricchetto/Robomaster_WS/install/robomaster_msgs/share/robomaster_msgs/msg/GimbalCommand.msg\n'}
[4.166922] (robomaster_msgs) StdoutLine: {'line': b'-- Up-to-date: /home/cricchetto/Robomaster_WS/install/robomaster_msgs/share/robomaster_msgs/msg/BlasterLED.msg\n'}
[4.167467] (robomaster_msgs) StdoutLine: {'line': b'-- Up-to-date: /home/cricchetto/Robomaster_WS/install/robomaster_msgs/share/robomaster_msgs/msg/Mode.msg\n'}
[4.168057] (robomaster_msgs) StdoutLine: {'line': b'-- Up-to-date: /home/cricchetto/Robomaster_WS/install/robomaster_msgs/share/robomaster_msgs/msg/AudioData.msg\n'}
[4.169276] (robomaster_msgs) StdoutLine: {'line': b'-- Up-to-date: /home/cricchetto/Robomaster_WS/install/robomaster_msgs/share/robomaster_msgs/msg/AudioLevel.msg\n'}
[4.172196] (robomaster_msgs) StdoutLine: {'line': b'-- Up-to-date: /home/cricchetto/Robomaster_WS/install/robomaster_msgs/share/robomaster_msgs/msg/AudioOpus.msg\n'}
[4.173108] (robomaster_msgs) StdoutLine: {'line': b'-- Up-to-date: /home/cricchetto/Robomaster_WS/install/robomaster_msgs/share/robomaster_msgs/msg/H264Packet.msg\n'}
[4.173779] (robomaster_msgs) StdoutLine: {'line': b'-- Up-to-date: /home/cricchetto/Robomaster_WS/install/robomaster_msgs/share/robomaster_msgs/msg/SensorAdapter.msg\n'}
[4.174475] (robomaster_msgs) StdoutLine: {'line': b'-- Up-to-date: /home/cricchetto/Robomaster_WS/install/robomaster_msgs/share/robomaster_msgs/msg/ServoRawState.msg\n'}
[4.175043] (robomaster_msgs) StdoutLine: {'line': b'-- Up-to-date: /home/cricchetto/Robomaster_WS/install/robomaster_msgs/share/robomaster_msgs/msg/SpeakerCommand.msg\n'}
[4.175591] (robomaster_msgs) StdoutLine: {'line': b'-- Up-to-date: /home/cricchetto/Robomaster_WS/install/robomaster_msgs/share/robomaster_msgs/action/Move.action\n'}
[4.176411] (robomaster_msgs) StdoutLine: {'line': b'-- Up-to-date: /home/cricchetto/Robomaster_WS/install/robomaster_msgs/share/robomaster_msgs/action/MoveArm.action\n'}
[4.177168] (robomaster_msgs) StdoutLine: {'line': b'-- Up-to-date: /home/cricchetto/Robomaster_WS/install/robomaster_msgs/share/robomaster_msgs/action/GripperControl.action\n'}
[4.177898] (robomaster_msgs) StdoutLine: {'line': b'-- Up-to-date: /home/cricchetto/Robomaster_WS/install/robomaster_msgs/share/robomaster_msgs/action/PlaySound.action\n'}
[4.178500] (robomaster_msgs) StdoutLine: {'line': b'-- Up-to-date: /home/cricchetto/Robomaster_WS/install/robomaster_msgs/share/robomaster_msgs/action/MoveServo.action\n'}
[4.179069] (robomaster_msgs) StdoutLine: {'line': b'-- Up-to-date: /home/cricchetto/Robomaster_WS/install/robomaster_msgs/share/robomaster_msgs/action/MoveGimbal.action\n'}
[4.179631] (robomaster_msgs) StdoutLine: {'line': b'-- Up-to-date: /home/cricchetto/Robomaster_WS/install/robomaster_msgs/share/robomaster_msgs/action/RecenterGimbal.action\n'}
[4.180111] (robomaster_msgs) StdoutLine: {'line': b'-- Up-to-date: /home/cricchetto/Robomaster_WS/install/robomaster_msgs/share/robomaster_msgs/srv/GetADC.srv\n'}
[4.180688] (robomaster_msgs) StdoutLine: {'line': b'-- Up-to-date: /home/cricchetto/Robomaster_WS/install/robomaster_msgs/share/robomaster_msgs/srv/GetADC_Request.msg\n'}
[4.181542] (robomaster_msgs) StdoutLine: {'line': b'-- Up-to-date: /home/cricchetto/Robomaster_WS/install/robomaster_msgs/share/robomaster_msgs/srv/GetADC_Response.msg\n'}
[4.182103] (robomaster_msgs) StdoutLine: {'line': b'-- Up-to-date: /home/cricchetto/Robomaster_WS/install/robomaster_msgs/share/robomaster_msgs/srv/GetIO.srv\n'}
[4.182678] (robomaster_msgs) StdoutLine: {'line': b'-- Up-to-date: /home/cricchetto/Robomaster_WS/install/robomaster_msgs/share/robomaster_msgs/srv/GetIO_Request.msg\n'}
[4.183219] (robomaster_msgs) StdoutLine: {'line': b'-- Up-to-date: /home/cricchetto/Robomaster_WS/install/robomaster_msgs/share/robomaster_msgs/srv/GetIO_Response.msg\n'}
[4.183765] (robomaster_msgs) StdoutLine: {'line': b'-- Up-to-date: /home/cricchetto/Robomaster_WS/install/robomaster_msgs/share/robomaster_msgs/srv/GetPulse.srv\n'}
[4.184285] (robomaster_msgs) StdoutLine: {'line': b'-- Up-to-date: /home/cricchetto/Robomaster_WS/install/robomaster_msgs/share/robomaster_msgs/srv/GetPulse_Request.msg\n'}
[4.184870] (robomaster_msgs) StdoutLine: {'line': b'-- Up-to-date: /home/cricchetto/Robomaster_WS/install/robomaster_msgs/share/robomaster_msgs/srv/GetPulse_Response.msg\n'}
[4.185437] (robomaster_msgs) StdoutLine: {'line': b'-- Up-to-date: /home/cricchetto/Robomaster_WS/install/robomaster_msgs/share/robomaster_msgs/srv/GetServoAngle.srv\n'}
[4.186016] (robomaster_msgs) StdoutLine: {'line': b'-- Up-to-date: /home/cricchetto/Robomaster_WS/install/robomaster_msgs/share/robomaster_msgs/srv/GetServoAngle_Request.msg\n'}
[4.188110] (explore_lite) StdoutLine: {'line': b'-- Install configuration: ""\n'}
[4.189585] (explore_lite) StdoutLine: {'line': b'-- Up-to-date: /home/cricchetto/Robomaster_WS/install/explore_lite/include/explore/\n'}
[4.190239] (robomaster_msgs) StdoutLine: {'line': b'-- Up-to-date: /home/cricchetto/Robomaster_WS/install/robomaster_msgs/share/robomaster_msgs/srv/GetServoAngle_Response.msg\n'}
[4.190688] (robomaster_msgs) StdoutLine: {'line': b'-- Up-to-date: /home/cricchetto/Robomaster_WS/install/robomaster_msgs/share/ament_index/resource_index/package_run_dependencies/robomaster_msgs\n'}
[4.191213] (explore_lite) StdoutLine: {'line': b'-- Up-to-date: /home/cricchetto/Robomaster_WS/install/explore_lite/include/explore//frontier_search.h\n'}
[4.192305] (explore_lite) StdoutLine: {'line': b'-- Up-to-date: /home/cricchetto/Robomaster_WS/install/explore_lite/include/explore//costmap_client.h\n'}
[4.193521] (explore_lite) StdoutLine: {'line': b'-- Up-to-date: /home/cricchetto/Robomaster_WS/install/explore_lite/include/explore//costmap_tools.h\n'}
[4.194164] (robomaster_msgs) StdoutLine: {'line': b'-- Up-to-date: /home/cricchetto/Robomaster_WS/install/robomaster_msgs/share/ament_index/resource_index/parent_prefix_path/robomaster_msgs\n'}
[4.194768] (explore_lite) StdoutLine: {'line': b'-- Up-to-date: /home/cricchetto/Robomaster_WS/install/explore_lite/include/explore//explore.h\n'}
[4.195952] (robomaster_msgs) StdoutLine: {'line': b'-- Up-to-date: /home/cricchetto/Robomaster_WS/install/robomaster_msgs/share/robomaster_msgs/environment/ament_prefix_path.sh\n'}
[4.197633] (robomaster_msgs) StdoutLine: {'line': b'-- Up-to-date: /home/cricchetto/Robomaster_WS/install/robomaster_msgs/share/robomaster_msgs/environment/ament_prefix_path.dsv\n'}
[4.198364] (robomaster_msgs) StdoutLine: {'line': b'-- Up-to-date: /home/cricchetto/Robomaster_WS/install/robomaster_msgs/share/robomaster_msgs/environment/path.sh\n'}
[4.199937] (robomaster_msgs) StdoutLine: {'line': b'-- Up-to-date: /home/cricchetto/Robomaster_WS/install/robomaster_msgs/share/robomaster_msgs/environment/path.dsv\n'}
[4.201472] (robomaster_msgs) StdoutLine: {'line': b'-- Up-to-date: /home/cricchetto/Robomaster_WS/install/robomaster_msgs/share/robomaster_msgs/local_setup.bash\n'}
[4.202849] (explore_lite) StdoutLine: {'line': b'-- Up-to-date: /home/cricchetto/Robomaster_WS/install/explore_lite/share/explore_lite/config\n'}
[4.206326] (explore_lite) StdoutLine: {'line': b'-- Up-to-date: /home/cricchetto/Robomaster_WS/install/explore_lite/share/explore_lite/config/params_costmap.yaml\n'}
[4.210727] (robomaster_msgs) StdoutLine: {'line': b'-- Up-to-date: /home/cricchetto/Robomaster_WS/install/robomaster_msgs/share/robomaster_msgs/local_setup.sh\n'}
[4.211391] (explore_lite) StdoutLine: {'line': b'-- Up-to-date: /home/cricchetto/Robomaster_WS/install/explore_lite/share/explore_lite/config/params.yaml\n'}
[4.212017] (explore_lite) StdoutLine: {'line': b'-- Up-to-date: /home/cricchetto/Robomaster_WS/install/explore_lite/share/explore_lite/launch\n'}
[4.214166] (explore_lite) StdoutLine: {'line': b'-- Up-to-date: /home/cricchetto/Robomaster_WS/install/explore_lite/share/explore_lite/launch/explore.launch.py\n'}
[4.216984] (explore_lite) StdoutLine: {'line': b'-- Up-to-date: /home/cricchetto/Robomaster_WS/install/explore_lite/lib/explore_lite/explore\n'}
[4.217655] (explore_lite) StdoutLine: {'line': b'-- Up-to-date: /home/cricchetto/Robomaster_WS/install/explore_lite/share/ament_index/resource_index/package_run_dependencies/explore_lite\n'}
[4.218144] (explore_lite) StdoutLine: {'line': b'-- Up-to-date: /home/cricchetto/Robomaster_WS/install/explore_lite/share/ament_index/resource_index/parent_prefix_path/explore_lite\n'}
[4.218905] (explore_lite) StdoutLine: {'line': b'-- Up-to-date: /home/cricchetto/Robomaster_WS/install/explore_lite/share/explore_lite/environment/ament_prefix_path.sh\n'}
[4.220380] (explore_lite) StdoutLine: {'line': b'-- Up-to-date: /home/cricchetto/Robomaster_WS/install/explore_lite/share/explore_lite/environment/ament_prefix_path.dsv\n'}
[4.223283] (robomaster_msgs) StdoutLine: {'line': b'-- Up-to-date: /home/cricchetto/Robomaster_WS/install/robomaster_msgs/share/robomaster_msgs/local_setup.zsh\n'}
[4.223895] (robomaster_msgs) StdoutLine: {'line': b'-- Up-to-date: /home/cricchetto/Robomaster_WS/install/robomaster_msgs/share/robomaster_msgs/local_setup.dsv\n'}
[4.224548] (robomaster_msgs) StdoutLine: {'line': b'-- Installing: /home/cricchetto/Robomaster_WS/install/robomaster_msgs/share/robomaster_msgs/package.dsv\n'}
[4.228324] (robomaster_msgs) StdoutLine: {'line': b'-- Up-to-date: /home/cricchetto/Robomaster_WS/install/robomaster_msgs/share/ament_index/resource_index/packages/robomaster_msgs\n'}
[4.229047] (robomaster_msgs) StdoutLine: {'line': b'-- Up-to-date: /home/cricchetto/Robomaster_WS/install/robomaster_msgs/share/robomaster_msgs/cmake/export_robomaster_msgs__rosidl_generator_cExport.cmake\n'}
[4.229817] (explore_lite) StdoutLine: {'line': b'-- Up-to-date: /home/cricchetto/Robomaster_WS/install/explore_lite/share/explore_lite/environment/path.sh\n'}
[4.231217] (robomaster_msgs) StdoutLine: {'line': b'-- Up-to-date: /home/cricchetto/Robomaster_WS/install/robomaster_msgs/share/robomaster_msgs/cmake/export_robomaster_msgs__rosidl_generator_cExport-noconfig.cmake\n'}
[4.234241] (robomaster_msgs) StdoutLine: {'line': b'-- Up-to-date: /home/cricchetto/Robomaster_WS/install/robomaster_msgs/share/robomaster_msgs/cmake/export_robomaster_msgs__rosidl_typesupport_fastrtps_cExport.cmake\n'}
[4.234965] (robomaster_msgs) StdoutLine: {'line': b'-- Up-to-date: /home/cricchetto/Robomaster_WS/install/robomaster_msgs/share/robomaster_msgs/cmake/export_robomaster_msgs__rosidl_typesupport_fastrtps_cExport-noconfig.cmake\n'}
[4.236134] (robomaster_msgs) StdoutLine: {'line': b'-- Up-to-date: /home/cricchetto/Robomaster_WS/install/robomaster_msgs/share/robomaster_msgs/cmake/robomaster_msgs__rosidl_typesupport_introspection_cExport.cmake\n'}
[4.237135] (robomaster_msgs) StdoutLine: {'line': b'-- Up-to-date: /home/cricchetto/Robomaster_WS/install/robomaster_msgs/share/robomaster_msgs/cmake/robomaster_msgs__rosidl_typesupport_introspection_cExport-noconfig.cmake\n'}
[4.237683] (explore_lite) StdoutLine: {'line': b'-- Up-to-date: /home/cricchetto/Robomaster_WS/install/explore_lite/share/explore_lite/environment/path.dsv\n'}
[4.238407] (explore_lite) StdoutLine: {'line': b'-- Up-to-date: /home/cricchetto/Robomaster_WS/install/explore_lite/share/explore_lite/local_setup.bash\n'}
[4.239297] (explore_lite) StdoutLine: {'line': b'-- Up-to-date: /home/cricchetto/Robomaster_WS/install/explore_lite/share/explore_lite/local_setup.sh\n'}
[4.239879] (robomaster_msgs) StdoutLine: {'line': b'-- Up-to-date: /home/cricchetto/Robomaster_WS/install/robomaster_msgs/share/robomaster_msgs/cmake/robomaster_msgs__rosidl_typesupport_cExport.cmake\n'}
[4.240629] (explore_lite) StdoutLine: {'line': b'-- Up-to-date: /home/cricchetto/Robomaster_WS/install/explore_lite/share/explore_lite/local_setup.zsh\n'}
[4.241702] (explore_lite) StdoutLine: {'line': b'-- Up-to-date: /home/cricchetto/Robomaster_WS/install/explore_lite/share/explore_lite/local_setup.dsv\n'}
[4.245656] (robomaster_msgs) StdoutLine: {'line': b'-- Up-to-date: /home/cricchetto/Robomaster_WS/install/robomaster_msgs/share/robomaster_msgs/cmake/robomaster_msgs__rosidl_typesupport_cExport-noconfig.cmake\n'}
[4.246359] (explore_lite) StdoutLine: {'line': b'-- Installing: /home/cricchetto/Robomaster_WS/install/explore_lite/share/explore_lite/package.dsv\n'}
[4.247036] (robomaster_msgs) StdoutLine: {'line': b'-- Up-to-date: /home/cricchetto/Robomaster_WS/install/robomaster_msgs/share/robomaster_msgs/cmake/export_robomaster_msgs__rosidl_generator_cppExport.cmake\n'}
[4.247727] (explore_lite) StdoutLine: {'line': b'-- Up-to-date: /home/cricchetto/Robomaster_WS/install/explore_lite/share/ament_index/resource_index/packages/explore_lite\n'}
[4.248354] (explore_lite) StdoutLine: {'line': b'-- Up-to-date: /home/cricchetto/Robomaster_WS/install/explore_lite/share/explore_lite/cmake/ament_cmake_export_include_directories-extras.cmake\n'}
[4.249111] (-) TimerEvent: {}
[4.250599] (explore_lite) StdoutLine: {'line': b'-- Up-to-date: /home/cricchetto/Robomaster_WS/install/explore_lite/share/explore_lite/cmake/explore_liteConfig.cmake\n'}
[4.251172] (robomaster_msgs) StdoutLine: {'line': b'-- Up-to-date: /home/cricchetto/Robomaster_WS/install/robomaster_msgs/share/robomaster_msgs/cmake/export_robomaster_msgs__rosidl_typesupport_fastrtps_cppExport.cmake\n'}
[4.251889] (explore_lite) StdoutLine: {'line': b'-- Up-to-date: /home/cricchetto/Robomaster_WS/install/explore_lite/share/explore_lite/cmake/explore_liteConfig-version.cmake\n'}
[4.253031] (explore_lite) StdoutLine: {'line': b'-- Up-to-date: /home/cricchetto/Robomaster_WS/install/explore_lite/share/explore_lite/package.xml\n'}
[4.253588] (robomaster_msgs) StdoutLine: {'line': b'-- Up-to-date: /home/cricchetto/Robomaster_WS/install/robomaster_msgs/share/robomaster_msgs/cmake/export_robomaster_msgs__rosidl_typesupport_fastrtps_cppExport-noconfig.cmake\n'}
[4.254268] (robomaster_msgs) StdoutLine: {'line': b'-- Up-to-date: /home/cricchetto/Robomaster_WS/install/robomaster_msgs/share/robomaster_msgs/cmake/robomaster_msgs__rosidl_typesupport_introspection_cppExport.cmake\n'}
[4.255002] (robomaster_msgs) StdoutLine: {'line': b'-- Up-to-date: /home/cricchetto/Robomaster_WS/install/robomaster_msgs/share/robomaster_msgs/cmake/robomaster_msgs__rosidl_typesupport_introspection_cppExport-noconfig.cmake\n'}
[4.255690] (robomaster_msgs) StdoutLine: {'line': b'-- Up-to-date: /home/cricchetto/Robomaster_WS/install/robomaster_msgs/share/robomaster_msgs/cmake/robomaster_msgs__rosidl_typesupport_cppExport.cmake\n'}
[4.256385] (robomaster_msgs) StdoutLine: {'line': b'-- Up-to-date: /home/cricchetto/Robomaster_WS/install/robomaster_msgs/share/robomaster_msgs/cmake/robomaster_msgs__rosidl_typesupport_cppExport-noconfig.cmake\n'}
[4.256947] (robomaster_msgs) StdoutLine: {'line': b'-- Up-to-date: /home/cricchetto/Robomaster_WS/install/robomaster_msgs/share/robomaster_msgs/cmake/export_robomaster_msgs__rosidl_generator_pyExport.cmake\n'}
[4.257505] (robomaster_msgs) StdoutLine: {'line': b'-- Up-to-date: /home/cricchetto/Robomaster_WS/install/robomaster_msgs/share/robomaster_msgs/cmake/export_robomaster_msgs__rosidl_generator_pyExport-noconfig.cmake\n'}
[4.258217] (robomaster_msgs) StdoutLine: {'line': b'-- Up-to-date: /home/cricchetto/Robomaster_WS/install/robomaster_msgs/share/robomaster_msgs/cmake/rosidl_cmake-extras.cmake\n'}
[4.260725] (robomaster_msgs) StdoutLine: {'line': b'-- Up-to-date: /home/cricchetto/Robomaster_WS/install/robomaster_msgs/share/robomaster_msgs/cmake/ament_cmake_export_dependencies-extras.cmake\n'}
[4.263833] (robomaster_msgs) StdoutLine: {'line': b'-- Up-to-date: /home/cricchetto/Robomaster_WS/install/robomaster_msgs/share/robomaster_msgs/cmake/ament_cmake_export_include_directories-extras.cmake\n'}
[4.265389] (robomaster_msgs) StdoutLine: {'line': b'-- Up-to-date: /home/cricchetto/Robomaster_WS/install/robomaster_msgs/share/robomaster_msgs/cmake/ament_cmake_export_libraries-extras.cmake\n'}
[4.266066] (explore_lite) CommandEnded: {'returncode': 0}
[4.267642] (robomaster_msgs) StdoutLine: {'line': b'-- Up-to-date: /home/cricchetto/Robomaster_WS/install/robomaster_msgs/share/robomaster_msgs/cmake/ament_cmake_export_targets-extras.cmake\n'}
[4.269105] (robomaster_msgs) StdoutLine: {'line': b'-- Up-to-date: /home/cricchetto/Robomaster_WS/install/robomaster_msgs/share/robomaster_msgs/cmake/rosidl_cmake_export_typesupport_targets-extras.cmake\n'}
[4.270987] (robomaster_msgs) StdoutLine: {'line': b'-- Up-to-date: /home/cricchetto/Robomaster_WS/install/robomaster_msgs/share/robomaster_msgs/cmake/rosidl_cmake_export_typesupport_libraries-extras.cmake\n'}
[4.271801] (robomaster_msgs) StdoutLine: {'line': b'-- Up-to-date: /home/cricchetto/Robomaster_WS/install/robomaster_msgs/share/robomaster_msgs/cmake/robomaster_msgsConfig.cmake\n'}
[4.272418] (robomaster_msgs) StdoutLine: {'line': b'-- Up-to-date: /home/cricchetto/Robomaster_WS/install/robomaster_msgs/share/robomaster_msgs/cmake/robomaster_msgsConfig-version.cmake\n'}
[4.273679] (robomaster_msgs) StdoutLine: {'line': b'-- Up-to-date: /home/cricchetto/Robomaster_WS/install/robomaster_msgs/share/robomaster_msgs/package.xml\n'}
[4.295771] (explore_lite) JobEnded: {'identifier': 'explore_lite', 'rc': 0}
[4.301641] (multirobot_map_merge) JobStarted: {'identifier': 'multirobot_map_merge'}
[4.329338] (robomaster_msgs) CommandEnded: {'returncode': 0}
[4.349712] (-) TimerEvent: {}
[4.429536] (robomaster_msgs) JobEnded: {'identifier': 'robomaster_msgs', 'rc': 0}
[4.435849] (robomaster_description) JobStarted: {'identifier': 'robomaster_description'}
[4.450091] (-) TimerEvent: {}
[4.467739] (multirobot_map_merge) JobProgress: {'identifier': 'multirobot_map_merge', 'progress': 'cmake'}
[4.472663] (multirobot_map_merge) JobProgress: {'identifier': 'multirobot_map_merge', 'progress': 'build'}
[4.474471] (multirobot_map_merge) Command: {'cmd': ['/usr/bin/cmake', '--build', '/home/cricchetto/Robomaster_WS/build/multirobot_map_merge', '--', '-j4', '-l4'], 'cwd': '/home/cricchetto/Robomaster_WS/build/multirobot_map_merge', 'env': OrderedDict([('LESSOPEN', '| /usr/bin/lesspipe %s'), ('USER', 'cricchetto'), ('SSH_CLIENT', '172.18.147.201 55818 22'), ('LC_TIME', 'es_AR.UTF-8'), ('XDG_SESSION_TYPE', 'tty'), ('SHLVL', '2'), ('LD_LIBRARY_PATH', '/home/cricchetto/Robomaster_WS/install/robomaster_msgs/lib:/home/cricchetto/Robomaster_WS/install/dwb_msgs/lib:/home/cricchetto/Robomaster_WS/install/nav_2d_msgs/lib:/home/cricchetto/Robomaster_WS/install/nav2_voxel_grid/lib:/home/cricchetto/Robomaster_WS/install/nav2_msgs/lib:/home/cricchetto/Robomaster_WS/install/multirobot_map_merge/lib:/opt/ros/humble/opt/rviz_ogre_vendor/lib:/opt/ros/humble/lib/aarch64-linux-gnu:/opt/ros/humble/lib'), ('MOTD_SHOWN', 'pam'), ('HOME', '/home/cricchetto'), ('OLDPWD', '/home/cricchetto'), ('SSH_TTY', '/dev/pts/0'), ('ROS_PYTHON_VERSION', '3'), ('LC_MONETARY', 'es_AR.UTF-8'), ('DBUS_SESSION_BUS_ADDRESS', 'unix:path=/run/user/1000/bus'), ('COLCON_PREFIX_PATH', '/home/cricchetto/Robomaster_WS/install'), ('ROS_DISTRO', 'humble'), ('LOGNAME', 'cricchetto'), ('_', '/usr/bin/colcon'), ('ROS_VERSION', '2'), ('XDG_SESSION_CLASS', 'user'), ('TERM', 'xterm-256color'), ('XDG_SESSION_ID', '1'), ('ROS_LOCALHOST_ONLY', '0'), ('PATH', '/home/cricchetto/.local/bin:/opt/ros/humble/bin:/usr/local/sbin:/usr/local/bin:/usr/sbin:/usr/bin:/sbin:/bin:/usr/games:/usr/local/games:/snap/bin:/home/cricchettoSD/.local/bin'), ('LC_ADDRESS', 'es_AR.UTF-8'), ('XDG_RUNTIME_DIR', '/run/user/1000'), ('DISPLAY', 'localhost:10.0'), ('LANG', 'en_US.UTF-8'), ('LC_TELEPHONE', 'es_AR.UTF-8'), ('LS_COLORS', 'rs=0:di=01;34:ln=01;36:mh=00:pi=40;33:so=01;35:do=01;35:bd=40;33;01:cd=40;33;01:or=40;31;01:mi=00:su=37;41:sg=30;43:ca=30;41:tw=30;42:ow=34;42:st=37;44:ex=01;32:*.tar=01;31:*.tgz=01;31:*.arc=01;31:*.arj=01;31:*.taz=01;31:*.lha=01;31:*.lz4=01;31:*.lzh=01;31:*.lzma=01;31:*.tlz=01;31:*.txz=01;31:*.tzo=01;31:*.t7z=01;31:*.zip=01;31:*.z=01;31:*.dz=01;31:*.gz=01;31:*.lrz=01;31:*.lz=01;31:*.lzo=01;31:*.xz=01;31:*.zst=01;31:*.tzst=01;31:*.bz2=01;31:*.bz=01;31:*.tbz=01;31:*.tbz2=01;31:*.tz=01;31:*.deb=01;31:*.rpm=01;31:*.jar=01;31:*.war=01;31:*.ear=01;31:*.sar=01;31:*.rar=01;31:*.alz=01;31:*.ace=01;31:*.zoo=01;31:*.cpio=01;31:*.7z=01;31:*.rz=01;31:*.cab=01;31:*.wim=01;31:*.swm=01;31:*.dwm=01;31:*.esd=01;31:*.jpg=01;35:*.jpeg=01;35:*.mjpg=01;35:*.mjpeg=01;35:*.gif=01;35:*.bmp=01;35:*.pbm=01;35:*.pgm=01;35:*.ppm=01;35:*.tga=01;35:*.xbm=01;35:*.xpm=01;35:*.tif=01;35:*.tiff=01;35:*.png=01;35:*.svg=01;35:*.svgz=01;35:*.mng=01;35:*.pcx=01;35:*.mov=01;35:*.mpg=01;35:*.mpeg=01;35:*.m2v=01;35:*.mkv=01;35:*.webm=01;35:*.webp=01;35:*.ogm=01;35:*.mp4=01;35:*.m4v=01;35:*.mp4v=01;35:*.vob=01;35:*.qt=01;35:*.nuv=01;35:*.wmv=01;35:*.asf=01;35:*.rm=01;35:*.rmvb=01;35:*.flc=01;35:*.avi=01;35:*.fli=01;35:*.flv=01;35:*.gl=01;35:*.dl=01;35:*.xcf=01;35:*.xwd=01;35:*.yuv=01;35:*.cgm=01;35:*.emf=01;35:*.ogv=01;35:*.ogx=01;35:*.aac=00;36:*.au=00;36:*.flac=00;36:*.m4a=00;36:*.mid=00;36:*.midi=00;36:*.mka=00;36:*.mp3=00;36:*.mpc=00;36:*.ogg=00;36:*.ra=00;36:*.wav=00;36:*.oga=00;36:*.opus=00;36:*.spx=00;36:*.xspf=00;36:'), ('AMENT_PREFIX_PATH', '/home/cricchetto/Robomaster_WS/install/sllidar_ros2:/home/cricchetto/Robomaster_WS/install/robomaster_ros:/home/cricchetto/Robomaster_WS/install/robomaster_msgs:/home/cricchetto/Robomaster_WS/install/robomaster_description:/home/cricchetto/Robomaster_WS/install/dwb_msgs:/home/cricchetto/Robomaster_WS/install/nav_2d_msgs:/home/cricchetto/Robomaster_WS/install/nav2_voxel_grid:/home/cricchetto/Robomaster_WS/install/nav2_simple_commander:/home/cricchetto/Robomaster_WS/install/explore_lite:/home/cricchetto/Robomaster_WS/install/nav2_msgs:/home/cricchetto/Robomaster_WS/install/nav2_common:/home/cricchetto/Robomaster_WS/install/multirobot_map_merge:/home/cricchetto/Robomaster_WS/install/ep_control:/home/cricchetto/Robomaster_WS/install/drift:/opt/ros/humble'), ('SHELL', '/bin/bash'), ('LC_NAME', 'es_AR.UTF-8'), ('LESSCLOSE', '/usr/bin/lesspipe %s %s'), ('LC_MEASUREMENT', 'es_AR.UTF-8'), ('LC_IDENTIFICATION', 'es_AR.UTF-8'), ('PWD', '/home/cricchetto/Robomaster_WS/build/multirobot_map_merge'), ('LC_ALL', 'en_US.UTF-8'), ('SSH_CONNECTION', '172.18.147.201 55818 172.18.147.143 22'), ('PYTHONPATH', '/home/cricchetto/Robomaster_WS/install/robomaster_ros/lib/python3.10/site-packages:/home/cricchetto/Robomaster_WS/install/robomaster_msgs/local/lib/python3.10/dist-packages:/home/cricchetto/Robomaster_WS/install/dwb_msgs/local/lib/python3.10/dist-packages:/home/cricchetto/Robomaster_WS/install/nav_2d_msgs/local/lib/python3.10/dist-packages:/home/cricchetto/Robomaster_WS/install/nav2_simple_commander/lib/python3.10/site-packages:/home/cricchetto/Robomaster_WS/install/nav2_msgs/local/lib/python3.10/dist-packages:/home/cricchetto/Robomaster_WS/install/nav2_common/local/lib/python3.10/dist-packages:/home/cricchetto/Robomaster_WS/install/ep_control/lib/python3.10/site-packages:/home/cricchetto/Robomaster_WS/install/drift/lib/python3.10/site-packages:/opt/ros/humble/lib/python3.10/site-packages:/opt/ros/humble/local/lib/python3.10/dist-packages'), ('LC_NUMERIC', 'es_AR.UTF-8'), ('LC_PAPER', 'es_AR.UTF-8'), ('COLCON', '1'), ('CMAKE_PREFIX_PATH', '/home/cricchetto/Robomaster_WS/install/sllidar_ros2:/home/cricchetto/Robomaster_WS/install/robomaster_msgs:/home/cricchetto/Robomaster_WS/install/robomaster_description:/home/cricchetto/Robomaster_WS/install/dwb_msgs:/home/cricchetto/Robomaster_WS/install/nav_2d_msgs:/home/cricchetto/Robomaster_WS/install/nav2_voxel_grid:/home/cricchetto/Robomaster_WS/install/explore_lite:/home/cricchetto/Robomaster_WS/install/nav2_msgs:/home/cricchetto/Robomaster_WS/install/nav2_common:/home/cricchetto/Robomaster_WS/install/multirobot_map_merge:/home/cricchetto/Robomaster_WS/install/robomaster_ros:/home/cricchetto/Robomaster_WS/install/nav2_simple_commander:/home/cricchetto/Robomaster_WS/install/ep_control:/home/cricchetto/Robomaster_WS/install/drift:/opt/ros/humble')]), 'shell': False}
[4.501708] (robomaster_description) JobProgress: {'identifier': 'robomaster_description', 'progress': 'cmake'}
[4.505460] (robomaster_description) JobProgress: {'identifier': 'robomaster_description', 'progress': 'build'}
[4.506936] (robomaster_description) Command: {'cmd': ['/usr/bin/cmake', '--build', '/home/cricchetto/Robomaster_WS/build/robomaster_description', '--', '-j4', '-l4'], 'cwd': '/home/cricchetto/Robomaster_WS/build/robomaster_description', 'env': OrderedDict([('LESSOPEN', '| /usr/bin/lesspipe %s'), ('USER', 'cricchetto'), ('SSH_CLIENT', '172.18.147.201 55818 22'), ('LC_TIME', 'es_AR.UTF-8'), ('XDG_SESSION_TYPE', 'tty'), ('SHLVL', '2'), ('LD_LIBRARY_PATH', '/home/cricchetto/Robomaster_WS/install/robomaster_msgs/lib:/home/cricchetto/Robomaster_WS/install/dwb_msgs/lib:/home/cricchetto/Robomaster_WS/install/nav_2d_msgs/lib:/home/cricchetto/Robomaster_WS/install/nav2_voxel_grid/lib:/home/cricchetto/Robomaster_WS/install/nav2_msgs/lib:/home/cricchetto/Robomaster_WS/install/multirobot_map_merge/lib:/opt/ros/humble/opt/rviz_ogre_vendor/lib:/opt/ros/humble/lib/aarch64-linux-gnu:/opt/ros/humble/lib'), ('MOTD_SHOWN', 'pam'), ('HOME', '/home/cricchetto'), ('OLDPWD', '/home/cricchetto'), ('SSH_TTY', '/dev/pts/0'), ('ROS_PYTHON_VERSION', '3'), ('LC_MONETARY', 'es_AR.UTF-8'), ('DBUS_SESSION_BUS_ADDRESS', 'unix:path=/run/user/1000/bus'), ('COLCON_PREFIX_PATH', '/home/cricchetto/Robomaster_WS/install'), ('ROS_DISTRO', 'humble'), ('LOGNAME', 'cricchetto'), ('_', '/usr/bin/colcon'), ('ROS_VERSION', '2'), ('XDG_SESSION_CLASS', 'user'), ('TERM', 'xterm-256color'), ('XDG_SESSION_ID', '1'), ('ROS_LOCALHOST_ONLY', '0'), ('PATH', '/home/cricchetto/.local/bin:/opt/ros/humble/bin:/usr/local/sbin:/usr/local/bin:/usr/sbin:/usr/bin:/sbin:/bin:/usr/games:/usr/local/games:/snap/bin:/home/cricchettoSD/.local/bin'), ('LC_ADDRESS', 'es_AR.UTF-8'), ('XDG_RUNTIME_DIR', '/run/user/1000'), ('DISPLAY', 'localhost:10.0'), ('LANG', 'en_US.UTF-8'), ('LC_TELEPHONE', 'es_AR.UTF-8'), ('LS_COLORS', 'rs=0:di=01;34:ln=01;36:mh=00:pi=40;33:so=01;35:do=01;35:bd=40;33;01:cd=40;33;01:or=40;31;01:mi=00:su=37;41:sg=30;43:ca=30;41:tw=30;42:ow=34;42:st=37;44:ex=01;32:*.tar=01;31:*.tgz=01;31:*.arc=01;31:*.arj=01;31:*.taz=01;31:*.lha=01;31:*.lz4=01;31:*.lzh=01;31:*.lzma=01;31:*.tlz=01;31:*.txz=01;31:*.tzo=01;31:*.t7z=01;31:*.zip=01;31:*.z=01;31:*.dz=01;31:*.gz=01;31:*.lrz=01;31:*.lz=01;31:*.lzo=01;31:*.xz=01;31:*.zst=01;31:*.tzst=01;31:*.bz2=01;31:*.bz=01;31:*.tbz=01;31:*.tbz2=01;31:*.tz=01;31:*.deb=01;31:*.rpm=01;31:*.jar=01;31:*.war=01;31:*.ear=01;31:*.sar=01;31:*.rar=01;31:*.alz=01;31:*.ace=01;31:*.zoo=01;31:*.cpio=01;31:*.7z=01;31:*.rz=01;31:*.cab=01;31:*.wim=01;31:*.swm=01;31:*.dwm=01;31:*.esd=01;31:*.jpg=01;35:*.jpeg=01;35:*.mjpg=01;35:*.mjpeg=01;35:*.gif=01;35:*.bmp=01;35:*.pbm=01;35:*.pgm=01;35:*.ppm=01;35:*.tga=01;35:*.xbm=01;35:*.xpm=01;35:*.tif=01;35:*.tiff=01;35:*.png=01;35:*.svg=01;35:*.svgz=01;35:*.mng=01;35:*.pcx=01;35:*.mov=01;35:*.mpg=01;35:*.mpeg=01;35:*.m2v=01;35:*.mkv=01;35:*.webm=01;35:*.webp=01;35:*.ogm=01;35:*.mp4=01;35:*.m4v=01;35:*.mp4v=01;35:*.vob=01;35:*.qt=01;35:*.nuv=01;35:*.wmv=01;35:*.asf=01;35:*.rm=01;35:*.rmvb=01;35:*.flc=01;35:*.avi=01;35:*.fli=01;35:*.flv=01;35:*.gl=01;35:*.dl=01;35:*.xcf=01;35:*.xwd=01;35:*.yuv=01;35:*.cgm=01;35:*.emf=01;35:*.ogv=01;35:*.ogx=01;35:*.aac=00;36:*.au=00;36:*.flac=00;36:*.m4a=00;36:*.mid=00;36:*.midi=00;36:*.mka=00;36:*.mp3=00;36:*.mpc=00;36:*.ogg=00;36:*.ra=00;36:*.wav=00;36:*.oga=00;36:*.opus=00;36:*.spx=00;36:*.xspf=00;36:'), ('AMENT_PREFIX_PATH', '/home/cricchetto/Robomaster_WS/install/sllidar_ros2:/home/cricchetto/Robomaster_WS/install/robomaster_ros:/home/cricchetto/Robomaster_WS/install/robomaster_msgs:/home/cricchetto/Robomaster_WS/install/robomaster_description:/home/cricchetto/Robomaster_WS/install/dwb_msgs:/home/cricchetto/Robomaster_WS/install/nav_2d_msgs:/home/cricchetto/Robomaster_WS/install/nav2_voxel_grid:/home/cricchetto/Robomaster_WS/install/nav2_simple_commander:/home/cricchetto/Robomaster_WS/install/explore_lite:/home/cricchetto/Robomaster_WS/install/nav2_msgs:/home/cricchetto/Robomaster_WS/install/nav2_common:/home/cricchetto/Robomaster_WS/install/multirobot_map_merge:/home/cricchetto/Robomaster_WS/install/ep_control:/home/cricchetto/Robomaster_WS/install/drift:/opt/ros/humble'), ('SHELL', '/bin/bash'), ('LC_NAME', 'es_AR.UTF-8'), ('LESSCLOSE', '/usr/bin/lesspipe %s %s'), ('LC_MEASUREMENT', 'es_AR.UTF-8'), ('LC_IDENTIFICATION', 'es_AR.UTF-8'), ('PWD', '/home/cricchetto/Robomaster_WS/build/robomaster_description'), ('LC_ALL', 'en_US.UTF-8'), ('SSH_CONNECTION', '172.18.147.201 55818 172.18.147.143 22'), ('PYTHONPATH', '/home/cricchetto/Robomaster_WS/install/robomaster_ros/lib/python3.10/site-packages:/home/cricchetto/Robomaster_WS/install/robomaster_msgs/local/lib/python3.10/dist-packages:/home/cricchetto/Robomaster_WS/install/dwb_msgs/local/lib/python3.10/dist-packages:/home/cricchetto/Robomaster_WS/install/nav_2d_msgs/local/lib/python3.10/dist-packages:/home/cricchetto/Robomaster_WS/install/nav2_simple_commander/lib/python3.10/site-packages:/home/cricchetto/Robomaster_WS/install/nav2_msgs/local/lib/python3.10/dist-packages:/home/cricchetto/Robomaster_WS/install/nav2_common/local/lib/python3.10/dist-packages:/home/cricchetto/Robomaster_WS/install/ep_control/lib/python3.10/site-packages:/home/cricchetto/Robomaster_WS/install/drift/lib/python3.10/site-packages:/opt/ros/humble/lib/python3.10/site-packages:/opt/ros/humble/local/lib/python3.10/dist-packages'), ('LC_NUMERIC', 'es_AR.UTF-8'), ('LC_PAPER', 'es_AR.UTF-8'), ('COLCON', '1'), ('CMAKE_PREFIX_PATH', '/home/cricchetto/Robomaster_WS/install/sllidar_ros2:/home/cricchetto/Robomaster_WS/install/robomaster_msgs:/home/cricchetto/Robomaster_WS/install/robomaster_description:/home/cricchetto/Robomaster_WS/install/dwb_msgs:/home/cricchetto/Robomaster_WS/install/nav_2d_msgs:/home/cricchetto/Robomaster_WS/install/nav2_voxel_grid:/home/cricchetto/Robomaster_WS/install/explore_lite:/home/cricchetto/Robomaster_WS/install/nav2_msgs:/home/cricchetto/Robomaster_WS/install/nav2_common:/home/cricchetto/Robomaster_WS/install/multirobot_map_merge:/home/cricchetto/Robomaster_WS/install/robomaster_ros:/home/cricchetto/Robomaster_WS/install/nav2_simple_commander:/home/cricchetto/Robomaster_WS/install/ep_control:/home/cricchetto/Robomaster_WS/install/drift:/opt/ros/humble')]), 'shell': False}
[4.550324] (-) TimerEvent: {}
[4.651207] (-) TimerEvent: {}
[4.738311] (robomaster_description) CommandEnded: {'returncode': 0}
[4.758822] (robomaster_description) JobProgress: {'identifier': 'robomaster_description', 'progress': 'install'}
[4.759039] (-) TimerEvent: {}
[4.759531] (robomaster_description) Command: {'cmd': ['/usr/bin/cmake', '--install', '/home/cricchetto/Robomaster_WS/build/robomaster_description'], 'cwd': '/home/cricchetto/Robomaster_WS/build/robomaster_description', 'env': OrderedDict([('LESSOPEN', '| /usr/bin/lesspipe %s'), ('USER', 'cricchetto'), ('SSH_CLIENT', '172.18.147.201 55818 22'), ('LC_TIME', 'es_AR.UTF-8'), ('XDG_SESSION_TYPE', 'tty'), ('SHLVL', '2'), ('LD_LIBRARY_PATH', '/home/cricchetto/Robomaster_WS/install/robomaster_msgs/lib:/home/cricchetto/Robomaster_WS/install/dwb_msgs/lib:/home/cricchetto/Robomaster_WS/install/nav_2d_msgs/lib:/home/cricchetto/Robomaster_WS/install/nav2_voxel_grid/lib:/home/cricchetto/Robomaster_WS/install/nav2_msgs/lib:/home/cricchetto/Robomaster_WS/install/multirobot_map_merge/lib:/opt/ros/humble/opt/rviz_ogre_vendor/lib:/opt/ros/humble/lib/aarch64-linux-gnu:/opt/ros/humble/lib'), ('MOTD_SHOWN', 'pam'), ('HOME', '/home/cricchetto'), ('OLDPWD', '/home/cricchetto'), ('SSH_TTY', '/dev/pts/0'), ('ROS_PYTHON_VERSION', '3'), ('LC_MONETARY', 'es_AR.UTF-8'), ('DBUS_SESSION_BUS_ADDRESS', 'unix:path=/run/user/1000/bus'), ('COLCON_PREFIX_PATH', '/home/cricchetto/Robomaster_WS/install'), ('ROS_DISTRO', 'humble'), ('LOGNAME', 'cricchetto'), ('_', '/usr/bin/colcon'), ('ROS_VERSION', '2'), ('XDG_SESSION_CLASS', 'user'), ('TERM', 'xterm-256color'), ('XDG_SESSION_ID', '1'), ('ROS_LOCALHOST_ONLY', '0'), ('PATH', '/home/cricchetto/.local/bin:/opt/ros/humble/bin:/usr/local/sbin:/usr/local/bin:/usr/sbin:/usr/bin:/sbin:/bin:/usr/games:/usr/local/games:/snap/bin:/home/cricchettoSD/.local/bin'), ('LC_ADDRESS', 'es_AR.UTF-8'), ('XDG_RUNTIME_DIR', '/run/user/1000'), ('DISPLAY', 'localhost:10.0'), ('LANG', 'en_US.UTF-8'), ('LC_TELEPHONE', 'es_AR.UTF-8'), ('LS_COLORS', 'rs=0:di=01;34:ln=01;36:mh=00:pi=40;33:so=01;35:do=01;35:bd=40;33;01:cd=40;33;01:or=40;31;01:mi=00:su=37;41:sg=30;43:ca=30;41:tw=30;42:ow=34;42:st=37;44:ex=01;32:*.tar=01;31:*.tgz=01;31:*.arc=01;31:*.arj=01;31:*.taz=01;31:*.lha=01;31:*.lz4=01;31:*.lzh=01;31:*.lzma=01;31:*.tlz=01;31:*.txz=01;31:*.tzo=01;31:*.t7z=01;31:*.zip=01;31:*.z=01;31:*.dz=01;31:*.gz=01;31:*.lrz=01;31:*.lz=01;31:*.lzo=01;31:*.xz=01;31:*.zst=01;31:*.tzst=01;31:*.bz2=01;31:*.bz=01;31:*.tbz=01;31:*.tbz2=01;31:*.tz=01;31:*.deb=01;31:*.rpm=01;31:*.jar=01;31:*.war=01;31:*.ear=01;31:*.sar=01;31:*.rar=01;31:*.alz=01;31:*.ace=01;31:*.zoo=01;31:*.cpio=01;31:*.7z=01;31:*.rz=01;31:*.cab=01;31:*.wim=01;31:*.swm=01;31:*.dwm=01;31:*.esd=01;31:*.jpg=01;35:*.jpeg=01;35:*.mjpg=01;35:*.mjpeg=01;35:*.gif=01;35:*.bmp=01;35:*.pbm=01;35:*.pgm=01;35:*.ppm=01;35:*.tga=01;35:*.xbm=01;35:*.xpm=01;35:*.tif=01;35:*.tiff=01;35:*.png=01;35:*.svg=01;35:*.svgz=01;35:*.mng=01;35:*.pcx=01;35:*.mov=01;35:*.mpg=01;35:*.mpeg=01;35:*.m2v=01;35:*.mkv=01;35:*.webm=01;35:*.webp=01;35:*.ogm=01;35:*.mp4=01;35:*.m4v=01;35:*.mp4v=01;35:*.vob=01;35:*.qt=01;35:*.nuv=01;35:*.wmv=01;35:*.asf=01;35:*.rm=01;35:*.rmvb=01;35:*.flc=01;35:*.avi=01;35:*.fli=01;35:*.flv=01;35:*.gl=01;35:*.dl=01;35:*.xcf=01;35:*.xwd=01;35:*.yuv=01;35:*.cgm=01;35:*.emf=01;35:*.ogv=01;35:*.ogx=01;35:*.aac=00;36:*.au=00;36:*.flac=00;36:*.m4a=00;36:*.mid=00;36:*.midi=00;36:*.mka=00;36:*.mp3=00;36:*.mpc=00;36:*.ogg=00;36:*.ra=00;36:*.wav=00;36:*.oga=00;36:*.opus=00;36:*.spx=00;36:*.xspf=00;36:'), ('AMENT_PREFIX_PATH', '/home/cricchetto/Robomaster_WS/install/sllidar_ros2:/home/cricchetto/Robomaster_WS/install/robomaster_ros:/home/cricchetto/Robomaster_WS/install/robomaster_msgs:/home/cricchetto/Robomaster_WS/install/robomaster_description:/home/cricchetto/Robomaster_WS/install/dwb_msgs:/home/cricchetto/Robomaster_WS/install/nav_2d_msgs:/home/cricchetto/Robomaster_WS/install/nav2_voxel_grid:/home/cricchetto/Robomaster_WS/install/nav2_simple_commander:/home/cricchetto/Robomaster_WS/install/explore_lite:/home/cricchetto/Robomaster_WS/install/nav2_msgs:/home/cricchetto/Robomaster_WS/install/nav2_common:/home/cricchetto/Robomaster_WS/install/multirobot_map_merge:/home/cricchetto/Robomaster_WS/install/ep_control:/home/cricchetto/Robomaster_WS/install/drift:/opt/ros/humble'), ('SHELL', '/bin/bash'), ('LC_NAME', 'es_AR.UTF-8'), ('LESSCLOSE', '/usr/bin/lesspipe %s %s'), ('LC_MEASUREMENT', 'es_AR.UTF-8'), ('LC_IDENTIFICATION', 'es_AR.UTF-8'), ('PWD', '/home/cricchetto/Robomaster_WS/build/robomaster_description'), ('LC_ALL', 'en_US.UTF-8'), ('SSH_CONNECTION', '172.18.147.201 55818 172.18.147.143 22'), ('PYTHONPATH', '/home/cricchetto/Robomaster_WS/install/robomaster_ros/lib/python3.10/site-packages:/home/cricchetto/Robomaster_WS/install/robomaster_msgs/local/lib/python3.10/dist-packages:/home/cricchetto/Robomaster_WS/install/dwb_msgs/local/lib/python3.10/dist-packages:/home/cricchetto/Robomaster_WS/install/nav_2d_msgs/local/lib/python3.10/dist-packages:/home/cricchetto/Robomaster_WS/install/nav2_simple_commander/lib/python3.10/site-packages:/home/cricchetto/Robomaster_WS/install/nav2_msgs/local/lib/python3.10/dist-packages:/home/cricchetto/Robomaster_WS/install/nav2_common/local/lib/python3.10/dist-packages:/home/cricchetto/Robomaster_WS/install/ep_control/lib/python3.10/site-packages:/home/cricchetto/Robomaster_WS/install/drift/lib/python3.10/site-packages:/opt/ros/humble/lib/python3.10/site-packages:/opt/ros/humble/local/lib/python3.10/dist-packages'), ('LC_NUMERIC', 'es_AR.UTF-8'), ('LC_PAPER', 'es_AR.UTF-8'), ('COLCON', '1'), ('CMAKE_PREFIX_PATH', '/home/cricchetto/Robomaster_WS/install/sllidar_ros2:/home/cricchetto/Robomaster_WS/install/robomaster_msgs:/home/cricchetto/Robomaster_WS/install/robomaster_description:/home/cricchetto/Robomaster_WS/install/dwb_msgs:/home/cricchetto/Robomaster_WS/install/nav_2d_msgs:/home/cricchetto/Robomaster_WS/install/nav2_voxel_grid:/home/cricchetto/Robomaster_WS/install/explore_lite:/home/cricchetto/Robomaster_WS/install/nav2_msgs:/home/cricchetto/Robomaster_WS/install/nav2_common:/home/cricchetto/Robomaster_WS/install/multirobot_map_merge:/home/cricchetto/Robomaster_WS/install/robomaster_ros:/home/cricchetto/Robomaster_WS/install/nav2_simple_commander:/home/cricchetto/Robomaster_WS/install/ep_control:/home/cricchetto/Robomaster_WS/install/drift:/opt/ros/humble')]), 'shell': False}
[4.822768] (robomaster_description) StdoutLine: {'line': b'-- Install configuration: ""\n'}
[4.823761] (robomaster_description) StdoutLine: {'line': b'-- Up-to-date: /home/cricchetto/Robomaster_WS/install/robomaster_description/share/robomaster_description/urdf\n'}
[4.824343] (robomaster_description) StdoutLine: {'line': b'-- Up-to-date: /home/cricchetto/Robomaster_WS/install/robomaster_description/share/robomaster_description/urdf/base.urdf.xacro\n'}
[4.825175] (robomaster_description) StdoutLine: {'line': b'-- Up-to-date: /home/cricchetto/Robomaster_WS/install/robomaster_description/share/robomaster_description/urdf/camera.urdf.xacro\n'}
[4.825970] (robomaster_description) StdoutLine: {'line': b'-- Up-to-date: /home/cricchetto/Robomaster_WS/install/robomaster_description/share/robomaster_description/urdf/model.urdf\n'}
[4.826618] (robomaster_description) StdoutLine: {'line': b'-- Up-to-date: /home/cricchetto/Robomaster_WS/install/robomaster_description/share/robomaster_description/urdf/camera.urdf copia de seguridad dijo esteban por las dudas (nunca se sabe en este mundo).xacro\n'}
[4.827275] (robomaster_description) StdoutLine: {'line': b'-- Up-to-date: /home/cricchetto/Robomaster_WS/install/robomaster_description/share/robomaster_description/urdf/gripper.urdf.xacro\n'}
[4.828036] (robomaster_description) StdoutLine: {'line': b'-- Up-to-date: /home/cricchetto/Robomaster_WS/install/robomaster_description/share/robomaster_description/urdf/robomaster_ep.urdf.xacro\n'}
[4.829228] (robomaster_description) StdoutLine: {'line': b'-- Up-to-date: /home/cricchetto/Robomaster_WS/install/robomaster_description/share/robomaster_description/urdf/wheel.urdf.xacro\n'}
[4.830055] (robomaster_description) StdoutLine: {'line': b'-- Up-to-date: /home/cricchetto/Robomaster_WS/install/robomaster_description/share/robomaster_description/urdf/tof.urdf.xacro\n'}
[4.830474] (robomaster_description) StdoutLine: {'line': b'-- Up-to-date: /home/cricchetto/Robomaster_WS/install/robomaster_description/share/robomaster_description/urdf/camera(copia de seguridad extra(no funciona)).urdf.xacro\n'}
[4.830894] (robomaster_description) StdoutLine: {'line': b'-- Up-to-date: /home/cricchetto/Robomaster_WS/install/robomaster_description/share/robomaster_description/urdf/lidar.urdf.xacro\n'}
[4.831364] (robomaster_description) StdoutLine: {'line': b'-- Up-to-date: /home/cricchetto/Robomaster_WS/install/robomaster_description/share/robomaster_description/urdf/robomaster_s1.urdf.xacro\n'}
[4.840585] (robomaster_description) StdoutLine: {'line': b'-- Up-to-date: /home/cricchetto/Robomaster_WS/install/robomaster_description/share/robomaster_description/urdf/led.urdf.xacro\n'}
[4.841372] (robomaster_description) StdoutLine: {'line': b'-- Up-to-date: /home/cricchetto/Robomaster_WS/install/robomaster_description/share/robomaster_description/urdf/arm.urdf.xacro\n'}
[4.842244] (robomaster_description) StdoutLine: {'line': b'-- Up-to-date: /home/cricchetto/Robomaster_WS/install/robomaster_description/share/robomaster_description/urdf/gimbal.urdf.xacro\n'}
[4.843047] (robomaster_description) StdoutLine: {'line': b'-- Up-to-date: /home/cricchetto/Robomaster_WS/install/robomaster_description/share/robomaster_description/urdf/extension.urdf.xacro\n'}
[4.843725] (robomaster_description) StdoutLine: {'line': b'-- Up-to-date: /home/cricchetto/Robomaster_WS/install/robomaster_description/share/robomaster_description/urdf/intelligent_controller.urdf.xacro\n'}
[4.844520] (robomaster_description) StdoutLine: {'line': b'-- Up-to-date: /home/cricchetto/Robomaster_WS/install/robomaster_description/share/robomaster_description/launch\n'}
[4.845157] (robomaster_description) StdoutLine: {'line': b'-- Up-to-date: /home/cricchetto/Robomaster_WS/install/robomaster_description/share/robomaster_description/launch/robomaster_view.launch.py\n'}
[4.845860] (robomaster_description) StdoutLine: {'line': b'-- Up-to-date: /home/cricchetto/Robomaster_WS/install/robomaster_description/share/robomaster_description/launch/main.launch\n'}
[4.846540] (robomaster_description) StdoutLine: {'line': b'-- Up-to-date: /home/cricchetto/Robomaster_WS/install/robomaster_description/share/robomaster_description/launch/model.launch.py\n'}
[4.847141] (robomaster_description) StdoutLine: {'line': b'-- Up-to-date: /home/cricchetto/Robomaster_WS/install/robomaster_description/share/robomaster_description/meshes\n'}
[4.847776] (robomaster_description) StdoutLine: {'line': b'-- Up-to-date: /home/cricchetto/Robomaster_WS/install/robomaster_description/share/robomaster_description/meshes/gimbal_left_led_4.dae\n'}
[4.848406] (robomaster_description) StdoutLine: {'line': b'-- Up-to-date: /home/cricchetto/Robomaster_WS/install/robomaster_description/share/robomaster_description/meshes/right_gripper_6_collision.dae\n'}
[4.856547] (robomaster_description) StdoutLine: {'line': b'-- Up-to-date: /home/cricchetto/Robomaster_WS/install/robomaster_description/share/robomaster_description/meshes/rod_collision.dae\n'}
[4.857010] (robomaster_description) StdoutLine: {'line': b'-- Up-to-date: /home/cricchetto/Robomaster_WS/install/robomaster_description/share/robomaster_description/meshes/endpoint_bracket_collision.dae\n'}
[4.857328] (robomaster_description) StdoutLine: {'line': b'-- Up-to-date: /home/cricchetto/Robomaster_WS/install/robomaster_description/share/robomaster_description/meshes/right_led.dae\n'}
[4.857631] (robomaster_description) StdoutLine: {'line': b'-- Up-to-date: /home/cricchetto/Robomaster_WS/install/robomaster_description/share/robomaster_description/meshes/gripper_left_5.dae\n'}
[4.857984] (robomaster_description) StdoutLine: {'line': b'-- Up-to-date: /home/cricchetto/Robomaster_WS/install/robomaster_description/share/robomaster_description/meshes/triangle_collision.dae\n'}
[4.858349] (robomaster_description) StdoutLine: {'line': b'-- Up-to-date: /home/cricchetto/Robomaster_WS/install/robomaster_description/share/robomaster_description/meshes/right_gripper_2.dae\n'}
[4.858692] (robomaster_description) StdoutLine: {'line': b'-- Up-to-date: /home/cricchetto/Robomaster_WS/install/robomaster_description/share/robomaster_description/meshes/gimbal.dae\n'}
[4.859151] (-) TimerEvent: {}
[4.859889] (robomaster_description) StdoutLine: {'line': b'-- Up-to-date: /home/cricchetto/Robomaster_WS/install/robomaster_description/share/robomaster_description/meshes/speaker.dae\n'}
[4.860486] (robomaster_description) StdoutLine: {'line': b'-- Up-to-date: /home/cricchetto/Robomaster_WS/install/robomaster_description/share/robomaster_description/meshes/right_servo.dae\n'}
[4.861229] (robomaster_description) StdoutLine: {'line': b'-- Up-to-date: /home/cricchetto/Robomaster_WS/install/robomaster_description/share/robomaster_description/meshes/gimbal_base_collision.dae\n'}
[4.861789] (robomaster_description) StdoutLine: {'line': b'-- Up-to-date: /home/cricchetto/Robomaster_WS/install/robomaster_description/share/robomaster_description/meshes/TOP_Normal_OpenGL.png.001.png\n'}
[4.862639] (robomaster_description) StdoutLine: {'line': b'-- Up-to-date: /home/cricchetto/Robomaster_WS/install/robomaster_description/share/robomaster_description/meshes/gimbal_left_led.dae\n'}
[4.863270] (robomaster_description) StdoutLine: {'line': b'-- Up-to-date: /home/cricchetto/Robomaster_WS/install/robomaster_description/share/robomaster_description/meshes/arm_1.dae\n'}
[4.863908] (robomaster_description) StdoutLine: {'line': b'-- Up-to-date: /home/cricchetto/Robomaster_WS/install/robomaster_description/share/robomaster_description/meshes/gimbal_right_led_0.dae\n'}
[4.864891] (robomaster_description) StdoutLine: {'line': b'-- Up-to-date: /home/cricchetto/Robomaster_WS/install/robomaster_description/share/robomaster_description/meshes/gripper_left_2.dae\n'}
[4.872768] (robomaster_description) StdoutLine: {'line': b'-- Up-to-date: /home/cricchetto/Robomaster_WS/install/robomaster_description/share/robomaster_description/meshes/arm_1_cylinder.dae\n'}
[4.873347] (robomaster_description) StdoutLine: {'line': b'-- Up-to-date: /home/cricchetto/Robomaster_WS/install/robomaster_description/share/robomaster_description/meshes/gimbal_left_led_5.dae\n'}
[4.873701] (robomaster_description) StdoutLine: {'line': b'-- Up-to-date: /home/cricchetto/Robomaster_WS/install/robomaster_description/share/robomaster_description/meshes/gripper_left_6_collision.dae\n'}
[4.874180] (robomaster_description) StdoutLine: {'line': b'-- Up-to-date: /home/cricchetto/Robomaster_WS/install/robomaster_description/share/robomaster_description/meshes/gripper_left_1.dae\n'}
[4.874603] (robomaster_description) StdoutLine: {'line': b'-- Up-to-date: /home/cricchetto/Robomaster_WS/install/robomaster_description/share/robomaster_description/meshes/gripper_base_collision.dae\n'}
[4.875166] (robomaster_description) StdoutLine: {'line': b'-- Up-to-date: /home/cricchetto/Robomaster_WS/install/robomaster_description/share/robomaster_description/meshes/wifi_antenna_left.dae\n'}
[4.875799] (robomaster_description) StdoutLine: {'line': b'-- Up-to-date: /home/cricchetto/Robomaster_WS/install/robomaster_description/share/robomaster_description/meshes/rear_right_wheel.dae\n'}
[4.876456] (robomaster_description) StdoutLine: {'line': b'-- Up-to-date: /home/cricchetto/Robomaster_WS/install/robomaster_description/share/robomaster_description/meshes/gimbal_right_led7.dae\n'}
[4.877151] (robomaster_description) StdoutLine: {'line': b'-- Up-to-date: /home/cricchetto/Robomaster_WS/install/robomaster_description/share/robomaster_description/meshes/gimbal_collision.dae\n'}
[4.877808] (robomaster_description) StdoutLine: {'line': b'-- Up-to-date: /home/cricchetto/Robomaster_WS/install/robomaster_description/share/robomaster_description/meshes/EP_all_01_b.png\n'}
[4.878379] (robomaster_description) StdoutLine: {'line': b'-- Up-to-date: /home/cricchetto/Robomaster_WS/install/robomaster_description/share/robomaster_description/meshes/gimbal_left_led_2.dae\n'}
[4.878947] (robomaster_description) StdoutLine: {'line': b'-- Up-to-date: /home/cricchetto/Robomaster_WS/install/robomaster_description/share/robomaster_description/meshes/right_hit_sensor.dae\n'}
[4.879357] (robomaster_description) StdoutLine: {'line': b'-- Up-to-date: /home/cricchetto/Robomaster_WS/install/robomaster_description/share/robomaster_description/meshes/blaster_gun_collision.dae\n'}
[4.879759] (robomaster_description) StdoutLine: {'line': b'-- Up-to-date: /home/cricchetto/Robomaster_WS/install/robomaster_description/share/robomaster_description/meshes/gimbal_right_led_4.dae\n'}
[4.880220] (robomaster_description) StdoutLine: {'line': b'-- Up-to-date: /home/cricchetto/Robomaster_WS/install/robomaster_description/share/robomaster_description/meshes/battery.dae\n'}
[4.888712] (robomaster_description) StdoutLine: {'line': b'-- Up-to-date: /home/cricchetto/Robomaster_WS/install/robomaster_description/share/robomaster_description/meshes/blaster_top_collision.dae\n'}
[4.889198] (robomaster_description) StdoutLine: {'line': b'-- Up-to-date: /home/cricchetto/Robomaster_WS/install/robomaster_description/share/robomaster_description/meshes/gripper_left_collision.dae\n'}
[4.889653] (robomaster_description) StdoutLine: {'line': b'-- Up-to-date: /home/cricchetto/Robomaster_WS/install/robomaster_description/share/robomaster_description/meshes/wifi_antenna_right.dae\n'}
[4.890070] (robomaster_description) StdoutLine: {'line': b'-- Up-to-date: /home/cricchetto/Robomaster_WS/install/robomaster_description/share/robomaster_description/meshes/right_gripper_1.dae\n'}
[4.890501] (robomaster_description) StdoutLine: {'line': b'-- Up-to-date: /home/cricchetto/Robomaster_WS/install/robomaster_description/share/robomaster_description/meshes/gripper_left_5_collision.dae\n'}
[4.890929] (robomaster_description) StdoutLine: {'line': b'-- Up-to-date: /home/cricchetto/Robomaster_WS/install/robomaster_description/share/robomaster_description/meshes/arm_base.dae\n'}
[4.891319] (robomaster_description) StdoutLine: {'line': b'-- Up-to-date: /home/cricchetto/Robomaster_WS/install/robomaster_description/share/robomaster_description/meshes/rear_left_wheel.dae\n'}
[4.891726] (robomaster_description) StdoutLine: {'line': b'-- Up-to-date: /home/cricchetto/Robomaster_WS/install/robomaster_description/share/robomaster_description/meshes/gimbal_left_led_3.dae\n'}
[4.892329] (robomaster_description) StdoutLine: {'line': b'-- Up-to-date: /home/cricchetto/Robomaster_WS/install/robomaster_description/share/robomaster_description/meshes/gimbal_left_led_6.dae\n'}
[4.892766] (robomaster_description) StdoutLine: {'line': b'-- Up-to-date: /home/cricchetto/Robomaster_WS/install/robomaster_description/share/robomaster_description/meshes/gripper_left_7.dae\n'}
[4.893133] (robomaster_description) StdoutLine: {'line': b'-- Up-to-date: /home/cricchetto/Robomaster_WS/install/robomaster_description/share/robomaster_description/meshes/controller.dae\n'}
[4.893546] (robomaster_description) StdoutLine: {'line': b'-- Up-to-date: /home/cricchetto/Robomaster_WS/install/robomaster_description/share/robomaster_description/meshes/triangle.dae\n'}
[4.894011] (robomaster_description) StdoutLine: {'line': b'-- Up-to-date: /home/cricchetto/Robomaster_WS/install/robomaster_description/share/robomaster_description/meshes/camera.dae\n'}
[4.894502] (robomaster_description) StdoutLine: {'line': b'-- Up-to-date: /home/cricchetto/Robomaster_WS/install/robomaster_description/share/robomaster_description/meshes/rod_2_collision.dae\n'}
[4.894988] (robomaster_description) StdoutLine: {'line': b'-- Up-to-date: /home/cricchetto/Robomaster_WS/install/robomaster_description/share/robomaster_description/meshes/arm_1_collision.dae\n'}
[4.895350] (robomaster_description) StdoutLine: {'line': b'-- Up-to-date: /home/cricchetto/Robomaster_WS/install/robomaster_description/share/robomaster_description/meshes/rod_2.dae\n'}
[4.895687] (robomaster_description) StdoutLine: {'line': b'-- Up-to-date: /home/cricchetto/Robomaster_WS/install/robomaster_description/share/robomaster_description/meshes/rod_3.dae\n'}
[4.896065] (robomaster_description) StdoutLine: {'line': b'-- Up-to-date: /home/cricchetto/Robomaster_WS/install/robomaster_description/share/robomaster_description/meshes/battery_pin_right.dae\n'}
[4.908717] (robomaster_description) StdoutLine: {'line': b'-- Up-to-date: /home/cricchetto/Robomaster_WS/install/robomaster_description/share/robomaster_description/meshes/endpoint_bracket.dae\n'}
[4.909385] (robomaster_description) StdoutLine: {'line': b'-- Up-to-date: /home/cricchetto/Robomaster_WS/install/robomaster_description/share/robomaster_description/meshes/front_left_wheel.dae\n'}
[4.910056] (robomaster_description) StdoutLine: {'line': b'-- Up-to-date: /home/cricchetto/Robomaster_WS/install/robomaster_description/share/robomaster_description/meshes/right_gripper_4_collision.dae\n'}
[4.910692] (robomaster_description) StdoutLine: {'line': b'-- Up-to-date: /home/cricchetto/Robomaster_WS/install/robomaster_description/share/robomaster_description/meshes/blaster_top.dae\n'}
[4.911274] (robomaster_description) StdoutLine: {'line': b'-- Up-to-date: /home/cricchetto/Robomaster_WS/install/robomaster_description/share/robomaster_description/meshes/blaster_magazin_collision.dae\n'}
[4.911924] (robomaster_description) StdoutLine: {'line': b'-- Up-to-date: /home/cricchetto/Robomaster_WS/install/robomaster_description/share/robomaster_description/meshes/base_collision.dae\n'}
[4.912583] (robomaster_description) StdoutLine: {'line': b'-- Up-to-date: /home/cricchetto/Robomaster_WS/install/robomaster_description/share/robomaster_description/meshes/gimbal_left_armor.dae\n'}
[4.913054] (robomaster_description) StdoutLine: {'line': b'-- Up-to-date: /home/cricchetto/Robomaster_WS/install/robomaster_description/share/robomaster_description/meshes/extension_support.dae\n'}
[4.913542] (robomaster_description) StdoutLine: {'line': b'-- Up-to-date: /home/cricchetto/Robomaster_WS/install/robomaster_description/share/robomaster_description/meshes/right_gripper_6.dae\n'}
[4.914272] (robomaster_description) StdoutLine: {'line': b'-- Up-to-date: /home/cricchetto/Robomaster_WS/install/robomaster_description/share/robomaster_description/meshes/controller_cover.dae\n'}
[4.915092] (robomaster_description) StdoutLine: {'line': b'-- Up-to-date: /home/cricchetto/Robomaster_WS/install/robomaster_description/share/robomaster_description/meshes/right_gripper_5_collision.dae\n'}
[4.916003] (robomaster_description) StdoutLine: {'line': b'-- Up-to-date: /home/cricchetto/Robomaster_WS/install/robomaster_description/share/robomaster_description/meshes/gripper_left_4_collision.dae\n'}
[4.938383] (robomaster_description) StdoutLine: {'line': b'-- Up-to-date: /home/cricchetto/Robomaster_WS/install/robomaster_description/share/robomaster_description/meshes/TOP_Normal_OpenGL.png\n'}
[4.939193] (robomaster_description) StdoutLine: {'line': b'-- Up-to-date: /home/cricchetto/Robomaster_WS/install/robomaster_description/share/robomaster_description/meshes/rear_hit_sensor.dae\n'}
[4.939911] (robomaster_description) StdoutLine: {'line': b'-- Up-to-date: /home/cricchetto/Robomaster_WS/install/robomaster_description/share/robomaster_description/meshes/right_gripper_5.dae\n'}
[4.940548] (robomaster_description) StdoutLine: {'line': b'-- Up-to-date: /home/cricchetto/Robomaster_WS/install/robomaster_description/share/robomaster_description/meshes/rod_1.dae\n'}
[4.941173] (robomaster_description) StdoutLine: {'line': b'-- Up-to-date: /home/cricchetto/Robomaster_WS/install/robomaster_description/share/robomaster_description/meshes/left_hit_sensor.dae\n'}
[4.941701] (robomaster_description) StdoutLine: {'line': b'-- Up-to-date: /home/cricchetto/Robomaster_WS/install/robomaster_description/share/robomaster_description/meshes/TOP_Base_Color.png\n'}
[4.942221] (robomaster_description) StdoutLine: {'line': b'-- Up-to-date: /home/cricchetto/Robomaster_WS/install/robomaster_description/share/robomaster_description/meshes/gimbal_right_led_2.dae\n'}
[4.942772] (robomaster_description) StdoutLine: {'line': b'-- Up-to-date: /home/cricchetto/Robomaster_WS/install/robomaster_description/share/robomaster_description/meshes/speaker_collision.dae\n'}
[4.943469] (robomaster_description) StdoutLine: {'line': b'-- Up-to-date: /home/cricchetto/Robomaster_WS/install/robomaster_description/share/robomaster_description/meshes/arm_2_bar_2.dae\n'}
[4.943998] (robomaster_description) StdoutLine: {'line': b'-- Up-to-date: /home/cricchetto/Robomaster_WS/install/robomaster_description/share/robomaster_description/meshes/right_gripper_7_collision.dae\n'}
[4.944539] (robomaster_description) StdoutLine: {'line': b'-- Up-to-date: /home/cricchetto/Robomaster_WS/install/robomaster_description/share/robomaster_description/meshes/battery_pin_left.dae\n'}
[4.944978] (robomaster_description) StdoutLine: {'line': b'-- Up-to-date: /home/cricchetto/Robomaster_WS/install/robomaster_description/share/robomaster_description/meshes/blaster_gun.dae\n'}
[4.945418] (robomaster_description) StdoutLine: {'line': b'-- Up-to-date: /home/cricchetto/Robomaster_WS/install/robomaster_description/share/robomaster_description/meshes/blaster_bug.dae\n'}
[4.945797] (robomaster_description) StdoutLine: {'line': b'-- Up-to-date: /home/cricchetto/Robomaster_WS/install/robomaster_description/share/robomaster_description/meshes/intelligent_controller.dae\n'}
[4.946287] (robomaster_description) StdoutLine: {'line': b'-- Up-to-date: /home/cricchetto/Robomaster_WS/install/robomaster_description/share/robomaster_description/meshes/gripper_base.dae\n'}
[4.946852] (robomaster_description) StdoutLine: {'line': b'-- Up-to-date: /home/cricchetto/Robomaster_WS/install/robomaster_description/share/robomaster_description/meshes/arm_base_collision.dae\n'}
[4.947331] (robomaster_description) StdoutLine: {'line': b'-- Up-to-date: /home/cricchetto/Robomaster_WS/install/robomaster_description/share/robomaster_description/meshes/arm_2_collision.dae\n'}
[4.947874] (robomaster_description) StdoutLine: {'line': b'-- Up-to-date: /home/cricchetto/Robomaster_WS/install/robomaster_description/share/robomaster_description/meshes/gimbal_right_led_5.dae\n'}
[4.958600] (robomaster_description) StdoutLine: {'line': b'-- Up-to-date: /home/cricchetto/Robomaster_WS/install/robomaster_description/share/robomaster_description/meshes/gimbal_side.dae\n'}
[4.959495] (-) TimerEvent: {}
[4.960811] (robomaster_description) StdoutLine: {'line': b'-- Up-to-date: /home/cricchetto/Robomaster_WS/install/robomaster_description/share/robomaster_description/meshes/armor.dae\n'}
[4.961530] (robomaster_description) StdoutLine: {'line': b'-- Up-to-date: /home/cricchetto/Robomaster_WS/install/robomaster_description/share/robomaster_description/meshes/rear_led.dae\n'}
[4.962045] (robomaster_description) StdoutLine: {'line': b'-- Up-to-date: /home/cricchetto/Robomaster_WS/install/robomaster_description/share/robomaster_description/meshes/gimbal_base.dae\n'}
[4.962574] (robomaster_description) StdoutLine: {'line': b'-- Up-to-date: /home/cricchetto/Robomaster_WS/install/robomaster_description/share/robomaster_description/meshes/gripper_left_4.dae\n'}
[4.963078] (robomaster_description) StdoutLine: {'line': b'-- Up-to-date: /home/cricchetto/Robomaster_WS/install/robomaster_description/share/robomaster_description/meshes/right_gripper_7.dae\n'}
[4.963861] (robomaster_description) StdoutLine: {'line': b'-- Up-to-date: /home/cricchetto/Robomaster_WS/install/robomaster_description/share/robomaster_description/meshes/gimbal_left_led_1.dae\n'}
[4.964778] (robomaster_description) StdoutLine: {'line': b'-- Up-to-date: /home/cricchetto/Robomaster_WS/install/robomaster_description/share/robomaster_description/meshes/gimbal_right_led_6.dae\n'}
[4.965298] (robomaster_description) StdoutLine: {'line': b'-- Up-to-date: /home/cricchetto/Robomaster_WS/install/robomaster_description/share/robomaster_description/meshes/gimbal_right_armor.dae\n'}
[4.965762] (robomaster_description) StdoutLine: {'line': b'-- Up-to-date: /home/cricchetto/Robomaster_WS/install/robomaster_description/share/robomaster_description/meshes/front_hit_sensor.dae\n'}
[4.966140] (robomaster_description) StdoutLine: {'line': b'-- Up-to-date: /home/cricchetto/Robomaster_WS/install/robomaster_description/share/robomaster_description/meshes/gimbal_left_led_0.dae\n'}
[4.966551] (robomaster_description) StdoutLine: {'line': b'-- Up-to-date: /home/cricchetto/Robomaster_WS/install/robomaster_description/share/robomaster_description/meshes/extension_base.dae\n'}
[4.966959] (robomaster_description) StdoutLine: {'line': b'-- Up-to-date: /home/cricchetto/Robomaster_WS/install/robomaster_description/share/robomaster_description/meshes/rod_1_collision.dae\n'}
[4.967335] (robomaster_description) StdoutLine: {'line': b'-- Up-to-date: /home/cricchetto/Robomaster_WS/install/robomaster_description/share/robomaster_description/meshes/rod.dae\n'}
[4.967744] (robomaster_description) StdoutLine: {'line': b'-- Up-to-date: /home/cricchetto/Robomaster_WS/install/robomaster_description/share/robomaster_description/meshes/gripper_left_6.dae\n'}
[4.968280] (robomaster_description) StdoutLine: {'line': b'-- Up-to-date: /home/cricchetto/Robomaster_WS/install/robomaster_description/share/robomaster_description/meshes/wheel.dae\n'}
[4.968811] (robomaster_description) StdoutLine: {'line': b'-- Up-to-date: /home/cricchetto/Robomaster_WS/install/robomaster_description/share/robomaster_description/meshes/gimbal_right_led_3.dae\n'}
[4.969421] (robomaster_description) StdoutLine: {'line': b'-- Up-to-date: /home/cricchetto/Robomaster_WS/install/robomaster_description/share/robomaster_description/meshes/gimbal_left_led_7.dae\n'}
[4.969906] (robomaster_description) StdoutLine: {'line': b'-- Up-to-date: /home/cricchetto/Robomaster_WS/install/robomaster_description/share/robomaster_description/meshes/rod_3_collision.dae\n'}
[4.970338] (robomaster_description) StdoutLine: {'line': b'-- Up-to-date: /home/cricchetto/Robomaster_WS/install/robomaster_description/share/robomaster_description/meshes/gripper_left_2_collision.dae\n'}
[4.970781] (robomaster_description) StdoutLine: {'line': b'-- Up-to-date: /home/cricchetto/Robomaster_WS/install/robomaster_description/share/robomaster_description/meshes/left_led.dae\n'}
[4.971339] (robomaster_description) StdoutLine: {'line': b'-- Up-to-date: /home/cricchetto/Robomaster_WS/install/robomaster_description/share/robomaster_description/meshes/blaster_magazin.dae\n'}
[4.971772] (robomaster_description) StdoutLine: {'line': b'-- Up-to-date: /home/cricchetto/Robomaster_WS/install/robomaster_description/share/robomaster_description/meshes/gimbal_right_led.dae\n'}
[4.972375] (robomaster_description) StdoutLine: {'line': b'-- Up-to-date: /home/cricchetto/Robomaster_WS/install/robomaster_description/share/robomaster_description/meshes/front_right_wheel.dae\n'}
[4.983592] (robomaster_description) StdoutLine: {'line': b'-- Up-to-date: /home/cricchetto/Robomaster_WS/install/robomaster_description/share/robomaster_description/meshes/right_gripper_2_collision.dae\n'}
[4.984303] (robomaster_description) StdoutLine: {'line': b'-- Up-to-date: /home/cricchetto/Robomaster_WS/install/robomaster_description/share/robomaster_description/meshes/arm_2_bar_1.dae\n'}
[4.984965] (robomaster_description) StdoutLine: {'line': b'-- Up-to-date: /home/cricchetto/Robomaster_WS/install/robomaster_description/share/robomaster_description/meshes/led.dae\n'}
[4.985507] (robomaster_description) StdoutLine: {'line': b'-- Up-to-date: /home/cricchetto/Robomaster_WS/install/robomaster_description/share/robomaster_description/meshes/hit_sensor.dae\n'}
[4.986038] (robomaster_description) StdoutLine: {'line': b'-- Up-to-date: /home/cricchetto/Robomaster_WS/install/robomaster_description/share/robomaster_description/meshes/gimbal_right_led_1.dae\n'}
[4.986526] (robomaster_description) StdoutLine: {'line': b'-- Up-to-date: /home/cricchetto/Robomaster_WS/install/robomaster_description/share/robomaster_description/meshes/chassis.dae\n'}
[4.986993] (robomaster_description) StdoutLine: {'line': b'-- Up-to-date: /home/cricchetto/Robomaster_WS/install/robomaster_description/share/robomaster_description/meshes/front_led.dae\n'}
[4.987419] (robomaster_description) StdoutLine: {'line': b'-- Up-to-date: /home/cricchetto/Robomaster_WS/install/robomaster_description/share/robomaster_description/meshes/arm_2.dae\n'}
[4.987800] (robomaster_description) StdoutLine: {'line': b'-- Up-to-date: /home/cricchetto/Robomaster_WS/install/robomaster_description/share/robomaster_description/meshes/TOP_Base_Color.png.001.png\n'}
[4.988335] (robomaster_description) StdoutLine: {'line': b'-- Up-to-date: /home/cricchetto/Robomaster_WS/install/robomaster_description/share/robomaster_description/meshes/left_servo.dae\n'}
[4.988976] (robomaster_description) StdoutLine: {'line': b'-- Up-to-date: /home/cricchetto/Robomaster_WS/install/robomaster_description/share/robomaster_description/meshes/right_gripper_4.dae\n'}
[4.989663] (robomaster_description) StdoutLine: {'line': b'-- Up-to-date: /home/cricchetto/Robomaster_WS/install/robomaster_description/share/robomaster_description/meshes/gimbal_right_led_7.dae\n'}
[4.990259] (robomaster_description) StdoutLine: {'line': b'-- Up-to-date: /home/cricchetto/Robomaster_WS/install/robomaster_description/share/ament_index/resource_index/package_run_dependencies/robomaster_description\n'}
[4.990805] (robomaster_description) StdoutLine: {'line': b'-- Up-to-date: /home/cricchetto/Robomaster_WS/install/robomaster_description/share/ament_index/resource_index/parent_prefix_path/robomaster_description\n'}
[4.991397] (robomaster_description) StdoutLine: {'line': b'-- Up-to-date: /home/cricchetto/Robomaster_WS/install/robomaster_description/share/robomaster_description/environment/ament_prefix_path.sh\n'}
[4.992325] (robomaster_description) StdoutLine: {'line': b'-- Up-to-date: /home/cricchetto/Robomaster_WS/install/robomaster_description/share/robomaster_description/environment/ament_prefix_path.dsv\n'}
[5.012805] (robomaster_description) StdoutLine: {'line': b'-- Up-to-date: /home/cricchetto/Robomaster_WS/install/robomaster_description/share/robomaster_description/environment/path.sh\n'}
[5.013323] (robomaster_description) StdoutLine: {'line': b'-- Up-to-date: /home/cricchetto/Robomaster_WS/install/robomaster_description/share/robomaster_description/environment/path.dsv\n'}
[5.013761] (robomaster_description) StdoutLine: {'line': b'-- Up-to-date: /home/cricchetto/Robomaster_WS/install/robomaster_description/share/robomaster_description/local_setup.bash\n'}
[5.014181] (robomaster_description) StdoutLine: {'line': b'-- Up-to-date: /home/cricchetto/Robomaster_WS/install/robomaster_description/share/robomaster_description/local_setup.sh\n'}
[5.014694] (robomaster_description) StdoutLine: {'line': b'-- Up-to-date: /home/cricchetto/Robomaster_WS/install/robomaster_description/share/robomaster_description/local_setup.zsh\n'}
[5.015238] (robomaster_description) StdoutLine: {'line': b'-- Up-to-date: /home/cricchetto/Robomaster_WS/install/robomaster_description/share/robomaster_description/local_setup.dsv\n'}
[5.015724] (robomaster_description) StdoutLine: {'line': b'-- Installing: /home/cricchetto/Robomaster_WS/install/robomaster_description/share/robomaster_description/package.dsv\n'}
[5.016219] (robomaster_description) StdoutLine: {'line': b'-- Up-to-date: /home/cricchetto/Robomaster_WS/install/robomaster_description/share/ament_index/resource_index/packages/robomaster_description\n'}
[5.016774] (robomaster_description) StdoutLine: {'line': b'-- Up-to-date: /home/cricchetto/Robomaster_WS/install/robomaster_description/share/robomaster_description/cmake/robomaster_descriptionConfig.cmake\n'}
[5.017333] (robomaster_description) StdoutLine: {'line': b'-- Up-to-date: /home/cricchetto/Robomaster_WS/install/robomaster_description/share/robomaster_description/cmake/robomaster_descriptionConfig-version.cmake\n'}
[5.017851] (robomaster_description) StdoutLine: {'line': b'-- Up-to-date: /home/cricchetto/Robomaster_WS/install/robomaster_description/share/robomaster_description/package.xml\n'}
[5.018347] (robomaster_description) CommandEnded: {'returncode': 0}
[5.019884] (multirobot_map_merge) StdoutLine: {'line': b'[ 33%] Built target combine_grids\n'}
[5.020814] (multirobot_map_merge) StdoutLine: {'line': b'[ 50%] Built target gtest\n'}
[5.021402] (multirobot_map_merge) StdoutLine: {'line': b'[ 66%] Built target gtest_main\n'}
[5.059694] (-) TimerEvent: {}
[5.067383] (robomaster_description) JobEnded: {'identifier': 'robomaster_description', 'rc': 0}
[5.073280] (sllidar_ros2) JobStarted: {'identifier': 'sllidar_ros2'}
[5.123191] (sllidar_ros2) JobProgress: {'identifier': 'sllidar_ros2', 'progress': 'cmake'}
[5.126528] (sllidar_ros2) JobProgress: {'identifier': 'sllidar_ros2', 'progress': 'build'}
[5.128066] (sllidar_ros2) Command: {'cmd': ['/usr/bin/cmake', '--build', '/home/cricchetto/Robomaster_WS/build/sllidar_ros2', '--', '-j4', '-l4'], 'cwd': '/home/cricchetto/Robomaster_WS/build/sllidar_ros2', 'env': OrderedDict([('LESSOPEN', '| /usr/bin/lesspipe %s'), ('USER', 'cricchetto'), ('SSH_CLIENT', '172.18.147.201 55818 22'), ('LC_TIME', 'es_AR.UTF-8'), ('XDG_SESSION_TYPE', 'tty'), ('SHLVL', '2'), ('LD_LIBRARY_PATH', '/home/cricchetto/Robomaster_WS/install/robomaster_msgs/lib:/home/cricchetto/Robomaster_WS/install/dwb_msgs/lib:/home/cricchetto/Robomaster_WS/install/nav_2d_msgs/lib:/home/cricchetto/Robomaster_WS/install/nav2_voxel_grid/lib:/home/cricchetto/Robomaster_WS/install/nav2_msgs/lib:/home/cricchetto/Robomaster_WS/install/multirobot_map_merge/lib:/opt/ros/humble/opt/rviz_ogre_vendor/lib:/opt/ros/humble/lib/aarch64-linux-gnu:/opt/ros/humble/lib'), ('MOTD_SHOWN', 'pam'), ('HOME', '/home/cricchetto'), ('OLDPWD', '/home/cricchetto'), ('SSH_TTY', '/dev/pts/0'), ('ROS_PYTHON_VERSION', '3'), ('LC_MONETARY', 'es_AR.UTF-8'), ('DBUS_SESSION_BUS_ADDRESS', 'unix:path=/run/user/1000/bus'), ('COLCON_PREFIX_PATH', '/home/cricchetto/Robomaster_WS/install'), ('ROS_DISTRO', 'humble'), ('LOGNAME', 'cricchetto'), ('_', '/usr/bin/colcon'), ('ROS_VERSION', '2'), ('XDG_SESSION_CLASS', 'user'), ('TERM', 'xterm-256color'), ('XDG_SESSION_ID', '1'), ('ROS_LOCALHOST_ONLY', '0'), ('PATH', '/home/cricchetto/.local/bin:/opt/ros/humble/bin:/usr/local/sbin:/usr/local/bin:/usr/sbin:/usr/bin:/sbin:/bin:/usr/games:/usr/local/games:/snap/bin:/home/cricchettoSD/.local/bin'), ('LC_ADDRESS', 'es_AR.UTF-8'), ('XDG_RUNTIME_DIR', '/run/user/1000'), ('DISPLAY', 'localhost:10.0'), ('LANG', 'en_US.UTF-8'), ('LC_TELEPHONE', 'es_AR.UTF-8'), ('LS_COLORS', 'rs=0:di=01;34:ln=01;36:mh=00:pi=40;33:so=01;35:do=01;35:bd=40;33;01:cd=40;33;01:or=40;31;01:mi=00:su=37;41:sg=30;43:ca=30;41:tw=30;42:ow=34;42:st=37;44:ex=01;32:*.tar=01;31:*.tgz=01;31:*.arc=01;31:*.arj=01;31:*.taz=01;31:*.lha=01;31:*.lz4=01;31:*.lzh=01;31:*.lzma=01;31:*.tlz=01;31:*.txz=01;31:*.tzo=01;31:*.t7z=01;31:*.zip=01;31:*.z=01;31:*.dz=01;31:*.gz=01;31:*.lrz=01;31:*.lz=01;31:*.lzo=01;31:*.xz=01;31:*.zst=01;31:*.tzst=01;31:*.bz2=01;31:*.bz=01;31:*.tbz=01;31:*.tbz2=01;31:*.tz=01;31:*.deb=01;31:*.rpm=01;31:*.jar=01;31:*.war=01;31:*.ear=01;31:*.sar=01;31:*.rar=01;31:*.alz=01;31:*.ace=01;31:*.zoo=01;31:*.cpio=01;31:*.7z=01;31:*.rz=01;31:*.cab=01;31:*.wim=01;31:*.swm=01;31:*.dwm=01;31:*.esd=01;31:*.jpg=01;35:*.jpeg=01;35:*.mjpg=01;35:*.mjpeg=01;35:*.gif=01;35:*.bmp=01;35:*.pbm=01;35:*.pgm=01;35:*.ppm=01;35:*.tga=01;35:*.xbm=01;35:*.xpm=01;35:*.tif=01;35:*.tiff=01;35:*.png=01;35:*.svg=01;35:*.svgz=01;35:*.mng=01;35:*.pcx=01;35:*.mov=01;35:*.mpg=01;35:*.mpeg=01;35:*.m2v=01;35:*.mkv=01;35:*.webm=01;35:*.webp=01;35:*.ogm=01;35:*.mp4=01;35:*.m4v=01;35:*.mp4v=01;35:*.vob=01;35:*.qt=01;35:*.nuv=01;35:*.wmv=01;35:*.asf=01;35:*.rm=01;35:*.rmvb=01;35:*.flc=01;35:*.avi=01;35:*.fli=01;35:*.flv=01;35:*.gl=01;35:*.dl=01;35:*.xcf=01;35:*.xwd=01;35:*.yuv=01;35:*.cgm=01;35:*.emf=01;35:*.ogv=01;35:*.ogx=01;35:*.aac=00;36:*.au=00;36:*.flac=00;36:*.m4a=00;36:*.mid=00;36:*.midi=00;36:*.mka=00;36:*.mp3=00;36:*.mpc=00;36:*.ogg=00;36:*.ra=00;36:*.wav=00;36:*.oga=00;36:*.opus=00;36:*.spx=00;36:*.xspf=00;36:'), ('AMENT_PREFIX_PATH', '/home/cricchetto/Robomaster_WS/install/sllidar_ros2:/home/cricchetto/Robomaster_WS/install/robomaster_ros:/home/cricchetto/Robomaster_WS/install/robomaster_msgs:/home/cricchetto/Robomaster_WS/install/robomaster_description:/home/cricchetto/Robomaster_WS/install/dwb_msgs:/home/cricchetto/Robomaster_WS/install/nav_2d_msgs:/home/cricchetto/Robomaster_WS/install/nav2_voxel_grid:/home/cricchetto/Robomaster_WS/install/nav2_simple_commander:/home/cricchetto/Robomaster_WS/install/explore_lite:/home/cricchetto/Robomaster_WS/install/nav2_msgs:/home/cricchetto/Robomaster_WS/install/nav2_common:/home/cricchetto/Robomaster_WS/install/multirobot_map_merge:/home/cricchetto/Robomaster_WS/install/ep_control:/home/cricchetto/Robomaster_WS/install/drift:/opt/ros/humble'), ('SHELL', '/bin/bash'), ('LC_NAME', 'es_AR.UTF-8'), ('LESSCLOSE', '/usr/bin/lesspipe %s %s'), ('LC_MEASUREMENT', 'es_AR.UTF-8'), ('LC_IDENTIFICATION', 'es_AR.UTF-8'), ('PWD', '/home/cricchetto/Robomaster_WS/build/sllidar_ros2'), ('LC_ALL', 'en_US.UTF-8'), ('SSH_CONNECTION', '172.18.147.201 55818 172.18.147.143 22'), ('PYTHONPATH', '/home/cricchetto/Robomaster_WS/install/robomaster_ros/lib/python3.10/site-packages:/home/cricchetto/Robomaster_WS/install/robomaster_msgs/local/lib/python3.10/dist-packages:/home/cricchetto/Robomaster_WS/install/dwb_msgs/local/lib/python3.10/dist-packages:/home/cricchetto/Robomaster_WS/install/nav_2d_msgs/local/lib/python3.10/dist-packages:/home/cricchetto/Robomaster_WS/install/nav2_simple_commander/lib/python3.10/site-packages:/home/cricchetto/Robomaster_WS/install/nav2_msgs/local/lib/python3.10/dist-packages:/home/cricchetto/Robomaster_WS/install/nav2_common/local/lib/python3.10/dist-packages:/home/cricchetto/Robomaster_WS/install/ep_control/lib/python3.10/site-packages:/home/cricchetto/Robomaster_WS/install/drift/lib/python3.10/site-packages:/opt/ros/humble/lib/python3.10/site-packages:/opt/ros/humble/local/lib/python3.10/dist-packages'), ('LC_NUMERIC', 'es_AR.UTF-8'), ('LC_PAPER', 'es_AR.UTF-8'), ('COLCON', '1'), ('CMAKE_PREFIX_PATH', '/home/cricchetto/Robomaster_WS/install/sllidar_ros2:/home/cricchetto/Robomaster_WS/install/robomaster_msgs:/home/cricchetto/Robomaster_WS/install/robomaster_description:/home/cricchetto/Robomaster_WS/install/dwb_msgs:/home/cricchetto/Robomaster_WS/install/nav_2d_msgs:/home/cricchetto/Robomaster_WS/install/nav2_voxel_grid:/home/cricchetto/Robomaster_WS/install/explore_lite:/home/cricchetto/Robomaster_WS/install/nav2_msgs:/home/cricchetto/Robomaster_WS/install/nav2_common:/home/cricchetto/Robomaster_WS/install/multirobot_map_merge:/home/cricchetto/Robomaster_WS/install/robomaster_ros:/home/cricchetto/Robomaster_WS/install/nav2_simple_commander:/home/cricchetto/Robomaster_WS/install/ep_control:/home/cricchetto/Robomaster_WS/install/drift:/opt/ros/humble')]), 'shell': False}
[5.160353] (-) TimerEvent: {}
[5.210002] (multirobot_map_merge) StdoutLine: {'line': b'[ 83%] Built target test_merging_pipeline\n'}
[5.260557] (-) TimerEvent: {}
[5.263853] (multirobot_map_merge) StdoutLine: {'line': b'[100%] Built target map_merge\n'}
[5.328606] (multirobot_map_merge) CommandEnded: {'returncode': 0}
[5.329996] (multirobot_map_merge) JobProgress: {'identifier': 'multirobot_map_merge', 'progress': 'install'}
[5.330181] (multirobot_map_merge) Command: {'cmd': ['/usr/bin/cmake', '--install', '/home/cricchetto/Robomaster_WS/build/multirobot_map_merge'], 'cwd': '/home/cricchetto/Robomaster_WS/build/multirobot_map_merge', 'env': OrderedDict([('LESSOPEN', '| /usr/bin/lesspipe %s'), ('USER', 'cricchetto'), ('SSH_CLIENT', '172.18.147.201 55818 22'), ('LC_TIME', 'es_AR.UTF-8'), ('XDG_SESSION_TYPE', 'tty'), ('SHLVL', '2'), ('LD_LIBRARY_PATH', '/home/cricchetto/Robomaster_WS/install/robomaster_msgs/lib:/home/cricchetto/Robomaster_WS/install/dwb_msgs/lib:/home/cricchetto/Robomaster_WS/install/nav_2d_msgs/lib:/home/cricchetto/Robomaster_WS/install/nav2_voxel_grid/lib:/home/cricchetto/Robomaster_WS/install/nav2_msgs/lib:/home/cricchetto/Robomaster_WS/install/multirobot_map_merge/lib:/opt/ros/humble/opt/rviz_ogre_vendor/lib:/opt/ros/humble/lib/aarch64-linux-gnu:/opt/ros/humble/lib'), ('MOTD_SHOWN', 'pam'), ('HOME', '/home/cricchetto'), ('OLDPWD', '/home/cricchetto'), ('SSH_TTY', '/dev/pts/0'), ('ROS_PYTHON_VERSION', '3'), ('LC_MONETARY', 'es_AR.UTF-8'), ('DBUS_SESSION_BUS_ADDRESS', 'unix:path=/run/user/1000/bus'), ('COLCON_PREFIX_PATH', '/home/cricchetto/Robomaster_WS/install'), ('ROS_DISTRO', 'humble'), ('LOGNAME', 'cricchetto'), ('_', '/usr/bin/colcon'), ('ROS_VERSION', '2'), ('XDG_SESSION_CLASS', 'user'), ('TERM', 'xterm-256color'), ('XDG_SESSION_ID', '1'), ('ROS_LOCALHOST_ONLY', '0'), ('PATH', '/home/cricchetto/.local/bin:/opt/ros/humble/bin:/usr/local/sbin:/usr/local/bin:/usr/sbin:/usr/bin:/sbin:/bin:/usr/games:/usr/local/games:/snap/bin:/home/cricchettoSD/.local/bin'), ('LC_ADDRESS', 'es_AR.UTF-8'), ('XDG_RUNTIME_DIR', '/run/user/1000'), ('DISPLAY', 'localhost:10.0'), ('LANG', 'en_US.UTF-8'), ('LC_TELEPHONE', 'es_AR.UTF-8'), ('LS_COLORS', 'rs=0:di=01;34:ln=01;36:mh=00:pi=40;33:so=01;35:do=01;35:bd=40;33;01:cd=40;33;01:or=40;31;01:mi=00:su=37;41:sg=30;43:ca=30;41:tw=30;42:ow=34;42:st=37;44:ex=01;32:*.tar=01;31:*.tgz=01;31:*.arc=01;31:*.arj=01;31:*.taz=01;31:*.lha=01;31:*.lz4=01;31:*.lzh=01;31:*.lzma=01;31:*.tlz=01;31:*.txz=01;31:*.tzo=01;31:*.t7z=01;31:*.zip=01;31:*.z=01;31:*.dz=01;31:*.gz=01;31:*.lrz=01;31:*.lz=01;31:*.lzo=01;31:*.xz=01;31:*.zst=01;31:*.tzst=01;31:*.bz2=01;31:*.bz=01;31:*.tbz=01;31:*.tbz2=01;31:*.tz=01;31:*.deb=01;31:*.rpm=01;31:*.jar=01;31:*.war=01;31:*.ear=01;31:*.sar=01;31:*.rar=01;31:*.alz=01;31:*.ace=01;31:*.zoo=01;31:*.cpio=01;31:*.7z=01;31:*.rz=01;31:*.cab=01;31:*.wim=01;31:*.swm=01;31:*.dwm=01;31:*.esd=01;31:*.jpg=01;35:*.jpeg=01;35:*.mjpg=01;35:*.mjpeg=01;35:*.gif=01;35:*.bmp=01;35:*.pbm=01;35:*.pgm=01;35:*.ppm=01;35:*.tga=01;35:*.xbm=01;35:*.xpm=01;35:*.tif=01;35:*.tiff=01;35:*.png=01;35:*.svg=01;35:*.svgz=01;35:*.mng=01;35:*.pcx=01;35:*.mov=01;35:*.mpg=01;35:*.mpeg=01;35:*.m2v=01;35:*.mkv=01;35:*.webm=01;35:*.webp=01;35:*.ogm=01;35:*.mp4=01;35:*.m4v=01;35:*.mp4v=01;35:*.vob=01;35:*.qt=01;35:*.nuv=01;35:*.wmv=01;35:*.asf=01;35:*.rm=01;35:*.rmvb=01;35:*.flc=01;35:*.avi=01;35:*.fli=01;35:*.flv=01;35:*.gl=01;35:*.dl=01;35:*.xcf=01;35:*.xwd=01;35:*.yuv=01;35:*.cgm=01;35:*.emf=01;35:*.ogv=01;35:*.ogx=01;35:*.aac=00;36:*.au=00;36:*.flac=00;36:*.m4a=00;36:*.mid=00;36:*.midi=00;36:*.mka=00;36:*.mp3=00;36:*.mpc=00;36:*.ogg=00;36:*.ra=00;36:*.wav=00;36:*.oga=00;36:*.opus=00;36:*.spx=00;36:*.xspf=00;36:'), ('AMENT_PREFIX_PATH', '/home/cricchetto/Robomaster_WS/install/sllidar_ros2:/home/cricchetto/Robomaster_WS/install/robomaster_ros:/home/cricchetto/Robomaster_WS/install/robomaster_msgs:/home/cricchetto/Robomaster_WS/install/robomaster_description:/home/cricchetto/Robomaster_WS/install/dwb_msgs:/home/cricchetto/Robomaster_WS/install/nav_2d_msgs:/home/cricchetto/Robomaster_WS/install/nav2_voxel_grid:/home/cricchetto/Robomaster_WS/install/nav2_simple_commander:/home/cricchetto/Robomaster_WS/install/explore_lite:/home/cricchetto/Robomaster_WS/install/nav2_msgs:/home/cricchetto/Robomaster_WS/install/nav2_common:/home/cricchetto/Robomaster_WS/install/multirobot_map_merge:/home/cricchetto/Robomaster_WS/install/ep_control:/home/cricchetto/Robomaster_WS/install/drift:/opt/ros/humble'), ('SHELL', '/bin/bash'), ('LC_NAME', 'es_AR.UTF-8'), ('LESSCLOSE', '/usr/bin/lesspipe %s %s'), ('LC_MEASUREMENT', 'es_AR.UTF-8'), ('LC_IDENTIFICATION', 'es_AR.UTF-8'), ('PWD', '/home/cricchetto/Robomaster_WS/build/multirobot_map_merge'), ('LC_ALL', 'en_US.UTF-8'), ('SSH_CONNECTION', '172.18.147.201 55818 172.18.147.143 22'), ('PYTHONPATH', '/home/cricchetto/Robomaster_WS/install/robomaster_ros/lib/python3.10/site-packages:/home/cricchetto/Robomaster_WS/install/robomaster_msgs/local/lib/python3.10/dist-packages:/home/cricchetto/Robomaster_WS/install/dwb_msgs/local/lib/python3.10/dist-packages:/home/cricchetto/Robomaster_WS/install/nav_2d_msgs/local/lib/python3.10/dist-packages:/home/cricchetto/Robomaster_WS/install/nav2_simple_commander/lib/python3.10/site-packages:/home/cricchetto/Robomaster_WS/install/nav2_msgs/local/lib/python3.10/dist-packages:/home/cricchetto/Robomaster_WS/install/nav2_common/local/lib/python3.10/dist-packages:/home/cricchetto/Robomaster_WS/install/ep_control/lib/python3.10/site-packages:/home/cricchetto/Robomaster_WS/install/drift/lib/python3.10/site-packages:/opt/ros/humble/lib/python3.10/site-packages:/opt/ros/humble/local/lib/python3.10/dist-packages'), ('LC_NUMERIC', 'es_AR.UTF-8'), ('LC_PAPER', 'es_AR.UTF-8'), ('COLCON', '1'), ('CMAKE_PREFIX_PATH', '/home/cricchetto/Robomaster_WS/install/sllidar_ros2:/home/cricchetto/Robomaster_WS/install/robomaster_msgs:/home/cricchetto/Robomaster_WS/install/robomaster_description:/home/cricchetto/Robomaster_WS/install/dwb_msgs:/home/cricchetto/Robomaster_WS/install/nav_2d_msgs:/home/cricchetto/Robomaster_WS/install/nav2_voxel_grid:/home/cricchetto/Robomaster_WS/install/explore_lite:/home/cricchetto/Robomaster_WS/install/nav2_msgs:/home/cricchetto/Robomaster_WS/install/nav2_common:/home/cricchetto/Robomaster_WS/install/multirobot_map_merge:/home/cricchetto/Robomaster_WS/install/robomaster_ros:/home/cricchetto/Robomaster_WS/install/nav2_simple_commander:/home/cricchetto/Robomaster_WS/install/ep_control:/home/cricchetto/Robomaster_WS/install/drift:/opt/ros/humble')]), 'shell': False}
[5.360905] (-) TimerEvent: {}
[5.393003] (multirobot_map_merge) StdoutLine: {'line': b'-- Install configuration: ""\n'}
[5.397866] (multirobot_map_merge) StdoutLine: {'line': b'-- Up-to-date: /home/cricchetto/Robomaster_WS/install/multirobot_map_merge/include/map_merge/\n'}
[5.400812] (multirobot_map_merge) StdoutLine: {'line': b'-- Up-to-date: /home/cricchetto/Robomaster_WS/install/multirobot_map_merge/include/map_merge//ros1_names.hpp\n'}
[5.403449] (multirobot_map_merge) StdoutLine: {'line': b'-- Up-to-date: /home/cricchetto/Robomaster_WS/install/multirobot_map_merge/include/map_merge//map_merge.h\n'}
[5.406376] (multirobot_map_merge) StdoutLine: {'line': b'-- Up-to-date: /home/cricchetto/Robomaster_WS/install/multirobot_map_merge/share/multirobot_map_merge/launch\n'}
[5.409362] (multirobot_map_merge) StdoutLine: {'line': b'-- Up-to-date: /home/cricchetto/Robomaster_WS/install/multirobot_map_merge/share/multirobot_map_merge/launch/from_map_server.launch.py\n'}
[5.412173] (multirobot_map_merge) StdoutLine: {'line': b'-- Up-to-date: /home/cricchetto/Robomaster_WS/install/multirobot_map_merge/share/multirobot_map_merge/launch/map_merge.launch.py\n'}
[5.414491] (multirobot_map_merge) StdoutLine: {'line': b'-- Up-to-date: /home/cricchetto/Robomaster_WS/install/multirobot_map_merge/share/multirobot_map_merge/launch/map_merge.rviz\n'}
[5.416975] (multirobot_map_merge) StdoutLine: {'line': b'-- Up-to-date: /home/cricchetto/Robomaster_WS/install/multirobot_map_merge/share/multirobot_map_merge/launch/tb3_simulation\n'}
[5.419721] (multirobot_map_merge) StdoutLine: {'line': b'-- Up-to-date: /home/cricchetto/Robomaster_WS/install/multirobot_map_merge/share/multirobot_map_merge/launch/tb3_simulation/worlds\n'}
[5.422278] (multirobot_map_merge) StdoutLine: {'line': b'-- Up-to-date: /home/cricchetto/Robomaster_WS/install/multirobot_map_merge/share/multirobot_map_merge/launch/tb3_simulation/worlds/world_only.model\n'}
[5.424780] (multirobot_map_merge) StdoutLine: {'line': b'-- Up-to-date: /home/cricchetto/Robomaster_WS/install/multirobot_map_merge/share/multirobot_map_merge/launch/tb3_simulation/bringup_launch.py\n'}
[5.428839] (multirobot_map_merge) StdoutLine: {'line': b'-- Up-to-date: /home/cricchetto/Robomaster_WS/install/multirobot_map_merge/share/multirobot_map_merge/launch/tb3_simulation/slam_toolbox.py\n'}
[5.429924] (multirobot_map_merge) StdoutLine: {'line': b'-- Up-to-date: /home/cricchetto/Robomaster_WS/install/multirobot_map_merge/share/multirobot_map_merge/launch/tb3_simulation/config\n'}
[5.430742] (multirobot_map_merge) StdoutLine: {'line': b'-- Up-to-date: /home/cricchetto/Robomaster_WS/install/multirobot_map_merge/share/multirobot_map_merge/launch/tb3_simulation/config/nav2_multirobot_params_2.yaml\n'}
[5.434878] (multirobot_map_merge) StdoutLine: {'line': b'-- Up-to-date: /home/cricchetto/Robomaster_WS/install/multirobot_map_merge/share/multirobot_map_merge/launch/tb3_simulation/config/nav2_multirobot_params_1.yaml\n'}
[5.435922] (multirobot_map_merge) StdoutLine: {'line': b'-- Up-to-date: /home/cricchetto/Robomaster_WS/install/multirobot_map_merge/share/multirobot_map_merge/launch/tb3_simulation/multi_tb3_simulation_launch.py\n'}
[5.437088] (multirobot_map_merge) StdoutLine: {'line': b'-- Up-to-date: /home/cricchetto/Robomaster_WS/install/multirobot_map_merge/share/multirobot_map_merge/launch/tb3_simulation/tb3_simulation_launch.py\n'}
[5.438153] (multirobot_map_merge) StdoutLine: {'line': b'-- Up-to-date: /home/cricchetto/Robomaster_WS/install/multirobot_map_merge/share/multirobot_map_merge/config\n'}
[5.449333] (multirobot_map_merge) StdoutLine: {'line': b'-- Up-to-date: /home/cricchetto/Robomaster_WS/install/multirobot_map_merge/share/multirobot_map_merge/config/params.yaml\n'}
[5.450210] (multirobot_map_merge) StdoutLine: {'line': b'-- Up-to-date: /home/cricchetto/Robomaster_WS/install/multirobot_map_merge/lib/libcombine_grids.a\n'}
[5.450950] (multirobot_map_merge) StdoutLine: {'line': b'-- Up-to-date: /home/cricchetto/Robomaster_WS/install/multirobot_map_merge/lib/multirobot_map_merge/map_merge\n'}
[5.451732] (multirobot_map_merge) StdoutLine: {'line': b'-- Up-to-date: /home/cricchetto/Robomaster_WS/install/multirobot_map_merge/share/multirobot_map_merge/environment/library_path.sh\n'}
[5.454985] (multirobot_map_merge) StdoutLine: {'line': b'-- Up-to-date: /home/cricchetto/Robomaster_WS/install/multirobot_map_merge/share/multirobot_map_merge/environment/library_path.dsv\n'}
[5.455865] (multirobot_map_merge) StdoutLine: {'line': b'-- Up-to-date: /home/cricchetto/Robomaster_WS/install/multirobot_map_merge/share/ament_index/resource_index/package_run_dependencies/multirobot_map_merge\n'}
[5.460569] (multirobot_map_merge) StdoutLine: {'line': b'-- Up-to-date: /home/cricchetto/Robomaster_WS/install/multirobot_map_merge/share/ament_index/resource_index/parent_prefix_path/multirobot_map_merge\n'}
[5.461453] (-) TimerEvent: {}
[5.466182] (multirobot_map_merge) StdoutLine: {'line': b'-- Up-to-date: /home/cricchetto/Robomaster_WS/install/multirobot_map_merge/share/multirobot_map_merge/environment/ament_prefix_path.sh\n'}
[5.467196] (multirobot_map_merge) StdoutLine: {'line': b'-- Up-to-date: /home/cricchetto/Robomaster_WS/install/multirobot_map_merge/share/multirobot_map_merge/environment/ament_prefix_path.dsv\n'}
[5.468021] (multirobot_map_merge) StdoutLine: {'line': b'-- Up-to-date: /home/cricchetto/Robomaster_WS/install/multirobot_map_merge/share/multirobot_map_merge/environment/path.sh\n'}
[5.468992] (multirobot_map_merge) StdoutLine: {'line': b'-- Up-to-date: /home/cricchetto/Robomaster_WS/install/multirobot_map_merge/share/multirobot_map_merge/environment/path.dsv\n'}
[5.475897] (multirobot_map_merge) StdoutLine: {'line': b'-- Up-to-date: /home/cricchetto/Robomaster_WS/install/multirobot_map_merge/share/multirobot_map_merge/local_setup.bash\n'}
[5.476991] (multirobot_map_merge) StdoutLine: {'line': b'-- Up-to-date: /home/cricchetto/Robomaster_WS/install/multirobot_map_merge/share/multirobot_map_merge/local_setup.sh\n'}
[5.478262] (multirobot_map_merge) StdoutLine: {'line': b'-- Up-to-date: /home/cricchetto/Robomaster_WS/install/multirobot_map_merge/share/multirobot_map_merge/local_setup.zsh\n'}
[5.479146] (multirobot_map_merge) StdoutLine: {'line': b'-- Up-to-date: /home/cricchetto/Robomaster_WS/install/multirobot_map_merge/share/multirobot_map_merge/local_setup.dsv\n'}
[5.480209] (multirobot_map_merge) StdoutLine: {'line': b'-- Installing: /home/cricchetto/Robomaster_WS/install/multirobot_map_merge/share/multirobot_map_merge/package.dsv\n'}
[5.485089] (multirobot_map_merge) StdoutLine: {'line': b'-- Up-to-date: /home/cricchetto/Robomaster_WS/install/multirobot_map_merge/share/ament_index/resource_index/packages/multirobot_map_merge\n'}
[5.486330] (multirobot_map_merge) StdoutLine: {'line': b'-- Up-to-date: /home/cricchetto/Robomaster_WS/install/multirobot_map_merge/share/multirobot_map_merge/cmake/ament_cmake_export_include_directories-extras.cmake\n'}
[5.487344] (multirobot_map_merge) StdoutLine: {'line': b'-- Up-to-date: /home/cricchetto/Robomaster_WS/install/multirobot_map_merge/share/multirobot_map_merge/cmake/ament_cmake_export_libraries-extras.cmake\n'}
[5.488088] (multirobot_map_merge) StdoutLine: {'line': b'-- Up-to-date: /home/cricchetto/Robomaster_WS/install/multirobot_map_merge/share/multirobot_map_merge/cmake/multirobot_map_mergeConfig.cmake\n'}
[5.488671] (multirobot_map_merge) StdoutLine: {'line': b'-- Up-to-date: /home/cricchetto/Robomaster_WS/install/multirobot_map_merge/share/multirobot_map_merge/cmake/multirobot_map_mergeConfig-version.cmake\n'}
[5.489281] (multirobot_map_merge) StdoutLine: {'line': b'-- Up-to-date: /home/cricchetto/Robomaster_WS/install/multirobot_map_merge/share/multirobot_map_merge/package.xml\n'}
[5.498372] (multirobot_map_merge) CommandEnded: {'returncode': 0}
[5.563004] (-) TimerEvent: {}
[5.619606] (sllidar_ros2) StdoutLine: {'line': b'[ 10%] Built target sllidar_client\n'}
[5.633867] (multirobot_map_merge) JobEnded: {'identifier': 'multirobot_map_merge', 'rc': 0}
[5.643288] (robomaster_ros) JobStarted: {'identifier': 'robomaster_ros'}
[5.647171] (sllidar_ros2) StdoutLine: {'line': b'[100%] Built target sllidar_node\n'}
[5.663432] (-) TimerEvent: {}
[5.715508] (ep_control) Command: {'cmd': ['/usr/bin/python3', '-W', 'ignore:setup.py install is deprecated', '-W', 'ignore:easy_install command is deprecated', 'setup.py', 'egg_info', '--egg-base', '../../build/ep_control', 'build', '--build-base', '/home/cricchetto/Robomaster_WS/build/ep_control/build', 'install', '--record', '/home/cricchetto/Robomaster_WS/build/ep_control/install.log', '--single-version-externally-managed', 'install_data'], 'cwd': '/home/cricchetto/Robomaster_WS/src/ep_control', 'env': {'LESSOPEN': '| /usr/bin/lesspipe %s', 'USER': 'cricchetto', 'SSH_CLIENT': '172.18.147.201 55818 22', 'LC_TIME': 'es_AR.UTF-8', 'XDG_SESSION_TYPE': 'tty', 'SHLVL': '2', 'LD_LIBRARY_PATH': '/home/cricchetto/Robomaster_WS/install/robomaster_msgs/lib:/home/cricchetto/Robomaster_WS/install/dwb_msgs/lib:/home/cricchetto/Robomaster_WS/install/nav_2d_msgs/lib:/home/cricchetto/Robomaster_WS/install/nav2_voxel_grid/lib:/home/cricchetto/Robomaster_WS/install/nav2_msgs/lib:/home/cricchetto/Robomaster_WS/install/multirobot_map_merge/lib:/opt/ros/humble/opt/rviz_ogre_vendor/lib:/opt/ros/humble/lib/aarch64-linux-gnu:/opt/ros/humble/lib', 'MOTD_SHOWN': 'pam', 'HOME': '/home/cricchetto', 'OLDPWD': '/home/cricchetto', 'SSH_TTY': '/dev/pts/0', 'ROS_PYTHON_VERSION': '3', 'LC_MONETARY': 'es_AR.UTF-8', 'DBUS_SESSION_BUS_ADDRESS': 'unix:path=/run/user/1000/bus', 'COLCON_PREFIX_PATH': '/home/cricchetto/Robomaster_WS/install', 'ROS_DISTRO': 'humble', 'LOGNAME': 'cricchetto', '_': '/usr/bin/colcon', 'ROS_VERSION': '2', 'XDG_SESSION_CLASS': 'user', 'TERM': 'xterm-256color', 'XDG_SESSION_ID': '1', 'ROS_LOCALHOST_ONLY': '0', 'PATH': '/home/cricchetto/.local/bin:/opt/ros/humble/bin:/usr/local/sbin:/usr/local/bin:/usr/sbin:/usr/bin:/sbin:/bin:/usr/games:/usr/local/games:/snap/bin:/home/cricchettoSD/.local/bin', 'LC_ADDRESS': 'es_AR.UTF-8', 'XDG_RUNTIME_DIR': '/run/user/1000', 'DISPLAY': 'localhost:10.0', 'LANG': 'en_US.UTF-8', 'LC_TELEPHONE': 'es_AR.UTF-8', 'LS_COLORS': 'rs=0:di=01;34:ln=01;36:mh=00:pi=40;33:so=01;35:do=01;35:bd=40;33;01:cd=40;33;01:or=40;31;01:mi=00:su=37;41:sg=30;43:ca=30;41:tw=30;42:ow=34;42:st=37;44:ex=01;32:*.tar=01;31:*.tgz=01;31:*.arc=01;31:*.arj=01;31:*.taz=01;31:*.lha=01;31:*.lz4=01;31:*.lzh=01;31:*.lzma=01;31:*.tlz=01;31:*.txz=01;31:*.tzo=01;31:*.t7z=01;31:*.zip=01;31:*.z=01;31:*.dz=01;31:*.gz=01;31:*.lrz=01;31:*.lz=01;31:*.lzo=01;31:*.xz=01;31:*.zst=01;31:*.tzst=01;31:*.bz2=01;31:*.bz=01;31:*.tbz=01;31:*.tbz2=01;31:*.tz=01;31:*.deb=01;31:*.rpm=01;31:*.jar=01;31:*.war=01;31:*.ear=01;31:*.sar=01;31:*.rar=01;31:*.alz=01;31:*.ace=01;31:*.zoo=01;31:*.cpio=01;31:*.7z=01;31:*.rz=01;31:*.cab=01;31:*.wim=01;31:*.swm=01;31:*.dwm=01;31:*.esd=01;31:*.jpg=01;35:*.jpeg=01;35:*.mjpg=01;35:*.mjpeg=01;35:*.gif=01;35:*.bmp=01;35:*.pbm=01;35:*.pgm=01;35:*.ppm=01;35:*.tga=01;35:*.xbm=01;35:*.xpm=01;35:*.tif=01;35:*.tiff=01;35:*.png=01;35:*.svg=01;35:*.svgz=01;35:*.mng=01;35:*.pcx=01;35:*.mov=01;35:*.mpg=01;35:*.mpeg=01;35:*.m2v=01;35:*.mkv=01;35:*.webm=01;35:*.webp=01;35:*.ogm=01;35:*.mp4=01;35:*.m4v=01;35:*.mp4v=01;35:*.vob=01;35:*.qt=01;35:*.nuv=01;35:*.wmv=01;35:*.asf=01;35:*.rm=01;35:*.rmvb=01;35:*.flc=01;35:*.avi=01;35:*.fli=01;35:*.flv=01;35:*.gl=01;35:*.dl=01;35:*.xcf=01;35:*.xwd=01;35:*.yuv=01;35:*.cgm=01;35:*.emf=01;35:*.ogv=01;35:*.ogx=01;35:*.aac=00;36:*.au=00;36:*.flac=00;36:*.m4a=00;36:*.mid=00;36:*.midi=00;36:*.mka=00;36:*.mp3=00;36:*.mpc=00;36:*.ogg=00;36:*.ra=00;36:*.wav=00;36:*.oga=00;36:*.opus=00;36:*.spx=00;36:*.xspf=00;36:', 'AMENT_PREFIX_PATH': '/home/cricchetto/Robomaster_WS/install/sllidar_ros2:/home/cricchetto/Robomaster_WS/install/robomaster_ros:/home/cricchetto/Robomaster_WS/install/robomaster_msgs:/home/cricchetto/Robomaster_WS/install/robomaster_description:/home/cricchetto/Robomaster_WS/install/dwb_msgs:/home/cricchetto/Robomaster_WS/install/nav_2d_msgs:/home/cricchetto/Robomaster_WS/install/nav2_voxel_grid:/home/cricchetto/Robomaster_WS/install/nav2_simple_commander:/home/cricchetto/Robomaster_WS/install/explore_lite:/home/cricchetto/Robomaster_WS/install/nav2_msgs:/home/cricchetto/Robomaster_WS/install/nav2_common:/home/cricchetto/Robomaster_WS/install/multirobot_map_merge:/home/cricchetto/Robomaster_WS/install/ep_control:/home/cricchetto/Robomaster_WS/install/drift:/opt/ros/humble', 'SHELL': '/bin/bash', 'LC_NAME': 'es_AR.UTF-8', 'LESSCLOSE': '/usr/bin/lesspipe %s %s', 'LC_MEASUREMENT': 'es_AR.UTF-8', 'LC_IDENTIFICATION': 'es_AR.UTF-8', 'PWD': '/home/cricchetto/Robomaster_WS/build/ep_control', 'LC_ALL': 'en_US.UTF-8', 'SSH_CONNECTION': '172.18.147.201 55818 172.18.147.143 22', 'PYTHONPATH': '/home/cricchetto/Robomaster_WS/build/ep_control/prefix_override:/usr/lib/python3/dist-packages/colcon_core/task/python/colcon_distutils_commands:/home/cricchetto/Robomaster_WS/install/ep_control/lib/python3.10/site-packages:/home/cricchetto/Robomaster_WS/install/robomaster_ros/lib/python3.10/site-packages:/home/cricchetto/Robomaster_WS/install/robomaster_msgs/local/lib/python3.10/dist-packages:/home/cricchetto/Robomaster_WS/install/dwb_msgs/local/lib/python3.10/dist-packages:/home/cricchetto/Robomaster_WS/install/nav_2d_msgs/local/lib/python3.10/dist-packages:/home/cricchetto/Robomaster_WS/install/nav2_simple_commander/lib/python3.10/site-packages:/home/cricchetto/Robomaster_WS/install/nav2_msgs/local/lib/python3.10/dist-packages:/home/cricchetto/Robomaster_WS/install/nav2_common/local/lib/python3.10/dist-packages:/home/cricchetto/Robomaster_WS/install/ep_control/lib/python3.10/site-packages:/home/cricchetto/Robomaster_WS/install/drift/lib/python3.10/site-packages:/opt/ros/humble/lib/python3.10/site-packages:/opt/ros/humble/local/lib/python3.10/dist-packages', 'LC_NUMERIC': 'es_AR.UTF-8', 'LC_PAPER': 'es_AR.UTF-8', 'COLCON': '1', 'CMAKE_PREFIX_PATH': '/home/cricchetto/Robomaster_WS/install/sllidar_ros2:/home/cricchetto/Robomaster_WS/install/robomaster_msgs:/home/cricchetto/Robomaster_WS/install/robomaster_description:/home/cricchetto/Robomaster_WS/install/dwb_msgs:/home/cricchetto/Robomaster_WS/install/nav_2d_msgs:/home/cricchetto/Robomaster_WS/install/nav2_voxel_grid:/home/cricchetto/Robomaster_WS/install/explore_lite:/home/cricchetto/Robomaster_WS/install/nav2_msgs:/home/cricchetto/Robomaster_WS/install/nav2_common:/home/cricchetto/Robomaster_WS/install/multirobot_map_merge'}, 'shell': False}
[5.740872] (sllidar_ros2) CommandEnded: {'returncode': 0}
[5.745464] (sllidar_ros2) JobProgress: {'identifier': 'sllidar_ros2', 'progress': 'install'}
[5.747277] (sllidar_ros2) Command: {'cmd': ['/usr/bin/cmake', '--install', '/home/cricchetto/Robomaster_WS/build/sllidar_ros2'], 'cwd': '/home/cricchetto/Robomaster_WS/build/sllidar_ros2', 'env': OrderedDict([('LESSOPEN', '| /usr/bin/lesspipe %s'), ('USER', 'cricchetto'), ('SSH_CLIENT', '172.18.147.201 55818 22'), ('LC_TIME', 'es_AR.UTF-8'), ('XDG_SESSION_TYPE', 'tty'), ('SHLVL', '2'), ('LD_LIBRARY_PATH', '/home/cricchetto/Robomaster_WS/install/robomaster_msgs/lib:/home/cricchetto/Robomaster_WS/install/dwb_msgs/lib:/home/cricchetto/Robomaster_WS/install/nav_2d_msgs/lib:/home/cricchetto/Robomaster_WS/install/nav2_voxel_grid/lib:/home/cricchetto/Robomaster_WS/install/nav2_msgs/lib:/home/cricchetto/Robomaster_WS/install/multirobot_map_merge/lib:/opt/ros/humble/opt/rviz_ogre_vendor/lib:/opt/ros/humble/lib/aarch64-linux-gnu:/opt/ros/humble/lib'), ('MOTD_SHOWN', 'pam'), ('HOME', '/home/cricchetto'), ('OLDPWD', '/home/cricchetto'), ('SSH_TTY', '/dev/pts/0'), ('ROS_PYTHON_VERSION', '3'), ('LC_MONETARY', 'es_AR.UTF-8'), ('DBUS_SESSION_BUS_ADDRESS', 'unix:path=/run/user/1000/bus'), ('COLCON_PREFIX_PATH', '/home/cricchetto/Robomaster_WS/install'), ('ROS_DISTRO', 'humble'), ('LOGNAME', 'cricchetto'), ('_', '/usr/bin/colcon'), ('ROS_VERSION', '2'), ('XDG_SESSION_CLASS', 'user'), ('TERM', 'xterm-256color'), ('XDG_SESSION_ID', '1'), ('ROS_LOCALHOST_ONLY', '0'), ('PATH', '/home/cricchetto/.local/bin:/opt/ros/humble/bin:/usr/local/sbin:/usr/local/bin:/usr/sbin:/usr/bin:/sbin:/bin:/usr/games:/usr/local/games:/snap/bin:/home/cricchettoSD/.local/bin'), ('LC_ADDRESS', 'es_AR.UTF-8'), ('XDG_RUNTIME_DIR', '/run/user/1000'), ('DISPLAY', 'localhost:10.0'), ('LANG', 'en_US.UTF-8'), ('LC_TELEPHONE', 'es_AR.UTF-8'), ('LS_COLORS', 'rs=0:di=01;34:ln=01;36:mh=00:pi=40;33:so=01;35:do=01;35:bd=40;33;01:cd=40;33;01:or=40;31;01:mi=00:su=37;41:sg=30;43:ca=30;41:tw=30;42:ow=34;42:st=37;44:ex=01;32:*.tar=01;31:*.tgz=01;31:*.arc=01;31:*.arj=01;31:*.taz=01;31:*.lha=01;31:*.lz4=01;31:*.lzh=01;31:*.lzma=01;31:*.tlz=01;31:*.txz=01;31:*.tzo=01;31:*.t7z=01;31:*.zip=01;31:*.z=01;31:*.dz=01;31:*.gz=01;31:*.lrz=01;31:*.lz=01;31:*.lzo=01;31:*.xz=01;31:*.zst=01;31:*.tzst=01;31:*.bz2=01;31:*.bz=01;31:*.tbz=01;31:*.tbz2=01;31:*.tz=01;31:*.deb=01;31:*.rpm=01;31:*.jar=01;31:*.war=01;31:*.ear=01;31:*.sar=01;31:*.rar=01;31:*.alz=01;31:*.ace=01;31:*.zoo=01;31:*.cpio=01;31:*.7z=01;31:*.rz=01;31:*.cab=01;31:*.wim=01;31:*.swm=01;31:*.dwm=01;31:*.esd=01;31:*.jpg=01;35:*.jpeg=01;35:*.mjpg=01;35:*.mjpeg=01;35:*.gif=01;35:*.bmp=01;35:*.pbm=01;35:*.pgm=01;35:*.ppm=01;35:*.tga=01;35:*.xbm=01;35:*.xpm=01;35:*.tif=01;35:*.tiff=01;35:*.png=01;35:*.svg=01;35:*.svgz=01;35:*.mng=01;35:*.pcx=01;35:*.mov=01;35:*.mpg=01;35:*.mpeg=01;35:*.m2v=01;35:*.mkv=01;35:*.webm=01;35:*.webp=01;35:*.ogm=01;35:*.mp4=01;35:*.m4v=01;35:*.mp4v=01;35:*.vob=01;35:*.qt=01;35:*.nuv=01;35:*.wmv=01;35:*.asf=01;35:*.rm=01;35:*.rmvb=01;35:*.flc=01;35:*.avi=01;35:*.fli=01;35:*.flv=01;35:*.gl=01;35:*.dl=01;35:*.xcf=01;35:*.xwd=01;35:*.yuv=01;35:*.cgm=01;35:*.emf=01;35:*.ogv=01;35:*.ogx=01;35:*.aac=00;36:*.au=00;36:*.flac=00;36:*.m4a=00;36:*.mid=00;36:*.midi=00;36:*.mka=00;36:*.mp3=00;36:*.mpc=00;36:*.ogg=00;36:*.ra=00;36:*.wav=00;36:*.oga=00;36:*.opus=00;36:*.spx=00;36:*.xspf=00;36:'), ('AMENT_PREFIX_PATH', '/home/cricchetto/Robomaster_WS/install/sllidar_ros2:/home/cricchetto/Robomaster_WS/install/robomaster_ros:/home/cricchetto/Robomaster_WS/install/robomaster_msgs:/home/cricchetto/Robomaster_WS/install/robomaster_description:/home/cricchetto/Robomaster_WS/install/dwb_msgs:/home/cricchetto/Robomaster_WS/install/nav_2d_msgs:/home/cricchetto/Robomaster_WS/install/nav2_voxel_grid:/home/cricchetto/Robomaster_WS/install/nav2_simple_commander:/home/cricchetto/Robomaster_WS/install/explore_lite:/home/cricchetto/Robomaster_WS/install/nav2_msgs:/home/cricchetto/Robomaster_WS/install/nav2_common:/home/cricchetto/Robomaster_WS/install/multirobot_map_merge:/home/cricchetto/Robomaster_WS/install/ep_control:/home/cricchetto/Robomaster_WS/install/drift:/opt/ros/humble'), ('SHELL', '/bin/bash'), ('LC_NAME', 'es_AR.UTF-8'), ('LESSCLOSE', '/usr/bin/lesspipe %s %s'), ('LC_MEASUREMENT', 'es_AR.UTF-8'), ('LC_IDENTIFICATION', 'es_AR.UTF-8'), ('PWD', '/home/cricchetto/Robomaster_WS/build/sllidar_ros2'), ('LC_ALL', 'en_US.UTF-8'), ('SSH_CONNECTION', '172.18.147.201 55818 172.18.147.143 22'), ('PYTHONPATH', '/home/cricchetto/Robomaster_WS/install/robomaster_ros/lib/python3.10/site-packages:/home/cricchetto/Robomaster_WS/install/robomaster_msgs/local/lib/python3.10/dist-packages:/home/cricchetto/Robomaster_WS/install/dwb_msgs/local/lib/python3.10/dist-packages:/home/cricchetto/Robomaster_WS/install/nav_2d_msgs/local/lib/python3.10/dist-packages:/home/cricchetto/Robomaster_WS/install/nav2_simple_commander/lib/python3.10/site-packages:/home/cricchetto/Robomaster_WS/install/nav2_msgs/local/lib/python3.10/dist-packages:/home/cricchetto/Robomaster_WS/install/nav2_common/local/lib/python3.10/dist-packages:/home/cricchetto/Robomaster_WS/install/ep_control/lib/python3.10/site-packages:/home/cricchetto/Robomaster_WS/install/drift/lib/python3.10/site-packages:/opt/ros/humble/lib/python3.10/site-packages:/opt/ros/humble/local/lib/python3.10/dist-packages'), ('LC_NUMERIC', 'es_AR.UTF-8'), ('LC_PAPER', 'es_AR.UTF-8'), ('COLCON', '1'), ('CMAKE_PREFIX_PATH', '/home/cricchetto/Robomaster_WS/install/sllidar_ros2:/home/cricchetto/Robomaster_WS/install/robomaster_msgs:/home/cricchetto/Robomaster_WS/install/robomaster_description:/home/cricchetto/Robomaster_WS/install/dwb_msgs:/home/cricchetto/Robomaster_WS/install/nav_2d_msgs:/home/cricchetto/Robomaster_WS/install/nav2_voxel_grid:/home/cricchetto/Robomaster_WS/install/explore_lite:/home/cricchetto/Robomaster_WS/install/nav2_msgs:/home/cricchetto/Robomaster_WS/install/nav2_common:/home/cricchetto/Robomaster_WS/install/multirobot_map_merge:/home/cricchetto/Robomaster_WS/install/robomaster_ros:/home/cricchetto/Robomaster_WS/install/nav2_simple_commander:/home/cricchetto/Robomaster_WS/install/ep_control:/home/cricchetto/Robomaster_WS/install/drift:/opt/ros/humble')]), 'shell': False}
[5.765507] (-) TimerEvent: {}
[5.868440] (-) TimerEvent: {}
[5.969382] (-) TimerEvent: {}
[6.070377] (-) TimerEvent: {}
[6.171198] (-) TimerEvent: {}
[6.271951] (-) TimerEvent: {}
[6.372685] (-) TimerEvent: {}
[6.473345] (-) TimerEvent: {}
[6.574279] (-) TimerEvent: {}
[6.675541] (-) TimerEvent: {}
[6.776649] (-) TimerEvent: {}
[6.877699] (-) TimerEvent: {}
[6.927050] (ep_control) StdoutLine: {'line': b'running egg_info\n'}
[6.929944] (ep_control) StdoutLine: {'line': b'writing ../../build/ep_control/ep_control.egg-info/PKG-INFO\n'}
[6.931218] (ep_control) StdoutLine: {'line': b'writing dependency_links to ../../build/ep_control/ep_control.egg-info/dependency_links.txt\n'}
[6.932301] (ep_control) StdoutLine: {'line': b'writing entry points to ../../build/ep_control/ep_control.egg-info/entry_points.txt\n'}
[6.933256] (ep_control) StdoutLine: {'line': b'writing requirements to ../../build/ep_control/ep_control.egg-info/requires.txt\n'}
[6.934763] (ep_control) StdoutLine: {'line': b'writing top-level names to ../../build/ep_control/ep_control.egg-info/top_level.txt\n'}
[6.949362] (ep_control) StdoutLine: {'line': b"reading manifest file '../../build/ep_control/ep_control.egg-info/SOURCES.txt'\n"}
[6.955376] (ep_control) StdoutLine: {'line': b"writing manifest file '../../build/ep_control/ep_control.egg-info/SOURCES.txt'\n"}
[6.956278] (ep_control) StdoutLine: {'line': b'running build\n'}
[6.957061] (ep_control) StdoutLine: {'line': b'running build_py\n'}
[6.961088] (ep_control) StdoutLine: {'line': b'running install\n'}
[6.963507] (ep_control) StdoutLine: {'line': b'running install_lib\n'}
[6.974977] (ep_control) StdoutLine: {'line': b'running install_data\n'}
[6.976549] (ep_control) StdoutLine: {'line': b'running install_egg_info\n'}
[6.977919] (-) TimerEvent: {}
[6.989815] (ep_control) StdoutLine: {'line': b"removing '/home/cricchetto/Robomaster_WS/install/ep_control/lib/python3.10/site-packages/ep_control-0.0.0-py3.10.egg-info' (and everything under it)\n"}
[6.992060] (ep_control) StdoutLine: {'line': b'Copying ../../build/ep_control/ep_control.egg-info to /home/cricchetto/Robomaster_WS/install/ep_control/lib/python3.10/site-packages/ep_control-0.0.0-py3.10.egg-info\n'}
[7.001547] (ep_control) StdoutLine: {'line': b'running install_scripts\n'}
[7.075894] (sllidar_ros2) StdoutLine: {'line': b'-- Install configuration: ""\n'}
[7.076517] (sllidar_ros2) StdoutLine: {'line': b'-- Up-to-date: /home/cricchetto/Robomaster_WS/install/sllidar_ros2/share/sllidar_ros2/launch\n'}
[7.077721] (sllidar_ros2) StdoutLine: {'line': b'-- Up-to-date: /home/cricchetto/Robomaster_WS/install/sllidar_ros2/share/sllidar_ros2/launch/view_sllidar_s1_tcp_launch.py\n'}
[7.078413] (-) TimerEvent: {}
[7.078946] (sllidar_ros2) StdoutLine: {'line': b'-- Up-to-date: /home/cricchetto/Robomaster_WS/install/sllidar_ros2/share/sllidar_ros2/launch/sllidar_a2m12_launch .py\n'}
[7.079473] (sllidar_ros2) StdoutLine: {'line': b'-- Up-to-date: /home/cricchetto/Robomaster_WS/install/sllidar_ros2/share/sllidar_ros2/launch/view_sllidar_s1_launch.py\n'}
[7.079898] (sllidar_ros2) StdoutLine: {'line': b'-- Up-to-date: /home/cricchetto/Robomaster_WS/install/sllidar_ros2/share/sllidar_ros2/launch/sllidar_s3_launch.py\n'}
[7.080419] (sllidar_ros2) StdoutLine: {'line': b'-- Up-to-date: /home/cricchetto/Robomaster_WS/install/sllidar_ros2/share/sllidar_ros2/launch/view_sllidar_a2m7_launch.py\n'}
[7.080820] (sllidar_ros2) StdoutLine: {'line': b'-- Up-to-date: /home/cricchetto/Robomaster_WS/install/sllidar_ros2/share/sllidar_ros2/launch/sllidar_a2m8_launch.py\n'}
[7.081159] (sllidar_ros2) StdoutLine: {'line': b'-- Up-to-date: /home/cricchetto/Robomaster_WS/install/sllidar_ros2/share/sllidar_ros2/launch/view_sllidar_s2_launch.py\n'}
[7.081474] (sllidar_ros2) StdoutLine: {'line': b'-- Up-to-date: /home/cricchetto/Robomaster_WS/install/sllidar_ros2/share/sllidar_ros2/launch/view_sllidar_s2e_launch.py\n'}
[7.081767] (sllidar_ros2) StdoutLine: {'line': b'-- Up-to-date: /home/cricchetto/Robomaster_WS/install/sllidar_ros2/share/sllidar_ros2/launch/view_sllidar_a2m12_launch.py\n'}
[7.082218] (sllidar_ros2) StdoutLine: {'line': b'-- Up-to-date: /home/cricchetto/Robomaster_WS/install/sllidar_ros2/share/sllidar_ros2/launch/sllidar_s1_launch.py\n'}
[7.082603] (sllidar_ros2) StdoutLine: {'line': b'-- Up-to-date: /home/cricchetto/Robomaster_WS/install/sllidar_ros2/share/sllidar_ros2/launch/view_sllidar_s3_launch.py\n'}
[7.083005] (sllidar_ros2) StdoutLine: {'line': b'-- Up-to-date: /home/cricchetto/Robomaster_WS/install/sllidar_ros2/share/sllidar_ros2/launch/view_sllidar_a2m8_launch.py\n'}
[7.083418] (sllidar_ros2) StdoutLine: {'line': b'-- Up-to-date: /home/cricchetto/Robomaster_WS/install/sllidar_ros2/share/sllidar_ros2/launch/view_sllidar_t1_launch.py\n'}
[7.083746] (sllidar_ros2) StdoutLine: {'line': b'-- Up-to-date: /home/cricchetto/Robomaster_WS/install/sllidar_ros2/share/sllidar_ros2/launch/view_sllidar_a1_launch.py\n'}
[7.084031] (sllidar_ros2) StdoutLine: {'line': b'-- Up-to-date: /home/cricchetto/Robomaster_WS/install/sllidar_ros2/share/sllidar_ros2/launch/sllidar_s2_launch.py\n'}
[7.084398] (sllidar_ros2) StdoutLine: {'line': b'-- Up-to-date: /home/cricchetto/Robomaster_WS/install/sllidar_ros2/share/sllidar_ros2/launch/sllidar_t1_launch.py\n'}
[7.084781] (sllidar_ros2) StdoutLine: {'line': b'-- Up-to-date: /home/cricchetto/Robomaster_WS/install/sllidar_ros2/share/sllidar_ros2/launch/sllidar_a1_launch.py\n'}
[7.085152] (sllidar_ros2) StdoutLine: {'line': b'-- Up-to-date: /home/cricchetto/Robomaster_WS/install/sllidar_ros2/share/sllidar_ros2/launch/sllidar_c1_launch.py\n'}
[7.085463] (sllidar_ros2) StdoutLine: {'line': b'-- Up-to-date: /home/cricchetto/Robomaster_WS/install/sllidar_ros2/share/sllidar_ros2/launch/view_sllidar_c1_launch.py\n'}
[7.085764] (sllidar_ros2) StdoutLine: {'line': b'-- Up-to-date: /home/cricchetto/Robomaster_WS/install/sllidar_ros2/share/sllidar_ros2/launch/view_sllidar_a3_launch.py\n'}
[7.086098] (sllidar_ros2) StdoutLine: {'line': b'-- Up-to-date: /home/cricchetto/Robomaster_WS/install/sllidar_ros2/share/sllidar_ros2/launch/sllidar_s1_tcp_launch.py\n'}
[7.086538] (sllidar_ros2) StdoutLine: {'line': b'-- Up-to-date: /home/cricchetto/Robomaster_WS/install/sllidar_ros2/share/sllidar_ros2/launch/sllidar_a2m7_launch.py\n'}
[7.086893] (sllidar_ros2) StdoutLine: {'line': b'-- Up-to-date: /home/cricchetto/Robomaster_WS/install/sllidar_ros2/share/sllidar_ros2/launch/sllidar_a3_launch.py\n'}
[7.087233] (sllidar_ros2) StdoutLine: {'line': b'-- Up-to-date: /home/cricchetto/Robomaster_WS/install/sllidar_ros2/share/sllidar_ros2/launch/sllidar_s2e_launch.py\n'}
[7.087586] (sllidar_ros2) StdoutLine: {'line': b'-- Up-to-date: /home/cricchetto/Robomaster_WS/install/sllidar_ros2/share/sllidar_ros2/rviz\n'}
[7.087953] (sllidar_ros2) StdoutLine: {'line': b'-- Up-to-date: /home/cricchetto/Robomaster_WS/install/sllidar_ros2/share/sllidar_ros2/rviz/sllidar_ros2.rviz\n'}
[7.088458] (sllidar_ros2) StdoutLine: {'line': b'-- Up-to-date: /home/cricchetto/Robomaster_WS/install/sllidar_ros2/lib/sllidar_ros2/sllidar_node\n'}
[7.088965] (sllidar_ros2) StdoutLine: {'line': b'-- Up-to-date: /home/cricchetto/Robomaster_WS/install/sllidar_ros2/lib/sllidar_ros2/sllidar_client\n'}
[7.089662] (sllidar_ros2) StdoutLine: {'line': b'-- Up-to-date: /home/cricchetto/Robomaster_WS/install/sllidar_ros2/share/ament_index/resource_index/package_run_dependencies/sllidar_ros2\n'}
[7.090050] (sllidar_ros2) StdoutLine: {'line': b'-- Up-to-date: /home/cricchetto/Robomaster_WS/install/sllidar_ros2/share/ament_index/resource_index/parent_prefix_path/sllidar_ros2\n'}
[7.090448] (sllidar_ros2) StdoutLine: {'line': b'-- Up-to-date: /home/cricchetto/Robomaster_WS/install/sllidar_ros2/share/sllidar_ros2/environment/ament_prefix_path.sh\n'}
[7.090791] (sllidar_ros2) StdoutLine: {'line': b'-- Up-to-date: /home/cricchetto/Robomaster_WS/install/sllidar_ros2/share/sllidar_ros2/environment/ament_prefix_path.dsv\n'}
[7.091077] (sllidar_ros2) StdoutLine: {'line': b'-- Up-to-date: /home/cricchetto/Robomaster_WS/install/sllidar_ros2/share/sllidar_ros2/environment/path.sh\n'}
[7.091352] (sllidar_ros2) StdoutLine: {'line': b'-- Up-to-date: /home/cricchetto/Robomaster_WS/install/sllidar_ros2/share/sllidar_ros2/environment/path.dsv\n'}
[7.091761] (sllidar_ros2) StdoutLine: {'line': b'-- Up-to-date: /home/cricchetto/Robomaster_WS/install/sllidar_ros2/share/sllidar_ros2/local_setup.bash\n'}
[7.092132] (sllidar_ros2) StdoutLine: {'line': b'-- Up-to-date: /home/cricchetto/Robomaster_WS/install/sllidar_ros2/share/sllidar_ros2/local_setup.sh\n'}
[7.103586] (sllidar_ros2) StdoutLine: {'line': b'-- Up-to-date: /home/cricchetto/Robomaster_WS/install/sllidar_ros2/share/sllidar_ros2/local_setup.zsh\n'}
[7.103963] (sllidar_ros2) StdoutLine: {'line': b'-- Up-to-date: /home/cricchetto/Robomaster_WS/install/sllidar_ros2/share/sllidar_ros2/local_setup.dsv\n'}
[7.104385] (sllidar_ros2) StdoutLine: {'line': b'-- Installing: /home/cricchetto/Robomaster_WS/install/sllidar_ros2/share/sllidar_ros2/package.dsv\n'}
[7.104734] (sllidar_ros2) StdoutLine: {'line': b'-- Up-to-date: /home/cricchetto/Robomaster_WS/install/sllidar_ros2/share/ament_index/resource_index/packages/sllidar_ros2\n'}
[7.105066] (sllidar_ros2) StdoutLine: {'line': b'-- Up-to-date: /home/cricchetto/Robomaster_WS/install/sllidar_ros2/share/sllidar_ros2/cmake/ament_cmake_export_dependencies-extras.cmake\n'}
[7.105376] (sllidar_ros2) StdoutLine: {'line': b'-- Up-to-date: /home/cricchetto/Robomaster_WS/install/sllidar_ros2/share/sllidar_ros2/cmake/ament_cmake_export_include_directories-extras.cmake\n'}
[7.105721] (sllidar_ros2) StdoutLine: {'line': b'-- Up-to-date: /home/cricchetto/Robomaster_WS/install/sllidar_ros2/share/sllidar_ros2/cmake/sllidar_ros2Config.cmake\n'}
[7.106056] (sllidar_ros2) StdoutLine: {'line': b'-- Up-to-date: /home/cricchetto/Robomaster_WS/install/sllidar_ros2/share/sllidar_ros2/cmake/sllidar_ros2Config-version.cmake\n'}
[7.106395] (sllidar_ros2) StdoutLine: {'line': b'-- Up-to-date: /home/cricchetto/Robomaster_WS/install/sllidar_ros2/share/sllidar_ros2/package.xml\n'}
[7.106788] (drift) Command: {'cmd': ['/usr/bin/python3', '-W', 'ignore:setup.py install is deprecated', '-W', 'ignore:easy_install command is deprecated', 'setup.py', 'egg_info', '--egg-base', '../../build/drift', 'build', '--build-base', '/home/cricchetto/Robomaster_WS/build/drift/build', 'install', '--record', '/home/cricchetto/Robomaster_WS/build/drift/install.log', '--single-version-externally-managed', 'install_data'], 'cwd': '/home/cricchetto/Robomaster_WS/src/drift', 'env': {'LESSOPEN': '| /usr/bin/lesspipe %s', 'USER': 'cricchetto', 'SSH_CLIENT': '172.18.147.201 55818 22', 'LC_TIME': 'es_AR.UTF-8', 'XDG_SESSION_TYPE': 'tty', 'SHLVL': '2', 'LD_LIBRARY_PATH': '/home/cricchetto/Robomaster_WS/install/robomaster_msgs/lib:/home/cricchetto/Robomaster_WS/install/dwb_msgs/lib:/home/cricchetto/Robomaster_WS/install/nav_2d_msgs/lib:/home/cricchetto/Robomaster_WS/install/nav2_voxel_grid/lib:/home/cricchetto/Robomaster_WS/install/nav2_msgs/lib:/home/cricchetto/Robomaster_WS/install/multirobot_map_merge/lib:/opt/ros/humble/opt/rviz_ogre_vendor/lib:/opt/ros/humble/lib/aarch64-linux-gnu:/opt/ros/humble/lib', 'MOTD_SHOWN': 'pam', 'HOME': '/home/cricchetto', 'OLDPWD': '/home/cricchetto', 'SSH_TTY': '/dev/pts/0', 'ROS_PYTHON_VERSION': '3', 'LC_MONETARY': 'es_AR.UTF-8', 'DBUS_SESSION_BUS_ADDRESS': 'unix:path=/run/user/1000/bus', 'COLCON_PREFIX_PATH': '/home/cricchetto/Robomaster_WS/install', 'ROS_DISTRO': 'humble', 'LOGNAME': 'cricchetto', '_': '/usr/bin/colcon', 'ROS_VERSION': '2', 'XDG_SESSION_CLASS': 'user', 'TERM': 'xterm-256color', 'XDG_SESSION_ID': '1', 'ROS_LOCALHOST_ONLY': '0', 'PATH': '/home/cricchetto/.local/bin:/opt/ros/humble/bin:/usr/local/sbin:/usr/local/bin:/usr/sbin:/usr/bin:/sbin:/bin:/usr/games:/usr/local/games:/snap/bin:/home/cricchettoSD/.local/bin', 'LC_ADDRESS': 'es_AR.UTF-8', 'XDG_RUNTIME_DIR': '/run/user/1000', 'DISPLAY': 'localhost:10.0', 'LANG': 'en_US.UTF-8', 'LC_TELEPHONE': 'es_AR.UTF-8', 'LS_COLORS': 'rs=0:di=01;34:ln=01;36:mh=00:pi=40;33:so=01;35:do=01;35:bd=40;33;01:cd=40;33;01:or=40;31;01:mi=00:su=37;41:sg=30;43:ca=30;41:tw=30;42:ow=34;42:st=37;44:ex=01;32:*.tar=01;31:*.tgz=01;31:*.arc=01;31:*.arj=01;31:*.taz=01;31:*.lha=01;31:*.lz4=01;31:*.lzh=01;31:*.lzma=01;31:*.tlz=01;31:*.txz=01;31:*.tzo=01;31:*.t7z=01;31:*.zip=01;31:*.z=01;31:*.dz=01;31:*.gz=01;31:*.lrz=01;31:*.lz=01;31:*.lzo=01;31:*.xz=01;31:*.zst=01;31:*.tzst=01;31:*.bz2=01;31:*.bz=01;31:*.tbz=01;31:*.tbz2=01;31:*.tz=01;31:*.deb=01;31:*.rpm=01;31:*.jar=01;31:*.war=01;31:*.ear=01;31:*.sar=01;31:*.rar=01;31:*.alz=01;31:*.ace=01;31:*.zoo=01;31:*.cpio=01;31:*.7z=01;31:*.rz=01;31:*.cab=01;31:*.wim=01;31:*.swm=01;31:*.dwm=01;31:*.esd=01;31:*.jpg=01;35:*.jpeg=01;35:*.mjpg=01;35:*.mjpeg=01;35:*.gif=01;35:*.bmp=01;35:*.pbm=01;35:*.pgm=01;35:*.ppm=01;35:*.tga=01;35:*.xbm=01;35:*.xpm=01;35:*.tif=01;35:*.tiff=01;35:*.png=01;35:*.svg=01;35:*.svgz=01;35:*.mng=01;35:*.pcx=01;35:*.mov=01;35:*.mpg=01;35:*.mpeg=01;35:*.m2v=01;35:*.mkv=01;35:*.webm=01;35:*.webp=01;35:*.ogm=01;35:*.mp4=01;35:*.m4v=01;35:*.mp4v=01;35:*.vob=01;35:*.qt=01;35:*.nuv=01;35:*.wmv=01;35:*.asf=01;35:*.rm=01;35:*.rmvb=01;35:*.flc=01;35:*.avi=01;35:*.fli=01;35:*.flv=01;35:*.gl=01;35:*.dl=01;35:*.xcf=01;35:*.xwd=01;35:*.yuv=01;35:*.cgm=01;35:*.emf=01;35:*.ogv=01;35:*.ogx=01;35:*.aac=00;36:*.au=00;36:*.flac=00;36:*.m4a=00;36:*.mid=00;36:*.midi=00;36:*.mka=00;36:*.mp3=00;36:*.mpc=00;36:*.ogg=00;36:*.ra=00;36:*.wav=00;36:*.oga=00;36:*.opus=00;36:*.spx=00;36:*.xspf=00;36:', 'AMENT_PREFIX_PATH': '/home/cricchetto/Robomaster_WS/install/sllidar_ros2:/home/cricchetto/Robomaster_WS/install/robomaster_ros:/home/cricchetto/Robomaster_WS/install/robomaster_msgs:/home/cricchetto/Robomaster_WS/install/robomaster_description:/home/cricchetto/Robomaster_WS/install/dwb_msgs:/home/cricchetto/Robomaster_WS/install/nav_2d_msgs:/home/cricchetto/Robomaster_WS/install/nav2_voxel_grid:/home/cricchetto/Robomaster_WS/install/nav2_simple_commander:/home/cricchetto/Robomaster_WS/install/explore_lite:/home/cricchetto/Robomaster_WS/install/nav2_msgs:/home/cricchetto/Robomaster_WS/install/nav2_common:/home/cricchetto/Robomaster_WS/install/multirobot_map_merge:/home/cricchetto/Robomaster_WS/install/ep_control:/home/cricchetto/Robomaster_WS/install/drift:/opt/ros/humble', 'SHELL': '/bin/bash', 'LC_NAME': 'es_AR.UTF-8', 'LESSCLOSE': '/usr/bin/lesspipe %s %s', 'LC_MEASUREMENT': 'es_AR.UTF-8', 'LC_IDENTIFICATION': 'es_AR.UTF-8', 'PWD': '/home/cricchetto/Robomaster_WS/build/drift', 'LC_ALL': 'en_US.UTF-8', 'SSH_CONNECTION': '172.18.147.201 55818 172.18.147.143 22', 'PYTHONPATH': '/home/cricchetto/Robomaster_WS/build/drift/prefix_override:/usr/lib/python3/dist-packages/colcon_core/task/python/colcon_distutils_commands:/home/cricchetto/Robomaster_WS/install/drift/lib/python3.10/site-packages:/home/cricchetto/Robomaster_WS/install/robomaster_ros/lib/python3.10/site-packages:/home/cricchetto/Robomaster_WS/install/robomaster_msgs/local/lib/python3.10/dist-packages:/home/cricchetto/Robomaster_WS/install/dwb_msgs/local/lib/python3.10/dist-packages:/home/cricchetto/Robomaster_WS/install/nav_2d_msgs/local/lib/python3.10/dist-packages:/home/cricchetto/Robomaster_WS/install/nav2_simple_commander/lib/python3.10/site-packages:/home/cricchetto/Robomaster_WS/install/nav2_msgs/local/lib/python3.10/dist-packages:/home/cricchetto/Robomaster_WS/install/nav2_common/local/lib/python3.10/dist-packages:/home/cricchetto/Robomaster_WS/install/ep_control/lib/python3.10/site-packages:/home/cricchetto/Robomaster_WS/install/drift/lib/python3.10/site-packages:/opt/ros/humble/lib/python3.10/site-packages:/opt/ros/humble/local/lib/python3.10/dist-packages', 'LC_NUMERIC': 'es_AR.UTF-8', 'LC_PAPER': 'es_AR.UTF-8', 'COLCON': '1', 'CMAKE_PREFIX_PATH': '/home/cricchetto/Robomaster_WS/install/sllidar_ros2:/home/cricchetto/Robomaster_WS/install/robomaster_msgs:/home/cricchetto/Robomaster_WS/install/robomaster_description:/home/cricchetto/Robomaster_WS/install/dwb_msgs:/home/cricchetto/Robomaster_WS/install/nav_2d_msgs:/home/cricchetto/Robomaster_WS/install/nav2_voxel_grid:/home/cricchetto/Robomaster_WS/install/explore_lite:/home/cricchetto/Robomaster_WS/install/nav2_msgs:/home/cricchetto/Robomaster_WS/install/nav2_common:/home/cricchetto/Robomaster_WS/install/multirobot_map_merge'}, 'shell': False}
[7.121175] (ep_control) StdoutLine: {'line': b'Installing gripper_state script to /home/cricchetto/Robomaster_WS/install/ep_control/lib/ep_control\n'}
[7.123175] (sllidar_ros2) CommandEnded: {'returncode': 0}
[7.126613] (ep_control) StdoutLine: {'line': b'Installing joy_reader script to /home/cricchetto/Robomaster_WS/install/ep_control/lib/ep_control\n'}
[7.128442] (ep_control) StdoutLine: {'line': b'Installing joy_to_arm script to /home/cricchetto/Robomaster_WS/install/ep_control/lib/ep_control\n'}
[7.130204] (ep_control) StdoutLine: {'line': b"writing list of installed files to '/home/cricchetto/Robomaster_WS/build/ep_control/install.log'\n"}
[7.179542] (-) TimerEvent: {}
[7.248648] (sllidar_ros2) JobEnded: {'identifier': 'sllidar_ros2', 'rc': 0}
[7.272761] (ep_control) CommandEnded: {'returncode': 0}
[7.279804] (-) TimerEvent: {}
[7.311090] (ep_control) JobEnded: {'identifier': 'ep_control', 'rc': 0}
[7.379995] (-) TimerEvent: {}
[7.480875] (-) TimerEvent: {}
[7.582013] (-) TimerEvent: {}
[7.682867] (-) TimerEvent: {}
[7.783626] (-) TimerEvent: {}
[7.884404] (-) TimerEvent: {}
[7.985432] (-) TimerEvent: {}
[8.086134] (-) TimerEvent: {}
[8.186914] (-) TimerEvent: {}
[8.287641] (-) TimerEvent: {}
[8.340291] (drift) StdoutLine: {'line': b'running egg_info\n'}
[8.342983] (drift) StdoutLine: {'line': b'writing ../../build/drift/drift.egg-info/PKG-INFO\n'}
[8.344060] (drift) StdoutLine: {'line': b'writing dependency_links to ../../build/drift/drift.egg-info/dependency_links.txt\n'}
[8.345275] (drift) StdoutLine: {'line': b'writing entry points to ../../build/drift/drift.egg-info/entry_points.txt\n'}
[8.346249] (drift) StdoutLine: {'line': b'writing requirements to ../../build/drift/drift.egg-info/requires.txt\n'}
[8.347087] (drift) StdoutLine: {'line': b'writing top-level names to ../../build/drift/drift.egg-info/top_level.txt\n'}
[8.354835] (drift) StdoutLine: {'line': b"reading manifest file '../../build/drift/drift.egg-info/SOURCES.txt'\n"}
[8.358687] (drift) StdoutLine: {'line': b"writing manifest file '../../build/drift/drift.egg-info/SOURCES.txt'\n"}
[8.359408] (drift) StdoutLine: {'line': b'running build\n'}
[8.359951] (drift) StdoutLine: {'line': b'running build_py\n'}
[8.362138] (drift) StdoutLine: {'line': b'running install\n'}
[8.363318] (drift) StdoutLine: {'line': b'running install_lib\n'}
[8.369436] (drift) StdoutLine: {'line': b'running install_data\n'}
[8.370284] (drift) StdoutLine: {'line': b'running install_egg_info\n'}
[8.378238] (drift) StdoutLine: {'line': b"removing '/home/cricchetto/Robomaster_WS/install/drift/lib/python3.10/site-packages/drift-0.0.1-py3.10.egg-info' (and everything under it)\n"}
[8.379964] (drift) StdoutLine: {'line': b'Copying ../../build/drift/drift.egg-info to /home/cricchetto/Robomaster_WS/install/drift/lib/python3.10/site-packages/drift-0.0.1-py3.10.egg-info\n'}
[8.385596] (drift) StdoutLine: {'line': b'running install_scripts\n'}
[8.387841] (-) TimerEvent: {}
[8.478729] (drift) StdoutLine: {'line': b'Installing drift_circle_node script to /home/cricchetto/Robomaster_WS/install/drift/lib/drift\n'}
[8.479693] (drift) StdoutLine: {'line': b'Installing play_sound_node script to /home/cricchetto/Robomaster_WS/install/drift/lib/drift\n'}
[8.481859] (drift) StdoutLine: {'line': b"writing list of installed files to '/home/cricchetto/Robomaster_WS/build/drift/install.log'\n"}
[8.488207] (-) TimerEvent: {}
[8.589730] (-) TimerEvent: {}
[8.618436] (drift) CommandEnded: {'returncode': 0}
[8.651970] (drift) JobEnded: {'identifier': 'drift', 'rc': 0}
[8.689868] (-) TimerEvent: {}
[8.790433] (-) TimerEvent: {}
[8.891133] (-) TimerEvent: {}
[8.992316] (-) TimerEvent: {}
[9.025965] (robomaster_ros) Command: {'cmd': ['/usr/bin/python3', '-W', 'ignore:setup.py install is deprecated', '-W', 'ignore:easy_install command is deprecated', 'setup.py', 'egg_info', '--egg-base', '../../../build/robomaster_ros', 'build', '--build-base', '/home/cricchetto/Robomaster_WS/build/robomaster_ros/build', 'install', '--record', '/home/cricchetto/Robomaster_WS/build/robomaster_ros/install.log', '--single-version-externally-managed', 'install_data'], 'cwd': '/home/cricchetto/Robomaster_WS/src/robomaster_ros/robomaster_ros', 'env': {'LESSOPEN': '| /usr/bin/lesspipe %s', 'USER': 'cricchetto', 'SSH_CLIENT': '172.18.147.201 55818 22', 'LC_TIME': 'es_AR.UTF-8', 'XDG_SESSION_TYPE': 'tty', 'SHLVL': '2', 'LD_LIBRARY_PATH': '/home/cricchetto/Robomaster_WS/install/robomaster_msgs/lib:/home/cricchetto/Robomaster_WS/install/dwb_msgs/lib:/home/cricchetto/Robomaster_WS/install/nav_2d_msgs/lib:/home/cricchetto/Robomaster_WS/install/nav2_voxel_grid/lib:/home/cricchetto/Robomaster_WS/install/nav2_msgs/lib:/home/cricchetto/Robomaster_WS/install/multirobot_map_merge/lib:/opt/ros/humble/opt/rviz_ogre_vendor/lib:/opt/ros/humble/lib/aarch64-linux-gnu:/opt/ros/humble/lib', 'MOTD_SHOWN': 'pam', 'HOME': '/home/cricchetto', 'OLDPWD': '/home/cricchetto', 'SSH_TTY': '/dev/pts/0', 'ROS_PYTHON_VERSION': '3', 'LC_MONETARY': 'es_AR.UTF-8', 'DBUS_SESSION_BUS_ADDRESS': 'unix:path=/run/user/1000/bus', 'COLCON_PREFIX_PATH': '/home/cricchetto/Robomaster_WS/install', 'ROS_DISTRO': 'humble', 'LOGNAME': 'cricchetto', '_': '/usr/bin/colcon', 'ROS_VERSION': '2', 'XDG_SESSION_CLASS': 'user', 'TERM': 'xterm-256color', 'XDG_SESSION_ID': '1', 'ROS_LOCALHOST_ONLY': '0', 'PATH': '/home/cricchetto/.local/bin:/opt/ros/humble/bin:/usr/local/sbin:/usr/local/bin:/usr/sbin:/usr/bin:/sbin:/bin:/usr/games:/usr/local/games:/snap/bin:/home/cricchettoSD/.local/bin', 'LC_ADDRESS': 'es_AR.UTF-8', 'XDG_RUNTIME_DIR': '/run/user/1000', 'DISPLAY': 'localhost:10.0', 'LANG': 'en_US.UTF-8', 'LC_TELEPHONE': 'es_AR.UTF-8', 'LS_COLORS': 'rs=0:di=01;34:ln=01;36:mh=00:pi=40;33:so=01;35:do=01;35:bd=40;33;01:cd=40;33;01:or=40;31;01:mi=00:su=37;41:sg=30;43:ca=30;41:tw=30;42:ow=34;42:st=37;44:ex=01;32:*.tar=01;31:*.tgz=01;31:*.arc=01;31:*.arj=01;31:*.taz=01;31:*.lha=01;31:*.lz4=01;31:*.lzh=01;31:*.lzma=01;31:*.tlz=01;31:*.txz=01;31:*.tzo=01;31:*.t7z=01;31:*.zip=01;31:*.z=01;31:*.dz=01;31:*.gz=01;31:*.lrz=01;31:*.lz=01;31:*.lzo=01;31:*.xz=01;31:*.zst=01;31:*.tzst=01;31:*.bz2=01;31:*.bz=01;31:*.tbz=01;31:*.tbz2=01;31:*.tz=01;31:*.deb=01;31:*.rpm=01;31:*.jar=01;31:*.war=01;31:*.ear=01;31:*.sar=01;31:*.rar=01;31:*.alz=01;31:*.ace=01;31:*.zoo=01;31:*.cpio=01;31:*.7z=01;31:*.rz=01;31:*.cab=01;31:*.wim=01;31:*.swm=01;31:*.dwm=01;31:*.esd=01;31:*.jpg=01;35:*.jpeg=01;35:*.mjpg=01;35:*.mjpeg=01;35:*.gif=01;35:*.bmp=01;35:*.pbm=01;35:*.pgm=01;35:*.ppm=01;35:*.tga=01;35:*.xbm=01;35:*.xpm=01;35:*.tif=01;35:*.tiff=01;35:*.png=01;35:*.svg=01;35:*.svgz=01;35:*.mng=01;35:*.pcx=01;35:*.mov=01;35:*.mpg=01;35:*.mpeg=01;35:*.m2v=01;35:*.mkv=01;35:*.webm=01;35:*.webp=01;35:*.ogm=01;35:*.mp4=01;35:*.m4v=01;35:*.mp4v=01;35:*.vob=01;35:*.qt=01;35:*.nuv=01;35:*.wmv=01;35:*.asf=01;35:*.rm=01;35:*.rmvb=01;35:*.flc=01;35:*.avi=01;35:*.fli=01;35:*.flv=01;35:*.gl=01;35:*.dl=01;35:*.xcf=01;35:*.xwd=01;35:*.yuv=01;35:*.cgm=01;35:*.emf=01;35:*.ogv=01;35:*.ogx=01;35:*.aac=00;36:*.au=00;36:*.flac=00;36:*.m4a=00;36:*.mid=00;36:*.midi=00;36:*.mka=00;36:*.mp3=00;36:*.mpc=00;36:*.ogg=00;36:*.ra=00;36:*.wav=00;36:*.oga=00;36:*.opus=00;36:*.spx=00;36:*.xspf=00;36:', 'AMENT_PREFIX_PATH': '/home/cricchetto/Robomaster_WS/install/sllidar_ros2:/home/cricchetto/Robomaster_WS/install/robomaster_ros:/home/cricchetto/Robomaster_WS/install/robomaster_msgs:/home/cricchetto/Robomaster_WS/install/robomaster_description:/home/cricchetto/Robomaster_WS/install/dwb_msgs:/home/cricchetto/Robomaster_WS/install/nav_2d_msgs:/home/cricchetto/Robomaster_WS/install/nav2_voxel_grid:/home/cricchetto/Robomaster_WS/install/nav2_simple_commander:/home/cricchetto/Robomaster_WS/install/explore_lite:/home/cricchetto/Robomaster_WS/install/nav2_msgs:/home/cricchetto/Robomaster_WS/install/nav2_common:/home/cricchetto/Robomaster_WS/install/multirobot_map_merge:/home/cricchetto/Robomaster_WS/install/ep_control:/home/cricchetto/Robomaster_WS/install/drift:/opt/ros/humble', 'SHELL': '/bin/bash', 'LC_NAME': 'es_AR.UTF-8', 'LESSCLOSE': '/usr/bin/lesspipe %s %s', 'LC_MEASUREMENT': 'es_AR.UTF-8', 'LC_IDENTIFICATION': 'es_AR.UTF-8', 'PWD': '/home/cricchetto/Robomaster_WS/build/robomaster_ros', 'LC_ALL': 'en_US.UTF-8', 'SSH_CONNECTION': '172.18.147.201 55818 172.18.147.143 22', 'PYTHONPATH': '/home/cricchetto/Robomaster_WS/build/robomaster_ros/prefix_override:/usr/lib/python3/dist-packages/colcon_core/task/python/colcon_distutils_commands:/home/cricchetto/Robomaster_WS/install/robomaster_ros/lib/python3.10/site-packages:/home/cricchetto/Robomaster_WS/install/robomaster_ros/lib/python3.10/site-packages:/home/cricchetto/Robomaster_WS/install/robomaster_msgs/local/lib/python3.10/dist-packages:/home/cricchetto/Robomaster_WS/install/dwb_msgs/local/lib/python3.10/dist-packages:/home/cricchetto/Robomaster_WS/install/nav_2d_msgs/local/lib/python3.10/dist-packages:/home/cricchetto/Robomaster_WS/install/nav2_simple_commander/lib/python3.10/site-packages:/home/cricchetto/Robomaster_WS/install/nav2_msgs/local/lib/python3.10/dist-packages:/home/cricchetto/Robomaster_WS/install/nav2_common/local/lib/python3.10/dist-packages:/home/cricchetto/Robomaster_WS/install/ep_control/lib/python3.10/site-packages:/home/cricchetto/Robomaster_WS/install/drift/lib/python3.10/site-packages:/opt/ros/humble/lib/python3.10/site-packages:/opt/ros/humble/local/lib/python3.10/dist-packages', 'LC_NUMERIC': 'es_AR.UTF-8', 'LC_PAPER': 'es_AR.UTF-8', 'COLCON': '1', 'CMAKE_PREFIX_PATH': '/home/cricchetto/Robomaster_WS/install/robomaster_msgs:/home/cricchetto/Robomaster_WS/install/sllidar_ros2:/home/cricchetto/Robomaster_WS/install/robomaster_description:/home/cricchetto/Robomaster_WS/install/dwb_msgs:/home/cricchetto/Robomaster_WS/install/nav_2d_msgs:/home/cricchetto/Robomaster_WS/install/nav2_voxel_grid:/home/cricchetto/Robomaster_WS/install/explore_lite:/home/cricchetto/Robomaster_WS/install/nav2_msgs:/home/cricchetto/Robomaster_WS/install/nav2_common:/home/cricchetto/Robomaster_WS/install/multirobot_map_merge'}, 'shell': False}
[9.092449] (-) TimerEvent: {}
[9.193043] (-) TimerEvent: {}
[9.293605] (-) TimerEvent: {}
[9.394187] (-) TimerEvent: {}
[9.494800] (-) TimerEvent: {}
[9.595357] (-) TimerEvent: {}
[9.695919] (-) TimerEvent: {}
[9.796492] (-) TimerEvent: {}
[9.897047] (-) TimerEvent: {}
[9.997597] (-) TimerEvent: {}
[10.053958] (robomaster_ros) StdoutLine: {'line': b'running egg_info\n'}
[10.056610] (robomaster_ros) StdoutLine: {'line': b'writing ../../../build/robomaster_ros/robomaster_ros.egg-info/PKG-INFO\n'}
[10.057702] (robomaster_ros) StdoutLine: {'line': b'writing dependency_links to ../../../build/robomaster_ros/robomaster_ros.egg-info/dependency_links.txt\n'}
[10.058721] (robomaster_ros) StdoutLine: {'line': b'writing entry points to ../../../build/robomaster_ros/robomaster_ros.egg-info/entry_points.txt\n'}
[10.059661] (robomaster_ros) StdoutLine: {'line': b'writing requirements to ../../../build/robomaster_ros/robomaster_ros.egg-info/requires.txt\n'}
[10.060435] (robomaster_ros) StdoutLine: {'line': b'writing top-level names to ../../../build/robomaster_ros/robomaster_ros.egg-info/top_level.txt\n'}
[10.070775] (robomaster_ros) StdoutLine: {'line': b"reading manifest file '../../../build/robomaster_ros/robomaster_ros.egg-info/SOURCES.txt'\n"}
[10.077779] (robomaster_ros) StdoutLine: {'line': b"writing manifest file '../../../build/robomaster_ros/robomaster_ros.egg-info/SOURCES.txt'\n"}
[10.078385] (robomaster_ros) StdoutLine: {'line': b'running build\n'}
[10.078815] (robomaster_ros) StdoutLine: {'line': b'running build_py\n'}
[10.090372] (robomaster_ros) StdoutLine: {'line': b'running install\n'}
[10.091521] (robomaster_ros) StdoutLine: {'line': b'running install_lib\n'}
[10.097716] (-) TimerEvent: {}
[10.109109] (robomaster_ros) StdoutLine: {'line': b'running install_data\n'}
[10.113623] (robomaster_ros) StdoutLine: {'line': b'running install_egg_info\n'}
[10.121005] (robomaster_ros) StdoutLine: {'line': b"removing '/home/cricchetto/Robomaster_WS/install/robomaster_ros/lib/python3.10/site-packages/robomaster_ros-0.0.0-py3.10.egg-info' (and everything under it)\n"}
[10.122710] (robomaster_ros) StdoutLine: {'line': b'Copying ../../../build/robomaster_ros/robomaster_ros.egg-info to /home/cricchetto/Robomaster_WS/install/robomaster_ros/lib/python3.10/site-packages/robomaster_ros-0.0.0-py3.10.egg-info\n'}
[10.127902] (robomaster_ros) StdoutLine: {'line': b'running install_scripts\n'}
[10.197886] (-) TimerEvent: {}
[10.210615] (robomaster_ros) StdoutLine: {'line': b'Installing connect script to /home/cricchetto/Robomaster_WS/install/robomaster_ros/lib/robomaster_ros\n'}
[10.211490] (robomaster_ros) StdoutLine: {'line': b'Installing discover script to /home/cricchetto/Robomaster_WS/install/robomaster_ros/lib/robomaster_ros\n'}
[10.212308] (robomaster_ros) StdoutLine: {'line': b'Installing display_battery script to /home/cricchetto/Robomaster_WS/install/robomaster_ros/lib/robomaster_ros\n'}
[10.213115] (robomaster_ros) StdoutLine: {'line': b'Installing h264_decoder script to /home/cricchetto/Robomaster_WS/install/robomaster_ros/lib/robomaster_ros\n'}
[10.213882] (robomaster_ros) StdoutLine: {'line': b'Installing move script to /home/cricchetto/Robomaster_WS/install/robomaster_ros/lib/robomaster_ros\n'}
[10.214657] (robomaster_ros) StdoutLine: {'line': b'Installing play_audio script to /home/cricchetto/Robomaster_WS/install/robomaster_ros/lib/robomaster_ros\n'}
[10.215421] (robomaster_ros) StdoutLine: {'line': b'Installing play_opus script to /home/cricchetto/Robomaster_WS/install/robomaster_ros/lib/robomaster_ros\n'}
[10.216182] (robomaster_ros) StdoutLine: {'line': b'Installing robomaster_driver script to /home/cricchetto/Robomaster_WS/install/robomaster_ros/lib/robomaster_ros\n'}
[10.216828] (robomaster_ros) StdoutLine: {'line': b'Installing state_publisher script to /home/cricchetto/Robomaster_WS/install/robomaster_ros/lib/robomaster_ros\n'}
[10.220724] (robomaster_ros) StdoutLine: {'line': b"writing list of installed files to '/home/cricchetto/Robomaster_WS/build/robomaster_ros/install.log'\n"}
[10.298288] (-) TimerEvent: {}
[10.337592] (robomaster_ros) CommandEnded: {'returncode': 0}
[10.370782] (robomaster_ros) JobEnded: {'identifier': 'robomaster_ros', 'rc': 0}
[10.373482] (-) EventReactorShutdown: {}
