[0.070s] Invoking command in '/home/cricchetto/Robomaster_WS/build/nav2_msgs': AMENT_PREFIX_PATH=/home/cricchetto/Robomaster_WS/install/nav2_common:${AMENT_PREFIX_PATH} CMAKE_PREFIX_PATH=/home/cricchetto/Robomaster_WS/install/nav2_common:/home/cricchetto/Robomaster_WS/install/sllidar_ros2:/home/cricchetto/Robomaster_WS/install/robomaster_msgs:/home/cricchetto/Robomaster_WS/install/robomaster_description:/home/cricchetto/Robomaster_WS/install/multirobot_map_merge:/home/cricchetto/Robomaster_WS/install/explore_lite:/home/cricchetto/Robomaster_WS/install/robomaster_ros:/home/cricchetto/Robomaster_WS/install/ep_control:/home/cricchetto/Robomaster_WS/install/drift:/opt/ros/humble PYTHONPATH=/home/cricchetto/Robomaster_WS/install/nav2_common/local/lib/python3.10/dist-packages:${PYTHONPATH} /usr/bin/cmake /home/cricchetto/Robomaster_WS/src/navigation2-1.1.20/nav2_msgs -DCMAKE_INSTALL_PREFIX=/home/cricchetto/Robomaster_WS/install/nav2_msgs
[0.430s] -- The C compiler identification is GNU 11.4.0
[0.788s] -- The CXX compiler identification is GNU 11.4.0
[0.845s] -- Detecting C compiler ABI info
[1.321s] -- Detecting C compiler ABI info - done
[1.359s] -- Check for working C compiler: /usr/bin/cc - skipped
[1.362s] -- Detecting C compile features
[1.365s] -- Detecting C compile features - done
[1.383s] -- Detecting CXX compiler ABI info
[1.890s] -- Detecting CXX compiler ABI info - done
[1.919s] -- Check for working CXX compiler: /usr/bin/c++ - skipped
[1.921s] -- Detecting CXX compile features
[1.924s] -- Detecting CXX compile features - done
[1.970s] -- Found ament_cmake: 1.3.12 (/opt/ros/humble/share/ament_cmake/cmake)
[3.089s] -- Found Python3: /usr/bin/python3 (found version "3.10.12") found components: Interpreter 
[3.982s] -- Found nav2_common: 1.1.20 (/home/cricchetto/Robomaster_WS/install/nav2_common/share/nav2_common/cmake)
[4.016s] -- Found builtin_interfaces: 1.2.2 (/opt/ros/humble/share/builtin_interfaces/cmake)
[4.454s] -- Found rosidl_generator_c: 3.1.7 (/opt/ros/humble/share/rosidl_generator_c/cmake)
[4.533s] -- Found rosidl_adapter: 3.1.7 (/opt/ros/humble/share/rosidl_adapter/cmake)
[4.671s] -- Found rosidl_generator_cpp: 3.1.7 (/opt/ros/humble/share/rosidl_generator_cpp/cmake)
[4.752s] -- Using all available rosidl_typesupport_c: rosidl_typesupport_fastrtps_c;rosidl_typesupport_introspection_c
[4.911s] -- Using all available rosidl_typesupport_cpp: rosidl_typesupport_fastrtps_cpp;rosidl_typesupport_introspection_cpp
[5.067s] -- Found nav_msgs: 4.9.0 (/opt/ros/humble/share/nav_msgs/cmake)
[5.409s] -- Found rosidl_default_generators: 1.2.0 (/opt/ros/humble/share/rosidl_default_generators/cmake)
[5.511s] -- Found action_msgs: 1.2.2 (/opt/ros/humble/share/action_msgs/cmake)
[5.693s] -- Setting build type to Release as none was specified.
[10.157s] -- Found ament_cmake_ros: 0.10.0 (/opt/ros/humble/share/ament_cmake_ros/cmake)
[14.762s] -- Using all available rosidl_typesupport_c: rosidl_typesupport_fastrtps_c;rosidl_typesupport_introspection_c
[16.382s] -- Using all available rosidl_typesupport_cpp: rosidl_typesupport_fastrtps_cpp;rosidl_typesupport_introspection_cpp
[16.902s] -- Found PythonInterp: /usr/bin/python3 (found suitable version "3.10.12", minimum required is "3.6") 
[16.952s] -- Found python_cmake_module: 0.10.0 (/opt/ros/humble/share/python_cmake_module/cmake)
[17.311s] -- Found PythonLibs: /usr/lib/aarch64-linux-gnu/libpython3.10.so (found suitable version "3.10.12", minimum required is "3.5") 
[17.312s] -- Using PYTHON_EXECUTABLE: /usr/bin/python3
[17.312s] -- Using PYTHON_INCLUDE_DIRS: /usr/include/python3.10
[17.314s] -- Using PYTHON_LIBRARIES: /usr/lib/aarch64-linux-gnu/libpython3.10.so
[17.611s] -- Found PythonExtra: .so  
[18.551s] -- Configuring done
[20.085s] -- Generating done
[20.262s] -- Build files have been written to: /home/cricchetto/Robomaster_WS/build/nav2_msgs
[20.411s] Invoked command in '/home/cricchetto/Robomaster_WS/build/nav2_msgs' returned '0': AMENT_PREFIX_PATH=/home/cricchetto/Robomaster_WS/install/nav2_common:${AMENT_PREFIX_PATH} CMAKE_PREFIX_PATH=/home/cricchetto/Robomaster_WS/install/nav2_common:/home/cricchetto/Robomaster_WS/install/sllidar_ros2:/home/cricchetto/Robomaster_WS/install/robomaster_msgs:/home/cricchetto/Robomaster_WS/install/robomaster_description:/home/cricchetto/Robomaster_WS/install/multirobot_map_merge:/home/cricchetto/Robomaster_WS/install/explore_lite:/home/cricchetto/Robomaster_WS/install/robomaster_ros:/home/cricchetto/Robomaster_WS/install/ep_control:/home/cricchetto/Robomaster_WS/install/drift:/opt/ros/humble PYTHONPATH=/home/cricchetto/Robomaster_WS/install/nav2_common/local/lib/python3.10/dist-packages:${PYTHONPATH} /usr/bin/cmake /home/cricchetto/Robomaster_WS/src/navigation2-1.1.20/nav2_msgs -DCMAKE_INSTALL_PREFIX=/home/cricchetto/Robomaster_WS/install/nav2_msgs
[20.415s] Invoking command in '/home/cricchetto/Robomaster_WS/build/nav2_msgs': AMENT_PREFIX_PATH=/home/cricchetto/Robomaster_WS/install/nav2_common:${AMENT_PREFIX_PATH} CMAKE_PREFIX_PATH=/home/cricchetto/Robomaster_WS/install/nav2_common:/home/cricchetto/Robomaster_WS/install/sllidar_ros2:/home/cricchetto/Robomaster_WS/install/robomaster_msgs:/home/cricchetto/Robomaster_WS/install/robomaster_description:/home/cricchetto/Robomaster_WS/install/multirobot_map_merge:/home/cricchetto/Robomaster_WS/install/explore_lite:/home/cricchetto/Robomaster_WS/install/robomaster_ros:/home/cricchetto/Robomaster_WS/install/ep_control:/home/cricchetto/Robomaster_WS/install/drift:/opt/ros/humble PYTHONPATH=/home/cricchetto/Robomaster_WS/install/nav2_common/local/lib/python3.10/dist-packages:${PYTHONPATH} /usr/bin/cmake --build /home/cricchetto/Robomaster_WS/build/nav2_msgs -- -j4 -l4
[21.020s] [  0%] [34m[1mGenerating C code for ROS interfaces[0m
[21.237s] [  0%] [34m[1mGenerating C++ code for ROS interfaces[0m
[21.389s] [  0%] Built target ament_cmake_python_copy_nav2_msgs
[27.902s] running egg_info
[27.907s] creating nav2_msgs.egg-info
[27.931s] writing nav2_msgs.egg-info/PKG-INFO
[27.932s] writing dependency_links to nav2_msgs.egg-info/dependency_links.txt
[27.938s] writing top-level names to nav2_msgs.egg-info/top_level.txt
[27.940s] writing manifest file 'nav2_msgs.egg-info/SOURCES.txt'
[27.972s] reading manifest file 'nav2_msgs.egg-info/SOURCES.txt'
[28.000s] writing manifest file 'nav2_msgs.egg-info/SOURCES.txt'
[28.381s] [  0%] Built target ament_cmake_python_build_nav2_msgs_egg
[76.758s] [  1%] [32mBuilding C object CMakeFiles/nav2_msgs__rosidl_generator_c.dir/rosidl_generator_c/nav2_msgs/msg/detail/collision_monitor_state__functions.c.o[0m
[77.494s] [  1%] [32mBuilding C object CMakeFiles/nav2_msgs__rosidl_generator_c.dir/rosidl_generator_c/nav2_msgs/msg/detail/costmap_meta_data__functions.c.o[0m
[78.094s] [  2%] [32mBuilding C object CMakeFiles/nav2_msgs__rosidl_generator_c.dir/rosidl_generator_c/nav2_msgs/msg/detail/costmap_filter_info__functions.c.o[0m
[78.677s] [  2%] [32mBuilding C object CMakeFiles/nav2_msgs__rosidl_generator_c.dir/rosidl_generator_c/nav2_msgs/msg/detail/speed_limit__functions.c.o[0m
[78.821s] [  2%] Built target nav2_msgs__cpp
[79.189s] [  2%] [32mBuilding C object CMakeFiles/nav2_msgs__rosidl_generator_c.dir/rosidl_generator_c/nav2_msgs/msg/detail/voxel_grid__functions.c.o[0m
[79.744s] [  2%] [32mBuilding C object CMakeFiles/nav2_msgs__rosidl_generator_c.dir/rosidl_generator_c/nav2_msgs/msg/detail/costmap__functions.c.o[0m
[80.296s] [  2%] [32mBuilding C object CMakeFiles/nav2_msgs__rosidl_generator_c.dir/rosidl_generator_c/nav2_msgs/msg/detail/behavior_tree_status_change__functions.c.o[0m
[80.797s] [  3%] [32mBuilding C object CMakeFiles/nav2_msgs__rosidl_generator_c.dir/rosidl_generator_c/nav2_msgs/msg/detail/behavior_tree_log__functions.c.o[0m
[81.299s] [  3%] [32mBuilding C object CMakeFiles/nav2_msgs__rosidl_generator_c.dir/rosidl_generator_c/nav2_msgs/msg/detail/particle__functions.c.o[0m
[81.758s] [  3%] [32mBuilding C object CMakeFiles/nav2_msgs__rosidl_generator_c.dir/rosidl_generator_c/nav2_msgs/msg/detail/particle_cloud__functions.c.o[0m
[82.250s] [  4%] [32mBuilding C object CMakeFiles/nav2_msgs__rosidl_generator_c.dir/rosidl_generator_c/nav2_msgs/msg/detail/route__functions.c.o[0m
[82.789s] [  4%] [32mBuilding C object CMakeFiles/nav2_msgs__rosidl_generator_c.dir/rosidl_generator_c/nav2_msgs/msg/detail/route_node__functions.c.o[0m
[83.326s] [  4%] [32mBuilding C object CMakeFiles/nav2_msgs__rosidl_generator_c.dir/rosidl_generator_c/nav2_msgs/msg/detail/route_edge__functions.c.o[0m
[83.869s] [  4%] [32mBuilding C object CMakeFiles/nav2_msgs__rosidl_generator_c.dir/rosidl_generator_c/nav2_msgs/msg/detail/edge_cost__functions.c.o[0m
[84.387s] [  5%] [32mBuilding C object CMakeFiles/nav2_msgs__rosidl_generator_c.dir/rosidl_generator_c/nav2_msgs/srv/detail/get_costmap__functions.c.o[0m
[85.183s] [  5%] [32mBuilding C object CMakeFiles/nav2_msgs__rosidl_generator_c.dir/rosidl_generator_c/nav2_msgs/srv/detail/is_path_valid__functions.c.o[0m
[86.004s] [  5%] [32mBuilding C object CMakeFiles/nav2_msgs__rosidl_generator_c.dir/rosidl_generator_c/nav2_msgs/srv/detail/clear_costmap_except_region__functions.c.o[0m
[86.757s] [  6%] [32mBuilding C object CMakeFiles/nav2_msgs__rosidl_generator_c.dir/rosidl_generator_c/nav2_msgs/srv/detail/clear_costmap_around_robot__functions.c.o[0m
[87.492s] [  6%] [32mBuilding C object CMakeFiles/nav2_msgs__rosidl_generator_c.dir/rosidl_generator_c/nav2_msgs/srv/detail/clear_entire_costmap__functions.c.o[0m
[88.207s] [  6%] [32mBuilding C object CMakeFiles/nav2_msgs__rosidl_generator_c.dir/rosidl_generator_c/nav2_msgs/srv/detail/dynamic_edges__functions.c.o[0m
[88.939s] [  6%] [32mBuilding C object CMakeFiles/nav2_msgs__rosidl_generator_c.dir/rosidl_generator_c/nav2_msgs/srv/detail/manage_lifecycle_nodes__functions.c.o[0m
[89.617s] [  7%] [32mBuilding C object CMakeFiles/nav2_msgs__rosidl_generator_c.dir/rosidl_generator_c/nav2_msgs/srv/detail/load_map__functions.c.o[0m
[90.379s] [  7%] [32mBuilding C object CMakeFiles/nav2_msgs__rosidl_generator_c.dir/rosidl_generator_c/nav2_msgs/srv/detail/save_map__functions.c.o[0m
[91.121s] [  7%] [32mBuilding C object CMakeFiles/nav2_msgs__rosidl_generator_c.dir/rosidl_generator_c/nav2_msgs/srv/detail/set_initial_pose__functions.c.o[0m
[91.927s] [  8%] [32mBuilding C object CMakeFiles/nav2_msgs__rosidl_generator_c.dir/rosidl_generator_c/nav2_msgs/srv/detail/set_route_graph__functions.c.o[0m
[92.695s] [  8%] [32mBuilding C object CMakeFiles/nav2_msgs__rosidl_generator_c.dir/rosidl_generator_c/nav2_msgs/action/detail/assisted_teleop__functions.c.o[0m
[95.577s] [  8%] [32mBuilding C object CMakeFiles/nav2_msgs__rosidl_generator_c.dir/rosidl_generator_c/nav2_msgs/action/detail/back_up__functions.c.o[0m
[97.874s] [  9%] [32mBuilding C object CMakeFiles/nav2_msgs__rosidl_generator_c.dir/rosidl_generator_c/nav2_msgs/action/detail/compute_path_to_pose__functions.c.o[0m
[100.171s] [  9%] [32mBuilding C object CMakeFiles/nav2_msgs__rosidl_generator_c.dir/rosidl_generator_c/nav2_msgs/action/detail/compute_path_through_poses__functions.c.o[0m
[102.609s] [  9%] [32mBuilding C object CMakeFiles/nav2_msgs__rosidl_generator_c.dir/rosidl_generator_c/nav2_msgs/action/detail/compute_route__functions.c.o[0m
[104.819s] [  9%] [32mBuilding C object CMakeFiles/nav2_msgs__rosidl_generator_c.dir/rosidl_generator_c/nav2_msgs/action/detail/compute_and_track_route__functions.c.o[0m
[107.357s] [ 10%] [32mBuilding C object CMakeFiles/nav2_msgs__rosidl_generator_c.dir/rosidl_generator_c/nav2_msgs/action/detail/drive_on_heading__functions.c.o[0m
[109.726s] [ 10%] [32mBuilding C object CMakeFiles/nav2_msgs__rosidl_generator_c.dir/rosidl_generator_c/nav2_msgs/action/detail/smooth_path__functions.c.o[0m
[112.070s] [ 10%] [32mBuilding C object CMakeFiles/nav2_msgs__rosidl_generator_c.dir/rosidl_generator_c/nav2_msgs/action/detail/follow_path__functions.c.o[0m
[114.427s] [ 11%] [32mBuilding C object CMakeFiles/nav2_msgs__rosidl_generator_c.dir/rosidl_generator_c/nav2_msgs/action/detail/navigate_to_pose__functions.c.o[0m
[117.350s] [ 11%] [32mBuilding C object CMakeFiles/nav2_msgs__rosidl_generator_c.dir/rosidl_generator_c/nav2_msgs/action/detail/navigate_through_poses__functions.c.o[0m
[119.865s] [ 11%] [32mBuilding C object CMakeFiles/nav2_msgs__rosidl_generator_c.dir/rosidl_generator_c/nav2_msgs/action/detail/wait__functions.c.o[0m
[122.285s] [ 11%] [32mBuilding C object CMakeFiles/nav2_msgs__rosidl_generator_c.dir/rosidl_generator_c/nav2_msgs/action/detail/spin__functions.c.o[0m
[124.747s] [ 12%] [32mBuilding C object CMakeFiles/nav2_msgs__rosidl_generator_c.dir/rosidl_generator_c/nav2_msgs/action/detail/dummy_behavior__functions.c.o[0m
[126.734s] [ 12%] [32mBuilding C object CMakeFiles/nav2_msgs__rosidl_generator_c.dir/rosidl_generator_c/nav2_msgs/action/detail/follow_waypoints__functions.c.o[0m
[128.915s] [ 12%] [32m[1mLinking C shared library libnav2_msgs__rosidl_generator_c.so[0m
[129.251s] [ 12%] Built target nav2_msgs__rosidl_generator_c
[129.318s] [ 13%] [34m[1mGenerating C++ introspection for ROS interfaces[0m
[129.323s] [ 13%] [34m[1mGenerating C++ type support for eProsima Fast-RTPS[0m
[130.395s] [ 14%] [34m[1mGenerating C type support for eProsima Fast-RTPS[0m
[131.370s] [ 14%] [34m[1mGenerating C++ type support dispatch for ROS interfaces[0m
[157.385s] [ 15%] [32mBuilding CXX object CMakeFiles/nav2_msgs__rosidl_typesupport_cpp.dir/rosidl_typesupport_cpp/nav2_msgs/msg/collision_monitor_state__type_support.cpp.o[0m
[159.845s] [ 15%] [32mBuilding CXX object CMakeFiles/nav2_msgs__rosidl_typesupport_cpp.dir/rosidl_typesupport_cpp/nav2_msgs/msg/costmap__type_support.cpp.o[0m
[161.091s] [ 15%] [32mBuilding CXX object CMakeFiles/nav2_msgs__rosidl_typesupport_introspection_cpp.dir/rosidl_typesupport_introspection_cpp/nav2_msgs/msg/detail/collision_monitor_state__type_support.cpp.o[0m
[162.475s] [ 15%] [32mBuilding CXX object CMakeFiles/nav2_msgs__rosidl_typesupport_cpp.dir/rosidl_typesupport_cpp/nav2_msgs/msg/costmap_meta_data__type_support.cpp.o[0m
[164.493s] [ 15%] [32mBuilding CXX object CMakeFiles/nav2_msgs__rosidl_typesupport_introspection_cpp.dir/rosidl_typesupport_introspection_cpp/nav2_msgs/msg/detail/costmap__type_support.cpp.o[0m
[164.987s] [ 16%] [32mBuilding CXX object CMakeFiles/nav2_msgs__rosidl_typesupport_cpp.dir/rosidl_typesupport_cpp/nav2_msgs/msg/costmap_filter_info__type_support.cpp.o[0m
[165.219s] [ 16%] [32mBuilding CXX object CMakeFiles/nav2_msgs__rosidl_typesupport_fastrtps_c.dir/rosidl_typesupport_fastrtps_c/nav2_msgs/msg/detail/collision_monitor_state__type_support_c.cpp.o[0m
[167.222s] [ 16%] [32mBuilding CXX object CMakeFiles/nav2_msgs__rosidl_typesupport_cpp.dir/rosidl_typesupport_cpp/nav2_msgs/msg/speed_limit__type_support.cpp.o[0m
[167.631s] [ 16%] [32mBuilding CXX object CMakeFiles/nav2_msgs__rosidl_typesupport_introspection_cpp.dir/rosidl_typesupport_introspection_cpp/nav2_msgs/msg/detail/costmap_meta_data__type_support.cpp.o[0m
[168.280s] [ 16%] [32mBuilding CXX object CMakeFiles/nav2_msgs__rosidl_typesupport_fastrtps_c.dir/rosidl_typesupport_fastrtps_c/nav2_msgs/msg/detail/costmap__type_support_c.cpp.o[0m
[169.315s] [ 17%] [32mBuilding CXX object CMakeFiles/nav2_msgs__rosidl_typesupport_fastrtps_cpp.dir/rosidl_typesupport_fastrtps_cpp/nav2_msgs/msg/detail/dds_fastrtps/collision_monitor_state__type_support.cpp.o[0m
[169.577s] [ 17%] [32mBuilding CXX object CMakeFiles/nav2_msgs__rosidl_typesupport_cpp.dir/rosidl_typesupport_cpp/nav2_msgs/msg/voxel_grid__type_support.cpp.o[0m
[171.060s] [ 18%] [32mBuilding CXX object CMakeFiles/nav2_msgs__rosidl_typesupport_introspection_cpp.dir/rosidl_typesupport_introspection_cpp/nav2_msgs/msg/detail/costmap_filter_info__type_support.cpp.o[0m
[171.509s] [ 19%] [32mBuilding CXX object CMakeFiles/nav2_msgs__rosidl_typesupport_fastrtps_c.dir/rosidl_typesupport_fastrtps_c/nav2_msgs/msg/detail/costmap_meta_data__type_support_c.cpp.o[0m
[171.920s] [ 19%] [32mBuilding CXX object CMakeFiles/nav2_msgs__rosidl_typesupport_cpp.dir/rosidl_typesupport_cpp/nav2_msgs/msg/behavior_tree_status_change__type_support.cpp.o[0m
[172.659s] [ 19%] [32mBuilding CXX object CMakeFiles/nav2_msgs__rosidl_typesupport_fastrtps_cpp.dir/rosidl_typesupport_fastrtps_cpp/nav2_msgs/msg/detail/dds_fastrtps/costmap__type_support.cpp.o[0m
[174.383s] [ 19%] [32mBuilding CXX object CMakeFiles/nav2_msgs__rosidl_typesupport_fastrtps_c.dir/rosidl_typesupport_fastrtps_c/nav2_msgs/msg/detail/costmap_filter_info__type_support_c.cpp.o[0m
[174.486s] [ 20%] [32mBuilding CXX object CMakeFiles/nav2_msgs__rosidl_typesupport_cpp.dir/rosidl_typesupport_cpp/nav2_msgs/msg/behavior_tree_log__type_support.cpp.o[0m
[174.608s] [ 20%] [32mBuilding CXX object CMakeFiles/nav2_msgs__rosidl_typesupport_introspection_cpp.dir/rosidl_typesupport_introspection_cpp/nav2_msgs/msg/detail/speed_limit__type_support.cpp.o[0m
[176.614s] [ 20%] [32mBuilding CXX object CMakeFiles/nav2_msgs__rosidl_typesupport_fastrtps_cpp.dir/rosidl_typesupport_fastrtps_cpp/nav2_msgs/msg/detail/dds_fastrtps/costmap_meta_data__type_support.cpp.o[0m
[176.655s] [ 20%] [32mBuilding CXX object CMakeFiles/nav2_msgs__rosidl_typesupport_cpp.dir/rosidl_typesupport_cpp/nav2_msgs/msg/particle__type_support.cpp.o[0m
[177.675s] [ 20%] [32mBuilding CXX object CMakeFiles/nav2_msgs__rosidl_typesupport_fastrtps_c.dir/rosidl_typesupport_fastrtps_c/nav2_msgs/msg/detail/speed_limit__type_support_c.cpp.o[0m
[177.833s] [ 20%] [32mBuilding CXX object CMakeFiles/nav2_msgs__rosidl_typesupport_introspection_cpp.dir/rosidl_typesupport_introspection_cpp/nav2_msgs/msg/detail/voxel_grid__type_support.cpp.o[0m
[179.226s] [ 20%] [32mBuilding CXX object CMakeFiles/nav2_msgs__rosidl_typesupport_cpp.dir/rosidl_typesupport_cpp/nav2_msgs/msg/particle_cloud__type_support.cpp.o[0m
[180.101s] [ 21%] [32mBuilding CXX object CMakeFiles/nav2_msgs__rosidl_typesupport_fastrtps_cpp.dir/rosidl_typesupport_fastrtps_cpp/nav2_msgs/msg/detail/dds_fastrtps/costmap_filter_info__type_support.cpp.o[0m
[180.743s] [ 22%] [32mBuilding CXX object CMakeFiles/nav2_msgs__rosidl_typesupport_introspection_cpp.dir/rosidl_typesupport_introspection_cpp/nav2_msgs/msg/detail/behavior_tree_status_change__type_support.cpp.o[0m
[181.031s] [ 22%] [32mBuilding CXX object CMakeFiles/nav2_msgs__rosidl_typesupport_fastrtps_c.dir/rosidl_typesupport_fastrtps_c/nav2_msgs/msg/detail/voxel_grid__type_support_c.cpp.o[0m
[181.564s] [ 23%] [32mBuilding CXX object CMakeFiles/nav2_msgs__rosidl_typesupport_cpp.dir/rosidl_typesupport_cpp/nav2_msgs/msg/route__type_support.cpp.o[0m
[183.554s] [ 23%] [32mBuilding CXX object CMakeFiles/nav2_msgs__rosidl_typesupport_fastrtps_cpp.dir/rosidl_typesupport_fastrtps_cpp/nav2_msgs/msg/detail/dds_fastrtps/speed_limit__type_support.cpp.o[0m
[184.007s] [ 23%] [32mBuilding CXX object CMakeFiles/nav2_msgs__rosidl_typesupport_introspection_cpp.dir/rosidl_typesupport_introspection_cpp/nav2_msgs/msg/detail/behavior_tree_log__type_support.cpp.o[0m
[184.202s] [ 23%] [32mBuilding CXX object CMakeFiles/nav2_msgs__rosidl_typesupport_cpp.dir/rosidl_typesupport_cpp/nav2_msgs/msg/route_node__type_support.cpp.o[0m
[184.261s] [ 24%] [32mBuilding CXX object CMakeFiles/nav2_msgs__rosidl_typesupport_fastrtps_c.dir/rosidl_typesupport_fastrtps_c/nav2_msgs/msg/detail/behavior_tree_status_change__type_support_c.cpp.o[0m
[186.802s] [ 24%] [32mBuilding CXX object CMakeFiles/nav2_msgs__rosidl_typesupport_cpp.dir/rosidl_typesupport_cpp/nav2_msgs/msg/route_edge__type_support.cpp.o[0m
[187.174s] [ 24%] [32mBuilding CXX object CMakeFiles/nav2_msgs__rosidl_typesupport_fastrtps_cpp.dir/rosidl_typesupport_fastrtps_cpp/nav2_msgs/msg/detail/dds_fastrtps/voxel_grid__type_support.cpp.o[0m
[187.410s] [ 24%] [32mBuilding CXX object CMakeFiles/nav2_msgs__rosidl_typesupport_introspection_cpp.dir/rosidl_typesupport_introspection_cpp/nav2_msgs/msg/detail/particle__type_support.cpp.o[0m
[188.112s] [ 24%] [32mBuilding CXX object CMakeFiles/nav2_msgs__rosidl_typesupport_fastrtps_c.dir/rosidl_typesupport_fastrtps_c/nav2_msgs/msg/detail/behavior_tree_log__type_support_c.cpp.o[0m
[189.199s] [ 24%] [32mBuilding CXX object CMakeFiles/nav2_msgs__rosidl_typesupport_cpp.dir/rosidl_typesupport_cpp/nav2_msgs/msg/edge_cost__type_support.cpp.o[0m
[190.287s] [ 25%] [32mBuilding CXX object CMakeFiles/nav2_msgs__rosidl_typesupport_fastrtps_cpp.dir/rosidl_typesupport_fastrtps_cpp/nav2_msgs/msg/detail/dds_fastrtps/behavior_tree_status_change__type_support.cpp.o[0m
[190.765s] [ 25%] [32mBuilding CXX object CMakeFiles/nav2_msgs__rosidl_typesupport_introspection_cpp.dir/rosidl_typesupport_introspection_cpp/nav2_msgs/msg/detail/particle_cloud__type_support.cpp.o[0m
[191.084s] [ 25%] [32mBuilding CXX object CMakeFiles/nav2_msgs__rosidl_typesupport_fastrtps_c.dir/rosidl_typesupport_fastrtps_c/nav2_msgs/msg/detail/particle__type_support_c.cpp.o[0m
[191.541s] [ 26%] [32mBuilding CXX object CMakeFiles/nav2_msgs__rosidl_typesupport_cpp.dir/rosidl_typesupport_cpp/nav2_msgs/srv/get_costmap__type_support.cpp.o[0m
[193.722s] [ 26%] [32mBuilding CXX object CMakeFiles/nav2_msgs__rosidl_typesupport_fastrtps_cpp.dir/rosidl_typesupport_fastrtps_cpp/nav2_msgs/msg/detail/dds_fastrtps/behavior_tree_log__type_support.cpp.o[0m
[194.007s] [ 27%] [32mBuilding CXX object CMakeFiles/nav2_msgs__rosidl_typesupport_introspection_cpp.dir/rosidl_typesupport_introspection_cpp/nav2_msgs/msg/detail/route__type_support.cpp.o[0m
[194.146s] [ 27%] [32mBuilding CXX object CMakeFiles/nav2_msgs__rosidl_typesupport_cpp.dir/rosidl_typesupport_cpp/nav2_msgs/srv/is_path_valid__type_support.cpp.o[0m
[194.307s] [ 28%] [32mBuilding CXX object CMakeFiles/nav2_msgs__rosidl_typesupport_fastrtps_c.dir/rosidl_typesupport_fastrtps_c/nav2_msgs/msg/detail/particle_cloud__type_support_c.cpp.o[0m
[196.816s] [ 28%] [32mBuilding CXX object CMakeFiles/nav2_msgs__rosidl_typesupport_cpp.dir/rosidl_typesupport_cpp/nav2_msgs/srv/clear_costmap_except_region__type_support.cpp.o[0m
[197.300s] [ 28%] [32mBuilding CXX object CMakeFiles/nav2_msgs__rosidl_typesupport_fastrtps_cpp.dir/rosidl_typesupport_fastrtps_cpp/nav2_msgs/msg/detail/dds_fastrtps/particle__type_support.cpp.o[0m
[197.365s] [ 28%] [32mBuilding CXX object CMakeFiles/nav2_msgs__rosidl_typesupport_fastrtps_c.dir/rosidl_typesupport_fastrtps_c/nav2_msgs/msg/detail/route__type_support_c.cpp.o[0m
[198.140s] [ 28%] [32mBuilding CXX object CMakeFiles/nav2_msgs__rosidl_typesupport_introspection_cpp.dir/rosidl_typesupport_introspection_cpp/nav2_msgs/msg/detail/route_node__type_support.cpp.o[0m
[199.506s] [ 29%] [32mBuilding CXX object CMakeFiles/nav2_msgs__rosidl_typesupport_cpp.dir/rosidl_typesupport_cpp/nav2_msgs/srv/clear_costmap_around_robot__type_support.cpp.o[0m
[200.158s] [ 29%] [32mBuilding CXX object CMakeFiles/nav2_msgs__rosidl_typesupport_fastrtps_cpp.dir/rosidl_typesupport_fastrtps_cpp/nav2_msgs/msg/detail/dds_fastrtps/particle_cloud__type_support.cpp.o[0m
[200.347s] [ 29%] [32mBuilding CXX object CMakeFiles/nav2_msgs__rosidl_typesupport_fastrtps_c.dir/rosidl_typesupport_fastrtps_c/nav2_msgs/msg/detail/route_node__type_support_c.cpp.o[0m
[201.376s] [ 29%] [32mBuilding CXX object CMakeFiles/nav2_msgs__rosidl_typesupport_introspection_cpp.dir/rosidl_typesupport_introspection_cpp/nav2_msgs/msg/detail/route_edge__type_support.cpp.o[0m
[201.826s] [ 29%] [32mBuilding CXX object CMakeFiles/nav2_msgs__rosidl_typesupport_cpp.dir/rosidl_typesupport_cpp/nav2_msgs/srv/clear_entire_costmap__type_support.cpp.o[0m
[203.198s] [ 29%] [32mBuilding CXX object CMakeFiles/nav2_msgs__rosidl_typesupport_fastrtps_c.dir/rosidl_typesupport_fastrtps_c/nav2_msgs/msg/detail/route_edge__type_support_c.cpp.o[0m
[204.257s] [ 30%] [32mBuilding CXX object CMakeFiles/nav2_msgs__rosidl_typesupport_fastrtps_cpp.dir/rosidl_typesupport_fastrtps_cpp/nav2_msgs/msg/detail/dds_fastrtps/route__type_support.cpp.o[0m
[204.581s] [ 30%] [32mBuilding CXX object CMakeFiles/nav2_msgs__rosidl_typesupport_cpp.dir/rosidl_typesupport_cpp/nav2_msgs/srv/dynamic_edges__type_support.cpp.o[0m
[204.582s] [ 31%] [32mBuilding CXX object CMakeFiles/nav2_msgs__rosidl_typesupport_introspection_cpp.dir/rosidl_typesupport_introspection_cpp/nav2_msgs/msg/detail/edge_cost__type_support.cpp.o[0m
[205.706s] [ 32%] [32mBuilding CXX object CMakeFiles/nav2_msgs__rosidl_typesupport_fastrtps_c.dir/rosidl_typesupport_fastrtps_c/nav2_msgs/msg/detail/edge_cost__type_support_c.cpp.o[0m
[207.173s] [ 33%] [32mBuilding CXX object CMakeFiles/nav2_msgs__rosidl_typesupport_cpp.dir/rosidl_typesupport_cpp/nav2_msgs/srv/manage_lifecycle_nodes__type_support.cpp.o[0m
[207.887s] [ 33%] [32mBuilding CXX object CMakeFiles/nav2_msgs__rosidl_typesupport_introspection_cpp.dir/rosidl_typesupport_introspection_cpp/nav2_msgs/srv/detail/get_costmap__type_support.cpp.o[0m
[208.691s] [ 33%] [32mBuilding CXX object CMakeFiles/nav2_msgs__rosidl_typesupport_fastrtps_cpp.dir/rosidl_typesupport_fastrtps_cpp/nav2_msgs/msg/detail/dds_fastrtps/route_node__type_support.cpp.o[0m
[208.783s] [ 33%] [32mBuilding CXX object CMakeFiles/nav2_msgs__rosidl_typesupport_fastrtps_c.dir/rosidl_typesupport_fastrtps_c/nav2_msgs/srv/detail/get_costmap__type_support_c.cpp.o[0m
[209.509s] [ 33%] [32mBuilding CXX object CMakeFiles/nav2_msgs__rosidl_typesupport_cpp.dir/rosidl_typesupport_cpp/nav2_msgs/srv/load_map__type_support.cpp.o[0m
[211.705s] [ 33%] [32mBuilding CXX object CMakeFiles/nav2_msgs__rosidl_typesupport_cpp.dir/rosidl_typesupport_cpp/nav2_msgs/srv/save_map__type_support.cpp.o[0m
[211.870s] [ 33%] [32mBuilding CXX object CMakeFiles/nav2_msgs__rosidl_typesupport_introspection_cpp.dir/rosidl_typesupport_introspection_cpp/nav2_msgs/srv/detail/is_path_valid__type_support.cpp.o[0m
[211.959s] [ 33%] [32mBuilding CXX object CMakeFiles/nav2_msgs__rosidl_typesupport_fastrtps_c.dir/rosidl_typesupport_fastrtps_c/nav2_msgs/srv/detail/is_path_valid__type_support_c.cpp.o[0m
[212.489s] [ 33%] [32mBuilding CXX object CMakeFiles/nav2_msgs__rosidl_typesupport_fastrtps_cpp.dir/rosidl_typesupport_fastrtps_cpp/nav2_msgs/msg/detail/dds_fastrtps/route_edge__type_support.cpp.o[0m
[213.751s] [ 33%] [32mBuilding CXX object CMakeFiles/nav2_msgs__rosidl_typesupport_cpp.dir/rosidl_typesupport_cpp/nav2_msgs/srv/set_initial_pose__type_support.cpp.o[0m
[215.221s] [ 34%] [32mBuilding CXX object CMakeFiles/nav2_msgs__rosidl_typesupport_fastrtps_c.dir/rosidl_typesupport_fastrtps_c/nav2_msgs/srv/detail/clear_costmap_except_region__type_support_c.cpp.o[0m
[215.641s] [ 35%] [32mBuilding CXX object CMakeFiles/nav2_msgs__rosidl_typesupport_introspection_cpp.dir/rosidl_typesupport_introspection_cpp/nav2_msgs/srv/detail/clear_costmap_except_region__type_support.cpp.o[0m
[216.160s] [ 36%] [32mBuilding CXX object CMakeFiles/nav2_msgs__rosidl_typesupport_fastrtps_cpp.dir/rosidl_typesupport_fastrtps_cpp/nav2_msgs/msg/detail/dds_fastrtps/edge_cost__type_support.cpp.o[0m
[216.193s] [ 37%] [32mBuilding CXX object CMakeFiles/nav2_msgs__rosidl_typesupport_cpp.dir/rosidl_typesupport_cpp/nav2_msgs/srv/set_route_graph__type_support.cpp.o[0m
[218.219s] [ 37%] [32mBuilding CXX object CMakeFiles/nav2_msgs__rosidl_typesupport_fastrtps_c.dir/rosidl_typesupport_fastrtps_c/nav2_msgs/srv/detail/clear_costmap_around_robot__type_support_c.cpp.o[0m
[218.406s] [ 37%] [32mBuilding CXX object CMakeFiles/nav2_msgs__rosidl_typesupport_cpp.dir/rosidl_typesupport_cpp/nav2_msgs/action/assisted_teleop__type_support.cpp.o[0m
[218.913s] [ 37%] [32mBuilding CXX object CMakeFiles/nav2_msgs__rosidl_typesupport_introspection_cpp.dir/rosidl_typesupport_introspection_cpp/nav2_msgs/srv/detail/clear_costmap_around_robot__type_support.cpp.o[0m
[219.128s] [ 37%] [32mBuilding CXX object CMakeFiles/nav2_msgs__rosidl_typesupport_fastrtps_cpp.dir/rosidl_typesupport_fastrtps_cpp/nav2_msgs/srv/detail/dds_fastrtps/get_costmap__type_support.cpp.o[0m
[221.511s] [ 37%] [32mBuilding CXX object CMakeFiles/nav2_msgs__rosidl_typesupport_fastrtps_c.dir/rosidl_typesupport_fastrtps_c/nav2_msgs/srv/detail/clear_entire_costmap__type_support_c.cpp.o[0m
[221.846s] [ 37%] [32mBuilding CXX object CMakeFiles/nav2_msgs__rosidl_typesupport_cpp.dir/rosidl_typesupport_cpp/nav2_msgs/action/back_up__type_support.cpp.o[0m
[222.280s] [ 37%] [32mBuilding CXX object CMakeFiles/nav2_msgs__rosidl_typesupport_introspection_cpp.dir/rosidl_typesupport_introspection_cpp/nav2_msgs/srv/detail/clear_entire_costmap__type_support.cpp.o[0m
[223.147s] [ 37%] [32mBuilding CXX object CMakeFiles/nav2_msgs__rosidl_typesupport_fastrtps_cpp.dir/rosidl_typesupport_fastrtps_cpp/nav2_msgs/srv/detail/dds_fastrtps/is_path_valid__type_support.cpp.o[0m
[224.780s] [ 37%] [32mBuilding CXX object CMakeFiles/nav2_msgs__rosidl_typesupport_fastrtps_c.dir/rosidl_typesupport_fastrtps_c/nav2_msgs/srv/detail/dynamic_edges__type_support_c.cpp.o[0m
[225.071s] [ 38%] [32mBuilding CXX object CMakeFiles/nav2_msgs__rosidl_typesupport_cpp.dir/rosidl_typesupport_cpp/nav2_msgs/action/compute_path_to_pose__type_support.cpp.o[0m
[225.852s] [ 38%] [32mBuilding CXX object CMakeFiles/nav2_msgs__rosidl_typesupport_introspection_cpp.dir/rosidl_typesupport_introspection_cpp/nav2_msgs/srv/detail/dynamic_edges__type_support.cpp.o[0m
[226.807s] [ 38%] [32mBuilding CXX object CMakeFiles/nav2_msgs__rosidl_typesupport_fastrtps_cpp.dir/rosidl_typesupport_fastrtps_cpp/nav2_msgs/srv/detail/dds_fastrtps/clear_costmap_except_region__type_support.cpp.o[0m
[227.766s] [ 39%] [32mBuilding CXX object CMakeFiles/nav2_msgs__rosidl_typesupport_fastrtps_c.dir/rosidl_typesupport_fastrtps_c/nav2_msgs/srv/detail/manage_lifecycle_nodes__type_support_c.cpp.o[0m
[229.211s] [ 39%] [32mBuilding CXX object CMakeFiles/nav2_msgs__rosidl_typesupport_cpp.dir/rosidl_typesupport_cpp/nav2_msgs/action/compute_path_through_poses__type_support.cpp.o[0m
[229.326s] [ 40%] [32mBuilding CXX object CMakeFiles/nav2_msgs__rosidl_typesupport_introspection_cpp.dir/rosidl_typesupport_introspection_cpp/nav2_msgs/srv/detail/manage_lifecycle_nodes__type_support.cpp.o[0m
[230.309s] [ 41%] [32mBuilding CXX object CMakeFiles/nav2_msgs__rosidl_typesupport_fastrtps_cpp.dir/rosidl_typesupport_fastrtps_cpp/nav2_msgs/srv/detail/dds_fastrtps/clear_costmap_around_robot__type_support.cpp.o[0m
[230.711s] [ 41%] [32mBuilding CXX object CMakeFiles/nav2_msgs__rosidl_typesupport_fastrtps_c.dir/rosidl_typesupport_fastrtps_c/nav2_msgs/srv/detail/load_map__type_support_c.cpp.o[0m
[232.204s] [ 41%] [32mBuilding CXX object CMakeFiles/nav2_msgs__rosidl_typesupport_introspection_cpp.dir/rosidl_typesupport_introspection_cpp/nav2_msgs/srv/detail/load_map__type_support.cpp.o[0m
[233.425s] [ 41%] [32mBuilding CXX object CMakeFiles/nav2_msgs__rosidl_typesupport_cpp.dir/rosidl_typesupport_cpp/nav2_msgs/action/compute_route__type_support.cpp.o[0m
[233.649s] [ 41%] [32mBuilding CXX object CMakeFiles/nav2_msgs__rosidl_typesupport_fastrtps_cpp.dir/rosidl_typesupport_fastrtps_cpp/nav2_msgs/srv/detail/dds_fastrtps/clear_entire_costmap__type_support.cpp.o[0m
[233.995s] [ 41%] [32mBuilding CXX object CMakeFiles/nav2_msgs__rosidl_typesupport_fastrtps_c.dir/rosidl_typesupport_fastrtps_c/nav2_msgs/srv/detail/save_map__type_support_c.cpp.o[0m
[235.720s] [ 41%] [32mBuilding CXX object CMakeFiles/nav2_msgs__rosidl_typesupport_introspection_cpp.dir/rosidl_typesupport_introspection_cpp/nav2_msgs/srv/detail/save_map__type_support.cpp.o[0m
[237.588s] [ 41%] [32mBuilding CXX object CMakeFiles/nav2_msgs__rosidl_typesupport_fastrtps_cpp.dir/rosidl_typesupport_fastrtps_cpp/nav2_msgs/srv/detail/dds_fastrtps/dynamic_edges__type_support.cpp.o[0m
[237.666s] [ 41%] [32mBuilding CXX object CMakeFiles/nav2_msgs__rosidl_typesupport_cpp.dir/rosidl_typesupport_cpp/nav2_msgs/action/compute_and_track_route__type_support.cpp.o[0m
[237.727s] [ 42%] [32mBuilding CXX object CMakeFiles/nav2_msgs__rosidl_typesupport_fastrtps_c.dir/rosidl_typesupport_fastrtps_c/nav2_msgs/srv/detail/set_initial_pose__type_support_c.cpp.o[0m
[239.215s] [ 43%] [32mBuilding CXX object CMakeFiles/nav2_msgs__rosidl_typesupport_introspection_cpp.dir/rosidl_typesupport_introspection_cpp/nav2_msgs/srv/detail/set_initial_pose__type_support.cpp.o[0m
[241.318s] [ 43%] [32mBuilding CXX object CMakeFiles/nav2_msgs__rosidl_typesupport_fastrtps_c.dir/rosidl_typesupport_fastrtps_c/nav2_msgs/srv/detail/set_route_graph__type_support_c.cpp.o[0m
[241.925s] [ 44%] [32mBuilding CXX object CMakeFiles/nav2_msgs__rosidl_typesupport_cpp.dir/rosidl_typesupport_cpp/nav2_msgs/action/drive_on_heading__type_support.cpp.o[0m
[242.054s] [ 45%] [32mBuilding CXX object CMakeFiles/nav2_msgs__rosidl_typesupport_fastrtps_cpp.dir/rosidl_typesupport_fastrtps_cpp/nav2_msgs/srv/detail/dds_fastrtps/manage_lifecycle_nodes__type_support.cpp.o[0m
[242.589s] [ 45%] [32mBuilding CXX object CMakeFiles/nav2_msgs__rosidl_typesupport_introspection_cpp.dir/rosidl_typesupport_introspection_cpp/nav2_msgs/srv/detail/set_route_graph__type_support.cpp.o[0m
[244.836s] [ 45%] [32mBuilding CXX object CMakeFiles/nav2_msgs__rosidl_typesupport_fastrtps_c.dir/rosidl_typesupport_fastrtps_c/nav2_msgs/action/detail/assisted_teleop__type_support_c.cpp.o[0m
[245.621s] [ 45%] [32mBuilding CXX object CMakeFiles/nav2_msgs__rosidl_typesupport_introspection_cpp.dir/rosidl_typesupport_introspection_cpp/nav2_msgs/action/detail/assisted_teleop__type_support.cpp.o[0m
[245.702s] [ 45%] [32mBuilding CXX object CMakeFiles/nav2_msgs__rosidl_typesupport_fastrtps_cpp.dir/rosidl_typesupport_fastrtps_cpp/nav2_msgs/srv/detail/dds_fastrtps/load_map__type_support.cpp.o[0m
[245.938s] [ 45%] [32mBuilding CXX object CMakeFiles/nav2_msgs__rosidl_typesupport_cpp.dir/rosidl_typesupport_cpp/nav2_msgs/action/smooth_path__type_support.cpp.o[0m
[248.903s] [ 46%] [32mBuilding CXX object CMakeFiles/nav2_msgs__rosidl_typesupport_fastrtps_c.dir/rosidl_typesupport_fastrtps_c/nav2_msgs/action/detail/back_up__type_support_c.cpp.o[0m
[249.297s] [ 46%] [32mBuilding CXX object CMakeFiles/nav2_msgs__rosidl_typesupport_fastrtps_cpp.dir/rosidl_typesupport_fastrtps_cpp/nav2_msgs/srv/detail/dds_fastrtps/save_map__type_support.cpp.o[0m
[250.422s] [ 46%] [32mBuilding CXX object CMakeFiles/nav2_msgs__rosidl_typesupport_cpp.dir/rosidl_typesupport_cpp/nav2_msgs/action/follow_path__type_support.cpp.o[0m
[250.699s] [ 46%] [32mBuilding CXX object CMakeFiles/nav2_msgs__rosidl_typesupport_introspection_cpp.dir/rosidl_typesupport_introspection_cpp/nav2_msgs/action/detail/back_up__type_support.cpp.o[0m
[252.709s] [ 46%] [32mBuilding CXX object CMakeFiles/nav2_msgs__rosidl_typesupport_fastrtps_cpp.dir/rosidl_typesupport_fastrtps_cpp/nav2_msgs/srv/detail/dds_fastrtps/set_initial_pose__type_support.cpp.o[0m
[252.992s] [ 46%] [32mBuilding CXX object CMakeFiles/nav2_msgs__rosidl_typesupport_fastrtps_c.dir/rosidl_typesupport_fastrtps_c/nav2_msgs/action/detail/compute_path_to_pose__type_support_c.cpp.o[0m
[254.597s] [ 47%] [32mBuilding CXX object CMakeFiles/nav2_msgs__rosidl_typesupport_cpp.dir/rosidl_typesupport_cpp/nav2_msgs/action/navigate_to_pose__type_support.cpp.o[0m
[255.575s] [ 48%] [32mBuilding CXX object CMakeFiles/nav2_msgs__rosidl_typesupport_introspection_cpp.dir/rosidl_typesupport_introspection_cpp/nav2_msgs/action/detail/compute_path_to_pose__type_support.cpp.o[0m
[256.513s] [ 49%] [32mBuilding CXX object CMakeFiles/nav2_msgs__rosidl_typesupport_fastrtps_cpp.dir/rosidl_typesupport_fastrtps_cpp/nav2_msgs/srv/detail/dds_fastrtps/set_route_graph__type_support.cpp.o[0m
[257.443s] [ 49%] [32mBuilding CXX object CMakeFiles/nav2_msgs__rosidl_typesupport_fastrtps_c.dir/rosidl_typesupport_fastrtps_c/nav2_msgs/action/detail/compute_path_through_poses__type_support_c.cpp.o[0m
[258.993s] [ 49%] [32mBuilding CXX object CMakeFiles/nav2_msgs__rosidl_typesupport_cpp.dir/rosidl_typesupport_cpp/nav2_msgs/action/navigate_through_poses__type_support.cpp.o[0m
[260.261s] [ 49%] [32mBuilding CXX object CMakeFiles/nav2_msgs__rosidl_typesupport_fastrtps_cpp.dir/rosidl_typesupport_fastrtps_cpp/nav2_msgs/action/detail/dds_fastrtps/assisted_teleop__type_support.cpp.o[0m
[260.582s] [ 49%] [32mBuilding CXX object CMakeFiles/nav2_msgs__rosidl_typesupport_introspection_cpp.dir/rosidl_typesupport_introspection_cpp/nav2_msgs/action/detail/compute_path_through_poses__type_support.cpp.o[0m
[262.092s] [ 49%] [32mBuilding CXX object CMakeFiles/nav2_msgs__rosidl_typesupport_fastrtps_c.dir/rosidl_typesupport_fastrtps_c/nav2_msgs/action/detail/compute_route__type_support_c.cpp.o[0m
[262.825s] [ 49%] [32mBuilding CXX object CMakeFiles/nav2_msgs__rosidl_typesupport_cpp.dir/rosidl_typesupport_cpp/nav2_msgs/action/wait__type_support.cpp.o[0m
[265.135s] [ 49%] [32mBuilding CXX object CMakeFiles/nav2_msgs__rosidl_typesupport_fastrtps_cpp.dir/rosidl_typesupport_fastrtps_cpp/nav2_msgs/action/detail/dds_fastrtps/back_up__type_support.cpp.o[0m
[265.533s] [ 50%] [32mBuilding CXX object CMakeFiles/nav2_msgs__rosidl_typesupport_fastrtps_c.dir/rosidl_typesupport_fastrtps_c/nav2_msgs/action/detail/compute_and_track_route__type_support_c.cpp.o[0m
[265.915s] [ 50%] [32mBuilding CXX object CMakeFiles/nav2_msgs__rosidl_typesupport_introspection_cpp.dir/rosidl_typesupport_introspection_cpp/nav2_msgs/action/detail/compute_route__type_support.cpp.o[0m
[266.183s] [ 50%] [32mBuilding CXX object CMakeFiles/nav2_msgs__rosidl_typesupport_cpp.dir/rosidl_typesupport_cpp/nav2_msgs/action/spin__type_support.cpp.o[0m
[269.249s] [ 50%] [32mBuilding CXX object CMakeFiles/nav2_msgs__rosidl_typesupport_fastrtps_c.dir/rosidl_typesupport_fastrtps_c/nav2_msgs/action/detail/drive_on_heading__type_support_c.cpp.o[0m
[269.574s] [ 51%] [32mBuilding CXX object CMakeFiles/nav2_msgs__rosidl_typesupport_fastrtps_cpp.dir/rosidl_typesupport_fastrtps_cpp/nav2_msgs/action/detail/dds_fastrtps/compute_path_to_pose__type_support.cpp.o[0m
[269.623s] [ 52%] [32mBuilding CXX object CMakeFiles/nav2_msgs__rosidl_typesupport_cpp.dir/rosidl_typesupport_cpp/nav2_msgs/action/dummy_behavior__type_support.cpp.o[0m
[270.847s] [ 53%] [32mBuilding CXX object CMakeFiles/nav2_msgs__rosidl_typesupport_introspection_cpp.dir/rosidl_typesupport_introspection_cpp/nav2_msgs/action/detail/compute_and_track_route__type_support.cpp.o[0m
[272.527s] [ 53%] [32mBuilding CXX object CMakeFiles/nav2_msgs__rosidl_typesupport_fastrtps_c.dir/rosidl_typesupport_fastrtps_c/nav2_msgs/action/detail/smooth_path__type_support_c.cpp.o[0m
[272.890s] [ 53%] [32mBuilding CXX object CMakeFiles/nav2_msgs__rosidl_typesupport_cpp.dir/rosidl_typesupport_cpp/nav2_msgs/action/follow_waypoints__type_support.cpp.o[0m
[274.138s] [ 53%] [32mBuilding CXX object CMakeFiles/nav2_msgs__rosidl_typesupport_fastrtps_cpp.dir/rosidl_typesupport_fastrtps_cpp/nav2_msgs/action/detail/dds_fastrtps/compute_path_through_poses__type_support.cpp.o[0m
[276.035s] [ 54%] [32mBuilding CXX object CMakeFiles/nav2_msgs__rosidl_typesupport_fastrtps_c.dir/rosidl_typesupport_fastrtps_c/nav2_msgs/action/detail/follow_path__type_support_c.cpp.o[0m
[276.108s] [ 54%] [32mBuilding CXX object CMakeFiles/nav2_msgs__rosidl_typesupport_introspection_cpp.dir/rosidl_typesupport_introspection_cpp/nav2_msgs/action/detail/drive_on_heading__type_support.cpp.o[0m
[276.258s] [ 54%] [32m[1mLinking CXX shared library libnav2_msgs__rosidl_typesupport_cpp.so[0m
[276.549s] [ 54%] Built target nav2_msgs__rosidl_typesupport_cpp
[278.858s] [ 54%] [32mBuilding CXX object CMakeFiles/nav2_msgs__rosidl_typesupport_fastrtps_cpp.dir/rosidl_typesupport_fastrtps_cpp/nav2_msgs/action/detail/dds_fastrtps/compute_route__type_support.cpp.o[0m
[279.132s] [ 54%] [32mBuilding CXX object CMakeFiles/nav2_msgs__rosidl_typesupport_fastrtps_c.dir/rosidl_typesupport_fastrtps_c/nav2_msgs/action/detail/navigate_to_pose__type_support_c.cpp.o[0m
[279.778s] [ 54%] [32mBuilding CXX object CMakeFiles/nav2_msgs__rosidl_typesupport_introspection_cpp.dir/rosidl_typesupport_introspection_cpp/nav2_msgs/action/detail/smooth_path__type_support.cpp.o[0m
[282.165s] [ 54%] [32mBuilding CXX object CMakeFiles/nav2_msgs__rosidl_typesupport_fastrtps_c.dir/rosidl_typesupport_fastrtps_c/nav2_msgs/action/detail/navigate_through_poses__type_support_c.cpp.o[0m
[282.687s] [ 55%] [32mBuilding CXX object CMakeFiles/nav2_msgs__rosidl_typesupport_fastrtps_cpp.dir/rosidl_typesupport_fastrtps_cpp/nav2_msgs/action/detail/dds_fastrtps/compute_and_track_route__type_support.cpp.o[0m
[283.803s] [ 55%] [32mBuilding CXX object CMakeFiles/nav2_msgs__rosidl_typesupport_introspection_cpp.dir/rosidl_typesupport_introspection_cpp/nav2_msgs/action/detail/follow_path__type_support.cpp.o[0m
[285.226s] [ 55%] [32mBuilding CXX object CMakeFiles/nav2_msgs__rosidl_typesupport_fastrtps_c.dir/rosidl_typesupport_fastrtps_c/nav2_msgs/action/detail/wait__type_support_c.cpp.o[0m
[287.102s] [ 55%] [32mBuilding CXX object CMakeFiles/nav2_msgs__rosidl_typesupport_fastrtps_cpp.dir/rosidl_typesupport_fastrtps_cpp/nav2_msgs/action/detail/dds_fastrtps/drive_on_heading__type_support.cpp.o[0m
[287.737s] [ 56%] [32mBuilding CXX object CMakeFiles/nav2_msgs__rosidl_typesupport_introspection_cpp.dir/rosidl_typesupport_introspection_cpp/nav2_msgs/action/detail/navigate_to_pose__type_support.cpp.o[0m
[288.038s] [ 57%] [32mBuilding CXX object CMakeFiles/nav2_msgs__rosidl_typesupport_fastrtps_c.dir/rosidl_typesupport_fastrtps_c/nav2_msgs/action/detail/spin__type_support_c.cpp.o[0m
[290.836s] [ 57%] [32mBuilding CXX object CMakeFiles/nav2_msgs__rosidl_typesupport_fastrtps_cpp.dir/rosidl_typesupport_fastrtps_cpp/nav2_msgs/action/detail/dds_fastrtps/smooth_path__type_support.cpp.o[0m
[290.881s] [ 57%] [32mBuilding CXX object CMakeFiles/nav2_msgs__rosidl_typesupport_fastrtps_c.dir/rosidl_typesupport_fastrtps_c/nav2_msgs/action/detail/dummy_behavior__type_support_c.cpp.o[0m
[291.578s] [ 57%] [32mBuilding CXX object CMakeFiles/nav2_msgs__rosidl_typesupport_introspection_cpp.dir/rosidl_typesupport_introspection_cpp/nav2_msgs/action/detail/navigate_through_poses__type_support.cpp.o[0m
[293.659s] [ 57%] [32mBuilding CXX object CMakeFiles/nav2_msgs__rosidl_typesupport_fastrtps_c.dir/rosidl_typesupport_fastrtps_c/nav2_msgs/action/detail/follow_waypoints__type_support_c.cpp.o[0m
[294.751s] [ 57%] [32mBuilding CXX object CMakeFiles/nav2_msgs__rosidl_typesupport_fastrtps_cpp.dir/rosidl_typesupport_fastrtps_cpp/nav2_msgs/action/detail/dds_fastrtps/follow_path__type_support.cpp.o[0m
[295.843s] [ 57%] [32mBuilding CXX object CMakeFiles/nav2_msgs__rosidl_typesupport_introspection_cpp.dir/rosidl_typesupport_introspection_cpp/nav2_msgs/action/detail/wait__type_support.cpp.o[0m
[296.531s] [ 58%] [32m[1mLinking CXX shared library libnav2_msgs__rosidl_typesupport_fastrtps_c.so[0m
[297.086s] [ 58%] Built target nav2_msgs__rosidl_typesupport_fastrtps_c
[298.557s] [ 59%] [32mBuilding CXX object CMakeFiles/nav2_msgs__rosidl_typesupport_fastrtps_cpp.dir/rosidl_typesupport_fastrtps_cpp/nav2_msgs/action/detail/dds_fastrtps/navigate_to_pose__type_support.cpp.o[0m
[299.163s] [ 60%] [32mBuilding CXX object CMakeFiles/nav2_msgs__rosidl_typesupport_introspection_cpp.dir/rosidl_typesupport_introspection_cpp/nav2_msgs/action/detail/spin__type_support.cpp.o[0m
[301.971s] [ 60%] [32mBuilding CXX object CMakeFiles/nav2_msgs__rosidl_typesupport_fastrtps_cpp.dir/rosidl_typesupport_fastrtps_cpp/nav2_msgs/action/detail/dds_fastrtps/navigate_through_poses__type_support.cpp.o[0m
[302.331s] [ 60%] [32mBuilding CXX object CMakeFiles/nav2_msgs__rosidl_typesupport_introspection_cpp.dir/rosidl_typesupport_introspection_cpp/nav2_msgs/action/detail/dummy_behavior__type_support.cpp.o[0m
[305.576s] [ 60%] [32mBuilding CXX object CMakeFiles/nav2_msgs__rosidl_typesupport_introspection_cpp.dir/rosidl_typesupport_introspection_cpp/nav2_msgs/action/detail/follow_waypoints__type_support.cpp.o[0m
[305.666s] [ 60%] [32mBuilding CXX object CMakeFiles/nav2_msgs__rosidl_typesupport_fastrtps_cpp.dir/rosidl_typesupport_fastrtps_cpp/nav2_msgs/action/detail/dds_fastrtps/wait__type_support.cpp.o[0m
[308.914s] [ 61%] [32mBuilding CXX object CMakeFiles/nav2_msgs__rosidl_typesupport_fastrtps_cpp.dir/rosidl_typesupport_fastrtps_cpp/nav2_msgs/action/detail/dds_fastrtps/spin__type_support.cpp.o[0m
[309.183s] [ 62%] [32m[1mLinking CXX shared library libnav2_msgs__rosidl_typesupport_introspection_cpp.so[0m
[309.639s] [ 62%] Built target nav2_msgs__rosidl_typesupport_introspection_cpp
[309.677s] [ 62%] [32mBuilding CXX object CMakeFiles/nav2_msgs__rosidl_typesupport_fastrtps_cpp.dir/rosidl_typesupport_fastrtps_cpp/nav2_msgs/action/detail/dds_fastrtps/dummy_behavior__type_support.cpp.o[0m
[309.697s] [ 63%] [34m[1mGenerating C type support dispatch for ROS interfaces[0m
[312.575s] [ 63%] [32mBuilding CXX object CMakeFiles/nav2_msgs__rosidl_typesupport_fastrtps_cpp.dir/rosidl_typesupport_fastrtps_cpp/nav2_msgs/action/detail/dds_fastrtps/follow_waypoints__type_support.cpp.o[0m
[316.172s] [ 63%] [32m[1mLinking CXX shared library libnav2_msgs__rosidl_typesupport_fastrtps_cpp.so[0m
[316.597s] [ 63%] Built target nav2_msgs__rosidl_typesupport_fastrtps_cpp
[316.650s] [ 64%] [34m[1mGenerating C introspection for ROS interfaces[0m
[323.285s] [ 64%] [32mBuilding CXX object CMakeFiles/nav2_msgs__rosidl_typesupport_c.dir/rosidl_typesupport_c/nav2_msgs/msg/collision_monitor_state__type_support.cpp.o[0m
[323.286s] [ 64%] [32mBuilding CXX object CMakeFiles/nav2_msgs__rosidl_typesupport_c.dir/rosidl_typesupport_c/nav2_msgs/msg/costmap__type_support.cpp.o[0m
[323.287s] [ 64%] [32mBuilding CXX object CMakeFiles/nav2_msgs__rosidl_typesupport_c.dir/rosidl_typesupport_c/nav2_msgs/msg/costmap_meta_data__type_support.cpp.o[0m
[323.468s] [ 65%] [32mBuilding CXX object CMakeFiles/nav2_msgs__rosidl_typesupport_c.dir/rosidl_typesupport_c/nav2_msgs/msg/costmap_filter_info__type_support.cpp.o[0m
[323.480s] [ 65%] [32mBuilding CXX object CMakeFiles/nav2_msgs__rosidl_typesupport_c.dir/rosidl_typesupport_c/nav2_msgs/msg/speed_limit__type_support.cpp.o[0m
[323.489s] [ 65%] [32mBuilding CXX object CMakeFiles/nav2_msgs__rosidl_typesupport_c.dir/rosidl_typesupport_c/nav2_msgs/msg/voxel_grid__type_support.cpp.o[0m
[323.667s] [ 66%] [32mBuilding CXX object CMakeFiles/nav2_msgs__rosidl_typesupport_c.dir/rosidl_typesupport_c/nav2_msgs/msg/behavior_tree_status_change__type_support.cpp.o[0m
[323.671s] [ 66%] [32mBuilding CXX object CMakeFiles/nav2_msgs__rosidl_typesupport_c.dir/rosidl_typesupport_c/nav2_msgs/msg/behavior_tree_log__type_support.cpp.o[0m
[323.692s] [ 66%] [32mBuilding CXX object CMakeFiles/nav2_msgs__rosidl_typesupport_c.dir/rosidl_typesupport_c/nav2_msgs/msg/particle__type_support.cpp.o[0m
[323.863s] [ 66%] [32mBuilding CXX object CMakeFiles/nav2_msgs__rosidl_typesupport_c.dir/rosidl_typesupport_c/nav2_msgs/msg/particle_cloud__type_support.cpp.o[0m
[323.877s] [ 67%] [32mBuilding CXX object CMakeFiles/nav2_msgs__rosidl_typesupport_c.dir/rosidl_typesupport_c/nav2_msgs/msg/route__type_support.cpp.o[0m
[323.891s] [ 67%] [32mBuilding CXX object CMakeFiles/nav2_msgs__rosidl_typesupport_c.dir/rosidl_typesupport_c/nav2_msgs/msg/route_node__type_support.cpp.o[0m
[324.067s] [ 67%] [32mBuilding CXX object CMakeFiles/nav2_msgs__rosidl_typesupport_c.dir/rosidl_typesupport_c/nav2_msgs/msg/route_edge__type_support.cpp.o[0m
[324.080s] [ 68%] [32mBuilding CXX object CMakeFiles/nav2_msgs__rosidl_typesupport_c.dir/rosidl_typesupport_c/nav2_msgs/msg/edge_cost__type_support.cpp.o[0m
[324.080s] [ 68%] [32mBuilding CXX object CMakeFiles/nav2_msgs__rosidl_typesupport_c.dir/rosidl_typesupport_c/nav2_msgs/srv/get_costmap__type_support.cpp.o[0m
[324.261s] [ 68%] [32mBuilding CXX object CMakeFiles/nav2_msgs__rosidl_typesupport_c.dir/rosidl_typesupport_c/nav2_msgs/srv/is_path_valid__type_support.cpp.o[0m
[324.287s] [ 69%] [32mBuilding CXX object CMakeFiles/nav2_msgs__rosidl_typesupport_c.dir/rosidl_typesupport_c/nav2_msgs/srv/clear_costmap_except_region__type_support.cpp.o[0m
[324.305s] [ 69%] [32mBuilding CXX object CMakeFiles/nav2_msgs__rosidl_typesupport_c.dir/rosidl_typesupport_c/nav2_msgs/srv/clear_costmap_around_robot__type_support.cpp.o[0m
[324.482s] [ 69%] [32mBuilding CXX object CMakeFiles/nav2_msgs__rosidl_typesupport_c.dir/rosidl_typesupport_c/nav2_msgs/srv/clear_entire_costmap__type_support.cpp.o[0m
[324.502s] [ 69%] [32mBuilding CXX object CMakeFiles/nav2_msgs__rosidl_typesupport_c.dir/rosidl_typesupport_c/nav2_msgs/srv/dynamic_edges__type_support.cpp.o[0m
[324.523s] [ 70%] [32mBuilding CXX object CMakeFiles/nav2_msgs__rosidl_typesupport_c.dir/rosidl_typesupport_c/nav2_msgs/srv/manage_lifecycle_nodes__type_support.cpp.o[0m
[324.702s] [ 70%] [32mBuilding CXX object CMakeFiles/nav2_msgs__rosidl_typesupport_c.dir/rosidl_typesupport_c/nav2_msgs/srv/load_map__type_support.cpp.o[0m
[324.723s] [ 70%] [32mBuilding CXX object CMakeFiles/nav2_msgs__rosidl_typesupport_c.dir/rosidl_typesupport_c/nav2_msgs/srv/save_map__type_support.cpp.o[0m
[324.741s] [ 71%] [32mBuilding CXX object CMakeFiles/nav2_msgs__rosidl_typesupport_c.dir/rosidl_typesupport_c/nav2_msgs/srv/set_initial_pose__type_support.cpp.o[0m
[324.924s] [ 71%] [32mBuilding CXX object CMakeFiles/nav2_msgs__rosidl_typesupport_c.dir/rosidl_typesupport_c/nav2_msgs/srv/set_route_graph__type_support.cpp.o[0m
[324.938s] [ 71%] [32mBuilding CXX object CMakeFiles/nav2_msgs__rosidl_typesupport_c.dir/rosidl_typesupport_c/nav2_msgs/action/assisted_teleop__type_support.cpp.o[0m
[324.963s] [ 71%] [32mBuilding CXX object CMakeFiles/nav2_msgs__rosidl_typesupport_c.dir/rosidl_typesupport_c/nav2_msgs/action/back_up__type_support.cpp.o[0m
[325.123s] [ 72%] [32mBuilding CXX object CMakeFiles/nav2_msgs__rosidl_typesupport_c.dir/rosidl_typesupport_c/nav2_msgs/action/compute_path_to_pose__type_support.cpp.o[0m
[325.311s] [ 72%] [32mBuilding CXX object CMakeFiles/nav2_msgs__rosidl_typesupport_c.dir/rosidl_typesupport_c/nav2_msgs/action/compute_path_through_poses__type_support.cpp.o[0m
[325.336s] [ 72%] [32mBuilding CXX object CMakeFiles/nav2_msgs__rosidl_typesupport_c.dir/rosidl_typesupport_c/nav2_msgs/action/compute_route__type_support.cpp.o[0m
[325.503s] [ 73%] [32mBuilding CXX object CMakeFiles/nav2_msgs__rosidl_typesupport_c.dir/rosidl_typesupport_c/nav2_msgs/action/compute_and_track_route__type_support.cpp.o[0m
[325.688s] [ 73%] [32mBuilding CXX object CMakeFiles/nav2_msgs__rosidl_typesupport_c.dir/rosidl_typesupport_c/nav2_msgs/action/drive_on_heading__type_support.cpp.o[0m
[325.727s] [ 73%] [32mBuilding CXX object CMakeFiles/nav2_msgs__rosidl_typesupport_c.dir/rosidl_typesupport_c/nav2_msgs/action/smooth_path__type_support.cpp.o[0m
[325.889s] [ 73%] [32mBuilding CXX object CMakeFiles/nav2_msgs__rosidl_typesupport_c.dir/rosidl_typesupport_c/nav2_msgs/action/follow_path__type_support.cpp.o[0m
[326.051s] [ 74%] [32mBuilding CXX object CMakeFiles/nav2_msgs__rosidl_typesupport_c.dir/rosidl_typesupport_c/nav2_msgs/action/navigate_to_pose__type_support.cpp.o[0m
[326.112s] [ 74%] [32mBuilding CXX object CMakeFiles/nav2_msgs__rosidl_typesupport_c.dir/rosidl_typesupport_c/nav2_msgs/action/navigate_through_poses__type_support.cpp.o[0m
[326.270s] [ 74%] [32mBuilding CXX object CMakeFiles/nav2_msgs__rosidl_typesupport_c.dir/rosidl_typesupport_c/nav2_msgs/action/wait__type_support.cpp.o[0m
[326.437s] [ 75%] [32mBuilding CXX object CMakeFiles/nav2_msgs__rosidl_typesupport_c.dir/rosidl_typesupport_c/nav2_msgs/action/spin__type_support.cpp.o[0m
[326.493s] [ 75%] [32mBuilding CXX object CMakeFiles/nav2_msgs__rosidl_typesupport_c.dir/rosidl_typesupport_c/nav2_msgs/action/dummy_behavior__type_support.cpp.o[0m
[326.648s] [ 75%] [32mBuilding CXX object CMakeFiles/nav2_msgs__rosidl_typesupport_c.dir/rosidl_typesupport_c/nav2_msgs/action/follow_waypoints__type_support.cpp.o[0m
[326.990s] [ 76%] [32m[1mLinking CXX shared library libnav2_msgs__rosidl_typesupport_c.so[0m
[327.239s] [ 76%] Built target nav2_msgs__rosidl_typesupport_c
[336.393s] [ 76%] [32mBuilding C object CMakeFiles/nav2_msgs__rosidl_typesupport_introspection_c.dir/rosidl_typesupport_introspection_c/nav2_msgs/msg/detail/collision_monitor_state__type_support.c.o[0m
[336.397s] [ 76%] [32mBuilding C object CMakeFiles/nav2_msgs__rosidl_typesupport_introspection_c.dir/rosidl_typesupport_introspection_c/nav2_msgs/msg/detail/costmap__type_support.c.o[0m
[336.398s] [ 77%] [32mBuilding C object CMakeFiles/nav2_msgs__rosidl_typesupport_introspection_c.dir/rosidl_typesupport_introspection_c/nav2_msgs/msg/detail/costmap_meta_data__type_support.c.o[0m
[336.405s] [ 77%] [32mBuilding C object CMakeFiles/nav2_msgs__rosidl_typesupport_introspection_c.dir/rosidl_typesupport_introspection_c/nav2_msgs/msg/detail/costmap_filter_info__type_support.c.o[0m
[336.650s] [ 77%] [32mBuilding C object CMakeFiles/nav2_msgs__rosidl_typesupport_introspection_c.dir/rosidl_typesupport_introspection_c/nav2_msgs/msg/detail/speed_limit__type_support.c.o[0m
[336.663s] [ 77%] [32mBuilding C object CMakeFiles/nav2_msgs__rosidl_typesupport_introspection_c.dir/rosidl_typesupport_introspection_c/nav2_msgs/msg/detail/voxel_grid__type_support.c.o[0m
[336.671s] [ 78%] [32mBuilding C object CMakeFiles/nav2_msgs__rosidl_typesupport_introspection_c.dir/rosidl_typesupport_introspection_c/nav2_msgs/msg/detail/behavior_tree_status_change__type_support.c.o[0m
[336.705s] [ 78%] [32mBuilding C object CMakeFiles/nav2_msgs__rosidl_typesupport_introspection_c.dir/rosidl_typesupport_introspection_c/nav2_msgs/msg/detail/behavior_tree_log__type_support.c.o[0m
[336.909s] [ 78%] [32mBuilding C object CMakeFiles/nav2_msgs__rosidl_typesupport_introspection_c.dir/rosidl_typesupport_introspection_c/nav2_msgs/msg/detail/particle__type_support.c.o[0m
[336.932s] [ 79%] [32mBuilding C object CMakeFiles/nav2_msgs__rosidl_typesupport_introspection_c.dir/rosidl_typesupport_introspection_c/nav2_msgs/msg/detail/particle_cloud__type_support.c.o[0m
[336.976s] [ 79%] [32mBuilding C object CMakeFiles/nav2_msgs__rosidl_typesupport_introspection_c.dir/rosidl_typesupport_introspection_c/nav2_msgs/msg/detail/route__type_support.c.o[0m
[337.004s] [ 79%] [32mBuilding C object CMakeFiles/nav2_msgs__rosidl_typesupport_introspection_c.dir/rosidl_typesupport_introspection_c/nav2_msgs/msg/detail/route_node__type_support.c.o[0m
[337.166s] [ 80%] [32mBuilding C object CMakeFiles/nav2_msgs__rosidl_typesupport_introspection_c.dir/rosidl_typesupport_introspection_c/nav2_msgs/msg/detail/route_edge__type_support.c.o[0m
[337.246s] [ 80%] [32mBuilding C object CMakeFiles/nav2_msgs__rosidl_typesupport_introspection_c.dir/rosidl_typesupport_introspection_c/nav2_msgs/msg/detail/edge_cost__type_support.c.o[0m
[337.265s] [ 80%] [32mBuilding C object CMakeFiles/nav2_msgs__rosidl_typesupport_introspection_c.dir/rosidl_typesupport_introspection_c/nav2_msgs/srv/detail/get_costmap__type_support.c.o[0m
[337.322s] [ 80%] [32mBuilding C object CMakeFiles/nav2_msgs__rosidl_typesupport_introspection_c.dir/rosidl_typesupport_introspection_c/nav2_msgs/srv/detail/is_path_valid__type_support.c.o[0m
[337.438s] [ 81%] [32mBuilding C object CMakeFiles/nav2_msgs__rosidl_typesupport_introspection_c.dir/rosidl_typesupport_introspection_c/nav2_msgs/srv/detail/clear_costmap_except_region__type_support.c.o[0m
[337.485s] [ 81%] [32mBuilding C object CMakeFiles/nav2_msgs__rosidl_typesupport_introspection_c.dir/rosidl_typesupport_introspection_c/nav2_msgs/srv/detail/clear_costmap_around_robot__type_support.c.o[0m
[337.563s] [ 81%] [32mBuilding C object CMakeFiles/nav2_msgs__rosidl_typesupport_introspection_c.dir/rosidl_typesupport_introspection_c/nav2_msgs/srv/detail/clear_entire_costmap__type_support.c.o[0m
[337.678s] [ 82%] [32mBuilding C object CMakeFiles/nav2_msgs__rosidl_typesupport_introspection_c.dir/rosidl_typesupport_introspection_c/nav2_msgs/srv/detail/dynamic_edges__type_support.c.o[0m
[337.738s] [ 82%] [32mBuilding C object CMakeFiles/nav2_msgs__rosidl_typesupport_introspection_c.dir/rosidl_typesupport_introspection_c/nav2_msgs/srv/detail/manage_lifecycle_nodes__type_support.c.o[0m
[337.780s] [ 82%] [32mBuilding C object CMakeFiles/nav2_msgs__rosidl_typesupport_introspection_c.dir/rosidl_typesupport_introspection_c/nav2_msgs/srv/detail/load_map__type_support.c.o[0m
[337.871s] [ 82%] [32mBuilding C object CMakeFiles/nav2_msgs__rosidl_typesupport_introspection_c.dir/rosidl_typesupport_introspection_c/nav2_msgs/srv/detail/save_map__type_support.c.o[0m
[338.020s] [ 83%] [32mBuilding C object CMakeFiles/nav2_msgs__rosidl_typesupport_introspection_c.dir/rosidl_typesupport_introspection_c/nav2_msgs/srv/detail/set_initial_pose__type_support.c.o[0m
[338.092s] [ 83%] [32mBuilding C object CMakeFiles/nav2_msgs__rosidl_typesupport_introspection_c.dir/rosidl_typesupport_introspection_c/nav2_msgs/srv/detail/set_route_graph__type_support.c.o[0m
[338.096s] [ 83%] [32mBuilding C object CMakeFiles/nav2_msgs__rosidl_typesupport_introspection_c.dir/rosidl_typesupport_introspection_c/nav2_msgs/action/detail/assisted_teleop__type_support.c.o[0m
[338.169s] [ 84%] [32mBuilding C object CMakeFiles/nav2_msgs__rosidl_typesupport_introspection_c.dir/rosidl_typesupport_introspection_c/nav2_msgs/action/detail/back_up__type_support.c.o[0m
[338.341s] [ 84%] [32mBuilding C object CMakeFiles/nav2_msgs__rosidl_typesupport_introspection_c.dir/rosidl_typesupport_introspection_c/nav2_msgs/action/detail/compute_path_to_pose__type_support.c.o[0m
[338.374s] [ 84%] [32mBuilding C object CMakeFiles/nav2_msgs__rosidl_typesupport_introspection_c.dir/rosidl_typesupport_introspection_c/nav2_msgs/action/detail/compute_path_through_poses__type_support.c.o[0m
[338.549s] [ 84%] [32mBuilding C object CMakeFiles/nav2_msgs__rosidl_typesupport_introspection_c.dir/rosidl_typesupport_introspection_c/nav2_msgs/action/detail/compute_route__type_support.c.o[0m
[338.639s] [ 85%] [32mBuilding C object CMakeFiles/nav2_msgs__rosidl_typesupport_introspection_c.dir/rosidl_typesupport_introspection_c/nav2_msgs/action/detail/compute_and_track_route__type_support.c.o[0m
[338.830s] [ 85%] [32mBuilding C object CMakeFiles/nav2_msgs__rosidl_typesupport_introspection_c.dir/rosidl_typesupport_introspection_c/nav2_msgs/action/detail/drive_on_heading__type_support.c.o[0m
[338.926s] [ 85%] [32mBuilding C object CMakeFiles/nav2_msgs__rosidl_typesupport_introspection_c.dir/rosidl_typesupport_introspection_c/nav2_msgs/action/detail/smooth_path__type_support.c.o[0m
[339.048s] [ 86%] [32mBuilding C object CMakeFiles/nav2_msgs__rosidl_typesupport_introspection_c.dir/rosidl_typesupport_introspection_c/nav2_msgs/action/detail/follow_path__type_support.c.o[0m
[339.179s] [ 86%] [32mBuilding C object CMakeFiles/nav2_msgs__rosidl_typesupport_introspection_c.dir/rosidl_typesupport_introspection_c/nav2_msgs/action/detail/navigate_to_pose__type_support.c.o[0m
[339.302s] [ 86%] [32mBuilding C object CMakeFiles/nav2_msgs__rosidl_typesupport_introspection_c.dir/rosidl_typesupport_introspection_c/nav2_msgs/action/detail/navigate_through_poses__type_support.c.o[0m
[339.423s] [ 87%] [32mBuilding C object CMakeFiles/nav2_msgs__rosidl_typesupport_introspection_c.dir/rosidl_typesupport_introspection_c/nav2_msgs/action/detail/wait__type_support.c.o[0m
[339.546s] [ 87%] [32mBuilding C object CMakeFiles/nav2_msgs__rosidl_typesupport_introspection_c.dir/rosidl_typesupport_introspection_c/nav2_msgs/action/detail/spin__type_support.c.o[0m
[339.671s] [ 87%] [32mBuilding C object CMakeFiles/nav2_msgs__rosidl_typesupport_introspection_c.dir/rosidl_typesupport_introspection_c/nav2_msgs/action/detail/dummy_behavior__type_support.c.o[0m
[339.837s] [ 87%] [32mBuilding C object CMakeFiles/nav2_msgs__rosidl_typesupport_introspection_c.dir/rosidl_typesupport_introspection_c/nav2_msgs/action/detail/follow_waypoints__type_support.c.o[0m
[340.290s] [ 88%] [32m[1mLinking C shared library libnav2_msgs__rosidl_typesupport_introspection_c.so[0m
[340.553s] [ 88%] Built target nav2_msgs__rosidl_typesupport_introspection_c
[340.651s] [ 88%] Built target nav2_msgs
[340.755s] [ 88%] [34m[1mGenerating Python code for ROS interfaces[0m
[391.709s] [ 88%] Built target nav2_msgs__py
[391.818s] [ 89%] [32mBuilding C object CMakeFiles/nav2_msgs__rosidl_generator_py.dir/rosidl_generator_py/nav2_msgs/msg/_collision_monitor_state_s.c.o[0m
[391.821s] [ 89%] [32mBuilding C object CMakeFiles/nav2_msgs__rosidl_generator_py.dir/rosidl_generator_py/nav2_msgs/msg/_costmap_s.c.o[0m
[391.823s] [ 89%] [32mBuilding C object CMakeFiles/nav2_msgs__rosidl_generator_py.dir/rosidl_generator_py/nav2_msgs/msg/_costmap_meta_data_s.c.o[0m
[391.829s] [ 89%] [32mBuilding C object CMakeFiles/nav2_msgs__rosidl_generator_py.dir/rosidl_generator_py/nav2_msgs/msg/_costmap_filter_info_s.c.o[0m
[392.536s] [ 90%] [32mBuilding C object CMakeFiles/nav2_msgs__rosidl_generator_py.dir/rosidl_generator_py/nav2_msgs/msg/_speed_limit_s.c.o[0m
[392.592s] [ 90%] [32mBuilding C object CMakeFiles/nav2_msgs__rosidl_generator_py.dir/rosidl_generator_py/nav2_msgs/msg/_voxel_grid_s.c.o[0m
[392.630s] [ 90%] [32mBuilding C object CMakeFiles/nav2_msgs__rosidl_generator_py.dir/rosidl_generator_py/nav2_msgs/msg/_behavior_tree_status_change_s.c.o[0m
[392.699s] [ 91%] [32mBuilding C object CMakeFiles/nav2_msgs__rosidl_generator_py.dir/rosidl_generator_py/nav2_msgs/msg/_behavior_tree_log_s.c.o[0m
[393.270s] [ 91%] [32mBuilding C object CMakeFiles/nav2_msgs__rosidl_generator_py.dir/rosidl_generator_py/nav2_msgs/msg/_particle_s.c.o[0m
[393.410s] [ 91%] [32mBuilding C object CMakeFiles/nav2_msgs__rosidl_generator_py.dir/rosidl_generator_py/nav2_msgs/msg/_particle_cloud_s.c.o[0m
[393.525s] [ 92%] [32mBuilding C object CMakeFiles/nav2_msgs__rosidl_generator_py.dir/rosidl_generator_py/nav2_msgs/msg/_route_s.c.o[0m
[393.543s] [ 92%] [32mBuilding C object CMakeFiles/nav2_msgs__rosidl_generator_py.dir/rosidl_generator_py/nav2_msgs/msg/_route_node_s.c.o[0m
[393.985s] [ 92%] [32mBuilding C object CMakeFiles/nav2_msgs__rosidl_generator_py.dir/rosidl_generator_py/nav2_msgs/msg/_route_edge_s.c.o[0m
[394.201s] [ 92%] [32mBuilding C object CMakeFiles/nav2_msgs__rosidl_generator_py.dir/rosidl_generator_py/nav2_msgs/msg/_edge_cost_s.c.o[0m
[394.267s] [ 93%] [32mBuilding C object CMakeFiles/nav2_msgs__rosidl_generator_py.dir/rosidl_generator_py/nav2_msgs/srv/_get_costmap_s.c.o[0m
[394.398s] [ 93%] [32mBuilding C object CMakeFiles/nav2_msgs__rosidl_generator_py.dir/rosidl_generator_py/nav2_msgs/srv/_is_path_valid_s.c.o[0m
[394.727s] [ 93%] [32mBuilding C object CMakeFiles/nav2_msgs__rosidl_generator_py.dir/rosidl_generator_py/nav2_msgs/srv/_clear_costmap_except_region_s.c.o[0m
[394.898s] [ 94%] [32mBuilding C object CMakeFiles/nav2_msgs__rosidl_generator_py.dir/rosidl_generator_py/nav2_msgs/srv/_clear_costmap_around_robot_s.c.o[0m
[395.056s] [ 94%] [32mBuilding C object CMakeFiles/nav2_msgs__rosidl_generator_py.dir/rosidl_generator_py/nav2_msgs/srv/_clear_entire_costmap_s.c.o[0m
[395.347s] [ 94%] [32mBuilding C object CMakeFiles/nav2_msgs__rosidl_generator_py.dir/rosidl_generator_py/nav2_msgs/srv/_dynamic_edges_s.c.o[0m
[395.520s] [ 94%] [32mBuilding C object CMakeFiles/nav2_msgs__rosidl_generator_py.dir/rosidl_generator_py/nav2_msgs/srv/_manage_lifecycle_nodes_s.c.o[0m
[395.688s] [ 95%] [32mBuilding C object CMakeFiles/nav2_msgs__rosidl_generator_py.dir/rosidl_generator_py/nav2_msgs/srv/_load_map_s.c.o[0m
[395.853s] [ 95%] [32mBuilding C object CMakeFiles/nav2_msgs__rosidl_generator_py.dir/rosidl_generator_py/nav2_msgs/srv/_save_map_s.c.o[0m
[396.322s] [ 95%] [32mBuilding C object CMakeFiles/nav2_msgs__rosidl_generator_py.dir/rosidl_generator_py/nav2_msgs/srv/_set_initial_pose_s.c.o[0m
[396.535s] [ 96%] [32mBuilding C object CMakeFiles/nav2_msgs__rosidl_generator_py.dir/rosidl_generator_py/nav2_msgs/srv/_set_route_graph_s.c.o[0m
[396.558s] [ 96%] [32mBuilding C object CMakeFiles/nav2_msgs__rosidl_generator_py.dir/rosidl_generator_py/nav2_msgs/action/_assisted_teleop_s.c.o[0m
[396.781s] [ 96%] [32mBuilding C object CMakeFiles/nav2_msgs__rosidl_generator_py.dir/rosidl_generator_py/nav2_msgs/action/_back_up_s.c.o[0m
[397.106s] [ 96%] [32mBuilding C object CMakeFiles/nav2_msgs__rosidl_generator_py.dir/rosidl_generator_py/nav2_msgs/action/_compute_path_to_pose_s.c.o[0m
[397.308s] [ 97%] [32mBuilding C object CMakeFiles/nav2_msgs__rosidl_generator_py.dir/rosidl_generator_py/nav2_msgs/action/_compute_path_through_poses_s.c.o[0m
[397.950s] [ 97%] [32mBuilding C object CMakeFiles/nav2_msgs__rosidl_generator_py.dir/rosidl_generator_py/nav2_msgs/action/_compute_route_s.c.o[0m
[398.212s] [ 97%] [32mBuilding C object CMakeFiles/nav2_msgs__rosidl_generator_py.dir/rosidl_generator_py/nav2_msgs/action/_compute_and_track_route_s.c.o[0m
[398.606s] [ 98%] [32mBuilding C object CMakeFiles/nav2_msgs__rosidl_generator_py.dir/rosidl_generator_py/nav2_msgs/action/_drive_on_heading_s.c.o[0m
[398.881s] [ 98%] [32mBuilding C object CMakeFiles/nav2_msgs__rosidl_generator_py.dir/rosidl_generator_py/nav2_msgs/action/_smooth_path_s.c.o[0m
[399.485s] [ 98%] [32mBuilding C object CMakeFiles/nav2_msgs__rosidl_generator_py.dir/rosidl_generator_py/nav2_msgs/action/_follow_path_s.c.o[0m
[399.907s] [ 99%] [32mBuilding C object CMakeFiles/nav2_msgs__rosidl_generator_py.dir/rosidl_generator_py/nav2_msgs/action/_navigate_to_pose_s.c.o[0m
[400.084s] [ 99%] [32mBuilding C object CMakeFiles/nav2_msgs__rosidl_generator_py.dir/rosidl_generator_py/nav2_msgs/action/_navigate_through_poses_s.c.o[0m
[400.385s] [ 99%] [32mBuilding C object CMakeFiles/nav2_msgs__rosidl_generator_py.dir/rosidl_generator_py/nav2_msgs/action/_wait_s.c.o[0m
[401.018s] [ 99%] [32mBuilding C object CMakeFiles/nav2_msgs__rosidl_generator_py.dir/rosidl_generator_py/nav2_msgs/action/_spin_s.c.o[0m
[401.417s] [100%] [32mBuilding C object CMakeFiles/nav2_msgs__rosidl_generator_py.dir/rosidl_generator_py/nav2_msgs/action/_dummy_behavior_s.c.o[0m
[401.698s] [100%] [32mBuilding C object CMakeFiles/nav2_msgs__rosidl_generator_py.dir/rosidl_generator_py/nav2_msgs/action/_follow_waypoints_s.c.o[0m
[403.034s] [100%] [32m[1mLinking C shared library rosidl_generator_py/nav2_msgs/libnav2_msgs__rosidl_generator_py.so[0m
[403.377s] [100%] Built target nav2_msgs__rosidl_generator_py
[403.477s] [100%] [32mBuilding C object CMakeFiles/nav2_msgs__rosidl_typesupport_fastrtps_c__pyext.dir/rosidl_generator_py/nav2_msgs/_nav2_msgs_s.ep.rosidl_typesupport_fastrtps_c.c.o[0m
[403.477s] [100%] [32mBuilding C object CMakeFiles/nav2_msgs__rosidl_typesupport_introspection_c__pyext.dir/rosidl_generator_py/nav2_msgs/_nav2_msgs_s.ep.rosidl_typesupport_introspection_c.c.o[0m
[403.479s] [100%] [32mBuilding C object CMakeFiles/nav2_msgs__rosidl_typesupport_c__pyext.dir/rosidl_generator_py/nav2_msgs/_nav2_msgs_s.ep.rosidl_typesupport_c.c.o[0m
[414.422s] [100%] [32m[1mLinking C shared library rosidl_generator_py/nav2_msgs/nav2_msgs_s__rosidl_typesupport_introspection_c.cpython-310-aarch64-linux-gnu.so[0m
[414.430s] [100%] [32m[1mLinking C shared library rosidl_generator_py/nav2_msgs/nav2_msgs_s__rosidl_typesupport_c.cpython-310-aarch64-linux-gnu.so[0m
[414.797s] [100%] [32m[1mLinking C shared library rosidl_generator_py/nav2_msgs/nav2_msgs_s__rosidl_typesupport_fastrtps_c.cpython-310-aarch64-linux-gnu.so[0m
[414.938s] [100%] Built target nav2_msgs__rosidl_typesupport_introspection_c__pyext
[414.957s] [100%] Built target nav2_msgs__rosidl_typesupport_c__pyext
[415.187s] [100%] Built target nav2_msgs__rosidl_typesupport_fastrtps_c__pyext
[415.239s] Invoked command in '/home/cricchetto/Robomaster_WS/build/nav2_msgs' returned '0': AMENT_PREFIX_PATH=/home/cricchetto/Robomaster_WS/install/nav2_common:${AMENT_PREFIX_PATH} CMAKE_PREFIX_PATH=/home/cricchetto/Robomaster_WS/install/nav2_common:/home/cricchetto/Robomaster_WS/install/sllidar_ros2:/home/cricchetto/Robomaster_WS/install/robomaster_msgs:/home/cricchetto/Robomaster_WS/install/robomaster_description:/home/cricchetto/Robomaster_WS/install/multirobot_map_merge:/home/cricchetto/Robomaster_WS/install/explore_lite:/home/cricchetto/Robomaster_WS/install/robomaster_ros:/home/cricchetto/Robomaster_WS/install/ep_control:/home/cricchetto/Robomaster_WS/install/drift:/opt/ros/humble PYTHONPATH=/home/cricchetto/Robomaster_WS/install/nav2_common/local/lib/python3.10/dist-packages:${PYTHONPATH} /usr/bin/cmake --build /home/cricchetto/Robomaster_WS/build/nav2_msgs -- -j4 -l4
[415.249s] Invoking command in '/home/cricchetto/Robomaster_WS/build/nav2_msgs': AMENT_PREFIX_PATH=/home/cricchetto/Robomaster_WS/install/nav2_common:${AMENT_PREFIX_PATH} CMAKE_PREFIX_PATH=/home/cricchetto/Robomaster_WS/install/nav2_common:/home/cricchetto/Robomaster_WS/install/sllidar_ros2:/home/cricchetto/Robomaster_WS/install/robomaster_msgs:/home/cricchetto/Robomaster_WS/install/robomaster_description:/home/cricchetto/Robomaster_WS/install/multirobot_map_merge:/home/cricchetto/Robomaster_WS/install/explore_lite:/home/cricchetto/Robomaster_WS/install/robomaster_ros:/home/cricchetto/Robomaster_WS/install/ep_control:/home/cricchetto/Robomaster_WS/install/drift:/opt/ros/humble PYTHONPATH=/home/cricchetto/Robomaster_WS/install/nav2_common/local/lib/python3.10/dist-packages:${PYTHONPATH} /usr/bin/cmake --install /home/cricchetto/Robomaster_WS/build/nav2_msgs
[415.280s] -- Install configuration: "Release"
[415.281s] -- Installing: /home/cricchetto/Robomaster_WS/install/nav2_msgs/share/ament_index/resource_index/rosidl_interfaces/nav2_msgs
[415.283s] -- Installing: /home/cricchetto/Robomaster_WS/install/nav2_msgs/include/nav2_msgs/nav2_msgs
[415.283s] -- Installing: /home/cricchetto/Robomaster_WS/install/nav2_msgs/include/nav2_msgs/nav2_msgs/action
[415.284s] -- Installing: /home/cricchetto/Robomaster_WS/install/nav2_msgs/include/nav2_msgs/nav2_msgs/action/drive_on_heading.h
[415.285s] -- Installing: /home/cricchetto/Robomaster_WS/install/nav2_msgs/include/nav2_msgs/nav2_msgs/action/compute_and_track_route.h
[415.286s] -- Installing: /home/cricchetto/Robomaster_WS/install/nav2_msgs/include/nav2_msgs/nav2_msgs/action/compute_path_through_poses.h
[415.287s] -- Installing: /home/cricchetto/Robomaster_WS/install/nav2_msgs/include/nav2_msgs/nav2_msgs/action/assisted_teleop.h
[415.288s] -- Installing: /home/cricchetto/Robomaster_WS/install/nav2_msgs/include/nav2_msgs/nav2_msgs/action/compute_path_to_pose.h
[415.289s] -- Installing: /home/cricchetto/Robomaster_WS/install/nav2_msgs/include/nav2_msgs/nav2_msgs/action/back_up.h
[415.290s] -- Installing: /home/cricchetto/Robomaster_WS/install/nav2_msgs/include/nav2_msgs/nav2_msgs/action/detail
[415.291s] -- Installing: /home/cricchetto/Robomaster_WS/install/nav2_msgs/include/nav2_msgs/nav2_msgs/action/detail/compute_path_to_pose__type_support.h
[415.293s] -- Installing: /home/cricchetto/Robomaster_WS/install/nav2_msgs/include/nav2_msgs/nav2_msgs/action/detail/wait__functions.c
[415.294s] -- Installing: /home/cricchetto/Robomaster_WS/install/nav2_msgs/include/nav2_msgs/nav2_msgs/action/detail/compute_route__struct.h
[415.296s] -- Installing: /home/cricchetto/Robomaster_WS/install/nav2_msgs/include/nav2_msgs/nav2_msgs/action/detail/follow_path__struct.h
[415.297s] -- Installing: /home/cricchetto/Robomaster_WS/install/nav2_msgs/include/nav2_msgs/nav2_msgs/action/detail/compute_path_to_pose__struct.h
[415.298s] -- Installing: /home/cricchetto/Robomaster_WS/install/nav2_msgs/include/nav2_msgs/nav2_msgs/action/detail/drive_on_heading__functions.c
[415.300s] -- Installing: /home/cricchetto/Robomaster_WS/install/nav2_msgs/include/nav2_msgs/nav2_msgs/action/detail/navigate_through_poses__functions.c
[415.301s] -- Installing: /home/cricchetto/Robomaster_WS/install/nav2_msgs/include/nav2_msgs/nav2_msgs/action/detail/follow_waypoints__type_support.h
[415.302s] -- Installing: /home/cricchetto/Robomaster_WS/install/nav2_msgs/include/nav2_msgs/nav2_msgs/action/detail/compute_path_through_poses__functions.c
[415.304s] -- Installing: /home/cricchetto/Robomaster_WS/install/nav2_msgs/include/nav2_msgs/nav2_msgs/action/detail/compute_path_to_pose__functions.h
[415.306s] -- Installing: /home/cricchetto/Robomaster_WS/install/nav2_msgs/include/nav2_msgs/nav2_msgs/action/detail/back_up__type_support.h
[415.307s] -- Installing: /home/cricchetto/Robomaster_WS/install/nav2_msgs/include/nav2_msgs/nav2_msgs/action/detail/compute_route__type_support.h
[415.308s] -- Installing: /home/cricchetto/Robomaster_WS/install/nav2_msgs/include/nav2_msgs/nav2_msgs/action/detail/wait__functions.h
[415.309s] -- Installing: /home/cricchetto/Robomaster_WS/install/nav2_msgs/include/nav2_msgs/nav2_msgs/action/detail/spin__struct.h
[415.310s] -- Installing: /home/cricchetto/Robomaster_WS/install/nav2_msgs/include/nav2_msgs/nav2_msgs/action/detail/navigate_through_poses__type_support.h
[415.311s] -- Installing: /home/cricchetto/Robomaster_WS/install/nav2_msgs/include/nav2_msgs/nav2_msgs/action/detail/follow_path__functions.h
[415.313s] -- Installing: /home/cricchetto/Robomaster_WS/install/nav2_msgs/include/nav2_msgs/nav2_msgs/action/detail/follow_path__functions.c
[415.314s] -- Installing: /home/cricchetto/Robomaster_WS/install/nav2_msgs/include/nav2_msgs/nav2_msgs/action/detail/compute_and_track_route__functions.c
[415.316s] -- Installing: /home/cricchetto/Robomaster_WS/install/nav2_msgs/include/nav2_msgs/nav2_msgs/action/detail/back_up__functions.c
[415.318s] -- Installing: /home/cricchetto/Robomaster_WS/install/nav2_msgs/include/nav2_msgs/nav2_msgs/action/detail/navigate_through_poses__struct.h
[415.319s] -- Installing: /home/cricchetto/Robomaster_WS/install/nav2_msgs/include/nav2_msgs/nav2_msgs/action/detail/dummy_behavior__functions.h
[415.320s] -- Installing: /home/cricchetto/Robomaster_WS/install/nav2_msgs/include/nav2_msgs/nav2_msgs/action/detail/spin__functions.c
[415.322s] -- Installing: /home/cricchetto/Robomaster_WS/install/nav2_msgs/include/nav2_msgs/nav2_msgs/action/detail/navigate_to_pose__functions.h
[415.323s] -- Installing: /home/cricchetto/Robomaster_WS/install/nav2_msgs/include/nav2_msgs/nav2_msgs/action/detail/compute_and_track_route__struct.h
[415.325s] -- Installing: /home/cricchetto/Robomaster_WS/install/nav2_msgs/include/nav2_msgs/nav2_msgs/action/detail/smooth_path__type_support.h
[415.326s] -- Installing: /home/cricchetto/Robomaster_WS/install/nav2_msgs/include/nav2_msgs/nav2_msgs/action/detail/compute_and_track_route__functions.h
[415.327s] -- Installing: /home/cricchetto/Robomaster_WS/install/nav2_msgs/include/nav2_msgs/nav2_msgs/action/detail/assisted_teleop__type_support.h
[415.328s] -- Installing: /home/cricchetto/Robomaster_WS/install/nav2_msgs/include/nav2_msgs/nav2_msgs/action/detail/dummy_behavior__struct.h
[415.330s] -- Installing: /home/cricchetto/Robomaster_WS/install/nav2_msgs/include/nav2_msgs/nav2_msgs/action/detail/compute_route__functions.h
[415.331s] -- Installing: /home/cricchetto/Robomaster_WS/install/nav2_msgs/include/nav2_msgs/nav2_msgs/action/detail/assisted_teleop__functions.c
[415.333s] -- Installing: /home/cricchetto/Robomaster_WS/install/nav2_msgs/include/nav2_msgs/nav2_msgs/action/detail/dummy_behavior__functions.c
[415.334s] -- Installing: /home/cricchetto/Robomaster_WS/install/nav2_msgs/include/nav2_msgs/nav2_msgs/action/detail/navigate_through_poses__functions.h
[415.336s] -- Installing: /home/cricchetto/Robomaster_WS/install/nav2_msgs/include/nav2_msgs/nav2_msgs/action/detail/drive_on_heading__struct.h
[415.337s] -- Installing: /home/cricchetto/Robomaster_WS/install/nav2_msgs/include/nav2_msgs/nav2_msgs/action/detail/back_up__functions.h
[415.338s] -- Installing: /home/cricchetto/Robomaster_WS/install/nav2_msgs/include/nav2_msgs/nav2_msgs/action/detail/smooth_path__functions.c
[415.340s] -- Installing: /home/cricchetto/Robomaster_WS/install/nav2_msgs/include/nav2_msgs/nav2_msgs/action/detail/compute_path_through_poses__struct.h
[415.341s] -- Installing: /home/cricchetto/Robomaster_WS/install/nav2_msgs/include/nav2_msgs/nav2_msgs/action/detail/compute_path_to_pose__functions.c
[415.343s] -- Installing: /home/cricchetto/Robomaster_WS/install/nav2_msgs/include/nav2_msgs/nav2_msgs/action/detail/spin__functions.h
[415.344s] -- Installing: /home/cricchetto/Robomaster_WS/install/nav2_msgs/include/nav2_msgs/nav2_msgs/action/detail/navigate_to_pose__type_support.h
[415.345s] -- Installing: /home/cricchetto/Robomaster_WS/install/nav2_msgs/include/nav2_msgs/nav2_msgs/action/detail/follow_waypoints__functions.c
[415.347s] -- Installing: /home/cricchetto/Robomaster_WS/install/nav2_msgs/include/nav2_msgs/nav2_msgs/action/detail/wait__type_support.h
[415.348s] -- Installing: /home/cricchetto/Robomaster_WS/install/nav2_msgs/include/nav2_msgs/nav2_msgs/action/detail/navigate_to_pose__functions.c
[415.349s] -- Installing: /home/cricchetto/Robomaster_WS/install/nav2_msgs/include/nav2_msgs/nav2_msgs/action/detail/compute_route__functions.c
[415.351s] -- Installing: /home/cricchetto/Robomaster_WS/install/nav2_msgs/include/nav2_msgs/nav2_msgs/action/detail/follow_waypoints__functions.h
[415.353s] -- Installing: /home/cricchetto/Robomaster_WS/install/nav2_msgs/include/nav2_msgs/nav2_msgs/action/detail/assisted_teleop__functions.h
[415.354s] -- Installing: /home/cricchetto/Robomaster_WS/install/nav2_msgs/include/nav2_msgs/nav2_msgs/action/detail/smooth_path__struct.h
[415.355s] -- Installing: /home/cricchetto/Robomaster_WS/install/nav2_msgs/include/nav2_msgs/nav2_msgs/action/detail/spin__type_support.h
[415.356s] -- Installing: /home/cricchetto/Robomaster_WS/install/nav2_msgs/include/nav2_msgs/nav2_msgs/action/detail/follow_path__type_support.h
[415.357s] -- Installing: /home/cricchetto/Robomaster_WS/install/nav2_msgs/include/nav2_msgs/nav2_msgs/action/detail/drive_on_heading__type_support.h
[415.358s] -- Installing: /home/cricchetto/Robomaster_WS/install/nav2_msgs/include/nav2_msgs/nav2_msgs/action/detail/back_up__struct.h
[415.359s] -- Installing: /home/cricchetto/Robomaster_WS/install/nav2_msgs/include/nav2_msgs/nav2_msgs/action/detail/compute_path_through_poses__functions.h
[415.361s] -- Installing: /home/cricchetto/Robomaster_WS/install/nav2_msgs/include/nav2_msgs/nav2_msgs/action/detail/dummy_behavior__type_support.h
[415.362s] -- Installing: /home/cricchetto/Robomaster_WS/install/nav2_msgs/include/nav2_msgs/nav2_msgs/action/detail/drive_on_heading__functions.h
[415.364s] -- Installing: /home/cricchetto/Robomaster_WS/install/nav2_msgs/include/nav2_msgs/nav2_msgs/action/detail/assisted_teleop__struct.h
[415.365s] -- Installing: /home/cricchetto/Robomaster_WS/install/nav2_msgs/include/nav2_msgs/nav2_msgs/action/detail/compute_path_through_poses__type_support.h
[415.366s] -- Installing: /home/cricchetto/Robomaster_WS/install/nav2_msgs/include/nav2_msgs/nav2_msgs/action/detail/compute_and_track_route__type_support.h
[415.367s] -- Installing: /home/cricchetto/Robomaster_WS/install/nav2_msgs/include/nav2_msgs/nav2_msgs/action/detail/wait__struct.h
[415.368s] -- Installing: /home/cricchetto/Robomaster_WS/install/nav2_msgs/include/nav2_msgs/nav2_msgs/action/detail/smooth_path__functions.h
[415.370s] -- Installing: /home/cricchetto/Robomaster_WS/install/nav2_msgs/include/nav2_msgs/nav2_msgs/action/detail/follow_waypoints__struct.h
[415.371s] -- Installing: /home/cricchetto/Robomaster_WS/install/nav2_msgs/include/nav2_msgs/nav2_msgs/action/detail/navigate_to_pose__struct.h
[415.372s] -- Installing: /home/cricchetto/Robomaster_WS/install/nav2_msgs/include/nav2_msgs/nav2_msgs/action/compute_route.h
[415.373s] -- Installing: /home/cricchetto/Robomaster_WS/install/nav2_msgs/include/nav2_msgs/nav2_msgs/action/spin.h
[415.374s] -- Installing: /home/cricchetto/Robomaster_WS/install/nav2_msgs/include/nav2_msgs/nav2_msgs/action/smooth_path.h
[415.375s] -- Installing: /home/cricchetto/Robomaster_WS/install/nav2_msgs/include/nav2_msgs/nav2_msgs/action/wait.h
[415.376s] -- Installing: /home/cricchetto/Robomaster_WS/install/nav2_msgs/include/nav2_msgs/nav2_msgs/action/follow_path.h
[415.377s] -- Installing: /home/cricchetto/Robomaster_WS/install/nav2_msgs/include/nav2_msgs/nav2_msgs/action/dummy_behavior.h
[415.378s] -- Installing: /home/cricchetto/Robomaster_WS/install/nav2_msgs/include/nav2_msgs/nav2_msgs/action/follow_waypoints.h
[415.379s] -- Installing: /home/cricchetto/Robomaster_WS/install/nav2_msgs/include/nav2_msgs/nav2_msgs/action/navigate_to_pose.h
[415.380s] -- Installing: /home/cricchetto/Robomaster_WS/install/nav2_msgs/include/nav2_msgs/nav2_msgs/action/navigate_through_poses.h
[415.381s] -- Installing: /home/cricchetto/Robomaster_WS/install/nav2_msgs/include/nav2_msgs/nav2_msgs/msg
[415.381s] -- Installing: /home/cricchetto/Robomaster_WS/install/nav2_msgs/include/nav2_msgs/nav2_msgs/msg/speed_limit.h
[415.382s] -- Installing: /home/cricchetto/Robomaster_WS/install/nav2_msgs/include/nav2_msgs/nav2_msgs/msg/costmap_meta_data.h
[415.383s] -- Installing: /home/cricchetto/Robomaster_WS/install/nav2_msgs/include/nav2_msgs/nav2_msgs/msg/collision_monitor_state.h
[415.384s] -- Installing: /home/cricchetto/Robomaster_WS/install/nav2_msgs/include/nav2_msgs/nav2_msgs/msg/route.h
[415.385s] -- Installing: /home/cricchetto/Robomaster_WS/install/nav2_msgs/include/nav2_msgs/nav2_msgs/msg/particle_cloud.h
[415.386s] -- Installing: /home/cricchetto/Robomaster_WS/install/nav2_msgs/include/nav2_msgs/nav2_msgs/msg/route_edge.h
[415.387s] -- Installing: /home/cricchetto/Robomaster_WS/install/nav2_msgs/include/nav2_msgs/nav2_msgs/msg/voxel_grid.h
[415.388s] -- Installing: /home/cricchetto/Robomaster_WS/install/nav2_msgs/include/nav2_msgs/nav2_msgs/msg/behavior_tree_status_change.h
[415.389s] -- Installing: /home/cricchetto/Robomaster_WS/install/nav2_msgs/include/nav2_msgs/nav2_msgs/msg/costmap_filter_info.h
[415.390s] -- Installing: /home/cricchetto/Robomaster_WS/install/nav2_msgs/include/nav2_msgs/nav2_msgs/msg/edge_cost.h
[415.391s] -- Installing: /home/cricchetto/Robomaster_WS/install/nav2_msgs/include/nav2_msgs/nav2_msgs/msg/rosidl_generator_c__visibility_control.h
[415.392s] -- Installing: /home/cricchetto/Robomaster_WS/install/nav2_msgs/include/nav2_msgs/nav2_msgs/msg/detail
[415.394s] -- Installing: /home/cricchetto/Robomaster_WS/install/nav2_msgs/include/nav2_msgs/nav2_msgs/msg/detail/costmap_filter_info__functions.h
[415.395s] -- Installing: /home/cricchetto/Robomaster_WS/install/nav2_msgs/include/nav2_msgs/nav2_msgs/msg/detail/costmap_filter_info__type_support.h
[415.396s] -- Installing: /home/cricchetto/Robomaster_WS/install/nav2_msgs/include/nav2_msgs/nav2_msgs/msg/detail/voxel_grid__struct.h
[415.397s] -- Installing: /home/cricchetto/Robomaster_WS/install/nav2_msgs/include/nav2_msgs/nav2_msgs/msg/detail/route__struct.h
[415.398s] -- Installing: /home/cricchetto/Robomaster_WS/install/nav2_msgs/include/nav2_msgs/nav2_msgs/msg/detail/collision_monitor_state__functions.h
[415.399s] -- Installing: /home/cricchetto/Robomaster_WS/install/nav2_msgs/include/nav2_msgs/nav2_msgs/msg/detail/edge_cost__type_support.h
[415.400s] -- Installing: /home/cricchetto/Robomaster_WS/install/nav2_msgs/include/nav2_msgs/nav2_msgs/msg/detail/costmap_meta_data__type_support.h
[415.402s] -- Installing: /home/cricchetto/Robomaster_WS/install/nav2_msgs/include/nav2_msgs/nav2_msgs/msg/detail/costmap__type_support.h
[415.403s] -- Installing: /home/cricchetto/Robomaster_WS/install/nav2_msgs/include/nav2_msgs/nav2_msgs/msg/detail/route_edge__type_support.h
[415.404s] -- Installing: /home/cricchetto/Robomaster_WS/install/nav2_msgs/include/nav2_msgs/nav2_msgs/msg/detail/voxel_grid__functions.c
[415.405s] -- Installing: /home/cricchetto/Robomaster_WS/install/nav2_msgs/include/nav2_msgs/nav2_msgs/msg/detail/edge_cost__functions.c
[415.406s] -- Installing: /home/cricchetto/Robomaster_WS/install/nav2_msgs/include/nav2_msgs/nav2_msgs/msg/detail/particle_cloud__functions.c
[415.407s] -- Installing: /home/cricchetto/Robomaster_WS/install/nav2_msgs/include/nav2_msgs/nav2_msgs/msg/detail/particle__functions.h
[415.408s] -- Installing: /home/cricchetto/Robomaster_WS/install/nav2_msgs/include/nav2_msgs/nav2_msgs/msg/detail/costmap__functions.h
[415.409s] -- Installing: /home/cricchetto/Robomaster_WS/install/nav2_msgs/include/nav2_msgs/nav2_msgs/msg/detail/behavior_tree_log__type_support.h
[415.410s] -- Installing: /home/cricchetto/Robomaster_WS/install/nav2_msgs/include/nav2_msgs/nav2_msgs/msg/detail/costmap_meta_data__functions.h
[415.411s] -- Installing: /home/cricchetto/Robomaster_WS/install/nav2_msgs/include/nav2_msgs/nav2_msgs/msg/detail/speed_limit__struct.h
[415.412s] -- Installing: /home/cricchetto/Robomaster_WS/install/nav2_msgs/include/nav2_msgs/nav2_msgs/msg/detail/behavior_tree_status_change__functions.h
[415.413s] -- Installing: /home/cricchetto/Robomaster_WS/install/nav2_msgs/include/nav2_msgs/nav2_msgs/msg/detail/edge_cost__struct.h
[415.414s] -- Installing: /home/cricchetto/Robomaster_WS/install/nav2_msgs/include/nav2_msgs/nav2_msgs/msg/detail/behavior_tree_log__functions.c
[415.415s] -- Installing: /home/cricchetto/Robomaster_WS/install/nav2_msgs/include/nav2_msgs/nav2_msgs/msg/detail/behavior_tree_status_change__type_support.h
[415.416s] -- Installing: /home/cricchetto/Robomaster_WS/install/nav2_msgs/include/nav2_msgs/nav2_msgs/msg/detail/particle_cloud__struct.h
[415.417s] -- Installing: /home/cricchetto/Robomaster_WS/install/nav2_msgs/include/nav2_msgs/nav2_msgs/msg/detail/costmap_meta_data__functions.c
[415.419s] -- Installing: /home/cricchetto/Robomaster_WS/install/nav2_msgs/include/nav2_msgs/nav2_msgs/msg/detail/route_node__functions.h
[415.420s] -- Installing: /home/cricchetto/Robomaster_WS/install/nav2_msgs/include/nav2_msgs/nav2_msgs/msg/detail/route_node__functions.c
[415.421s] -- Installing: /home/cricchetto/Robomaster_WS/install/nav2_msgs/include/nav2_msgs/nav2_msgs/msg/detail/route_edge__struct.h
[415.422s] -- Installing: /home/cricchetto/Robomaster_WS/install/nav2_msgs/include/nav2_msgs/nav2_msgs/msg/detail/costmap__functions.c
[415.423s] -- Installing: /home/cricchetto/Robomaster_WS/install/nav2_msgs/include/nav2_msgs/nav2_msgs/msg/detail/costmap_meta_data__struct.h
[415.424s] -- Installing: /home/cricchetto/Robomaster_WS/install/nav2_msgs/include/nav2_msgs/nav2_msgs/msg/detail/route_node__type_support.h
[415.425s] -- Installing: /home/cricchetto/Robomaster_WS/install/nav2_msgs/include/nav2_msgs/nav2_msgs/msg/detail/behavior_tree_status_change__functions.c
[415.426s] -- Installing: /home/cricchetto/Robomaster_WS/install/nav2_msgs/include/nav2_msgs/nav2_msgs/msg/detail/edge_cost__functions.h
[415.427s] -- Installing: /home/cricchetto/Robomaster_WS/install/nav2_msgs/include/nav2_msgs/nav2_msgs/msg/detail/route_node__struct.h
[415.428s] -- Installing: /home/cricchetto/Robomaster_WS/install/nav2_msgs/include/nav2_msgs/nav2_msgs/msg/detail/particle__struct.h
[415.429s] -- Installing: /home/cricchetto/Robomaster_WS/install/nav2_msgs/include/nav2_msgs/nav2_msgs/msg/detail/route__type_support.h
[415.430s] -- Installing: /home/cricchetto/Robomaster_WS/install/nav2_msgs/include/nav2_msgs/nav2_msgs/msg/detail/behavior_tree_status_change__struct.h
[415.431s] -- Installing: /home/cricchetto/Robomaster_WS/install/nav2_msgs/include/nav2_msgs/nav2_msgs/msg/detail/route__functions.c
[415.432s] -- Installing: /home/cricchetto/Robomaster_WS/install/nav2_msgs/include/nav2_msgs/nav2_msgs/msg/detail/particle_cloud__functions.h
[415.434s] -- Installing: /home/cricchetto/Robomaster_WS/install/nav2_msgs/include/nav2_msgs/nav2_msgs/msg/detail/behavior_tree_log__functions.h
[415.435s] -- Installing: /home/cricchetto/Robomaster_WS/install/nav2_msgs/include/nav2_msgs/nav2_msgs/msg/detail/speed_limit__functions.c
[415.436s] -- Installing: /home/cricchetto/Robomaster_WS/install/nav2_msgs/include/nav2_msgs/nav2_msgs/msg/detail/speed_limit__type_support.h
[415.437s] -- Installing: /home/cricchetto/Robomaster_WS/install/nav2_msgs/include/nav2_msgs/nav2_msgs/msg/detail/collision_monitor_state__type_support.h
[415.438s] -- Installing: /home/cricchetto/Robomaster_WS/install/nav2_msgs/include/nav2_msgs/nav2_msgs/msg/detail/collision_monitor_state__functions.c
[415.439s] -- Installing: /home/cricchetto/Robomaster_WS/install/nav2_msgs/include/nav2_msgs/nav2_msgs/msg/detail/speed_limit__functions.h
[415.440s] -- Installing: /home/cricchetto/Robomaster_WS/install/nav2_msgs/include/nav2_msgs/nav2_msgs/msg/detail/voxel_grid__functions.h
[415.441s] -- Installing: /home/cricchetto/Robomaster_WS/install/nav2_msgs/include/nav2_msgs/nav2_msgs/msg/detail/particle__functions.c
[415.442s] -- Installing: /home/cricchetto/Robomaster_WS/install/nav2_msgs/include/nav2_msgs/nav2_msgs/msg/detail/collision_monitor_state__struct.h
[415.443s] -- Installing: /home/cricchetto/Robomaster_WS/install/nav2_msgs/include/nav2_msgs/nav2_msgs/msg/detail/particle__type_support.h
[415.444s] -- Installing: /home/cricchetto/Robomaster_WS/install/nav2_msgs/include/nav2_msgs/nav2_msgs/msg/detail/costmap_filter_info__functions.c
[415.446s] -- Installing: /home/cricchetto/Robomaster_WS/install/nav2_msgs/include/nav2_msgs/nav2_msgs/msg/detail/route__functions.h
[415.447s] -- Installing: /home/cricchetto/Robomaster_WS/install/nav2_msgs/include/nav2_msgs/nav2_msgs/msg/detail/costmap_filter_info__struct.h
[415.448s] -- Installing: /home/cricchetto/Robomaster_WS/install/nav2_msgs/include/nav2_msgs/nav2_msgs/msg/detail/costmap__struct.h
[415.449s] -- Installing: /home/cricchetto/Robomaster_WS/install/nav2_msgs/include/nav2_msgs/nav2_msgs/msg/detail/route_edge__functions.c
[415.450s] -- Installing: /home/cricchetto/Robomaster_WS/install/nav2_msgs/include/nav2_msgs/nav2_msgs/msg/detail/particle_cloud__type_support.h
[415.451s] -- Installing: /home/cricchetto/Robomaster_WS/install/nav2_msgs/include/nav2_msgs/nav2_msgs/msg/detail/voxel_grid__type_support.h
[415.452s] -- Installing: /home/cricchetto/Robomaster_WS/install/nav2_msgs/include/nav2_msgs/nav2_msgs/msg/detail/behavior_tree_log__struct.h
[415.453s] -- Installing: /home/cricchetto/Robomaster_WS/install/nav2_msgs/include/nav2_msgs/nav2_msgs/msg/detail/route_edge__functions.h
[415.454s] -- Installing: /home/cricchetto/Robomaster_WS/install/nav2_msgs/include/nav2_msgs/nav2_msgs/msg/behavior_tree_log.h
[415.455s] -- Installing: /home/cricchetto/Robomaster_WS/install/nav2_msgs/include/nav2_msgs/nav2_msgs/msg/particle.h
[415.456s] -- Installing: /home/cricchetto/Robomaster_WS/install/nav2_msgs/include/nav2_msgs/nav2_msgs/msg/costmap.h
[415.457s] -- Installing: /home/cricchetto/Robomaster_WS/install/nav2_msgs/include/nav2_msgs/nav2_msgs/msg/route_node.h
[415.458s] -- Installing: /home/cricchetto/Robomaster_WS/install/nav2_msgs/include/nav2_msgs/nav2_msgs/srv
[415.458s] -- Installing: /home/cricchetto/Robomaster_WS/install/nav2_msgs/include/nav2_msgs/nav2_msgs/srv/dynamic_edges.h
[415.459s] -- Installing: /home/cricchetto/Robomaster_WS/install/nav2_msgs/include/nav2_msgs/nav2_msgs/srv/manage_lifecycle_nodes.h
[415.460s] -- Installing: /home/cricchetto/Robomaster_WS/install/nav2_msgs/include/nav2_msgs/nav2_msgs/srv/clear_costmap_around_robot.h
[415.461s] -- Installing: /home/cricchetto/Robomaster_WS/install/nav2_msgs/include/nav2_msgs/nav2_msgs/srv/get_costmap.h
[415.462s] -- Installing: /home/cricchetto/Robomaster_WS/install/nav2_msgs/include/nav2_msgs/nav2_msgs/srv/is_path_valid.h
[415.463s] -- Installing: /home/cricchetto/Robomaster_WS/install/nav2_msgs/include/nav2_msgs/nav2_msgs/srv/clear_costmap_except_region.h
[415.464s] -- Installing: /home/cricchetto/Robomaster_WS/install/nav2_msgs/include/nav2_msgs/nav2_msgs/srv/clear_entire_costmap.h
[415.465s] -- Installing: /home/cricchetto/Robomaster_WS/install/nav2_msgs/include/nav2_msgs/nav2_msgs/srv/set_route_graph.h
[415.466s] -- Installing: /home/cricchetto/Robomaster_WS/install/nav2_msgs/include/nav2_msgs/nav2_msgs/srv/save_map.h
[415.467s] -- Installing: /home/cricchetto/Robomaster_WS/install/nav2_msgs/include/nav2_msgs/nav2_msgs/srv/load_map.h
[415.468s] -- Installing: /home/cricchetto/Robomaster_WS/install/nav2_msgs/include/nav2_msgs/nav2_msgs/srv/detail
[415.469s] -- Installing: /home/cricchetto/Robomaster_WS/install/nav2_msgs/include/nav2_msgs/nav2_msgs/srv/detail/is_path_valid__functions.h
[415.470s] -- Installing: /home/cricchetto/Robomaster_WS/install/nav2_msgs/include/nav2_msgs/nav2_msgs/srv/detail/clear_entire_costmap__struct.h
[415.471s] -- Installing: /home/cricchetto/Robomaster_WS/install/nav2_msgs/include/nav2_msgs/nav2_msgs/srv/detail/load_map__struct.h
[415.473s] -- Installing: /home/cricchetto/Robomaster_WS/install/nav2_msgs/include/nav2_msgs/nav2_msgs/srv/detail/load_map__functions.c
[415.474s] -- Installing: /home/cricchetto/Robomaster_WS/install/nav2_msgs/include/nav2_msgs/nav2_msgs/srv/detail/set_route_graph__functions.c
[415.475s] -- Installing: /home/cricchetto/Robomaster_WS/install/nav2_msgs/include/nav2_msgs/nav2_msgs/srv/detail/save_map__functions.c
[415.476s] -- Installing: /home/cricchetto/Robomaster_WS/install/nav2_msgs/include/nav2_msgs/nav2_msgs/srv/detail/set_initial_pose__type_support.h
[415.477s] -- Installing: /home/cricchetto/Robomaster_WS/install/nav2_msgs/include/nav2_msgs/nav2_msgs/srv/detail/clear_costmap_around_robot__type_support.h
[415.478s] -- Installing: /home/cricchetto/Robomaster_WS/install/nav2_msgs/include/nav2_msgs/nav2_msgs/srv/detail/manage_lifecycle_nodes__type_support.h
[415.479s] -- Installing: /home/cricchetto/Robomaster_WS/install/nav2_msgs/include/nav2_msgs/nav2_msgs/srv/detail/set_route_graph__functions.h
[415.480s] -- Installing: /home/cricchetto/Robomaster_WS/install/nav2_msgs/include/nav2_msgs/nav2_msgs/srv/detail/clear_costmap_around_robot__functions.c
[415.482s] -- Installing: /home/cricchetto/Robomaster_WS/install/nav2_msgs/include/nav2_msgs/nav2_msgs/srv/detail/set_initial_pose__functions.c
[415.483s] -- Installing: /home/cricchetto/Robomaster_WS/install/nav2_msgs/include/nav2_msgs/nav2_msgs/srv/detail/manage_lifecycle_nodes__functions.h
[415.484s] -- Installing: /home/cricchetto/Robomaster_WS/install/nav2_msgs/include/nav2_msgs/nav2_msgs/srv/detail/load_map__functions.h
[415.485s] -- Installing: /home/cricchetto/Robomaster_WS/install/nav2_msgs/include/nav2_msgs/nav2_msgs/srv/detail/save_map__type_support.h
[415.486s] -- Installing: /home/cricchetto/Robomaster_WS/install/nav2_msgs/include/nav2_msgs/nav2_msgs/srv/detail/save_map__functions.h
[415.487s] -- Installing: /home/cricchetto/Robomaster_WS/install/nav2_msgs/include/nav2_msgs/nav2_msgs/srv/detail/clear_costmap_except_region__functions.c
[415.488s] -- Installing: /home/cricchetto/Robomaster_WS/install/nav2_msgs/include/nav2_msgs/nav2_msgs/srv/detail/set_initial_pose__struct.h
[415.489s] -- Installing: /home/cricchetto/Robomaster_WS/install/nav2_msgs/include/nav2_msgs/nav2_msgs/srv/detail/clear_entire_costmap__functions.h
[415.491s] -- Installing: /home/cricchetto/Robomaster_WS/install/nav2_msgs/include/nav2_msgs/nav2_msgs/srv/detail/set_route_graph__struct.h
[415.492s] -- Installing: /home/cricchetto/Robomaster_WS/install/nav2_msgs/include/nav2_msgs/nav2_msgs/srv/detail/load_map__type_support.h
[415.493s] -- Installing: /home/cricchetto/Robomaster_WS/install/nav2_msgs/include/nav2_msgs/nav2_msgs/srv/detail/dynamic_edges__functions.h
[415.494s] -- Installing: /home/cricchetto/Robomaster_WS/install/nav2_msgs/include/nav2_msgs/nav2_msgs/srv/detail/is_path_valid__type_support.h
[415.495s] -- Installing: /home/cricchetto/Robomaster_WS/install/nav2_msgs/include/nav2_msgs/nav2_msgs/srv/detail/is_path_valid__functions.c
[415.496s] -- Installing: /home/cricchetto/Robomaster_WS/install/nav2_msgs/include/nav2_msgs/nav2_msgs/srv/detail/save_map__struct.h
[415.498s] -- Installing: /home/cricchetto/Robomaster_WS/install/nav2_msgs/include/nav2_msgs/nav2_msgs/srv/detail/clear_entire_costmap__functions.c
[415.499s] -- Installing: /home/cricchetto/Robomaster_WS/install/nav2_msgs/include/nav2_msgs/nav2_msgs/srv/detail/clear_costmap_around_robot__functions.h
[415.500s] -- Installing: /home/cricchetto/Robomaster_WS/install/nav2_msgs/include/nav2_msgs/nav2_msgs/srv/detail/clear_costmap_around_robot__struct.h
[415.501s] -- Installing: /home/cricchetto/Robomaster_WS/install/nav2_msgs/include/nav2_msgs/nav2_msgs/srv/detail/manage_lifecycle_nodes__struct.h
[415.502s] -- Installing: /home/cricchetto/Robomaster_WS/install/nav2_msgs/include/nav2_msgs/nav2_msgs/srv/detail/get_costmap__functions.h
[415.503s] -- Installing: /home/cricchetto/Robomaster_WS/install/nav2_msgs/include/nav2_msgs/nav2_msgs/srv/detail/dynamic_edges__functions.c
[415.504s] -- Installing: /home/cricchetto/Robomaster_WS/install/nav2_msgs/include/nav2_msgs/nav2_msgs/srv/detail/clear_costmap_except_region__type_support.h
[415.506s] -- Installing: /home/cricchetto/Robomaster_WS/install/nav2_msgs/include/nav2_msgs/nav2_msgs/srv/detail/manage_lifecycle_nodes__functions.c
[415.507s] -- Installing: /home/cricchetto/Robomaster_WS/install/nav2_msgs/include/nav2_msgs/nav2_msgs/srv/detail/dynamic_edges__struct.h
[415.508s] -- Installing: /home/cricchetto/Robomaster_WS/install/nav2_msgs/include/nav2_msgs/nav2_msgs/srv/detail/get_costmap__functions.c
[415.509s] -- Installing: /home/cricchetto/Robomaster_WS/install/nav2_msgs/include/nav2_msgs/nav2_msgs/srv/detail/set_route_graph__type_support.h
[415.510s] -- Installing: /home/cricchetto/Robomaster_WS/install/nav2_msgs/include/nav2_msgs/nav2_msgs/srv/detail/clear_entire_costmap__type_support.h
[415.511s] -- Installing: /home/cricchetto/Robomaster_WS/install/nav2_msgs/include/nav2_msgs/nav2_msgs/srv/detail/set_initial_pose__functions.h
[415.512s] -- Installing: /home/cricchetto/Robomaster_WS/install/nav2_msgs/include/nav2_msgs/nav2_msgs/srv/detail/clear_costmap_except_region__struct.h
[415.513s] -- Installing: /home/cricchetto/Robomaster_WS/install/nav2_msgs/include/nav2_msgs/nav2_msgs/srv/detail/get_costmap__type_support.h
[415.514s] -- Installing: /home/cricchetto/Robomaster_WS/install/nav2_msgs/include/nav2_msgs/nav2_msgs/srv/detail/get_costmap__struct.h
[415.515s] -- Installing: /home/cricchetto/Robomaster_WS/install/nav2_msgs/include/nav2_msgs/nav2_msgs/srv/detail/dynamic_edges__type_support.h
[415.516s] -- Installing: /home/cricchetto/Robomaster_WS/install/nav2_msgs/include/nav2_msgs/nav2_msgs/srv/detail/clear_costmap_except_region__functions.h
[415.518s] -- Installing: /home/cricchetto/Robomaster_WS/install/nav2_msgs/include/nav2_msgs/nav2_msgs/srv/detail/is_path_valid__struct.h
[415.519s] -- Installing: /home/cricchetto/Robomaster_WS/install/nav2_msgs/include/nav2_msgs/nav2_msgs/srv/set_initial_pose.h
[415.521s] -- Installing: /home/cricchetto/Robomaster_WS/install/nav2_msgs/share/nav2_msgs/environment/library_path.sh
[415.522s] -- Installing: /home/cricchetto/Robomaster_WS/install/nav2_msgs/share/nav2_msgs/environment/library_path.dsv
[415.523s] -- Installing: /home/cricchetto/Robomaster_WS/install/nav2_msgs/lib/libnav2_msgs__rosidl_generator_c.so
[415.532s] -- Set runtime path of "/home/cricchetto/Robomaster_WS/install/nav2_msgs/lib/libnav2_msgs__rosidl_generator_c.so" to ""
[415.533s] -- Up-to-date: /home/cricchetto/Robomaster_WS/install/nav2_msgs/include/nav2_msgs/nav2_msgs
[415.533s] -- Up-to-date: /home/cricchetto/Robomaster_WS/install/nav2_msgs/include/nav2_msgs/nav2_msgs/action
[415.533s] -- Up-to-date: /home/cricchetto/Robomaster_WS/install/nav2_msgs/include/nav2_msgs/nav2_msgs/action/detail
[415.534s] -- Installing: /home/cricchetto/Robomaster_WS/install/nav2_msgs/include/nav2_msgs/nav2_msgs/action/detail/compute_and_track_route__rosidl_typesupport_fastrtps_c.h
[415.535s] -- Installing: /home/cricchetto/Robomaster_WS/install/nav2_msgs/include/nav2_msgs/nav2_msgs/action/detail/smooth_path__rosidl_typesupport_fastrtps_c.h
[415.536s] -- Installing: /home/cricchetto/Robomaster_WS/install/nav2_msgs/include/nav2_msgs/nav2_msgs/action/detail/dummy_behavior__rosidl_typesupport_fastrtps_c.h
[415.538s] -- Installing: /home/cricchetto/Robomaster_WS/install/nav2_msgs/include/nav2_msgs/nav2_msgs/action/detail/follow_path__rosidl_typesupport_fastrtps_c.h
[415.539s] -- Installing: /home/cricchetto/Robomaster_WS/install/nav2_msgs/include/nav2_msgs/nav2_msgs/action/detail/compute_path_to_pose__rosidl_typesupport_fastrtps_c.h
[415.540s] -- Installing: /home/cricchetto/Robomaster_WS/install/nav2_msgs/include/nav2_msgs/nav2_msgs/action/detail/drive_on_heading__rosidl_typesupport_fastrtps_c.h
[415.541s] -- Installing: /home/cricchetto/Robomaster_WS/install/nav2_msgs/include/nav2_msgs/nav2_msgs/action/detail/navigate_through_poses__rosidl_typesupport_fastrtps_c.h
[415.543s] -- Installing: /home/cricchetto/Robomaster_WS/install/nav2_msgs/include/nav2_msgs/nav2_msgs/action/detail/compute_route__rosidl_typesupport_fastrtps_c.h
[415.544s] -- Installing: /home/cricchetto/Robomaster_WS/install/nav2_msgs/include/nav2_msgs/nav2_msgs/action/detail/compute_path_through_poses__rosidl_typesupport_fastrtps_c.h
[415.545s] -- Installing: /home/cricchetto/Robomaster_WS/install/nav2_msgs/include/nav2_msgs/nav2_msgs/action/detail/wait__rosidl_typesupport_fastrtps_c.h
[415.546s] -- Installing: /home/cricchetto/Robomaster_WS/install/nav2_msgs/include/nav2_msgs/nav2_msgs/action/detail/spin__rosidl_typesupport_fastrtps_c.h
[415.548s] -- Installing: /home/cricchetto/Robomaster_WS/install/nav2_msgs/include/nav2_msgs/nav2_msgs/action/detail/follow_waypoints__rosidl_typesupport_fastrtps_c.h
[415.549s] -- Installing: /home/cricchetto/Robomaster_WS/install/nav2_msgs/include/nav2_msgs/nav2_msgs/action/detail/assisted_teleop__rosidl_typesupport_fastrtps_c.h
[415.550s] -- Installing: /home/cricchetto/Robomaster_WS/install/nav2_msgs/include/nav2_msgs/nav2_msgs/action/detail/navigate_to_pose__rosidl_typesupport_fastrtps_c.h
[415.552s] -- Installing: /home/cricchetto/Robomaster_WS/install/nav2_msgs/include/nav2_msgs/nav2_msgs/action/detail/back_up__rosidl_typesupport_fastrtps_c.h
[415.553s] -- Up-to-date: /home/cricchetto/Robomaster_WS/install/nav2_msgs/include/nav2_msgs/nav2_msgs/msg
[415.553s] -- Installing: /home/cricchetto/Robomaster_WS/install/nav2_msgs/include/nav2_msgs/nav2_msgs/msg/rosidl_typesupport_fastrtps_c__visibility_control.h
[415.554s] -- Up-to-date: /home/cricchetto/Robomaster_WS/install/nav2_msgs/include/nav2_msgs/nav2_msgs/msg/detail
[415.555s] -- Installing: /home/cricchetto/Robomaster_WS/install/nav2_msgs/include/nav2_msgs/nav2_msgs/msg/detail/particle__rosidl_typesupport_fastrtps_c.h
[415.556s] -- Installing: /home/cricchetto/Robomaster_WS/install/nav2_msgs/include/nav2_msgs/nav2_msgs/msg/detail/route__rosidl_typesupport_fastrtps_c.h
[415.557s] -- Installing: /home/cricchetto/Robomaster_WS/install/nav2_msgs/include/nav2_msgs/nav2_msgs/msg/detail/collision_monitor_state__rosidl_typesupport_fastrtps_c.h
[415.559s] -- Installing: /home/cricchetto/Robomaster_WS/install/nav2_msgs/include/nav2_msgs/nav2_msgs/msg/detail/speed_limit__rosidl_typesupport_fastrtps_c.h
[415.560s] -- Installing: /home/cricchetto/Robomaster_WS/install/nav2_msgs/include/nav2_msgs/nav2_msgs/msg/detail/edge_cost__rosidl_typesupport_fastrtps_c.h
[415.561s] -- Installing: /home/cricchetto/Robomaster_WS/install/nav2_msgs/include/nav2_msgs/nav2_msgs/msg/detail/costmap__rosidl_typesupport_fastrtps_c.h
[415.562s] -- Installing: /home/cricchetto/Robomaster_WS/install/nav2_msgs/include/nav2_msgs/nav2_msgs/msg/detail/particle_cloud__rosidl_typesupport_fastrtps_c.h
[415.563s] -- Installing: /home/cricchetto/Robomaster_WS/install/nav2_msgs/include/nav2_msgs/nav2_msgs/msg/detail/behavior_tree_status_change__rosidl_typesupport_fastrtps_c.h
[415.564s] -- Installing: /home/cricchetto/Robomaster_WS/install/nav2_msgs/include/nav2_msgs/nav2_msgs/msg/detail/voxel_grid__rosidl_typesupport_fastrtps_c.h
[415.566s] -- Installing: /home/cricchetto/Robomaster_WS/install/nav2_msgs/include/nav2_msgs/nav2_msgs/msg/detail/route_edge__rosidl_typesupport_fastrtps_c.h
[415.567s] -- Installing: /home/cricchetto/Robomaster_WS/install/nav2_msgs/include/nav2_msgs/nav2_msgs/msg/detail/costmap_filter_info__rosidl_typesupport_fastrtps_c.h
[415.568s] -- Installing: /home/cricchetto/Robomaster_WS/install/nav2_msgs/include/nav2_msgs/nav2_msgs/msg/detail/costmap_meta_data__rosidl_typesupport_fastrtps_c.h
[415.569s] -- Installing: /home/cricchetto/Robomaster_WS/install/nav2_msgs/include/nav2_msgs/nav2_msgs/msg/detail/behavior_tree_log__rosidl_typesupport_fastrtps_c.h
[415.570s] -- Installing: /home/cricchetto/Robomaster_WS/install/nav2_msgs/include/nav2_msgs/nav2_msgs/msg/detail/route_node__rosidl_typesupport_fastrtps_c.h
[415.571s] -- Up-to-date: /home/cricchetto/Robomaster_WS/install/nav2_msgs/include/nav2_msgs/nav2_msgs/srv
[415.572s] -- Up-to-date: /home/cricchetto/Robomaster_WS/install/nav2_msgs/include/nav2_msgs/nav2_msgs/srv/detail
[415.572s] -- Installing: /home/cricchetto/Robomaster_WS/install/nav2_msgs/include/nav2_msgs/nav2_msgs/srv/detail/save_map__rosidl_typesupport_fastrtps_c.h
[415.574s] -- Installing: /home/cricchetto/Robomaster_WS/install/nav2_msgs/include/nav2_msgs/nav2_msgs/srv/detail/clear_entire_costmap__rosidl_typesupport_fastrtps_c.h
[415.575s] -- Installing: /home/cricchetto/Robomaster_WS/install/nav2_msgs/include/nav2_msgs/nav2_msgs/srv/detail/set_initial_pose__rosidl_typesupport_fastrtps_c.h
[415.576s] -- Installing: /home/cricchetto/Robomaster_WS/install/nav2_msgs/include/nav2_msgs/nav2_msgs/srv/detail/clear_costmap_around_robot__rosidl_typesupport_fastrtps_c.h
[415.578s] -- Installing: /home/cricchetto/Robomaster_WS/install/nav2_msgs/include/nav2_msgs/nav2_msgs/srv/detail/clear_costmap_except_region__rosidl_typesupport_fastrtps_c.h
[415.579s] -- Installing: /home/cricchetto/Robomaster_WS/install/nav2_msgs/include/nav2_msgs/nav2_msgs/srv/detail/load_map__rosidl_typesupport_fastrtps_c.h
[415.580s] -- Installing: /home/cricchetto/Robomaster_WS/install/nav2_msgs/include/nav2_msgs/nav2_msgs/srv/detail/is_path_valid__rosidl_typesupport_fastrtps_c.h
[415.581s] -- Installing: /home/cricchetto/Robomaster_WS/install/nav2_msgs/include/nav2_msgs/nav2_msgs/srv/detail/manage_lifecycle_nodes__rosidl_typesupport_fastrtps_c.h
[415.582s] -- Installing: /home/cricchetto/Robomaster_WS/install/nav2_msgs/include/nav2_msgs/nav2_msgs/srv/detail/dynamic_edges__rosidl_typesupport_fastrtps_c.h
[415.583s] -- Installing: /home/cricchetto/Robomaster_WS/install/nav2_msgs/include/nav2_msgs/nav2_msgs/srv/detail/get_costmap__rosidl_typesupport_fastrtps_c.h
[415.585s] -- Installing: /home/cricchetto/Robomaster_WS/install/nav2_msgs/include/nav2_msgs/nav2_msgs/srv/detail/set_route_graph__rosidl_typesupport_fastrtps_c.h
[415.586s] -- Installing: /home/cricchetto/Robomaster_WS/install/nav2_msgs/lib/libnav2_msgs__rosidl_typesupport_fastrtps_c.so
[415.593s] -- Set runtime path of "/home/cricchetto/Robomaster_WS/install/nav2_msgs/lib/libnav2_msgs__rosidl_typesupport_fastrtps_c.so" to ""
[415.593s] -- Up-to-date: /home/cricchetto/Robomaster_WS/install/nav2_msgs/include/nav2_msgs/nav2_msgs
[415.594s] -- Up-to-date: /home/cricchetto/Robomaster_WS/install/nav2_msgs/include/nav2_msgs/nav2_msgs/action
[415.594s] -- Installing: /home/cricchetto/Robomaster_WS/install/nav2_msgs/include/nav2_msgs/nav2_msgs/action/dummy_behavior.hpp
[415.595s] -- Installing: /home/cricchetto/Robomaster_WS/install/nav2_msgs/include/nav2_msgs/nav2_msgs/action/navigate_to_pose.hpp
[415.596s] -- Installing: /home/cricchetto/Robomaster_WS/install/nav2_msgs/include/nav2_msgs/nav2_msgs/action/wait.hpp
[415.597s] -- Installing: /home/cricchetto/Robomaster_WS/install/nav2_msgs/include/nav2_msgs/nav2_msgs/action/follow_waypoints.hpp
[415.598s] -- Installing: /home/cricchetto/Robomaster_WS/install/nav2_msgs/include/nav2_msgs/nav2_msgs/action/drive_on_heading.hpp
[415.599s] -- Installing: /home/cricchetto/Robomaster_WS/install/nav2_msgs/include/nav2_msgs/nav2_msgs/action/compute_route.hpp
[415.600s] -- Installing: /home/cricchetto/Robomaster_WS/install/nav2_msgs/include/nav2_msgs/nav2_msgs/action/compute_path_to_pose.hpp
[415.601s] -- Installing: /home/cricchetto/Robomaster_WS/install/nav2_msgs/include/nav2_msgs/nav2_msgs/action/back_up.hpp
[415.602s] -- Installing: /home/cricchetto/Robomaster_WS/install/nav2_msgs/include/nav2_msgs/nav2_msgs/action/compute_and_track_route.hpp
[415.603s] -- Installing: /home/cricchetto/Robomaster_WS/install/nav2_msgs/include/nav2_msgs/nav2_msgs/action/spin.hpp
[415.604s] -- Installing: /home/cricchetto/Robomaster_WS/install/nav2_msgs/include/nav2_msgs/nav2_msgs/action/follow_path.hpp
[415.605s] -- Installing: /home/cricchetto/Robomaster_WS/install/nav2_msgs/include/nav2_msgs/nav2_msgs/action/assisted_teleop.hpp
[415.606s] -- Installing: /home/cricchetto/Robomaster_WS/install/nav2_msgs/include/nav2_msgs/nav2_msgs/action/smooth_path.hpp
[415.607s] -- Up-to-date: /home/cricchetto/Robomaster_WS/install/nav2_msgs/include/nav2_msgs/nav2_msgs/action/detail
[415.608s] -- Installing: /home/cricchetto/Robomaster_WS/install/nav2_msgs/include/nav2_msgs/nav2_msgs/action/detail/navigate_to_pose__type_support.hpp
[415.609s] -- Installing: /home/cricchetto/Robomaster_WS/install/nav2_msgs/include/nav2_msgs/nav2_msgs/action/detail/compute_path_to_pose__type_support.hpp
[415.610s] -- Installing: /home/cricchetto/Robomaster_WS/install/nav2_msgs/include/nav2_msgs/nav2_msgs/action/detail/compute_path_through_poses__traits.hpp
[415.612s] -- Installing: /home/cricchetto/Robomaster_WS/install/nav2_msgs/include/nav2_msgs/nav2_msgs/action/detail/compute_and_track_route__struct.hpp
[415.613s] -- Installing: /home/cricchetto/Robomaster_WS/install/nav2_msgs/include/nav2_msgs/nav2_msgs/action/detail/drive_on_heading__builder.hpp
[415.615s] -- Installing: /home/cricchetto/Robomaster_WS/install/nav2_msgs/include/nav2_msgs/nav2_msgs/action/detail/compute_path_through_poses__struct.hpp
[415.616s] -- Installing: /home/cricchetto/Robomaster_WS/install/nav2_msgs/include/nav2_msgs/nav2_msgs/action/detail/navigate_to_pose__struct.hpp
[415.617s] -- Installing: /home/cricchetto/Robomaster_WS/install/nav2_msgs/include/nav2_msgs/nav2_msgs/action/detail/navigate_through_poses__builder.hpp
[415.619s] -- Installing: /home/cricchetto/Robomaster_WS/install/nav2_msgs/include/nav2_msgs/nav2_msgs/action/detail/dummy_behavior__builder.hpp
[415.620s] -- Installing: /home/cricchetto/Robomaster_WS/install/nav2_msgs/include/nav2_msgs/nav2_msgs/action/detail/compute_path_to_pose__struct.hpp
[415.621s] -- Installing: /home/cricchetto/Robomaster_WS/install/nav2_msgs/include/nav2_msgs/nav2_msgs/action/detail/back_up__traits.hpp
[415.622s] -- Installing: /home/cricchetto/Robomaster_WS/install/nav2_msgs/include/nav2_msgs/nav2_msgs/action/detail/spin__struct.hpp
[415.624s] -- Installing: /home/cricchetto/Robomaster_WS/install/nav2_msgs/include/nav2_msgs/nav2_msgs/action/detail/follow_waypoints__traits.hpp
[415.625s] -- Installing: /home/cricchetto/Robomaster_WS/install/nav2_msgs/include/nav2_msgs/nav2_msgs/action/detail/assisted_teleop__builder.hpp
[415.626s] -- Installing: /home/cricchetto/Robomaster_WS/install/nav2_msgs/include/nav2_msgs/nav2_msgs/action/detail/compute_path_through_poses__type_support.hpp
[415.627s] -- Installing: /home/cricchetto/Robomaster_WS/install/nav2_msgs/include/nav2_msgs/nav2_msgs/action/detail/wait__traits.hpp
[415.629s] -- Installing: /home/cricchetto/Robomaster_WS/install/nav2_msgs/include/nav2_msgs/nav2_msgs/action/detail/assisted_teleop__struct.hpp
[415.630s] -- Installing: /home/cricchetto/Robomaster_WS/install/nav2_msgs/include/nav2_msgs/nav2_msgs/action/detail/follow_waypoints__struct.hpp
[415.631s] -- Installing: /home/cricchetto/Robomaster_WS/install/nav2_msgs/include/nav2_msgs/nav2_msgs/action/detail/navigate_to_pose__builder.hpp
[415.632s] -- Installing: /home/cricchetto/Robomaster_WS/install/nav2_msgs/include/nav2_msgs/nav2_msgs/action/detail/follow_path__struct.hpp
[415.634s] -- Installing: /home/cricchetto/Robomaster_WS/install/nav2_msgs/include/nav2_msgs/nav2_msgs/action/detail/back_up__struct.hpp
[415.635s] -- Installing: /home/cricchetto/Robomaster_WS/install/nav2_msgs/include/nav2_msgs/nav2_msgs/action/detail/drive_on_heading__struct.hpp
[415.636s] -- Installing: /home/cricchetto/Robomaster_WS/install/nav2_msgs/include/nav2_msgs/nav2_msgs/action/detail/navigate_to_pose__traits.hpp
[415.638s] -- Installing: /home/cricchetto/Robomaster_WS/install/nav2_msgs/include/nav2_msgs/nav2_msgs/action/detail/assisted_teleop__type_support.hpp
[415.639s] -- Installing: /home/cricchetto/Robomaster_WS/install/nav2_msgs/include/nav2_msgs/nav2_msgs/action/detail/navigate_through_poses__struct.hpp
[415.640s] -- Installing: /home/cricchetto/Robomaster_WS/install/nav2_msgs/include/nav2_msgs/nav2_msgs/action/detail/spin__type_support.hpp
[415.642s] -- Installing: /home/cricchetto/Robomaster_WS/install/nav2_msgs/include/nav2_msgs/nav2_msgs/action/detail/compute_and_track_route__builder.hpp
[415.643s] -- Installing: /home/cricchetto/Robomaster_WS/install/nav2_msgs/include/nav2_msgs/nav2_msgs/action/detail/compute_path_through_poses__builder.hpp
[415.644s] -- Installing: /home/cricchetto/Robomaster_WS/install/nav2_msgs/include/nav2_msgs/nav2_msgs/action/detail/smooth_path__struct.hpp
[415.645s] -- Installing: /home/cricchetto/Robomaster_WS/install/nav2_msgs/include/nav2_msgs/nav2_msgs/action/detail/dummy_behavior__traits.hpp
[415.647s] -- Installing: /home/cricchetto/Robomaster_WS/install/nav2_msgs/include/nav2_msgs/nav2_msgs/action/detail/back_up__type_support.hpp
[415.648s] -- Installing: /home/cricchetto/Robomaster_WS/install/nav2_msgs/include/nav2_msgs/nav2_msgs/action/detail/follow_path__traits.hpp
[415.649s] -- Installing: /home/cricchetto/Robomaster_WS/install/nav2_msgs/include/nav2_msgs/nav2_msgs/action/detail/drive_on_heading__traits.hpp
[415.650s] -- Installing: /home/cricchetto/Robomaster_WS/install/nav2_msgs/include/nav2_msgs/nav2_msgs/action/detail/compute_and_track_route__traits.hpp
[415.652s] -- Installing: /home/cricchetto/Robomaster_WS/install/nav2_msgs/include/nav2_msgs/nav2_msgs/action/detail/compute_route__builder.hpp
[415.653s] -- Installing: /home/cricchetto/Robomaster_WS/install/nav2_msgs/include/nav2_msgs/nav2_msgs/action/detail/spin__builder.hpp
[415.654s] -- Installing: /home/cricchetto/Robomaster_WS/install/nav2_msgs/include/nav2_msgs/nav2_msgs/action/detail/navigate_through_poses__traits.hpp
[415.655s] -- Installing: /home/cricchetto/Robomaster_WS/install/nav2_msgs/include/nav2_msgs/nav2_msgs/action/detail/compute_path_to_pose__traits.hpp
[415.657s] -- Installing: /home/cricchetto/Robomaster_WS/install/nav2_msgs/include/nav2_msgs/nav2_msgs/action/detail/follow_waypoints__type_support.hpp
[415.658s] -- Installing: /home/cricchetto/Robomaster_WS/install/nav2_msgs/include/nav2_msgs/nav2_msgs/action/detail/smooth_path__builder.hpp
[415.659s] -- Installing: /home/cricchetto/Robomaster_WS/install/nav2_msgs/include/nav2_msgs/nav2_msgs/action/detail/drive_on_heading__type_support.hpp
[415.660s] -- Installing: /home/cricchetto/Robomaster_WS/install/nav2_msgs/include/nav2_msgs/nav2_msgs/action/detail/compute_and_track_route__type_support.hpp
[415.661s] -- Installing: /home/cricchetto/Robomaster_WS/install/nav2_msgs/include/nav2_msgs/nav2_msgs/action/detail/compute_route__struct.hpp
[415.663s] -- Installing: /home/cricchetto/Robomaster_WS/install/nav2_msgs/include/nav2_msgs/nav2_msgs/action/detail/wait__type_support.hpp
[415.664s] -- Installing: /home/cricchetto/Robomaster_WS/install/nav2_msgs/include/nav2_msgs/nav2_msgs/action/detail/follow_path__builder.hpp
[415.665s] -- Installing: /home/cricchetto/Robomaster_WS/install/nav2_msgs/include/nav2_msgs/nav2_msgs/action/detail/dummy_behavior__type_support.hpp
[415.666s] -- Installing: /home/cricchetto/Robomaster_WS/install/nav2_msgs/include/nav2_msgs/nav2_msgs/action/detail/spin__traits.hpp
[415.667s] -- Installing: /home/cricchetto/Robomaster_WS/install/nav2_msgs/include/nav2_msgs/nav2_msgs/action/detail/smooth_path__traits.hpp
[415.669s] -- Installing: /home/cricchetto/Robomaster_WS/install/nav2_msgs/include/nav2_msgs/nav2_msgs/action/detail/wait__struct.hpp
[415.670s] -- Installing: /home/cricchetto/Robomaster_WS/install/nav2_msgs/include/nav2_msgs/nav2_msgs/action/detail/smooth_path__type_support.hpp
[415.671s] -- Installing: /home/cricchetto/Robomaster_WS/install/nav2_msgs/include/nav2_msgs/nav2_msgs/action/detail/compute_path_to_pose__builder.hpp
[415.672s] -- Installing: /home/cricchetto/Robomaster_WS/install/nav2_msgs/include/nav2_msgs/nav2_msgs/action/detail/follow_waypoints__builder.hpp
[415.674s] -- Installing: /home/cricchetto/Robomaster_WS/install/nav2_msgs/include/nav2_msgs/nav2_msgs/action/detail/follow_path__type_support.hpp
[415.675s] -- Installing: /home/cricchetto/Robomaster_WS/install/nav2_msgs/include/nav2_msgs/nav2_msgs/action/detail/compute_route__traits.hpp
[415.676s] -- Installing: /home/cricchetto/Robomaster_WS/install/nav2_msgs/include/nav2_msgs/nav2_msgs/action/detail/back_up__builder.hpp
[415.677s] -- Installing: /home/cricchetto/Robomaster_WS/install/nav2_msgs/include/nav2_msgs/nav2_msgs/action/detail/navigate_through_poses__type_support.hpp
[415.678s] -- Installing: /home/cricchetto/Robomaster_WS/install/nav2_msgs/include/nav2_msgs/nav2_msgs/action/detail/dummy_behavior__struct.hpp
[415.680s] -- Installing: /home/cricchetto/Robomaster_WS/install/nav2_msgs/include/nav2_msgs/nav2_msgs/action/detail/wait__builder.hpp
[415.681s] -- Installing: /home/cricchetto/Robomaster_WS/install/nav2_msgs/include/nav2_msgs/nav2_msgs/action/detail/assisted_teleop__traits.hpp
[415.682s] -- Installing: /home/cricchetto/Robomaster_WS/install/nav2_msgs/include/nav2_msgs/nav2_msgs/action/detail/compute_route__type_support.hpp
[415.683s] -- Installing: /home/cricchetto/Robomaster_WS/install/nav2_msgs/include/nav2_msgs/nav2_msgs/action/compute_path_through_poses.hpp
[415.684s] -- Installing: /home/cricchetto/Robomaster_WS/install/nav2_msgs/include/nav2_msgs/nav2_msgs/action/navigate_through_poses.hpp
[415.685s] -- Up-to-date: /home/cricchetto/Robomaster_WS/install/nav2_msgs/include/nav2_msgs/nav2_msgs/msg
[415.686s] -- Installing: /home/cricchetto/Robomaster_WS/install/nav2_msgs/include/nav2_msgs/nav2_msgs/msg/costmap.hpp
[415.687s] -- Installing: /home/cricchetto/Robomaster_WS/install/nav2_msgs/include/nav2_msgs/nav2_msgs/msg/route_edge.hpp
[415.688s] -- Installing: /home/cricchetto/Robomaster_WS/install/nav2_msgs/include/nav2_msgs/nav2_msgs/msg/behavior_tree_log.hpp
[415.689s] -- Installing: /home/cricchetto/Robomaster_WS/install/nav2_msgs/include/nav2_msgs/nav2_msgs/msg/voxel_grid.hpp
[415.690s] -- Installing: /home/cricchetto/Robomaster_WS/install/nav2_msgs/include/nav2_msgs/nav2_msgs/msg/collision_monitor_state.hpp
[415.691s] -- Installing: /home/cricchetto/Robomaster_WS/install/nav2_msgs/include/nav2_msgs/nav2_msgs/msg/route.hpp
[415.692s] -- Installing: /home/cricchetto/Robomaster_WS/install/nav2_msgs/include/nav2_msgs/nav2_msgs/msg/route_node.hpp
[415.693s] -- Installing: /home/cricchetto/Robomaster_WS/install/nav2_msgs/include/nav2_msgs/nav2_msgs/msg/edge_cost.hpp
[415.694s] -- Installing: /home/cricchetto/Robomaster_WS/install/nav2_msgs/include/nav2_msgs/nav2_msgs/msg/particle_cloud.hpp
[415.695s] -- Installing: /home/cricchetto/Robomaster_WS/install/nav2_msgs/include/nav2_msgs/nav2_msgs/msg/particle.hpp
[415.696s] -- Installing: /home/cricchetto/Robomaster_WS/install/nav2_msgs/include/nav2_msgs/nav2_msgs/msg/costmap_filter_info.hpp
[415.697s] -- Installing: /home/cricchetto/Robomaster_WS/install/nav2_msgs/include/nav2_msgs/nav2_msgs/msg/behavior_tree_status_change.hpp
[415.698s] -- Installing: /home/cricchetto/Robomaster_WS/install/nav2_msgs/include/nav2_msgs/nav2_msgs/msg/costmap_meta_data.hpp
[415.699s] -- Up-to-date: /home/cricchetto/Robomaster_WS/install/nav2_msgs/include/nav2_msgs/nav2_msgs/msg/detail
[415.700s] -- Installing: /home/cricchetto/Robomaster_WS/install/nav2_msgs/include/nav2_msgs/nav2_msgs/msg/detail/particle_cloud__traits.hpp
[415.701s] -- Installing: /home/cricchetto/Robomaster_WS/install/nav2_msgs/include/nav2_msgs/nav2_msgs/msg/detail/behavior_tree_status_change__traits.hpp
[415.702s] -- Installing: /home/cricchetto/Robomaster_WS/install/nav2_msgs/include/nav2_msgs/nav2_msgs/msg/detail/route_node__struct.hpp
[415.703s] -- Installing: /home/cricchetto/Robomaster_WS/install/nav2_msgs/include/nav2_msgs/nav2_msgs/msg/detail/route__type_support.hpp
[415.705s] -- Installing: /home/cricchetto/Robomaster_WS/install/nav2_msgs/include/nav2_msgs/nav2_msgs/msg/detail/costmap_filter_info__builder.hpp
[415.706s] -- Installing: /home/cricchetto/Robomaster_WS/install/nav2_msgs/include/nav2_msgs/nav2_msgs/msg/detail/speed_limit__traits.hpp
[415.707s] -- Installing: /home/cricchetto/Robomaster_WS/install/nav2_msgs/include/nav2_msgs/nav2_msgs/msg/detail/route_edge__builder.hpp
[415.708s] -- Installing: /home/cricchetto/Robomaster_WS/install/nav2_msgs/include/nav2_msgs/nav2_msgs/msg/detail/speed_limit__type_support.hpp
[415.709s] -- Installing: /home/cricchetto/Robomaster_WS/install/nav2_msgs/include/nav2_msgs/nav2_msgs/msg/detail/route_edge__traits.hpp
[415.710s] -- Installing: /home/cricchetto/Robomaster_WS/install/nav2_msgs/include/nav2_msgs/nav2_msgs/msg/detail/voxel_grid__traits.hpp
[415.711s] -- Installing: /home/cricchetto/Robomaster_WS/install/nav2_msgs/include/nav2_msgs/nav2_msgs/msg/detail/behavior_tree_log__traits.hpp
[415.712s] -- Installing: /home/cricchetto/Robomaster_WS/install/nav2_msgs/include/nav2_msgs/nav2_msgs/msg/detail/edge_cost__struct.hpp
[415.713s] -- Installing: /home/cricchetto/Robomaster_WS/install/nav2_msgs/include/nav2_msgs/nav2_msgs/msg/detail/costmap__type_support.hpp
[415.714s] -- Installing: /home/cricchetto/Robomaster_WS/install/nav2_msgs/include/nav2_msgs/nav2_msgs/msg/detail/route_edge__struct.hpp
[415.715s] -- Installing: /home/cricchetto/Robomaster_WS/install/nav2_msgs/include/nav2_msgs/nav2_msgs/msg/detail/costmap__struct.hpp
[415.716s] -- Installing: /home/cricchetto/Robomaster_WS/install/nav2_msgs/include/nav2_msgs/nav2_msgs/msg/detail/behavior_tree_status_change__builder.hpp
[415.717s] -- Installing: /home/cricchetto/Robomaster_WS/install/nav2_msgs/include/nav2_msgs/nav2_msgs/msg/detail/route_node__traits.hpp
[415.718s] -- Installing: /home/cricchetto/Robomaster_WS/install/nav2_msgs/include/nav2_msgs/nav2_msgs/msg/detail/collision_monitor_state__traits.hpp
[415.720s] -- Installing: /home/cricchetto/Robomaster_WS/install/nav2_msgs/include/nav2_msgs/nav2_msgs/msg/detail/behavior_tree_status_change__type_support.hpp
[415.721s] -- Installing: /home/cricchetto/Robomaster_WS/install/nav2_msgs/include/nav2_msgs/nav2_msgs/msg/detail/particle_cloud__type_support.hpp
[415.722s] -- Installing: /home/cricchetto/Robomaster_WS/install/nav2_msgs/include/nav2_msgs/nav2_msgs/msg/detail/speed_limit__builder.hpp
[415.723s] -- Installing: /home/cricchetto/Robomaster_WS/install/nav2_msgs/include/nav2_msgs/nav2_msgs/msg/detail/speed_limit__struct.hpp
[415.724s] -- Installing: /home/cricchetto/Robomaster_WS/install/nav2_msgs/include/nav2_msgs/nav2_msgs/msg/detail/voxel_grid__struct.hpp
[415.725s] -- Installing: /home/cricchetto/Robomaster_WS/install/nav2_msgs/include/nav2_msgs/nav2_msgs/msg/detail/route__builder.hpp
[415.726s] -- Installing: /home/cricchetto/Robomaster_WS/install/nav2_msgs/include/nav2_msgs/nav2_msgs/msg/detail/behavior_tree_log__type_support.hpp
[415.727s] -- Installing: /home/cricchetto/Robomaster_WS/install/nav2_msgs/include/nav2_msgs/nav2_msgs/msg/detail/edge_cost__builder.hpp
[415.728s] -- Installing: /home/cricchetto/Robomaster_WS/install/nav2_msgs/include/nav2_msgs/nav2_msgs/msg/detail/particle_cloud__struct.hpp
[415.729s] -- Installing: /home/cricchetto/Robomaster_WS/install/nav2_msgs/include/nav2_msgs/nav2_msgs/msg/detail/particle__traits.hpp
[415.730s] -- Installing: /home/cricchetto/Robomaster_WS/install/nav2_msgs/include/nav2_msgs/nav2_msgs/msg/detail/edge_cost__traits.hpp
[415.731s] -- Installing: /home/cricchetto/Robomaster_WS/install/nav2_msgs/include/nav2_msgs/nav2_msgs/msg/detail/particle_cloud__builder.hpp
[415.733s] -- Installing: /home/cricchetto/Robomaster_WS/install/nav2_msgs/include/nav2_msgs/nav2_msgs/msg/detail/particle__type_support.hpp
[415.734s] -- Installing: /home/cricchetto/Robomaster_WS/install/nav2_msgs/include/nav2_msgs/nav2_msgs/msg/detail/route_node__type_support.hpp
[415.735s] -- Installing: /home/cricchetto/Robomaster_WS/install/nav2_msgs/include/nav2_msgs/nav2_msgs/msg/detail/route_node__builder.hpp
[415.736s] -- Installing: /home/cricchetto/Robomaster_WS/install/nav2_msgs/include/nav2_msgs/nav2_msgs/msg/detail/collision_monitor_state__struct.hpp
[415.737s] -- Installing: /home/cricchetto/Robomaster_WS/install/nav2_msgs/include/nav2_msgs/nav2_msgs/msg/detail/costmap_filter_info__type_support.hpp
[415.738s] -- Installing: /home/cricchetto/Robomaster_WS/install/nav2_msgs/include/nav2_msgs/nav2_msgs/msg/detail/route_edge__type_support.hpp
[415.739s] -- Installing: /home/cricchetto/Robomaster_WS/install/nav2_msgs/include/nav2_msgs/nav2_msgs/msg/detail/costmap__traits.hpp
[415.740s] -- Installing: /home/cricchetto/Robomaster_WS/install/nav2_msgs/include/nav2_msgs/nav2_msgs/msg/detail/costmap__builder.hpp
[415.741s] -- Installing: /home/cricchetto/Robomaster_WS/install/nav2_msgs/include/nav2_msgs/nav2_msgs/msg/detail/costmap_meta_data__traits.hpp
[415.742s] -- Installing: /home/cricchetto/Robomaster_WS/install/nav2_msgs/include/nav2_msgs/nav2_msgs/msg/detail/edge_cost__type_support.hpp
[415.743s] -- Installing: /home/cricchetto/Robomaster_WS/install/nav2_msgs/include/nav2_msgs/nav2_msgs/msg/detail/costmap_filter_info__struct.hpp
[415.745s] -- Installing: /home/cricchetto/Robomaster_WS/install/nav2_msgs/include/nav2_msgs/nav2_msgs/msg/detail/costmap_filter_info__traits.hpp
[415.746s] -- Installing: /home/cricchetto/Robomaster_WS/install/nav2_msgs/include/nav2_msgs/nav2_msgs/msg/detail/route__struct.hpp
[415.747s] -- Installing: /home/cricchetto/Robomaster_WS/install/nav2_msgs/include/nav2_msgs/nav2_msgs/msg/detail/particle__struct.hpp
[415.748s] -- Installing: /home/cricchetto/Robomaster_WS/install/nav2_msgs/include/nav2_msgs/nav2_msgs/msg/detail/collision_monitor_state__type_support.hpp
[415.749s] -- Installing: /home/cricchetto/Robomaster_WS/install/nav2_msgs/include/nav2_msgs/nav2_msgs/msg/detail/costmap_meta_data__type_support.hpp
[415.750s] -- Installing: /home/cricchetto/Robomaster_WS/install/nav2_msgs/include/nav2_msgs/nav2_msgs/msg/detail/collision_monitor_state__builder.hpp
[415.751s] -- Installing: /home/cricchetto/Robomaster_WS/install/nav2_msgs/include/nav2_msgs/nav2_msgs/msg/detail/voxel_grid__type_support.hpp
[415.752s] -- Installing: /home/cricchetto/Robomaster_WS/install/nav2_msgs/include/nav2_msgs/nav2_msgs/msg/detail/costmap_meta_data__struct.hpp
[415.753s] -- Installing: /home/cricchetto/Robomaster_WS/install/nav2_msgs/include/nav2_msgs/nav2_msgs/msg/detail/route__traits.hpp
[415.754s] -- Installing: /home/cricchetto/Robomaster_WS/install/nav2_msgs/include/nav2_msgs/nav2_msgs/msg/detail/behavior_tree_log__struct.hpp
[415.756s] -- Installing: /home/cricchetto/Robomaster_WS/install/nav2_msgs/include/nav2_msgs/nav2_msgs/msg/detail/behavior_tree_status_change__struct.hpp
[415.757s] -- Installing: /home/cricchetto/Robomaster_WS/install/nav2_msgs/include/nav2_msgs/nav2_msgs/msg/detail/particle__builder.hpp
[415.758s] -- Installing: /home/cricchetto/Robomaster_WS/install/nav2_msgs/include/nav2_msgs/nav2_msgs/msg/detail/voxel_grid__builder.hpp
[415.759s] -- Installing: /home/cricchetto/Robomaster_WS/install/nav2_msgs/include/nav2_msgs/nav2_msgs/msg/detail/behavior_tree_log__builder.hpp
[415.760s] -- Installing: /home/cricchetto/Robomaster_WS/install/nav2_msgs/include/nav2_msgs/nav2_msgs/msg/detail/costmap_meta_data__builder.hpp
[415.761s] -- Installing: /home/cricchetto/Robomaster_WS/install/nav2_msgs/include/nav2_msgs/nav2_msgs/msg/rosidl_generator_cpp__visibility_control.hpp
[415.762s] -- Installing: /home/cricchetto/Robomaster_WS/install/nav2_msgs/include/nav2_msgs/nav2_msgs/msg/speed_limit.hpp
[415.763s] -- Up-to-date: /home/cricchetto/Robomaster_WS/install/nav2_msgs/include/nav2_msgs/nav2_msgs/srv
[415.763s] -- Installing: /home/cricchetto/Robomaster_WS/install/nav2_msgs/include/nav2_msgs/nav2_msgs/srv/is_path_valid.hpp
[415.764s] -- Installing: /home/cricchetto/Robomaster_WS/install/nav2_msgs/include/nav2_msgs/nav2_msgs/srv/manage_lifecycle_nodes.hpp
[415.766s] -- Installing: /home/cricchetto/Robomaster_WS/install/nav2_msgs/include/nav2_msgs/nav2_msgs/srv/clear_costmap_around_robot.hpp
[415.767s] -- Installing: /home/cricchetto/Robomaster_WS/install/nav2_msgs/include/nav2_msgs/nav2_msgs/srv/set_route_graph.hpp
[415.767s] -- Installing: /home/cricchetto/Robomaster_WS/install/nav2_msgs/include/nav2_msgs/nav2_msgs/srv/set_initial_pose.hpp
[415.768s] -- Installing: /home/cricchetto/Robomaster_WS/install/nav2_msgs/include/nav2_msgs/nav2_msgs/srv/get_costmap.hpp
[415.769s] -- Installing: /home/cricchetto/Robomaster_WS/install/nav2_msgs/include/nav2_msgs/nav2_msgs/srv/clear_entire_costmap.hpp
[415.770s] -- Installing: /home/cricchetto/Robomaster_WS/install/nav2_msgs/include/nav2_msgs/nav2_msgs/srv/save_map.hpp
[415.771s] -- Up-to-date: /home/cricchetto/Robomaster_WS/install/nav2_msgs/include/nav2_msgs/nav2_msgs/srv/detail
[415.772s] -- Installing: /home/cricchetto/Robomaster_WS/install/nav2_msgs/include/nav2_msgs/nav2_msgs/srv/detail/get_costmap__traits.hpp
[415.773s] -- Installing: /home/cricchetto/Robomaster_WS/install/nav2_msgs/include/nav2_msgs/nav2_msgs/srv/detail/is_path_valid__struct.hpp
[415.774s] -- Installing: /home/cricchetto/Robomaster_WS/install/nav2_msgs/include/nav2_msgs/nav2_msgs/srv/detail/set_route_graph__struct.hpp
[415.776s] -- Installing: /home/cricchetto/Robomaster_WS/install/nav2_msgs/include/nav2_msgs/nav2_msgs/srv/detail/save_map__traits.hpp
[415.777s] -- Installing: /home/cricchetto/Robomaster_WS/install/nav2_msgs/include/nav2_msgs/nav2_msgs/srv/detail/get_costmap__struct.hpp
[415.778s] -- Installing: /home/cricchetto/Robomaster_WS/install/nav2_msgs/include/nav2_msgs/nav2_msgs/srv/detail/manage_lifecycle_nodes__traits.hpp
[415.779s] -- Installing: /home/cricchetto/Robomaster_WS/install/nav2_msgs/include/nav2_msgs/nav2_msgs/srv/detail/clear_costmap_except_region__struct.hpp
[415.780s] -- Installing: /home/cricchetto/Robomaster_WS/install/nav2_msgs/include/nav2_msgs/nav2_msgs/srv/detail/load_map__traits.hpp
[415.781s] -- Installing: /home/cricchetto/Robomaster_WS/install/nav2_msgs/include/nav2_msgs/nav2_msgs/srv/detail/manage_lifecycle_nodes__type_support.hpp
[415.782s] -- Installing: /home/cricchetto/Robomaster_WS/install/nav2_msgs/include/nav2_msgs/nav2_msgs/srv/detail/set_initial_pose__struct.hpp
[415.784s] -- Installing: /home/cricchetto/Robomaster_WS/install/nav2_msgs/include/nav2_msgs/nav2_msgs/srv/detail/is_path_valid__builder.hpp
[415.785s] -- Installing: /home/cricchetto/Robomaster_WS/install/nav2_msgs/include/nav2_msgs/nav2_msgs/srv/detail/dynamic_edges__traits.hpp
[415.786s] -- Installing: /home/cricchetto/Robomaster_WS/install/nav2_msgs/include/nav2_msgs/nav2_msgs/srv/detail/save_map__struct.hpp
[415.787s] -- Installing: /home/cricchetto/Robomaster_WS/install/nav2_msgs/include/nav2_msgs/nav2_msgs/srv/detail/manage_lifecycle_nodes__struct.hpp
[415.788s] -- Installing: /home/cricchetto/Robomaster_WS/install/nav2_msgs/include/nav2_msgs/nav2_msgs/srv/detail/set_initial_pose__traits.hpp
[415.789s] -- Installing: /home/cricchetto/Robomaster_WS/install/nav2_msgs/include/nav2_msgs/nav2_msgs/srv/detail/clear_costmap_around_robot__struct.hpp
[415.790s] -- Installing: /home/cricchetto/Robomaster_WS/install/nav2_msgs/include/nav2_msgs/nav2_msgs/srv/detail/clear_costmap_except_region__builder.hpp
[415.791s] -- Installing: /home/cricchetto/Robomaster_WS/install/nav2_msgs/include/nav2_msgs/nav2_msgs/srv/detail/clear_entire_costmap__type_support.hpp
[415.793s] -- Installing: /home/cricchetto/Robomaster_WS/install/nav2_msgs/include/nav2_msgs/nav2_msgs/srv/detail/clear_costmap_around_robot__type_support.hpp
[415.794s] -- Installing: /home/cricchetto/Robomaster_WS/install/nav2_msgs/include/nav2_msgs/nav2_msgs/srv/detail/set_route_graph__type_support.hpp
[415.795s] -- Installing: /home/cricchetto/Robomaster_WS/install/nav2_msgs/include/nav2_msgs/nav2_msgs/srv/detail/clear_entire_costmap__traits.hpp
[415.796s] -- Installing: /home/cricchetto/Robomaster_WS/install/nav2_msgs/include/nav2_msgs/nav2_msgs/srv/detail/save_map__type_support.hpp
[415.798s] -- Installing: /home/cricchetto/Robomaster_WS/install/nav2_msgs/include/nav2_msgs/nav2_msgs/srv/detail/is_path_valid__type_support.hpp
[415.799s] -- Installing: /home/cricchetto/Robomaster_WS/install/nav2_msgs/include/nav2_msgs/nav2_msgs/srv/detail/manage_lifecycle_nodes__builder.hpp
[415.800s] -- Installing: /home/cricchetto/Robomaster_WS/install/nav2_msgs/include/nav2_msgs/nav2_msgs/srv/detail/dynamic_edges__struct.hpp
[415.801s] -- Installing: /home/cricchetto/Robomaster_WS/install/nav2_msgs/include/nav2_msgs/nav2_msgs/srv/detail/set_initial_pose__builder.hpp
[415.802s] -- Installing: /home/cricchetto/Robomaster_WS/install/nav2_msgs/include/nav2_msgs/nav2_msgs/srv/detail/load_map__builder.hpp
[415.803s] -- Installing: /home/cricchetto/Robomaster_WS/install/nav2_msgs/include/nav2_msgs/nav2_msgs/srv/detail/save_map__builder.hpp
[415.804s] -- Installing: /home/cricchetto/Robomaster_WS/install/nav2_msgs/include/nav2_msgs/nav2_msgs/srv/detail/clear_costmap_except_region__traits.hpp
[415.805s] -- Installing: /home/cricchetto/Robomaster_WS/install/nav2_msgs/include/nav2_msgs/nav2_msgs/srv/detail/set_route_graph__traits.hpp
[415.806s] -- Installing: /home/cricchetto/Robomaster_WS/install/nav2_msgs/include/nav2_msgs/nav2_msgs/srv/detail/set_route_graph__builder.hpp
[415.807s] -- Installing: /home/cricchetto/Robomaster_WS/install/nav2_msgs/include/nav2_msgs/nav2_msgs/srv/detail/dynamic_edges__type_support.hpp
[415.808s] -- Installing: /home/cricchetto/Robomaster_WS/install/nav2_msgs/include/nav2_msgs/nav2_msgs/srv/detail/clear_entire_costmap__builder.hpp
[415.809s] -- Installing: /home/cricchetto/Robomaster_WS/install/nav2_msgs/include/nav2_msgs/nav2_msgs/srv/detail/clear_costmap_around_robot__builder.hpp
[415.811s] -- Installing: /home/cricchetto/Robomaster_WS/install/nav2_msgs/include/nav2_msgs/nav2_msgs/srv/detail/dynamic_edges__builder.hpp
[415.812s] -- Installing: /home/cricchetto/Robomaster_WS/install/nav2_msgs/include/nav2_msgs/nav2_msgs/srv/detail/get_costmap__builder.hpp
[415.813s] -- Installing: /home/cricchetto/Robomaster_WS/install/nav2_msgs/include/nav2_msgs/nav2_msgs/srv/detail/is_path_valid__traits.hpp
[415.814s] -- Installing: /home/cricchetto/Robomaster_WS/install/nav2_msgs/include/nav2_msgs/nav2_msgs/srv/detail/set_initial_pose__type_support.hpp
[415.815s] -- Installing: /home/cricchetto/Robomaster_WS/install/nav2_msgs/include/nav2_msgs/nav2_msgs/srv/detail/clear_entire_costmap__struct.hpp
[415.816s] -- Installing: /home/cricchetto/Robomaster_WS/install/nav2_msgs/include/nav2_msgs/nav2_msgs/srv/detail/load_map__struct.hpp
[415.817s] -- Installing: /home/cricchetto/Robomaster_WS/install/nav2_msgs/include/nav2_msgs/nav2_msgs/srv/detail/clear_costmap_around_robot__traits.hpp
[415.818s] -- Installing: /home/cricchetto/Robomaster_WS/install/nav2_msgs/include/nav2_msgs/nav2_msgs/srv/detail/load_map__type_support.hpp
[415.819s] -- Installing: /home/cricchetto/Robomaster_WS/install/nav2_msgs/include/nav2_msgs/nav2_msgs/srv/detail/clear_costmap_except_region__type_support.hpp
[415.821s] -- Installing: /home/cricchetto/Robomaster_WS/install/nav2_msgs/include/nav2_msgs/nav2_msgs/srv/detail/get_costmap__type_support.hpp
[415.822s] -- Installing: /home/cricchetto/Robomaster_WS/install/nav2_msgs/include/nav2_msgs/nav2_msgs/srv/dynamic_edges.hpp
[415.823s] -- Installing: /home/cricchetto/Robomaster_WS/install/nav2_msgs/include/nav2_msgs/nav2_msgs/srv/load_map.hpp
[415.824s] -- Installing: /home/cricchetto/Robomaster_WS/install/nav2_msgs/include/nav2_msgs/nav2_msgs/srv/clear_costmap_except_region.hpp
[415.825s] -- Up-to-date: /home/cricchetto/Robomaster_WS/install/nav2_msgs/include/nav2_msgs/nav2_msgs
[415.826s] -- Up-to-date: /home/cricchetto/Robomaster_WS/install/nav2_msgs/include/nav2_msgs/nav2_msgs/action
[415.826s] -- Up-to-date: /home/cricchetto/Robomaster_WS/install/nav2_msgs/include/nav2_msgs/nav2_msgs/action/detail
[415.826s] -- Installing: /home/cricchetto/Robomaster_WS/install/nav2_msgs/include/nav2_msgs/nav2_msgs/action/detail/dds_fastrtps
[415.827s] -- Installing: /home/cricchetto/Robomaster_WS/install/nav2_msgs/include/nav2_msgs/nav2_msgs/action/detail/compute_and_track_route__rosidl_typesupport_fastrtps_cpp.hpp
[415.829s] -- Installing: /home/cricchetto/Robomaster_WS/install/nav2_msgs/include/nav2_msgs/nav2_msgs/action/detail/smooth_path__rosidl_typesupport_fastrtps_cpp.hpp
[415.830s] -- Installing: /home/cricchetto/Robomaster_WS/install/nav2_msgs/include/nav2_msgs/nav2_msgs/action/detail/dummy_behavior__rosidl_typesupport_fastrtps_cpp.hpp
[415.832s] -- Installing: /home/cricchetto/Robomaster_WS/install/nav2_msgs/include/nav2_msgs/nav2_msgs/action/detail/follow_waypoints__rosidl_typesupport_fastrtps_cpp.hpp
[415.833s] -- Installing: /home/cricchetto/Robomaster_WS/install/nav2_msgs/include/nav2_msgs/nav2_msgs/action/detail/navigate_to_pose__rosidl_typesupport_fastrtps_cpp.hpp
[415.835s] -- Installing: /home/cricchetto/Robomaster_WS/install/nav2_msgs/include/nav2_msgs/nav2_msgs/action/detail/navigate_through_poses__rosidl_typesupport_fastrtps_cpp.hpp
[415.836s] -- Installing: /home/cricchetto/Robomaster_WS/install/nav2_msgs/include/nav2_msgs/nav2_msgs/action/detail/spin__rosidl_typesupport_fastrtps_cpp.hpp
[415.837s] -- Installing: /home/cricchetto/Robomaster_WS/install/nav2_msgs/include/nav2_msgs/nav2_msgs/action/detail/compute_path_to_pose__rosidl_typesupport_fastrtps_cpp.hpp
[415.839s] -- Installing: /home/cricchetto/Robomaster_WS/install/nav2_msgs/include/nav2_msgs/nav2_msgs/action/detail/follow_path__rosidl_typesupport_fastrtps_cpp.hpp
[415.840s] -- Installing: /home/cricchetto/Robomaster_WS/install/nav2_msgs/include/nav2_msgs/nav2_msgs/action/detail/wait__rosidl_typesupport_fastrtps_cpp.hpp
[415.841s] -- Installing: /home/cricchetto/Robomaster_WS/install/nav2_msgs/include/nav2_msgs/nav2_msgs/action/detail/assisted_teleop__rosidl_typesupport_fastrtps_cpp.hpp
[415.843s] -- Installing: /home/cricchetto/Robomaster_WS/install/nav2_msgs/include/nav2_msgs/nav2_msgs/action/detail/compute_route__rosidl_typesupport_fastrtps_cpp.hpp
[415.844s] -- Installing: /home/cricchetto/Robomaster_WS/install/nav2_msgs/include/nav2_msgs/nav2_msgs/action/detail/back_up__rosidl_typesupport_fastrtps_cpp.hpp
[415.845s] -- Installing: /home/cricchetto/Robomaster_WS/install/nav2_msgs/include/nav2_msgs/nav2_msgs/action/detail/compute_path_through_poses__rosidl_typesupport_fastrtps_cpp.hpp
[415.847s] -- Installing: /home/cricchetto/Robomaster_WS/install/nav2_msgs/include/nav2_msgs/nav2_msgs/action/detail/drive_on_heading__rosidl_typesupport_fastrtps_cpp.hpp
[415.848s] -- Up-to-date: /home/cricchetto/Robomaster_WS/install/nav2_msgs/include/nav2_msgs/nav2_msgs/msg
[415.848s] -- Installing: /home/cricchetto/Robomaster_WS/install/nav2_msgs/include/nav2_msgs/nav2_msgs/msg/rosidl_typesupport_fastrtps_cpp__visibility_control.h
[415.849s] -- Up-to-date: /home/cricchetto/Robomaster_WS/install/nav2_msgs/include/nav2_msgs/nav2_msgs/msg/detail
[415.850s] -- Installing: /home/cricchetto/Robomaster_WS/install/nav2_msgs/include/nav2_msgs/nav2_msgs/msg/detail/route_edge__rosidl_typesupport_fastrtps_cpp.hpp
[415.851s] -- Installing: /home/cricchetto/Robomaster_WS/install/nav2_msgs/include/nav2_msgs/nav2_msgs/msg/detail/collision_monitor_state__rosidl_typesupport_fastrtps_cpp.hpp
[415.852s] -- Installing: /home/cricchetto/Robomaster_WS/install/nav2_msgs/include/nav2_msgs/nav2_msgs/msg/detail/dds_fastrtps
[415.853s] -- Installing: /home/cricchetto/Robomaster_WS/install/nav2_msgs/include/nav2_msgs/nav2_msgs/msg/detail/particle_cloud__rosidl_typesupport_fastrtps_cpp.hpp
[415.855s] -- Installing: /home/cricchetto/Robomaster_WS/install/nav2_msgs/include/nav2_msgs/nav2_msgs/msg/detail/behavior_tree_log__rosidl_typesupport_fastrtps_cpp.hpp
[415.856s] -- Installing: /home/cricchetto/Robomaster_WS/install/nav2_msgs/include/nav2_msgs/nav2_msgs/msg/detail/route_node__rosidl_typesupport_fastrtps_cpp.hpp
[415.857s] -- Installing: /home/cricchetto/Robomaster_WS/install/nav2_msgs/include/nav2_msgs/nav2_msgs/msg/detail/costmap_meta_data__rosidl_typesupport_fastrtps_cpp.hpp
[415.858s] -- Installing: /home/cricchetto/Robomaster_WS/install/nav2_msgs/include/nav2_msgs/nav2_msgs/msg/detail/costmap_filter_info__rosidl_typesupport_fastrtps_cpp.hpp
[415.859s] -- Installing: /home/cricchetto/Robomaster_WS/install/nav2_msgs/include/nav2_msgs/nav2_msgs/msg/detail/costmap__rosidl_typesupport_fastrtps_cpp.hpp
[415.861s] -- Installing: /home/cricchetto/Robomaster_WS/install/nav2_msgs/include/nav2_msgs/nav2_msgs/msg/detail/behavior_tree_status_change__rosidl_typesupport_fastrtps_cpp.hpp
[415.862s] -- Installing: /home/cricchetto/Robomaster_WS/install/nav2_msgs/include/nav2_msgs/nav2_msgs/msg/detail/particle__rosidl_typesupport_fastrtps_cpp.hpp
[415.863s] -- Installing: /home/cricchetto/Robomaster_WS/install/nav2_msgs/include/nav2_msgs/nav2_msgs/msg/detail/voxel_grid__rosidl_typesupport_fastrtps_cpp.hpp
[415.864s] -- Installing: /home/cricchetto/Robomaster_WS/install/nav2_msgs/include/nav2_msgs/nav2_msgs/msg/detail/edge_cost__rosidl_typesupport_fastrtps_cpp.hpp
[415.866s] -- Installing: /home/cricchetto/Robomaster_WS/install/nav2_msgs/include/nav2_msgs/nav2_msgs/msg/detail/speed_limit__rosidl_typesupport_fastrtps_cpp.hpp
[415.867s] -- Installing: /home/cricchetto/Robomaster_WS/install/nav2_msgs/include/nav2_msgs/nav2_msgs/msg/detail/route__rosidl_typesupport_fastrtps_cpp.hpp
[415.868s] -- Up-to-date: /home/cricchetto/Robomaster_WS/install/nav2_msgs/include/nav2_msgs/nav2_msgs/srv
[415.868s] -- Up-to-date: /home/cricchetto/Robomaster_WS/install/nav2_msgs/include/nav2_msgs/nav2_msgs/srv/detail
[415.869s] -- Installing: /home/cricchetto/Robomaster_WS/install/nav2_msgs/include/nav2_msgs/nav2_msgs/srv/detail/clear_costmap_except_region__rosidl_typesupport_fastrtps_cpp.hpp
[415.870s] -- Installing: /home/cricchetto/Robomaster_WS/install/nav2_msgs/include/nav2_msgs/nav2_msgs/srv/detail/set_initial_pose__rosidl_typesupport_fastrtps_cpp.hpp
[415.871s] -- Installing: /home/cricchetto/Robomaster_WS/install/nav2_msgs/include/nav2_msgs/nav2_msgs/srv/detail/dds_fastrtps
[415.872s] -- Installing: /home/cricchetto/Robomaster_WS/install/nav2_msgs/include/nav2_msgs/nav2_msgs/srv/detail/set_route_graph__rosidl_typesupport_fastrtps_cpp.hpp
[415.873s] -- Installing: /home/cricchetto/Robomaster_WS/install/nav2_msgs/include/nav2_msgs/nav2_msgs/srv/detail/manage_lifecycle_nodes__rosidl_typesupport_fastrtps_cpp.hpp
[415.875s] -- Installing: /home/cricchetto/Robomaster_WS/install/nav2_msgs/include/nav2_msgs/nav2_msgs/srv/detail/dynamic_edges__rosidl_typesupport_fastrtps_cpp.hpp
[415.876s] -- Installing: /home/cricchetto/Robomaster_WS/install/nav2_msgs/include/nav2_msgs/nav2_msgs/srv/detail/clear_costmap_around_robot__rosidl_typesupport_fastrtps_cpp.hpp
[415.877s] -- Installing: /home/cricchetto/Robomaster_WS/install/nav2_msgs/include/nav2_msgs/nav2_msgs/srv/detail/load_map__rosidl_typesupport_fastrtps_cpp.hpp
[415.878s] -- Installing: /home/cricchetto/Robomaster_WS/install/nav2_msgs/include/nav2_msgs/nav2_msgs/srv/detail/is_path_valid__rosidl_typesupport_fastrtps_cpp.hpp
[415.880s] -- Installing: /home/cricchetto/Robomaster_WS/install/nav2_msgs/include/nav2_msgs/nav2_msgs/srv/detail/save_map__rosidl_typesupport_fastrtps_cpp.hpp
[415.881s] -- Installing: /home/cricchetto/Robomaster_WS/install/nav2_msgs/include/nav2_msgs/nav2_msgs/srv/detail/clear_entire_costmap__rosidl_typesupport_fastrtps_cpp.hpp
[415.882s] -- Installing: /home/cricchetto/Robomaster_WS/install/nav2_msgs/include/nav2_msgs/nav2_msgs/srv/detail/get_costmap__rosidl_typesupport_fastrtps_cpp.hpp
[415.884s] -- Installing: /home/cricchetto/Robomaster_WS/install/nav2_msgs/lib/libnav2_msgs__rosidl_typesupport_fastrtps_cpp.so
[415.892s] -- Set runtime path of "/home/cricchetto/Robomaster_WS/install/nav2_msgs/lib/libnav2_msgs__rosidl_typesupport_fastrtps_cpp.so" to ""
[415.893s] -- Up-to-date: /home/cricchetto/Robomaster_WS/install/nav2_msgs/include/nav2_msgs/nav2_msgs
[415.893s] -- Up-to-date: /home/cricchetto/Robomaster_WS/install/nav2_msgs/include/nav2_msgs/nav2_msgs/action
[415.894s] -- Up-to-date: /home/cricchetto/Robomaster_WS/install/nav2_msgs/include/nav2_msgs/nav2_msgs/action/detail
[415.895s] -- Installing: /home/cricchetto/Robomaster_WS/install/nav2_msgs/include/nav2_msgs/nav2_msgs/action/detail/compute_path_to_pose__rosidl_typesupport_introspection_c.h
[415.896s] -- Installing: /home/cricchetto/Robomaster_WS/install/nav2_msgs/include/nav2_msgs/nav2_msgs/action/detail/wait__type_support.c
[415.897s] -- Installing: /home/cricchetto/Robomaster_WS/install/nav2_msgs/include/nav2_msgs/nav2_msgs/action/detail/follow_path__type_support.c
[415.899s] -- Installing: /home/cricchetto/Robomaster_WS/install/nav2_msgs/include/nav2_msgs/nav2_msgs/action/detail/back_up__rosidl_typesupport_introspection_c.h
[415.900s] -- Installing: /home/cricchetto/Robomaster_WS/install/nav2_msgs/include/nav2_msgs/nav2_msgs/action/detail/compute_route__rosidl_typesupport_introspection_c.h
[415.902s] -- Installing: /home/cricchetto/Robomaster_WS/install/nav2_msgs/include/nav2_msgs/nav2_msgs/action/detail/dummy_behavior__rosidl_typesupport_introspection_c.h
[415.903s] -- Installing: /home/cricchetto/Robomaster_WS/install/nav2_msgs/include/nav2_msgs/nav2_msgs/action/detail/wait__rosidl_typesupport_introspection_c.h
[415.904s] -- Installing: /home/cricchetto/Robomaster_WS/install/nav2_msgs/include/nav2_msgs/nav2_msgs/action/detail/drive_on_heading__type_support.c
[415.906s] -- Installing: /home/cricchetto/Robomaster_WS/install/nav2_msgs/include/nav2_msgs/nav2_msgs/action/detail/assisted_teleop__type_support.c
[415.907s] -- Installing: /home/cricchetto/Robomaster_WS/install/nav2_msgs/include/nav2_msgs/nav2_msgs/action/detail/back_up__type_support.c
[415.909s] -- Installing: /home/cricchetto/Robomaster_WS/install/nav2_msgs/include/nav2_msgs/nav2_msgs/action/detail/follow_waypoints__rosidl_typesupport_introspection_c.h
[415.910s] -- Installing: /home/cricchetto/Robomaster_WS/install/nav2_msgs/include/nav2_msgs/nav2_msgs/action/detail/smooth_path__type_support.c
[415.912s] -- Installing: /home/cricchetto/Robomaster_WS/install/nav2_msgs/include/nav2_msgs/nav2_msgs/action/detail/navigate_through_poses__type_support.c
[415.914s] -- Installing: /home/cricchetto/Robomaster_WS/install/nav2_msgs/include/nav2_msgs/nav2_msgs/action/detail/navigate_through_poses__rosidl_typesupport_introspection_c.h
[415.915s] -- Installing: /home/cricchetto/Robomaster_WS/install/nav2_msgs/include/nav2_msgs/nav2_msgs/action/detail/assisted_teleop__rosidl_typesupport_introspection_c.h
[415.916s] -- Installing: /home/cricchetto/Robomaster_WS/install/nav2_msgs/include/nav2_msgs/nav2_msgs/action/detail/drive_on_heading__rosidl_typesupport_introspection_c.h
[415.917s] -- Installing: /home/cricchetto/Robomaster_WS/install/nav2_msgs/include/nav2_msgs/nav2_msgs/action/detail/dummy_behavior__type_support.c
[415.919s] -- Installing: /home/cricchetto/Robomaster_WS/install/nav2_msgs/include/nav2_msgs/nav2_msgs/action/detail/compute_and_track_route__rosidl_typesupport_introspection_c.h
[415.920s] -- Installing: /home/cricchetto/Robomaster_WS/install/nav2_msgs/include/nav2_msgs/nav2_msgs/action/detail/compute_path_through_poses__type_support.c
[415.922s] -- Installing: /home/cricchetto/Robomaster_WS/install/nav2_msgs/include/nav2_msgs/nav2_msgs/action/detail/compute_path_through_poses__rosidl_typesupport_introspection_c.h
[415.923s] -- Installing: /home/cricchetto/Robomaster_WS/install/nav2_msgs/include/nav2_msgs/nav2_msgs/action/detail/compute_path_to_pose__type_support.c
[415.925s] -- Installing: /home/cricchetto/Robomaster_WS/install/nav2_msgs/include/nav2_msgs/nav2_msgs/action/detail/navigate_to_pose__type_support.c
[415.926s] -- Installing: /home/cricchetto/Robomaster_WS/install/nav2_msgs/include/nav2_msgs/nav2_msgs/action/detail/navigate_to_pose__rosidl_typesupport_introspection_c.h
[415.928s] -- Installing: /home/cricchetto/Robomaster_WS/install/nav2_msgs/include/nav2_msgs/nav2_msgs/action/detail/compute_and_track_route__type_support.c
[415.930s] -- Installing: /home/cricchetto/Robomaster_WS/install/nav2_msgs/include/nav2_msgs/nav2_msgs/action/detail/follow_waypoints__type_support.c
[415.931s] -- Installing: /home/cricchetto/Robomaster_WS/install/nav2_msgs/include/nav2_msgs/nav2_msgs/action/detail/follow_path__rosidl_typesupport_introspection_c.h
[415.932s] -- Installing: /home/cricchetto/Robomaster_WS/install/nav2_msgs/include/nav2_msgs/nav2_msgs/action/detail/spin__rosidl_typesupport_introspection_c.h
[415.934s] -- Installing: /home/cricchetto/Robomaster_WS/install/nav2_msgs/include/nav2_msgs/nav2_msgs/action/detail/spin__type_support.c
[415.935s] -- Installing: /home/cricchetto/Robomaster_WS/install/nav2_msgs/include/nav2_msgs/nav2_msgs/action/detail/compute_route__type_support.c
[415.937s] -- Installing: /home/cricchetto/Robomaster_WS/install/nav2_msgs/include/nav2_msgs/nav2_msgs/action/detail/smooth_path__rosidl_typesupport_introspection_c.h
[415.938s] -- Up-to-date: /home/cricchetto/Robomaster_WS/install/nav2_msgs/include/nav2_msgs/nav2_msgs/msg
[415.938s] -- Up-to-date: /home/cricchetto/Robomaster_WS/install/nav2_msgs/include/nav2_msgs/nav2_msgs/msg/detail
[415.939s] -- Installing: /home/cricchetto/Robomaster_WS/install/nav2_msgs/include/nav2_msgs/nav2_msgs/msg/detail/particle_cloud__rosidl_typesupport_introspection_c.h
[415.940s] -- Installing: /home/cricchetto/Robomaster_WS/install/nav2_msgs/include/nav2_msgs/nav2_msgs/msg/detail/behavior_tree_status_change__type_support.c
[415.941s] -- Installing: /home/cricchetto/Robomaster_WS/install/nav2_msgs/include/nav2_msgs/nav2_msgs/msg/detail/collision_monitor_state__type_support.c
[415.942s] -- Installing: /home/cricchetto/Robomaster_WS/install/nav2_msgs/include/nav2_msgs/nav2_msgs/msg/detail/behavior_tree_log__rosidl_typesupport_introspection_c.h
[415.944s] -- Installing: /home/cricchetto/Robomaster_WS/install/nav2_msgs/include/nav2_msgs/nav2_msgs/msg/detail/route_node__rosidl_typesupport_introspection_c.h
[415.945s] -- Installing: /home/cricchetto/Robomaster_WS/install/nav2_msgs/include/nav2_msgs/nav2_msgs/msg/detail/costmap_filter_info__rosidl_typesupport_introspection_c.h
[415.946s] -- Installing: /home/cricchetto/Robomaster_WS/install/nav2_msgs/include/nav2_msgs/nav2_msgs/msg/detail/costmap__type_support.c
[415.947s] -- Installing: /home/cricchetto/Robomaster_WS/install/nav2_msgs/include/nav2_msgs/nav2_msgs/msg/detail/collision_monitor_state__rosidl_typesupport_introspection_c.h
[415.948s] -- Installing: /home/cricchetto/Robomaster_WS/install/nav2_msgs/include/nav2_msgs/nav2_msgs/msg/detail/particle__type_support.c
[415.950s] -- Installing: /home/cricchetto/Robomaster_WS/install/nav2_msgs/include/nav2_msgs/nav2_msgs/msg/detail/route__rosidl_typesupport_introspection_c.h
[415.951s] -- Installing: /home/cricchetto/Robomaster_WS/install/nav2_msgs/include/nav2_msgs/nav2_msgs/msg/detail/route_edge__rosidl_typesupport_introspection_c.h
[415.952s] -- Installing: /home/cricchetto/Robomaster_WS/install/nav2_msgs/include/nav2_msgs/nav2_msgs/msg/detail/speed_limit__type_support.c
[415.953s] -- Installing: /home/cricchetto/Robomaster_WS/install/nav2_msgs/include/nav2_msgs/nav2_msgs/msg/detail/behavior_tree_log__type_support.c
[415.954s] -- Installing: /home/cricchetto/Robomaster_WS/install/nav2_msgs/include/nav2_msgs/nav2_msgs/msg/detail/speed_limit__rosidl_typesupport_introspection_c.h
[415.956s] -- Installing: /home/cricchetto/Robomaster_WS/install/nav2_msgs/include/nav2_msgs/nav2_msgs/msg/detail/particle_cloud__type_support.c
[415.957s] -- Installing: /home/cricchetto/Robomaster_WS/install/nav2_msgs/include/nav2_msgs/nav2_msgs/msg/detail/voxel_grid__rosidl_typesupport_introspection_c.h
[415.958s] -- Installing: /home/cricchetto/Robomaster_WS/install/nav2_msgs/include/nav2_msgs/nav2_msgs/msg/detail/costmap_meta_data__type_support.c
[415.959s] -- Installing: /home/cricchetto/Robomaster_WS/install/nav2_msgs/include/nav2_msgs/nav2_msgs/msg/detail/particle__rosidl_typesupport_introspection_c.h
[415.960s] -- Installing: /home/cricchetto/Robomaster_WS/install/nav2_msgs/include/nav2_msgs/nav2_msgs/msg/detail/costmap_meta_data__rosidl_typesupport_introspection_c.h
[415.962s] -- Installing: /home/cricchetto/Robomaster_WS/install/nav2_msgs/include/nav2_msgs/nav2_msgs/msg/detail/behavior_tree_status_change__rosidl_typesupport_introspection_c.h
[415.963s] -- Installing: /home/cricchetto/Robomaster_WS/install/nav2_msgs/include/nav2_msgs/nav2_msgs/msg/detail/voxel_grid__type_support.c
[415.964s] -- Installing: /home/cricchetto/Robomaster_WS/install/nav2_msgs/include/nav2_msgs/nav2_msgs/msg/detail/route_node__type_support.c
[415.965s] -- Installing: /home/cricchetto/Robomaster_WS/install/nav2_msgs/include/nav2_msgs/nav2_msgs/msg/detail/route_edge__type_support.c
[415.966s] -- Installing: /home/cricchetto/Robomaster_WS/install/nav2_msgs/include/nav2_msgs/nav2_msgs/msg/detail/route__type_support.c
[415.967s] -- Installing: /home/cricchetto/Robomaster_WS/install/nav2_msgs/include/nav2_msgs/nav2_msgs/msg/detail/costmap_filter_info__type_support.c
[415.969s] -- Installing: /home/cricchetto/Robomaster_WS/install/nav2_msgs/include/nav2_msgs/nav2_msgs/msg/detail/edge_cost__type_support.c
[415.970s] -- Installing: /home/cricchetto/Robomaster_WS/install/nav2_msgs/include/nav2_msgs/nav2_msgs/msg/detail/costmap__rosidl_typesupport_introspection_c.h
[415.971s] -- Installing: /home/cricchetto/Robomaster_WS/install/nav2_msgs/include/nav2_msgs/nav2_msgs/msg/detail/edge_cost__rosidl_typesupport_introspection_c.h
[415.972s] -- Installing: /home/cricchetto/Robomaster_WS/install/nav2_msgs/include/nav2_msgs/nav2_msgs/msg/rosidl_typesupport_introspection_c__visibility_control.h
[415.973s] -- Up-to-date: /home/cricchetto/Robomaster_WS/install/nav2_msgs/include/nav2_msgs/nav2_msgs/srv
[415.974s] -- Up-to-date: /home/cricchetto/Robomaster_WS/install/nav2_msgs/include/nav2_msgs/nav2_msgs/srv/detail
[415.974s] -- Installing: /home/cricchetto/Robomaster_WS/install/nav2_msgs/include/nav2_msgs/nav2_msgs/srv/detail/manage_lifecycle_nodes__rosidl_typesupport_introspection_c.h
[415.976s] -- Installing: /home/cricchetto/Robomaster_WS/install/nav2_msgs/include/nav2_msgs/nav2_msgs/srv/detail/is_path_valid__type_support.c
[415.977s] -- Installing: /home/cricchetto/Robomaster_WS/install/nav2_msgs/include/nav2_msgs/nav2_msgs/srv/detail/get_costmap__type_support.c
[415.978s] -- Installing: /home/cricchetto/Robomaster_WS/install/nav2_msgs/include/nav2_msgs/nav2_msgs/srv/detail/dynamic_edges__rosidl_typesupport_introspection_c.h
[415.979s] -- Installing: /home/cricchetto/Robomaster_WS/install/nav2_msgs/include/nav2_msgs/nav2_msgs/srv/detail/clear_costmap_around_robot__type_support.c
[415.981s] -- Installing: /home/cricchetto/Robomaster_WS/install/nav2_msgs/include/nav2_msgs/nav2_msgs/srv/detail/set_route_graph__rosidl_typesupport_introspection_c.h
[415.982s] -- Installing: /home/cricchetto/Robomaster_WS/install/nav2_msgs/include/nav2_msgs/nav2_msgs/srv/detail/manage_lifecycle_nodes__type_support.c
[415.983s] -- Installing: /home/cricchetto/Robomaster_WS/install/nav2_msgs/include/nav2_msgs/nav2_msgs/srv/detail/clear_entire_costmap__type_support.c
[415.984s] -- Installing: /home/cricchetto/Robomaster_WS/install/nav2_msgs/include/nav2_msgs/nav2_msgs/srv/detail/clear_costmap_except_region__rosidl_typesupport_introspection_c.h
[415.985s] -- Installing: /home/cricchetto/Robomaster_WS/install/nav2_msgs/include/nav2_msgs/nav2_msgs/srv/detail/set_initial_pose__type_support.c
[415.987s] -- Installing: /home/cricchetto/Robomaster_WS/install/nav2_msgs/include/nav2_msgs/nav2_msgs/srv/detail/set_route_graph__type_support.c
[415.988s] -- Installing: /home/cricchetto/Robomaster_WS/install/nav2_msgs/include/nav2_msgs/nav2_msgs/srv/detail/dynamic_edges__type_support.c
[415.989s] -- Installing: /home/cricchetto/Robomaster_WS/install/nav2_msgs/include/nav2_msgs/nav2_msgs/srv/detail/save_map__rosidl_typesupport_introspection_c.h
[415.990s] -- Installing: /home/cricchetto/Robomaster_WS/install/nav2_msgs/include/nav2_msgs/nav2_msgs/srv/detail/load_map__type_support.c
[415.991s] -- Installing: /home/cricchetto/Robomaster_WS/install/nav2_msgs/include/nav2_msgs/nav2_msgs/srv/detail/set_initial_pose__rosidl_typesupport_introspection_c.h
[415.993s] -- Installing: /home/cricchetto/Robomaster_WS/install/nav2_msgs/include/nav2_msgs/nav2_msgs/srv/detail/save_map__type_support.c
[415.994s] -- Installing: /home/cricchetto/Robomaster_WS/install/nav2_msgs/include/nav2_msgs/nav2_msgs/srv/detail/clear_costmap_except_region__type_support.c
[415.995s] -- Installing: /home/cricchetto/Robomaster_WS/install/nav2_msgs/include/nav2_msgs/nav2_msgs/srv/detail/is_path_valid__rosidl_typesupport_introspection_c.h
[415.997s] -- Installing: /home/cricchetto/Robomaster_WS/install/nav2_msgs/include/nav2_msgs/nav2_msgs/srv/detail/clear_entire_costmap__rosidl_typesupport_introspection_c.h
[415.998s] -- Installing: /home/cricchetto/Robomaster_WS/install/nav2_msgs/include/nav2_msgs/nav2_msgs/srv/detail/get_costmap__rosidl_typesupport_introspection_c.h
[415.999s] -- Installing: /home/cricchetto/Robomaster_WS/install/nav2_msgs/include/nav2_msgs/nav2_msgs/srv/detail/clear_costmap_around_robot__rosidl_typesupport_introspection_c.h
[416.000s] -- Installing: /home/cricchetto/Robomaster_WS/install/nav2_msgs/include/nav2_msgs/nav2_msgs/srv/detail/load_map__rosidl_typesupport_introspection_c.h
[416.002s] -- Installing: /home/cricchetto/Robomaster_WS/install/nav2_msgs/lib/libnav2_msgs__rosidl_typesupport_introspection_c.so
[416.009s] -- Set runtime path of "/home/cricchetto/Robomaster_WS/install/nav2_msgs/lib/libnav2_msgs__rosidl_typesupport_introspection_c.so" to ""
[416.009s] -- Installing: /home/cricchetto/Robomaster_WS/install/nav2_msgs/lib/libnav2_msgs__rosidl_typesupport_c.so
[416.015s] -- Set runtime path of "/home/cricchetto/Robomaster_WS/install/nav2_msgs/lib/libnav2_msgs__rosidl_typesupport_c.so" to ""
[416.015s] -- Up-to-date: /home/cricchetto/Robomaster_WS/install/nav2_msgs/include/nav2_msgs/nav2_msgs
[416.015s] -- Up-to-date: /home/cricchetto/Robomaster_WS/install/nav2_msgs/include/nav2_msgs/nav2_msgs/action
[416.016s] -- Up-to-date: /home/cricchetto/Robomaster_WS/install/nav2_msgs/include/nav2_msgs/nav2_msgs/action/detail
[416.016s] -- Installing: /home/cricchetto/Robomaster_WS/install/nav2_msgs/include/nav2_msgs/nav2_msgs/action/detail/compute_path_to_pose__type_support.cpp
[416.018s] -- Installing: /home/cricchetto/Robomaster_WS/install/nav2_msgs/include/nav2_msgs/nav2_msgs/action/detail/follow_waypoints__rosidl_typesupport_introspection_cpp.hpp
[416.019s] -- Installing: /home/cricchetto/Robomaster_WS/install/nav2_msgs/include/nav2_msgs/nav2_msgs/action/detail/navigate_through_poses__rosidl_typesupport_introspection_cpp.hpp
[416.021s] -- Installing: /home/cricchetto/Robomaster_WS/install/nav2_msgs/include/nav2_msgs/nav2_msgs/action/detail/follow_waypoints__type_support.cpp
[416.022s] -- Installing: /home/cricchetto/Robomaster_WS/install/nav2_msgs/include/nav2_msgs/nav2_msgs/action/detail/dummy_behavior__type_support.cpp
[416.024s] -- Installing: /home/cricchetto/Robomaster_WS/install/nav2_msgs/include/nav2_msgs/nav2_msgs/action/detail/back_up__type_support.cpp
[416.025s] -- Installing: /home/cricchetto/Robomaster_WS/install/nav2_msgs/include/nav2_msgs/nav2_msgs/action/detail/follow_path__type_support.cpp
[416.027s] -- Installing: /home/cricchetto/Robomaster_WS/install/nav2_msgs/include/nav2_msgs/nav2_msgs/action/detail/smooth_path__rosidl_typesupport_introspection_cpp.hpp
[416.028s] -- Installing: /home/cricchetto/Robomaster_WS/install/nav2_msgs/include/nav2_msgs/nav2_msgs/action/detail/dummy_behavior__rosidl_typesupport_introspection_cpp.hpp
[416.029s] -- Installing: /home/cricchetto/Robomaster_WS/install/nav2_msgs/include/nav2_msgs/nav2_msgs/action/detail/compute_and_track_route__type_support.cpp
[416.031s] -- Installing: /home/cricchetto/Robomaster_WS/install/nav2_msgs/include/nav2_msgs/nav2_msgs/action/detail/navigate_to_pose__type_support.cpp
[416.033s] -- Installing: /home/cricchetto/Robomaster_WS/install/nav2_msgs/include/nav2_msgs/nav2_msgs/action/detail/drive_on_heading__type_support.cpp
[416.034s] -- Installing: /home/cricchetto/Robomaster_WS/install/nav2_msgs/include/nav2_msgs/nav2_msgs/action/detail/follow_path__rosidl_typesupport_introspection_cpp.hpp
[416.035s] -- Installing: /home/cricchetto/Robomaster_WS/install/nav2_msgs/include/nav2_msgs/nav2_msgs/action/detail/back_up__rosidl_typesupport_introspection_cpp.hpp
[416.037s] -- Installing: /home/cricchetto/Robomaster_WS/install/nav2_msgs/include/nav2_msgs/nav2_msgs/action/detail/compute_path_through_poses__type_support.cpp
[416.038s] -- Installing: /home/cricchetto/Robomaster_WS/install/nav2_msgs/include/nav2_msgs/nav2_msgs/action/detail/assisted_teleop__type_support.cpp
[416.040s] -- Installing: /home/cricchetto/Robomaster_WS/install/nav2_msgs/include/nav2_msgs/nav2_msgs/action/detail/compute_and_track_route__rosidl_typesupport_introspection_cpp.hpp
[416.041s] -- Installing: /home/cricchetto/Robomaster_WS/install/nav2_msgs/include/nav2_msgs/nav2_msgs/action/detail/compute_route__type_support.cpp
[416.043s] -- Installing: /home/cricchetto/Robomaster_WS/install/nav2_msgs/include/nav2_msgs/nav2_msgs/action/detail/spin__type_support.cpp
[416.044s] -- Installing: /home/cricchetto/Robomaster_WS/install/nav2_msgs/include/nav2_msgs/nav2_msgs/action/detail/drive_on_heading__rosidl_typesupport_introspection_cpp.hpp
[416.046s] -- Installing: /home/cricchetto/Robomaster_WS/install/nav2_msgs/include/nav2_msgs/nav2_msgs/action/detail/compute_path_through_poses__rosidl_typesupport_introspection_cpp.hpp
[416.047s] -- Installing: /home/cricchetto/Robomaster_WS/install/nav2_msgs/include/nav2_msgs/nav2_msgs/action/detail/compute_route__rosidl_typesupport_introspection_cpp.hpp
[416.048s] -- Installing: /home/cricchetto/Robomaster_WS/install/nav2_msgs/include/nav2_msgs/nav2_msgs/action/detail/spin__rosidl_typesupport_introspection_cpp.hpp
[416.049s] -- Installing: /home/cricchetto/Robomaster_WS/install/nav2_msgs/include/nav2_msgs/nav2_msgs/action/detail/wait__rosidl_typesupport_introspection_cpp.hpp
[416.051s] -- Installing: /home/cricchetto/Robomaster_WS/install/nav2_msgs/include/nav2_msgs/nav2_msgs/action/detail/assisted_teleop__rosidl_typesupport_introspection_cpp.hpp
[416.052s] -- Installing: /home/cricchetto/Robomaster_WS/install/nav2_msgs/include/nav2_msgs/nav2_msgs/action/detail/smooth_path__type_support.cpp
[416.053s] -- Installing: /home/cricchetto/Robomaster_WS/install/nav2_msgs/include/nav2_msgs/nav2_msgs/action/detail/navigate_to_pose__rosidl_typesupport_introspection_cpp.hpp
[416.055s] -- Installing: /home/cricchetto/Robomaster_WS/install/nav2_msgs/include/nav2_msgs/nav2_msgs/action/detail/compute_path_to_pose__rosidl_typesupport_introspection_cpp.hpp
[416.056s] -- Installing: /home/cricchetto/Robomaster_WS/install/nav2_msgs/include/nav2_msgs/nav2_msgs/action/detail/navigate_through_poses__type_support.cpp
[416.058s] -- Installing: /home/cricchetto/Robomaster_WS/install/nav2_msgs/include/nav2_msgs/nav2_msgs/action/detail/wait__type_support.cpp
[416.059s] -- Up-to-date: /home/cricchetto/Robomaster_WS/install/nav2_msgs/include/nav2_msgs/nav2_msgs/msg
[416.059s] -- Up-to-date: /home/cricchetto/Robomaster_WS/install/nav2_msgs/include/nav2_msgs/nav2_msgs/msg/detail
[416.060s] -- Installing: /home/cricchetto/Robomaster_WS/install/nav2_msgs/include/nav2_msgs/nav2_msgs/msg/detail/costmap_meta_data__type_support.cpp
[416.061s] -- Installing: /home/cricchetto/Robomaster_WS/install/nav2_msgs/include/nav2_msgs/nav2_msgs/msg/detail/voxel_grid__rosidl_typesupport_introspection_cpp.hpp
[416.062s] -- Installing: /home/cricchetto/Robomaster_WS/install/nav2_msgs/include/nav2_msgs/nav2_msgs/msg/detail/route__rosidl_typesupport_introspection_cpp.hpp
[416.064s] -- Installing: /home/cricchetto/Robomaster_WS/install/nav2_msgs/include/nav2_msgs/nav2_msgs/msg/detail/behavior_tree_status_change__rosidl_typesupport_introspection_cpp.hpp
[416.065s] -- Installing: /home/cricchetto/Robomaster_WS/install/nav2_msgs/include/nav2_msgs/nav2_msgs/msg/detail/behavior_tree_log__type_support.cpp
[416.066s] -- Installing: /home/cricchetto/Robomaster_WS/install/nav2_msgs/include/nav2_msgs/nav2_msgs/msg/detail/speed_limit__type_support.cpp
[416.067s] -- Installing: /home/cricchetto/Robomaster_WS/install/nav2_msgs/include/nav2_msgs/nav2_msgs/msg/detail/costmap_meta_data__rosidl_typesupport_introspection_cpp.hpp
[416.069s] -- Installing: /home/cricchetto/Robomaster_WS/install/nav2_msgs/include/nav2_msgs/nav2_msgs/msg/detail/costmap__rosidl_typesupport_introspection_cpp.hpp
[416.070s] -- Installing: /home/cricchetto/Robomaster_WS/install/nav2_msgs/include/nav2_msgs/nav2_msgs/msg/detail/route_node__rosidl_typesupport_introspection_cpp.hpp
[416.071s] -- Installing: /home/cricchetto/Robomaster_WS/install/nav2_msgs/include/nav2_msgs/nav2_msgs/msg/detail/route_edge__rosidl_typesupport_introspection_cpp.hpp
[416.072s] -- Installing: /home/cricchetto/Robomaster_WS/install/nav2_msgs/include/nav2_msgs/nav2_msgs/msg/detail/costmap__type_support.cpp
[416.074s] -- Installing: /home/cricchetto/Robomaster_WS/install/nav2_msgs/include/nav2_msgs/nav2_msgs/msg/detail/costmap_filter_info__type_support.cpp
[416.075s] -- Installing: /home/cricchetto/Robomaster_WS/install/nav2_msgs/include/nav2_msgs/nav2_msgs/msg/detail/particle_cloud__rosidl_typesupport_introspection_cpp.hpp
[416.076s] -- Installing: /home/cricchetto/Robomaster_WS/install/nav2_msgs/include/nav2_msgs/nav2_msgs/msg/detail/particle__rosidl_typesupport_introspection_cpp.hpp
[416.077s] -- Installing: /home/cricchetto/Robomaster_WS/install/nav2_msgs/include/nav2_msgs/nav2_msgs/msg/detail/route_node__type_support.cpp
[416.078s] -- Installing: /home/cricchetto/Robomaster_WS/install/nav2_msgs/include/nav2_msgs/nav2_msgs/msg/detail/particle__type_support.cpp
[416.079s] -- Installing: /home/cricchetto/Robomaster_WS/install/nav2_msgs/include/nav2_msgs/nav2_msgs/msg/detail/edge_cost__type_support.cpp
[416.081s] -- Installing: /home/cricchetto/Robomaster_WS/install/nav2_msgs/include/nav2_msgs/nav2_msgs/msg/detail/edge_cost__rosidl_typesupport_introspection_cpp.hpp
[416.082s] -- Installing: /home/cricchetto/Robomaster_WS/install/nav2_msgs/include/nav2_msgs/nav2_msgs/msg/detail/collision_monitor_state__type_support.cpp
[416.083s] -- Installing: /home/cricchetto/Robomaster_WS/install/nav2_msgs/include/nav2_msgs/nav2_msgs/msg/detail/behavior_tree_log__rosidl_typesupport_introspection_cpp.hpp
[416.084s] -- Installing: /home/cricchetto/Robomaster_WS/install/nav2_msgs/include/nav2_msgs/nav2_msgs/msg/detail/speed_limit__rosidl_typesupport_introspection_cpp.hpp
[416.086s] -- Installing: /home/cricchetto/Robomaster_WS/install/nav2_msgs/include/nav2_msgs/nav2_msgs/msg/detail/voxel_grid__type_support.cpp
[416.087s] -- Installing: /home/cricchetto/Robomaster_WS/install/nav2_msgs/include/nav2_msgs/nav2_msgs/msg/detail/costmap_filter_info__rosidl_typesupport_introspection_cpp.hpp
[416.088s] -- Installing: /home/cricchetto/Robomaster_WS/install/nav2_msgs/include/nav2_msgs/nav2_msgs/msg/detail/route__type_support.cpp
[416.089s] -- Installing: /home/cricchetto/Robomaster_WS/install/nav2_msgs/include/nav2_msgs/nav2_msgs/msg/detail/behavior_tree_status_change__type_support.cpp
[416.090s] -- Installing: /home/cricchetto/Robomaster_WS/install/nav2_msgs/include/nav2_msgs/nav2_msgs/msg/detail/route_edge__type_support.cpp
[416.092s] -- Installing: /home/cricchetto/Robomaster_WS/install/nav2_msgs/include/nav2_msgs/nav2_msgs/msg/detail/particle_cloud__type_support.cpp
[416.093s] -- Installing: /home/cricchetto/Robomaster_WS/install/nav2_msgs/include/nav2_msgs/nav2_msgs/msg/detail/collision_monitor_state__rosidl_typesupport_introspection_cpp.hpp
[416.094s] -- Up-to-date: /home/cricchetto/Robomaster_WS/install/nav2_msgs/include/nav2_msgs/nav2_msgs/srv
[416.095s] -- Up-to-date: /home/cricchetto/Robomaster_WS/install/nav2_msgs/include/nav2_msgs/nav2_msgs/srv/detail
[416.095s] -- Installing: /home/cricchetto/Robomaster_WS/install/nav2_msgs/include/nav2_msgs/nav2_msgs/srv/detail/save_map__type_support.cpp
[416.096s] -- Installing: /home/cricchetto/Robomaster_WS/install/nav2_msgs/include/nav2_msgs/nav2_msgs/srv/detail/clear_costmap_except_region__rosidl_typesupport_introspection_cpp.hpp
[416.098s] -- Installing: /home/cricchetto/Robomaster_WS/install/nav2_msgs/include/nav2_msgs/nav2_msgs/srv/detail/is_path_valid__rosidl_typesupport_introspection_cpp.hpp
[416.099s] -- Installing: /home/cricchetto/Robomaster_WS/install/nav2_msgs/include/nav2_msgs/nav2_msgs/srv/detail/is_path_valid__type_support.cpp
[416.100s] -- Installing: /home/cricchetto/Robomaster_WS/install/nav2_msgs/include/nav2_msgs/nav2_msgs/srv/detail/clear_entire_costmap__type_support.cpp
[416.102s] -- Installing: /home/cricchetto/Robomaster_WS/install/nav2_msgs/include/nav2_msgs/nav2_msgs/srv/detail/save_map__rosidl_typesupport_introspection_cpp.hpp
[416.103s] -- Installing: /home/cricchetto/Robomaster_WS/install/nav2_msgs/include/nav2_msgs/nav2_msgs/srv/detail/clear_costmap_around_robot__type_support.cpp
[416.104s] -- Installing: /home/cricchetto/Robomaster_WS/install/nav2_msgs/include/nav2_msgs/nav2_msgs/srv/detail/dynamic_edges__rosidl_typesupport_introspection_cpp.hpp
[416.105s] -- Installing: /home/cricchetto/Robomaster_WS/install/nav2_msgs/include/nav2_msgs/nav2_msgs/srv/detail/get_costmap__type_support.cpp
[416.106s] -- Installing: /home/cricchetto/Robomaster_WS/install/nav2_msgs/include/nav2_msgs/nav2_msgs/srv/detail/set_initial_pose__type_support.cpp
[416.108s] -- Installing: /home/cricchetto/Robomaster_WS/install/nav2_msgs/include/nav2_msgs/nav2_msgs/srv/detail/dynamic_edges__type_support.cpp
[416.109s] -- Installing: /home/cricchetto/Robomaster_WS/install/nav2_msgs/include/nav2_msgs/nav2_msgs/srv/detail/set_initial_pose__rosidl_typesupport_introspection_cpp.hpp
[416.110s] -- Installing: /home/cricchetto/Robomaster_WS/install/nav2_msgs/include/nav2_msgs/nav2_msgs/srv/detail/clear_costmap_around_robot__rosidl_typesupport_introspection_cpp.hpp
[416.111s] -- Installing: /home/cricchetto/Robomaster_WS/install/nav2_msgs/include/nav2_msgs/nav2_msgs/srv/detail/clear_entire_costmap__rosidl_typesupport_introspection_cpp.hpp
[416.113s] -- Installing: /home/cricchetto/Robomaster_WS/install/nav2_msgs/include/nav2_msgs/nav2_msgs/srv/detail/load_map__rosidl_typesupport_introspection_cpp.hpp
[416.114s] -- Installing: /home/cricchetto/Robomaster_WS/install/nav2_msgs/include/nav2_msgs/nav2_msgs/srv/detail/get_costmap__rosidl_typesupport_introspection_cpp.hpp
[416.115s] -- Installing: /home/cricchetto/Robomaster_WS/install/nav2_msgs/include/nav2_msgs/nav2_msgs/srv/detail/load_map__type_support.cpp
[416.116s] -- Installing: /home/cricchetto/Robomaster_WS/install/nav2_msgs/include/nav2_msgs/nav2_msgs/srv/detail/set_route_graph__type_support.cpp
[416.118s] -- Installing: /home/cricchetto/Robomaster_WS/install/nav2_msgs/include/nav2_msgs/nav2_msgs/srv/detail/manage_lifecycle_nodes__type_support.cpp
[416.119s] -- Installing: /home/cricchetto/Robomaster_WS/install/nav2_msgs/include/nav2_msgs/nav2_msgs/srv/detail/clear_costmap_except_region__type_support.cpp
[416.120s] -- Installing: /home/cricchetto/Robomaster_WS/install/nav2_msgs/include/nav2_msgs/nav2_msgs/srv/detail/manage_lifecycle_nodes__rosidl_typesupport_introspection_cpp.hpp
[416.121s] -- Installing: /home/cricchetto/Robomaster_WS/install/nav2_msgs/include/nav2_msgs/nav2_msgs/srv/detail/set_route_graph__rosidl_typesupport_introspection_cpp.hpp
[416.123s] -- Installing: /home/cricchetto/Robomaster_WS/install/nav2_msgs/lib/libnav2_msgs__rosidl_typesupport_introspection_cpp.so
[416.130s] -- Set runtime path of "/home/cricchetto/Robomaster_WS/install/nav2_msgs/lib/libnav2_msgs__rosidl_typesupport_introspection_cpp.so" to ""
[416.131s] -- Installing: /home/cricchetto/Robomaster_WS/install/nav2_msgs/lib/libnav2_msgs__rosidl_typesupport_cpp.so
[416.137s] -- Set runtime path of "/home/cricchetto/Robomaster_WS/install/nav2_msgs/lib/libnav2_msgs__rosidl_typesupport_cpp.so" to ""
[416.137s] -- Installing: /home/cricchetto/Robomaster_WS/install/nav2_msgs/share/nav2_msgs/environment/pythonpath.sh
[416.138s] -- Installing: /home/cricchetto/Robomaster_WS/install/nav2_msgs/share/nav2_msgs/environment/pythonpath.dsv
[416.140s] -- Installing: /home/cricchetto/Robomaster_WS/install/nav2_msgs/local/lib/python3.10/dist-packages/nav2_msgs-1.1.20-py3.10.egg-info
[416.141s] -- Installing: /home/cricchetto/Robomaster_WS/install/nav2_msgs/local/lib/python3.10/dist-packages/nav2_msgs-1.1.20-py3.10.egg-info/PKG-INFO
[416.142s] -- Installing: /home/cricchetto/Robomaster_WS/install/nav2_msgs/local/lib/python3.10/dist-packages/nav2_msgs-1.1.20-py3.10.egg-info/top_level.txt
[416.143s] -- Installing: /home/cricchetto/Robomaster_WS/install/nav2_msgs/local/lib/python3.10/dist-packages/nav2_msgs-1.1.20-py3.10.egg-info/SOURCES.txt
[416.144s] -- Installing: /home/cricchetto/Robomaster_WS/install/nav2_msgs/local/lib/python3.10/dist-packages/nav2_msgs-1.1.20-py3.10.egg-info/dependency_links.txt
[416.146s] -- Installing: /home/cricchetto/Robomaster_WS/install/nav2_msgs/local/lib/python3.10/dist-packages/nav2_msgs
[416.147s] -- Installing: /home/cricchetto/Robomaster_WS/install/nav2_msgs/local/lib/python3.10/dist-packages/nav2_msgs/nav2_msgs_s__rosidl_typesupport_fastrtps_c.cpython-310-aarch64-linux-gnu.so
[416.152s] -- Installing: /home/cricchetto/Robomaster_WS/install/nav2_msgs/local/lib/python3.10/dist-packages/nav2_msgs/__init__.py
[416.152s] -- Installing: /home/cricchetto/Robomaster_WS/install/nav2_msgs/local/lib/python3.10/dist-packages/nav2_msgs/_nav2_msgs_s.ep.rosidl_typesupport_fastrtps_c.c
[416.160s] -- Installing: /home/cricchetto/Robomaster_WS/install/nav2_msgs/local/lib/python3.10/dist-packages/nav2_msgs/_nav2_msgs_s.ep.rosidl_typesupport_c.c
[416.168s] -- Installing: /home/cricchetto/Robomaster_WS/install/nav2_msgs/local/lib/python3.10/dist-packages/nav2_msgs/nav2_msgs_s__rosidl_typesupport_c.cpython-310-aarch64-linux-gnu.so
[416.173s] -- Installing: /home/cricchetto/Robomaster_WS/install/nav2_msgs/local/lib/python3.10/dist-packages/nav2_msgs/libnav2_msgs__rosidl_generator_py.so
[416.176s] -- Installing: /home/cricchetto/Robomaster_WS/install/nav2_msgs/local/lib/python3.10/dist-packages/nav2_msgs/action
[416.177s] -- Installing: /home/cricchetto/Robomaster_WS/install/nav2_msgs/local/lib/python3.10/dist-packages/nav2_msgs/action/_compute_and_track_route.py
[416.179s] -- Installing: /home/cricchetto/Robomaster_WS/install/nav2_msgs/local/lib/python3.10/dist-packages/nav2_msgs/action/_smooth_path.py
[416.180s] -- Installing: /home/cricchetto/Robomaster_WS/install/nav2_msgs/local/lib/python3.10/dist-packages/nav2_msgs/action/__init__.py
[416.181s] -- Installing: /home/cricchetto/Robomaster_WS/install/nav2_msgs/local/lib/python3.10/dist-packages/nav2_msgs/action/_navigate_to_pose.py
[416.183s] -- Installing: /home/cricchetto/Robomaster_WS/install/nav2_msgs/local/lib/python3.10/dist-packages/nav2_msgs/action/_dummy_behavior.py
[416.184s] -- Installing: /home/cricchetto/Robomaster_WS/install/nav2_msgs/local/lib/python3.10/dist-packages/nav2_msgs/action/_compute_path_to_pose_s.c
[416.185s] -- Installing: /home/cricchetto/Robomaster_WS/install/nav2_msgs/local/lib/python3.10/dist-packages/nav2_msgs/action/_navigate_to_pose_s.c
[416.187s] -- Installing: /home/cricchetto/Robomaster_WS/install/nav2_msgs/local/lib/python3.10/dist-packages/nav2_msgs/action/_navigate_through_poses.py
[416.189s] -- Installing: /home/cricchetto/Robomaster_WS/install/nav2_msgs/local/lib/python3.10/dist-packages/nav2_msgs/action/_spin.py
[416.190s] -- Installing: /home/cricchetto/Robomaster_WS/install/nav2_msgs/local/lib/python3.10/dist-packages/nav2_msgs/action/_spin_s.c
[416.191s] -- Installing: /home/cricchetto/Robomaster_WS/install/nav2_msgs/local/lib/python3.10/dist-packages/nav2_msgs/action/_assisted_teleop.py
[416.193s] -- Installing: /home/cricchetto/Robomaster_WS/install/nav2_msgs/local/lib/python3.10/dist-packages/nav2_msgs/action/_compute_route.py
[416.194s] -- Installing: /home/cricchetto/Robomaster_WS/install/nav2_msgs/local/lib/python3.10/dist-packages/nav2_msgs/action/_drive_on_heading_s.c
[416.196s] -- Installing: /home/cricchetto/Robomaster_WS/install/nav2_msgs/local/lib/python3.10/dist-packages/nav2_msgs/action/_follow_path_s.c
[416.197s] -- Installing: /home/cricchetto/Robomaster_WS/install/nav2_msgs/local/lib/python3.10/dist-packages/nav2_msgs/action/_navigate_through_poses_s.c
[416.199s] -- Installing: /home/cricchetto/Robomaster_WS/install/nav2_msgs/local/lib/python3.10/dist-packages/nav2_msgs/action/_compute_path_through_poses.py
[416.200s] -- Installing: /home/cricchetto/Robomaster_WS/install/nav2_msgs/local/lib/python3.10/dist-packages/nav2_msgs/action/_back_up_s.c
[416.202s] -- Installing: /home/cricchetto/Robomaster_WS/install/nav2_msgs/local/lib/python3.10/dist-packages/nav2_msgs/action/_compute_path_through_poses_s.c
[416.203s] -- Installing: /home/cricchetto/Robomaster_WS/install/nav2_msgs/local/lib/python3.10/dist-packages/nav2_msgs/action/_smooth_path_s.c
[416.204s] -- Installing: /home/cricchetto/Robomaster_WS/install/nav2_msgs/local/lib/python3.10/dist-packages/nav2_msgs/action/_compute_and_track_route_s.c
[416.206s] -- Installing: /home/cricchetto/Robomaster_WS/install/nav2_msgs/local/lib/python3.10/dist-packages/nav2_msgs/action/_follow_path.py
[416.207s] -- Installing: /home/cricchetto/Robomaster_WS/install/nav2_msgs/local/lib/python3.10/dist-packages/nav2_msgs/action/_assisted_teleop_s.c
[416.208s] -- Installing: /home/cricchetto/Robomaster_WS/install/nav2_msgs/local/lib/python3.10/dist-packages/nav2_msgs/action/_drive_on_heading.py
[416.210s] -- Installing: /home/cricchetto/Robomaster_WS/install/nav2_msgs/local/lib/python3.10/dist-packages/nav2_msgs/action/_back_up.py
[416.211s] -- Installing: /home/cricchetto/Robomaster_WS/install/nav2_msgs/local/lib/python3.10/dist-packages/nav2_msgs/action/_follow_waypoints.py
[416.213s] -- Installing: /home/cricchetto/Robomaster_WS/install/nav2_msgs/local/lib/python3.10/dist-packages/nav2_msgs/action/_dummy_behavior_s.c
[416.214s] -- Installing: /home/cricchetto/Robomaster_WS/install/nav2_msgs/local/lib/python3.10/dist-packages/nav2_msgs/action/_wait.py
[416.215s] -- Installing: /home/cricchetto/Robomaster_WS/install/nav2_msgs/local/lib/python3.10/dist-packages/nav2_msgs/action/_compute_path_to_pose.py
[416.217s] -- Installing: /home/cricchetto/Robomaster_WS/install/nav2_msgs/local/lib/python3.10/dist-packages/nav2_msgs/action/_compute_route_s.c
[416.218s] -- Installing: /home/cricchetto/Robomaster_WS/install/nav2_msgs/local/lib/python3.10/dist-packages/nav2_msgs/action/_wait_s.c
[416.219s] -- Installing: /home/cricchetto/Robomaster_WS/install/nav2_msgs/local/lib/python3.10/dist-packages/nav2_msgs/action/_follow_waypoints_s.c
[416.221s] -- Installing: /home/cricchetto/Robomaster_WS/install/nav2_msgs/local/lib/python3.10/dist-packages/nav2_msgs/_nav2_msgs_s.ep.rosidl_typesupport_introspection_c.c
[416.229s] -- Installing: /home/cricchetto/Robomaster_WS/install/nav2_msgs/local/lib/python3.10/dist-packages/nav2_msgs/msg
[416.230s] -- Installing: /home/cricchetto/Robomaster_WS/install/nav2_msgs/local/lib/python3.10/dist-packages/nav2_msgs/msg/_collision_monitor_state.py
[416.231s] -- Installing: /home/cricchetto/Robomaster_WS/install/nav2_msgs/local/lib/python3.10/dist-packages/nav2_msgs/msg/_costmap_meta_data_s.c
[416.232s] -- Installing: /home/cricchetto/Robomaster_WS/install/nav2_msgs/local/lib/python3.10/dist-packages/nav2_msgs/msg/_route_edge.py
[416.233s] -- Installing: /home/cricchetto/Robomaster_WS/install/nav2_msgs/local/lib/python3.10/dist-packages/nav2_msgs/msg/_costmap_filter_info_s.c
[416.234s] -- Installing: /home/cricchetto/Robomaster_WS/install/nav2_msgs/local/lib/python3.10/dist-packages/nav2_msgs/msg/__init__.py
[416.235s] -- Installing: /home/cricchetto/Robomaster_WS/install/nav2_msgs/local/lib/python3.10/dist-packages/nav2_msgs/msg/_costmap_s.c
[416.236s] -- Installing: /home/cricchetto/Robomaster_WS/install/nav2_msgs/local/lib/python3.10/dist-packages/nav2_msgs/msg/_speed_limit.py
[416.237s] -- Installing: /home/cricchetto/Robomaster_WS/install/nav2_msgs/local/lib/python3.10/dist-packages/nav2_msgs/msg/_particle_cloud_s.c
[416.238s] -- Installing: /home/cricchetto/Robomaster_WS/install/nav2_msgs/local/lib/python3.10/dist-packages/nav2_msgs/msg/_costmap.py
[416.239s] -- Installing: /home/cricchetto/Robomaster_WS/install/nav2_msgs/local/lib/python3.10/dist-packages/nav2_msgs/msg/_behavior_tree_status_change_s.c
[416.241s] -- Installing: /home/cricchetto/Robomaster_WS/install/nav2_msgs/local/lib/python3.10/dist-packages/nav2_msgs/msg/_speed_limit_s.c
[416.242s] -- Installing: /home/cricchetto/Robomaster_WS/install/nav2_msgs/local/lib/python3.10/dist-packages/nav2_msgs/msg/_costmap_filter_info.py
[416.243s] -- Installing: /home/cricchetto/Robomaster_WS/install/nav2_msgs/local/lib/python3.10/dist-packages/nav2_msgs/msg/_behavior_tree_status_change.py
[416.244s] -- Installing: /home/cricchetto/Robomaster_WS/install/nav2_msgs/local/lib/python3.10/dist-packages/nav2_msgs/msg/_edge_cost_s.c
[416.245s] -- Installing: /home/cricchetto/Robomaster_WS/install/nav2_msgs/local/lib/python3.10/dist-packages/nav2_msgs/msg/_particle_s.c
[416.246s] -- Installing: /home/cricchetto/Robomaster_WS/install/nav2_msgs/local/lib/python3.10/dist-packages/nav2_msgs/msg/_route_s.c
[416.247s] -- Installing: /home/cricchetto/Robomaster_WS/install/nav2_msgs/local/lib/python3.10/dist-packages/nav2_msgs/msg/_route_node.py
[416.248s] -- Installing: /home/cricchetto/Robomaster_WS/install/nav2_msgs/local/lib/python3.10/dist-packages/nav2_msgs/msg/_behavior_tree_log.py
[416.249s] -- Installing: /home/cricchetto/Robomaster_WS/install/nav2_msgs/local/lib/python3.10/dist-packages/nav2_msgs/msg/_voxel_grid.py
[416.250s] -- Installing: /home/cricchetto/Robomaster_WS/install/nav2_msgs/local/lib/python3.10/dist-packages/nav2_msgs/msg/_route.py
[416.251s] -- Installing: /home/cricchetto/Robomaster_WS/install/nav2_msgs/local/lib/python3.10/dist-packages/nav2_msgs/msg/_collision_monitor_state_s.c
[416.252s] -- Installing: /home/cricchetto/Robomaster_WS/install/nav2_msgs/local/lib/python3.10/dist-packages/nav2_msgs/msg/_particle_cloud.py
[416.253s] -- Installing: /home/cricchetto/Robomaster_WS/install/nav2_msgs/local/lib/python3.10/dist-packages/nav2_msgs/msg/_behavior_tree_log_s.c
[416.255s] -- Installing: /home/cricchetto/Robomaster_WS/install/nav2_msgs/local/lib/python3.10/dist-packages/nav2_msgs/msg/_costmap_meta_data.py
[416.256s] -- Installing: /home/cricchetto/Robomaster_WS/install/nav2_msgs/local/lib/python3.10/dist-packages/nav2_msgs/msg/_edge_cost.py
[416.257s] -- Installing: /home/cricchetto/Robomaster_WS/install/nav2_msgs/local/lib/python3.10/dist-packages/nav2_msgs/msg/_voxel_grid_s.c
[416.258s] -- Installing: /home/cricchetto/Robomaster_WS/install/nav2_msgs/local/lib/python3.10/dist-packages/nav2_msgs/msg/_route_edge_s.c
[416.259s] -- Installing: /home/cricchetto/Robomaster_WS/install/nav2_msgs/local/lib/python3.10/dist-packages/nav2_msgs/msg/_particle.py
[416.260s] -- Installing: /home/cricchetto/Robomaster_WS/install/nav2_msgs/local/lib/python3.10/dist-packages/nav2_msgs/msg/_route_node_s.c
[416.261s] -- Installing: /home/cricchetto/Robomaster_WS/install/nav2_msgs/local/lib/python3.10/dist-packages/nav2_msgs/nav2_msgs_s__rosidl_typesupport_introspection_c.cpython-310-aarch64-linux-gnu.so
[416.266s] -- Installing: /home/cricchetto/Robomaster_WS/install/nav2_msgs/local/lib/python3.10/dist-packages/nav2_msgs/srv
[416.266s] -- Installing: /home/cricchetto/Robomaster_WS/install/nav2_msgs/local/lib/python3.10/dist-packages/nav2_msgs/srv/_is_path_valid.py
[416.268s] -- Installing: /home/cricchetto/Robomaster_WS/install/nav2_msgs/local/lib/python3.10/dist-packages/nav2_msgs/srv/_load_map_s.c
[416.269s] -- Installing: /home/cricchetto/Robomaster_WS/install/nav2_msgs/local/lib/python3.10/dist-packages/nav2_msgs/srv/_get_costmap_s.c
[416.270s] -- Installing: /home/cricchetto/Robomaster_WS/install/nav2_msgs/local/lib/python3.10/dist-packages/nav2_msgs/srv/__init__.py
[416.271s] -- Installing: /home/cricchetto/Robomaster_WS/install/nav2_msgs/local/lib/python3.10/dist-packages/nav2_msgs/srv/_save_map_s.c
[416.272s] -- Installing: /home/cricchetto/Robomaster_WS/install/nav2_msgs/local/lib/python3.10/dist-packages/nav2_msgs/srv/_is_path_valid_s.c
[416.273s] -- Installing: /home/cricchetto/Robomaster_WS/install/nav2_msgs/local/lib/python3.10/dist-packages/nav2_msgs/srv/_get_costmap.py
[416.274s] -- Installing: /home/cricchetto/Robomaster_WS/install/nav2_msgs/local/lib/python3.10/dist-packages/nav2_msgs/srv/_clear_entire_costmap.py
[416.275s] -- Installing: /home/cricchetto/Robomaster_WS/install/nav2_msgs/local/lib/python3.10/dist-packages/nav2_msgs/srv/_clear_costmap_except_region.py
[416.276s] -- Installing: /home/cricchetto/Robomaster_WS/install/nav2_msgs/local/lib/python3.10/dist-packages/nav2_msgs/srv/_set_initial_pose_s.c
[416.278s] -- Installing: /home/cricchetto/Robomaster_WS/install/nav2_msgs/local/lib/python3.10/dist-packages/nav2_msgs/srv/_clear_entire_costmap_s.c
[416.279s] -- Installing: /home/cricchetto/Robomaster_WS/install/nav2_msgs/local/lib/python3.10/dist-packages/nav2_msgs/srv/_set_initial_pose.py
[416.280s] -- Installing: /home/cricchetto/Robomaster_WS/install/nav2_msgs/local/lib/python3.10/dist-packages/nav2_msgs/srv/_clear_costmap_except_region_s.c
[416.281s] -- Installing: /home/cricchetto/Robomaster_WS/install/nav2_msgs/local/lib/python3.10/dist-packages/nav2_msgs/srv/_dynamic_edges_s.c
[416.282s] -- Installing: /home/cricchetto/Robomaster_WS/install/nav2_msgs/local/lib/python3.10/dist-packages/nav2_msgs/srv/_save_map.py
[416.283s] -- Installing: /home/cricchetto/Robomaster_WS/install/nav2_msgs/local/lib/python3.10/dist-packages/nav2_msgs/srv/_manage_lifecycle_nodes_s.c
[416.284s] -- Installing: /home/cricchetto/Robomaster_WS/install/nav2_msgs/local/lib/python3.10/dist-packages/nav2_msgs/srv/_clear_costmap_around_robot_s.c
[416.285s] -- Installing: /home/cricchetto/Robomaster_WS/install/nav2_msgs/local/lib/python3.10/dist-packages/nav2_msgs/srv/_manage_lifecycle_nodes.py
[416.286s] -- Installing: /home/cricchetto/Robomaster_WS/install/nav2_msgs/local/lib/python3.10/dist-packages/nav2_msgs/srv/_set_route_graph.py
[416.287s] -- Installing: /home/cricchetto/Robomaster_WS/install/nav2_msgs/local/lib/python3.10/dist-packages/nav2_msgs/srv/_load_map.py
[416.289s] -- Installing: /home/cricchetto/Robomaster_WS/install/nav2_msgs/local/lib/python3.10/dist-packages/nav2_msgs/srv/_dynamic_edges.py
[416.290s] -- Installing: /home/cricchetto/Robomaster_WS/install/nav2_msgs/local/lib/python3.10/dist-packages/nav2_msgs/srv/_set_route_graph_s.c
[416.291s] -- Installing: /home/cricchetto/Robomaster_WS/install/nav2_msgs/local/lib/python3.10/dist-packages/nav2_msgs/srv/_clear_costmap_around_robot.py
[416.944s] Listing '/home/cricchetto/Robomaster_WS/install/nav2_msgs/local/lib/python3.10/dist-packages/nav2_msgs'...
[416.945s] Compiling '/home/cricchetto/Robomaster_WS/install/nav2_msgs/local/lib/python3.10/dist-packages/nav2_msgs/__init__.py'...
[416.945s] Listing '/home/cricchetto/Robomaster_WS/install/nav2_msgs/local/lib/python3.10/dist-packages/nav2_msgs/action'...
[416.946s] Compiling '/home/cricchetto/Robomaster_WS/install/nav2_msgs/local/lib/python3.10/dist-packages/nav2_msgs/action/__init__.py'...
[416.947s] Compiling '/home/cricchetto/Robomaster_WS/install/nav2_msgs/local/lib/python3.10/dist-packages/nav2_msgs/action/_assisted_teleop.py'...
[416.948s] Compiling '/home/cricchetto/Robomaster_WS/install/nav2_msgs/local/lib/python3.10/dist-packages/nav2_msgs/action/_back_up.py'...
[416.949s] Compiling '/home/cricchetto/Robomaster_WS/install/nav2_msgs/local/lib/python3.10/dist-packages/nav2_msgs/action/_compute_and_track_route.py'...
[416.950s] Compiling '/home/cricchetto/Robomaster_WS/install/nav2_msgs/local/lib/python3.10/dist-packages/nav2_msgs/action/_compute_path_through_poses.py'...
[416.951s] Compiling '/home/cricchetto/Robomaster_WS/install/nav2_msgs/local/lib/python3.10/dist-packages/nav2_msgs/action/_compute_path_to_pose.py'...
[416.952s] Compiling '/home/cricchetto/Robomaster_WS/install/nav2_msgs/local/lib/python3.10/dist-packages/nav2_msgs/action/_compute_route.py'...
[416.952s] Compiling '/home/cricchetto/Robomaster_WS/install/nav2_msgs/local/lib/python3.10/dist-packages/nav2_msgs/action/_drive_on_heading.py'...
[416.953s] Compiling '/home/cricchetto/Robomaster_WS/install/nav2_msgs/local/lib/python3.10/dist-packages/nav2_msgs/action/_dummy_behavior.py'...
[416.954s] Compiling '/home/cricchetto/Robomaster_WS/install/nav2_msgs/local/lib/python3.10/dist-packages/nav2_msgs/action/_follow_path.py'...
[416.955s] Compiling '/home/cricchetto/Robomaster_WS/install/nav2_msgs/local/lib/python3.10/dist-packages/nav2_msgs/action/_follow_waypoints.py'...
[416.956s] Compiling '/home/cricchetto/Robomaster_WS/install/nav2_msgs/local/lib/python3.10/dist-packages/nav2_msgs/action/_navigate_through_poses.py'...
[416.957s] Compiling '/home/cricchetto/Robomaster_WS/install/nav2_msgs/local/lib/python3.10/dist-packages/nav2_msgs/action/_navigate_to_pose.py'...
[416.957s] Compiling '/home/cricchetto/Robomaster_WS/install/nav2_msgs/local/lib/python3.10/dist-packages/nav2_msgs/action/_smooth_path.py'...
[416.958s] Compiling '/home/cricchetto/Robomaster_WS/install/nav2_msgs/local/lib/python3.10/dist-packages/nav2_msgs/action/_spin.py'...
[416.958s] Compiling '/home/cricchetto/Robomaster_WS/install/nav2_msgs/local/lib/python3.10/dist-packages/nav2_msgs/action/_wait.py'...
[416.959s] Listing '/home/cricchetto/Robomaster_WS/install/nav2_msgs/local/lib/python3.10/dist-packages/nav2_msgs/msg'...
[416.959s] Compiling '/home/cricchetto/Robomaster_WS/install/nav2_msgs/local/lib/python3.10/dist-packages/nav2_msgs/msg/__init__.py'...
[416.959s] Compiling '/home/cricchetto/Robomaster_WS/install/nav2_msgs/local/lib/python3.10/dist-packages/nav2_msgs/msg/_behavior_tree_log.py'...
[416.960s] Compiling '/home/cricchetto/Robomaster_WS/install/nav2_msgs/local/lib/python3.10/dist-packages/nav2_msgs/msg/_behavior_tree_status_change.py'...
[416.960s] Compiling '/home/cricchetto/Robomaster_WS/install/nav2_msgs/local/lib/python3.10/dist-packages/nav2_msgs/msg/_collision_monitor_state.py'...
[416.961s] Compiling '/home/cricchetto/Robomaster_WS/install/nav2_msgs/local/lib/python3.10/dist-packages/nav2_msgs/msg/_costmap.py'...
[416.961s] Compiling '/home/cricchetto/Robomaster_WS/install/nav2_msgs/local/lib/python3.10/dist-packages/nav2_msgs/msg/_costmap_filter_info.py'...
[416.962s] Compiling '/home/cricchetto/Robomaster_WS/install/nav2_msgs/local/lib/python3.10/dist-packages/nav2_msgs/msg/_costmap_meta_data.py'...
[416.962s] Compiling '/home/cricchetto/Robomaster_WS/install/nav2_msgs/local/lib/python3.10/dist-packages/nav2_msgs/msg/_edge_cost.py'...
[416.963s] Compiling '/home/cricchetto/Robomaster_WS/install/nav2_msgs/local/lib/python3.10/dist-packages/nav2_msgs/msg/_particle.py'...
[416.964s] Compiling '/home/cricchetto/Robomaster_WS/install/nav2_msgs/local/lib/python3.10/dist-packages/nav2_msgs/msg/_particle_cloud.py'...
[416.965s] Compiling '/home/cricchetto/Robomaster_WS/install/nav2_msgs/local/lib/python3.10/dist-packages/nav2_msgs/msg/_route.py'...
[416.965s] Compiling '/home/cricchetto/Robomaster_WS/install/nav2_msgs/local/lib/python3.10/dist-packages/nav2_msgs/msg/_route_edge.py'...
[416.966s] Compiling '/home/cricchetto/Robomaster_WS/install/nav2_msgs/local/lib/python3.10/dist-packages/nav2_msgs/msg/_route_node.py'...
[416.967s] Compiling '/home/cricchetto/Robomaster_WS/install/nav2_msgs/local/lib/python3.10/dist-packages/nav2_msgs/msg/_speed_limit.py'...
[416.967s] Compiling '/home/cricchetto/Robomaster_WS/install/nav2_msgs/local/lib/python3.10/dist-packages/nav2_msgs/msg/_voxel_grid.py'...
[416.968s] Listing '/home/cricchetto/Robomaster_WS/install/nav2_msgs/local/lib/python3.10/dist-packages/nav2_msgs/srv'...
[416.968s] Compiling '/home/cricchetto/Robomaster_WS/install/nav2_msgs/local/lib/python3.10/dist-packages/nav2_msgs/srv/__init__.py'...
[416.969s] Compiling '/home/cricchetto/Robomaster_WS/install/nav2_msgs/local/lib/python3.10/dist-packages/nav2_msgs/srv/_clear_costmap_around_robot.py'...
[416.969s] Compiling '/home/cricchetto/Robomaster_WS/install/nav2_msgs/local/lib/python3.10/dist-packages/nav2_msgs/srv/_clear_costmap_except_region.py'...
[416.970s] Compiling '/home/cricchetto/Robomaster_WS/install/nav2_msgs/local/lib/python3.10/dist-packages/nav2_msgs/srv/_clear_entire_costmap.py'...
[416.970s] Compiling '/home/cricchetto/Robomaster_WS/install/nav2_msgs/local/lib/python3.10/dist-packages/nav2_msgs/srv/_dynamic_edges.py'...
[416.970s] Compiling '/home/cricchetto/Robomaster_WS/install/nav2_msgs/local/lib/python3.10/dist-packages/nav2_msgs/srv/_get_costmap.py'...
[416.970s] Compiling '/home/cricchetto/Robomaster_WS/install/nav2_msgs/local/lib/python3.10/dist-packages/nav2_msgs/srv/_is_path_valid.py'...
[416.971s] Compiling '/home/cricchetto/Robomaster_WS/install/nav2_msgs/local/lib/python3.10/dist-packages/nav2_msgs/srv/_load_map.py'...
[416.971s] Compiling '/home/cricchetto/Robomaster_WS/install/nav2_msgs/local/lib/python3.10/dist-packages/nav2_msgs/srv/_manage_lifecycle_nodes.py'...
[416.971s] Compiling '/home/cricchetto/Robomaster_WS/install/nav2_msgs/local/lib/python3.10/dist-packages/nav2_msgs/srv/_save_map.py'...
[416.971s] Compiling '/home/cricchetto/Robomaster_WS/install/nav2_msgs/local/lib/python3.10/dist-packages/nav2_msgs/srv/_set_initial_pose.py'...
[416.972s] Compiling '/home/cricchetto/Robomaster_WS/install/nav2_msgs/local/lib/python3.10/dist-packages/nav2_msgs/srv/_set_route_graph.py'...
[416.973s] -- Installing: /home/cricchetto/Robomaster_WS/install/nav2_msgs/local/lib/python3.10/dist-packages/nav2_msgs/nav2_msgs_s__rosidl_typesupport_fastrtps_c.cpython-310-aarch64-linux-gnu.so
[416.979s] -- Set runtime path of "/home/cricchetto/Robomaster_WS/install/nav2_msgs/local/lib/python3.10/dist-packages/nav2_msgs/nav2_msgs_s__rosidl_typesupport_fastrtps_c.cpython-310-aarch64-linux-gnu.so" to ""
[416.981s] -- Installing: /home/cricchetto/Robomaster_WS/install/nav2_msgs/local/lib/python3.10/dist-packages/nav2_msgs/nav2_msgs_s__rosidl_typesupport_introspection_c.cpython-310-aarch64-linux-gnu.so
[416.987s] -- Set runtime path of "/home/cricchetto/Robomaster_WS/install/nav2_msgs/local/lib/python3.10/dist-packages/nav2_msgs/nav2_msgs_s__rosidl_typesupport_introspection_c.cpython-310-aarch64-linux-gnu.so" to ""
[416.989s] -- Installing: /home/cricchetto/Robomaster_WS/install/nav2_msgs/local/lib/python3.10/dist-packages/nav2_msgs/nav2_msgs_s__rosidl_typesupport_c.cpython-310-aarch64-linux-gnu.so
[416.996s] -- Set runtime path of "/home/cricchetto/Robomaster_WS/install/nav2_msgs/local/lib/python3.10/dist-packages/nav2_msgs/nav2_msgs_s__rosidl_typesupport_c.cpython-310-aarch64-linux-gnu.so" to ""
[416.996s] -- Installing: /home/cricchetto/Robomaster_WS/install/nav2_msgs/lib/libnav2_msgs__rosidl_generator_py.so
[417.001s] -- Set runtime path of "/home/cricchetto/Robomaster_WS/install/nav2_msgs/lib/libnav2_msgs__rosidl_generator_py.so" to ""
[417.002s] -- Installing: /home/cricchetto/Robomaster_WS/install/nav2_msgs/share/nav2_msgs/msg/CollisionMonitorState.idl
[417.004s] -- Installing: /home/cricchetto/Robomaster_WS/install/nav2_msgs/share/nav2_msgs/msg/Costmap.idl
[417.005s] -- Installing: /home/cricchetto/Robomaster_WS/install/nav2_msgs/share/nav2_msgs/msg/CostmapMetaData.idl
[417.007s] -- Installing: /home/cricchetto/Robomaster_WS/install/nav2_msgs/share/nav2_msgs/msg/CostmapFilterInfo.idl
[417.008s] -- Installing: /home/cricchetto/Robomaster_WS/install/nav2_msgs/share/nav2_msgs/msg/SpeedLimit.idl
[417.010s] -- Installing: /home/cricchetto/Robomaster_WS/install/nav2_msgs/share/nav2_msgs/msg/VoxelGrid.idl
[417.011s] -- Installing: /home/cricchetto/Robomaster_WS/install/nav2_msgs/share/nav2_msgs/msg/BehaviorTreeStatusChange.idl
[417.013s] -- Installing: /home/cricchetto/Robomaster_WS/install/nav2_msgs/share/nav2_msgs/msg/BehaviorTreeLog.idl
[417.014s] -- Installing: /home/cricchetto/Robomaster_WS/install/nav2_msgs/share/nav2_msgs/msg/Particle.idl
[417.016s] -- Installing: /home/cricchetto/Robomaster_WS/install/nav2_msgs/share/nav2_msgs/msg/ParticleCloud.idl
[417.017s] -- Installing: /home/cricchetto/Robomaster_WS/install/nav2_msgs/share/nav2_msgs/msg/Route.idl
[417.019s] -- Installing: /home/cricchetto/Robomaster_WS/install/nav2_msgs/share/nav2_msgs/msg/RouteNode.idl
[417.020s] -- Installing: /home/cricchetto/Robomaster_WS/install/nav2_msgs/share/nav2_msgs/msg/RouteEdge.idl
[417.022s] -- Installing: /home/cricchetto/Robomaster_WS/install/nav2_msgs/share/nav2_msgs/msg/EdgeCost.idl
[417.024s] -- Installing: /home/cricchetto/Robomaster_WS/install/nav2_msgs/share/nav2_msgs/srv/GetCostmap.idl
[417.025s] -- Installing: /home/cricchetto/Robomaster_WS/install/nav2_msgs/share/nav2_msgs/srv/IsPathValid.idl
[417.027s] -- Installing: /home/cricchetto/Robomaster_WS/install/nav2_msgs/share/nav2_msgs/srv/ClearCostmapExceptRegion.idl
[417.028s] -- Installing: /home/cricchetto/Robomaster_WS/install/nav2_msgs/share/nav2_msgs/srv/ClearCostmapAroundRobot.idl
[417.030s] -- Installing: /home/cricchetto/Robomaster_WS/install/nav2_msgs/share/nav2_msgs/srv/ClearEntireCostmap.idl
[417.031s] -- Installing: /home/cricchetto/Robomaster_WS/install/nav2_msgs/share/nav2_msgs/srv/DynamicEdges.idl
[417.033s] -- Installing: /home/cricchetto/Robomaster_WS/install/nav2_msgs/share/nav2_msgs/srv/ManageLifecycleNodes.idl
[417.034s] -- Installing: /home/cricchetto/Robomaster_WS/install/nav2_msgs/share/nav2_msgs/srv/LoadMap.idl
[417.036s] -- Installing: /home/cricchetto/Robomaster_WS/install/nav2_msgs/share/nav2_msgs/srv/SaveMap.idl
[417.037s] -- Installing: /home/cricchetto/Robomaster_WS/install/nav2_msgs/share/nav2_msgs/srv/SetInitialPose.idl
[417.039s] -- Installing: /home/cricchetto/Robomaster_WS/install/nav2_msgs/share/nav2_msgs/srv/SetRouteGraph.idl
[417.040s] -- Installing: /home/cricchetto/Robomaster_WS/install/nav2_msgs/share/nav2_msgs/action/AssistedTeleop.idl
[417.042s] -- Installing: /home/cricchetto/Robomaster_WS/install/nav2_msgs/share/nav2_msgs/action/BackUp.idl
[417.044s] -- Installing: /home/cricchetto/Robomaster_WS/install/nav2_msgs/share/nav2_msgs/action/ComputePathToPose.idl
[417.045s] -- Installing: /home/cricchetto/Robomaster_WS/install/nav2_msgs/share/nav2_msgs/action/ComputePathThroughPoses.idl
[417.047s] -- Installing: /home/cricchetto/Robomaster_WS/install/nav2_msgs/share/nav2_msgs/action/ComputeRoute.idl
[417.048s] -- Installing: /home/cricchetto/Robomaster_WS/install/nav2_msgs/share/nav2_msgs/action/ComputeAndTrackRoute.idl
[417.050s] -- Installing: /home/cricchetto/Robomaster_WS/install/nav2_msgs/share/nav2_msgs/action/DriveOnHeading.idl
[417.051s] -- Installing: /home/cricchetto/Robomaster_WS/install/nav2_msgs/share/nav2_msgs/action/SmoothPath.idl
[417.053s] -- Installing: /home/cricchetto/Robomaster_WS/install/nav2_msgs/share/nav2_msgs/action/FollowPath.idl
[417.054s] -- Installing: /home/cricchetto/Robomaster_WS/install/nav2_msgs/share/nav2_msgs/action/NavigateToPose.idl
[417.056s] -- Installing: /home/cricchetto/Robomaster_WS/install/nav2_msgs/share/nav2_msgs/action/NavigateThroughPoses.idl
[417.058s] -- Installing: /home/cricchetto/Robomaster_WS/install/nav2_msgs/share/nav2_msgs/action/Wait.idl
[417.059s] -- Installing: /home/cricchetto/Robomaster_WS/install/nav2_msgs/share/nav2_msgs/action/Spin.idl
[417.061s] -- Installing: /home/cricchetto/Robomaster_WS/install/nav2_msgs/share/nav2_msgs/action/DummyBehavior.idl
[417.062s] -- Installing: /home/cricchetto/Robomaster_WS/install/nav2_msgs/share/nav2_msgs/action/FollowWaypoints.idl
[417.064s] -- Installing: /home/cricchetto/Robomaster_WS/install/nav2_msgs/share/nav2_msgs/msg/CollisionMonitorState.msg
[417.065s] -- Installing: /home/cricchetto/Robomaster_WS/install/nav2_msgs/share/nav2_msgs/msg/Costmap.msg
[417.067s] -- Installing: /home/cricchetto/Robomaster_WS/install/nav2_msgs/share/nav2_msgs/msg/CostmapMetaData.msg
[417.068s] -- Installing: /home/cricchetto/Robomaster_WS/install/nav2_msgs/share/nav2_msgs/msg/CostmapFilterInfo.msg
[417.070s] -- Installing: /home/cricchetto/Robomaster_WS/install/nav2_msgs/share/nav2_msgs/msg/SpeedLimit.msg
[417.071s] -- Installing: /home/cricchetto/Robomaster_WS/install/nav2_msgs/share/nav2_msgs/msg/VoxelGrid.msg
[417.073s] -- Installing: /home/cricchetto/Robomaster_WS/install/nav2_msgs/share/nav2_msgs/msg/BehaviorTreeStatusChange.msg
[417.074s] -- Installing: /home/cricchetto/Robomaster_WS/install/nav2_msgs/share/nav2_msgs/msg/BehaviorTreeLog.msg
[417.076s] -- Installing: /home/cricchetto/Robomaster_WS/install/nav2_msgs/share/nav2_msgs/msg/Particle.msg
[417.077s] -- Installing: /home/cricchetto/Robomaster_WS/install/nav2_msgs/share/nav2_msgs/msg/ParticleCloud.msg
[417.079s] -- Installing: /home/cricchetto/Robomaster_WS/install/nav2_msgs/share/nav2_msgs/msg/Route.msg
[417.080s] -- Installing: /home/cricchetto/Robomaster_WS/install/nav2_msgs/share/nav2_msgs/msg/RouteNode.msg
[417.082s] -- Installing: /home/cricchetto/Robomaster_WS/install/nav2_msgs/share/nav2_msgs/msg/RouteEdge.msg
[417.083s] -- Installing: /home/cricchetto/Robomaster_WS/install/nav2_msgs/share/nav2_msgs/msg/EdgeCost.msg
[417.085s] -- Installing: /home/cricchetto/Robomaster_WS/install/nav2_msgs/share/nav2_msgs/srv/GetCostmap.srv
[417.086s] -- Installing: /home/cricchetto/Robomaster_WS/install/nav2_msgs/share/nav2_msgs/srv/GetCostmap_Request.msg
[417.088s] -- Installing: /home/cricchetto/Robomaster_WS/install/nav2_msgs/share/nav2_msgs/srv/GetCostmap_Response.msg
[417.089s] -- Installing: /home/cricchetto/Robomaster_WS/install/nav2_msgs/share/nav2_msgs/srv/IsPathValid.srv
[417.091s] -- Installing: /home/cricchetto/Robomaster_WS/install/nav2_msgs/share/nav2_msgs/srv/IsPathValid_Request.msg
[417.092s] -- Installing: /home/cricchetto/Robomaster_WS/install/nav2_msgs/share/nav2_msgs/srv/IsPathValid_Response.msg
[417.094s] -- Installing: /home/cricchetto/Robomaster_WS/install/nav2_msgs/share/nav2_msgs/srv/ClearCostmapExceptRegion.srv
[417.095s] -- Installing: /home/cricchetto/Robomaster_WS/install/nav2_msgs/share/nav2_msgs/srv/ClearCostmapExceptRegion_Request.msg
[417.097s] -- Installing: /home/cricchetto/Robomaster_WS/install/nav2_msgs/share/nav2_msgs/srv/ClearCostmapExceptRegion_Response.msg
[417.099s] -- Installing: /home/cricchetto/Robomaster_WS/install/nav2_msgs/share/nav2_msgs/srv/ClearCostmapAroundRobot.srv
[417.100s] -- Installing: /home/cricchetto/Robomaster_WS/install/nav2_msgs/share/nav2_msgs/srv/ClearCostmapAroundRobot_Request.msg
[417.102s] -- Installing: /home/cricchetto/Robomaster_WS/install/nav2_msgs/share/nav2_msgs/srv/ClearCostmapAroundRobot_Response.msg
[417.104s] -- Installing: /home/cricchetto/Robomaster_WS/install/nav2_msgs/share/nav2_msgs/srv/ClearEntireCostmap.srv
[417.105s] -- Installing: /home/cricchetto/Robomaster_WS/install/nav2_msgs/share/nav2_msgs/srv/ClearEntireCostmap_Request.msg
[417.107s] -- Installing: /home/cricchetto/Robomaster_WS/install/nav2_msgs/share/nav2_msgs/srv/ClearEntireCostmap_Response.msg
[417.108s] -- Installing: /home/cricchetto/Robomaster_WS/install/nav2_msgs/share/nav2_msgs/srv/DynamicEdges.srv
[417.110s] -- Installing: /home/cricchetto/Robomaster_WS/install/nav2_msgs/share/nav2_msgs/srv/DynamicEdges_Request.msg
[417.112s] -- Installing: /home/cricchetto/Robomaster_WS/install/nav2_msgs/share/nav2_msgs/srv/DynamicEdges_Response.msg
[417.114s] -- Installing: /home/cricchetto/Robomaster_WS/install/nav2_msgs/share/nav2_msgs/srv/ManageLifecycleNodes.srv
[417.115s] -- Installing: /home/cricchetto/Robomaster_WS/install/nav2_msgs/share/nav2_msgs/srv/ManageLifecycleNodes_Request.msg
[417.117s] -- Installing: /home/cricchetto/Robomaster_WS/install/nav2_msgs/share/nav2_msgs/srv/ManageLifecycleNodes_Response.msg
[417.118s] -- Installing: /home/cricchetto/Robomaster_WS/install/nav2_msgs/share/nav2_msgs/srv/LoadMap.srv
[417.120s] -- Installing: /home/cricchetto/Robomaster_WS/install/nav2_msgs/share/nav2_msgs/srv/LoadMap_Request.msg
[417.121s] -- Installing: /home/cricchetto/Robomaster_WS/install/nav2_msgs/share/nav2_msgs/srv/LoadMap_Response.msg
[417.123s] -- Installing: /home/cricchetto/Robomaster_WS/install/nav2_msgs/share/nav2_msgs/srv/SaveMap.srv
[417.124s] -- Installing: /home/cricchetto/Robomaster_WS/install/nav2_msgs/share/nav2_msgs/srv/SaveMap_Request.msg
[417.126s] -- Installing: /home/cricchetto/Robomaster_WS/install/nav2_msgs/share/nav2_msgs/srv/SaveMap_Response.msg
[417.127s] -- Installing: /home/cricchetto/Robomaster_WS/install/nav2_msgs/share/nav2_msgs/srv/SetInitialPose.srv
[417.129s] -- Installing: /home/cricchetto/Robomaster_WS/install/nav2_msgs/share/nav2_msgs/srv/SetInitialPose_Request.msg
[417.130s] -- Installing: /home/cricchetto/Robomaster_WS/install/nav2_msgs/share/nav2_msgs/srv/SetInitialPose_Response.msg
[417.132s] -- Installing: /home/cricchetto/Robomaster_WS/install/nav2_msgs/share/nav2_msgs/srv/SetRouteGraph.srv
[417.133s] -- Installing: /home/cricchetto/Robomaster_WS/install/nav2_msgs/share/nav2_msgs/srv/SetRouteGraph_Request.msg
[417.135s] -- Installing: /home/cricchetto/Robomaster_WS/install/nav2_msgs/share/nav2_msgs/srv/SetRouteGraph_Response.msg
[417.137s] -- Installing: /home/cricchetto/Robomaster_WS/install/nav2_msgs/share/nav2_msgs/action/AssistedTeleop.action
[417.138s] -- Installing: /home/cricchetto/Robomaster_WS/install/nav2_msgs/share/nav2_msgs/action/BackUp.action
[417.140s] -- Installing: /home/cricchetto/Robomaster_WS/install/nav2_msgs/share/nav2_msgs/action/ComputePathToPose.action
[417.141s] -- Installing: /home/cricchetto/Robomaster_WS/install/nav2_msgs/share/nav2_msgs/action/ComputePathThroughPoses.action
[417.143s] -- Installing: /home/cricchetto/Robomaster_WS/install/nav2_msgs/share/nav2_msgs/action/ComputeRoute.action
[417.144s] -- Installing: /home/cricchetto/Robomaster_WS/install/nav2_msgs/share/nav2_msgs/action/ComputeAndTrackRoute.action
[417.146s] -- Installing: /home/cricchetto/Robomaster_WS/install/nav2_msgs/share/nav2_msgs/action/DriveOnHeading.action
[417.148s] -- Installing: /home/cricchetto/Robomaster_WS/install/nav2_msgs/share/nav2_msgs/action/SmoothPath.action
[417.149s] -- Installing: /home/cricchetto/Robomaster_WS/install/nav2_msgs/share/nav2_msgs/action/FollowPath.action
[417.151s] -- Installing: /home/cricchetto/Robomaster_WS/install/nav2_msgs/share/nav2_msgs/action/NavigateToPose.action
[417.152s] -- Installing: /home/cricchetto/Robomaster_WS/install/nav2_msgs/share/nav2_msgs/action/NavigateThroughPoses.action
[417.154s] -- Installing: /home/cricchetto/Robomaster_WS/install/nav2_msgs/share/nav2_msgs/action/Wait.action
[417.155s] -- Installing: /home/cricchetto/Robomaster_WS/install/nav2_msgs/share/nav2_msgs/action/Spin.action
[417.157s] -- Installing: /home/cricchetto/Robomaster_WS/install/nav2_msgs/share/nav2_msgs/action/DummyBehavior.action
[417.158s] -- Installing: /home/cricchetto/Robomaster_WS/install/nav2_msgs/share/nav2_msgs/action/FollowWaypoints.action
[417.160s] -- Installing: /home/cricchetto/Robomaster_WS/install/nav2_msgs/share/ament_index/resource_index/package_run_dependencies/nav2_msgs
[417.162s] -- Installing: /home/cricchetto/Robomaster_WS/install/nav2_msgs/share/ament_index/resource_index/parent_prefix_path/nav2_msgs
[417.164s] -- Installing: /home/cricchetto/Robomaster_WS/install/nav2_msgs/share/nav2_msgs/environment/ament_prefix_path.sh
[417.166s] -- Installing: /home/cricchetto/Robomaster_WS/install/nav2_msgs/share/nav2_msgs/environment/ament_prefix_path.dsv
[417.167s] -- Installing: /home/cricchetto/Robomaster_WS/install/nav2_msgs/share/nav2_msgs/environment/path.sh
[417.169s] -- Installing: /home/cricchetto/Robomaster_WS/install/nav2_msgs/share/nav2_msgs/environment/path.dsv
[417.170s] -- Installing: /home/cricchetto/Robomaster_WS/install/nav2_msgs/share/nav2_msgs/local_setup.bash
[417.172s] -- Installing: /home/cricchetto/Robomaster_WS/install/nav2_msgs/share/nav2_msgs/local_setup.sh
[417.174s] -- Installing: /home/cricchetto/Robomaster_WS/install/nav2_msgs/share/nav2_msgs/local_setup.zsh
[417.175s] -- Installing: /home/cricchetto/Robomaster_WS/install/nav2_msgs/share/nav2_msgs/local_setup.dsv
[417.177s] -- Installing: /home/cricchetto/Robomaster_WS/install/nav2_msgs/share/nav2_msgs/package.dsv
[417.178s] -- Installing: /home/cricchetto/Robomaster_WS/install/nav2_msgs/share/ament_index/resource_index/packages/nav2_msgs
[417.180s] -- Installing: /home/cricchetto/Robomaster_WS/install/nav2_msgs/share/nav2_msgs/cmake/export_nav2_msgs__rosidl_generator_cExport.cmake
[417.182s] -- Installing: /home/cricchetto/Robomaster_WS/install/nav2_msgs/share/nav2_msgs/cmake/export_nav2_msgs__rosidl_generator_cExport-release.cmake
[417.184s] -- Installing: /home/cricchetto/Robomaster_WS/install/nav2_msgs/share/nav2_msgs/cmake/export_nav2_msgs__rosidl_typesupport_fastrtps_cExport.cmake
[417.186s] -- Installing: /home/cricchetto/Robomaster_WS/install/nav2_msgs/share/nav2_msgs/cmake/export_nav2_msgs__rosidl_typesupport_fastrtps_cExport-release.cmake
[417.188s] -- Installing: /home/cricchetto/Robomaster_WS/install/nav2_msgs/share/nav2_msgs/cmake/export_nav2_msgs__rosidl_generator_cppExport.cmake
[417.190s] -- Installing: /home/cricchetto/Robomaster_WS/install/nav2_msgs/share/nav2_msgs/cmake/export_nav2_msgs__rosidl_typesupport_fastrtps_cppExport.cmake
[417.191s] -- Installing: /home/cricchetto/Robomaster_WS/install/nav2_msgs/share/nav2_msgs/cmake/export_nav2_msgs__rosidl_typesupport_fastrtps_cppExport-release.cmake
[417.193s] -- Installing: /home/cricchetto/Robomaster_WS/install/nav2_msgs/share/nav2_msgs/cmake/nav2_msgs__rosidl_typesupport_introspection_cExport.cmake
[417.195s] -- Installing: /home/cricchetto/Robomaster_WS/install/nav2_msgs/share/nav2_msgs/cmake/nav2_msgs__rosidl_typesupport_introspection_cExport-release.cmake
[417.197s] -- Installing: /home/cricchetto/Robomaster_WS/install/nav2_msgs/share/nav2_msgs/cmake/nav2_msgs__rosidl_typesupport_cExport.cmake
[417.199s] -- Installing: /home/cricchetto/Robomaster_WS/install/nav2_msgs/share/nav2_msgs/cmake/nav2_msgs__rosidl_typesupport_cExport-release.cmake
[417.201s] -- Installing: /home/cricchetto/Robomaster_WS/install/nav2_msgs/share/nav2_msgs/cmake/nav2_msgs__rosidl_typesupport_introspection_cppExport.cmake
[417.203s] -- Installing: /home/cricchetto/Robomaster_WS/install/nav2_msgs/share/nav2_msgs/cmake/nav2_msgs__rosidl_typesupport_introspection_cppExport-release.cmake
[417.205s] -- Installing: /home/cricchetto/Robomaster_WS/install/nav2_msgs/share/nav2_msgs/cmake/nav2_msgs__rosidl_typesupport_cppExport.cmake
[417.206s] -- Installing: /home/cricchetto/Robomaster_WS/install/nav2_msgs/share/nav2_msgs/cmake/nav2_msgs__rosidl_typesupport_cppExport-release.cmake
[417.208s] -- Installing: /home/cricchetto/Robomaster_WS/install/nav2_msgs/share/nav2_msgs/cmake/export_nav2_msgs__rosidl_generator_pyExport.cmake
[417.210s] -- Installing: /home/cricchetto/Robomaster_WS/install/nav2_msgs/share/nav2_msgs/cmake/export_nav2_msgs__rosidl_generator_pyExport-release.cmake
[417.212s] -- Installing: /home/cricchetto/Robomaster_WS/install/nav2_msgs/share/nav2_msgs/cmake/rosidl_cmake-extras.cmake
[417.213s] -- Installing: /home/cricchetto/Robomaster_WS/install/nav2_msgs/share/nav2_msgs/cmake/ament_cmake_export_dependencies-extras.cmake
[417.215s] -- Installing: /home/cricchetto/Robomaster_WS/install/nav2_msgs/share/nav2_msgs/cmake/ament_cmake_export_include_directories-extras.cmake
[417.217s] -- Installing: /home/cricchetto/Robomaster_WS/install/nav2_msgs/share/nav2_msgs/cmake/ament_cmake_export_libraries-extras.cmake
[417.219s] -- Installing: /home/cricchetto/Robomaster_WS/install/nav2_msgs/share/nav2_msgs/cmake/ament_cmake_export_targets-extras.cmake
[417.221s] -- Installing: /home/cricchetto/Robomaster_WS/install/nav2_msgs/share/nav2_msgs/cmake/rosidl_cmake_export_typesupport_targets-extras.cmake
[417.222s] -- Installing: /home/cricchetto/Robomaster_WS/install/nav2_msgs/share/nav2_msgs/cmake/rosidl_cmake_export_typesupport_libraries-extras.cmake
[417.224s] -- Installing: /home/cricchetto/Robomaster_WS/install/nav2_msgs/share/nav2_msgs/cmake/nav2_msgsConfig.cmake
[417.225s] -- Installing: /home/cricchetto/Robomaster_WS/install/nav2_msgs/share/nav2_msgs/cmake/nav2_msgsConfig-version.cmake
[417.226s] -- Installing: /home/cricchetto/Robomaster_WS/install/nav2_msgs/share/nav2_msgs/package.xml
[417.236s] Invoked command in '/home/cricchetto/Robomaster_WS/build/nav2_msgs' returned '0': AMENT_PREFIX_PATH=/home/cricchetto/Robomaster_WS/install/nav2_common:${AMENT_PREFIX_PATH} CMAKE_PREFIX_PATH=/home/cricchetto/Robomaster_WS/install/nav2_common:/home/cricchetto/Robomaster_WS/install/sllidar_ros2:/home/cricchetto/Robomaster_WS/install/robomaster_msgs:/home/cricchetto/Robomaster_WS/install/robomaster_description:/home/cricchetto/Robomaster_WS/install/multirobot_map_merge:/home/cricchetto/Robomaster_WS/install/explore_lite:/home/cricchetto/Robomaster_WS/install/robomaster_ros:/home/cricchetto/Robomaster_WS/install/ep_control:/home/cricchetto/Robomaster_WS/install/drift:/opt/ros/humble PYTHONPATH=/home/cricchetto/Robomaster_WS/install/nav2_common/local/lib/python3.10/dist-packages:${PYTHONPATH} /usr/bin/cmake --install /home/cricchetto/Robomaster_WS/build/nav2_msgs
