[0.000000] (-) TimerEvent: {}
[0.002197] (drift) JobQueued: {'identifier': 'drift', 'dependencies': OrderedDict()}
[0.002348] (ep_control) JobQueued: {'identifier': 'ep_control', 'dependencies': OrderedDict()}
[0.002443] (explore_lite) JobQueued: {'identifier': 'explore_lite', 'dependencies': OrderedDict()}
[0.002531] (multirobot_map_merge) JobQueued: {'identifier': 'multirobot_map_merge', 'dependencies': OrderedDict()}
[0.002615] (robomaster_description) JobQueued: {'identifier': 'robomaster_description', 'dependencies': OrderedDict()}
[0.002701] (robomaster_msgs) JobQueued: {'identifier': 'robomaster_msgs', 'dependencies': OrderedDict()}
[0.002783] (sllidar_ros2) JobQueued: {'identifier': 'sllidar_ros2', 'dependencies': OrderedDict()}
[0.002864] (robomaster_ros) JobQueued: {'identifier': 'robomaster_ros', 'dependencies': OrderedDict([('robomaster_msgs', '/home/cricchetto/Robomaster_WS/install/robomaster_msgs')])}
[0.002957] (robomaster_msgs) JobStarted: {'identifier': 'robomaster_msgs'}
[0.028620] (drift) JobStarted: {'identifier': 'drift'}
[0.053424] (ep_control) JobStarted: {'identifier': 'ep_control'}
[0.076660] (explore_lite) JobStarted: {'identifier': 'explore_lite'}
[0.098865] (-) TimerEvent: {}
[0.099996] (robomaster_msgs) JobProgress: {'identifier': 'robomaster_msgs', 'progress': 'cmake'}
[0.101999] (robomaster_msgs) Command: {'cmd': ['/usr/bin/cmake', '/home/cricchetto/Robomaster_WS/src/robomaster_ros/robomaster_msgs', '-DCMAKE_INSTALL_PREFIX=/home/cricchetto/Robomaster_WS/install/robomaster_msgs'], 'cwd': '/home/cricchetto/Robomaster_WS/build/robomaster_msgs', 'env': OrderedDict([('LESSOPEN', '| /usr/bin/lesspipe %s'), ('USER', 'cricchetto'), ('SSH_CLIENT', '172.18.147.201 42814 22'), ('LC_TIME', 'es_AR.UTF-8'), ('XDG_SESSION_TYPE', 'tty'), ('SHLVL', '1'), ('LD_LIBRARY_PATH', '/opt/ros/humble/opt/rviz_ogre_vendor/lib:/opt/ros/humble/lib/aarch64-linux-gnu:/opt/ros/humble/lib'), ('MOTD_SHOWN', 'pam'), ('HOME', '/home/cricchetto'), ('OLDPWD', '/home/cricchetto/Robomaster_WS/src'), ('SSH_TTY', '/dev/pts/0'), ('ROS_PYTHON_VERSION', '3'), ('LC_MONETARY', 'es_AR.UTF-8'), ('DBUS_SESSION_BUS_ADDRESS', 'unix:path=/run/user/1000/bus'), ('ROS_DISTRO', 'humble'), ('LOGNAME', 'cricchetto'), ('_', '/usr/bin/colcon'), ('ROS_VERSION', '2'), ('XDG_SESSION_CLASS', 'user'), ('TERM', 'xterm-256color'), ('XDG_SESSION_ID', '1'), ('ROS_LOCALHOST_ONLY', '0'), ('PATH', '/opt/ros/humble/bin:/usr/local/sbin:/usr/local/bin:/usr/sbin:/usr/bin:/sbin:/bin:/usr/games:/usr/local/games:/snap/bin'), ('LC_ADDRESS', 'es_AR.UTF-8'), ('XDG_RUNTIME_DIR', '/run/user/1000'), ('DISPLAY', 'localhost:10.0'), ('LANG', 'en_US.UTF-8'), ('LC_TELEPHONE', 'es_AR.UTF-8'), ('LS_COLORS', 'rs=0:di=01;34:ln=01;36:mh=00:pi=40;33:so=01;35:do=01;35:bd=40;33;01:cd=40;33;01:or=40;31;01:mi=00:su=37;41:sg=30;43:ca=30;41:tw=30;42:ow=34;42:st=37;44:ex=01;32:*.tar=01;31:*.tgz=01;31:*.arc=01;31:*.arj=01;31:*.taz=01;31:*.lha=01;31:*.lz4=01;31:*.lzh=01;31:*.lzma=01;31:*.tlz=01;31:*.txz=01;31:*.tzo=01;31:*.t7z=01;31:*.zip=01;31:*.z=01;31:*.dz=01;31:*.gz=01;31:*.lrz=01;31:*.lz=01;31:*.lzo=01;31:*.xz=01;31:*.zst=01;31:*.tzst=01;31:*.bz2=01;31:*.bz=01;31:*.tbz=01;31:*.tbz2=01;31:*.tz=01;31:*.deb=01;31:*.rpm=01;31:*.jar=01;31:*.war=01;31:*.ear=01;31:*.sar=01;31:*.rar=01;31:*.alz=01;31:*.ace=01;31:*.zoo=01;31:*.cpio=01;31:*.7z=01;31:*.rz=01;31:*.cab=01;31:*.wim=01;31:*.swm=01;31:*.dwm=01;31:*.esd=01;31:*.jpg=01;35:*.jpeg=01;35:*.mjpg=01;35:*.mjpeg=01;35:*.gif=01;35:*.bmp=01;35:*.pbm=01;35:*.pgm=01;35:*.ppm=01;35:*.tga=01;35:*.xbm=01;35:*.xpm=01;35:*.tif=01;35:*.tiff=01;35:*.png=01;35:*.svg=01;35:*.svgz=01;35:*.mng=01;35:*.pcx=01;35:*.mov=01;35:*.mpg=01;35:*.mpeg=01;35:*.m2v=01;35:*.mkv=01;35:*.webm=01;35:*.webp=01;35:*.ogm=01;35:*.mp4=01;35:*.m4v=01;35:*.mp4v=01;35:*.vob=01;35:*.qt=01;35:*.nuv=01;35:*.wmv=01;35:*.asf=01;35:*.rm=01;35:*.rmvb=01;35:*.flc=01;35:*.avi=01;35:*.fli=01;35:*.flv=01;35:*.gl=01;35:*.dl=01;35:*.xcf=01;35:*.xwd=01;35:*.yuv=01;35:*.cgm=01;35:*.emf=01;35:*.ogv=01;35:*.ogx=01;35:*.aac=00;36:*.au=00;36:*.flac=00;36:*.m4a=00;36:*.mid=00;36:*.midi=00;36:*.mka=00;36:*.mp3=00;36:*.mpc=00;36:*.ogg=00;36:*.ra=00;36:*.wav=00;36:*.oga=00;36:*.opus=00;36:*.spx=00;36:*.xspf=00;36:'), ('AMENT_PREFIX_PATH', '/opt/ros/humble'), ('SHELL', '/bin/bash'), ('LC_NAME', 'es_AR.UTF-8'), ('LESSCLOSE', '/usr/bin/lesspipe %s %s'), ('LC_MEASUREMENT', 'es_AR.UTF-8'), ('LC_IDENTIFICATION', 'es_AR.UTF-8'), ('PWD', '/home/cricchetto/Robomaster_WS/build/robomaster_msgs'), ('LC_ALL', 'en_US.UTF-8'), ('SSH_CONNECTION', '172.18.147.201 42814 172.18.147.143 22'), ('XDG_DATA_DIRS', '/usr/local/share:/usr/share:/var/lib/snapd/desktop'), ('PYTHONPATH', '/opt/ros/humble/lib/python3.10/site-packages:/opt/ros/humble/local/lib/python3.10/dist-packages'), ('LC_NUMERIC', 'es_AR.UTF-8'), ('LC_PAPER', 'es_AR.UTF-8'), ('COLCON', '1'), ('CMAKE_PREFIX_PATH', '/opt/ros/humble')]), 'shell': False}
[0.199123] (-) TimerEvent: {}
[0.300916] (-) TimerEvent: {}
[0.401700] (-) TimerEvent: {}
[0.502391] (-) TimerEvent: {}
[0.603032] (-) TimerEvent: {}
[0.703706] (-) TimerEvent: {}
[0.804335] (-) TimerEvent: {}
[0.905036] (-) TimerEvent: {}
[1.006094] (-) TimerEvent: {}
[1.107127] (-) TimerEvent: {}
[1.208114] (-) TimerEvent: {}
[1.309167] (-) TimerEvent: {}
[1.409964] (-) TimerEvent: {}
[1.510851] (-) TimerEvent: {}
[1.611732] (-) TimerEvent: {}
[1.712653] (-) TimerEvent: {}
[1.813500] (-) TimerEvent: {}
[1.914452] (-) TimerEvent: {}
[2.015215] (-) TimerEvent: {}
[2.116017] (-) TimerEvent: {}
[2.216906] (-) TimerEvent: {}
[2.317723] (-) TimerEvent: {}
[2.418645] (-) TimerEvent: {}
[2.494889] (robomaster_msgs) StdoutLine: {'line': b'-- The C compiler identification is GNU 11.4.0\n'}
[2.498207] (robomaster_msgs) StdoutLine: {'line': b'-- The CXX compiler identification is GNU 11.4.0\n'}
[2.501463] (robomaster_msgs) StdoutLine: {'line': b'-- Detecting C compiler ABI info\n'}
[2.502791] (robomaster_msgs) StdoutLine: {'line': b'-- Detecting C compiler ABI info - done\n'}
[2.503518] (robomaster_msgs) StdoutLine: {'line': b'-- Check for working C compiler: /usr/bin/cc - skipped\n'}
[2.504520] (robomaster_msgs) StdoutLine: {'line': b'-- Detecting C compile features\n'}
[2.505215] (robomaster_msgs) StdoutLine: {'line': b'-- Detecting C compile features - done\n'}
[2.505892] (robomaster_msgs) StdoutLine: {'line': b'-- Detecting CXX compiler ABI info\n'}
[2.506687] (robomaster_msgs) StdoutLine: {'line': b'-- Detecting CXX compiler ABI info - done\n'}
[2.507250] (robomaster_msgs) StdoutLine: {'line': b'-- Check for working CXX compiler: /usr/bin/c++ - skipped\n'}
[2.507720] (robomaster_msgs) StdoutLine: {'line': b'-- Detecting CXX compile features\n'}
[2.508239] (robomaster_msgs) StdoutLine: {'line': b'-- Detecting CXX compile features - done\n'}
[2.508639] (robomaster_msgs) StdoutLine: {'line': b'-- Found ament_cmake: 1.3.12 (/opt/ros/humble/share/ament_cmake/cmake)\n'}
[2.513636] (explore_lite) JobProgress: {'identifier': 'explore_lite', 'progress': 'cmake'}
[2.514288] (explore_lite) Command: {'cmd': ['/usr/bin/cmake', '/home/cricchetto/Robomaster_WS/src/m-explore-ros2/explore', '-DCMAKE_INSTALL_PREFIX=/home/cricchetto/Robomaster_WS/install/explore_lite'], 'cwd': '/home/cricchetto/Robomaster_WS/build/explore_lite', 'env': OrderedDict([('LESSOPEN', '| /usr/bin/lesspipe %s'), ('USER', 'cricchetto'), ('SSH_CLIENT', '172.18.147.201 42814 22'), ('LC_TIME', 'es_AR.UTF-8'), ('XDG_SESSION_TYPE', 'tty'), ('SHLVL', '1'), ('LD_LIBRARY_PATH', '/opt/ros/humble/opt/rviz_ogre_vendor/lib:/opt/ros/humble/lib/aarch64-linux-gnu:/opt/ros/humble/lib'), ('MOTD_SHOWN', 'pam'), ('HOME', '/home/cricchetto'), ('OLDPWD', '/home/cricchetto/Robomaster_WS/src'), ('SSH_TTY', '/dev/pts/0'), ('ROS_PYTHON_VERSION', '3'), ('LC_MONETARY', 'es_AR.UTF-8'), ('DBUS_SESSION_BUS_ADDRESS', 'unix:path=/run/user/1000/bus'), ('ROS_DISTRO', 'humble'), ('LOGNAME', 'cricchetto'), ('_', '/usr/bin/colcon'), ('ROS_VERSION', '2'), ('XDG_SESSION_CLASS', 'user'), ('TERM', 'xterm-256color'), ('XDG_SESSION_ID', '1'), ('ROS_LOCALHOST_ONLY', '0'), ('PATH', '/opt/ros/humble/bin:/usr/local/sbin:/usr/local/bin:/usr/sbin:/usr/bin:/sbin:/bin:/usr/games:/usr/local/games:/snap/bin'), ('LC_ADDRESS', 'es_AR.UTF-8'), ('XDG_RUNTIME_DIR', '/run/user/1000'), ('DISPLAY', 'localhost:10.0'), ('LANG', 'en_US.UTF-8'), ('LC_TELEPHONE', 'es_AR.UTF-8'), ('LS_COLORS', 'rs=0:di=01;34:ln=01;36:mh=00:pi=40;33:so=01;35:do=01;35:bd=40;33;01:cd=40;33;01:or=40;31;01:mi=00:su=37;41:sg=30;43:ca=30;41:tw=30;42:ow=34;42:st=37;44:ex=01;32:*.tar=01;31:*.tgz=01;31:*.arc=01;31:*.arj=01;31:*.taz=01;31:*.lha=01;31:*.lz4=01;31:*.lzh=01;31:*.lzma=01;31:*.tlz=01;31:*.txz=01;31:*.tzo=01;31:*.t7z=01;31:*.zip=01;31:*.z=01;31:*.dz=01;31:*.gz=01;31:*.lrz=01;31:*.lz=01;31:*.lzo=01;31:*.xz=01;31:*.zst=01;31:*.tzst=01;31:*.bz2=01;31:*.bz=01;31:*.tbz=01;31:*.tbz2=01;31:*.tz=01;31:*.deb=01;31:*.rpm=01;31:*.jar=01;31:*.war=01;31:*.ear=01;31:*.sar=01;31:*.rar=01;31:*.alz=01;31:*.ace=01;31:*.zoo=01;31:*.cpio=01;31:*.7z=01;31:*.rz=01;31:*.cab=01;31:*.wim=01;31:*.swm=01;31:*.dwm=01;31:*.esd=01;31:*.jpg=01;35:*.jpeg=01;35:*.mjpg=01;35:*.mjpeg=01;35:*.gif=01;35:*.bmp=01;35:*.pbm=01;35:*.pgm=01;35:*.ppm=01;35:*.tga=01;35:*.xbm=01;35:*.xpm=01;35:*.tif=01;35:*.tiff=01;35:*.png=01;35:*.svg=01;35:*.svgz=01;35:*.mng=01;35:*.pcx=01;35:*.mov=01;35:*.mpg=01;35:*.mpeg=01;35:*.m2v=01;35:*.mkv=01;35:*.webm=01;35:*.webp=01;35:*.ogm=01;35:*.mp4=01;35:*.m4v=01;35:*.mp4v=01;35:*.vob=01;35:*.qt=01;35:*.nuv=01;35:*.wmv=01;35:*.asf=01;35:*.rm=01;35:*.rmvb=01;35:*.flc=01;35:*.avi=01;35:*.fli=01;35:*.flv=01;35:*.gl=01;35:*.dl=01;35:*.xcf=01;35:*.xwd=01;35:*.yuv=01;35:*.cgm=01;35:*.emf=01;35:*.ogv=01;35:*.ogx=01;35:*.aac=00;36:*.au=00;36:*.flac=00;36:*.m4a=00;36:*.mid=00;36:*.midi=00;36:*.mka=00;36:*.mp3=00;36:*.mpc=00;36:*.ogg=00;36:*.ra=00;36:*.wav=00;36:*.oga=00;36:*.opus=00;36:*.spx=00;36:*.xspf=00;36:'), ('AMENT_PREFIX_PATH', '/opt/ros/humble'), ('SHELL', '/bin/bash'), ('LC_NAME', 'es_AR.UTF-8'), ('LESSCLOSE', '/usr/bin/lesspipe %s %s'), ('LC_MEASUREMENT', 'es_AR.UTF-8'), ('LC_IDENTIFICATION', 'es_AR.UTF-8'), ('PWD', '/home/cricchetto/Robomaster_WS/build/explore_lite'), ('LC_ALL', 'en_US.UTF-8'), ('SSH_CONNECTION', '172.18.147.201 42814 172.18.147.143 22'), ('XDG_DATA_DIRS', '/usr/local/share:/usr/share:/var/lib/snapd/desktop'), ('PYTHONPATH', '/opt/ros/humble/lib/python3.10/site-packages:/opt/ros/humble/local/lib/python3.10/dist-packages'), ('LC_NUMERIC', 'es_AR.UTF-8'), ('LC_PAPER', 'es_AR.UTF-8'), ('COLCON', '1'), ('CMAKE_PREFIX_PATH', '/opt/ros/humble')]), 'shell': False}
[2.520599] (-) TimerEvent: {}
[2.623637] (-) TimerEvent: {}
[2.725292] (-) TimerEvent: {}
[2.742107] (robomaster_msgs) StdoutLine: {'line': b'-- Found Python3: /usr/bin/python3 (found version "3.10.12") found components: Interpreter \n'}
[2.825587] (-) TimerEvent: {}
[2.873063] (explore_lite) StdoutLine: {'line': b'-- The C compiler identification is GNU 11.4.0\n'}
[2.925801] (-) TimerEvent: {}
[3.026677] (-) TimerEvent: {}
[3.127926] (-) TimerEvent: {}
[3.209966] (explore_lite) StdoutLine: {'line': b'-- The CXX compiler identification is GNU 11.4.0\n'}
[3.228057] (-) TimerEvent: {}
[3.250797] (explore_lite) StdoutLine: {'line': b'-- Detecting C compiler ABI info\n'}
[3.328280] (-) TimerEvent: {}
[3.429793] (-) TimerEvent: {}
[3.468783] (robomaster_msgs) StdoutLine: {'line': b'-- Found ament_lint_auto: 0.12.14 (/opt/ros/humble/share/ament_lint_auto/cmake)\n'}
[3.530037] (-) TimerEvent: {}
[3.629123] (explore_lite) StdoutLine: {'line': b'-- Detecting C compiler ABI info - done\n'}
[3.630198] (-) TimerEvent: {}
[3.659076] (explore_lite) StdoutLine: {'line': b'-- Check for working C compiler: /usr/bin/cc - skipped\n'}
[3.662026] (explore_lite) StdoutLine: {'line': b'-- Detecting C compile features\n'}
[3.665163] (explore_lite) StdoutLine: {'line': b'-- Detecting C compile features - done\n'}
[3.683110] (explore_lite) StdoutLine: {'line': b'-- Detecting CXX compiler ABI info\n'}
[3.730407] (-) TimerEvent: {}
[3.832193] (-) TimerEvent: {}
[3.934475] (-) TimerEvent: {}
[4.035916] (-) TimerEvent: {}
[4.080506] (robomaster_msgs) StdoutLine: {'line': b'-- Found rosidl_default_generators: 1.2.0 (/opt/ros/humble/share/rosidl_default_generators/cmake)\n'}
[4.109772] (robomaster_msgs) StdoutLine: {'line': b'-- Using all available rosidl_typesupport_c: rosidl_typesupport_fastrtps_c;rosidl_typesupport_introspection_c\n'}
[4.130702] (explore_lite) StdoutLine: {'line': b'-- Detecting CXX compiler ABI info - done\n'}
[4.136073] (-) TimerEvent: {}
[4.162720] (explore_lite) StdoutLine: {'line': b'-- Check for working CXX compiler: /usr/bin/c++ - skipped\n'}
[4.165195] (explore_lite) StdoutLine: {'line': b'-- Detecting CXX compile features\n'}
[4.168359] (explore_lite) StdoutLine: {'line': b'-- Detecting CXX compile features - done\n'}
[4.174078] (explore_lite) StdoutLine: {'line': b'-- BuilD for ROS2: humble\n'}
[4.179729] (robomaster_msgs) StdoutLine: {'line': b'-- Found rosidl_adapter: 3.1.7 (/opt/ros/humble/share/rosidl_adapter/cmake)\n'}
[4.200667] (explore_lite) StdoutLine: {'line': b'-- Found ament_cmake: 1.3.12 (/opt/ros/humble/share/ament_cmake/cmake)\n'}
[4.236302] (-) TimerEvent: {}
[4.337850] (-) TimerEvent: {}
[4.439246] (-) TimerEvent: {}
[4.541119] (-) TimerEvent: {}
[4.550523] (robomaster_msgs) StdoutLine: {'line': b'-- Using all available rosidl_typesupport_cpp: rosidl_typesupport_fastrtps_cpp;rosidl_typesupport_introspection_cpp\n'}
[4.641616] (-) TimerEvent: {}
[4.731362] (drift) Command: {'cmd': ['/usr/bin/python3', '-W', 'ignore:setup.py install is deprecated', '-W', 'ignore:easy_install command is deprecated', 'setup.py', 'egg_info', '--egg-base', '../../build/drift', 'build', '--build-base', '/home/cricchetto/Robomaster_WS/build/drift/build', 'install', '--record', '/home/cricchetto/Robomaster_WS/build/drift/install.log', '--single-version-externally-managed', 'install_data'], 'cwd': '/home/cricchetto/Robomaster_WS/src/drift', 'env': {'LESSOPEN': '| /usr/bin/lesspipe %s', 'USER': 'cricchetto', 'SSH_CLIENT': '172.18.147.201 42814 22', 'LC_TIME': 'es_AR.UTF-8', 'XDG_SESSION_TYPE': 'tty', 'SHLVL': '1', 'LD_LIBRARY_PATH': '/opt/ros/humble/opt/rviz_ogre_vendor/lib:/opt/ros/humble/lib/aarch64-linux-gnu:/opt/ros/humble/lib', 'MOTD_SHOWN': 'pam', 'HOME': '/home/cricchetto', 'OLDPWD': '/home/cricchetto/Robomaster_WS/src', 'SSH_TTY': '/dev/pts/0', 'ROS_PYTHON_VERSION': '3', 'LC_MONETARY': 'es_AR.UTF-8', 'DBUS_SESSION_BUS_ADDRESS': 'unix:path=/run/user/1000/bus', 'ROS_DISTRO': 'humble', 'LOGNAME': 'cricchetto', '_': '/usr/bin/colcon', 'ROS_VERSION': '2', 'XDG_SESSION_CLASS': 'user', 'TERM': 'xterm-256color', 'XDG_SESSION_ID': '1', 'ROS_LOCALHOST_ONLY': '0', 'PATH': '/opt/ros/humble/bin:/usr/local/sbin:/usr/local/bin:/usr/sbin:/usr/bin:/sbin:/bin:/usr/games:/usr/local/games:/snap/bin', 'LC_ADDRESS': 'es_AR.UTF-8', 'XDG_RUNTIME_DIR': '/run/user/1000', 'DISPLAY': 'localhost:10.0', 'LANG': 'en_US.UTF-8', 'LC_TELEPHONE': 'es_AR.UTF-8', 'LS_COLORS': 'rs=0:di=01;34:ln=01;36:mh=00:pi=40;33:so=01;35:do=01;35:bd=40;33;01:cd=40;33;01:or=40;31;01:mi=00:su=37;41:sg=30;43:ca=30;41:tw=30;42:ow=34;42:st=37;44:ex=01;32:*.tar=01;31:*.tgz=01;31:*.arc=01;31:*.arj=01;31:*.taz=01;31:*.lha=01;31:*.lz4=01;31:*.lzh=01;31:*.lzma=01;31:*.tlz=01;31:*.txz=01;31:*.tzo=01;31:*.t7z=01;31:*.zip=01;31:*.z=01;31:*.dz=01;31:*.gz=01;31:*.lrz=01;31:*.lz=01;31:*.lzo=01;31:*.xz=01;31:*.zst=01;31:*.tzst=01;31:*.bz2=01;31:*.bz=01;31:*.tbz=01;31:*.tbz2=01;31:*.tz=01;31:*.deb=01;31:*.rpm=01;31:*.jar=01;31:*.war=01;31:*.ear=01;31:*.sar=01;31:*.rar=01;31:*.alz=01;31:*.ace=01;31:*.zoo=01;31:*.cpio=01;31:*.7z=01;31:*.rz=01;31:*.cab=01;31:*.wim=01;31:*.swm=01;31:*.dwm=01;31:*.esd=01;31:*.jpg=01;35:*.jpeg=01;35:*.mjpg=01;35:*.mjpeg=01;35:*.gif=01;35:*.bmp=01;35:*.pbm=01;35:*.pgm=01;35:*.ppm=01;35:*.tga=01;35:*.xbm=01;35:*.xpm=01;35:*.tif=01;35:*.tiff=01;35:*.png=01;35:*.svg=01;35:*.svgz=01;35:*.mng=01;35:*.pcx=01;35:*.mov=01;35:*.mpg=01;35:*.mpeg=01;35:*.m2v=01;35:*.mkv=01;35:*.webm=01;35:*.webp=01;35:*.ogm=01;35:*.mp4=01;35:*.m4v=01;35:*.mp4v=01;35:*.vob=01;35:*.qt=01;35:*.nuv=01;35:*.wmv=01;35:*.asf=01;35:*.rm=01;35:*.rmvb=01;35:*.flc=01;35:*.avi=01;35:*.fli=01;35:*.flv=01;35:*.gl=01;35:*.dl=01;35:*.xcf=01;35:*.xwd=01;35:*.yuv=01;35:*.cgm=01;35:*.emf=01;35:*.ogv=01;35:*.ogx=01;35:*.aac=00;36:*.au=00;36:*.flac=00;36:*.m4a=00;36:*.mid=00;36:*.midi=00;36:*.mka=00;36:*.mp3=00;36:*.mpc=00;36:*.ogg=00;36:*.ra=00;36:*.wav=00;36:*.oga=00;36:*.opus=00;36:*.spx=00;36:*.xspf=00;36:', 'AMENT_PREFIX_PATH': '/opt/ros/humble', 'SHELL': '/bin/bash', 'LC_NAME': 'es_AR.UTF-8', 'LESSCLOSE': '/usr/bin/lesspipe %s %s', 'LC_MEASUREMENT': 'es_AR.UTF-8', 'LC_IDENTIFICATION': 'es_AR.UTF-8', 'PWD': '/home/cricchetto/Robomaster_WS/build/drift', 'LC_ALL': 'en_US.UTF-8', 'SSH_CONNECTION': '172.18.147.201 42814 172.18.147.143 22', 'XDG_DATA_DIRS': '/usr/local/share:/usr/share:/var/lib/snapd/desktop', 'PYTHONPATH': '/home/cricchetto/Robomaster_WS/build/drift/prefix_override:/usr/lib/python3/dist-packages/colcon_core/task/python/colcon_distutils_commands:/home/cricchetto/Robomaster_WS/install/drift/lib/python3.10/site-packages:/opt/ros/humble/lib/python3.10/site-packages:/opt/ros/humble/local/lib/python3.10/dist-packages', 'LC_NUMERIC': 'es_AR.UTF-8', 'LC_PAPER': 'es_AR.UTF-8', 'COLCON': '1'}, 'shell': False}
[4.744480] (-) TimerEvent: {}
[4.819244] (ep_control) Command: {'cmd': ['/usr/bin/python3', '-W', 'ignore:setup.py install is deprecated', '-W', 'ignore:easy_install command is deprecated', 'setup.py', 'egg_info', '--egg-base', '../../build/ep_control', 'build', '--build-base', '/home/cricchetto/Robomaster_WS/build/ep_control/build', 'install', '--record', '/home/cricchetto/Robomaster_WS/build/ep_control/install.log', '--single-version-externally-managed', 'install_data'], 'cwd': '/home/cricchetto/Robomaster_WS/src/ep_control', 'env': {'LESSOPEN': '| /usr/bin/lesspipe %s', 'USER': 'cricchetto', 'SSH_CLIENT': '172.18.147.201 42814 22', 'LC_TIME': 'es_AR.UTF-8', 'XDG_SESSION_TYPE': 'tty', 'SHLVL': '1', 'LD_LIBRARY_PATH': '/opt/ros/humble/opt/rviz_ogre_vendor/lib:/opt/ros/humble/lib/aarch64-linux-gnu:/opt/ros/humble/lib', 'MOTD_SHOWN': 'pam', 'HOME': '/home/cricchetto', 'OLDPWD': '/home/cricchetto/Robomaster_WS/src', 'SSH_TTY': '/dev/pts/0', 'ROS_PYTHON_VERSION': '3', 'LC_MONETARY': 'es_AR.UTF-8', 'DBUS_SESSION_BUS_ADDRESS': 'unix:path=/run/user/1000/bus', 'ROS_DISTRO': 'humble', 'LOGNAME': 'cricchetto', '_': '/usr/bin/colcon', 'ROS_VERSION': '2', 'XDG_SESSION_CLASS': 'user', 'TERM': 'xterm-256color', 'XDG_SESSION_ID': '1', 'ROS_LOCALHOST_ONLY': '0', 'PATH': '/opt/ros/humble/bin:/usr/local/sbin:/usr/local/bin:/usr/sbin:/usr/bin:/sbin:/bin:/usr/games:/usr/local/games:/snap/bin', 'LC_ADDRESS': 'es_AR.UTF-8', 'XDG_RUNTIME_DIR': '/run/user/1000', 'DISPLAY': 'localhost:10.0', 'LANG': 'en_US.UTF-8', 'LC_TELEPHONE': 'es_AR.UTF-8', 'LS_COLORS': 'rs=0:di=01;34:ln=01;36:mh=00:pi=40;33:so=01;35:do=01;35:bd=40;33;01:cd=40;33;01:or=40;31;01:mi=00:su=37;41:sg=30;43:ca=30;41:tw=30;42:ow=34;42:st=37;44:ex=01;32:*.tar=01;31:*.tgz=01;31:*.arc=01;31:*.arj=01;31:*.taz=01;31:*.lha=01;31:*.lz4=01;31:*.lzh=01;31:*.lzma=01;31:*.tlz=01;31:*.txz=01;31:*.tzo=01;31:*.t7z=01;31:*.zip=01;31:*.z=01;31:*.dz=01;31:*.gz=01;31:*.lrz=01;31:*.lz=01;31:*.lzo=01;31:*.xz=01;31:*.zst=01;31:*.tzst=01;31:*.bz2=01;31:*.bz=01;31:*.tbz=01;31:*.tbz2=01;31:*.tz=01;31:*.deb=01;31:*.rpm=01;31:*.jar=01;31:*.war=01;31:*.ear=01;31:*.sar=01;31:*.rar=01;31:*.alz=01;31:*.ace=01;31:*.zoo=01;31:*.cpio=01;31:*.7z=01;31:*.rz=01;31:*.cab=01;31:*.wim=01;31:*.swm=01;31:*.dwm=01;31:*.esd=01;31:*.jpg=01;35:*.jpeg=01;35:*.mjpg=01;35:*.mjpeg=01;35:*.gif=01;35:*.bmp=01;35:*.pbm=01;35:*.pgm=01;35:*.ppm=01;35:*.tga=01;35:*.xbm=01;35:*.xpm=01;35:*.tif=01;35:*.tiff=01;35:*.png=01;35:*.svg=01;35:*.svgz=01;35:*.mng=01;35:*.pcx=01;35:*.mov=01;35:*.mpg=01;35:*.mpeg=01;35:*.m2v=01;35:*.mkv=01;35:*.webm=01;35:*.webp=01;35:*.ogm=01;35:*.mp4=01;35:*.m4v=01;35:*.mp4v=01;35:*.vob=01;35:*.qt=01;35:*.nuv=01;35:*.wmv=01;35:*.asf=01;35:*.rm=01;35:*.rmvb=01;35:*.flc=01;35:*.avi=01;35:*.fli=01;35:*.flv=01;35:*.gl=01;35:*.dl=01;35:*.xcf=01;35:*.xwd=01;35:*.yuv=01;35:*.cgm=01;35:*.emf=01;35:*.ogv=01;35:*.ogx=01;35:*.aac=00;36:*.au=00;36:*.flac=00;36:*.m4a=00;36:*.mid=00;36:*.midi=00;36:*.mka=00;36:*.mp3=00;36:*.mpc=00;36:*.ogg=00;36:*.ra=00;36:*.wav=00;36:*.oga=00;36:*.opus=00;36:*.spx=00;36:*.xspf=00;36:', 'AMENT_PREFIX_PATH': '/opt/ros/humble', 'SHELL': '/bin/bash', 'LC_NAME': 'es_AR.UTF-8', 'LESSCLOSE': '/usr/bin/lesspipe %s %s', 'LC_MEASUREMENT': 'es_AR.UTF-8', 'LC_IDENTIFICATION': 'es_AR.UTF-8', 'PWD': '/home/cricchetto/Robomaster_WS/build/ep_control', 'LC_ALL': 'en_US.UTF-8', 'SSH_CONNECTION': '172.18.147.201 42814 172.18.147.143 22', 'XDG_DATA_DIRS': '/usr/local/share:/usr/share:/var/lib/snapd/desktop', 'PYTHONPATH': '/home/cricchetto/Robomaster_WS/build/ep_control/prefix_override:/usr/lib/python3/dist-packages/colcon_core/task/python/colcon_distutils_commands:/home/cricchetto/Robomaster_WS/install/ep_control/lib/python3.10/site-packages:/opt/ros/humble/lib/python3.10/site-packages:/opt/ros/humble/local/lib/python3.10/dist-packages', 'LC_NUMERIC': 'es_AR.UTF-8', 'LC_PAPER': 'es_AR.UTF-8', 'COLCON': '1'}, 'shell': False}
[4.845442] (-) TimerEvent: {}
[4.927254] (robomaster_msgs) StdoutLine: {'line': b'-- Found std_msgs: 4.9.0 (/opt/ros/humble/share/std_msgs/cmake)\n'}
[4.945688] (-) TimerEvent: {}
[5.047173] (-) TimerEvent: {}
[5.148810] (-) TimerEvent: {}
[5.250130] (explore_lite) StdoutLine: {'line': b'-- Found Python3: /usr/bin/python3 (found version "3.10.12") found components: Interpreter \n'}
[5.250991] (-) TimerEvent: {}
[5.352789] (-) TimerEvent: {}
[5.454560] (-) TimerEvent: {}
[5.556370] (-) TimerEvent: {}
[5.657274] (-) TimerEvent: {}
[5.758883] (-) TimerEvent: {}
[5.859702] (-) TimerEvent: {}
[5.954277] (explore_lite) StdoutLine: {'line': b'-- Found rclcpp: 16.0.16 (/opt/ros/humble/share/rclcpp/cmake)\n'}
[5.959860] (-) TimerEvent: {}
[6.060631] (-) TimerEvent: {}
[6.161460] (-) TimerEvent: {}
[6.228695] (drift) StdoutLine: {'line': b'running egg_info\n'}
[6.231412] (drift) StdoutLine: {'line': b'creating ../../build/drift/drift.egg-info\n'}
[6.232482] (drift) StdoutLine: {'line': b'writing ../../build/drift/drift.egg-info/PKG-INFO\n'}
[6.233985] (drift) StdoutLine: {'line': b'writing dependency_links to ../../build/drift/drift.egg-info/dependency_links.txt\n'}
[6.234698] (drift) StdoutLine: {'line': b'writing entry points to ../../build/drift/drift.egg-info/entry_points.txt\n'}
[6.235388] (drift) StdoutLine: {'line': b'writing requirements to ../../build/drift/drift.egg-info/requires.txt\n'}
[6.236240] (drift) StdoutLine: {'line': b'writing top-level names to ../../build/drift/drift.egg-info/top_level.txt\n'}
[6.237081] (drift) StdoutLine: {'line': b"writing manifest file '../../build/drift/drift.egg-info/SOURCES.txt'\n"}
[6.245192] (drift) StdoutLine: {'line': b"reading manifest file '../../build/drift/drift.egg-info/SOURCES.txt'\n"}
[6.249015] (drift) StdoutLine: {'line': b"writing manifest file '../../build/drift/drift.egg-info/SOURCES.txt'\n"}
[6.249894] (drift) StdoutLine: {'line': b'running build\n'}
[6.250488] (drift) StdoutLine: {'line': b'running build_py\n'}
[6.251279] (drift) StdoutLine: {'line': b'creating /home/cricchetto/Robomaster_WS/build/drift/build\n'}
[6.251910] (drift) StdoutLine: {'line': b'creating /home/cricchetto/Robomaster_WS/build/drift/build/lib\n'}
[6.252559] (drift) StdoutLine: {'line': b'creating /home/cricchetto/Robomaster_WS/build/drift/build/lib/drift\n'}
[6.253303] (drift) StdoutLine: {'line': b'copying drift/__init__.py -> /home/cricchetto/Robomaster_WS/build/drift/build/lib/drift\n'}
[6.253784] (drift) StdoutLine: {'line': b'copying drift/play_sound_node.py -> /home/cricchetto/Robomaster_WS/build/drift/build/lib/drift\n'}
[6.254623] (drift) StdoutLine: {'line': b'copying drift/drift_circle_node.py -> /home/cricchetto/Robomaster_WS/build/drift/build/lib/drift\n'}
[6.255136] (drift) StdoutLine: {'line': b'running install\n'}
[6.256191] (drift) StdoutLine: {'line': b'running install_lib\n'}
[6.259980] (drift) StdoutLine: {'line': b'creating /home/cricchetto/Robomaster_WS/install/drift/lib/python3.10/site-packages/drift\n'}
[6.260758] (drift) StdoutLine: {'line': b'copying /home/cricchetto/Robomaster_WS/build/drift/build/lib/drift/__init__.py -> /home/cricchetto/Robomaster_WS/install/drift/lib/python3.10/site-packages/drift\n'}
[6.261358] (drift) StdoutLine: {'line': b'copying /home/cricchetto/Robomaster_WS/build/drift/build/lib/drift/play_sound_node.py -> /home/cricchetto/Robomaster_WS/install/drift/lib/python3.10/site-packages/drift\n'}
[6.261825] (-) TimerEvent: {}
[6.262623] (drift) StdoutLine: {'line': b'copying /home/cricchetto/Robomaster_WS/build/drift/build/lib/drift/drift_circle_node.py -> /home/cricchetto/Robomaster_WS/install/drift/lib/python3.10/site-packages/drift\n'}
[6.265342] (drift) StdoutLine: {'line': b'byte-compiling /home/cricchetto/Robomaster_WS/install/drift/lib/python3.10/site-packages/drift/__init__.py to __init__.cpython-310.pyc\n'}
[6.267058] (drift) StdoutLine: {'line': b'byte-compiling /home/cricchetto/Robomaster_WS/install/drift/lib/python3.10/site-packages/drift/play_sound_node.py to play_sound_node.cpython-310.pyc\n'}
[6.269550] (drift) StdoutLine: {'line': b'byte-compiling /home/cricchetto/Robomaster_WS/install/drift/lib/python3.10/site-packages/drift/drift_circle_node.py to drift_circle_node.cpython-310.pyc\n'}
[6.272012] (drift) StdoutLine: {'line': b'running install_data\n'}
[6.273055] (drift) StdoutLine: {'line': b'creating /home/cricchetto/Robomaster_WS/install/drift/share/ament_index\n'}
[6.274161] (drift) StdoutLine: {'line': b'creating /home/cricchetto/Robomaster_WS/install/drift/share/ament_index/resource_index\n'}
[6.274856] (drift) StdoutLine: {'line': b'creating /home/cricchetto/Robomaster_WS/install/drift/share/ament_index/resource_index/packages\n'}
[6.276087] (drift) StdoutLine: {'line': b'copying resource/drift -> /home/cricchetto/Robomaster_WS/install/drift/share/ament_index/resource_index/packages\n'}
[6.277069] (drift) StdoutLine: {'line': b'copying package.xml -> /home/cricchetto/Robomaster_WS/install/drift/share/drift\n'}
[6.277850] (drift) StdoutLine: {'line': b'creating /home/cricchetto/Robomaster_WS/install/drift/share/drift/launch\n'}
[6.278318] (drift) StdoutLine: {'line': b'copying launch/drift_circle_launch.py -> /home/cricchetto/Robomaster_WS/install/drift/share/drift/launch\n'}
[6.278765] (drift) StdoutLine: {'line': b'running install_egg_info\n'}
[6.286304] (drift) StdoutLine: {'line': b'Copying ../../build/drift/drift.egg-info to /home/cricchetto/Robomaster_WS/install/drift/lib/python3.10/site-packages/drift-0.0.1-py3.10.egg-info\n'}
[6.295136] (drift) StdoutLine: {'line': b'running install_scripts\n'}
[6.300504] (ep_control) StdoutLine: {'line': b'running egg_info\n'}
[6.304734] (ep_control) StdoutLine: {'line': b'creating ../../build/ep_control/ep_control.egg-info\n'}
[6.306886] (ep_control) StdoutLine: {'line': b'writing ../../build/ep_control/ep_control.egg-info/PKG-INFO\n'}
[6.309373] (ep_control) StdoutLine: {'line': b'writing dependency_links to ../../build/ep_control/ep_control.egg-info/dependency_links.txt\n'}
[6.311300] (ep_control) StdoutLine: {'line': b'writing entry points to ../../build/ep_control/ep_control.egg-info/entry_points.txt\n'}
[6.313166] (ep_control) StdoutLine: {'line': b'writing requirements to ../../build/ep_control/ep_control.egg-info/requires.txt\n'}
[6.314680] (ep_control) StdoutLine: {'line': b'writing top-level names to ../../build/ep_control/ep_control.egg-info/top_level.txt\n'}
[6.316922] (ep_control) StdoutLine: {'line': b"writing manifest file '../../build/ep_control/ep_control.egg-info/SOURCES.txt'\n"}
[6.320069] (explore_lite) StdoutLine: {'line': b'-- Found rosidl_generator_c: 3.1.7 (/opt/ros/humble/share/rosidl_generator_c/cmake)\n'}
[6.327419] (ep_control) StdoutLine: {'line': b"reading manifest file '../../build/ep_control/ep_control.egg-info/SOURCES.txt'\n"}
[6.332916] (ep_control) StdoutLine: {'line': b"writing manifest file '../../build/ep_control/ep_control.egg-info/SOURCES.txt'\n"}
[6.334393] (ep_control) StdoutLine: {'line': b'running build\n'}
[6.334993] (ep_control) StdoutLine: {'line': b'running build_py\n'}
[6.336714] (ep_control) StdoutLine: {'line': b'creating /home/cricchetto/Robomaster_WS/build/ep_control/build\n'}
[6.338136] (ep_control) StdoutLine: {'line': b'creating /home/cricchetto/Robomaster_WS/build/ep_control/build/lib\n'}
[6.339227] (ep_control) StdoutLine: {'line': b'creating /home/cricchetto/Robomaster_WS/build/ep_control/build/lib/ep_control\n'}
[6.340604] (ep_control) StdoutLine: {'line': b'copying ep_control/__init__.py -> /home/cricchetto/Robomaster_WS/build/ep_control/build/lib/ep_control\n'}
[6.342488] (ep_control) StdoutLine: {'line': b'copying ep_control/gripper_state.py -> /home/cricchetto/Robomaster_WS/build/ep_control/build/lib/ep_control\n'}
[6.344452] (ep_control) StdoutLine: {'line': b'copying ep_control/joy_reader.py -> /home/cricchetto/Robomaster_WS/build/ep_control/build/lib/ep_control\n'}
[6.346334] (ep_control) StdoutLine: {'line': b'copying ep_control/joy_to_arm.py -> /home/cricchetto/Robomaster_WS/build/ep_control/build/lib/ep_control\n'}
[6.348864] (ep_control) StdoutLine: {'line': b'running install\n'}
[6.351979] (ep_control) StdoutLine: {'line': b'running install_lib\n'}
[6.356588] (ep_control) StdoutLine: {'line': b'creating /home/cricchetto/Robomaster_WS/install/ep_control/lib/python3.10/site-packages/ep_control\n'}
[6.358162] (ep_control) StdoutLine: {'line': b'copying /home/cricchetto/Robomaster_WS/build/ep_control/build/lib/ep_control/__init__.py -> /home/cricchetto/Robomaster_WS/install/ep_control/lib/python3.10/site-packages/ep_control\n'}
[6.361543] (ep_control) StdoutLine: {'line': b'copying /home/cricchetto/Robomaster_WS/build/ep_control/build/lib/ep_control/gripper_state.py -> /home/cricchetto/Robomaster_WS/install/ep_control/lib/python3.10/site-packages/ep_control\n'}
[6.362071] (-) TimerEvent: {}
[6.363919] (ep_control) StdoutLine: {'line': b'copying /home/cricchetto/Robomaster_WS/build/ep_control/build/lib/ep_control/joy_reader.py -> /home/cricchetto/Robomaster_WS/install/ep_control/lib/python3.10/site-packages/ep_control\n'}
[6.365739] (ep_control) StdoutLine: {'line': b'copying /home/cricchetto/Robomaster_WS/build/ep_control/build/lib/ep_control/joy_to_arm.py -> /home/cricchetto/Robomaster_WS/install/ep_control/lib/python3.10/site-packages/ep_control\n'}
[6.369987] (ep_control) StdoutLine: {'line': b'byte-compiling /home/cricchetto/Robomaster_WS/install/ep_control/lib/python3.10/site-packages/ep_control/__init__.py to __init__.cpython-310.pyc\n'}
[6.372473] (ep_control) StdoutLine: {'line': b'byte-compiling /home/cricchetto/Robomaster_WS/install/ep_control/lib/python3.10/site-packages/ep_control/gripper_state.py to gripper_state.cpython-310.pyc\n'}
[6.373925] (explore_lite) StdoutLine: {'line': b'-- Found rosidl_adapter: 3.1.7 (/opt/ros/humble/share/rosidl_adapter/cmake)\n'}
[6.377419] (ep_control) StdoutLine: {'line': b'byte-compiling /home/cricchetto/Robomaster_WS/install/ep_control/lib/python3.10/site-packages/ep_control/joy_reader.py to joy_reader.cpython-310.pyc\n'}
[6.380556] (ep_control) StdoutLine: {'line': b'byte-compiling /home/cricchetto/Robomaster_WS/install/ep_control/lib/python3.10/site-packages/ep_control/joy_to_arm.py to joy_to_arm.cpython-310.pyc\n'}
[6.385695] (ep_control) StdoutLine: {'line': b'running install_data\n'}
[6.387255] (ep_control) StdoutLine: {'line': b'creating /home/cricchetto/Robomaster_WS/install/ep_control/share/ament_index\n'}
[6.388424] (ep_control) StdoutLine: {'line': b'creating /home/cricchetto/Robomaster_WS/install/ep_control/share/ament_index/resource_index\n'}
[6.389705] (ep_control) StdoutLine: {'line': b'creating /home/cricchetto/Robomaster_WS/install/ep_control/share/ament_index/resource_index/packages\n'}
[6.391272] (ep_control) StdoutLine: {'line': b'copying resource/ep_control -> /home/cricchetto/Robomaster_WS/install/ep_control/share/ament_index/resource_index/packages\n'}
[6.392142] (drift) StdoutLine: {'line': b'Installing drift_circle_node script to /home/cricchetto/Robomaster_WS/install/drift/lib/drift\n'}
[6.392860] (drift) StdoutLine: {'line': b'Installing play_sound_node script to /home/cricchetto/Robomaster_WS/install/drift/lib/drift\n'}
[6.394639] (ep_control) StdoutLine: {'line': b'copying package.xml -> /home/cricchetto/Robomaster_WS/install/ep_control/share/ep_control\n'}
[6.395512] (drift) StdoutLine: {'line': b"writing list of installed files to '/home/cricchetto/Robomaster_WS/build/drift/install.log'\n"}
[6.398920] (ep_control) StdoutLine: {'line': b'creating /home/cricchetto/Robomaster_WS/install/ep_control/share/ep_control/launch\n'}
[6.402030] (ep_control) StdoutLine: {'line': b'copying launch/joy_node-launch.py -> /home/cricchetto/Robomaster_WS/install/ep_control/share/ep_control/launch\n'}
[6.404998] (ep_control) StdoutLine: {'line': b'running install_egg_info\n'}
[6.421547] (ep_control) StdoutLine: {'line': b'Copying ../../build/ep_control/ep_control.egg-info to /home/cricchetto/Robomaster_WS/install/ep_control/lib/python3.10/site-packages/ep_control-0.0.0-py3.10.egg-info\n'}
[6.436618] (ep_control) StdoutLine: {'line': b'running install_scripts\n'}
[6.461683] (explore_lite) StdoutLine: {'line': b'-- Found rosidl_generator_cpp: 3.1.7 (/opt/ros/humble/share/rosidl_generator_cpp/cmake)\n'}
[6.462787] (-) TimerEvent: {}
[6.555556] (drift) CommandEnded: {'returncode': 0}
[6.563101] (-) TimerEvent: {}
[6.574827] (ep_control) StdoutLine: {'line': b'Installing gripper_state script to /home/cricchetto/Robomaster_WS/install/ep_control/lib/ep_control\n'}
[6.576058] (ep_control) StdoutLine: {'line': b'Installing joy_reader script to /home/cricchetto/Robomaster_WS/install/ep_control/lib/ep_control\n'}
[6.576864] (explore_lite) StdoutLine: {'line': b'-- Using all available rosidl_typesupport_c: rosidl_typesupport_fastrtps_c;rosidl_typesupport_introspection_c\n'}
[6.577629] (ep_control) StdoutLine: {'line': b'Installing joy_to_arm script to /home/cricchetto/Robomaster_WS/install/ep_control/lib/ep_control\n'}
[6.579136] (ep_control) StdoutLine: {'line': b"writing list of installed files to '/home/cricchetto/Robomaster_WS/build/ep_control/install.log'\n"}
[6.643062] (drift) JobEnded: {'identifier': 'drift', 'rc': 0}
[6.648057] (multirobot_map_merge) JobStarted: {'identifier': 'multirobot_map_merge'}
[6.663560] (-) TimerEvent: {}
[6.691867] (multirobot_map_merge) JobProgress: {'identifier': 'multirobot_map_merge', 'progress': 'cmake'}
[6.696747] (multirobot_map_merge) Command: {'cmd': ['/usr/bin/cmake', '/home/cricchetto/Robomaster_WS/src/m-explore-ros2/map_merge', '-DCMAKE_INSTALL_PREFIX=/home/cricchetto/Robomaster_WS/install/multirobot_map_merge'], 'cwd': '/home/cricchetto/Robomaster_WS/build/multirobot_map_merge', 'env': OrderedDict([('LESSOPEN', '| /usr/bin/lesspipe %s'), ('USER', 'cricchetto'), ('SSH_CLIENT', '172.18.147.201 42814 22'), ('LC_TIME', 'es_AR.UTF-8'), ('XDG_SESSION_TYPE', 'tty'), ('SHLVL', '1'), ('LD_LIBRARY_PATH', '/opt/ros/humble/opt/rviz_ogre_vendor/lib:/opt/ros/humble/lib/aarch64-linux-gnu:/opt/ros/humble/lib'), ('MOTD_SHOWN', 'pam'), ('HOME', '/home/cricchetto'), ('OLDPWD', '/home/cricchetto/Robomaster_WS/src'), ('SSH_TTY', '/dev/pts/0'), ('ROS_PYTHON_VERSION', '3'), ('LC_MONETARY', 'es_AR.UTF-8'), ('DBUS_SESSION_BUS_ADDRESS', 'unix:path=/run/user/1000/bus'), ('ROS_DISTRO', 'humble'), ('LOGNAME', 'cricchetto'), ('_', '/usr/bin/colcon'), ('ROS_VERSION', '2'), ('XDG_SESSION_CLASS', 'user'), ('TERM', 'xterm-256color'), ('XDG_SESSION_ID', '1'), ('ROS_LOCALHOST_ONLY', '0'), ('PATH', '/opt/ros/humble/bin:/usr/local/sbin:/usr/local/bin:/usr/sbin:/usr/bin:/sbin:/bin:/usr/games:/usr/local/games:/snap/bin'), ('LC_ADDRESS', 'es_AR.UTF-8'), ('XDG_RUNTIME_DIR', '/run/user/1000'), ('DISPLAY', 'localhost:10.0'), ('LANG', 'en_US.UTF-8'), ('LC_TELEPHONE', 'es_AR.UTF-8'), ('LS_COLORS', 'rs=0:di=01;34:ln=01;36:mh=00:pi=40;33:so=01;35:do=01;35:bd=40;33;01:cd=40;33;01:or=40;31;01:mi=00:su=37;41:sg=30;43:ca=30;41:tw=30;42:ow=34;42:st=37;44:ex=01;32:*.tar=01;31:*.tgz=01;31:*.arc=01;31:*.arj=01;31:*.taz=01;31:*.lha=01;31:*.lz4=01;31:*.lzh=01;31:*.lzma=01;31:*.tlz=01;31:*.txz=01;31:*.tzo=01;31:*.t7z=01;31:*.zip=01;31:*.z=01;31:*.dz=01;31:*.gz=01;31:*.lrz=01;31:*.lz=01;31:*.lzo=01;31:*.xz=01;31:*.zst=01;31:*.tzst=01;31:*.bz2=01;31:*.bz=01;31:*.tbz=01;31:*.tbz2=01;31:*.tz=01;31:*.deb=01;31:*.rpm=01;31:*.jar=01;31:*.war=01;31:*.ear=01;31:*.sar=01;31:*.rar=01;31:*.alz=01;31:*.ace=01;31:*.zoo=01;31:*.cpio=01;31:*.7z=01;31:*.rz=01;31:*.cab=01;31:*.wim=01;31:*.swm=01;31:*.dwm=01;31:*.esd=01;31:*.jpg=01;35:*.jpeg=01;35:*.mjpg=01;35:*.mjpeg=01;35:*.gif=01;35:*.bmp=01;35:*.pbm=01;35:*.pgm=01;35:*.ppm=01;35:*.tga=01;35:*.xbm=01;35:*.xpm=01;35:*.tif=01;35:*.tiff=01;35:*.png=01;35:*.svg=01;35:*.svgz=01;35:*.mng=01;35:*.pcx=01;35:*.mov=01;35:*.mpg=01;35:*.mpeg=01;35:*.m2v=01;35:*.mkv=01;35:*.webm=01;35:*.webp=01;35:*.ogm=01;35:*.mp4=01;35:*.m4v=01;35:*.mp4v=01;35:*.vob=01;35:*.qt=01;35:*.nuv=01;35:*.wmv=01;35:*.asf=01;35:*.rm=01;35:*.rmvb=01;35:*.flc=01;35:*.avi=01;35:*.fli=01;35:*.flv=01;35:*.gl=01;35:*.dl=01;35:*.xcf=01;35:*.xwd=01;35:*.yuv=01;35:*.cgm=01;35:*.emf=01;35:*.ogv=01;35:*.ogx=01;35:*.aac=00;36:*.au=00;36:*.flac=00;36:*.m4a=00;36:*.mid=00;36:*.midi=00;36:*.mka=00;36:*.mp3=00;36:*.mpc=00;36:*.ogg=00;36:*.ra=00;36:*.wav=00;36:*.oga=00;36:*.opus=00;36:*.spx=00;36:*.xspf=00;36:'), ('AMENT_PREFIX_PATH', '/opt/ros/humble'), ('SHELL', '/bin/bash'), ('LC_NAME', 'es_AR.UTF-8'), ('LESSCLOSE', '/usr/bin/lesspipe %s %s'), ('LC_MEASUREMENT', 'es_AR.UTF-8'), ('LC_IDENTIFICATION', 'es_AR.UTF-8'), ('PWD', '/home/cricchetto/Robomaster_WS/build/multirobot_map_merge'), ('LC_ALL', 'en_US.UTF-8'), ('SSH_CONNECTION', '172.18.147.201 42814 172.18.147.143 22'), ('XDG_DATA_DIRS', '/usr/local/share:/usr/share:/var/lib/snapd/desktop'), ('PYTHONPATH', '/opt/ros/humble/lib/python3.10/site-packages:/opt/ros/humble/local/lib/python3.10/dist-packages'), ('LC_NUMERIC', 'es_AR.UTF-8'), ('LC_PAPER', 'es_AR.UTF-8'), ('COLCON', '1'), ('CMAKE_PREFIX_PATH', '/opt/ros/humble')]), 'shell': False}
[6.729470] (explore_lite) StdoutLine: {'line': b'-- Using all available rosidl_typesupport_cpp: rosidl_typesupport_fastrtps_cpp;rosidl_typesupport_introspection_cpp\n'}
[6.736292] (ep_control) CommandEnded: {'returncode': 0}
[6.763860] (-) TimerEvent: {}
[6.774455] (ep_control) JobEnded: {'identifier': 'ep_control', 'rc': 0}
[6.780849] (robomaster_description) JobStarted: {'identifier': 'robomaster_description'}
[6.815281] (robomaster_description) JobProgress: {'identifier': 'robomaster_description', 'progress': 'cmake'}
[6.817711] (robomaster_description) Command: {'cmd': ['/usr/bin/cmake', '/home/cricchetto/Robomaster_WS/src/robomaster_ros/robomaster_description', '-DCMAKE_INSTALL_PREFIX=/home/cricchetto/Robomaster_WS/install/robomaster_description'], 'cwd': '/home/cricchetto/Robomaster_WS/build/robomaster_description', 'env': OrderedDict([('LESSOPEN', '| /usr/bin/lesspipe %s'), ('USER', 'cricchetto'), ('SSH_CLIENT', '172.18.147.201 42814 22'), ('LC_TIME', 'es_AR.UTF-8'), ('XDG_SESSION_TYPE', 'tty'), ('SHLVL', '1'), ('LD_LIBRARY_PATH', '/opt/ros/humble/opt/rviz_ogre_vendor/lib:/opt/ros/humble/lib/aarch64-linux-gnu:/opt/ros/humble/lib'), ('MOTD_SHOWN', 'pam'), ('HOME', '/home/cricchetto'), ('OLDPWD', '/home/cricchetto/Robomaster_WS/src'), ('SSH_TTY', '/dev/pts/0'), ('ROS_PYTHON_VERSION', '3'), ('LC_MONETARY', 'es_AR.UTF-8'), ('DBUS_SESSION_BUS_ADDRESS', 'unix:path=/run/user/1000/bus'), ('ROS_DISTRO', 'humble'), ('LOGNAME', 'cricchetto'), ('_', '/usr/bin/colcon'), ('ROS_VERSION', '2'), ('XDG_SESSION_CLASS', 'user'), ('TERM', 'xterm-256color'), ('XDG_SESSION_ID', '1'), ('ROS_LOCALHOST_ONLY', '0'), ('PATH', '/opt/ros/humble/bin:/usr/local/sbin:/usr/local/bin:/usr/sbin:/usr/bin:/sbin:/bin:/usr/games:/usr/local/games:/snap/bin'), ('LC_ADDRESS', 'es_AR.UTF-8'), ('XDG_RUNTIME_DIR', '/run/user/1000'), ('DISPLAY', 'localhost:10.0'), ('LANG', 'en_US.UTF-8'), ('LC_TELEPHONE', 'es_AR.UTF-8'), ('LS_COLORS', 'rs=0:di=01;34:ln=01;36:mh=00:pi=40;33:so=01;35:do=01;35:bd=40;33;01:cd=40;33;01:or=40;31;01:mi=00:su=37;41:sg=30;43:ca=30;41:tw=30;42:ow=34;42:st=37;44:ex=01;32:*.tar=01;31:*.tgz=01;31:*.arc=01;31:*.arj=01;31:*.taz=01;31:*.lha=01;31:*.lz4=01;31:*.lzh=01;31:*.lzma=01;31:*.tlz=01;31:*.txz=01;31:*.tzo=01;31:*.t7z=01;31:*.zip=01;31:*.z=01;31:*.dz=01;31:*.gz=01;31:*.lrz=01;31:*.lz=01;31:*.lzo=01;31:*.xz=01;31:*.zst=01;31:*.tzst=01;31:*.bz2=01;31:*.bz=01;31:*.tbz=01;31:*.tbz2=01;31:*.tz=01;31:*.deb=01;31:*.rpm=01;31:*.jar=01;31:*.war=01;31:*.ear=01;31:*.sar=01;31:*.rar=01;31:*.alz=01;31:*.ace=01;31:*.zoo=01;31:*.cpio=01;31:*.7z=01;31:*.rz=01;31:*.cab=01;31:*.wim=01;31:*.swm=01;31:*.dwm=01;31:*.esd=01;31:*.jpg=01;35:*.jpeg=01;35:*.mjpg=01;35:*.mjpeg=01;35:*.gif=01;35:*.bmp=01;35:*.pbm=01;35:*.pgm=01;35:*.ppm=01;35:*.tga=01;35:*.xbm=01;35:*.xpm=01;35:*.tif=01;35:*.tiff=01;35:*.png=01;35:*.svg=01;35:*.svgz=01;35:*.mng=01;35:*.pcx=01;35:*.mov=01;35:*.mpg=01;35:*.mpeg=01;35:*.m2v=01;35:*.mkv=01;35:*.webm=01;35:*.webp=01;35:*.ogm=01;35:*.mp4=01;35:*.m4v=01;35:*.mp4v=01;35:*.vob=01;35:*.qt=01;35:*.nuv=01;35:*.wmv=01;35:*.asf=01;35:*.rm=01;35:*.rmvb=01;35:*.flc=01;35:*.avi=01;35:*.fli=01;35:*.flv=01;35:*.gl=01;35:*.dl=01;35:*.xcf=01;35:*.xwd=01;35:*.yuv=01;35:*.cgm=01;35:*.emf=01;35:*.ogv=01;35:*.ogx=01;35:*.aac=00;36:*.au=00;36:*.flac=00;36:*.m4a=00;36:*.mid=00;36:*.midi=00;36:*.mka=00;36:*.mp3=00;36:*.mpc=00;36:*.ogg=00;36:*.ra=00;36:*.wav=00;36:*.oga=00;36:*.opus=00;36:*.spx=00;36:*.xspf=00;36:'), ('AMENT_PREFIX_PATH', '/opt/ros/humble'), ('SHELL', '/bin/bash'), ('LC_NAME', 'es_AR.UTF-8'), ('LESSCLOSE', '/usr/bin/lesspipe %s %s'), ('LC_MEASUREMENT', 'es_AR.UTF-8'), ('LC_IDENTIFICATION', 'es_AR.UTF-8'), ('PWD', '/home/cricchetto/Robomaster_WS/build/robomaster_description'), ('LC_ALL', 'en_US.UTF-8'), ('SSH_CONNECTION', '172.18.147.201 42814 172.18.147.143 22'), ('XDG_DATA_DIRS', '/usr/local/share:/usr/share:/var/lib/snapd/desktop'), ('PYTHONPATH', '/opt/ros/humble/lib/python3.10/site-packages:/opt/ros/humble/local/lib/python3.10/dist-packages'), ('LC_NUMERIC', 'es_AR.UTF-8'), ('LC_PAPER', 'es_AR.UTF-8'), ('COLCON', '1'), ('CMAKE_PREFIX_PATH', '/opt/ros/humble')]), 'shell': False}
[6.864058] (-) TimerEvent: {}
[6.965612] (-) TimerEvent: {}
[6.999014] (multirobot_map_merge) StdoutLine: {'line': b'-- The C compiler identification is GNU 11.4.0\n'}
[7.065823] (-) TimerEvent: {}
[7.085208] (explore_lite) StdoutLine: {'line': b'-- Found rmw_implementation_cmake: 6.1.2 (/opt/ros/humble/share/rmw_implementation_cmake/cmake)\n'}
[7.111995] (explore_lite) StdoutLine: {'line': b'-- Found rmw_fastrtps_cpp: 6.2.9 (/opt/ros/humble/share/rmw_fastrtps_cpp/cmake)\n'}
[7.114705] (robomaster_description) StdoutLine: {'line': b'-- The C compiler identification is GNU 11.4.0\n'}
[7.166073] (-) TimerEvent: {}
[7.266995] (-) TimerEvent: {}
[7.290997] (multirobot_map_merge) StdoutLine: {'line': b'-- The CXX compiler identification is GNU 11.4.0\n'}
[7.338675] (multirobot_map_merge) StdoutLine: {'line': b'-- Detecting C compiler ABI info\n'}
[7.367254] (-) TimerEvent: {}
[7.409935] (robomaster_description) StdoutLine: {'line': b'-- The CXX compiler identification is GNU 11.4.0\n'}
[7.442264] (robomaster_description) StdoutLine: {'line': b'-- Detecting C compiler ABI info\n'}
[7.467536] (-) TimerEvent: {}
[7.571518] (-) TimerEvent: {}
[7.673427] (-) TimerEvent: {}
[7.718524] (explore_lite) StdoutLine: {'line': b'-- Found OpenSSL: /usr/lib/aarch64-linux-gnu/libcrypto.so (found version "3.0.2")  \n'}
[7.730509] (multirobot_map_merge) StdoutLine: {'line': b'-- Detecting C compiler ABI info - done\n'}
[7.759403] (multirobot_map_merge) StdoutLine: {'line': b'-- Check for working C compiler: /usr/bin/cc - skipped\n'}
[7.762357] (multirobot_map_merge) StdoutLine: {'line': b'-- Detecting C compile features\n'}
[7.765731] (multirobot_map_merge) StdoutLine: {'line': b'-- Detecting C compile features - done\n'}
[7.773637] (-) TimerEvent: {}
[7.787629] (multirobot_map_merge) StdoutLine: {'line': b'-- Detecting CXX compiler ABI info\n'}
[7.826390] (robomaster_description) StdoutLine: {'line': b'-- Detecting C compiler ABI info - done\n'}
[7.855886] (robomaster_description) StdoutLine: {'line': b'-- Check for working C compiler: /usr/bin/cc - skipped\n'}
[7.857697] (robomaster_description) StdoutLine: {'line': b'-- Detecting C compile features\n'}
[7.859505] (robomaster_description) StdoutLine: {'line': b'-- Detecting C compile features - done\n'}
[7.875937] (-) TimerEvent: {}
[7.925464] (explore_lite) StdoutLine: {'line': b'-- Found FastRTPS: /opt/ros/humble/include  \n'}
[7.962825] (robomaster_description) StdoutLine: {'line': b'-- Detecting CXX compiler ABI info\n'}
[7.976374] (-) TimerEvent: {}
[8.014874] (robomaster_msgs) StdoutLine: {'line': b'-- Found ament_cmake_ros: 0.10.0 (/opt/ros/humble/share/ament_cmake_ros/cmake)\n'}
[8.083849] (-) TimerEvent: {}
[8.184958] (-) TimerEvent: {}
[8.273027] (explore_lite) StdoutLine: {'line': b"-- Using RMW implementation 'rmw_fastrtps_cpp' as default\n"}
[8.285217] (-) TimerEvent: {}
[8.300624] (multirobot_map_merge) StdoutLine: {'line': b'-- Detecting CXX compiler ABI info - done\n'}
[8.331940] (multirobot_map_merge) StdoutLine: {'line': b'-- Check for working CXX compiler: /usr/bin/c++ - skipped\n'}
[8.334606] (multirobot_map_merge) StdoutLine: {'line': b'-- Detecting CXX compile features\n'}
[8.339216] (multirobot_map_merge) StdoutLine: {'line': b'-- Detecting CXX compile features - done\n'}
[8.360926] (explore_lite) StdoutLine: {'line': b'-- Looking for pthread.h\n'}
[8.371100] (multirobot_map_merge) StdoutLine: {'line': b'-- Found ament_cmake: 1.3.12 (/opt/ros/humble/share/ament_cmake/cmake)\n'}
[8.385623] (-) TimerEvent: {}
[8.406002] (robomaster_description) StdoutLine: {'line': b'-- Detecting CXX compiler ABI info - done\n'}
[8.435147] (robomaster_description) StdoutLine: {'line': b'-- Check for working CXX compiler: /usr/bin/c++ - skipped\n'}
[8.436323] (robomaster_description) StdoutLine: {'line': b'-- Detecting CXX compile features\n'}
[8.438203] (robomaster_description) StdoutLine: {'line': b'-- Detecting CXX compile features - done\n'}
[8.471163] (robomaster_description) StdoutLine: {'line': b'-- Found ament_cmake: 1.3.12 (/opt/ros/humble/share/ament_cmake/cmake)\n'}
[8.485761] (-) TimerEvent: {}
[8.586745] (-) TimerEvent: {}
[8.688229] (-) TimerEvent: {}
[8.789833] (-) TimerEvent: {}
[8.822312] (explore_lite) StdoutLine: {'line': b'-- Looking for pthread.h - found\n'}
[8.825063] (explore_lite) StdoutLine: {'line': b'-- Performing Test CMAKE_HAVE_LIBC_PTHREAD\n'}
[8.890045] (-) TimerEvent: {}
[8.992072] (-) TimerEvent: {}
[9.094852] (-) TimerEvent: {}
[9.196424] (-) TimerEvent: {}
[9.297872] (-) TimerEvent: {}
[9.318699] (explore_lite) StdoutLine: {'line': b'-- Performing Test CMAKE_HAVE_LIBC_PTHREAD - Success\n'}
[9.327258] (explore_lite) StdoutLine: {'line': b'-- Found Threads: TRUE  \n'}
[9.398281] (-) TimerEvent: {}
[9.429735] (multirobot_map_merge) StdoutLine: {'line': b'-- Found Python3: /usr/bin/python3 (found version "3.10.12") found components: Interpreter \n'}
[9.498669] (-) TimerEvent: {}
[9.526398] (robomaster_description) StdoutLine: {'line': b'-- Found Python3: /usr/bin/python3 (found version "3.10.12") found components: Interpreter \n'}
[9.573076] (robomaster_msgs) StdoutLine: {'line': b'-- Using all available rosidl_typesupport_c: rosidl_typesupport_fastrtps_c;rosidl_typesupport_introspection_c\n'}
[9.598912] (-) TimerEvent: {}
[9.699865] (-) TimerEvent: {}
[9.719099] (explore_lite) StdoutLine: {'line': b'-- Found sensor_msgs: 4.9.0 (/opt/ros/humble/share/sensor_msgs/cmake)\n'}
[9.800105] (-) TimerEvent: {}
[9.901618] (-) TimerEvent: {}
[9.956083] (explore_lite) StdoutLine: {'line': b'-- Found tf2_ros: 0.25.17 (/opt/ros/humble/share/tf2_ros/cmake)\n'}
[10.001833] (-) TimerEvent: {}
[10.103462] (-) TimerEvent: {}
[10.121244] (multirobot_map_merge) StdoutLine: {'line': b'-- Found rclcpp: 16.0.16 (/opt/ros/humble/share/rclcpp/cmake)\n'}
[10.200033] (robomaster_description) StdoutLine: {'line': b'-- Found ament_lint_auto: 0.12.14 (/opt/ros/humble/share/ament_lint_auto/cmake)\n'}
[10.203760] (-) TimerEvent: {}
[10.304626] (-) TimerEvent: {}
[10.405899] (-) TimerEvent: {}
[10.480991] (multirobot_map_merge) StdoutLine: {'line': b'-- Found rosidl_generator_c: 3.1.7 (/opt/ros/humble/share/rosidl_generator_c/cmake)\n'}
[10.506190] (-) TimerEvent: {}
[10.530842] (multirobot_map_merge) StdoutLine: {'line': b'-- Found rosidl_adapter: 3.1.7 (/opt/ros/humble/share/rosidl_adapter/cmake)\n'}
[10.596107] (multirobot_map_merge) StdoutLine: {'line': b'-- Found rosidl_generator_cpp: 3.1.7 (/opt/ros/humble/share/rosidl_generator_cpp/cmake)\n'}
[10.606436] (-) TimerEvent: {}
[10.632907] (explore_lite) StdoutLine: {'line': b'-- Found tf2_geometry_msgs: 0.25.17 (/opt/ros/humble/share/tf2_geometry_msgs/cmake)\n'}
[10.675020] (multirobot_map_merge) StdoutLine: {'line': b'-- Using all available rosidl_typesupport_c: rosidl_typesupport_fastrtps_c;rosidl_typesupport_introspection_c\n'}
[10.706700] (-) TimerEvent: {}
[10.735572] (robomaster_description) StdoutLine: {'line': b"-- Added test 'copyright' to check source files copyright and LICENSE\n"}
[10.777095] (explore_lite) StdoutLine: {'line': b'-- Found eigen3_cmake_module: 0.1.1 (/opt/ros/humble/share/eigen3_cmake_module/cmake)\n'}
[10.783776] (explore_lite) StdoutLine: {'line': b'-- Found Eigen3: TRUE (found version "3.4.0") \n'}
[10.785131] (explore_lite) StdoutLine: {'line': b'-- Ensuring Eigen3 include directory is part of orocos-kdl CMake target\n'}
[10.785798] (multirobot_map_merge) StdoutLine: {'line': b'-- Using all available rosidl_typesupport_cpp: rosidl_typesupport_fastrtps_cpp;rosidl_typesupport_introspection_cpp\n'}
[10.806921] (-) TimerEvent: {}
[10.811054] (explore_lite) StdoutLine: {'line': b'-- Found nav2_msgs: 1.1.20 (/opt/ros/humble/share/nav2_msgs/cmake)\n'}
[10.888854] (robomaster_description) StdoutLine: {'line': b"-- Added test 'flake8' to check Python code syntax and style conventions\n"}
[10.907183] (-) TimerEvent: {}
[10.908252] (robomaster_description) StdoutLine: {'line': b"-- Added test 'lint_cmake' to check CMake code style\n"}
[10.919074] (robomaster_description) StdoutLine: {'line': b"-- Added test 'pep257' to check Python code against some of the docstring style conventions in PEP 257\n"}
[11.001613] (robomaster_description) StdoutLine: {'line': b"-- Added test 'xmllint' to check XML markup files\n"}
[11.007437] (-) TimerEvent: {}
[11.010658] (robomaster_description) StdoutLine: {'line': b'-- Configuring done\n'}
[11.029947] (explore_lite) StdoutLine: {'line': b'-- Found map_msgs: 2.1.0 (/opt/ros/humble/share/map_msgs/cmake)\n'}
[11.035172] (robomaster_description) StdoutLine: {'line': b'-- Generating done\n'}
[11.046635] (robomaster_description) StdoutLine: {'line': b'-- Build files have been written to: /home/cricchetto/Robomaster_WS/build/robomaster_description\n'}
[11.078022] (robomaster_description) CommandEnded: {'returncode': 0}
[11.080743] (robomaster_description) JobProgress: {'identifier': 'robomaster_description', 'progress': 'build'}
[11.081122] (robomaster_description) Command: {'cmd': ['/usr/bin/cmake', '--build', '/home/cricchetto/Robomaster_WS/build/robomaster_description', '--', '-j4', '-l4'], 'cwd': '/home/cricchetto/Robomaster_WS/build/robomaster_description', 'env': OrderedDict([('LESSOPEN', '| /usr/bin/lesspipe %s'), ('USER', 'cricchetto'), ('SSH_CLIENT', '172.18.147.201 42814 22'), ('LC_TIME', 'es_AR.UTF-8'), ('XDG_SESSION_TYPE', 'tty'), ('SHLVL', '1'), ('LD_LIBRARY_PATH', '/opt/ros/humble/opt/rviz_ogre_vendor/lib:/opt/ros/humble/lib/aarch64-linux-gnu:/opt/ros/humble/lib'), ('MOTD_SHOWN', 'pam'), ('HOME', '/home/cricchetto'), ('OLDPWD', '/home/cricchetto/Robomaster_WS/src'), ('SSH_TTY', '/dev/pts/0'), ('ROS_PYTHON_VERSION', '3'), ('LC_MONETARY', 'es_AR.UTF-8'), ('DBUS_SESSION_BUS_ADDRESS', 'unix:path=/run/user/1000/bus'), ('ROS_DISTRO', 'humble'), ('LOGNAME', 'cricchetto'), ('_', '/usr/bin/colcon'), ('ROS_VERSION', '2'), ('XDG_SESSION_CLASS', 'user'), ('TERM', 'xterm-256color'), ('XDG_SESSION_ID', '1'), ('ROS_LOCALHOST_ONLY', '0'), ('PATH', '/opt/ros/humble/bin:/usr/local/sbin:/usr/local/bin:/usr/sbin:/usr/bin:/sbin:/bin:/usr/games:/usr/local/games:/snap/bin'), ('LC_ADDRESS', 'es_AR.UTF-8'), ('XDG_RUNTIME_DIR', '/run/user/1000'), ('DISPLAY', 'localhost:10.0'), ('LANG', 'en_US.UTF-8'), ('LC_TELEPHONE', 'es_AR.UTF-8'), ('LS_COLORS', 'rs=0:di=01;34:ln=01;36:mh=00:pi=40;33:so=01;35:do=01;35:bd=40;33;01:cd=40;33;01:or=40;31;01:mi=00:su=37;41:sg=30;43:ca=30;41:tw=30;42:ow=34;42:st=37;44:ex=01;32:*.tar=01;31:*.tgz=01;31:*.arc=01;31:*.arj=01;31:*.taz=01;31:*.lha=01;31:*.lz4=01;31:*.lzh=01;31:*.lzma=01;31:*.tlz=01;31:*.txz=01;31:*.tzo=01;31:*.t7z=01;31:*.zip=01;31:*.z=01;31:*.dz=01;31:*.gz=01;31:*.lrz=01;31:*.lz=01;31:*.lzo=01;31:*.xz=01;31:*.zst=01;31:*.tzst=01;31:*.bz2=01;31:*.bz=01;31:*.tbz=01;31:*.tbz2=01;31:*.tz=01;31:*.deb=01;31:*.rpm=01;31:*.jar=01;31:*.war=01;31:*.ear=01;31:*.sar=01;31:*.rar=01;31:*.alz=01;31:*.ace=01;31:*.zoo=01;31:*.cpio=01;31:*.7z=01;31:*.rz=01;31:*.cab=01;31:*.wim=01;31:*.swm=01;31:*.dwm=01;31:*.esd=01;31:*.jpg=01;35:*.jpeg=01;35:*.mjpg=01;35:*.mjpeg=01;35:*.gif=01;35:*.bmp=01;35:*.pbm=01;35:*.pgm=01;35:*.ppm=01;35:*.tga=01;35:*.xbm=01;35:*.xpm=01;35:*.tif=01;35:*.tiff=01;35:*.png=01;35:*.svg=01;35:*.svgz=01;35:*.mng=01;35:*.pcx=01;35:*.mov=01;35:*.mpg=01;35:*.mpeg=01;35:*.m2v=01;35:*.mkv=01;35:*.webm=01;35:*.webp=01;35:*.ogm=01;35:*.mp4=01;35:*.m4v=01;35:*.mp4v=01;35:*.vob=01;35:*.qt=01;35:*.nuv=01;35:*.wmv=01;35:*.asf=01;35:*.rm=01;35:*.rmvb=01;35:*.flc=01;35:*.avi=01;35:*.fli=01;35:*.flv=01;35:*.gl=01;35:*.dl=01;35:*.xcf=01;35:*.xwd=01;35:*.yuv=01;35:*.cgm=01;35:*.emf=01;35:*.ogv=01;35:*.ogx=01;35:*.aac=00;36:*.au=00;36:*.flac=00;36:*.m4a=00;36:*.mid=00;36:*.midi=00;36:*.mka=00;36:*.mp3=00;36:*.mpc=00;36:*.ogg=00;36:*.ra=00;36:*.wav=00;36:*.oga=00;36:*.opus=00;36:*.spx=00;36:*.xspf=00;36:'), ('AMENT_PREFIX_PATH', '/opt/ros/humble'), ('SHELL', '/bin/bash'), ('LC_NAME', 'es_AR.UTF-8'), ('LESSCLOSE', '/usr/bin/lesspipe %s %s'), ('LC_MEASUREMENT', 'es_AR.UTF-8'), ('LC_IDENTIFICATION', 'es_AR.UTF-8'), ('PWD', '/home/cricchetto/Robomaster_WS/build/robomaster_description'), ('LC_ALL', 'en_US.UTF-8'), ('SSH_CONNECTION', '172.18.147.201 42814 172.18.147.143 22'), ('XDG_DATA_DIRS', '/usr/local/share:/usr/share:/var/lib/snapd/desktop'), ('PYTHONPATH', '/opt/ros/humble/lib/python3.10/site-packages:/opt/ros/humble/local/lib/python3.10/dist-packages'), ('LC_NUMERIC', 'es_AR.UTF-8'), ('LC_PAPER', 'es_AR.UTF-8'), ('COLCON', '1'), ('CMAKE_PREFIX_PATH', '/opt/ros/humble')]), 'shell': False}
[11.099300] (multirobot_map_merge) StdoutLine: {'line': b'-- Found rmw_implementation_cmake: 6.1.2 (/opt/ros/humble/share/rmw_implementation_cmake/cmake)\n'}
[11.107777] (-) TimerEvent: {}
[11.126578] (multirobot_map_merge) StdoutLine: {'line': b'-- Found rmw_fastrtps_cpp: 6.2.9 (/opt/ros/humble/share/rmw_fastrtps_cpp/cmake)\n'}
[11.145864] (explore_lite) StdoutLine: {'line': b'-- Found visualization_msgs: 4.9.0 (/opt/ros/humble/share/visualization_msgs/cmake)\n'}
[11.208028] (-) TimerEvent: {}
[11.214970] (robomaster_msgs) StdoutLine: {'line': b'-- Using all available rosidl_typesupport_cpp: rosidl_typesupport_fastrtps_cpp;rosidl_typesupport_introspection_cpp\n'}
[11.259584] (explore_lite) StdoutLine: {'line': b'-- Found nav2_costmap_2d: 1.1.20 (/opt/ros/humble/share/nav2_costmap_2d/cmake)\n'}
[11.266404] (robomaster_description) CommandEnded: {'returncode': 0}
[11.267728] (robomaster_description) JobProgress: {'identifier': 'robomaster_description', 'progress': 'install'}
[11.306848] (robomaster_description) Command: {'cmd': ['/usr/bin/cmake', '--install', '/home/cricchetto/Robomaster_WS/build/robomaster_description'], 'cwd': '/home/cricchetto/Robomaster_WS/build/robomaster_description', 'env': OrderedDict([('LESSOPEN', '| /usr/bin/lesspipe %s'), ('USER', 'cricchetto'), ('SSH_CLIENT', '172.18.147.201 42814 22'), ('LC_TIME', 'es_AR.UTF-8'), ('XDG_SESSION_TYPE', 'tty'), ('SHLVL', '1'), ('LD_LIBRARY_PATH', '/opt/ros/humble/opt/rviz_ogre_vendor/lib:/opt/ros/humble/lib/aarch64-linux-gnu:/opt/ros/humble/lib'), ('MOTD_SHOWN', 'pam'), ('HOME', '/home/cricchetto'), ('OLDPWD', '/home/cricchetto/Robomaster_WS/src'), ('SSH_TTY', '/dev/pts/0'), ('ROS_PYTHON_VERSION', '3'), ('LC_MONETARY', 'es_AR.UTF-8'), ('DBUS_SESSION_BUS_ADDRESS', 'unix:path=/run/user/1000/bus'), ('ROS_DISTRO', 'humble'), ('LOGNAME', 'cricchetto'), ('_', '/usr/bin/colcon'), ('ROS_VERSION', '2'), ('XDG_SESSION_CLASS', 'user'), ('TERM', 'xterm-256color'), ('XDG_SESSION_ID', '1'), ('ROS_LOCALHOST_ONLY', '0'), ('PATH', '/opt/ros/humble/bin:/usr/local/sbin:/usr/local/bin:/usr/sbin:/usr/bin:/sbin:/bin:/usr/games:/usr/local/games:/snap/bin'), ('LC_ADDRESS', 'es_AR.UTF-8'), ('XDG_RUNTIME_DIR', '/run/user/1000'), ('DISPLAY', 'localhost:10.0'), ('LANG', 'en_US.UTF-8'), ('LC_TELEPHONE', 'es_AR.UTF-8'), ('LS_COLORS', 'rs=0:di=01;34:ln=01;36:mh=00:pi=40;33:so=01;35:do=01;35:bd=40;33;01:cd=40;33;01:or=40;31;01:mi=00:su=37;41:sg=30;43:ca=30;41:tw=30;42:ow=34;42:st=37;44:ex=01;32:*.tar=01;31:*.tgz=01;31:*.arc=01;31:*.arj=01;31:*.taz=01;31:*.lha=01;31:*.lz4=01;31:*.lzh=01;31:*.lzma=01;31:*.tlz=01;31:*.txz=01;31:*.tzo=01;31:*.t7z=01;31:*.zip=01;31:*.z=01;31:*.dz=01;31:*.gz=01;31:*.lrz=01;31:*.lz=01;31:*.lzo=01;31:*.xz=01;31:*.zst=01;31:*.tzst=01;31:*.bz2=01;31:*.bz=01;31:*.tbz=01;31:*.tbz2=01;31:*.tz=01;31:*.deb=01;31:*.rpm=01;31:*.jar=01;31:*.war=01;31:*.ear=01;31:*.sar=01;31:*.rar=01;31:*.alz=01;31:*.ace=01;31:*.zoo=01;31:*.cpio=01;31:*.7z=01;31:*.rz=01;31:*.cab=01;31:*.wim=01;31:*.swm=01;31:*.dwm=01;31:*.esd=01;31:*.jpg=01;35:*.jpeg=01;35:*.mjpg=01;35:*.mjpeg=01;35:*.gif=01;35:*.bmp=01;35:*.pbm=01;35:*.pgm=01;35:*.ppm=01;35:*.tga=01;35:*.xbm=01;35:*.xpm=01;35:*.tif=01;35:*.tiff=01;35:*.png=01;35:*.svg=01;35:*.svgz=01;35:*.mng=01;35:*.pcx=01;35:*.mov=01;35:*.mpg=01;35:*.mpeg=01;35:*.m2v=01;35:*.mkv=01;35:*.webm=01;35:*.webp=01;35:*.ogm=01;35:*.mp4=01;35:*.m4v=01;35:*.mp4v=01;35:*.vob=01;35:*.qt=01;35:*.nuv=01;35:*.wmv=01;35:*.asf=01;35:*.rm=01;35:*.rmvb=01;35:*.flc=01;35:*.avi=01;35:*.fli=01;35:*.flv=01;35:*.gl=01;35:*.dl=01;35:*.xcf=01;35:*.xwd=01;35:*.yuv=01;35:*.cgm=01;35:*.emf=01;35:*.ogv=01;35:*.ogx=01;35:*.aac=00;36:*.au=00;36:*.flac=00;36:*.m4a=00;36:*.mid=00;36:*.midi=00;36:*.mka=00;36:*.mp3=00;36:*.mpc=00;36:*.ogg=00;36:*.ra=00;36:*.wav=00;36:*.oga=00;36:*.opus=00;36:*.spx=00;36:*.xspf=00;36:'), ('AMENT_PREFIX_PATH', '/opt/ros/humble'), ('SHELL', '/bin/bash'), ('LC_NAME', 'es_AR.UTF-8'), ('LESSCLOSE', '/usr/bin/lesspipe %s %s'), ('LC_MEASUREMENT', 'es_AR.UTF-8'), ('LC_IDENTIFICATION', 'es_AR.UTF-8'), ('PWD', '/home/cricchetto/Robomaster_WS/build/robomaster_description'), ('LC_ALL', 'en_US.UTF-8'), ('SSH_CONNECTION', '172.18.147.201 42814 172.18.147.143 22'), ('XDG_DATA_DIRS', '/usr/local/share:/usr/share:/var/lib/snapd/desktop'), ('PYTHONPATH', '/opt/ros/humble/lib/python3.10/site-packages:/opt/ros/humble/local/lib/python3.10/dist-packages'), ('LC_NUMERIC', 'es_AR.UTF-8'), ('LC_PAPER', 'es_AR.UTF-8'), ('COLCON', '1'), ('CMAKE_PREFIX_PATH', '/opt/ros/humble')]), 'shell': False}
[11.308498] (-) TimerEvent: {}
[11.346519] (robomaster_description) StdoutLine: {'line': b'-- Install configuration: ""\n'}
[11.348066] (robomaster_description) StdoutLine: {'line': b'-- Installing: /home/cricchetto/Robomaster_WS/install/robomaster_description/share/robomaster_description/urdf\n'}
[11.350220] (robomaster_description) StdoutLine: {'line': b'-- Installing: /home/cricchetto/Robomaster_WS/install/robomaster_description/share/robomaster_description/urdf/base.urdf.xacro\n'}
[11.351762] (robomaster_msgs) StdoutLine: {'line': b'-- Found PythonInterp: /usr/bin/python3 (found suitable version "3.10.12", minimum required is "3.6") \n'}
[11.352689] (robomaster_description) StdoutLine: {'line': b'-- Installing: /home/cricchetto/Robomaster_WS/install/robomaster_description/share/robomaster_description/urdf/camera.urdf.xacro\n'}
[11.354140] (robomaster_description) StdoutLine: {'line': b'-- Installing: /home/cricchetto/Robomaster_WS/install/robomaster_description/share/robomaster_description/urdf/model.urdf\n'}
[11.355999] (robomaster_description) StdoutLine: {'line': b'-- Installing: /home/cricchetto/Robomaster_WS/install/robomaster_description/share/robomaster_description/urdf/camera.urdf copia de seguridad dijo esteban por las dudas (nunca se sabe en este mundo).xacro\n'}
[11.357715] (robomaster_description) StdoutLine: {'line': b'-- Installing: /home/cricchetto/Robomaster_WS/install/robomaster_description/share/robomaster_description/urdf/gripper.urdf.xacro\n'}
[11.359283] (robomaster_description) StdoutLine: {'line': b'-- Installing: /home/cricchetto/Robomaster_WS/install/robomaster_description/share/robomaster_description/urdf/robomaster_ep.urdf.xacro\n'}
[11.360739] (robomaster_description) StdoutLine: {'line': b'-- Installing: /home/cricchetto/Robomaster_WS/install/robomaster_description/share/robomaster_description/urdf/wheel.urdf.xacro\n'}
[11.362092] (robomaster_description) StdoutLine: {'line': b'-- Installing: /home/cricchetto/Robomaster_WS/install/robomaster_description/share/robomaster_description/urdf/tof.urdf.xacro\n'}
[11.363503] (robomaster_description) StdoutLine: {'line': b'-- Installing: /home/cricchetto/Robomaster_WS/install/robomaster_description/share/robomaster_description/urdf/camera(copia de seguridad extra(no funciona)).urdf.xacro\n'}
[11.365118] (robomaster_description) StdoutLine: {'line': b'-- Installing: /home/cricchetto/Robomaster_WS/install/robomaster_description/share/robomaster_description/urdf/lidar.urdf.xacro\n'}
[11.366489] (robomaster_description) StdoutLine: {'line': b'-- Installing: /home/cricchetto/Robomaster_WS/install/robomaster_description/share/robomaster_description/urdf/robomaster_s1.urdf.xacro\n'}
[11.367937] (robomaster_description) StdoutLine: {'line': b'-- Installing: /home/cricchetto/Robomaster_WS/install/robomaster_description/share/robomaster_description/urdf/led.urdf.xacro\n'}
[11.368948] (robomaster_msgs) StdoutLine: {'line': b'-- Found python_cmake_module: 0.10.0 (/opt/ros/humble/share/python_cmake_module/cmake)\n'}
[11.369604] (robomaster_description) StdoutLine: {'line': b'-- Installing: /home/cricchetto/Robomaster_WS/install/robomaster_description/share/robomaster_description/urdf/arm.urdf.xacro\n'}
[11.370968] (robomaster_description) StdoutLine: {'line': b'-- Installing: /home/cricchetto/Robomaster_WS/install/robomaster_description/share/robomaster_description/urdf/gimbal.urdf.xacro\n'}
[11.372728] (robomaster_description) StdoutLine: {'line': b'-- Installing: /home/cricchetto/Robomaster_WS/install/robomaster_description/share/robomaster_description/urdf/extension.urdf.xacro\n'}
[11.374178] (robomaster_description) StdoutLine: {'line': b'-- Installing: /home/cricchetto/Robomaster_WS/install/robomaster_description/share/robomaster_description/urdf/intelligent_controller.urdf.xacro\n'}
[11.375900] (robomaster_description) StdoutLine: {'line': b'-- Installing: /home/cricchetto/Robomaster_WS/install/robomaster_description/share/robomaster_description/launch\n'}
[11.376920] (robomaster_description) StdoutLine: {'line': b'-- Installing: /home/cricchetto/Robomaster_WS/install/robomaster_description/share/robomaster_description/launch/robomaster_view.launch.py\n'}
[11.378402] (robomaster_description) StdoutLine: {'line': b'-- Installing: /home/cricchetto/Robomaster_WS/install/robomaster_description/share/robomaster_description/launch/main.launch\n'}
[11.380179] (robomaster_description) StdoutLine: {'line': b'-- Installing: /home/cricchetto/Robomaster_WS/install/robomaster_description/share/robomaster_description/launch/model.launch.py\n'}
[11.381688] (robomaster_description) StdoutLine: {'line': b'-- Installing: /home/cricchetto/Robomaster_WS/install/robomaster_description/share/robomaster_description/meshes\n'}
[11.384107] (robomaster_description) StdoutLine: {'line': b'-- Installing: /home/cricchetto/Robomaster_WS/install/robomaster_description/share/robomaster_description/meshes/gimbal_left_led_4.dae\n'}
[11.385837] (robomaster_description) StdoutLine: {'line': b'-- Installing: /home/cricchetto/Robomaster_WS/install/robomaster_description/share/robomaster_description/meshes/right_gripper_6_collision.dae\n'}
[11.387624] (robomaster_description) StdoutLine: {'line': b'-- Installing: /home/cricchetto/Robomaster_WS/install/robomaster_description/share/robomaster_description/meshes/rod_collision.dae\n'}
[11.389471] (robomaster_description) StdoutLine: {'line': b'-- Installing: /home/cricchetto/Robomaster_WS/install/robomaster_description/share/robomaster_description/meshes/endpoint_bracket_collision.dae\n'}
[11.391165] (robomaster_description) StdoutLine: {'line': b'-- Installing: /home/cricchetto/Robomaster_WS/install/robomaster_description/share/robomaster_description/meshes/right_led.dae\n'}
[11.392924] (robomaster_description) StdoutLine: {'line': b'-- Installing: /home/cricchetto/Robomaster_WS/install/robomaster_description/share/robomaster_description/meshes/gripper_left_5.dae\n'}
[11.395194] (robomaster_description) StdoutLine: {'line': b'-- Installing: /home/cricchetto/Robomaster_WS/install/robomaster_description/share/robomaster_description/meshes/triangle_collision.dae\n'}
[11.396854] (robomaster_description) StdoutLine: {'line': b'-- Installing: /home/cricchetto/Robomaster_WS/install/robomaster_description/share/robomaster_description/meshes/right_gripper_2.dae\n'}
[11.398531] (robomaster_description) StdoutLine: {'line': b'-- Installing: /home/cricchetto/Robomaster_WS/install/robomaster_description/share/robomaster_description/meshes/gimbal.dae\n'}
[11.402453] (robomaster_description) StdoutLine: {'line': b'-- Installing: /home/cricchetto/Robomaster_WS/install/robomaster_description/share/robomaster_description/meshes/speaker.dae\n'}
[11.404189] (robomaster_description) StdoutLine: {'line': b'-- Installing: /home/cricchetto/Robomaster_WS/install/robomaster_description/share/robomaster_description/meshes/right_servo.dae\n'}
[11.406906] (robomaster_description) StdoutLine: {'line': b'-- Installing: /home/cricchetto/Robomaster_WS/install/robomaster_description/share/robomaster_description/meshes/gimbal_base_collision.dae\n'}
[11.408609] (robomaster_description) StdoutLine: {'line': b'-- Installing: /home/cricchetto/Robomaster_WS/install/robomaster_description/share/robomaster_description/meshes/TOP_Normal_OpenGL.png.001.png\n'}
[11.409163] (-) TimerEvent: {}
[11.418282] (robomaster_description) StdoutLine: {'line': b'-- Installing: /home/cricchetto/Robomaster_WS/install/robomaster_description/share/robomaster_description/meshes/gimbal_left_led.dae\n'}
[11.420082] (robomaster_description) StdoutLine: {'line': b'-- Installing: /home/cricchetto/Robomaster_WS/install/robomaster_description/share/robomaster_description/meshes/arm_1.dae\n'}
[11.422505] (robomaster_description) StdoutLine: {'line': b'-- Installing: /home/cricchetto/Robomaster_WS/install/robomaster_description/share/robomaster_description/meshes/gimbal_right_led_0.dae\n'}
[11.423962] (robomaster_description) StdoutLine: {'line': b'-- Installing: /home/cricchetto/Robomaster_WS/install/robomaster_description/share/robomaster_description/meshes/gripper_left_2.dae\n'}
[11.425797] (robomaster_description) StdoutLine: {'line': b'-- Installing: /home/cricchetto/Robomaster_WS/install/robomaster_description/share/robomaster_description/meshes/arm_1_cylinder.dae\n'}
[11.427516] (robomaster_description) StdoutLine: {'line': b'-- Installing: /home/cricchetto/Robomaster_WS/install/robomaster_description/share/robomaster_description/meshes/gimbal_left_led_5.dae\n'}
[11.429147] (robomaster_description) StdoutLine: {'line': b'-- Installing: /home/cricchetto/Robomaster_WS/install/robomaster_description/share/robomaster_description/meshes/gripper_left_6_collision.dae\n'}
[11.430700] (robomaster_description) StdoutLine: {'line': b'-- Installing: /home/cricchetto/Robomaster_WS/install/robomaster_description/share/robomaster_description/meshes/gripper_left_1.dae\n'}
[11.432747] (robomaster_description) StdoutLine: {'line': b'-- Installing: /home/cricchetto/Robomaster_WS/install/robomaster_description/share/robomaster_description/meshes/gripper_base_collision.dae\n'}
[11.434352] (robomaster_description) StdoutLine: {'line': b'-- Installing: /home/cricchetto/Robomaster_WS/install/robomaster_description/share/robomaster_description/meshes/wifi_antenna_left.dae\n'}
[11.436474] (robomaster_description) StdoutLine: {'line': b'-- Installing: /home/cricchetto/Robomaster_WS/install/robomaster_description/share/robomaster_description/meshes/rear_right_wheel.dae\n'}
[11.442823] (robomaster_description) StdoutLine: {'line': b'-- Installing: /home/cricchetto/Robomaster_WS/install/robomaster_description/share/robomaster_description/meshes/gimbal_right_led7.dae\n'}
[11.444704] (robomaster_description) StdoutLine: {'line': b'-- Installing: /home/cricchetto/Robomaster_WS/install/robomaster_description/share/robomaster_description/meshes/gimbal_collision.dae\n'}
[11.446647] (robomaster_description) StdoutLine: {'line': b'-- Installing: /home/cricchetto/Robomaster_WS/install/robomaster_description/share/robomaster_description/meshes/EP_all_01_b.png\n'}
[11.451635] (robomaster_description) StdoutLine: {'line': b'-- Installing: /home/cricchetto/Robomaster_WS/install/robomaster_description/share/robomaster_description/meshes/gimbal_left_led_2.dae\n'}
[11.453117] (robomaster_description) StdoutLine: {'line': b'-- Installing: /home/cricchetto/Robomaster_WS/install/robomaster_description/share/robomaster_description/meshes/right_hit_sensor.dae\n'}
[11.455256] (robomaster_description) StdoutLine: {'line': b'-- Installing: /home/cricchetto/Robomaster_WS/install/robomaster_description/share/robomaster_description/meshes/blaster_gun_collision.dae\n'}
[11.457178] (robomaster_description) StdoutLine: {'line': b'-- Installing: /home/cricchetto/Robomaster_WS/install/robomaster_description/share/robomaster_description/meshes/gimbal_right_led_4.dae\n'}
[11.458809] (robomaster_description) StdoutLine: {'line': b'-- Installing: /home/cricchetto/Robomaster_WS/install/robomaster_description/share/robomaster_description/meshes/battery.dae\n'}
[11.462067] (robomaster_description) StdoutLine: {'line': b'-- Installing: /home/cricchetto/Robomaster_WS/install/robomaster_description/share/robomaster_description/meshes/blaster_top_collision.dae\n'}
[11.465293] (robomaster_description) StdoutLine: {'line': b'-- Installing: /home/cricchetto/Robomaster_WS/install/robomaster_description/share/robomaster_description/meshes/gripper_left_collision.dae\n'}
[11.467959] (robomaster_description) StdoutLine: {'line': b'-- Installing: /home/cricchetto/Robomaster_WS/install/robomaster_description/share/robomaster_description/meshes/wifi_antenna_right.dae\n'}
[11.470570] (robomaster_description) StdoutLine: {'line': b'-- Installing: /home/cricchetto/Robomaster_WS/install/robomaster_description/share/robomaster_description/meshes/right_gripper_1.dae\n'}
[11.473647] (robomaster_description) StdoutLine: {'line': b'-- Installing: /home/cricchetto/Robomaster_WS/install/robomaster_description/share/robomaster_description/meshes/gripper_left_5_collision.dae\n'}
[11.475953] (robomaster_description) StdoutLine: {'line': b'-- Installing: /home/cricchetto/Robomaster_WS/install/robomaster_description/share/robomaster_description/meshes/arm_base.dae\n'}
[11.481804] (robomaster_description) StdoutLine: {'line': b'-- Installing: /home/cricchetto/Robomaster_WS/install/robomaster_description/share/robomaster_description/meshes/rear_left_wheel.dae\n'}
[11.487939] (robomaster_description) StdoutLine: {'line': b'-- Installing: /home/cricchetto/Robomaster_WS/install/robomaster_description/share/robomaster_description/meshes/gimbal_left_led_3.dae\n'}
[11.489646] (robomaster_description) StdoutLine: {'line': b'-- Installing: /home/cricchetto/Robomaster_WS/install/robomaster_description/share/robomaster_description/meshes/gimbal_left_led_6.dae\n'}
[11.491315] (robomaster_description) StdoutLine: {'line': b'-- Installing: /home/cricchetto/Robomaster_WS/install/robomaster_description/share/robomaster_description/meshes/gripper_left_7.dae\n'}
[11.493396] (robomaster_description) StdoutLine: {'line': b'-- Installing: /home/cricchetto/Robomaster_WS/install/robomaster_description/share/robomaster_description/meshes/controller.dae\n'}
[11.497125] (robomaster_description) StdoutLine: {'line': b'-- Installing: /home/cricchetto/Robomaster_WS/install/robomaster_description/share/robomaster_description/meshes/triangle.dae\n'}
[11.499031] (robomaster_msgs) StdoutLine: {'line': b'-- Found PythonLibs: /usr/lib/aarch64-linux-gnu/libpython3.10.so (found suitable version "3.10.12", minimum required is "3.5") \n'}
[11.500169] (robomaster_description) StdoutLine: {'line': b'-- Installing: /home/cricchetto/Robomaster_WS/install/robomaster_description/share/robomaster_description/meshes/camera.dae\n'}
[11.501013] (robomaster_msgs) StdoutLine: {'line': b'-- Using PYTHON_EXECUTABLE: /usr/bin/python3\n'}
[11.501720] (robomaster_msgs) StdoutLine: {'line': b'-- Using PYTHON_INCLUDE_DIRS: /usr/include/python3.10\n'}
[11.502390] (robomaster_msgs) StdoutLine: {'line': b'-- Using PYTHON_LIBRARIES: /usr/lib/aarch64-linux-gnu/libpython3.10.so\n'}
[11.502831] (robomaster_description) StdoutLine: {'line': b'-- Installing: /home/cricchetto/Robomaster_WS/install/robomaster_description/share/robomaster_description/meshes/rod_2_collision.dae\n'}
[11.503467] (robomaster_description) StdoutLine: {'line': b'-- Installing: /home/cricchetto/Robomaster_WS/install/robomaster_description/share/robomaster_description/meshes/arm_1_collision.dae\n'}
[11.505715] (robomaster_description) StdoutLine: {'line': b'-- Installing: /home/cricchetto/Robomaster_WS/install/robomaster_description/share/robomaster_description/meshes/rod_2.dae\n'}
[11.507883] (robomaster_description) StdoutLine: {'line': b'-- Installing: /home/cricchetto/Robomaster_WS/install/robomaster_description/share/robomaster_description/meshes/rod_3.dae\n'}
[11.509413] (-) TimerEvent: {}
[11.510725] (robomaster_description) StdoutLine: {'line': b'-- Installing: /home/cricchetto/Robomaster_WS/install/robomaster_description/share/robomaster_description/meshes/battery_pin_right.dae\n'}
[11.514313] (robomaster_description) StdoutLine: {'line': b'-- Installing: /home/cricchetto/Robomaster_WS/install/robomaster_description/share/robomaster_description/meshes/endpoint_bracket.dae\n'}
[11.516916] (robomaster_description) StdoutLine: {'line': b'-- Installing: /home/cricchetto/Robomaster_WS/install/robomaster_description/share/robomaster_description/meshes/front_left_wheel.dae\n'}
[11.522995] (robomaster_description) StdoutLine: {'line': b'-- Installing: /home/cricchetto/Robomaster_WS/install/robomaster_description/share/robomaster_description/meshes/right_gripper_4_collision.dae\n'}
[11.524670] (robomaster_description) StdoutLine: {'line': b'-- Installing: /home/cricchetto/Robomaster_WS/install/robomaster_description/share/robomaster_description/meshes/blaster_top.dae\n'}
[11.529674] (robomaster_description) StdoutLine: {'line': b'-- Installing: /home/cricchetto/Robomaster_WS/install/robomaster_description/share/robomaster_description/meshes/blaster_magazin_collision.dae\n'}
[11.531549] (robomaster_description) StdoutLine: {'line': b'-- Installing: /home/cricchetto/Robomaster_WS/install/robomaster_description/share/robomaster_description/meshes/base_collision.dae\n'}
[11.533641] (robomaster_description) StdoutLine: {'line': b'-- Installing: /home/cricchetto/Robomaster_WS/install/robomaster_description/share/robomaster_description/meshes/gimbal_left_armor.dae\n'}
[11.536026] (robomaster_description) StdoutLine: {'line': b'-- Installing: /home/cricchetto/Robomaster_WS/install/robomaster_description/share/robomaster_description/meshes/extension_support.dae\n'}
[11.538671] (robomaster_description) StdoutLine: {'line': b'-- Installing: /home/cricchetto/Robomaster_WS/install/robomaster_description/share/robomaster_description/meshes/right_gripper_6.dae\n'}
[11.540609] (robomaster_description) StdoutLine: {'line': b'-- Installing: /home/cricchetto/Robomaster_WS/install/robomaster_description/share/robomaster_description/meshes/controller_cover.dae\n'}
[11.542894] (robomaster_description) StdoutLine: {'line': b'-- Installing: /home/cricchetto/Robomaster_WS/install/robomaster_description/share/robomaster_description/meshes/right_gripper_5_collision.dae\n'}
[11.544810] (robomaster_description) StdoutLine: {'line': b'-- Installing: /home/cricchetto/Robomaster_WS/install/robomaster_description/share/robomaster_description/meshes/gripper_left_4_collision.dae\n'}
[11.546568] (robomaster_description) StdoutLine: {'line': b'-- Installing: /home/cricchetto/Robomaster_WS/install/robomaster_description/share/robomaster_description/meshes/TOP_Normal_OpenGL.png\n'}
[11.556067] (robomaster_description) StdoutLine: {'line': b'-- Installing: /home/cricchetto/Robomaster_WS/install/robomaster_description/share/robomaster_description/meshes/rear_hit_sensor.dae\n'}
[11.558017] (robomaster_description) StdoutLine: {'line': b'-- Installing: /home/cricchetto/Robomaster_WS/install/robomaster_description/share/robomaster_description/meshes/right_gripper_5.dae\n'}
[11.560657] (robomaster_description) StdoutLine: {'line': b'-- Installing: /home/cricchetto/Robomaster_WS/install/robomaster_description/share/robomaster_description/meshes/rod_1.dae\n'}
[11.562786] (robomaster_description) StdoutLine: {'line': b'-- Installing: /home/cricchetto/Robomaster_WS/install/robomaster_description/share/robomaster_description/meshes/left_hit_sensor.dae\n'}
[11.565073] (robomaster_description) StdoutLine: {'line': b'-- Installing: /home/cricchetto/Robomaster_WS/install/robomaster_description/share/robomaster_description/meshes/TOP_Base_Color.png\n'}
[11.567149] (robomaster_description) StdoutLine: {'line': b'-- Installing: /home/cricchetto/Robomaster_WS/install/robomaster_description/share/robomaster_description/meshes/gimbal_right_led_2.dae\n'}
[11.568822] (robomaster_description) StdoutLine: {'line': b'-- Installing: /home/cricchetto/Robomaster_WS/install/robomaster_description/share/robomaster_description/meshes/speaker_collision.dae\n'}
[11.570551] (robomaster_description) StdoutLine: {'line': b'-- Installing: /home/cricchetto/Robomaster_WS/install/robomaster_description/share/robomaster_description/meshes/arm_2_bar_2.dae\n'}
[11.572452] (robomaster_description) StdoutLine: {'line': b'-- Installing: /home/cricchetto/Robomaster_WS/install/robomaster_description/share/robomaster_description/meshes/right_gripper_7_collision.dae\n'}
[11.574161] (robomaster_description) StdoutLine: {'line': b'-- Installing: /home/cricchetto/Robomaster_WS/install/robomaster_description/share/robomaster_description/meshes/battery_pin_left.dae\n'}
[11.578552] (robomaster_description) StdoutLine: {'line': b'-- Installing: /home/cricchetto/Robomaster_WS/install/robomaster_description/share/robomaster_description/meshes/blaster_gun.dae\n'}
[11.581612] (robomaster_description) StdoutLine: {'line': b'-- Installing: /home/cricchetto/Robomaster_WS/install/robomaster_description/share/robomaster_description/meshes/blaster_bug.dae\n'}
[11.583668] (robomaster_description) StdoutLine: {'line': b'-- Installing: /home/cricchetto/Robomaster_WS/install/robomaster_description/share/robomaster_description/meshes/intelligent_controller.dae\n'}
[11.587732] (robomaster_description) StdoutLine: {'line': b'-- Installing: /home/cricchetto/Robomaster_WS/install/robomaster_description/share/robomaster_description/meshes/gripper_base.dae\n'}
[11.591845] (robomaster_description) StdoutLine: {'line': b'-- Installing: /home/cricchetto/Robomaster_WS/install/robomaster_description/share/robomaster_description/meshes/arm_base_collision.dae\n'}
[11.593616] (robomaster_description) StdoutLine: {'line': b'-- Installing: /home/cricchetto/Robomaster_WS/install/robomaster_description/share/robomaster_description/meshes/arm_2_collision.dae\n'}
[11.595550] (robomaster_description) StdoutLine: {'line': b'-- Installing: /home/cricchetto/Robomaster_WS/install/robomaster_description/share/robomaster_description/meshes/gimbal_right_led_5.dae\n'}
[11.597520] (robomaster_description) StdoutLine: {'line': b'-- Installing: /home/cricchetto/Robomaster_WS/install/robomaster_description/share/robomaster_description/meshes/gimbal_side.dae\n'}
[11.599481] (robomaster_description) StdoutLine: {'line': b'-- Installing: /home/cricchetto/Robomaster_WS/install/robomaster_description/share/robomaster_description/meshes/armor.dae\n'}
[11.606170] (robomaster_description) StdoutLine: {'line': b'-- Installing: /home/cricchetto/Robomaster_WS/install/robomaster_description/share/robomaster_description/meshes/rear_led.dae\n'}
[11.609105] (robomaster_description) StdoutLine: {'line': b'-- Installing: /home/cricchetto/Robomaster_WS/install/robomaster_description/share/robomaster_description/meshes/gimbal_base.dae\n'}
[11.609911] (-) TimerEvent: {}
[11.612915] (robomaster_description) StdoutLine: {'line': b'-- Installing: /home/cricchetto/Robomaster_WS/install/robomaster_description/share/robomaster_description/meshes/gripper_left_4.dae\n'}
[11.615893] (robomaster_description) StdoutLine: {'line': b'-- Installing: /home/cricchetto/Robomaster_WS/install/robomaster_description/share/robomaster_description/meshes/right_gripper_7.dae\n'}
[11.618827] (robomaster_description) StdoutLine: {'line': b'-- Installing: /home/cricchetto/Robomaster_WS/install/robomaster_description/share/robomaster_description/meshes/gimbal_left_led_1.dae\n'}
[11.620887] (robomaster_description) StdoutLine: {'line': b'-- Installing: /home/cricchetto/Robomaster_WS/install/robomaster_description/share/robomaster_description/meshes/gimbal_right_led_6.dae\n'}
[11.622555] (robomaster_description) StdoutLine: {'line': b'-- Installing: /home/cricchetto/Robomaster_WS/install/robomaster_description/share/robomaster_description/meshes/gimbal_right_armor.dae\n'}
[11.625266] (robomaster_description) StdoutLine: {'line': b'-- Installing: /home/cricchetto/Robomaster_WS/install/robomaster_description/share/robomaster_description/meshes/front_hit_sensor.dae\n'}
[11.626000] (robomaster_msgs) StdoutLine: {'line': b'-- Found PythonExtra: .so  \n'}
[11.627438] (robomaster_description) StdoutLine: {'line': b'-- Installing: /home/cricchetto/Robomaster_WS/install/robomaster_description/share/robomaster_description/meshes/gimbal_left_led_0.dae\n'}
[11.629017] (robomaster_description) StdoutLine: {'line': b'-- Installing: /home/cricchetto/Robomaster_WS/install/robomaster_description/share/robomaster_description/meshes/extension_base.dae\n'}
[11.634010] (robomaster_description) StdoutLine: {'line': b'-- Installing: /home/cricchetto/Robomaster_WS/install/robomaster_description/share/robomaster_description/meshes/rod_1_collision.dae\n'}
[11.635676] (robomaster_description) StdoutLine: {'line': b'-- Installing: /home/cricchetto/Robomaster_WS/install/robomaster_description/share/robomaster_description/meshes/rod.dae\n'}
[11.637539] (robomaster_description) StdoutLine: {'line': b'-- Installing: /home/cricchetto/Robomaster_WS/install/robomaster_description/share/robomaster_description/meshes/gripper_left_6.dae\n'}
[11.639855] (robomaster_description) StdoutLine: {'line': b'-- Installing: /home/cricchetto/Robomaster_WS/install/robomaster_description/share/robomaster_description/meshes/wheel.dae\n'}
[11.645572] (robomaster_description) StdoutLine: {'line': b'-- Installing: /home/cricchetto/Robomaster_WS/install/robomaster_description/share/robomaster_description/meshes/gimbal_right_led_3.dae\n'}
[11.647099] (robomaster_description) StdoutLine: {'line': b'-- Installing: /home/cricchetto/Robomaster_WS/install/robomaster_description/share/robomaster_description/meshes/gimbal_left_led_7.dae\n'}
[11.648812] (robomaster_description) StdoutLine: {'line': b'-- Installing: /home/cricchetto/Robomaster_WS/install/robomaster_description/share/robomaster_description/meshes/rod_3_collision.dae\n'}
[11.650429] (robomaster_description) StdoutLine: {'line': b'-- Installing: /home/cricchetto/Robomaster_WS/install/robomaster_description/share/robomaster_description/meshes/gripper_left_2_collision.dae\n'}
[11.652239] (robomaster_description) StdoutLine: {'line': b'-- Installing: /home/cricchetto/Robomaster_WS/install/robomaster_description/share/robomaster_description/meshes/left_led.dae\n'}
[11.654076] (robomaster_description) StdoutLine: {'line': b'-- Installing: /home/cricchetto/Robomaster_WS/install/robomaster_description/share/robomaster_description/meshes/blaster_magazin.dae\n'}
[11.655902] (robomaster_description) StdoutLine: {'line': b'-- Installing: /home/cricchetto/Robomaster_WS/install/robomaster_description/share/robomaster_description/meshes/gimbal_right_led.dae\n'}
[11.657645] (robomaster_description) StdoutLine: {'line': b'-- Installing: /home/cricchetto/Robomaster_WS/install/robomaster_description/share/robomaster_description/meshes/front_right_wheel.dae\n'}
[11.663280] (robomaster_description) StdoutLine: {'line': b'-- Installing: /home/cricchetto/Robomaster_WS/install/robomaster_description/share/robomaster_description/meshes/right_gripper_2_collision.dae\n'}
[11.665142] (robomaster_description) StdoutLine: {'line': b'-- Installing: /home/cricchetto/Robomaster_WS/install/robomaster_description/share/robomaster_description/meshes/arm_2_bar_1.dae\n'}
[11.666704] (robomaster_description) StdoutLine: {'line': b'-- Installing: /home/cricchetto/Robomaster_WS/install/robomaster_description/share/robomaster_description/meshes/led.dae\n'}
[11.668413] (robomaster_description) StdoutLine: {'line': b'-- Installing: /home/cricchetto/Robomaster_WS/install/robomaster_description/share/robomaster_description/meshes/hit_sensor.dae\n'}
[11.670433] (robomaster_description) StdoutLine: {'line': b'-- Installing: /home/cricchetto/Robomaster_WS/install/robomaster_description/share/robomaster_description/meshes/gimbal_right_led_1.dae\n'}
[11.672033] (robomaster_description) StdoutLine: {'line': b'-- Installing: /home/cricchetto/Robomaster_WS/install/robomaster_description/share/robomaster_description/meshes/chassis.dae\n'}
[11.692144] (multirobot_map_merge) StdoutLine: {'line': b'-- Found OpenSSL: /usr/lib/aarch64-linux-gnu/libcrypto.so (found version "3.0.2")  \n'}
[11.710161] (-) TimerEvent: {}
[11.717934] (robomaster_description) StdoutLine: {'line': b'-- Installing: /home/cricchetto/Robomaster_WS/install/robomaster_description/share/robomaster_description/meshes/front_led.dae\n'}
[11.719499] (robomaster_description) StdoutLine: {'line': b'-- Installing: /home/cricchetto/Robomaster_WS/install/robomaster_description/share/robomaster_description/meshes/arm_2.dae\n'}
[11.722335] (robomaster_description) StdoutLine: {'line': b'-- Installing: /home/cricchetto/Robomaster_WS/install/robomaster_description/share/robomaster_description/meshes/TOP_Base_Color.png.001.png\n'}
[11.724371] (robomaster_description) StdoutLine: {'line': b'-- Installing: /home/cricchetto/Robomaster_WS/install/robomaster_description/share/robomaster_description/meshes/left_servo.dae\n'}
[11.727117] (robomaster_description) StdoutLine: {'line': b'-- Installing: /home/cricchetto/Robomaster_WS/install/robomaster_description/share/robomaster_description/meshes/right_gripper_4.dae\n'}
[11.729219] (robomaster_description) StdoutLine: {'line': b'-- Installing: /home/cricchetto/Robomaster_WS/install/robomaster_description/share/robomaster_description/meshes/gimbal_right_led_7.dae\n'}
[11.731713] (robomaster_description) StdoutLine: {'line': b'-- Installing: /home/cricchetto/Robomaster_WS/install/robomaster_description/share/ament_index/resource_index/package_run_dependencies/robomaster_description\n'}
[11.734001] (robomaster_description) StdoutLine: {'line': b'-- Installing: /home/cricchetto/Robomaster_WS/install/robomaster_description/share/ament_index/resource_index/parent_prefix_path/robomaster_description\n'}
[11.736548] (robomaster_description) StdoutLine: {'line': b'-- Installing: /home/cricchetto/Robomaster_WS/install/robomaster_description/share/robomaster_description/environment/ament_prefix_path.sh\n'}
[11.738420] (robomaster_description) StdoutLine: {'line': b'-- Installing: /home/cricchetto/Robomaster_WS/install/robomaster_description/share/robomaster_description/environment/ament_prefix_path.dsv\n'}
[11.740477] (robomaster_description) StdoutLine: {'line': b'-- Installing: /home/cricchetto/Robomaster_WS/install/robomaster_description/share/robomaster_description/environment/path.sh\n'}
[11.742199] (robomaster_description) StdoutLine: {'line': b'-- Installing: /home/cricchetto/Robomaster_WS/install/robomaster_description/share/robomaster_description/environment/path.dsv\n'}
[11.744053] (robomaster_description) StdoutLine: {'line': b'-- Installing: /home/cricchetto/Robomaster_WS/install/robomaster_description/share/robomaster_description/local_setup.bash\n'}
[11.745970] (robomaster_description) StdoutLine: {'line': b'-- Installing: /home/cricchetto/Robomaster_WS/install/robomaster_description/share/robomaster_description/local_setup.sh\n'}
[11.747852] (robomaster_description) StdoutLine: {'line': b'-- Installing: /home/cricchetto/Robomaster_WS/install/robomaster_description/share/robomaster_description/local_setup.zsh\n'}
[11.749476] (robomaster_description) StdoutLine: {'line': b'-- Installing: /home/cricchetto/Robomaster_WS/install/robomaster_description/share/robomaster_description/local_setup.dsv\n'}
[11.751074] (robomaster_description) StdoutLine: {'line': b'-- Installing: /home/cricchetto/Robomaster_WS/install/robomaster_description/share/robomaster_description/package.dsv\n'}
[11.753043] (robomaster_description) StdoutLine: {'line': b'-- Installing: /home/cricchetto/Robomaster_WS/install/robomaster_description/share/ament_index/resource_index/packages/robomaster_description\n'}
[11.755077] (robomaster_description) StdoutLine: {'line': b'-- Installing: /home/cricchetto/Robomaster_WS/install/robomaster_description/share/robomaster_description/cmake/robomaster_descriptionConfig.cmake\n'}
[11.756778] (robomaster_description) StdoutLine: {'line': b'-- Installing: /home/cricchetto/Robomaster_WS/install/robomaster_description/share/robomaster_description/cmake/robomaster_descriptionConfig-version.cmake\n'}
[11.758519] (robomaster_description) StdoutLine: {'line': b'-- Installing: /home/cricchetto/Robomaster_WS/install/robomaster_description/share/robomaster_description/package.xml\n'}
[11.766167] (robomaster_description) CommandEnded: {'returncode': 0}
[11.810338] (-) TimerEvent: {}
[11.859477] (robomaster_description) JobEnded: {'identifier': 'robomaster_description', 'rc': 0}
[11.863075] (sllidar_ros2) JobStarted: {'identifier': 'sllidar_ros2'}
[11.897764] (multirobot_map_merge) StdoutLine: {'line': b'-- Found FastRTPS: /opt/ros/humble/include  \n'}
[11.910637] (-) TimerEvent: {}
[11.911826] (sllidar_ros2) JobProgress: {'identifier': 'sllidar_ros2', 'progress': 'cmake'}
[11.914043] (sllidar_ros2) Command: {'cmd': ['/usr/bin/cmake', '/home/cricchetto/Robomaster_WS/src/sllidar_ros2', '-DCMAKE_INSTALL_PREFIX=/home/cricchetto/Robomaster_WS/install/sllidar_ros2'], 'cwd': '/home/cricchetto/Robomaster_WS/build/sllidar_ros2', 'env': OrderedDict([('LESSOPEN', '| /usr/bin/lesspipe %s'), ('USER', 'cricchetto'), ('SSH_CLIENT', '172.18.147.201 42814 22'), ('LC_TIME', 'es_AR.UTF-8'), ('XDG_SESSION_TYPE', 'tty'), ('SHLVL', '1'), ('LD_LIBRARY_PATH', '/opt/ros/humble/opt/rviz_ogre_vendor/lib:/opt/ros/humble/lib/aarch64-linux-gnu:/opt/ros/humble/lib'), ('MOTD_SHOWN', 'pam'), ('HOME', '/home/cricchetto'), ('OLDPWD', '/home/cricchetto/Robomaster_WS/src'), ('SSH_TTY', '/dev/pts/0'), ('ROS_PYTHON_VERSION', '3'), ('LC_MONETARY', 'es_AR.UTF-8'), ('DBUS_SESSION_BUS_ADDRESS', 'unix:path=/run/user/1000/bus'), ('ROS_DISTRO', 'humble'), ('LOGNAME', 'cricchetto'), ('_', '/usr/bin/colcon'), ('ROS_VERSION', '2'), ('XDG_SESSION_CLASS', 'user'), ('TERM', 'xterm-256color'), ('XDG_SESSION_ID', '1'), ('ROS_LOCALHOST_ONLY', '0'), ('PATH', '/opt/ros/humble/bin:/usr/local/sbin:/usr/local/bin:/usr/sbin:/usr/bin:/sbin:/bin:/usr/games:/usr/local/games:/snap/bin'), ('LC_ADDRESS', 'es_AR.UTF-8'), ('XDG_RUNTIME_DIR', '/run/user/1000'), ('DISPLAY', 'localhost:10.0'), ('LANG', 'en_US.UTF-8'), ('LC_TELEPHONE', 'es_AR.UTF-8'), ('LS_COLORS', 'rs=0:di=01;34:ln=01;36:mh=00:pi=40;33:so=01;35:do=01;35:bd=40;33;01:cd=40;33;01:or=40;31;01:mi=00:su=37;41:sg=30;43:ca=30;41:tw=30;42:ow=34;42:st=37;44:ex=01;32:*.tar=01;31:*.tgz=01;31:*.arc=01;31:*.arj=01;31:*.taz=01;31:*.lha=01;31:*.lz4=01;31:*.lzh=01;31:*.lzma=01;31:*.tlz=01;31:*.txz=01;31:*.tzo=01;31:*.t7z=01;31:*.zip=01;31:*.z=01;31:*.dz=01;31:*.gz=01;31:*.lrz=01;31:*.lz=01;31:*.lzo=01;31:*.xz=01;31:*.zst=01;31:*.tzst=01;31:*.bz2=01;31:*.bz=01;31:*.tbz=01;31:*.tbz2=01;31:*.tz=01;31:*.deb=01;31:*.rpm=01;31:*.jar=01;31:*.war=01;31:*.ear=01;31:*.sar=01;31:*.rar=01;31:*.alz=01;31:*.ace=01;31:*.zoo=01;31:*.cpio=01;31:*.7z=01;31:*.rz=01;31:*.cab=01;31:*.wim=01;31:*.swm=01;31:*.dwm=01;31:*.esd=01;31:*.jpg=01;35:*.jpeg=01;35:*.mjpg=01;35:*.mjpeg=01;35:*.gif=01;35:*.bmp=01;35:*.pbm=01;35:*.pgm=01;35:*.ppm=01;35:*.tga=01;35:*.xbm=01;35:*.xpm=01;35:*.tif=01;35:*.tiff=01;35:*.png=01;35:*.svg=01;35:*.svgz=01;35:*.mng=01;35:*.pcx=01;35:*.mov=01;35:*.mpg=01;35:*.mpeg=01;35:*.m2v=01;35:*.mkv=01;35:*.webm=01;35:*.webp=01;35:*.ogm=01;35:*.mp4=01;35:*.m4v=01;35:*.mp4v=01;35:*.vob=01;35:*.qt=01;35:*.nuv=01;35:*.wmv=01;35:*.asf=01;35:*.rm=01;35:*.rmvb=01;35:*.flc=01;35:*.avi=01;35:*.fli=01;35:*.flv=01;35:*.gl=01;35:*.dl=01;35:*.xcf=01;35:*.xwd=01;35:*.yuv=01;35:*.cgm=01;35:*.emf=01;35:*.ogv=01;35:*.ogx=01;35:*.aac=00;36:*.au=00;36:*.flac=00;36:*.m4a=00;36:*.mid=00;36:*.midi=00;36:*.mka=00;36:*.mp3=00;36:*.mpc=00;36:*.ogg=00;36:*.ra=00;36:*.wav=00;36:*.oga=00;36:*.opus=00;36:*.spx=00;36:*.xspf=00;36:'), ('AMENT_PREFIX_PATH', '/opt/ros/humble'), ('SHELL', '/bin/bash'), ('LC_NAME', 'es_AR.UTF-8'), ('LESSCLOSE', '/usr/bin/lesspipe %s %s'), ('LC_MEASUREMENT', 'es_AR.UTF-8'), ('LC_IDENTIFICATION', 'es_AR.UTF-8'), ('PWD', '/home/cricchetto/Robomaster_WS/build/sllidar_ros2'), ('LC_ALL', 'en_US.UTF-8'), ('SSH_CONNECTION', '172.18.147.201 42814 172.18.147.143 22'), ('XDG_DATA_DIRS', '/usr/local/share:/usr/share:/var/lib/snapd/desktop'), ('PYTHONPATH', '/opt/ros/humble/lib/python3.10/site-packages:/opt/ros/humble/local/lib/python3.10/dist-packages'), ('LC_NUMERIC', 'es_AR.UTF-8'), ('LC_PAPER', 'es_AR.UTF-8'), ('COLCON', '1'), ('CMAKE_PREFIX_PATH', '/opt/ros/humble')]), 'shell': False}
[11.932910] (robomaster_msgs) StdoutLine: {'line': b"-- Added test 'copyright' to check source files copyright and LICENSE\n"}
[11.985851] (robomaster_msgs) StdoutLine: {'line': b"-- Added test 'lint_cmake' to check CMake code style\n"}
[12.010838] (-) TimerEvent: {}
[12.013725] (robomaster_msgs) StdoutLine: {'line': b"-- Added test 'xmllint' to check XML markup files\n"}
[12.053353] (robomaster_msgs) StdoutLine: {'line': b'-- Configuring done\n'}
[12.111197] (-) TimerEvent: {}
[12.178219] (sllidar_ros2) StdoutLine: {'line': b'-- The C compiler identification is GNU 11.4.0\n'}
[12.211384] (-) TimerEvent: {}
[12.223508] (explore_lite) StdoutLine: {'line': b'-- Found ament_lint_auto: 0.12.14 (/opt/ros/humble/share/ament_lint_auto/cmake)\n'}
[12.257795] (multirobot_map_merge) StdoutLine: {'line': b"-- Using RMW implementation 'rmw_fastrtps_cpp' as default\n"}
[12.311587] (-) TimerEvent: {}
[12.340891] (multirobot_map_merge) StdoutLine: {'line': b'-- Looking for pthread.h\n'}
[12.411983] (-) TimerEvent: {}
[12.469254] (sllidar_ros2) StdoutLine: {'line': b'-- The CXX compiler identification is GNU 11.4.0\n'}
[12.502933] (sllidar_ros2) StdoutLine: {'line': b'-- Detecting C compiler ABI info\n'}
[12.512179] (-) TimerEvent: {}
[12.613101] (-) TimerEvent: {}
[12.671035] (robomaster_msgs) StdoutLine: {'line': b'-- Generating done\n'}
[12.713424] (-) TimerEvent: {}
[12.761375] (multirobot_map_merge) StdoutLine: {'line': b'-- Looking for pthread.h - found\n'}
[12.763885] (multirobot_map_merge) StdoutLine: {'line': b'-- Performing Test CMAKE_HAVE_LIBC_PTHREAD\n'}
[12.768985] (robomaster_msgs) StdoutLine: {'line': b'-- Build files have been written to: /home/cricchetto/Robomaster_WS/build/robomaster_msgs\n'}
[12.775980] (explore_lite) StdoutLine: {'line': b'-- Found ament_cmake_gtest: 1.3.12 (/opt/ros/humble/share/ament_cmake_gtest/cmake)\n'}
[12.802166] (explore_lite) StdoutLine: {'line': b"-- Found gtest sources under '/opt/ros/humble/src/gtest_vendor': C++ tests using 'Google Test' will be built\n"}
[12.813967] (-) TimerEvent: {}
[12.828100] (robomaster_msgs) CommandEnded: {'returncode': 0}
[12.831107] (robomaster_msgs) JobProgress: {'identifier': 'robomaster_msgs', 'progress': 'build'}
[12.832620] (robomaster_msgs) Command: {'cmd': ['/usr/bin/cmake', '--build', '/home/cricchetto/Robomaster_WS/build/robomaster_msgs', '--', '-j4', '-l4'], 'cwd': '/home/cricchetto/Robomaster_WS/build/robomaster_msgs', 'env': OrderedDict([('LESSOPEN', '| /usr/bin/lesspipe %s'), ('USER', 'cricchetto'), ('SSH_CLIENT', '172.18.147.201 42814 22'), ('LC_TIME', 'es_AR.UTF-8'), ('XDG_SESSION_TYPE', 'tty'), ('SHLVL', '1'), ('LD_LIBRARY_PATH', '/opt/ros/humble/opt/rviz_ogre_vendor/lib:/opt/ros/humble/lib/aarch64-linux-gnu:/opt/ros/humble/lib'), ('MOTD_SHOWN', 'pam'), ('HOME', '/home/cricchetto'), ('OLDPWD', '/home/cricchetto/Robomaster_WS/src'), ('SSH_TTY', '/dev/pts/0'), ('ROS_PYTHON_VERSION', '3'), ('LC_MONETARY', 'es_AR.UTF-8'), ('DBUS_SESSION_BUS_ADDRESS', 'unix:path=/run/user/1000/bus'), ('ROS_DISTRO', 'humble'), ('LOGNAME', 'cricchetto'), ('_', '/usr/bin/colcon'), ('ROS_VERSION', '2'), ('XDG_SESSION_CLASS', 'user'), ('TERM', 'xterm-256color'), ('XDG_SESSION_ID', '1'), ('ROS_LOCALHOST_ONLY', '0'), ('PATH', '/opt/ros/humble/bin:/usr/local/sbin:/usr/local/bin:/usr/sbin:/usr/bin:/sbin:/bin:/usr/games:/usr/local/games:/snap/bin'), ('LC_ADDRESS', 'es_AR.UTF-8'), ('XDG_RUNTIME_DIR', '/run/user/1000'), ('DISPLAY', 'localhost:10.0'), ('LANG', 'en_US.UTF-8'), ('LC_TELEPHONE', 'es_AR.UTF-8'), ('LS_COLORS', 'rs=0:di=01;34:ln=01;36:mh=00:pi=40;33:so=01;35:do=01;35:bd=40;33;01:cd=40;33;01:or=40;31;01:mi=00:su=37;41:sg=30;43:ca=30;41:tw=30;42:ow=34;42:st=37;44:ex=01;32:*.tar=01;31:*.tgz=01;31:*.arc=01;31:*.arj=01;31:*.taz=01;31:*.lha=01;31:*.lz4=01;31:*.lzh=01;31:*.lzma=01;31:*.tlz=01;31:*.txz=01;31:*.tzo=01;31:*.t7z=01;31:*.zip=01;31:*.z=01;31:*.dz=01;31:*.gz=01;31:*.lrz=01;31:*.lz=01;31:*.lzo=01;31:*.xz=01;31:*.zst=01;31:*.tzst=01;31:*.bz2=01;31:*.bz=01;31:*.tbz=01;31:*.tbz2=01;31:*.tz=01;31:*.deb=01;31:*.rpm=01;31:*.jar=01;31:*.war=01;31:*.ear=01;31:*.sar=01;31:*.rar=01;31:*.alz=01;31:*.ace=01;31:*.zoo=01;31:*.cpio=01;31:*.7z=01;31:*.rz=01;31:*.cab=01;31:*.wim=01;31:*.swm=01;31:*.dwm=01;31:*.esd=01;31:*.jpg=01;35:*.jpeg=01;35:*.mjpg=01;35:*.mjpeg=01;35:*.gif=01;35:*.bmp=01;35:*.pbm=01;35:*.pgm=01;35:*.ppm=01;35:*.tga=01;35:*.xbm=01;35:*.xpm=01;35:*.tif=01;35:*.tiff=01;35:*.png=01;35:*.svg=01;35:*.svgz=01;35:*.mng=01;35:*.pcx=01;35:*.mov=01;35:*.mpg=01;35:*.mpeg=01;35:*.m2v=01;35:*.mkv=01;35:*.webm=01;35:*.webp=01;35:*.ogm=01;35:*.mp4=01;35:*.m4v=01;35:*.mp4v=01;35:*.vob=01;35:*.qt=01;35:*.nuv=01;35:*.wmv=01;35:*.asf=01;35:*.rm=01;35:*.rmvb=01;35:*.flc=01;35:*.avi=01;35:*.fli=01;35:*.flv=01;35:*.gl=01;35:*.dl=01;35:*.xcf=01;35:*.xwd=01;35:*.yuv=01;35:*.cgm=01;35:*.emf=01;35:*.ogv=01;35:*.ogx=01;35:*.aac=00;36:*.au=00;36:*.flac=00;36:*.m4a=00;36:*.mid=00;36:*.midi=00;36:*.mka=00;36:*.mp3=00;36:*.mpc=00;36:*.ogg=00;36:*.ra=00;36:*.wav=00;36:*.oga=00;36:*.opus=00;36:*.spx=00;36:*.xspf=00;36:'), ('AMENT_PREFIX_PATH', '/opt/ros/humble'), ('SHELL', '/bin/bash'), ('LC_NAME', 'es_AR.UTF-8'), ('LESSCLOSE', '/usr/bin/lesspipe %s %s'), ('LC_MEASUREMENT', 'es_AR.UTF-8'), ('LC_IDENTIFICATION', 'es_AR.UTF-8'), ('PWD', '/home/cricchetto/Robomaster_WS/build/robomaster_msgs'), ('LC_ALL', 'en_US.UTF-8'), ('SSH_CONNECTION', '172.18.147.201 42814 172.18.147.143 22'), ('XDG_DATA_DIRS', '/usr/local/share:/usr/share:/var/lib/snapd/desktop'), ('PYTHONPATH', '/opt/ros/humble/lib/python3.10/site-packages:/opt/ros/humble/local/lib/python3.10/dist-packages'), ('LC_NUMERIC', 'es_AR.UTF-8'), ('LC_PAPER', 'es_AR.UTF-8'), ('COLCON', '1'), ('CMAKE_PREFIX_PATH', '/opt/ros/humble')]), 'shell': False}
[12.914154] (-) TimerEvent: {}
[12.915910] (sllidar_ros2) StdoutLine: {'line': b'-- Detecting C compiler ABI info - done\n'}
[12.923621] (explore_lite) StdoutLine: {'line': b"-- Added test 'cppcheck' to perform static code analysis on C / C++ code\n"}
[12.926373] (explore_lite) StdoutLine: {'line': b'-- Configured cppcheck include dirs: /home/cricchetto/Robomaster_WS/src/m-explore-ros2/explore/include;$<BUILD_INTERFACE:/home/cricchetto/Robomaster_WS/src/m-explore-ros2/explore/include>\n'}
[12.927354] (explore_lite) StdoutLine: {'line': b'-- Configured cppcheck exclude dirs and/or files: \n'}
[12.931685] (explore_lite) StdoutLine: {'line': b"-- Added test 'flake8' to check Python code syntax and style conventions\n"}
[12.938402] (explore_lite) StdoutLine: {'line': b"-- Added test 'lint_cmake' to check CMake code style\n"}
[12.943329] (explore_lite) StdoutLine: {'line': b"-- Added test 'pep257' to check Python code against some of the docstring style conventions in PEP 257\n"}
[12.951526] (sllidar_ros2) StdoutLine: {'line': b'-- Check for working C compiler: /usr/bin/cc - skipped\n'}
[12.953536] (sllidar_ros2) StdoutLine: {'line': b'-- Detecting C compile features\n'}
[12.956001] (sllidar_ros2) StdoutLine: {'line': b'-- Detecting C compile features - done\n'}
[12.960839] (explore_lite) StdoutLine: {'line': b"-- Added test 'uncrustify' to check C / C++ code style\n"}
[12.961635] (explore_lite) StdoutLine: {'line': b'-- Configured uncrustify additional arguments: \n'}
[12.965190] (explore_lite) StdoutLine: {'line': b"-- Added test 'xmllint' to check XML markup files\n"}
[12.976184] (sllidar_ros2) StdoutLine: {'line': b'-- Detecting CXX compiler ABI info\n'}
[12.981086] (explore_lite) StdoutLine: {'line': b'-- Configuring done\n'}
[13.014378] (-) TimerEvent: {}
[13.115915] (-) TimerEvent: {}
[13.168564] (robomaster_msgs) StdoutLine: {'line': b'[  0%] \x1b[34m\x1b[1mGenerating C code for ROS interfaces\x1b[0m\n'}
[13.194590] (multirobot_map_merge) StdoutLine: {'line': b'-- Performing Test CMAKE_HAVE_LIBC_PTHREAD - Success\n'}
[13.198985] (multirobot_map_merge) StdoutLine: {'line': b'-- Found Threads: TRUE  \n'}
[13.216186] (-) TimerEvent: {}
[13.258649] (robomaster_msgs) StdoutLine: {'line': b'[  0%] \x1b[34m\x1b[1mGenerating C++ code for ROS interfaces\x1b[0m\n'}
[13.293908] (robomaster_msgs) StdoutLine: {'line': b'[  0%] Built target ament_cmake_python_copy_robomaster_msgs\n'}
[13.316399] (-) TimerEvent: {}
[13.417800] (-) TimerEvent: {}
[13.518893] (-) TimerEvent: {}
[13.619893] (-) TimerEvent: {}
[13.720787] (-) TimerEvent: {}
[13.776370] (sllidar_ros2) StdoutLine: {'line': b'-- Detecting CXX compiler ABI info - done\n'}
[13.806039] (multirobot_map_merge) StdoutLine: {'line': b'-- Found geometry_msgs: 4.9.0 (/opt/ros/humble/share/geometry_msgs/cmake)\n'}
[13.821006] (-) TimerEvent: {}
[13.826645] (sllidar_ros2) StdoutLine: {'line': b'-- Check for working CXX compiler: /usr/bin/c++ - skipped\n'}
[13.833376] (sllidar_ros2) StdoutLine: {'line': b'-- Detecting CXX compile features\n'}
[13.835540] (sllidar_ros2) StdoutLine: {'line': b'-- Detecting CXX compile features - done\n'}
[13.843534] (explore_lite) StdoutLine: {'line': b'-- Generating done\n'}
[13.900465] (sllidar_ros2) StdoutLine: {'line': b'-- Found ament_cmake: 1.3.12 (/opt/ros/humble/share/ament_cmake/cmake)\n'}
[13.921225] (-) TimerEvent: {}
[13.948553] (explore_lite) StdoutLine: {'line': b'-- Build files have been written to: /home/cricchetto/Robomaster_WS/build/explore_lite\n'}
[13.971844] (multirobot_map_merge) StdoutLine: {'line': b'-- Found image_geometry: 3.2.1 (/opt/ros/humble/share/image_geometry/cmake)\n'}
[14.021470] (-) TimerEvent: {}
[14.110317] (explore_lite) CommandEnded: {'returncode': 0}
[14.111930] (explore_lite) JobProgress: {'identifier': 'explore_lite', 'progress': 'build'}
[14.112103] (explore_lite) Command: {'cmd': ['/usr/bin/cmake', '--build', '/home/cricchetto/Robomaster_WS/build/explore_lite', '--', '-j4', '-l4'], 'cwd': '/home/cricchetto/Robomaster_WS/build/explore_lite', 'env': OrderedDict([('LESSOPEN', '| /usr/bin/lesspipe %s'), ('USER', 'cricchetto'), ('SSH_CLIENT', '172.18.147.201 42814 22'), ('LC_TIME', 'es_AR.UTF-8'), ('XDG_SESSION_TYPE', 'tty'), ('SHLVL', '1'), ('LD_LIBRARY_PATH', '/opt/ros/humble/opt/rviz_ogre_vendor/lib:/opt/ros/humble/lib/aarch64-linux-gnu:/opt/ros/humble/lib'), ('MOTD_SHOWN', 'pam'), ('HOME', '/home/cricchetto'), ('OLDPWD', '/home/cricchetto/Robomaster_WS/src'), ('SSH_TTY', '/dev/pts/0'), ('ROS_PYTHON_VERSION', '3'), ('LC_MONETARY', 'es_AR.UTF-8'), ('DBUS_SESSION_BUS_ADDRESS', 'unix:path=/run/user/1000/bus'), ('ROS_DISTRO', 'humble'), ('LOGNAME', 'cricchetto'), ('_', '/usr/bin/colcon'), ('ROS_VERSION', '2'), ('XDG_SESSION_CLASS', 'user'), ('TERM', 'xterm-256color'), ('XDG_SESSION_ID', '1'), ('ROS_LOCALHOST_ONLY', '0'), ('PATH', '/opt/ros/humble/bin:/usr/local/sbin:/usr/local/bin:/usr/sbin:/usr/bin:/sbin:/bin:/usr/games:/usr/local/games:/snap/bin'), ('LC_ADDRESS', 'es_AR.UTF-8'), ('XDG_RUNTIME_DIR', '/run/user/1000'), ('DISPLAY', 'localhost:10.0'), ('LANG', 'en_US.UTF-8'), ('LC_TELEPHONE', 'es_AR.UTF-8'), ('LS_COLORS', 'rs=0:di=01;34:ln=01;36:mh=00:pi=40;33:so=01;35:do=01;35:bd=40;33;01:cd=40;33;01:or=40;31;01:mi=00:su=37;41:sg=30;43:ca=30;41:tw=30;42:ow=34;42:st=37;44:ex=01;32:*.tar=01;31:*.tgz=01;31:*.arc=01;31:*.arj=01;31:*.taz=01;31:*.lha=01;31:*.lz4=01;31:*.lzh=01;31:*.lzma=01;31:*.tlz=01;31:*.txz=01;31:*.tzo=01;31:*.t7z=01;31:*.zip=01;31:*.z=01;31:*.dz=01;31:*.gz=01;31:*.lrz=01;31:*.lz=01;31:*.lzo=01;31:*.xz=01;31:*.zst=01;31:*.tzst=01;31:*.bz2=01;31:*.bz=01;31:*.tbz=01;31:*.tbz2=01;31:*.tz=01;31:*.deb=01;31:*.rpm=01;31:*.jar=01;31:*.war=01;31:*.ear=01;31:*.sar=01;31:*.rar=01;31:*.alz=01;31:*.ace=01;31:*.zoo=01;31:*.cpio=01;31:*.7z=01;31:*.rz=01;31:*.cab=01;31:*.wim=01;31:*.swm=01;31:*.dwm=01;31:*.esd=01;31:*.jpg=01;35:*.jpeg=01;35:*.mjpg=01;35:*.mjpeg=01;35:*.gif=01;35:*.bmp=01;35:*.pbm=01;35:*.pgm=01;35:*.ppm=01;35:*.tga=01;35:*.xbm=01;35:*.xpm=01;35:*.tif=01;35:*.tiff=01;35:*.png=01;35:*.svg=01;35:*.svgz=01;35:*.mng=01;35:*.pcx=01;35:*.mov=01;35:*.mpg=01;35:*.mpeg=01;35:*.m2v=01;35:*.mkv=01;35:*.webm=01;35:*.webp=01;35:*.ogm=01;35:*.mp4=01;35:*.m4v=01;35:*.mp4v=01;35:*.vob=01;35:*.qt=01;35:*.nuv=01;35:*.wmv=01;35:*.asf=01;35:*.rm=01;35:*.rmvb=01;35:*.flc=01;35:*.avi=01;35:*.fli=01;35:*.flv=01;35:*.gl=01;35:*.dl=01;35:*.xcf=01;35:*.xwd=01;35:*.yuv=01;35:*.cgm=01;35:*.emf=01;35:*.ogv=01;35:*.ogx=01;35:*.aac=00;36:*.au=00;36:*.flac=00;36:*.m4a=00;36:*.mid=00;36:*.midi=00;36:*.mka=00;36:*.mp3=00;36:*.mpc=00;36:*.ogg=00;36:*.ra=00;36:*.wav=00;36:*.oga=00;36:*.opus=00;36:*.spx=00;36:*.xspf=00;36:'), ('AMENT_PREFIX_PATH', '/opt/ros/humble'), ('SHELL', '/bin/bash'), ('LC_NAME', 'es_AR.UTF-8'), ('LESSCLOSE', '/usr/bin/lesspipe %s %s'), ('LC_MEASUREMENT', 'es_AR.UTF-8'), ('LC_IDENTIFICATION', 'es_AR.UTF-8'), ('PWD', '/home/cricchetto/Robomaster_WS/build/explore_lite'), ('LC_ALL', 'en_US.UTF-8'), ('SSH_CONNECTION', '172.18.147.201 42814 172.18.147.143 22'), ('XDG_DATA_DIRS', '/usr/local/share:/usr/share:/var/lib/snapd/desktop'), ('PYTHONPATH', '/opt/ros/humble/lib/python3.10/site-packages:/opt/ros/humble/local/lib/python3.10/dist-packages'), ('LC_NUMERIC', 'es_AR.UTF-8'), ('LC_PAPER', 'es_AR.UTF-8'), ('COLCON', '1'), ('CMAKE_PREFIX_PATH', '/opt/ros/humble')]), 'shell': False}
[14.121698] (-) TimerEvent: {}
[14.225035] (-) TimerEvent: {}
[14.275069] (multirobot_map_merge) StdoutLine: {'line': b'-- Found map_msgs: 2.1.0 (/opt/ros/humble/share/map_msgs/cmake)\n'}
[14.325240] (-) TimerEvent: {}
[14.426605] (-) TimerEvent: {}
[14.528166] (-) TimerEvent: {}
[14.536143] (multirobot_map_merge) StdoutLine: {'line': b'-- Found tf2_geometry_msgs: 0.25.17 (/opt/ros/humble/share/tf2_geometry_msgs/cmake)\n'}
[14.628606] (-) TimerEvent: {}
[14.689352] (explore_lite) StdoutLine: {'line': b'[ 10%] \x1b[32mBuilding CXX object gtest/CMakeFiles/gtest_main.dir/src/gtest_main.cc.o\x1b[0m\n'}
[14.721317] (explore_lite) StdoutLine: {'line': b'[ 20%] \x1b[32mBuilding CXX object gtest/CMakeFiles/gtest.dir/src/gtest-all.cc.o\x1b[0m\n'}
[14.728737] (-) TimerEvent: {}
[14.752031] (explore_lite) StdoutLine: {'line': b'[ 30%] \x1b[32mBuilding CXX object CMakeFiles/explore.dir/src/costmap_client.cpp.o\x1b[0m\n'}
[14.784714] (explore_lite) StdoutLine: {'line': b'[ 40%] \x1b[32mBuilding CXX object CMakeFiles/explore.dir/src/explore.cpp.o\x1b[0m\n'}
[14.804139] (multirobot_map_merge) StdoutLine: {'line': b'-- Found eigen3_cmake_module: 0.1.1 (/opt/ros/humble/share/eigen3_cmake_module/cmake)\n'}
[14.810797] (multirobot_map_merge) StdoutLine: {'line': b'-- Found Eigen3: TRUE (found version "3.4.0") \n'}
[14.812013] (multirobot_map_merge) StdoutLine: {'line': b'-- Ensuring Eigen3 include directory is part of orocos-kdl CMake target\n'}
[14.828988] (-) TimerEvent: {}
[14.930738] (-) TimerEvent: {}
[15.032139] (-) TimerEvent: {}
[15.132946] (-) TimerEvent: {}
[15.233820] (-) TimerEvent: {}
[15.335435] (-) TimerEvent: {}
[15.436918] (-) TimerEvent: {}
[15.538586] (-) TimerEvent: {}
[15.640063] (-) TimerEvent: {}
[15.741676] (-) TimerEvent: {}
[15.842988] (-) TimerEvent: {}
[15.847001] (sllidar_ros2) StdoutLine: {'line': b'-- Found Python3: /usr/bin/python3 (found version "3.10.12") found components: Interpreter \n'}
[15.943197] (-) TimerEvent: {}
[16.044703] (-) TimerEvent: {}
[16.146228] (-) TimerEvent: {}
[16.247748] (-) TimerEvent: {}
[16.349290] (-) TimerEvent: {}
[16.375365] (robomaster_msgs) StdoutLine: {'line': b'running egg_info\n'}
[16.394498] (robomaster_msgs) StdoutLine: {'line': b'creating robomaster_msgs.egg-info\n'}
[16.405321] (robomaster_msgs) StdoutLine: {'line': b'writing robomaster_msgs.egg-info/PKG-INFO\n'}
[16.407962] (robomaster_msgs) StdoutLine: {'line': b'writing dependency_links to robomaster_msgs.egg-info/dependency_links.txt\n'}
[16.410584] (robomaster_msgs) StdoutLine: {'line': b'writing top-level names to robomaster_msgs.egg-info/top_level.txt\n'}
[16.412955] (robomaster_msgs) StdoutLine: {'line': b"writing manifest file 'robomaster_msgs.egg-info/SOURCES.txt'\n"}
[16.432778] (robomaster_msgs) StdoutLine: {'line': b"reading manifest file 'robomaster_msgs.egg-info/SOURCES.txt'\n"}
[16.444786] (robomaster_msgs) StdoutLine: {'line': b"writing manifest file 'robomaster_msgs.egg-info/SOURCES.txt'\n"}
[16.449546] (-) TimerEvent: {}
[16.550601] (-) TimerEvent: {}
[16.651636] (-) TimerEvent: {}
[16.752643] (-) TimerEvent: {}
[16.830916] (robomaster_msgs) StdoutLine: {'line': b'[  0%] Built target ament_cmake_python_build_robomaster_msgs_egg\n'}
[16.852868] (-) TimerEvent: {}
[16.954504] (-) TimerEvent: {}
[16.971507] (multirobot_map_merge) StdoutLine: {'line': b'-- Found Boost: /usr/lib/aarch64-linux-gnu/cmake/Boost-1.74.0/BoostConfig.cmake (found version "1.74.0") found components: thread \n'}
[17.027339] (multirobot_map_merge) StdoutLine: {'line': b'-- Found OpenCV: /usr (found version "4.5.4") \n'}
[17.054751] (-) TimerEvent: {}
[17.152874] (multirobot_map_merge) StdoutLine: {'line': b'-- Found ament_lint_auto: 0.12.14 (/opt/ros/humble/share/ament_lint_auto/cmake)\n'}
[17.154986] (-) TimerEvent: {}
[17.175387] (sllidar_ros2) StdoutLine: {'line': b'-- Found rclcpp: 16.0.16 (/opt/ros/humble/share/rclcpp/cmake)\n'}
[17.255491] (-) TimerEvent: {}
[17.357221] (-) TimerEvent: {}
[17.458492] (-) TimerEvent: {}
[17.559716] (-) TimerEvent: {}
[17.660627] (-) TimerEvent: {}
[17.761500] (-) TimerEvent: {}
[17.862377] (-) TimerEvent: {}
[17.980799] (-) TimerEvent: {}
[18.081689] (-) TimerEvent: {}
[18.082839] (sllidar_ros2) StdoutLine: {'line': b'-- Found rosidl_generator_c: 3.1.7 (/opt/ros/humble/share/rosidl_generator_c/cmake)\n'}
[18.181878] (-) TimerEvent: {}
[18.226290] (sllidar_ros2) StdoutLine: {'line': b'-- Found rosidl_adapter: 3.1.7 (/opt/ros/humble/share/rosidl_adapter/cmake)\n'}
[18.282127] (-) TimerEvent: {}
[18.380280] (sllidar_ros2) StdoutLine: {'line': b'-- Found rosidl_generator_cpp: 3.1.7 (/opt/ros/humble/share/rosidl_generator_cpp/cmake)\n'}
[18.382463] (-) TimerEvent: {}
[18.416055] (multirobot_map_merge) StdoutLine: {'line': b'-- Found ament_cmake_gtest: 1.3.12 (/opt/ros/humble/share/ament_cmake_gtest/cmake)\n'}
[18.480362] (multirobot_map_merge) StderrLine: {'line': b'--2025-12-04 15:38:25--  https://raw.githubusercontent.com/hrnr/m-explore-extra/master/map_merge/hector_maps/map00.pgm\n'}
[18.482686] (-) TimerEvent: {}
[18.509111] (multirobot_map_merge) StderrLine: {'line': b'Resolving raw.githubusercontent.com (raw.githubusercontent.com)... 185.199.111.133, 185.199.109.133, 185.199.108.133, ...\n'}
[18.522005] (multirobot_map_merge) StderrLine: {'line': b'Connecting to raw.githubusercontent.com (raw.githubusercontent.com)|185.199.111.133|:443... connected.\n'}
[18.548967] (sllidar_ros2) StdoutLine: {'line': b'-- Using all available rosidl_typesupport_c: rosidl_typesupport_fastrtps_c;rosidl_typesupport_introspection_c\n'}
[18.582922] (-) TimerEvent: {}
[18.683783] (-) TimerEvent: {}
[18.784653] (-) TimerEvent: {}
[18.819800] (sllidar_ros2) StdoutLine: {'line': b'-- Using all available rosidl_typesupport_cpp: rosidl_typesupport_fastrtps_cpp;rosidl_typesupport_introspection_cpp\n'}
[18.884353] (multirobot_map_merge) StderrLine: {'line': b'HTTP request sent, awaiting response... 200 OK\n'}
[18.885307] (-) TimerEvent: {}
[18.885838] (multirobot_map_merge) StderrLine: {'line': b'Length: 4194362 (4.0M) [application/octet-stream]\n'}
[18.886426] (multirobot_map_merge) StderrLine: {'line': b'Saving to: \xe2\x80\x98/home/cricchetto/Robomaster_WS/build/multirobot_map_merge/map00.pgm\xe2\x80\x99\n'}
[18.889217] (multirobot_map_merge) StderrLine: {'line': b'\n'}
[18.909264] (multirobot_map_merge) StderrLine: {'line': b'     0K .......... .......... .......... .......... ..........  1% 2.03M 2s\n'}
[18.924389] (multirobot_map_merge) StderrLine: {'line': b'    50K .......... .......... .......... .......... ..........  2% 3.22M 2s\n'}
[18.930083] (multirobot_map_merge) StderrLine: {'line': b'   100K .......... .......... .......... .......... ..........  3% 8.37M 1s\n'}
[18.934540] (multirobot_map_merge) StderrLine: {'line': b'   150K .......... .......... .......... .......... ..........  4% 11.2M 1s\n'}
[18.945045] (multirobot_map_merge) StderrLine: {'line': b'   200K .......... .......... .......... .......... ..........  6% 4.55M 1s\n'}
[18.953753] (multirobot_map_merge) StderrLine: {'line': b'   250K .......... .......... .......... .......... ..........  7% 5.62M 1s\n'}
[18.965251] (multirobot_map_merge) StderrLine: {'line': b'   300K .......... .......... .......... .......... ..........  8% 5.30M 1s\n'}
[18.979991] (multirobot_map_merge) StderrLine: {'line': b'   350K .......... .......... .......... .......... ..........  9% 3.62M 1s\n'}
[18.985537] (-) TimerEvent: {}
[19.008676] (multirobot_map_merge) StderrLine: {'line': b'   400K .......... .......... .......... .......... .......... 10% 3.41M 1s\n'}
[19.017059] (multirobot_map_merge) StderrLine: {'line': b'   450K .......... .......... .......... .......... .......... 12% 1.90M 1s\n'}
[19.032874] (multirobot_map_merge) StderrLine: {'line': b'   500K .......... .......... .......... .......... .......... 13% 6.25M 1s\n'}
[19.046676] (multirobot_map_merge) StderrLine: {'line': b'   550K .......... .......... .......... .......... .......... 14% 2.26M 1s\n'}
[19.069340] (multirobot_map_merge) StderrLine: {'line': b'   600K .......... .......... .......... .......... .......... 15% 2.12M 1s\n'}
[19.076063] (multirobot_map_merge) StderrLine: {'line': b'   650K .......... .......... .......... .......... .......... 17% 7.32M 1s\n'}
[19.085782] (-) TimerEvent: {}
[19.097627] (multirobot_map_merge) StderrLine: {'line': b'   700K .......... .......... .......... .......... .......... 18% 2.29M 1s\n'}
[19.105507] (multirobot_map_merge) StderrLine: {'line': b'   750K .......... .......... .......... .......... .......... 19% 6.97M 1s\n'}
[19.130532] (multirobot_map_merge) StderrLine: {'line': b'   800K .......... .......... .......... .......... .......... 20% 1.86M 1s\n'}
[19.148213] (multirobot_map_merge) StderrLine: {'line': b'   850K .......... .......... .......... .......... .......... 21% 2.80M 1s\n'}
[19.174869] (multirobot_map_merge) StderrLine: {'line': b'   900K .......... .......... .......... .......... .......... 23% 1.84M 1s\n'}
[19.185974] (-) TimerEvent: {}
[19.187336] (multirobot_map_merge) StderrLine: {'line': b'   950K .......... .......... .......... .......... .......... 24% 4.05M 1s\n'}
[19.207167] (multirobot_map_merge) StderrLine: {'line': b'  1000K .......... .......... .......... .......... .......... 25% 2.47M 1s\n'}
[19.221706] (multirobot_map_merge) StderrLine: {'line': b'  1050K .......... .......... .......... .......... .......... 26% 3.52M 1s\n'}
[19.247271] (multirobot_map_merge) StderrLine: {'line': b'  1100K .......... .......... .......... .......... .......... 28% 1.88M 1s\n'}
[19.262664] (multirobot_map_merge) StderrLine: {'line': b'  1150K .......... .......... .......... .......... .......... 29% 3.43M 1s\n'}
[19.283512] (multirobot_map_merge) StderrLine: {'line': b'  1200K .......... .......... .......... .......... .......... 30% 2.18M 1s\n'}
[19.286395] (-) TimerEvent: {}
[19.315117] (multirobot_map_merge) StderrLine: {'line': b'  1250K .......... .......... .......... .......... .......... 31% 1.55M 1s\n'}
[19.352344] (multirobot_map_merge) StderrLine: {'line': b'  1300K .......... .......... .......... .......... .......... 32% 1.66M 1s\n'}
[19.377547] (multirobot_map_merge) StderrLine: {'line': b'  1350K .......... .......... .......... .......... .......... 34% 1.51M 1s\n'}
[19.386604] (-) TimerEvent: {}
[19.394075] (multirobot_map_merge) StderrLine: {'line': b'  1400K .......... .......... .......... .......... .......... 35% 2.77M 1s\n'}
[19.417434] (multirobot_map_merge) StderrLine: {'line': b'  1450K .......... .......... .......... .......... .......... 36% 2.08M 1s\n'}
[19.431608] (multirobot_map_merge) StderrLine: {'line': b'  1500K .......... .......... .......... .......... .......... 37% 3.78M 1s\n'}
[19.459333] (multirobot_map_merge) StderrLine: {'line': b'  1550K .......... .......... .......... .......... .......... 39% 1.79M 1s\n'}
[19.471205] (multirobot_map_merge) StderrLine: {'line': b'  1600K .......... .......... .......... .......... .......... 40% 3.57M 1s\n'}
[19.483307] (multirobot_map_merge) StderrLine: {'line': b'  1650K .......... .......... .......... .......... .......... 41% 4.08M 1s\n'}
[19.486834] (-) TimerEvent: {}
[19.498687] (multirobot_map_merge) StderrLine: {'line': b'  1700K .......... .......... .......... .......... .......... 42% 3.00M 1s\n'}
[19.501655] (multirobot_map_merge) StderrLine: {'line': b'  1750K .......... .......... .......... .......... .......... 43% 17.5M 1s\n'}
[19.516662] (multirobot_map_merge) StderrLine: {'line': b'  1800K .......... .......... .......... .......... .......... 45% 3.21M 1s\n'}
[19.526965] (multirobot_map_merge) StderrLine: {'line': b'  1850K .......... .......... .......... .......... .......... 46% 4.76M 1s\n'}
[19.529837] (multirobot_map_merge) StderrLine: {'line': b'  1900K .......... .......... .......... .......... .......... 47% 17.1M 1s\n'}
[19.553460] (multirobot_map_merge) StderrLine: {'line': b'  1950K .......... .......... .......... .......... .......... 48% 2.34M 1s\n'}
[19.565175] (multirobot_map_merge) StderrLine: {'line': b'  2000K .......... .......... .......... .......... .......... 50% 3.54M 1s\n'}
[19.586950] (multirobot_map_merge) StderrLine: {'line': b'  2050K .......... .......... .......... .......... .......... 51% 2.28M 1s\n'}
[19.587473] (-) TimerEvent: {}
[19.600233] (multirobot_map_merge) StderrLine: {'line': b'  2100K .......... .......... .......... .......... .......... 52% 3.90M 1s\n'}
[19.621344] (multirobot_map_merge) StderrLine: {'line': b'  2150K .......... .......... .......... .......... .......... 53% 2.30M 1s\n'}
[19.645365] (multirobot_map_merge) StderrLine: {'line': b'  2200K .......... .......... .......... .......... .......... 54% 1.96M 1s\n'}
[19.657882] (multirobot_map_merge) StderrLine: {'line': b'  2250K .......... .......... .......... .......... .......... 56% 3.98M 1s\n'}
[19.676222] (sllidar_ros2) StdoutLine: {'line': b'-- Found rmw_implementation_cmake: 6.1.2 (/opt/ros/humble/share/rmw_implementation_cmake/cmake)\n'}
[19.685433] (multirobot_map_merge) StderrLine: {'line': b'  2300K .......... .......... .......... .......... .......... 57% 1.76M 1s\n'}
[19.687721] (-) TimerEvent: {}
[19.700557] (multirobot_map_merge) StderrLine: {'line': b'  2350K .......... .......... .......... .......... .......... 58% 3.47M 1s\n'}
[19.722485] (multirobot_map_merge) StderrLine: {'line': b'  2400K .......... .......... .......... .......... .......... 59% 2.09M 1s\n'}
[19.723983] (sllidar_ros2) StdoutLine: {'line': b'-- Found rmw_fastrtps_cpp: 6.2.9 (/opt/ros/humble/share/rmw_fastrtps_cpp/cmake)\n'}
[19.737806] (multirobot_map_merge) StderrLine: {'line': b'  2450K .......... .......... .......... .......... .......... 61% 3.22M 1s\n'}
[19.755333] (multirobot_map_merge) StderrLine: {'line': b'  2500K .......... .......... .......... .......... .......... 62% 2.94M 1s\n'}
[19.777447] (multirobot_map_merge) StderrLine: {'line': b'  2550K .......... .......... .......... .......... .......... 63% 4.29M 1s\n'}
[19.787888] (-) TimerEvent: {}
[19.791384] (multirobot_map_merge) StderrLine: {'line': b'  2600K .......... .......... .......... .......... .......... 64% 1.91M 0s\n'}
[19.804884] (multirobot_map_merge) StderrLine: {'line': b'  2650K .......... .......... .......... .......... .......... 65% 3.72M 0s\n'}
[19.829292] (multirobot_map_merge) StderrLine: {'line': b'  2700K .......... .......... .......... .......... .......... 67% 2.03M 0s\n'}
[19.842907] (multirobot_map_merge) StderrLine: {'line': b'  2750K .......... .......... .......... .......... .......... 68% 3.80M 0s\n'}
[19.871153] (multirobot_map_merge) StderrLine: {'line': b'  2800K .......... .......... .......... .......... .......... 69% 1.65M 0s\n'}
[19.881975] (multirobot_map_merge) StderrLine: {'line': b'  2850K .......... .......... .......... .......... .......... 70% 4.53M 0s\n'}
[19.888069] (-) TimerEvent: {}
[19.907522] (multirobot_map_merge) StderrLine: {'line': b'  2900K .......... .......... .......... .......... .......... 72% 1.93M 0s\n'}
[19.918352] (multirobot_map_merge) StderrLine: {'line': b'  2950K .......... .......... .......... .......... .......... 73% 4.61M 0s\n'}
[19.929615] (multirobot_map_merge) StderrLine: {'line': b'  3000K .......... .......... .......... .......... .......... 74% 4.09M 0s\n'}
[19.954258] (multirobot_map_merge) StderrLine: {'line': b'  3050K .......... .......... .......... .......... .......... 75% 2.00M 0s\n'}
[19.980461] (multirobot_map_merge) StderrLine: {'line': b'  3100K .......... .......... .......... .......... .......... 76% 1.80M 0s\n'}
[19.988257] (-) TimerEvent: {}
[19.996184] (multirobot_map_merge) StderrLine: {'line': b'  3150K .......... .......... .......... .......... .......... 78% 17.1M 0s\n'}
[19.998921] (multirobot_map_merge) StderrLine: {'line': b'  3200K .......... .......... .......... .......... .......... 79% 3.12M 0s\n'}
[20.009744] (multirobot_map_merge) StderrLine: {'line': b'  3250K .......... .......... .......... .......... .......... 80% 4.52M 0s\n'}
[20.012532] (multirobot_map_merge) StderrLine: {'line': b'  3300K .......... .......... .......... .......... .......... 81% 17.8M 0s\n'}
[20.025386] (multirobot_map_merge) StderrLine: {'line': b'  3350K .......... .......... .......... .......... .......... 83% 3.85M 0s\n'}
[20.028198] (multirobot_map_merge) StderrLine: {'line': b'  3400K .......... .......... .......... .......... .......... 84% 16.1M 0s\n'}
[20.030996] (multirobot_map_merge) StderrLine: {'line': b'  3450K .......... .......... .......... .......... .......... 85% 17.5M 0s\n'}
[20.033821] (multirobot_map_merge) StderrLine: {'line': b'  3500K .......... .......... .......... .......... .......... 86% 17.5M 0s\n'}
[20.061539] (multirobot_map_merge) StderrLine: {'line': b'  3550K .......... .......... .......... .......... .......... 87% 1.82M 0s\n'}
[20.064518] (multirobot_map_merge) StderrLine: {'line': b'  3600K .......... .......... .......... .......... .......... 89% 13.3M 0s\n'}
[20.067192] (multirobot_map_merge) StderrLine: {'line': b'  3650K .......... .......... .......... .......... .......... 90% 17.4M 0s\n'}
[20.069788] (multirobot_map_merge) StderrLine: {'line': b'  3700K .......... .......... .......... .......... .......... 91% 17.9M 0s\n'}
[20.077297] (multirobot_map_merge) StderrLine: {'line': b'  3750K .......... .......... .......... .......... .......... 92% 7.17M 0s\n'}
[20.088461] (-) TimerEvent: {}
[20.089912] (multirobot_map_merge) StderrLine: {'line': b'  3800K .......... .......... .......... .......... .......... 93% 3.72M 0s\n'}
[20.092666] (multirobot_map_merge) StderrLine: {'line': b'  3850K .......... .......... .......... .......... .......... 95% 16.9M 0s\n'}
[20.095498] (multirobot_map_merge) StderrLine: {'line': b'  3900K .......... .......... .......... .......... .......... 96% 17.4M 0s\n'}
[20.099261] (multirobot_map_merge) StderrLine: {'line': b'  3950K .......... .......... .......... .......... .......... 97% 16.6M 0s\n'}
[20.114316] (multirobot_map_merge) StderrLine: {'line': b'  4000K .......... .......... .......... .......... .......... 98% 3.08M 0s\n'}
[20.116564] (multirobot_map_merge) StderrLine: {'line': b'  4050K .......... .......... .......... .......... ......    100% 19.6M=1.2s\n'}
[20.117454] (multirobot_map_merge) StderrLine: {'line': b'\n'}
[20.117978] (multirobot_map_merge) StderrLine: {'line': b'2025-12-04 15:38:27 (3.25 MB/s) - \xe2\x80\x98/home/cricchetto/Robomaster_WS/build/multirobot_map_merge/map00.pgm\xe2\x80\x99 saved [4194362/4194362]\n'}
[20.118380] (multirobot_map_merge) StderrLine: {'line': b'\n'}
[20.129340] (multirobot_map_merge) StdoutLine: {'line': b'Checking MD5 sum of /home/cricchetto/Robomaster_WS/build/multirobot_map_merge/map00.pgm\n'}
[20.161923] (multirobot_map_merge) StdoutLine: {'line': b'/home/cricchetto/Robomaster_WS/build/multirobot_map_merge/map00.pgm: OK\n'}
[20.188717] (-) TimerEvent: {}
[20.228502] (multirobot_map_merge) StderrLine: {'line': b'--2025-12-04 15:38:27--  https://raw.githubusercontent.com/hrnr/m-explore-extra/master/map_merge/hector_maps/map05.pgm\n'}
[20.279816] (multirobot_map_merge) StderrLine: {'line': b'Resolving raw.githubusercontent.com (raw.githubusercontent.com)... 185.199.109.133, 185.199.108.133, 185.199.110.133, ...\n'}
[20.288926] (-) TimerEvent: {}
[20.293464] (multirobot_map_merge) StderrLine: {'line': b'Connecting to raw.githubusercontent.com (raw.githubusercontent.com)|185.199.109.133|:443... connected.\n'}
[20.389221] (-) TimerEvent: {}
[20.490694] (-) TimerEvent: {}
[20.549208] (sllidar_ros2) StdoutLine: {'line': b'-- Found OpenSSL: /usr/lib/aarch64-linux-gnu/libcrypto.so (found version "3.0.2")  \n'}
[20.590917] (-) TimerEvent: {}
[20.645072] (multirobot_map_merge) StderrLine: {'line': b'HTTP request sent, awaiting response... 200 OK\n'}
[20.646410] (multirobot_map_merge) StderrLine: {'line': b'Length: 4194362 (4.0M) [application/octet-stream]\n'}
[20.647109] (multirobot_map_merge) StderrLine: {'line': b'Saving to: \xe2\x80\x98/home/cricchetto/Robomaster_WS/build/multirobot_map_merge/map05.pgm\xe2\x80\x99\n'}
[20.649058] (multirobot_map_merge) StderrLine: {'line': b'\n'}
[20.666350] (multirobot_map_merge) StderrLine: {'line': b'     0K .......... .......... .......... .......... ..........  1% 2.29M 2s\n'}
[20.682099] (multirobot_map_merge) StderrLine: {'line': b'    50K .......... .......... .......... .......... ..........  2% 3.15M 1s\n'}
[20.687723] (multirobot_map_merge) StderrLine: {'line': b'   100K .......... .......... .......... .......... ..........  3% 8.64M 1s\n'}
[20.691158] (-) TimerEvent: {}
[20.697221] (multirobot_map_merge) StderrLine: {'line': b'   150K .......... .......... .......... .......... ..........  4% 5.17M 1s\n'}
[20.708694] (multirobot_map_merge) StderrLine: {'line': b'   200K .......... .......... .......... .......... ..........  6% 4.73M 1s\n'}
[20.721967] (multirobot_map_merge) StderrLine: {'line': b'   250K .......... .......... .......... .......... ..........  7% 3.62M 1s\n'}
[20.737626] (multirobot_map_merge) StderrLine: {'line': b'   300K .......... .......... .......... .......... ..........  8% 4.01M 1s\n'}
[20.748079] (multirobot_map_merge) StderrLine: {'line': b'   350K .......... .......... .......... .......... ..........  9% 3.35M 1s\n'}
[20.761387] (multirobot_map_merge) StderrLine: {'line': b'   400K .......... .......... .......... .......... .......... 10% 3.93M 1s\n'}
[20.772910] (multirobot_map_merge) StderrLine: {'line': b'   450K .......... .......... .......... .......... .......... 12% 4.24M 1s\n'}
[20.786035] (multirobot_map_merge) StderrLine: {'line': b'   500K .......... .......... .......... .......... .......... 13% 3.91M 1s\n'}
[20.791541] (-) TimerEvent: {}
[20.799773] (multirobot_map_merge) StderrLine: {'line': b'   550K .......... .......... .......... .......... .......... 14% 3.15M 1s\n'}
[20.812185] (multirobot_map_merge) StderrLine: {'line': b'   600K .......... .......... .......... .......... .......... 15% 4.36M 1s\n'}
[20.824818] (multirobot_map_merge) StderrLine: {'line': b'   650K .......... .......... .......... .......... .......... 17% 3.86M 1s\n'}
[20.842708] (multirobot_map_merge) StderrLine: {'line': b'   700K .......... .......... .......... .......... .......... 18% 2.78M 1s\n'}
[20.852874] (multirobot_map_merge) StderrLine: {'line': b'   750K .......... .......... .......... .......... .......... 19% 5.80M 1s\n'}
[20.863979] (multirobot_map_merge) StderrLine: {'line': b'   800K .......... .......... .......... .......... .......... 20% 3.47M 1s\n'}
[20.878425] (multirobot_map_merge) StderrLine: {'line': b'   850K .......... .......... .......... .......... .......... 21% 3.43M 1s\n'}
[20.891897] (-) TimerEvent: {}
[20.894535] (multirobot_map_merge) StderrLine: {'line': b'   900K .......... .......... .......... .......... .......... 23% 5.82M 1s\n'}
[20.901942] (multirobot_map_merge) StderrLine: {'line': b'   950K .......... .......... .......... .......... .......... 24% 3.16M 1s\n'}
[20.917234] (multirobot_map_merge) StderrLine: {'line': b'  1000K .......... .......... .......... .......... .......... 25% 3.23M 1s\n'}
[20.924446] (multirobot_map_merge) StderrLine: {'line': b'  1050K .......... .......... .......... .......... .......... 26% 6.84M 1s\n'}
[20.938676] (multirobot_map_merge) StderrLine: {'line': b'  1100K .......... .......... .......... .......... .......... 28% 3.73M 1s\n'}
[20.954241] (multirobot_map_merge) StderrLine: {'line': b'  1150K .......... .......... .......... .......... .......... 29% 2.90M 1s\n'}
[20.961126] (multirobot_map_merge) StderrLine: {'line': b'  1200K .......... .......... .......... .......... .......... 30% 7.13M 1s\n'}
[20.975331] (multirobot_map_merge) StderrLine: {'line': b'  1250K .......... .......... .......... .......... .......... 31% 3.47M 1s\n'}
[20.980970] (sllidar_ros2) StdoutLine: {'line': b'-- Found FastRTPS: /opt/ros/humble/include  \n'}
[20.989243] (multirobot_map_merge) StderrLine: {'line': b'  1300K .......... .......... .......... .......... .......... 32% 3.63M 1s\n'}
[20.992029] (-) TimerEvent: {}
[21.004032] (multirobot_map_merge) StderrLine: {'line': b'  1350K .......... .......... .......... .......... .......... 34% 3.16M 1s\n'}
[21.010945] (multirobot_map_merge) StderrLine: {'line': b'  1400K .......... .......... .......... .......... .......... 35% 6.88M 1s\n'}
[21.017880] (multirobot_map_merge) StderrLine: {'line': b'  1450K .......... .......... .......... .......... .......... 36% 7.17M 1s\n'}
[21.026020] (multirobot_map_merge) StderrLine: {'line': b'  1500K .......... .......... .......... .......... .......... 37% 7.03M 1s\n'}
[21.033160] (multirobot_map_merge) StderrLine: {'line': b'  1550K .......... .......... .......... .......... .......... 39% 5.76M 1s\n'}
[21.040468] (multirobot_map_merge) StderrLine: {'line': b'  1600K .......... .......... .......... .......... .......... 40% 6.94M 1s\n'}
[21.047817] (multirobot_map_merge) StderrLine: {'line': b'  1650K .......... .......... .......... .......... .......... 41% 6.79M 1s\n'}
[21.055006] (multirobot_map_merge) StderrLine: {'line': b'  1700K .......... .......... .......... .......... .......... 42% 6.97M 1s\n'}
[21.062033] (multirobot_map_merge) StderrLine: {'line': b'  1750K .......... .......... .......... .......... .......... 43% 6.35M 1s\n'}
[21.069225] (multirobot_map_merge) StderrLine: {'line': b'  1800K .......... .......... .......... .......... .......... 45% 6.99M 1s\n'}
[21.076117] (multirobot_map_merge) StderrLine: {'line': b'  1850K .......... .......... .......... .......... .......... 46% 7.17M 0s\n'}
[21.084114] (multirobot_map_merge) StderrLine: {'line': b'  1900K .......... .......... .......... .......... .......... 47% 7.19M 0s\n'}
[21.090777] (multirobot_map_merge) StderrLine: {'line': b'  1950K .......... .......... .......... .......... .......... 48% 6.04M 0s\n'}
[21.092192] (-) TimerEvent: {}
[21.098034] (multirobot_map_merge) StderrLine: {'line': b'  2000K .......... .......... .......... .......... .......... 50% 7.00M 0s\n'}
[21.105276] (multirobot_map_merge) StderrLine: {'line': b'  2050K .......... .......... .......... .......... .......... 51% 6.67M 0s\n'}
[21.114580] (multirobot_map_merge) StderrLine: {'line': b'  2100K .......... .......... .......... .......... .......... 52% 5.98M 0s\n'}
[21.126993] (multirobot_map_merge) StderrLine: {'line': b'  2150K .......... .......... .......... .......... .......... 53% 3.65M 0s\n'}
[21.139361] (multirobot_map_merge) StderrLine: {'line': b'  2200K .......... .......... .......... .......... .......... 54% 3.96M 0s\n'}
[21.151722] (multirobot_map_merge) StderrLine: {'line': b'  2250K .......... .......... .......... .......... .......... 56% 4.17M 0s\n'}
[21.165143] (multirobot_map_merge) StderrLine: {'line': b'  2300K .......... .......... .......... .......... .......... 57% 3.88M 0s\n'}
[21.177409] (multirobot_map_merge) StderrLine: {'line': b'  2350K .......... .......... .......... .......... .......... 58% 3.58M 0s\n'}
[21.190971] (multirobot_map_merge) StderrLine: {'line': b'  2400K .......... .......... .......... .......... .......... 59% 3.68M 0s\n'}
[21.192475] (-) TimerEvent: {}
[21.200535] (multirobot_map_merge) StderrLine: {'line': b'  2450K .......... .......... .......... .......... .......... 61% 4.94M 0s\n'}
[21.213827] (multirobot_map_merge) StderrLine: {'line': b'  2500K .......... .......... .......... .......... .......... 62% 4.03M 0s\n'}
[21.227207] (multirobot_map_merge) StderrLine: {'line': b'  2550K .......... .......... .......... .......... .......... 63% 3.31M 0s\n'}
[21.238043] (multirobot_map_merge) StderrLine: {'line': b'  2600K .......... .......... .......... .......... .......... 64% 4.59M 0s\n'}
[21.250166] (multirobot_map_merge) StderrLine: {'line': b'  2650K .......... .......... .......... .......... .......... 65% 4.12M 0s\n'}
[21.262939] (multirobot_map_merge) StderrLine: {'line': b'  2700K .......... .......... .......... .......... .......... 67% 4.12M 0s\n'}
[21.274583] (multirobot_map_merge) StderrLine: {'line': b'  2750K .......... .......... .......... .......... .......... 68% 3.78M 0s\n'}
[21.286346] (multirobot_map_merge) StderrLine: {'line': b'  2800K .......... .......... .......... .......... .......... 69% 4.17M 0s\n'}
[21.292668] (-) TimerEvent: {}
[21.297747] (multirobot_map_merge) StderrLine: {'line': b'  2850K .......... .......... .......... .......... .......... 70% 4.35M 0s\n'}
[21.310016] (multirobot_map_merge) StderrLine: {'line': b'  2900K .......... .......... .......... .......... .......... 72% 4.29M 0s\n'}
[21.333951] (multirobot_map_merge) StderrLine: {'line': b'  2950K .......... .......... .......... .......... .......... 73% 1.93M 0s\n'}
[21.361647] (multirobot_map_merge) StderrLine: {'line': b'  3000K .......... .......... .......... .......... .......... 74% 1.76M 0s\n'}
[21.379093] (multirobot_map_merge) StderrLine: {'line': b'  3050K .......... .......... .......... .......... .......... 75% 2.84M 0s\n'}
[21.392880] (-) TimerEvent: {}
[21.398386] (multirobot_map_merge) StderrLine: {'line': b'  3100K .......... .......... .......... .......... .......... 76% 2.66M 0s\n'}
[21.425074] (multirobot_map_merge) StderrLine: {'line': b'  3150K .......... .......... .......... .......... .......... 78% 2.09M 0s\n'}
[21.438514] (multirobot_map_merge) StderrLine: {'line': b'  3200K .......... .......... .......... .......... .......... 79% 2.91M 0s\n'}
[21.453182] (multirobot_map_merge) StderrLine: {'line': b'  3250K .......... .......... .......... .......... .......... 80% 3.30M 0s\n'}
[21.460014] (sllidar_ros2) StdoutLine: {'line': b"-- Using RMW implementation 'rmw_fastrtps_cpp' as default\n"}
[21.468878] (multirobot_map_merge) StderrLine: {'line': b'  3300K .......... .......... .......... .......... .......... 81% 3.24M 0s\n'}
[21.484912] (multirobot_map_merge) StderrLine: {'line': b'  3350K .......... .......... .......... .......... .......... 83% 2.91M 0s\n'}
[21.493230] (-) TimerEvent: {}
[21.507694] (multirobot_map_merge) StderrLine: {'line': b'  3400K .......... .......... .......... .......... .......... 84% 2.24M 0s\n'}
[21.544616] (multirobot_map_merge) StderrLine: {'line': b'  3450K .......... .......... .......... .......... .......... 85% 1.29M 0s\n'}
[21.581643] (multirobot_map_merge) StderrLine: {'line': b'  3500K .......... .......... .......... .......... .......... 86% 1.35M 0s\n'}
[21.593648] (-) TimerEvent: {}
[21.609167] (multirobot_map_merge) StderrLine: {'line': b'  3550K .......... .......... .......... .......... .......... 87% 1.95M 0s\n'}
[21.620473] (multirobot_map_merge) StderrLine: {'line': b'  3600K .......... .......... .......... .......... .......... 89% 3.01M 0s\n'}
[21.623610] (multirobot_map_merge) StderrLine: {'line': b'  3650K .......... .......... .......... .......... .......... 90% 15.2M 0s\n'}
[21.626800] (multirobot_map_merge) StderrLine: {'line': b'  3700K .......... .......... .......... .......... .......... 91% 16.0M 0s\n'}
[21.637455] (multirobot_map_merge) StderrLine: {'line': b'  3750K .......... .......... .......... .......... .......... 92% 4.49M 0s\n'}
[21.652308] (multirobot_map_merge) StderrLine: {'line': b'  3800K .......... .......... .......... .......... .......... 93% 3.28M 0s\n'}
[21.655114] (multirobot_map_merge) StderrLine: {'line': b'  3850K .......... .......... .......... .......... .......... 95% 17.5M 0s\n'}
[21.658816] (multirobot_map_merge) StderrLine: {'line': b'  3900K .......... .......... .......... .......... .......... 96% 16.6M 0s\n'}
[21.662030] (multirobot_map_merge) StderrLine: {'line': b'  3950K .......... .......... .......... .......... .......... 97% 13.2M 0s\n'}
[21.665884] (multirobot_map_merge) StderrLine: {'line': b'  4000K .......... .......... .......... .......... .......... 98% 14.7M 0s\n'}
[21.669981] (multirobot_map_merge) StderrLine: {'line': b'  4050K .......... .......... .......... .......... ......    100% 16.9M=1.0s\n'}
[21.671059] (multirobot_map_merge) StderrLine: {'line': b'\n'}
[21.671857] (multirobot_map_merge) StderrLine: {'line': b'2025-12-04 15:38:28 (3.91 MB/s) - \xe2\x80\x98/home/cricchetto/Robomaster_WS/build/multirobot_map_merge/map05.pgm\xe2\x80\x99 saved [4194362/4194362]\n'}
[21.672281] (multirobot_map_merge) StderrLine: {'line': b'\n'}
[21.680796] (multirobot_map_merge) StdoutLine: {'line': b'Checking MD5 sum of /home/cricchetto/Robomaster_WS/build/multirobot_map_merge/map05.pgm\n'}
[21.693829] (-) TimerEvent: {}
[21.720862] (sllidar_ros2) StdoutLine: {'line': b'-- Looking for pthread.h\n'}
[21.721998] (explore_lite) StdoutLine: {'line': b'[ 50%] \x1b[32m\x1b[1mLinking CXX static library libgtest_main.a\x1b[0m\n'}
[21.761892] (multirobot_map_merge) StdoutLine: {'line': b'/home/cricchetto/Robomaster_WS/build/multirobot_map_merge/map05.pgm: OK\n'}
[21.794237] (-) TimerEvent: {}
[21.835457] (multirobot_map_merge) StderrLine: {'line': b'--2025-12-04 15:38:29--  https://raw.githubusercontent.com/hrnr/m-explore-extra/master/map_merge/gmapping_maps/2011-08-09-12-22-52.pgm\n'}
[21.849118] (multirobot_map_merge) StderrLine: {'line': b'Resolving raw.githubusercontent.com (raw.githubusercontent.com)... 185.199.111.133, 185.199.108.133, 185.199.110.133, ...\n'}
[21.863358] (multirobot_map_merge) StderrLine: {'line': b'Connecting to raw.githubusercontent.com (raw.githubusercontent.com)|185.199.111.133|:443... connected.\n'}
[21.894482] (-) TimerEvent: {}
[21.996138] (-) TimerEvent: {}
[22.098003] (-) TimerEvent: {}
[22.149194] (explore_lite) StdoutLine: {'line': b'[ 50%] Built target gtest_main\n'}
[22.198242] (-) TimerEvent: {}
[22.259114] (explore_lite) StdoutLine: {'line': b'[ 60%] \x1b[32mBuilding CXX object CMakeFiles/explore.dir/src/frontier_search.cpp.o\x1b[0m\n'}
[22.298556] (-) TimerEvent: {}
[22.399789] (-) TimerEvent: {}
[22.501612] (-) TimerEvent: {}
[22.595937] (multirobot_map_merge) StderrLine: {'line': b'HTTP request sent, awaiting response... 200 OK\n'}
[22.596744] (multirobot_map_merge) StderrLine: {'line': b'Length: 16000058 (15M) [application/octet-stream]\n'}
[22.597590] (multirobot_map_merge) StderrLine: {'line': b'Saving to: \xe2\x80\x98/home/cricchetto/Robomaster_WS/build/multirobot_map_merge/2011-08-09-12-22-52.pgm\xe2\x80\x99\n'}
[22.601432] (multirobot_map_merge) StderrLine: {'line': b'\n'}
[22.602185] (-) TimerEvent: {}
[22.621695] (multirobot_map_merge) StderrLine: {'line': b'     0K .......... .......... .......... .......... ..........  0% 2.05M 7s\n'}
[22.634531] (sllidar_ros2) StdoutLine: {'line': b'-- Looking for pthread.h - found\n'}
[22.636975] (sllidar_ros2) StdoutLine: {'line': b'-- Performing Test CMAKE_HAVE_LIBC_PTHREAD\n'}
[22.638015] (multirobot_map_merge) StderrLine: {'line': b'    50K .......... .......... .......... .......... ..........  0% 2.83M 6s\n'}
[22.647951] (multirobot_map_merge) StderrLine: {'line': b'   100K .......... .......... .......... .......... ..........  0% 4.76M 5s\n'}
[22.665664] (multirobot_map_merge) StderrLine: {'line': b'   150K .......... .......... .......... .......... ..........  1% 3.55M 5s\n'}
[22.685307] (multirobot_map_merge) StderrLine: {'line': b'   200K .......... .......... .......... .......... ..........  1% 2.10M 5s\n'}
[22.698158] (multirobot_map_merge) StderrLine: {'line': b'   250K .......... .......... .......... .......... ..........  1% 3.78M 5s\n'}
[22.702361] (-) TimerEvent: {}
[22.709862] (multirobot_map_merge) StderrLine: {'line': b'   300K .......... .......... .......... .......... ..........  2% 3.99M 5s\n'}
[22.724758] (multirobot_map_merge) StderrLine: {'line': b'   350K .......... .......... .......... .......... ..........  2% 4.11M 5s\n'}
[22.736252] (multirobot_map_merge) StderrLine: {'line': b'   400K .......... .......... .......... .......... ..........  2% 3.35M 5s\n'}
[22.749440] (multirobot_map_merge) StderrLine: {'line': b'   450K .......... .......... .......... .......... ..........  3% 4.07M 5s\n'}
[22.761440] (multirobot_map_merge) StderrLine: {'line': b'   500K .......... .......... .......... .......... ..........  3% 3.97M 5s\n'}
[22.771688] (multirobot_map_merge) StderrLine: {'line': b'   550K .......... .......... .......... .......... ..........  3% 4.55M 4s\n'}
[22.782335] (multirobot_map_merge) StderrLine: {'line': b'   600K .......... .......... .......... .......... ..........  4% 4.45M 4s\n'}
[22.795105] (multirobot_map_merge) StderrLine: {'line': b'   650K .......... .......... .......... .......... ..........  4% 3.97M 4s\n'}
[22.802593] (-) TimerEvent: {}
[22.805310] (multirobot_map_merge) StderrLine: {'line': b'   700K .......... .......... .......... .......... ..........  4% 4.52M 4s\n'}
[22.821327] (multirobot_map_merge) StderrLine: {'line': b'   750K .......... .......... .......... .......... ..........  5% 3.59M 4s\n'}
[22.831132] (multirobot_map_merge) StderrLine: {'line': b'   800K .......... .......... .......... .......... ..........  5% 4.01M 4s\n'}
[22.842537] (multirobot_map_merge) StderrLine: {'line': b'   850K .......... .......... .......... .......... ..........  5% 4.53M 4s\n'}
[22.868780] (multirobot_map_merge) StderrLine: {'line': b'   900K .......... .......... .......... .......... ..........  6% 1.88M 4s\n'}
[22.882972] (multirobot_map_merge) StderrLine: {'line': b'   950K .......... .......... .......... .......... ..........  6% 3.57M 4s\n'}
[22.902866] (-) TimerEvent: {}
[22.913279] (multirobot_map_merge) StderrLine: {'line': b'  1000K .......... .......... .......... .......... ..........  6% 1.94M 4s\n'}
[22.922709] (multirobot_map_merge) StderrLine: {'line': b'  1050K .......... .......... .......... .......... ..........  7% 2.94M 4s\n'}
[22.938231] (multirobot_map_merge) StderrLine: {'line': b'  1100K .......... .......... .......... .......... ..........  7% 3.17M 4s\n'}
[22.961570] (multirobot_map_merge) StderrLine: {'line': b'  1150K .......... .......... .......... .......... ..........  7% 2.30M 4s\n'}
[22.975354] (multirobot_map_merge) StderrLine: {'line': b'  1200K .......... .......... .......... .......... ..........  7% 3.16M 4s\n'}
[22.998750] (multirobot_map_merge) StderrLine: {'line': b'  1250K .......... .......... .......... .......... ..........  8% 2.38M 4s\n'}
[23.003081] (-) TimerEvent: {}
[23.019416] (multirobot_map_merge) StderrLine: {'line': b'  1300K .......... .......... .......... .......... ..........  8% 2.10M 4s\n'}
[23.035148] (multirobot_map_merge) StderrLine: {'line': b'  1350K .......... .......... .......... .......... ..........  8% 3.22M 4s\n'}
[23.049524] (multirobot_map_merge) StderrLine: {'line': b'  1400K .......... .......... .......... .......... ..........  9% 3.18M 4s\n'}
[23.068051] (multirobot_map_merge) StderrLine: {'line': b'  1450K .......... .......... .......... .......... ..........  9% 2.66M 4s\n'}
[23.081739] (multirobot_map_merge) StderrLine: {'line': b'  1500K .......... .......... .......... .......... ..........  9% 3.64M 4s\n'}
[23.101111] (multirobot_map_merge) StderrLine: {'line': b'  1550K .......... .......... .......... .......... .......... 10% 2.67M 4s\n'}
[23.103463] (-) TimerEvent: {}
[23.108383] (multirobot_map_merge) StderrLine: {'line': b'  1600K .......... .......... .......... .......... .......... 10% 5.61M 4s\n'}
[23.116856] (multirobot_map_merge) StderrLine: {'line': b'  1650K .......... .......... .......... .......... .......... 10% 6.86M 4s\n'}
[23.134847] (multirobot_map_merge) StderrLine: {'line': b'  1700K .......... .......... .......... .......... .......... 11% 2.55M 4s\n'}
[23.142452] (multirobot_map_merge) StderrLine: {'line': b'  1750K .......... .......... .......... .......... .......... 11% 6.56M 4s\n'}
[23.159389] (multirobot_map_merge) StderrLine: {'line': b'  1800K .......... .......... .......... .......... .......... 11% 2.77M 4s\n'}
[23.189293] (multirobot_map_merge) StderrLine: {'line': b'  1850K .......... .......... .......... .......... .......... 12% 1.64M 4s\n'}
[23.203695] (-) TimerEvent: {}
[23.205973] (multirobot_map_merge) StderrLine: {'line': b'  1900K .......... .......... .......... .......... .......... 12% 2.91M 4s\n'}
[23.213741] (multirobot_map_merge) StderrLine: {'line': b'  1950K .......... .......... .......... .......... .......... 12% 6.65M 4s\n'}
[23.245663] (multirobot_map_merge) StderrLine: {'line': b'  2000K .......... .......... .......... .......... .......... 13% 1.55M 4s\n'}
[23.264437] (multirobot_map_merge) StderrLine: {'line': b'  2050K .......... .......... .......... .......... .......... 13% 2.62M 4s\n'}
[23.289229] (multirobot_map_merge) StderrLine: {'line': b'  2100K .......... .......... .......... .......... .......... 13% 2.02M 4s\n'}
[23.303828] (-) TimerEvent: {}
[23.341153] (multirobot_map_merge) StderrLine: {'line': b'  2150K .......... .......... .......... .......... .......... 14% 1.56M 4s\n'}
[23.355803] (multirobot_map_merge) StderrLine: {'line': b'  2200K .......... .......... .......... .......... .......... 14% 1.36M 5s\n'}
[23.364922] (multirobot_map_merge) StderrLine: {'line': b'  2250K .......... .......... .......... .......... .......... 14% 5.19M 4s\n'}
[23.376773] (multirobot_map_merge) StderrLine: {'line': b'  2300K .......... .......... .......... .......... .......... 15% 4.14M 4s\n'}
[23.396909] (multirobot_map_merge) StderrLine: {'line': b'  2350K .......... .......... .......... .......... .......... 15% 2.59M 4s\n'}
[23.404199] (multirobot_map_merge) StderrLine: {'line': b'  2400K .......... .......... .......... .......... .......... 15% 5.59M 4s\n'}
[23.405373] (-) TimerEvent: {}
[23.417504] (multirobot_map_merge) StderrLine: {'line': b'  2450K .......... .......... .......... .......... .......... 15% 3.71M 4s\n'}
[23.432366] (multirobot_map_merge) StderrLine: {'line': b'  2500K .......... .......... .......... .......... .......... 16% 3.32M 4s\n'}
[23.453256] (multirobot_map_merge) StderrLine: {'line': b'  2550K .......... .......... .......... .......... .......... 16% 5.21M 4s\n'}
[23.460825] (multirobot_map_merge) StderrLine: {'line': b'  2600K .......... .......... .......... .......... .......... 16% 2.52M 4s\n'}
[23.467881] (multirobot_map_merge) StderrLine: {'line': b'  2650K .......... .......... .......... .......... .......... 17% 7.04M 4s\n'}
[23.484072] (multirobot_map_merge) StderrLine: {'line': b'  2700K .......... .......... .......... .......... .......... 17% 3.02M 4s\n'}
[23.492306] (multirobot_map_merge) StderrLine: {'line': b'  2750K .......... .......... .......... .......... .......... 17% 6.63M 4s\n'}
[23.504392] (multirobot_map_merge) StderrLine: {'line': b'  2800K .......... .......... .......... .......... .......... 18% 4.27M 4s\n'}
[23.505667] (-) TimerEvent: {}
[23.516753] (multirobot_map_merge) StderrLine: {'line': b'  2850K .......... .......... .......... .......... .......... 18% 4.17M 4s\n'}
[23.529022] (multirobot_map_merge) StderrLine: {'line': b'  2900K .......... .......... .......... .......... .......... 18% 3.36M 4s\n'}
[23.541075] (multirobot_map_merge) StderrLine: {'line': b'  2950K .......... .......... .......... .......... .......... 19% 4.79M 4s\n'}
[23.555723] (multirobot_map_merge) StderrLine: {'line': b'  3000K .......... .......... .......... .......... .......... 19% 2.94M 4s\n'}
[23.565658] (multirobot_map_merge) StderrLine: {'line': b'  3050K .......... .......... .......... .......... .......... 19% 4.85M 4s\n'}
[23.579173] (multirobot_map_merge) StderrLine: {'line': b'  3100K .......... .......... .......... .......... .......... 20% 3.66M 4s\n'}
[23.594251] (multirobot_map_merge) StderrLine: {'line': b'  3150K .......... .......... .......... .......... .......... 20% 3.54M 4s\n'}
[23.605893] (-) TimerEvent: {}
[23.611346] (multirobot_map_merge) StderrLine: {'line': b'  3200K .......... .......... .......... .......... .......... 20% 2.63M 4s\n'}
[23.620125] (multirobot_map_merge) StderrLine: {'line': b'  3250K .......... .......... .......... .......... .......... 21% 5.70M 4s\n'}
[23.630666] (multirobot_map_merge) StderrLine: {'line': b'  3300K .......... .......... .......... .......... .......... 21% 5.63M 4s\n'}
[23.654090] (multirobot_map_merge) StderrLine: {'line': b'  3350K .......... .......... .......... .......... .......... 21% 2.00M 4s\n'}
[23.670542] (multirobot_map_merge) StderrLine: {'line': b'  3400K .......... .......... .......... .......... .......... 22% 2.79M 4s\n'}
[23.686626] (multirobot_map_merge) StderrLine: {'line': b'  3450K .......... .......... .......... .......... .......... 22% 3.21M 4s\n'}
[23.706334] (-) TimerEvent: {}
[23.708656] (multirobot_map_merge) StderrLine: {'line': b'  3500K .......... .......... .......... .......... .......... 22% 3.35M 4s\n'}
[23.743760] (multirobot_map_merge) StderrLine: {'line': b'  3550K .......... .......... .......... .......... .......... 23% 1.22M 4s\n'}
[23.761252] (sllidar_ros2) StdoutLine: {'line': b'-- Performing Test CMAKE_HAVE_LIBC_PTHREAD - Success\n'}
[23.766237] (sllidar_ros2) StdoutLine: {'line': b'-- Found Threads: TRUE  \n'}
[23.788654] (multirobot_map_merge) StderrLine: {'line': b'  3600K .......... .......... .......... .......... .......... 23% 1.39M 4s\n'}
[23.791294] (multirobot_map_merge) StderrLine: {'line': b'  3650K .......... .......... .......... .......... .......... 23% 3.00M 4s\n'}
[23.806510] (-) TimerEvent: {}
[23.810338] (multirobot_map_merge) StderrLine: {'line': b'  3700K .......... .......... .......... .......... .......... 23% 2.56M 4s\n'}
[23.813510] (multirobot_map_merge) StderrLine: {'line': b'  3750K .......... .......... .......... .......... .......... 24% 16.1M 4s\n'}
[23.816685] (multirobot_map_merge) StderrLine: {'line': b'  3800K .......... .......... .......... .......... .......... 24% 14.5M 4s\n'}
[23.820010] (multirobot_map_merge) StderrLine: {'line': b'  3850K .......... .......... .......... .......... .......... 24% 16.2M 4s\n'}
[23.862871] (multirobot_map_merge) StderrLine: {'line': b'  3900K .......... .......... .......... .......... .......... 25% 1.13M 4s\n'}
[23.866703] (multirobot_map_merge) StderrLine: {'line': b'  3950K .......... .......... .......... .......... .......... 25% 16.2M 4s\n'}
[23.883592] (multirobot_map_merge) StderrLine: {'line': b'  4000K .......... .......... .......... .......... .......... 25% 2.93M 4s\n'}
[23.906831] (-) TimerEvent: {}
[23.909831] (multirobot_map_merge) StderrLine: {'line': b'  4050K .......... .......... .......... .......... .......... 26% 1.84M 4s\n'}
[23.924948] (multirobot_map_merge) StderrLine: {'line': b'  4100K .......... .......... .......... .......... .......... 26% 4.48M 4s\n'}
[23.935228] (multirobot_map_merge) StderrLine: {'line': b'  4150K .......... .......... .......... .......... .......... 26% 3.30M 4s\n'}
[23.988351] (multirobot_map_merge) StderrLine: {'line': b'  4200K .......... .......... .......... .......... .......... 27% 1.24M 4s\n'}
[24.003767] (multirobot_map_merge) StderrLine: {'line': b'  4250K .......... .......... .......... .......... .......... 27% 1.77M 4s\n'}
[24.007019] (-) TimerEvent: {}
[24.035321] (multirobot_map_merge) StderrLine: {'line': b'  4300K .......... .......... .......... .......... .......... 27% 1.52M 4s\n'}
[24.053347] (multirobot_map_merge) StderrLine: {'line': b'  4350K .......... .......... .......... .......... .......... 28% 2.90M 4s\n'}
[24.067017] (multirobot_map_merge) StderrLine: {'line': b'  4400K .......... .......... .......... .......... .......... 28% 3.16M 4s\n'}
[24.103409] (multirobot_map_merge) StderrLine: {'line': b'  4450K .......... .......... .......... .......... .......... 28% 1.35M 4s\n'}
[24.107253] (-) TimerEvent: {}
[24.137531] (multirobot_map_merge) StderrLine: {'line': b'  4500K .......... .......... .......... .......... .......... 29% 1.90M 4s\n'}
[24.168935] (multirobot_map_merge) StderrLine: {'line': b'  4550K .......... .......... .......... .......... .......... 29% 1.47M 4s\n'}
[24.186391] (multirobot_map_merge) StderrLine: {'line': b'  4600K .......... .......... .......... .......... .......... 29% 1.94M 4s\n'}
[24.195678] (multirobot_map_merge) StderrLine: {'line': b'  4650K .......... .......... .......... .......... .......... 30% 6.16M 4s\n'}
[24.207560] (-) TimerEvent: {}
[24.211929] (multirobot_map_merge) StderrLine: {'line': b'  4700K .......... .......... .......... .......... .......... 30% 2.98M 4s\n'}
[24.228858] (multirobot_map_merge) StderrLine: {'line': b'  4750K .......... .......... .......... .......... .......... 30% 3.25M 4s\n'}
[24.246120] (multirobot_map_merge) StderrLine: {'line': b'  4800K .......... .......... .......... .......... .......... 31% 2.60M 4s\n'}
[24.285186] (multirobot_map_merge) StderrLine: {'line': b'  4850K .......... .......... .......... .......... .......... 31% 1.27M 4s\n'}
[24.295533] (multirobot_map_merge) StderrLine: {'line': b'  4900K .......... .......... .......... .......... .......... 31% 3.90M 4s\n'}
[24.308149] (-) TimerEvent: {}
[24.350244] (multirobot_map_merge) StderrLine: {'line': b'  4950K .......... .......... .......... .......... .......... 31% 1.14M 4s\n'}
[24.373648] (multirobot_map_merge) StderrLine: {'line': b'  5000K .......... .......... .......... .......... .......... 32% 1.41M 4s\n'}
[24.385956] (multirobot_map_merge) StderrLine: {'line': b'  5050K .......... .......... .......... .......... .......... 32% 3.93M 4s\n'}
[24.402193] (multirobot_map_merge) StderrLine: {'line': b'  5100K .......... .......... .......... .......... .......... 32% 3.13M 4s\n'}
[24.408311] (-) TimerEvent: {}
[24.422346] (multirobot_map_merge) StderrLine: {'line': b'  5150K .......... .......... .......... .......... .......... 33% 2.82M 4s\n'}
[24.439390] (multirobot_map_merge) StderrLine: {'line': b'  5200K .......... .......... .......... .......... .......... 33% 2.50M 4s\n'}
[24.454961] (multirobot_map_merge) StderrLine: {'line': b'  5250K .......... .......... .......... .......... .......... 33% 3.01M 4s\n'}
[24.471199] (multirobot_map_merge) StderrLine: {'line': b'  5300K .......... .......... .......... .......... .......... 34% 3.20M 4s\n'}
[24.488088] (multirobot_map_merge) StderrLine: {'line': b'  5350K .......... .......... .......... .......... .......... 34% 2.90M 4s\n'}
[24.503174] (multirobot_map_merge) StderrLine: {'line': b'  5400K .......... .......... .......... .......... .......... 34% 2.99M 4s\n'}
[24.508578] (-) TimerEvent: {}
[24.522601] (multirobot_map_merge) StderrLine: {'line': b'  5450K .......... .......... .......... .......... .......... 35% 2.52M 4s\n'}
[24.538439] (multirobot_map_merge) StderrLine: {'line': b'  5500K .......... .......... .......... .......... .......... 35% 3.18M 4s\n'}
[24.558385] (multirobot_map_merge) StderrLine: {'line': b'  5550K .......... .......... .......... .......... .......... 35% 2.74M 4s\n'}
[24.573169] (multirobot_map_merge) StderrLine: {'line': b'  5600K .......... .......... .......... .......... .......... 36% 2.82M 3s\n'}
[24.590463] (multirobot_map_merge) StderrLine: {'line': b'  5650K .......... .......... .......... .......... .......... 36% 2.88M 3s\n'}
[24.606669] (multirobot_map_merge) StderrLine: {'line': b'  5700K .......... .......... .......... .......... .......... 36% 3.15M 3s\n'}
[24.608979] (-) TimerEvent: {}
[24.624085] (multirobot_map_merge) StderrLine: {'line': b'  5750K .......... .......... .......... .......... .......... 37% 2.83M 3s\n'}
[24.639907] (multirobot_map_merge) StderrLine: {'line': b'  5800K .......... .......... .......... .......... .......... 37% 2.82M 3s\n'}
[24.655276] (multirobot_map_merge) StderrLine: {'line': b'  5850K .......... .......... .......... .......... .......... 37% 3.41M 3s\n'}
[24.670280] (multirobot_map_merge) StderrLine: {'line': b'  5900K .......... .......... .......... .......... .......... 38% 3.35M 3s\n'}
[24.686256] (multirobot_map_merge) StderrLine: {'line': b'  5950K .......... .......... .......... .......... .......... 38% 3.26M 3s\n'}
[24.687587] (sllidar_ros2) StdoutLine: {'line': b'-- Found sensor_msgs: 4.9.0 (/opt/ros/humble/share/sensor_msgs/cmake)\n'}
[24.696969] (multirobot_map_merge) StderrLine: {'line': b'  6000K .......... .......... .......... .......... .......... 38% 3.79M 3s\n'}
[24.706794] (multirobot_map_merge) StderrLine: {'line': b'  6050K .......... .......... .......... .......... .......... 39% 4.80M 3s\n'}
[24.709160] (-) TimerEvent: {}
[24.715829] (multirobot_map_merge) StderrLine: {'line': b'  6100K .......... .......... .......... .......... .......... 39% 5.71M 3s\n'}
[24.724069] (multirobot_map_merge) StderrLine: {'line': b'  6150K .......... .......... .......... .......... .......... 39% 6.01M 3s\n'}
[24.734104] (multirobot_map_merge) StderrLine: {'line': b'  6200K .......... .......... .......... .......... .......... 39% 5.38M 3s\n'}
[24.750952] (multirobot_map_merge) StderrLine: {'line': b'  6250K .......... .......... .......... .......... .......... 40% 2.60M 3s\n'}
[24.764147] (multirobot_map_merge) StderrLine: {'line': b'  6300K .......... .......... .......... .......... .......... 40% 3.91M 3s\n'}
[24.785555] (multirobot_map_merge) StderrLine: {'line': b'  6350K .......... .......... .......... .......... .......... 40% 2.42M 3s\n'}
[24.809417] (-) TimerEvent: {}
[24.811014] (multirobot_map_merge) StderrLine: {'line': b'  6400K .......... .......... .......... .......... .......... 41% 1.80M 3s\n'}
[24.818551] (multirobot_map_merge) StderrLine: {'line': b'  6450K .......... .......... .......... .......... .......... 41% 6.80M 3s\n'}
[24.839584] (multirobot_map_merge) StderrLine: {'line': b'  6500K .......... .......... .......... .......... .......... 41% 2.36M 3s\n'}
[24.868999] (multirobot_map_merge) StderrLine: {'line': b'  6550K .......... .......... .......... .......... .......... 42% 5.29M 3s\n'}
[24.877427] (multirobot_map_merge) StderrLine: {'line': b'  6600K .......... .......... .......... .......... .......... 42% 1.66M 3s\n'}
[24.892321] (multirobot_map_merge) StderrLine: {'line': b'  6650K .......... .......... .......... .......... .......... 42% 3.36M 3s\n'}
[24.908086] (multirobot_map_merge) StderrLine: {'line': b'  6700K .......... .......... .......... .......... .......... 43% 3.09M 3s\n'}
[24.909592] (-) TimerEvent: {}
[24.920189] (multirobot_map_merge) StderrLine: {'line': b'  6750K .......... .......... .......... .......... .......... 43% 4.96M 3s\n'}
[24.962586] (multirobot_map_merge) StderrLine: {'line': b'  6800K .......... .......... .......... .......... .......... 43% 1.11M 3s\n'}
[24.979141] (multirobot_map_merge) StderrLine: {'line': b'  6850K .......... .......... .......... .......... .......... 44% 3.08M 3s\n'}
[24.999315] (multirobot_map_merge) StderrLine: {'line': b'  6900K .......... .......... .......... .......... .......... 44% 2.30M 3s\n'}
[25.009866] (-) TimerEvent: {}
[25.017300] (multirobot_map_merge) StderrLine: {'line': b'  6950K .......... .......... .......... .......... .......... 44% 2.62M 3s\n'}
[25.024599] (multirobot_map_merge) StderrLine: {'line': b'  7000K .......... .......... .......... .......... .......... 45% 6.50M 3s\n'}
[25.027744] (multirobot_map_merge) StderrLine: {'line': b'  7050K .......... .......... .......... .......... .......... 45% 15.2M 3s\n'}
[25.068457] (multirobot_map_merge) StderrLine: {'line': b'  7100K .......... .......... .......... .......... .......... 45% 1.63M 3s\n'}
[25.078711] (multirobot_map_merge) StderrLine: {'line': b'  7150K .......... .......... .......... .......... .......... 46% 2.53M 3s\n'}
[25.094555] (multirobot_map_merge) StderrLine: {'line': b'  7200K .......... .......... .......... .......... .......... 46% 2.88M 3s\n'}
[25.110140] (-) TimerEvent: {}
[25.111583] (multirobot_map_merge) StderrLine: {'line': b'  7250K .......... .......... .......... .......... .......... 46% 3.06M 3s\n'}
[25.127620] (multirobot_map_merge) StderrLine: {'line': b'  7300K .......... .......... .......... .......... .......... 47% 2.91M 3s\n'}
[25.142162] (multirobot_map_merge) StderrLine: {'line': b'  7350K .......... .......... .......... .......... .......... 47% 3.46M 3s\n'}
[25.167007] (multirobot_map_merge) StderrLine: {'line': b'  7400K .......... .......... .......... .......... .......... 47% 1.90M 3s\n'}
[25.173920] (multirobot_map_merge) StderrLine: {'line': b'  7450K .......... .......... .......... .......... .......... 47% 7.08M 3s\n'}
[25.198543] (multirobot_map_merge) StderrLine: {'line': b'  7500K .......... .......... .......... .......... .......... 48% 2.00M 3s\n'}
[25.206714] (multirobot_map_merge) StderrLine: {'line': b'  7550K .......... .......... .......... .......... .......... 48% 6.92M 3s\n'}
[25.210230] (-) TimerEvent: {}
[25.213647] (multirobot_map_merge) StderrLine: {'line': b'  7600K .......... .......... .......... .......... .......... 48% 5.84M 3s\n'}
[25.221229] (multirobot_map_merge) StderrLine: {'line': b'  7650K .......... .......... .......... .......... .......... 49% 6.60M 3s\n'}
[25.251126] (multirobot_map_merge) StderrLine: {'line': b'  7700K .......... .......... .......... .......... .......... 49% 1.64M 3s\n'}
[25.258791] (multirobot_map_merge) StderrLine: {'line': b'  7750K .......... .......... .......... .......... .......... 49% 6.66M 3s\n'}
[25.295287] (multirobot_map_merge) StderrLine: {'line': b'  7800K .......... .......... .......... .......... .......... 50% 1.33M 3s\n'}
[25.310537] (-) TimerEvent: {}
[25.332033] (multirobot_map_merge) StderrLine: {'line': b'  7850K .......... .......... .......... .......... .......... 50% 1.39M 3s\n'}
[25.349113] (multirobot_map_merge) StderrLine: {'line': b'  7900K .......... .......... .......... .......... .......... 50% 2.74M 3s\n'}
[25.370235] (multirobot_map_merge) StderrLine: {'line': b'  7950K .......... .......... .......... .......... .......... 51% 2.62M 3s\n'}
[25.384871] (multirobot_map_merge) StderrLine: {'line': b'  8000K .......... .......... .......... .......... .......... 51% 2.68M 3s\n'}
[25.399560] (multirobot_map_merge) StderrLine: {'line': b'  8050K .......... .......... .......... .......... .......... 51% 3.37M 3s\n'}
[25.410826] (-) TimerEvent: {}
[25.416707] (multirobot_map_merge) StderrLine: {'line': b'  8100K .......... .......... .......... .......... .......... 52% 3.07M 3s\n'}
[25.431438] (multirobot_map_merge) StderrLine: {'line': b'  8150K .......... .......... .......... .......... .......... 52% 3.44M 3s\n'}
[25.447866] (multirobot_map_merge) StderrLine: {'line': b'  8200K .......... .......... .......... .......... .......... 52% 2.68M 3s\n'}
[25.465561] (multirobot_map_merge) StderrLine: {'line': b'  8250K .......... .......... .......... .......... .......... 53% 2.89M 3s\n'}
[25.472319] (sllidar_ros2) StdoutLine: {'line': b'-- Found std_srvs: 4.9.0 (/opt/ros/humble/share/std_srvs/cmake)\n'}
[25.482390] (multirobot_map_merge) StderrLine: {'line': b'  8300K .......... .......... .......... .......... .......... 53% 2.93M 3s\n'}
[25.502483] (multirobot_map_merge) StderrLine: {'line': b'  8350K .......... .......... .......... .......... .......... 53% 2.82M 2s\n'}
[25.511067] (-) TimerEvent: {}
[25.523156] (multirobot_map_merge) StderrLine: {'line': b'  8400K .......... .......... .......... .......... .......... 54% 1.99M 2s\n'}
[25.542905] (multirobot_map_merge) StderrLine: {'line': b'  8450K .......... .......... .......... .......... .......... 54% 2.68M 2s\n'}
[25.559254] (multirobot_map_merge) StderrLine: {'line': b'  8500K .......... .......... .......... .......... .......... 54% 2.91M 2s\n'}
[25.577385] (multirobot_map_merge) StderrLine: {'line': b'  8550K .......... .......... .......... .......... .......... 55% 2.75M 2s\n'}
[25.595134] (multirobot_map_merge) StderrLine: {'line': b'  8600K .......... .......... .......... .......... .......... 55% 2.54M 2s\n'}
[25.611176] (multirobot_map_merge) StderrLine: {'line': b'  8650K .......... .......... .......... .......... .......... 55% 3.09M 2s\n'}
[25.611847] (-) TimerEvent: {}
[25.627819] (multirobot_map_merge) StderrLine: {'line': b'  8700K .......... .......... .......... .......... .......... 55% 3.16M 2s\n'}
[25.645207] (multirobot_map_merge) StderrLine: {'line': b'  8750K .......... .......... .......... .......... .......... 56% 2.98M 2s\n'}
[25.662686] (multirobot_map_merge) StderrLine: {'line': b'  8800K .......... .......... .......... .......... .......... 56% 2.52M 2s\n'}
[25.678786] (multirobot_map_merge) StderrLine: {'line': b'  8850K .......... .......... .......... .......... .......... 56% 3.23M 2s\n'}
[25.697337] (multirobot_map_merge) StderrLine: {'line': b'  8900K .......... .......... .......... .......... .......... 57% 2.54M 2s\n'}
[25.712197] (-) TimerEvent: {}
[25.716283] (multirobot_map_merge) StderrLine: {'line': b'  8950K .......... .......... .......... .......... .......... 57% 3.06M 2s\n'}
[25.732067] (multirobot_map_merge) StderrLine: {'line': b'  9000K .......... .......... .......... .......... .......... 57% 2.60M 2s\n'}
[25.746746] (multirobot_map_merge) StderrLine: {'line': b'  9050K .......... .......... .......... .......... .......... 58% 3.20M 2s\n'}
[25.762977] (multirobot_map_merge) StderrLine: {'line': b'  9100K .......... .......... .......... .......... .......... 58% 3.11M 2s\n'}
[25.774575] (multirobot_map_merge) StderrLine: {'line': b'  9150K .......... .......... .......... .......... .......... 58% 4.75M 2s\n'}
[25.782351] (multirobot_map_merge) StderrLine: {'line': b'  9200K .......... .......... .......... .......... .......... 59% 4.93M 2s\n'}
[25.792069] (multirobot_map_merge) StderrLine: {'line': b'  9250K .......... .......... .......... .......... .......... 59% 5.11M 2s\n'}
[25.802096] (multirobot_map_merge) StderrLine: {'line': b'  9300K .......... .......... .......... .......... .......... 59% 5.19M 2s\n'}
[25.811167] (multirobot_map_merge) StderrLine: {'line': b'  9350K .......... .......... .......... .......... .......... 60% 5.60M 2s\n'}
[25.812176] (-) TimerEvent: {}
[25.822285] (multirobot_map_merge) StderrLine: {'line': b'  9400K .......... .......... .......... .......... .......... 60% 3.96M 2s\n'}
[25.831472] (multirobot_map_merge) StderrLine: {'line': b'  9450K .......... .......... .......... .......... .......... 60% 5.62M 2s\n'}
[25.843500] (multirobot_map_merge) StderrLine: {'line': b'  9500K .......... .......... .......... .......... .......... 61% 4.12M 2s\n'}
[25.862073] (multirobot_map_merge) StderrLine: {'line': b'  9550K .......... .......... .......... .......... .......... 61% 3.13M 2s\n'}
[25.876529] (multirobot_map_merge) StderrLine: {'line': b'  9600K .......... .......... .......... .......... .......... 61% 2.77M 2s\n'}
[25.893970] (multirobot_map_merge) StderrLine: {'line': b'  9650K .......... .......... .......... .......... .......... 62% 2.96M 2s\n'}
[25.910656] (multirobot_map_merge) StderrLine: {'line': b'  9700K .......... .......... .......... .......... .......... 62% 3.04M 2s\n'}
[25.912429] (-) TimerEvent: {}
[25.936888] (multirobot_map_merge) StderrLine: {'line': b'  9750K .......... .......... .......... .......... .......... 62% 2.55M 2s\n'}
[25.952304] (multirobot_map_merge) StderrLine: {'line': b'  9800K .......... .......... .......... .......... .......... 63% 2.00M 2s\n'}
[25.967406] (multirobot_map_merge) StderrLine: {'line': b'  9850K .......... .......... .......... .......... .......... 63% 3.25M 2s\n'}
[25.984290] (multirobot_map_merge) StderrLine: {'line': b'  9900K .......... .......... .......... .......... .......... 63% 2.91M 2s\n'}
[26.011247] (multirobot_map_merge) StderrLine: {'line': b'  9950K .......... .......... .......... .......... .......... 63% 1.90M 2s\n'}
[26.012647] (-) TimerEvent: {}
[26.018394] (multirobot_map_merge) StderrLine: {'line': b' 10000K .......... .......... .......... .......... .......... 64% 5.50M 2s\n'}
[26.041353] (multirobot_map_merge) StderrLine: {'line': b' 10050K .......... .......... .......... .......... .......... 64% 2.16M 2s\n'}
[26.058092] (multirobot_map_merge) StderrLine: {'line': b' 10100K .......... .......... .......... .......... .......... 64% 2.88M 2s\n'}
[26.075307] (multirobot_map_merge) StderrLine: {'line': b' 10150K .......... .......... .......... .......... .......... 65% 2.89M 2s\n'}
[26.090274] (multirobot_map_merge) StderrLine: {'line': b' 10200K .......... .......... .......... .......... .......... 65% 3.20M 2s\n'}
[26.112998] (-) TimerEvent: {}
[26.114284] (multirobot_map_merge) StderrLine: {'line': b' 10250K .......... .......... .......... .......... .......... 65% 2.09M 2s\n'}
[26.121464] (multirobot_map_merge) StderrLine: {'line': b' 10300K .......... .......... .......... .......... .......... 66% 6.32M 2s\n'}
[26.146765] (multirobot_map_merge) StderrLine: {'line': b' 10350K .......... .......... .......... .......... .......... 66% 2.02M 2s\n'}
[26.163223] (multirobot_map_merge) StderrLine: {'line': b' 10400K .......... .......... .......... .......... .......... 66% 5.37M 2s\n'}
[26.177684] (multirobot_map_merge) StderrLine: {'line': b' 10450K .......... .......... .......... .......... .......... 67% 2.14M 2s\n'}
[26.196966] (multirobot_map_merge) StderrLine: {'line': b' 10500K .......... .......... .......... .......... .......... 67% 2.92M 2s\n'}
[26.213232] (-) TimerEvent: {}
[26.214471] (multirobot_map_merge) StderrLine: {'line': b' 10550K .......... .......... .......... .......... .......... 67% 2.52M 2s\n'}
[26.231143] (multirobot_map_merge) StderrLine: {'line': b' 10600K .......... .......... .......... .......... .......... 68% 2.77M 2s\n'}
[26.244257] (multirobot_map_merge) StderrLine: {'line': b' 10650K .......... .......... .......... .......... .......... 68% 3.65M 2s\n'}
[26.257392] (multirobot_map_merge) StderrLine: {'line': b' 10700K .......... .......... .......... .......... .......... 68% 3.63M 2s\n'}
[26.281555] (multirobot_map_merge) StderrLine: {'line': b' 10750K .......... .......... .......... .......... .......... 69% 2.11M 2s\n'}
[26.312598] (multirobot_map_merge) StderrLine: {'line': b' 10800K .......... .......... .......... .......... .......... 69% 2.45M 2s\n'}
[26.313823] (-) TimerEvent: {}
[26.328655] (multirobot_map_merge) StderrLine: {'line': b' 10850K .......... .......... .......... .......... .......... 69% 2.60M 2s\n'}
[26.343279] (multirobot_map_merge) StderrLine: {'line': b' 10900K .......... .......... .......... .......... .......... 70% 2.12M 2s\n'}
[26.357169] (multirobot_map_merge) StderrLine: {'line': b' 10950K .......... .......... .......... .......... .......... 70% 6.64M 2s\n'}
[26.369946] (multirobot_map_merge) StderrLine: {'line': b' 11000K .......... .......... .......... .......... .......... 70% 2.48M 2s\n'}
[26.392772] (multirobot_map_merge) StderrLine: {'line': b' 11050K .......... .......... .......... .......... .......... 71% 2.15M 2s\n'}
[26.408354] (multirobot_map_merge) StderrLine: {'line': b' 11100K .......... .......... .......... .......... .......... 71% 5.72M 2s\n'}
[26.414127] (-) TimerEvent: {}
[26.428919] (multirobot_map_merge) StderrLine: {'line': b' 11150K .......... .......... .......... .......... .......... 71% 2.01M 2s\n'}
[26.446925] (multirobot_map_merge) StderrLine: {'line': b' 11200K .......... .......... .......... .......... .......... 71% 2.39M 1s\n'}
[26.465888] (multirobot_map_merge) StderrLine: {'line': b' 11250K .......... .......... .......... .......... .......... 72% 2.64M 1s\n'}
[26.497660] (multirobot_map_merge) StderrLine: {'line': b' 11300K .......... .......... .......... .......... .......... 72% 1.52M 1s\n'}
[26.512925] (multirobot_map_merge) StderrLine: {'line': b' 11350K .......... .......... .......... .......... .......... 72% 3.28M 1s\n'}
[26.514362] (-) TimerEvent: {}
[26.530347] (multirobot_map_merge) StderrLine: {'line': b' 11400K .......... .......... .......... .......... .......... 73% 2.62M 1s\n'}
[26.544942] (multirobot_map_merge) StderrLine: {'line': b' 11450K .......... .......... .......... .......... .......... 73% 3.52M 1s\n'}
[26.559018] (multirobot_map_merge) StderrLine: {'line': b' 11500K .......... .......... .......... .......... .......... 73% 3.43M 1s\n'}
[26.573521] (multirobot_map_merge) StderrLine: {'line': b' 11550K .......... .......... .......... .......... .......... 74% 3.64M 1s\n'}
[26.586819] (multirobot_map_merge) StderrLine: {'line': b' 11600K .......... .......... .......... .......... .......... 74% 3.39M 1s\n'}
[26.614569] (-) TimerEvent: {}
[26.617597] (multirobot_map_merge) StderrLine: {'line': b' 11650K .......... .......... .......... .......... .......... 74% 3.32M 1s\n'}
[26.637154] (multirobot_map_merge) StderrLine: {'line': b' 11700K .......... .......... .......... .......... .......... 75% 1.38M 1s\n'}
[26.672737] (multirobot_map_merge) StderrLine: {'line': b' 11750K .......... .......... .......... .......... .......... 75% 1.39M 1s\n'}
[26.697526] (multirobot_map_merge) StderrLine: {'line': b' 11800K .......... .......... .......... .......... .......... 75% 1.88M 1s\n'}
[26.712939] (multirobot_map_merge) StderrLine: {'line': b' 11850K .......... .......... .......... .......... .......... 76% 3.28M 1s\n'}
[26.714822] (-) TimerEvent: {}
[26.739270] (multirobot_map_merge) StderrLine: {'line': b' 11900K .......... .......... .......... .......... .......... 76% 1.88M 1s\n'}
[26.754332] (multirobot_map_merge) StderrLine: {'line': b' 11950K .......... .......... .......... .......... .......... 76% 3.46M 1s\n'}
[26.778928] (multirobot_map_merge) StderrLine: {'line': b' 12000K .......... .......... .......... .......... .......... 77% 1.87M 1s\n'}
[26.793950] (multirobot_map_merge) StderrLine: {'line': b' 12050K .......... .......... .......... .......... .......... 77% 3.30M 1s\n'}
[26.813801] (multirobot_map_merge) StderrLine: {'line': b' 12100K .......... .......... .......... .......... .......... 77% 3.55M 1s\n'}
[26.815230] (-) TimerEvent: {}
[26.834525] (multirobot_map_merge) StderrLine: {'line': b' 12150K .......... .......... .......... .......... .......... 78% 2.22M 1s\n'}
[26.854759] (multirobot_map_merge) StderrLine: {'line': b' 12200K .......... .......... .......... .......... .......... 78% 1.93M 1s\n'}
[26.882450] (multirobot_map_merge) StderrLine: {'line': b' 12250K .......... .......... .......... .......... .......... 78% 1.78M 1s\n'}
[26.897703] (multirobot_map_merge) StderrLine: {'line': b' 12300K .......... .......... .......... .......... .......... 79% 3.30M 1s\n'}
[26.915551] (-) TimerEvent: {}
[26.923121] (multirobot_map_merge) StderrLine: {'line': b' 12350K .......... .......... .......... .......... .......... 79% 2.06M 1s\n'}
[26.950354] (multirobot_map_merge) StderrLine: {'line': b' 12400K .......... .......... .......... .......... .......... 79% 1.66M 1s\n'}
[26.966168] (multirobot_map_merge) StderrLine: {'line': b' 12450K .......... .......... .......... .......... .......... 79% 3.13M 1s\n'}
[26.994930] (multirobot_map_merge) StderrLine: {'line': b' 12500K .......... .......... .......... .......... .......... 80% 1.71M 1s\n'}
[27.009955] (multirobot_map_merge) StderrLine: {'line': b' 12550K .......... .......... .......... .......... .......... 80% 3.29M 1s\n'}
[27.015820] (-) TimerEvent: {}
[27.034045] (multirobot_map_merge) StderrLine: {'line': b' 12600K .......... .......... .......... .......... .......... 80% 1.94M 1s\n'}
[27.050806] (multirobot_map_merge) StderrLine: {'line': b' 12650K .......... .......... .......... .......... .......... 81% 3.10M 1s\n'}
[27.079210] (multirobot_map_merge) StderrLine: {'line': b' 12700K .......... .......... .......... .......... .......... 81% 1.72M 1s\n'}
[27.098445] (multirobot_map_merge) StderrLine: {'line': b' 12750K .......... .......... .......... .......... .......... 81% 2.80M 1s\n'}
[27.116072] (-) TimerEvent: {}
[27.124356] (multirobot_map_merge) StderrLine: {'line': b' 12800K .......... .......... .......... .......... .......... 82% 1.73M 1s\n'}
[27.148699] (multirobot_map_merge) StderrLine: {'line': b' 12850K .......... .......... .......... .......... .......... 82% 2.01M 1s\n'}
[27.164372] (multirobot_map_merge) StderrLine: {'line': b' 12900K .......... .......... .......... .......... .......... 82% 3.16M 1s\n'}
[27.204799] (multirobot_map_merge) StderrLine: {'line': b' 12950K .......... .......... .......... .......... .......... 83% 1.27M 1s\n'}
[27.216328] (-) TimerEvent: {}
[27.234951] (multirobot_map_merge) StderrLine: {'line': b' 13000K .......... .......... .......... .......... .......... 83% 1.49M 1s\n'}
[27.261085] (multirobot_map_merge) StderrLine: {'line': b' 13050K .......... .......... .......... .......... .......... 83% 3.14M 1s\n'}
[27.276323] (multirobot_map_merge) StderrLine: {'line': b' 13100K .......... .......... .......... .......... .......... 84% 1.95M 1s\n'}
[27.291941] (multirobot_map_merge) StderrLine: {'line': b' 13150K .......... .......... .......... .......... .......... 84% 3.37M 1s\n'}
[27.301280] (sllidar_ros2) StdoutLine: {'line': b'-- Configuring done\n'}
[27.310255] (multirobot_map_merge) StderrLine: {'line': b' 13200K .......... .......... .......... .......... .......... 84% 2.43M 1s\n'}
[27.316587] (-) TimerEvent: {}
[27.328517] (multirobot_map_merge) StderrLine: {'line': b' 13250K .......... .......... .......... .......... .......... 85% 2.78M 1s\n'}
[27.343712] (multirobot_map_merge) StderrLine: {'line': b' 13300K .......... .......... .......... .......... .......... 85% 3.20M 1s\n'}
[27.357377] (multirobot_map_merge) StderrLine: {'line': b' 13350K .......... .......... .......... .......... .......... 85% 3.72M 1s\n'}
[27.373278] (multirobot_map_merge) StderrLine: {'line': b' 13400K .......... .......... .......... .......... .......... 86% 2.80M 1s\n'}
[27.388611] (multirobot_map_merge) StderrLine: {'line': b' 13450K .......... .......... .......... .......... .......... 86% 3.42M 1s\n'}
[27.405850] (multirobot_map_merge) StderrLine: {'line': b' 13500K .......... .......... .......... .......... .......... 86% 2.91M 1s\n'}
[27.416851] (-) TimerEvent: {}
[27.424430] (multirobot_map_merge) StderrLine: {'line': b' 13550K .......... .......... .......... .......... .......... 87% 2.71M 1s\n'}
[27.442763] (multirobot_map_merge) StderrLine: {'line': b' 13600K .......... .......... .......... .......... .......... 87% 2.56M 1s\n'}
[27.460859] (multirobot_map_merge) StderrLine: {'line': b' 13650K .......... .......... .......... .......... .......... 87% 2.70M 1s\n'}
[27.475263] (multirobot_map_merge) StderrLine: {'line': b' 13700K .......... .......... .......... .......... .......... 87% 3.26M 1s\n'}
[27.491358] (multirobot_map_merge) StderrLine: {'line': b' 13750K .......... .......... .......... .......... .......... 88% 3.22M 1s\n'}
[27.507900] (multirobot_map_merge) StderrLine: {'line': b' 13800K .......... .......... .......... .......... .......... 88% 2.73M 1s\n'}
[27.517029] (-) TimerEvent: {}
[27.524881] (multirobot_map_merge) StderrLine: {'line': b' 13850K .......... .......... .......... .......... .......... 88% 2.89M 1s\n'}
[27.539716] (multirobot_map_merge) StderrLine: {'line': b' 13900K .......... .......... .......... .......... .......... 89% 3.46M 1s\n'}
[27.555768] (multirobot_map_merge) StderrLine: {'line': b' 13950K .......... .......... .......... .......... .......... 89% 3.29M 1s\n'}
[27.570083] (multirobot_map_merge) StderrLine: {'line': b' 14000K .......... .......... .......... .......... .......... 89% 2.93M 1s\n'}
[27.590147] (multirobot_map_merge) StderrLine: {'line': b' 14050K .......... .......... .......... .......... .......... 90% 2.35M 1s\n'}
[27.597241] (multirobot_map_merge) StderrLine: {'line': b' 14100K .......... .......... .......... .......... .......... 90% 7.05M 1s\n'}
[27.600286] (multirobot_map_merge) StderrLine: {'line': b' 14150K .......... .......... .......... .......... .......... 90% 16.3M 1s\n'}
[27.606383] (multirobot_map_merge) StderrLine: {'line': b' 14200K .......... .......... .......... .......... .......... 91% 9.25M 0s\n'}
[27.613683] (multirobot_map_merge) StderrLine: {'line': b' 14250K .......... .......... .......... .......... .......... 91% 6.22M 0s\n'}
[27.617335] (-) TimerEvent: {}
[27.621818] (multirobot_map_merge) StderrLine: {'line': b' 14300K .......... .......... .......... .......... .......... 91% 6.13M 0s\n'}
[27.630480] (multirobot_map_merge) StderrLine: {'line': b' 14350K .......... .......... .......... .......... .......... 92% 6.53M 0s\n'}
[27.637884] (multirobot_map_merge) StderrLine: {'line': b' 14400K .......... .......... .......... .......... .......... 92% 5.56M 0s\n'}
[27.653050] (multirobot_map_merge) StderrLine: {'line': b' 14450K .......... .......... .......... .......... .......... 92% 5.82M 0s\n'}
[27.672280] (multirobot_map_merge) StderrLine: {'line': b' 14500K .......... .......... .......... .......... .......... 93% 1.95M 0s\n'}
[27.687845] (sllidar_ros2) StdoutLine: {'line': b'-- Generating done\n'}
[27.701971] (multirobot_map_merge) StderrLine: {'line': b' 14550K .......... .......... .......... .......... .......... 93% 1.59M 0s\n'}
[27.709508] (multirobot_map_merge) StderrLine: {'line': b' 14600K .......... .......... .......... .......... .......... 93% 8.08M 0s\n'}
[27.717606] (-) TimerEvent: {}
[27.731037] (multirobot_map_merge) StderrLine: {'line': b' 14650K .......... .......... .......... .......... .......... 94% 2.21M 0s\n'}
[27.744907] (multirobot_map_merge) StderrLine: {'line': b' 14700K .......... .......... .......... .......... .......... 94% 3.59M 0s\n'}
[27.759904] (multirobot_map_merge) StderrLine: {'line': b' 14750K .......... .......... .......... .......... .......... 94% 3.59M 0s\n'}
[27.790572] (multirobot_map_merge) StderrLine: {'line': b' 14800K .......... .......... .......... .......... .......... 95% 1.52M 0s\n'}
[27.817843] (-) TimerEvent: {}
[27.819012] (sllidar_ros2) StdoutLine: {'line': b'-- Build files have been written to: /home/cricchetto/Robomaster_WS/build/sllidar_ros2\n'}
[27.821377] (multirobot_map_merge) StderrLine: {'line': b' 14850K .......... .......... .......... .......... .......... 95% 1.73M 0s\n'}
[27.835997] (multirobot_map_merge) StderrLine: {'line': b' 14900K .......... .......... .......... .......... .......... 95% 2.80M 0s\n'}
[27.884268] (multirobot_map_merge) StderrLine: {'line': b' 14950K .......... .......... .......... .......... .......... 95% 2.92M 0s\n'}
[27.885038] (multirobot_map_merge) StderrLine: {'line': b' 15000K .......... .......... .......... .......... .......... 96% 1.72M 0s\n'}
[27.885690] (multirobot_map_merge) StderrLine: {'line': b' 15050K .......... .......... .......... .......... .......... 96% 15.1M 0s\n'}
[27.906483] (multirobot_map_merge) StderrLine: {'line': b' 15100K .......... .......... .......... .......... .......... 96% 2.19M 0s\n'}
[27.918013] (-) TimerEvent: {}
[27.923137] (multirobot_map_merge) StderrLine: {'line': b' 15150K .......... .......... .......... .......... .......... 97% 3.29M 0s\n'}
[27.950421] (multirobot_map_merge) StderrLine: {'line': b' 15200K .......... .......... .......... .......... .......... 97% 1.68M 0s\n'}
[27.964113] (multirobot_map_merge) StderrLine: {'line': b' 15250K .......... .......... .......... .......... .......... 97% 3.59M 0s\n'}
[27.977471] (multirobot_map_merge) StderrLine: {'line': b' 15300K .......... .......... .......... .......... .......... 98% 3.70M 0s\n'}
[27.983808] (sllidar_ros2) CommandEnded: {'returncode': 0}
[28.004230] (sllidar_ros2) JobProgress: {'identifier': 'sllidar_ros2', 'progress': 'build'}
[28.004464] (sllidar_ros2) Command: {'cmd': ['/usr/bin/cmake', '--build', '/home/cricchetto/Robomaster_WS/build/sllidar_ros2', '--', '-j4', '-l4'], 'cwd': '/home/cricchetto/Robomaster_WS/build/sllidar_ros2', 'env': OrderedDict([('LESSOPEN', '| /usr/bin/lesspipe %s'), ('USER', 'cricchetto'), ('SSH_CLIENT', '172.18.147.201 42814 22'), ('LC_TIME', 'es_AR.UTF-8'), ('XDG_SESSION_TYPE', 'tty'), ('SHLVL', '1'), ('LD_LIBRARY_PATH', '/opt/ros/humble/opt/rviz_ogre_vendor/lib:/opt/ros/humble/lib/aarch64-linux-gnu:/opt/ros/humble/lib'), ('MOTD_SHOWN', 'pam'), ('HOME', '/home/cricchetto'), ('OLDPWD', '/home/cricchetto/Robomaster_WS/src'), ('SSH_TTY', '/dev/pts/0'), ('ROS_PYTHON_VERSION', '3'), ('LC_MONETARY', 'es_AR.UTF-8'), ('DBUS_SESSION_BUS_ADDRESS', 'unix:path=/run/user/1000/bus'), ('ROS_DISTRO', 'humble'), ('LOGNAME', 'cricchetto'), ('_', '/usr/bin/colcon'), ('ROS_VERSION', '2'), ('XDG_SESSION_CLASS', 'user'), ('TERM', 'xterm-256color'), ('XDG_SESSION_ID', '1'), ('ROS_LOCALHOST_ONLY', '0'), ('PATH', '/opt/ros/humble/bin:/usr/local/sbin:/usr/local/bin:/usr/sbin:/usr/bin:/sbin:/bin:/usr/games:/usr/local/games:/snap/bin'), ('LC_ADDRESS', 'es_AR.UTF-8'), ('XDG_RUNTIME_DIR', '/run/user/1000'), ('DISPLAY', 'localhost:10.0'), ('LANG', 'en_US.UTF-8'), ('LC_TELEPHONE', 'es_AR.UTF-8'), ('LS_COLORS', 'rs=0:di=01;34:ln=01;36:mh=00:pi=40;33:so=01;35:do=01;35:bd=40;33;01:cd=40;33;01:or=40;31;01:mi=00:su=37;41:sg=30;43:ca=30;41:tw=30;42:ow=34;42:st=37;44:ex=01;32:*.tar=01;31:*.tgz=01;31:*.arc=01;31:*.arj=01;31:*.taz=01;31:*.lha=01;31:*.lz4=01;31:*.lzh=01;31:*.lzma=01;31:*.tlz=01;31:*.txz=01;31:*.tzo=01;31:*.t7z=01;31:*.zip=01;31:*.z=01;31:*.dz=01;31:*.gz=01;31:*.lrz=01;31:*.lz=01;31:*.lzo=01;31:*.xz=01;31:*.zst=01;31:*.tzst=01;31:*.bz2=01;31:*.bz=01;31:*.tbz=01;31:*.tbz2=01;31:*.tz=01;31:*.deb=01;31:*.rpm=01;31:*.jar=01;31:*.war=01;31:*.ear=01;31:*.sar=01;31:*.rar=01;31:*.alz=01;31:*.ace=01;31:*.zoo=01;31:*.cpio=01;31:*.7z=01;31:*.rz=01;31:*.cab=01;31:*.wim=01;31:*.swm=01;31:*.dwm=01;31:*.esd=01;31:*.jpg=01;35:*.jpeg=01;35:*.mjpg=01;35:*.mjpeg=01;35:*.gif=01;35:*.bmp=01;35:*.pbm=01;35:*.pgm=01;35:*.ppm=01;35:*.tga=01;35:*.xbm=01;35:*.xpm=01;35:*.tif=01;35:*.tiff=01;35:*.png=01;35:*.svg=01;35:*.svgz=01;35:*.mng=01;35:*.pcx=01;35:*.mov=01;35:*.mpg=01;35:*.mpeg=01;35:*.m2v=01;35:*.mkv=01;35:*.webm=01;35:*.webp=01;35:*.ogm=01;35:*.mp4=01;35:*.m4v=01;35:*.mp4v=01;35:*.vob=01;35:*.qt=01;35:*.nuv=01;35:*.wmv=01;35:*.asf=01;35:*.rm=01;35:*.rmvb=01;35:*.flc=01;35:*.avi=01;35:*.fli=01;35:*.flv=01;35:*.gl=01;35:*.dl=01;35:*.xcf=01;35:*.xwd=01;35:*.yuv=01;35:*.cgm=01;35:*.emf=01;35:*.ogv=01;35:*.ogx=01;35:*.aac=00;36:*.au=00;36:*.flac=00;36:*.m4a=00;36:*.mid=00;36:*.midi=00;36:*.mka=00;36:*.mp3=00;36:*.mpc=00;36:*.ogg=00;36:*.ra=00;36:*.wav=00;36:*.oga=00;36:*.opus=00;36:*.spx=00;36:*.xspf=00;36:'), ('AMENT_PREFIX_PATH', '/opt/ros/humble'), ('SHELL', '/bin/bash'), ('LC_NAME', 'es_AR.UTF-8'), ('LESSCLOSE', '/usr/bin/lesspipe %s %s'), ('LC_MEASUREMENT', 'es_AR.UTF-8'), ('LC_IDENTIFICATION', 'es_AR.UTF-8'), ('PWD', '/home/cricchetto/Robomaster_WS/build/sllidar_ros2'), ('LC_ALL', 'en_US.UTF-8'), ('SSH_CONNECTION', '172.18.147.201 42814 172.18.147.143 22'), ('XDG_DATA_DIRS', '/usr/local/share:/usr/share:/var/lib/snapd/desktop'), ('PYTHONPATH', '/opt/ros/humble/lib/python3.10/site-packages:/opt/ros/humble/local/lib/python3.10/dist-packages'), ('LC_NUMERIC', 'es_AR.UTF-8'), ('LC_PAPER', 'es_AR.UTF-8'), ('COLCON', '1'), ('CMAKE_PREFIX_PATH', '/opt/ros/humble')]), 'shell': False}
[28.006157] (multirobot_map_merge) StderrLine: {'line': b' 15350K .......... .......... .......... .......... .......... 98% 4.56M 0s\n'}
[28.006841] (multirobot_map_merge) StderrLine: {'line': b' 15400K .......... .......... .......... .......... .......... 98% 5.94M 0s\n'}
[28.007783] (multirobot_map_merge) StderrLine: {'line': b' 15450K .......... .......... .......... .......... .......... 99% 5.06M 0s\n'}
[28.012666] (multirobot_map_merge) StderrLine: {'line': b' 15500K .......... .......... .......... .......... .......... 99% 6.65M 0s\n'}
[28.018235] (-) TimerEvent: {}
[28.020999] (multirobot_map_merge) StderrLine: {'line': b' 15550K .......... .......... .......... .......... .......... 99% 6.70M 0s\n'}
[28.026650] (multirobot_map_merge) StderrLine: {'line': b' 15600K .......... .......... .....                           100% 5.31M=5.4s\n'}
[28.027282] (multirobot_map_merge) StderrLine: {'line': b'\n'}
[28.028392] (multirobot_map_merge) StderrLine: {'line': b'2025-12-04 15:38:35 (2.81 MB/s) - \xe2\x80\x98/home/cricchetto/Robomaster_WS/build/multirobot_map_merge/2011-08-09-12-22-52.pgm\xe2\x80\x99 saved [16000058/16000058]\n'}
[28.029093] (multirobot_map_merge) StderrLine: {'line': b'\n'}
[28.031962] (multirobot_map_merge) StdoutLine: {'line': b'Checking MD5 sum of /home/cricchetto/Robomaster_WS/build/multirobot_map_merge/2011-08-09-12-22-52.pgm\n'}
[28.118476] (-) TimerEvent: {}
[28.190795] (multirobot_map_merge) StdoutLine: {'line': b'/home/cricchetto/Robomaster_WS/build/multirobot_map_merge/2011-08-09-12-22-52.pgm: OK\n'}
[28.218707] (-) TimerEvent: {}
[28.255911] (multirobot_map_merge) StderrLine: {'line': b'--2025-12-04 15:38:35--  https://raw.githubusercontent.com/hrnr/m-explore-extra/master/map_merge/gmapping_maps/2012-01-28-11-12-01.pgm\n'}
[28.296728] (multirobot_map_merge) StderrLine: {'line': b'Resolving raw.githubusercontent.com (raw.githubusercontent.com)... 185.199.111.133, 185.199.108.133, 185.199.109.133, ...\n'}
[28.310612] (multirobot_map_merge) StderrLine: {'line': b'Connecting to raw.githubusercontent.com (raw.githubusercontent.com)|185.199.111.133|:443... connected.\n'}
[28.318998] (-) TimerEvent: {}
[28.420264] (-) TimerEvent: {}
[28.434652] (sllidar_ros2) StdoutLine: {'line': b'[  5%] \x1b[32mBuilding CXX object CMakeFiles/sllidar_client.dir/src/sllidar_client.cpp.o\x1b[0m\n'}
[28.520475] (-) TimerEvent: {}
[28.537550] (sllidar_ros2) StdoutLine: {'line': b'[ 10%] \x1b[32mBuilding CXX object CMakeFiles/sllidar_node.dir/src/sllidar_node.cpp.o\x1b[0m\n'}
[28.549723] (sllidar_ros2) StdoutLine: {'line': b'[ 15%] \x1b[32mBuilding CXX object CMakeFiles/sllidar_node.dir/sdk/src/arch/linux/net_socket.cpp.o\x1b[0m\n'}
[28.595434] (sllidar_ros2) StdoutLine: {'line': b'[ 20%] \x1b[32mBuilding CXX object CMakeFiles/sllidar_node.dir/sdk/src/arch/linux/net_serial.cpp.o\x1b[0m\n'}
[28.620852] (-) TimerEvent: {}
[28.723065] (-) TimerEvent: {}
[28.825004] (-) TimerEvent: {}
[28.926880] (-) TimerEvent: {}
[29.028296] (-) TimerEvent: {}
[29.085898] (multirobot_map_merge) StderrLine: {'line': b'HTTP request sent, awaiting response... 200 OK\n'}
[29.086652] (multirobot_map_merge) StderrLine: {'line': b'Length: 16000058 (15M) [application/octet-stream]\n'}
[29.087148] (multirobot_map_merge) StderrLine: {'line': b'Saving to: \xe2\x80\x98/home/cricchetto/Robomaster_WS/build/multirobot_map_merge/2012-01-28-11-12-01.pgm\xe2\x80\x99\n'}
[29.089288] (multirobot_map_merge) StderrLine: {'line': b'\n'}
[29.109590] (multirobot_map_merge) StderrLine: {'line': b'     0K .......... .......... .......... .......... ..........  0% 2.30M 7s\n'}
[29.124225] (multirobot_map_merge) StderrLine: {'line': b'    50K .......... .......... .......... .......... ..........  0% 2.88M 6s\n'}
[29.128476] (-) TimerEvent: {}
[29.130131] (multirobot_map_merge) StderrLine: {'line': b'   100K .......... .......... .......... .......... ..........  0% 8.21M 5s\n'}
[29.134453] (multirobot_map_merge) StderrLine: {'line': b'   150K .......... .......... .......... .......... ..........  1% 11.1M 4s\n'}
[29.144323] (multirobot_map_merge) StderrLine: {'line': b'   200K .......... .......... .......... .......... ..........  1% 4.88M 4s\n'}
[29.154748] (multirobot_map_merge) StderrLine: {'line': b'   250K .......... .......... .......... .......... ..........  1% 6.38M 3s\n'}
[29.164898] (multirobot_map_merge) StderrLine: {'line': b'   300K .......... .......... .......... .......... ..........  2% 3.80M 3s\n'}
[29.176467] (multirobot_map_merge) StderrLine: {'line': b'   350K .......... .......... .......... .......... ..........  2% 4.58M 3s\n'}
[29.185247] (multirobot_map_merge) StderrLine: {'line': b'   400K .......... .......... .......... .......... ..........  2% 5.27M 3s\n'}
[29.195626] (multirobot_map_merge) StderrLine: {'line': b'   450K .......... .......... .......... .......... ..........  3% 4.86M 3s\n'}
[29.205629] (multirobot_map_merge) StderrLine: {'line': b'   500K .......... .......... .......... .......... ..........  3% 4.82M 3s\n'}
[29.217019] (multirobot_map_merge) StderrLine: {'line': b'   550K .......... .......... .......... .......... ..........  3% 4.74M 3s\n'}
[29.226463] (multirobot_map_merge) StderrLine: {'line': b'   600K .......... .......... .......... .......... ..........  4% 4.65M 3s\n'}
[29.228795] (-) TimerEvent: {}
[29.237762] (multirobot_map_merge) StderrLine: {'line': b'   650K .......... .......... .......... .......... ..........  4% 4.51M 3s\n'}
[29.248439] (multirobot_map_merge) StderrLine: {'line': b'   700K .......... .......... .......... .......... ..........  4% 4.63M 3s\n'}
[29.260432] (multirobot_map_merge) StderrLine: {'line': b'   750K .......... .......... .......... .......... ..........  5% 4.71M 3s\n'}
[29.270580] (multirobot_map_merge) StderrLine: {'line': b'   800K .......... .......... .......... .......... ..........  5% 4.12M 3s\n'}
[29.282136] (multirobot_map_merge) StderrLine: {'line': b'   850K .......... .......... .......... .......... ..........  5% 4.14M 3s\n'}
[29.292832] (multirobot_map_merge) StderrLine: {'line': b'   900K .......... .......... .......... .......... ..........  6% 4.74M 3s\n'}
[29.302633] (multirobot_map_merge) StderrLine: {'line': b'   950K .......... .......... .......... .......... ..........  6% 5.07M 3s\n'}
[29.312965] (multirobot_map_merge) StderrLine: {'line': b'  1000K .......... .......... .......... .......... ..........  6% 4.32M 3s\n'}
[29.322869] (multirobot_map_merge) StderrLine: {'line': b'  1050K .......... .......... .......... .......... ..........  7% 5.40M 3s\n'}
[29.328968] (-) TimerEvent: {}
[29.332565] (multirobot_map_merge) StderrLine: {'line': b'  1100K .......... .......... .......... .......... ..........  7% 4.81M 3s\n'}
[29.343494] (multirobot_map_merge) StderrLine: {'line': b'  1150K .......... .......... .......... .......... ..........  7% 5.03M 3s\n'}
[29.353804] (multirobot_map_merge) StderrLine: {'line': b'  1200K .......... .......... .......... .......... ..........  7% 4.05M 3s\n'}
[29.362521] (multirobot_map_merge) StderrLine: {'line': b'  1250K .......... .......... .......... .......... ..........  8% 5.66M 3s\n'}
[29.373308] (multirobot_map_merge) StderrLine: {'line': b'  1300K .......... .......... .......... .......... ..........  8% 5.01M 3s\n'}
[29.387535] (multirobot_map_merge) StderrLine: {'line': b'  1350K .......... .......... .......... .......... ..........  8% 4.28M 3s\n'}
[29.397238] (multirobot_map_merge) StderrLine: {'line': b'  1400K .......... .......... .......... .......... ..........  9% 4.47M 3s\n'}
[29.407697] (multirobot_map_merge) StderrLine: {'line': b'  1450K .......... .......... .......... .......... ..........  9% 4.86M 3s\n'}
[29.415237] (multirobot_map_merge) StderrLine: {'line': b'  1500K .......... .......... .......... .......... ..........  9% 4.92M 3s\n'}
[29.426904] (multirobot_map_merge) StderrLine: {'line': b'  1550K .......... .......... .......... .......... .......... 10% 4.75M 3s\n'}
[29.429187] (-) TimerEvent: {}
[29.435461] (multirobot_map_merge) StderrLine: {'line': b'  1600K .......... .......... .......... .......... .......... 10% 4.62M 3s\n'}
[29.447122] (multirobot_map_merge) StderrLine: {'line': b'  1650K .......... .......... .......... .......... .......... 10% 4.71M 3s\n'}
[29.455450] (multirobot_map_merge) StderrLine: {'line': b'  1700K .......... .......... .......... .......... .......... 11% 5.64M 3s\n'}
[29.464870] (multirobot_map_merge) StderrLine: {'line': b'  1750K .......... .......... .......... .......... .......... 11% 5.16M 3s\n'}
[29.473962] (multirobot_map_merge) StderrLine: {'line': b'  1800K .......... .......... .......... .......... .......... 11% 4.79M 3s\n'}
[29.483520] (multirobot_map_merge) StderrLine: {'line': b'  1850K .......... .......... .......... .......... .......... 12% 5.43M 3s\n'}
[29.496758] (multirobot_map_merge) StderrLine: {'line': b'  1900K .......... .......... .......... .......... .......... 12% 4.43M 3s\n'}
[29.504437] (multirobot_map_merge) StderrLine: {'line': b'  1950K .......... .......... .......... .......... .......... 12% 6.14M 3s\n'}
[29.514494] (multirobot_map_merge) StderrLine: {'line': b'  2000K .......... .......... .......... .......... .......... 13% 4.18M 3s\n'}
[29.523947] (multirobot_map_merge) StderrLine: {'line': b'  2050K .......... .......... .......... .......... .......... 13% 5.41M 3s\n'}
[29.529349] (-) TimerEvent: {}
[29.533140] (multirobot_map_merge) StderrLine: {'line': b'  2100K .......... .......... .......... .......... .......... 13% 4.96M 3s\n'}
[29.543034] (multirobot_map_merge) StderrLine: {'line': b'  2150K .......... .......... .......... .......... .......... 14% 5.58M 3s\n'}
[29.553639] (multirobot_map_merge) StderrLine: {'line': b'  2200K .......... .......... .......... .......... .......... 14% 4.69M 3s\n'}
[29.561486] (multirobot_map_merge) StderrLine: {'line': b'  2250K .......... .......... .......... .......... .......... 14% 5.42M 3s\n'}
[29.572183] (multirobot_map_merge) StderrLine: {'line': b'  2300K .......... .......... .......... .......... .......... 15% 5.13M 3s\n'}
[29.581743] (multirobot_map_merge) StderrLine: {'line': b'  2350K .......... .......... .......... .......... .......... 15% 5.04M 3s\n'}
[29.590758] (multirobot_map_merge) StderrLine: {'line': b'  2400K .......... .......... .......... .......... .......... 15% 4.70M 3s\n'}
[29.601128] (multirobot_map_merge) StderrLine: {'line': b'  2450K .......... .......... .......... .......... .......... 15% 5.14M 3s\n'}
[29.613967] (multirobot_map_merge) StderrLine: {'line': b'  2500K .......... .......... .......... .......... .......... 16% 5.65M 3s\n'}
[29.619670] (multirobot_map_merge) StderrLine: {'line': b'  2550K .......... .......... .......... .......... .......... 16% 5.17M 3s\n'}
[29.629552] (-) TimerEvent: {}
[29.649912] (multirobot_map_merge) StderrLine: {'line': b'  2600K .......... .......... .......... .......... .......... 16% 1.53M 3s\n'}
[29.676521] (multirobot_map_merge) StderrLine: {'line': b'  2650K .......... .......... .......... .......... .......... 17% 1.80M 3s\n'}
[29.679348] (multirobot_map_merge) StderrLine: {'line': b'  2700K .......... .......... .......... .......... .......... 17% 16.5M 3s\n'}
[29.711255] (multirobot_map_merge) StderrLine: {'line': b'  2750K .......... .......... .......... .......... .......... 17% 1.57M 3s\n'}
[29.729756] (-) TimerEvent: {}
[29.742355] (multirobot_map_merge) StderrLine: {'line': b'  2800K .......... .......... .......... .......... .......... 18% 1.53M 3s\n'}
[29.751108] (multirobot_map_merge) StderrLine: {'line': b'  2850K .......... .......... .......... .......... .......... 18% 5.84M 3s\n'}
[29.770353] (multirobot_map_merge) StderrLine: {'line': b'  2900K .......... .......... .......... .......... .......... 18% 2.56M 3s\n'}
[29.777529] (multirobot_map_merge) StderrLine: {'line': b'  2950K .......... .......... .......... .......... .......... 19% 7.18M 3s\n'}
[29.784383] (multirobot_map_merge) StderrLine: {'line': b'  3000K .......... .......... .......... .......... .......... 19% 6.47M 3s\n'}
[29.800412] (multirobot_map_merge) StderrLine: {'line': b'  3050K .......... .......... .......... .......... .......... 19% 3.09M 3s\n'}
[29.807196] (multirobot_map_merge) StderrLine: {'line': b'  3100K .......... .......... .......... .......... .......... 20% 7.52M 3s\n'}
[29.829297] (multirobot_map_merge) StderrLine: {'line': b'  3150K .......... .......... .......... .......... .......... 20% 4.13M 3s\n'}
[29.830114] (-) TimerEvent: {}
[29.835889] (multirobot_map_merge) StderrLine: {'line': b'  3200K .......... .......... .......... .......... .......... 20% 2.82M 3s\n'}
[29.848403] (multirobot_map_merge) StderrLine: {'line': b'  3250K .......... .......... .......... .......... .......... 21% 7.54M 3s\n'}
[29.876787] (multirobot_map_merge) StderrLine: {'line': b'  3300K .......... .......... .......... .......... .......... 21% 1.81M 3s\n'}
[29.901046] (multirobot_map_merge) StderrLine: {'line': b'  3350K .......... .......... .......... .......... .......... 21% 2.00M 3s\n'}
[29.923110] (multirobot_map_merge) StderrLine: {'line': b'  3400K .......... .......... .......... .......... .......... 22% 1.66M 3s\n'}
[29.930479] (-) TimerEvent: {}
[29.956587] (multirobot_map_merge) StderrLine: {'line': b'  3450K .......... .......... .......... .......... .......... 22% 1.46M 3s\n'}
[29.969209] (multirobot_map_merge) StderrLine: {'line': b'  3500K .......... .......... .......... .......... .......... 22% 3.77M 3s\n'}
[30.009501] (multirobot_map_merge) StderrLine: {'line': b'  3550K .......... .......... .......... .......... .......... 23% 16.6M 3s\n'}
[30.026937] (multirobot_map_merge) StderrLine: {'line': b'  3600K .......... .......... .......... .......... .......... 23%  923K 3s\n'}
[30.030679] (-) TimerEvent: {}
[30.057032] (multirobot_map_merge) StderrLine: {'line': b'  3650K .......... .......... .......... .......... .......... 23% 1.64M 3s\n'}
[30.081489] (multirobot_map_merge) StderrLine: {'line': b'  3700K .......... .......... .......... .......... .......... 23% 2.59M 3s\n'}
[30.093772] (multirobot_map_merge) StderrLine: {'line': b'  3750K .......... .......... .......... .......... .......... 24% 2.87M 3s\n'}
[30.105005] (multirobot_map_merge) StderrLine: {'line': b'  3800K .......... .......... .......... .......... .......... 24% 4.00M 3s\n'}
[30.117299] (multirobot_map_merge) StderrLine: {'line': b'  3850K .......... .......... .......... .......... .......... 24% 4.03M 3s\n'}
[30.128893] (multirobot_map_merge) StderrLine: {'line': b'  3900K .......... .......... .......... .......... .......... 25% 4.23M 3s\n'}
[30.130858] (-) TimerEvent: {}
[30.142883] (multirobot_map_merge) StderrLine: {'line': b'  3950K .......... .......... .......... .......... .......... 25% 3.85M 3s\n'}
[30.154555] (multirobot_map_merge) StderrLine: {'line': b'  4000K .......... .......... .......... .......... .......... 25% 3.64M 3s\n'}
[30.165968] (multirobot_map_merge) StderrLine: {'line': b'  4050K .......... .......... .......... .......... .......... 26% 4.34M 3s\n'}
[30.178172] (multirobot_map_merge) StderrLine: {'line': b'  4100K .......... .......... .......... .......... .......... 26% 4.12M 3s\n'}
[30.189919] (multirobot_map_merge) StderrLine: {'line': b'  4150K .......... .......... .......... .......... .......... 26% 4.46M 3s\n'}
[30.202360] (multirobot_map_merge) StderrLine: {'line': b'  4200K .......... .......... .......... .......... .......... 27% 3.60M 3s\n'}
[30.214281] (multirobot_map_merge) StderrLine: {'line': b'  4250K .......... .......... .......... .......... .......... 27% 4.06M 3s\n'}
[30.226902] (multirobot_map_merge) StderrLine: {'line': b'  4300K .......... .......... .......... .......... .......... 27% 4.22M 3s\n'}
[30.231208] (-) TimerEvent: {}
[30.273746] (multirobot_map_merge) StderrLine: {'line': b'  4350K .......... .......... .......... .......... .......... 28% 1.11M 3s\n'}
[30.287347] (multirobot_map_merge) StderrLine: {'line': b'  4400K .......... .......... .......... .......... .......... 28% 2.78M 3s\n'}
[30.315966] (multirobot_map_merge) StderrLine: {'line': b'  4450K .......... .......... .......... .......... .......... 28% 1.73M 3s\n'}
[30.331518] (-) TimerEvent: {}
[30.351067] (multirobot_map_merge) StderrLine: {'line': b'  4500K .......... .......... .......... .......... .......... 29% 1.39M 3s\n'}
[30.366800] (multirobot_map_merge) StderrLine: {'line': b'  4550K .......... .......... .......... .......... .......... 29% 3.20M 3s\n'}
[30.390928] (multirobot_map_merge) StderrLine: {'line': b'  4600K .......... .......... .......... .......... .......... 29% 1.97M 3s\n'}
[30.402952] (multirobot_map_merge) StderrLine: {'line': b'  4650K .......... .......... .......... .......... .......... 30% 4.12M 3s\n'}
[30.431776] (-) TimerEvent: {}
[30.435725] (multirobot_map_merge) StderrLine: {'line': b'  4700K .......... .......... .......... .......... .......... 30% 1.49M 3s\n'}
[30.453754] (multirobot_map_merge) StderrLine: {'line': b'  4750K .......... .......... .......... .......... .......... 30% 2.85M 3s\n'}
[30.466346] (multirobot_map_merge) StderrLine: {'line': b'  4800K .......... .......... .......... .......... .......... 31% 3.49M 3s\n'}
[30.494899] (multirobot_map_merge) StderrLine: {'line': b'  4850K .......... .......... .......... .......... .......... 31% 1.78M 3s\n'}
[30.523265] (multirobot_map_merge) StderrLine: {'line': b'  4900K .......... .......... .......... .......... .......... 31% 1.69M 3s\n'}
[30.531952] (-) TimerEvent: {}
[30.556322] (multirobot_map_merge) StderrLine: {'line': b'  4950K .......... .......... .......... .......... .......... 31% 1.53M 3s\n'}
[30.586033] (multirobot_map_merge) StderrLine: {'line': b'  5000K .......... .......... .......... .......... .......... 32% 1.54M 3s\n'}
[30.598367] (multirobot_map_merge) StderrLine: {'line': b'  5050K .......... .......... .......... .......... .......... 32% 4.10M 3s\n'}
[30.613529] (multirobot_map_merge) StderrLine: {'line': b'  5100K .......... .......... .......... .......... .......... 32% 3.28M 3s\n'}
[30.632170] (-) TimerEvent: {}
[30.636056] (multirobot_map_merge) StderrLine: {'line': b'  5150K .......... .......... .......... .......... .......... 33% 2.58M 3s\n'}
[30.660837] (multirobot_map_merge) StderrLine: {'line': b'  5200K .......... .......... .......... .......... .......... 33% 2.61M 3s\n'}
[30.672903] (multirobot_map_merge) StderrLine: {'line': b'  5250K .......... .......... .......... .......... .......... 33% 2.23M 3s\n'}
[30.684394] (multirobot_map_merge) StderrLine: {'line': b'  5300K .......... .......... .......... .......... .......... 34% 4.32M 3s\n'}
[30.704257] (multirobot_map_merge) StderrLine: {'line': b'  5350K .......... .......... .......... .......... .......... 34% 2.73M 3s\n'}
[30.726535] (multirobot_map_merge) StderrLine: {'line': b'  5400K .......... .......... .......... .......... .......... 34% 1.99M 3s\n'}
[30.732374] (-) TimerEvent: {}
[30.741437] (multirobot_map_merge) StderrLine: {'line': b'  5450K .......... .......... .......... .......... .......... 35% 3.23M 3s\n'}
[30.767602] (multirobot_map_merge) StderrLine: {'line': b'  5500K .......... .......... .......... .......... .......... 35% 1.94M 3s\n'}
[30.780463] (multirobot_map_merge) StderrLine: {'line': b'  5550K .......... .......... .......... .......... .......... 35% 3.92M 3s\n'}
[30.796856] (multirobot_map_merge) StderrLine: {'line': b'  5600K .......... .......... .......... .......... .......... 36% 2.79M 3s\n'}
[30.824070] (multirobot_map_merge) StderrLine: {'line': b'  5650K .......... .......... .......... .......... .......... 36% 1.82M 3s\n'}
[30.832545] (-) TimerEvent: {}
[30.838256] (multirobot_map_merge) StderrLine: {'line': b'  5700K .......... .......... .......... .......... .......... 36% 3.36M 3s\n'}
[30.865160] (multirobot_map_merge) StderrLine: {'line': b'  5750K .......... .......... .......... .......... .......... 37% 1.86M 3s\n'}
[30.877490] (multirobot_map_merge) StderrLine: {'line': b'  5800K .......... .......... .......... .......... .......... 37% 3.69M 3s\n'}
[30.894751] (multirobot_map_merge) StderrLine: {'line': b'  5850K .......... .......... .......... .......... .......... 37% 2.85M 3s\n'}
[30.917460] (multirobot_map_merge) StderrLine: {'line': b'  5900K .......... .......... .......... .......... .......... 38% 3.16M 3s\n'}
[30.930109] (multirobot_map_merge) StderrLine: {'line': b'  5950K .......... .......... .......... .......... .......... 38% 2.60M 3s\n'}
[30.932737] (-) TimerEvent: {}
[30.955845] (multirobot_map_merge) StderrLine: {'line': b'  6000K .......... .......... .......... .......... .......... 38% 1.81M 3s\n'}
[30.970303] (multirobot_map_merge) StderrLine: {'line': b'  6050K .......... .......... .......... .......... .......... 39% 3.54M 3s\n'}
[30.994214] (multirobot_map_merge) StderrLine: {'line': b'  6100K .......... .......... .......... .......... .......... 39% 2.03M 3s\n'}
[31.007472] (multirobot_map_merge) StderrLine: {'line': b'  6150K .......... .......... .......... .......... .......... 39% 3.81M 3s\n'}
[31.021276] (multirobot_map_merge) StderrLine: {'line': b'  6200K .......... .......... .......... .......... .......... 39% 3.26M 3s\n'}
[31.032939] (-) TimerEvent: {}
[31.035271] (multirobot_map_merge) StderrLine: {'line': b'  6250K .......... .......... .......... .......... .......... 40% 4.24M 3s\n'}
[31.046531] (multirobot_map_merge) StderrLine: {'line': b'  6300K .......... .......... .......... .......... .......... 40% 3.72M 3s\n'}
[31.063407] (multirobot_map_merge) StderrLine: {'line': b'  6350K .......... .......... .......... .......... .......... 40% 3.24M 3s\n'}
[31.076431] (multirobot_map_merge) StderrLine: {'line': b'  6400K .......... .......... .......... .......... .......... 41% 3.17M 3s\n'}
[31.085591] (multirobot_map_merge) StderrLine: {'line': b'  6450K .......... .......... .......... .......... .......... 41% 5.54M 3s\n'}
[31.094990] (multirobot_map_merge) StderrLine: {'line': b'  6500K .......... .......... .......... .......... .......... 41% 5.91M 3s\n'}
[31.104120] (multirobot_map_merge) StderrLine: {'line': b'  6550K .......... .......... .......... .......... .......... 42% 4.82M 3s\n'}
[31.112325] (multirobot_map_merge) StderrLine: {'line': b'  6600K .......... .......... .......... .......... .......... 42% 5.58M 3s\n'}
[31.121044] (multirobot_map_merge) StderrLine: {'line': b'  6650K .......... .......... .......... .......... .......... 42% 5.74M 3s\n'}
[31.130590] (multirobot_map_merge) StderrLine: {'line': b'  6700K .......... .......... .......... .......... .......... 43% 5.18M 3s\n'}
[31.134424] (-) TimerEvent: {}
[31.142685] (multirobot_map_merge) StderrLine: {'line': b'  6750K .......... .......... .......... .......... .......... 43% 4.76M 3s\n'}
[31.151449] (multirobot_map_merge) StderrLine: {'line': b'  6800K .......... .......... .......... .......... .......... 43% 5.89M 3s\n'}
[31.159085] (multirobot_map_merge) StderrLine: {'line': b'  6850K .......... .......... .......... .......... .......... 44% 5.12M 3s\n'}
[31.177808] (multirobot_map_merge) StderrLine: {'line': b'  6900K .......... .......... .......... .......... .......... 44% 5.86M 3s\n'}
[31.186494] (multirobot_map_merge) StderrLine: {'line': b'  6950K .......... .......... .......... .......... .......... 44% 4.27M 3s\n'}
[31.189276] (multirobot_map_merge) StderrLine: {'line': b'  7000K .......... .......... .......... .......... .......... 45% 4.66M 3s\n'}
[31.198736] (multirobot_map_merge) StderrLine: {'line': b'  7050K .......... .......... .......... .......... .......... 45% 5.46M 3s\n'}
[31.206328] (multirobot_map_merge) StderrLine: {'line': b'  7100K .......... .......... .......... .......... .......... 45% 5.98M 3s\n'}
[31.216035] (multirobot_map_merge) StderrLine: {'line': b'  7150K .......... .......... .......... .......... .......... 46% 6.14M 2s\n'}
[31.223449] (multirobot_map_merge) StderrLine: {'line': b'  7200K .......... .......... .......... .......... .......... 46% 5.05M 2s\n'}
[31.233168] (multirobot_map_merge) StderrLine: {'line': b'  7250K .......... .......... .......... .......... .......... 46% 6.08M 2s\n'}
[31.234597] (-) TimerEvent: {}
[31.239091] (multirobot_map_merge) StderrLine: {'line': b'  7300K .......... .......... .......... .......... .......... 47% 6.47M 2s\n'}
[31.246069] (multirobot_map_merge) StderrLine: {'line': b'  7350K .......... .......... .......... .......... .......... 47% 7.33M 2s\n'}
[31.254407] (multirobot_map_merge) StderrLine: {'line': b'  7400K .......... .......... .......... .......... .......... 47% 6.31M 2s\n'}
[31.262219] (multirobot_map_merge) StderrLine: {'line': b'  7450K .......... .......... .......... .......... .......... 47% 6.85M 2s\n'}
[31.269195] (multirobot_map_merge) StderrLine: {'line': b'  7500K .......... .......... .......... .......... .......... 48% 7.14M 2s\n'}
[31.276120] (multirobot_map_merge) StderrLine: {'line': b'  7550K .......... .......... .......... .......... .......... 48% 7.21M 2s\n'}
[31.283349] (multirobot_map_merge) StderrLine: {'line': b'  7600K .......... .......... .......... .......... .......... 48% 5.85M 2s\n'}
[31.291675] (multirobot_map_merge) StderrLine: {'line': b'  7650K .......... .......... .......... .......... .......... 49% 6.97M 2s\n'}
[31.299965] (multirobot_map_merge) StderrLine: {'line': b'  7700K .......... .......... .......... .......... .......... 49% 6.76M 2s\n'}
[31.303572] (multirobot_map_merge) StderrLine: {'line': b'  7750K .......... .......... .......... .......... .......... 49% 7.48M 2s\n'}
[31.311088] (multirobot_map_merge) StderrLine: {'line': b'  7800K .......... .......... .......... .......... .......... 50% 6.21M 2s\n'}
[31.317524] (multirobot_map_merge) StderrLine: {'line': b'  7850K .......... .......... .......... .......... .......... 50% 7.44M 2s\n'}
[31.324310] (multirobot_map_merge) StderrLine: {'line': b'  7900K .......... .......... .......... .......... .......... 50% 7.38M 2s\n'}
[31.333220] (multirobot_map_merge) StderrLine: {'line': b'  7950K .......... .......... .......... .......... .......... 51% 6.66M 2s\n'}
[31.334787] (-) TimerEvent: {}
[31.340226] (multirobot_map_merge) StderrLine: {'line': b'  8000K .......... .......... .......... .......... .......... 51% 5.59M 2s\n'}
[31.347072] (multirobot_map_merge) StderrLine: {'line': b'  8050K .......... .......... .......... .......... .......... 51% 7.21M 2s\n'}
[31.353516] (multirobot_map_merge) StderrLine: {'line': b'  8100K .......... .......... .......... .......... .......... 52% 7.57M 2s\n'}
[31.360770] (multirobot_map_merge) StderrLine: {'line': b'  8150K .......... .......... .......... .......... .......... 52% 7.18M 2s\n'}
[31.368080] (multirobot_map_merge) StderrLine: {'line': b'  8200K .......... .......... .......... .......... .......... 52% 6.15M 2s\n'}
[31.377048] (multirobot_map_merge) StderrLine: {'line': b'  8250K .......... .......... .......... .......... .......... 53% 5.95M 2s\n'}
[31.384912] (multirobot_map_merge) StderrLine: {'line': b'  8300K .......... .......... .......... .......... .......... 53% 6.04M 2s\n'}
[31.395669] (multirobot_map_merge) StderrLine: {'line': b'  8350K .......... .......... .......... .......... .......... 53% 5.74M 2s\n'}
[31.404377] (multirobot_map_merge) StderrLine: {'line': b'  8400K .......... .......... .......... .......... .......... 54% 4.59M 2s\n'}
[31.413307] (multirobot_map_merge) StderrLine: {'line': b'  8450K .......... .......... .......... .......... .......... 54% 5.29M 2s\n'}
[31.420858] (multirobot_map_merge) StderrLine: {'line': b'  8500K .......... .......... .......... .......... .......... 54% 6.48M 2s\n'}
[31.428709] (multirobot_map_merge) StderrLine: {'line': b'  8550K .......... .......... .......... .......... .......... 55% 6.46M 2s\n'}
[31.435000] (-) TimerEvent: {}
[31.436675] (multirobot_map_merge) StderrLine: {'line': b'  8600K .......... .......... .......... .......... .......... 55% 5.98M 2s\n'}
[31.443041] (multirobot_map_merge) StderrLine: {'line': b'  8650K .......... .......... .......... .......... .......... 55% 7.13M 2s\n'}
[31.450600] (multirobot_map_merge) StderrLine: {'line': b'  8700K .......... .......... .......... .......... .......... 55% 6.47M 2s\n'}
[31.458788] (multirobot_map_merge) StderrLine: {'line': b'  8750K .......... .......... .......... .......... .......... 56% 7.14M 2s\n'}
[31.482744] (multirobot_map_merge) StderrLine: {'line': b'  8800K .......... .......... .......... .......... .......... 56% 1.92M 2s\n'}
[31.490834] (multirobot_map_merge) StderrLine: {'line': b'  8850K .......... .......... .......... .......... .......... 56% 6.14M 2s\n'}
[31.498793] (multirobot_map_merge) StderrLine: {'line': b'  8900K .......... .......... .......... .......... .......... 57% 6.68M 2s\n'}
[31.506371] (multirobot_map_merge) StderrLine: {'line': b'  8950K .......... .......... .......... .......... .......... 57% 6.40M 2s\n'}
[31.513871] (multirobot_map_merge) StderrLine: {'line': b'  9000K .......... .......... .......... .......... .......... 57% 5.91M 2s\n'}
[31.521737] (multirobot_map_merge) StderrLine: {'line': b'  9050K .......... .......... .......... .......... .......... 58% 6.40M 2s\n'}
[31.528999] (multirobot_map_merge) StderrLine: {'line': b'  9100K .......... .......... .......... .......... .......... 58% 6.83M 2s\n'}
[31.535325] (-) TimerEvent: {}
[31.537161] (multirobot_map_merge) StderrLine: {'line': b'  9150K .......... .......... .......... .......... .......... 58% 6.89M 2s\n'}
[31.545103] (multirobot_map_merge) StderrLine: {'line': b'  9200K .......... .......... .......... .......... .......... 59% 5.33M 2s\n'}
[31.552617] (multirobot_map_merge) StderrLine: {'line': b'  9250K .......... .......... .......... .......... .......... 59% 6.90M 2s\n'}
[31.559887] (multirobot_map_merge) StderrLine: {'line': b'  9300K .......... .......... .......... .......... .......... 59% 6.51M 2s\n'}
[31.567985] (multirobot_map_merge) StderrLine: {'line': b'  9350K .......... .......... .......... .......... .......... 60% 6.54M 2s\n'}
[31.576648] (multirobot_map_merge) StderrLine: {'line': b'  9400K .......... .......... .......... .......... .......... 60% 5.98M 2s\n'}
[31.584151] (multirobot_map_merge) StderrLine: {'line': b'  9450K .......... .......... .......... .......... .......... 60% 6.93M 2s\n'}
[31.591637] (multirobot_map_merge) StderrLine: {'line': b'  9500K .......... .......... .......... .......... .......... 61% 6.57M 2s\n'}
[31.599112] (multirobot_map_merge) StderrLine: {'line': b'  9550K .......... .......... .......... .......... .......... 61% 6.49M 2s\n'}
[31.606425] (multirobot_map_merge) StderrLine: {'line': b'  9600K .......... .......... .......... .......... .......... 61% 5.83M 2s\n'}
[31.613929] (multirobot_map_merge) StderrLine: {'line': b'  9650K .......... .......... .......... .......... .......... 62% 6.63M 2s\n'}
[31.621038] (multirobot_map_merge) StderrLine: {'line': b'  9700K .......... .......... .......... .......... .......... 62% 6.45M 2s\n'}
[31.628544] (multirobot_map_merge) StderrLine: {'line': b'  9750K .......... .......... .......... .......... .......... 62% 6.99M 2s\n'}
[31.636986] (multirobot_map_merge) StderrLine: {'line': b'  9800K .......... .......... .......... .......... .......... 63% 6.10M 1s\n'}
[31.638193] (-) TimerEvent: {}
[31.645034] (multirobot_map_merge) StderrLine: {'line': b'  9850K .......... .......... .......... .......... .......... 63% 6.06M 1s\n'}
[31.652313] (multirobot_map_merge) StderrLine: {'line': b'  9900K .......... .......... .......... .......... .......... 63% 6.67M 1s\n'}
[31.659797] (multirobot_map_merge) StderrLine: {'line': b'  9950K .......... .......... .......... .......... .......... 63% 7.07M 1s\n'}
[31.666905] (multirobot_map_merge) StderrLine: {'line': b' 10000K .......... .......... .......... .......... .......... 64% 5.49M 1s\n'}
[31.674549] (multirobot_map_merge) StderrLine: {'line': b' 10050K .......... .......... .......... .......... .......... 64% 6.91M 1s\n'}
[31.683024] (multirobot_map_merge) StderrLine: {'line': b' 10100K .......... .......... .......... .......... .......... 64% 6.80M 1s\n'}
[31.690531] (multirobot_map_merge) StderrLine: {'line': b' 10150K .......... .......... .......... .......... .......... 65% 6.62M 1s\n'}
[31.697478] (multirobot_map_merge) StderrLine: {'line': b' 10200K .......... .......... .......... .......... .......... 65% 6.10M 1s\n'}
[31.708057] (multirobot_map_merge) StderrLine: {'line': b' 10250K .......... .......... .......... .......... .......... 65% 6.91M 1s\n'}
[31.738294] (multirobot_map_merge) StderrLine: {'line': b' 10300K .......... .......... .......... .......... .......... 66% 1.38M 1s\n'}
[31.738893] (-) TimerEvent: {}
[31.754750] (multirobot_map_merge) StderrLine: {'line': b' 10350K .......... .......... .......... .......... .......... 66% 3.20M 1s\n'}
[31.789515] (multirobot_map_merge) StderrLine: {'line': b' 10400K .......... .......... .......... .......... .......... 66% 1.39M 1s\n'}
[31.804521] (multirobot_map_merge) StderrLine: {'line': b' 10450K .......... .......... .......... .......... .......... 67% 3.32M 1s\n'}
[31.818904] (multirobot_map_merge) StderrLine: {'line': b' 10500K .......... .......... .......... .......... .......... 67% 3.74M 1s\n'}
[31.839168] (-) TimerEvent: {}
[31.852383] (multirobot_map_merge) StderrLine: {'line': b' 10550K .......... .......... .......... .......... .......... 67% 1.44M 1s\n'}
[31.868849] (multirobot_map_merge) StderrLine: {'line': b' 10600K .......... .......... .......... .......... .......... 68% 2.75M 1s\n'}
[31.893926] (multirobot_map_merge) StderrLine: {'line': b' 10650K .......... .......... .......... .......... .......... 68% 2.00M 1s\n'}
[31.908085] (multirobot_map_merge) StderrLine: {'line': b' 10700K .......... .......... .......... .......... .......... 68% 3.44M 1s\n'}
[31.932740] (multirobot_map_merge) StderrLine: {'line': b' 10750K .......... .......... .......... .......... .......... 69% 2.08M 1s\n'}
[31.939365] (-) TimerEvent: {}
[31.962409] (multirobot_map_merge) StderrLine: {'line': b' 10800K .......... .......... .......... .......... .......... 69% 1.58M 1s\n'}
[31.977560] (multirobot_map_merge) StderrLine: {'line': b' 10850K .......... .......... .......... .......... .......... 69% 3.16M 1s\n'}
[31.991180] (multirobot_map_merge) StderrLine: {'line': b' 10900K .......... .......... .......... .......... .......... 70% 3.70M 1s\n'}
[32.004988] (multirobot_map_merge) StderrLine: {'line': b' 10950K .......... .......... .......... .......... .......... 70% 3.62M 1s\n'}
[32.019771] (multirobot_map_merge) StderrLine: {'line': b' 11000K .......... .......... .......... .......... .......... 70% 3.06M 1s\n'}
[32.034968] (multirobot_map_merge) StderrLine: {'line': b' 11050K .......... .......... .......... .......... .......... 71% 3.43M 1s\n'}
[32.039617] (-) TimerEvent: {}
[32.054630] (multirobot_map_merge) StderrLine: {'line': b' 11100K .......... .......... .......... .......... .......... 71% 2.50M 1s\n'}
[32.109806] (multirobot_map_merge) StderrLine: {'line': b' 11150K .......... .......... .......... .......... .......... 71% 2.61M 1s\n'}
[32.125976] (multirobot_map_merge) StderrLine: {'line': b' 11200K .......... .......... .......... .......... .......... 71%  926K 1s\n'}
[32.137110] (multirobot_map_merge) StderrLine: {'line': b' 11250K .......... .......... .......... .......... .......... 72% 4.48M 1s\n'}
[32.139951] (-) TimerEvent: {}
[32.166591] (multirobot_map_merge) StderrLine: {'line': b' 11300K .......... .......... .......... .......... .......... 72% 1.67M 1s\n'}
[32.174671] (multirobot_map_merge) StderrLine: {'line': b' 11350K .......... .......... .......... .......... .......... 72% 6.46M 1s\n'}
[32.193774] (multirobot_map_merge) StderrLine: {'line': b' 11400K .......... .......... .......... .......... .......... 73% 2.42M 1s\n'}
[32.225614] (multirobot_map_merge) StderrLine: {'line': b' 11450K .......... .......... .......... .......... .......... 73% 1.54M 1s\n'}
[32.240143] (-) TimerEvent: {}
[32.248841] (multirobot_map_merge) StderrLine: {'line': b' 11500K .......... .......... .......... .......... .......... 73% 2.06M 1s\n'}
[32.273420] (multirobot_map_merge) StderrLine: {'line': b' 11550K .......... .......... .......... .......... .......... 74% 14.6M 1s\n'}
[32.277106] (multirobot_map_merge) StderrLine: {'line': b' 11600K .......... .......... .......... .......... .......... 74% 1.99M 1s\n'}
[32.280379] (multirobot_map_merge) StderrLine: {'line': b' 11650K .......... .......... .......... .......... .......... 74% 15.8M 1s\n'}
[32.283549] (multirobot_map_merge) StderrLine: {'line': b' 11700K .......... .......... .......... .......... .......... 75% 14.5M 1s\n'}
[32.286715] (multirobot_map_merge) StderrLine: {'line': b' 11750K .......... .......... .......... .......... .......... 75% 14.0M 1s\n'}
[32.290264] (multirobot_map_merge) StderrLine: {'line': b' 11800K .......... .......... .......... .......... .......... 75% 13.4M 1s\n'}
[32.293873] (multirobot_map_merge) StderrLine: {'line': b' 11850K .......... .......... .......... .......... .......... 76% 14.8M 1s\n'}
[32.296964] (multirobot_map_merge) StderrLine: {'line': b' 11900K .......... .......... .......... .......... .......... 76% 14.7M 1s\n'}
[32.301129] (multirobot_map_merge) StderrLine: {'line': b' 11950K .......... .......... .......... .......... .......... 76% 15.6M 1s\n'}
[32.304326] (multirobot_map_merge) StderrLine: {'line': b' 12000K .......... .......... .......... .......... .......... 77% 12.4M 1s\n'}
[32.308081] (multirobot_map_merge) StderrLine: {'line': b' 12050K .......... .......... .......... .......... .......... 77% 14.1M 1s\n'}
[32.319158] (multirobot_map_merge) StderrLine: {'line': b' 12100K .......... .......... .......... .......... .......... 77% 4.23M 1s\n'}
[32.322248] (multirobot_map_merge) StderrLine: {'line': b' 12150K .......... .......... .......... .......... .......... 78% 16.0M 1s\n'}
[32.340441] (-) TimerEvent: {}
[32.342989] (multirobot_map_merge) StderrLine: {'line': b' 12200K .......... .......... .......... .......... .......... 78% 2.34M 1s\n'}
[32.346170] (multirobot_map_merge) StderrLine: {'line': b' 12250K .......... .......... .......... .......... .......... 78% 15.2M 1s\n'}
[32.357683] (multirobot_map_merge) StderrLine: {'line': b' 12300K .......... .......... .......... .......... .......... 79% 4.26M 1s\n'}
[32.384678] (multirobot_map_merge) StderrLine: {'line': b' 12350K .......... .......... .......... .......... .......... 79% 16.4M 1s\n'}
[32.387688] (multirobot_map_merge) StderrLine: {'line': b' 12400K .......... .......... .......... .......... .......... 79% 1.81M 1s\n'}
[32.390494] (multirobot_map_merge) StderrLine: {'line': b' 12450K .......... .......... .......... .......... .......... 79% 17.0M 1s\n'}
[32.401842] (multirobot_map_merge) StderrLine: {'line': b' 12500K .......... .......... .......... .......... .......... 80% 4.35M 1s\n'}
[32.404883] (multirobot_map_merge) StderrLine: {'line': b' 12550K .......... .......... .......... .......... .......... 80% 16.0M 1s\n'}
[32.407572] (multirobot_map_merge) StderrLine: {'line': b' 12600K .......... .......... .......... .......... .......... 80% 16.3M 1s\n'}
[32.410395] (multirobot_map_merge) StderrLine: {'line': b' 12650K .......... .......... .......... .......... .......... 81% 17.5M 1s\n'}
[32.433667] (multirobot_map_merge) StderrLine: {'line': b' 12700K .......... .......... .......... .......... .......... 81% 2.12M 1s\n'}
[32.440713] (-) TimerEvent: {}
[32.472999] (multirobot_map_merge) StderrLine: {'line': b' 12750K .......... .......... .......... .......... .......... 81% 1.80M 1s\n'}
[32.488466] (multirobot_map_merge) StderrLine: {'line': b' 12800K .......... .......... .......... .......... .......... 82% 1.76M 1s\n'}
[32.491310] (multirobot_map_merge) StderrLine: {'line': b' 12850K .......... .......... .......... .......... .......... 82% 16.6M 1s\n'}
[32.518309] (multirobot_map_merge) StderrLine: {'line': b' 12900K .......... .......... .......... .......... .......... 82% 1.92M 1s\n'}
[32.540996] (-) TimerEvent: {}
[32.543946] (multirobot_map_merge) StderrLine: {'line': b' 12950K .......... .......... .......... .......... .......... 83% 2.17M 1s\n'}
[32.560795] (multirobot_map_merge) StderrLine: {'line': b' 13000K .......... .......... .......... .......... .......... 83% 2.42M 1s\n'}
[32.577889] (multirobot_map_merge) StderrLine: {'line': b' 13050K .......... .......... .......... .......... .......... 83% 2.81M 1s\n'}
[32.591593] (multirobot_map_merge) StderrLine: {'line': b' 13100K .......... .......... .......... .......... .......... 84% 3.69M 1s\n'}
[32.606921] (multirobot_map_merge) StderrLine: {'line': b' 13150K .......... .......... .......... .......... .......... 84% 3.56M 1s\n'}
[32.620348] (multirobot_map_merge) StderrLine: {'line': b' 13200K .......... .......... .......... .......... .......... 84% 3.14M 1s\n'}
[32.640316] (multirobot_map_merge) StderrLine: {'line': b' 13250K .......... .......... .......... .......... .......... 85% 3.59M 1s\n'}
[32.641282] (-) TimerEvent: {}
[32.643467] (multirobot_map_merge) StderrLine: {'line': b' 13300K .......... .......... .......... .......... .......... 85% 4.84M 1s\n'}
[32.670714] (multirobot_map_merge) StderrLine: {'line': b' 13350K .......... .......... .......... .......... .......... 85% 1.79M 1s\n'}
[32.686263] (multirobot_map_merge) StderrLine: {'line': b' 13400K .......... .......... .......... .......... .......... 86% 3.08M 1s\n'}
[32.689451] (multirobot_map_merge) StderrLine: {'line': b' 13450K .......... .......... .......... .......... .......... 86% 14.9M 1s\n'}
[32.692415] (multirobot_map_merge) StderrLine: {'line': b' 13500K .......... .......... .......... .......... .......... 86% 16.2M 1s\n'}
[32.703083] (multirobot_map_merge) StderrLine: {'line': b' 13550K .......... .......... .......... .......... .......... 87% 17.0M 1s\n'}
[32.706454] (multirobot_map_merge) StderrLine: {'line': b' 13600K .......... .......... .......... .......... .......... 87% 4.48M 1s\n'}
[32.714058] (multirobot_map_merge) StderrLine: {'line': b' 13650K .......... .......... .......... .......... .......... 87% 6.34M 1s\n'}
[32.716979] (multirobot_map_merge) StderrLine: {'line': b' 13700K .......... .......... .......... .......... .......... 87% 17.1M 0s\n'}
[32.720131] (multirobot_map_merge) StderrLine: {'line': b' 13750K .......... .......... .......... .......... .......... 88% 16.7M 0s\n'}
[32.733575] (multirobot_map_merge) StderrLine: {'line': b' 13800K .......... .......... .......... .......... .......... 88% 3.56M 0s\n'}
[32.736509] (multirobot_map_merge) StderrLine: {'line': b' 13850K .......... .......... .......... .......... .......... 88% 16.5M 0s\n'}
[32.739409] (multirobot_map_merge) StderrLine: {'line': b' 13900K .......... .......... .......... .......... .......... 89% 16.7M 0s\n'}
[32.741491] (-) TimerEvent: {}
[32.753259] (multirobot_map_merge) StderrLine: {'line': b' 13950K .......... .......... .......... .......... .......... 89% 16.5M 0s\n'}
[32.769283] (multirobot_map_merge) StderrLine: {'line': b' 14000K .......... .......... .......... .......... .......... 89% 1.83M 0s\n'}
[32.772171] (multirobot_map_merge) StderrLine: {'line': b' 14050K .......... .......... .......... .......... .......... 90% 16.0M 0s\n'}
[32.775281] (multirobot_map_merge) StderrLine: {'line': b' 14100K .......... .......... .......... .......... .......... 90% 16.4M 0s\n'}
[32.778504] (multirobot_map_merge) StderrLine: {'line': b' 14150K .......... .......... .......... .......... .......... 90% 15.4M 0s\n'}
[32.781582] (multirobot_map_merge) StderrLine: {'line': b' 14200K .......... .......... .......... .......... .......... 91% 14.9M 0s\n'}
[32.784686] (multirobot_map_merge) StderrLine: {'line': b' 14250K .......... .......... .......... .......... .......... 91% 16.0M 0s\n'}
[32.787636] (multirobot_map_merge) StderrLine: {'line': b' 14300K .......... .......... .......... .......... .......... 91% 16.3M 0s\n'}
[32.803446] (multirobot_map_merge) StderrLine: {'line': b' 14350K .......... .......... .......... .......... .......... 92% 3.22M 0s\n'}
[32.806467] (multirobot_map_merge) StderrLine: {'line': b' 14400K .......... .......... .......... .......... .......... 92% 13.3M 0s\n'}
[32.816674] (multirobot_map_merge) StderrLine: {'line': b' 14450K .......... .......... .......... .......... .......... 92% 4.86M 0s\n'}
[32.819886] (multirobot_map_merge) StderrLine: {'line': b' 14500K .......... .......... .......... .......... .......... 93% 15.2M 0s\n'}
[32.822937] (multirobot_map_merge) StderrLine: {'line': b' 14550K .......... .......... .......... .......... .......... 93% 15.7M 0s\n'}
[32.841757] (-) TimerEvent: {}
[32.865994] (multirobot_map_merge) StderrLine: {'line': b' 14600K .......... .......... .......... .......... .......... 93% 1.13M 0s\n'}
[32.881251] (multirobot_map_merge) StderrLine: {'line': b' 14650K .......... .......... .......... .......... .......... 94% 3.23M 0s\n'}
[32.904603] (multirobot_map_merge) StderrLine: {'line': b' 14700K .......... .......... .......... .......... .......... 94% 16.5M 0s\n'}
[32.932596] (multirobot_map_merge) StderrLine: {'line': b' 14750K .......... .......... .......... .......... .......... 94% 2.10M 0s\n'}
[32.935798] (multirobot_map_merge) StderrLine: {'line': b' 14800K .......... .......... .......... .......... .......... 95% 1.73M 0s\n'}
[32.942018] (-) TimerEvent: {}
[32.946305] (multirobot_map_merge) StderrLine: {'line': b' 14850K .......... .......... .......... .......... .......... 95% 4.59M 0s\n'}
[32.949746] (multirobot_map_merge) StderrLine: {'line': b' 14900K .......... .......... .......... .......... .......... 95% 16.1M 0s\n'}
[32.952866] (multirobot_map_merge) StderrLine: {'line': b' 14950K .......... .......... .......... .......... .......... 95% 15.2M 0s\n'}
[32.955821] (multirobot_map_merge) StderrLine: {'line': b' 15000K .......... .......... .......... .......... .......... 96% 15.3M 0s\n'}
[32.971003] (multirobot_map_merge) StderrLine: {'line': b' 15050K .......... .......... .......... .......... .......... 96% 3.20M 0s\n'}
[32.974132] (multirobot_map_merge) StderrLine: {'line': b' 15100K .......... .......... .......... .......... .......... 96% 15.6M 0s\n'}
[32.998289] (multirobot_map_merge) StderrLine: {'line': b' 15150K .......... .......... .......... .......... .......... 97% 2.09M 0s\n'}
[33.017495] (multirobot_map_merge) StderrLine: {'line': b' 15200K .......... .......... .......... .......... .......... 97% 2.46M 0s\n'}
[33.036568] (multirobot_map_merge) StderrLine: {'line': b' 15250K .......... .......... .......... .......... .......... 97% 2.57M 0s\n'}
[33.039544] (multirobot_map_merge) StderrLine: {'line': b' 15300K .......... .......... .......... .......... .......... 98% 15.9M 0s\n'}
[33.042214] (-) TimerEvent: {}
[33.076446] (multirobot_map_merge) StderrLine: {'line': b' 15350K .......... .......... .......... .......... .......... 98% 2.09M 0s\n'}
[33.079400] (multirobot_map_merge) StderrLine: {'line': b' 15400K .......... .......... .......... .......... .......... 98% 2.92M 0s\n'}
[33.082388] (multirobot_map_merge) StderrLine: {'line': b' 15450K .......... .......... .......... .......... .......... 99% 16.9M 0s\n'}
[33.109621] (multirobot_map_merge) StderrLine: {'line': b' 15500K .......... .......... .......... .......... .......... 99% 1.79M 0s\n'}
[33.125430] (multirobot_map_merge) StderrLine: {'line': b' 15550K .......... .......... .......... .......... .......... 99% 3.80M 0s\n'}
[33.142530] (-) TimerEvent: {}
[33.152702] (multirobot_map_merge) StderrLine: {'line': b' 15600K .......... .......... .....                           100% 1.30M=4.1s\n'}
[33.153685] (multirobot_map_merge) StderrLine: {'line': b'\n'}
[33.155439] (multirobot_map_merge) StderrLine: {'line': b'2025-12-04 15:38:40 (3.76 MB/s) - \xe2\x80\x98/home/cricchetto/Robomaster_WS/build/multirobot_map_merge/2012-01-28-11-12-01.pgm\xe2\x80\x99 saved [16000058/16000058]\n'}
[33.157009] (multirobot_map_merge) StderrLine: {'line': b'\n'}
[33.170428] (multirobot_map_merge) StdoutLine: {'line': b'Checking MD5 sum of /home/cricchetto/Robomaster_WS/build/multirobot_map_merge/2012-01-28-11-12-01.pgm\n'}
[33.242780] (-) TimerEvent: {}
[33.253037] (multirobot_map_merge) StdoutLine: {'line': b'/home/cricchetto/Robomaster_WS/build/multirobot_map_merge/2012-01-28-11-12-01.pgm: OK\n'}
[33.316939] (multirobot_map_merge) StdoutLine: {'line': b"-- Found gtest sources under '/opt/ros/humble/src/gtest_vendor': C++ tests using 'Google Test' will be built\n"}
[33.343010] (-) TimerEvent: {}
[33.443941] (-) TimerEvent: {}
[33.544837] (-) TimerEvent: {}
[33.579704] (multirobot_map_merge) StdoutLine: {'line': b"-- Added test 'cppcheck' to perform static code analysis on C / C++ code\n"}
[33.581830] (multirobot_map_merge) StdoutLine: {'line': b'-- Configured cppcheck include dirs: /home/cricchetto/Robomaster_WS/src/m-explore-ros2/map_merge/include;$<BUILD_INTERFACE:/home/cricchetto/Robomaster_WS/src/m-explore-ros2/map_merge/include>\n'}
[33.582485] (multirobot_map_merge) StdoutLine: {'line': b'-- Configured cppcheck exclude dirs and/or files: \n'}
[33.612150] (multirobot_map_merge) StdoutLine: {'line': b"-- Added test 'flake8' to check Python code syntax and style conventions\n"}
[33.645051] (-) TimerEvent: {}
[33.646000] (multirobot_map_merge) StdoutLine: {'line': b"-- Added test 'lint_cmake' to check CMake code style\n"}
[33.651453] (multirobot_map_merge) StdoutLine: {'line': b"-- Added test 'pep257' to check Python code against some of the docstring style conventions in PEP 257\n"}
[33.745319] (-) TimerEvent: {}
[33.776198] (multirobot_map_merge) StdoutLine: {'line': b"-- Added test 'uncrustify' to check C / C++ code style\n"}
[33.784303] (multirobot_map_merge) StdoutLine: {'line': b'-- Configured uncrustify additional arguments: \n'}
[33.804180] (multirobot_map_merge) StdoutLine: {'line': b"-- Added test 'xmllint' to check XML markup files\n"}
[33.845584] (-) TimerEvent: {}
[33.876938] (multirobot_map_merge) StdoutLine: {'line': b'-- Configuring done\n'}
[33.945852] (-) TimerEvent: {}
[34.046957] (-) TimerEvent: {}
[34.148189] (-) TimerEvent: {}
[34.249226] (-) TimerEvent: {}
[34.350357] (-) TimerEvent: {}
[34.451604] (-) TimerEvent: {}
[34.554668] (-) TimerEvent: {}
[34.656410] (-) TimerEvent: {}
[34.758278] (-) TimerEvent: {}
[34.860096] (-) TimerEvent: {}
[34.961748] (-) TimerEvent: {}
[35.064491] (-) TimerEvent: {}
[35.167241] (-) TimerEvent: {}
[35.269389] (-) TimerEvent: {}
[35.371779] (-) TimerEvent: {}
[35.474217] (-) TimerEvent: {}
[35.576581] (-) TimerEvent: {}
[35.678533] (-) TimerEvent: {}
[35.780639] (-) TimerEvent: {}
[35.883049] (-) TimerEvent: {}
[35.985050] (-) TimerEvent: {}
[36.087263] (-) TimerEvent: {}
[36.184524] (multirobot_map_merge) StdoutLine: {'line': b'-- Generating done\n'}
[36.187531] (-) TimerEvent: {}
[36.264066] (multirobot_map_merge) StdoutLine: {'line': b'-- Build files have been written to: /home/cricchetto/Robomaster_WS/build/multirobot_map_merge\n'}
[36.287967] (-) TimerEvent: {}
[36.352959] (multirobot_map_merge) CommandEnded: {'returncode': 0}
[36.354738] (multirobot_map_merge) JobProgress: {'identifier': 'multirobot_map_merge', 'progress': 'build'}
[36.354967] (multirobot_map_merge) Command: {'cmd': ['/usr/bin/cmake', '--build', '/home/cricchetto/Robomaster_WS/build/multirobot_map_merge', '--', '-j4', '-l4'], 'cwd': '/home/cricchetto/Robomaster_WS/build/multirobot_map_merge', 'env': OrderedDict([('LESSOPEN', '| /usr/bin/lesspipe %s'), ('USER', 'cricchetto'), ('SSH_CLIENT', '172.18.147.201 42814 22'), ('LC_TIME', 'es_AR.UTF-8'), ('XDG_SESSION_TYPE', 'tty'), ('SHLVL', '1'), ('LD_LIBRARY_PATH', '/opt/ros/humble/opt/rviz_ogre_vendor/lib:/opt/ros/humble/lib/aarch64-linux-gnu:/opt/ros/humble/lib'), ('MOTD_SHOWN', 'pam'), ('HOME', '/home/cricchetto'), ('OLDPWD', '/home/cricchetto/Robomaster_WS/src'), ('SSH_TTY', '/dev/pts/0'), ('ROS_PYTHON_VERSION', '3'), ('LC_MONETARY', 'es_AR.UTF-8'), ('DBUS_SESSION_BUS_ADDRESS', 'unix:path=/run/user/1000/bus'), ('ROS_DISTRO', 'humble'), ('LOGNAME', 'cricchetto'), ('_', '/usr/bin/colcon'), ('ROS_VERSION', '2'), ('XDG_SESSION_CLASS', 'user'), ('TERM', 'xterm-256color'), ('XDG_SESSION_ID', '1'), ('ROS_LOCALHOST_ONLY', '0'), ('PATH', '/opt/ros/humble/bin:/usr/local/sbin:/usr/local/bin:/usr/sbin:/usr/bin:/sbin:/bin:/usr/games:/usr/local/games:/snap/bin'), ('LC_ADDRESS', 'es_AR.UTF-8'), ('XDG_RUNTIME_DIR', '/run/user/1000'), ('DISPLAY', 'localhost:10.0'), ('LANG', 'en_US.UTF-8'), ('LC_TELEPHONE', 'es_AR.UTF-8'), ('LS_COLORS', 'rs=0:di=01;34:ln=01;36:mh=00:pi=40;33:so=01;35:do=01;35:bd=40;33;01:cd=40;33;01:or=40;31;01:mi=00:su=37;41:sg=30;43:ca=30;41:tw=30;42:ow=34;42:st=37;44:ex=01;32:*.tar=01;31:*.tgz=01;31:*.arc=01;31:*.arj=01;31:*.taz=01;31:*.lha=01;31:*.lz4=01;31:*.lzh=01;31:*.lzma=01;31:*.tlz=01;31:*.txz=01;31:*.tzo=01;31:*.t7z=01;31:*.zip=01;31:*.z=01;31:*.dz=01;31:*.gz=01;31:*.lrz=01;31:*.lz=01;31:*.lzo=01;31:*.xz=01;31:*.zst=01;31:*.tzst=01;31:*.bz2=01;31:*.bz=01;31:*.tbz=01;31:*.tbz2=01;31:*.tz=01;31:*.deb=01;31:*.rpm=01;31:*.jar=01;31:*.war=01;31:*.ear=01;31:*.sar=01;31:*.rar=01;31:*.alz=01;31:*.ace=01;31:*.zoo=01;31:*.cpio=01;31:*.7z=01;31:*.rz=01;31:*.cab=01;31:*.wim=01;31:*.swm=01;31:*.dwm=01;31:*.esd=01;31:*.jpg=01;35:*.jpeg=01;35:*.mjpg=01;35:*.mjpeg=01;35:*.gif=01;35:*.bmp=01;35:*.pbm=01;35:*.pgm=01;35:*.ppm=01;35:*.tga=01;35:*.xbm=01;35:*.xpm=01;35:*.tif=01;35:*.tiff=01;35:*.png=01;35:*.svg=01;35:*.svgz=01;35:*.mng=01;35:*.pcx=01;35:*.mov=01;35:*.mpg=01;35:*.mpeg=01;35:*.m2v=01;35:*.mkv=01;35:*.webm=01;35:*.webp=01;35:*.ogm=01;35:*.mp4=01;35:*.m4v=01;35:*.mp4v=01;35:*.vob=01;35:*.qt=01;35:*.nuv=01;35:*.wmv=01;35:*.asf=01;35:*.rm=01;35:*.rmvb=01;35:*.flc=01;35:*.avi=01;35:*.fli=01;35:*.flv=01;35:*.gl=01;35:*.dl=01;35:*.xcf=01;35:*.xwd=01;35:*.yuv=01;35:*.cgm=01;35:*.emf=01;35:*.ogv=01;35:*.ogx=01;35:*.aac=00;36:*.au=00;36:*.flac=00;36:*.m4a=00;36:*.mid=00;36:*.midi=00;36:*.mka=00;36:*.mp3=00;36:*.mpc=00;36:*.ogg=00;36:*.ra=00;36:*.wav=00;36:*.oga=00;36:*.opus=00;36:*.spx=00;36:*.xspf=00;36:'), ('AMENT_PREFIX_PATH', '/opt/ros/humble'), ('SHELL', '/bin/bash'), ('LC_NAME', 'es_AR.UTF-8'), ('LESSCLOSE', '/usr/bin/lesspipe %s %s'), ('LC_MEASUREMENT', 'es_AR.UTF-8'), ('LC_IDENTIFICATION', 'es_AR.UTF-8'), ('PWD', '/home/cricchetto/Robomaster_WS/build/multirobot_map_merge'), ('LC_ALL', 'en_US.UTF-8'), ('SSH_CONNECTION', '172.18.147.201 42814 172.18.147.143 22'), ('XDG_DATA_DIRS', '/usr/local/share:/usr/share:/var/lib/snapd/desktop'), ('PYTHONPATH', '/opt/ros/humble/lib/python3.10/site-packages:/opt/ros/humble/local/lib/python3.10/dist-packages'), ('LC_NUMERIC', 'es_AR.UTF-8'), ('LC_PAPER', 'es_AR.UTF-8'), ('COLCON', '1'), ('CMAKE_PREFIX_PATH', '/opt/ros/humble')]), 'shell': False}
[36.388164] (-) TimerEvent: {}
[36.490076] (-) TimerEvent: {}
[36.591802] (-) TimerEvent: {}
[36.694107] (-) TimerEvent: {}
[36.796672] (-) TimerEvent: {}
[36.899143] (-) TimerEvent: {}
[37.001328] (-) TimerEvent: {}
[37.103689] (-) TimerEvent: {}
[37.205551] (-) TimerEvent: {}
[37.207985] (multirobot_map_merge) StdoutLine: {'line': b'[  8%] \x1b[32mBuilding CXX object CMakeFiles/combine_grids.dir/src/combine_grids/grid_compositor.cpp.o\x1b[0m\n'}
[37.305796] (-) TimerEvent: {}
[37.361799] (sllidar_ros2) StderrLine: {'line': b'In file included from \x1b[01m\x1b[K/home/cricchetto/Robomaster_WS/src/sllidar_ros2/./sdk/include/rplidar_protocol.h:36\x1b[m\x1b[K,\n'}
[37.372181] (sllidar_ros2) StderrLine: {'line': b'                 from \x1b[01m\x1b[K/home/cricchetto/Robomaster_WS/src/sllidar_ros2/./sdk/include/rplidar.h:39\x1b[m\x1b[K,\n'}
[37.373525] (sllidar_ros2) StderrLine: {'line': b'                 from \x1b[01m\x1b[K/home/cricchetto/Robomaster_WS/src/sllidar_ros2/./sdk/src/sdkcommon.h:49\x1b[m\x1b[K,\n'}
[37.384134] (sllidar_ros2) StderrLine: {'line': b'                 from \x1b[01m\x1b[K/home/cricchetto/Robomaster_WS/src/sllidar_ros2/sdk/src/arch/linux/net_socket.cpp:10\x1b[m\x1b[K:\n'}
[37.385306] (sllidar_ros2) StderrLine: {'line': b'\x1b[01m\x1b[K/home/cricchetto/Robomaster_WS/src/sllidar_ros2/./sdk/include/sl_lidar_protocol.h:66:16:\x1b[m\x1b[K \x1b[01;35m\x1b[Kwarning: \x1b[m\x1b[KISO C++ forbids zero-size array \xe2\x80\x98\x1b[01m\x1b[Kdata\x1b[m\x1b[K\xe2\x80\x99 [\x1b[01;35m\x1b[K\x1b]8;;https://gcc.gnu.org/onlinedocs/gcc/Warning-Options.html#index-Wpedantic\x07-Wpedantic\x1b]8;;\x07\x1b[m\x1b[K]\n'}
[37.386428] (sllidar_ros2) StderrLine: {'line': b'   66 |     sl_u8 data[\x1b[01;35m\x1b[K0\x1b[m\x1b[K];\n'}
[37.387445] (sllidar_ros2) StderrLine: {'line': b'      |                \x1b[01;35m\x1b[K^\x1b[m\x1b[K\n'}
[37.391026] (sllidar_ros2) StderrLine: {'line': b'In file included from \x1b[01m\x1b[K/home/cricchetto/Robomaster_WS/src/sllidar_ros2/./sdk/include/rplidar_cmd.h:36\x1b[m\x1b[K,\n'}
[37.392265] (sllidar_ros2) StderrLine: {'line': b'                 from \x1b[01m\x1b[K/home/cricchetto/Robomaster_WS/src/sllidar_ros2/./sdk/include/rplidar.h:40\x1b[m\x1b[K,\n'}
[37.393290] (sllidar_ros2) StderrLine: {'line': b'                 from \x1b[01m\x1b[K/home/cricchetto/Robomaster_WS/src/sllidar_ros2/./sdk/src/sdkcommon.h:49\x1b[m\x1b[K,\n'}
[37.394505] (sllidar_ros2) StderrLine: {'line': b'                 from \x1b[01m\x1b[K/home/cricchetto/Robomaster_WS/src/sllidar_ros2/sdk/src/arch/linux/net_socket.cpp:10\x1b[m\x1b[K:\n'}
[37.396017] (sllidar_ros2) StderrLine: {'line': b'\x1b[01m\x1b[K/home/cricchetto/Robomaster_WS/src/sllidar_ros2/./sdk/include/sl_lidar_cmd.h:324:20:\x1b[m\x1b[K \x1b[01;35m\x1b[Kwarning: \x1b[m\x1b[KISO C++ forbids zero-size array \xe2\x80\x98\x1b[01m\x1b[Kpayload\x1b[m\x1b[K\xe2\x80\x99 [\x1b[01;35m\x1b[K\x1b]8;;https://gcc.gnu.org/onlinedocs/gcc/Warning-Options.html#index-Wpedantic\x07-Wpedantic\x1b]8;;\x07\x1b[m\x1b[K]\n'}
[37.397150] (sllidar_ros2) StderrLine: {'line': b'  324 |     sl_u8  payload[\x1b[01;35m\x1b[K0\x1b[m\x1b[K];\n'}
[37.398354] (sllidar_ros2) StderrLine: {'line': b'      |                    \x1b[01;35m\x1b[K^\x1b[m\x1b[K\n'}
[37.406120] (-) TimerEvent: {}
[37.508019] (-) TimerEvent: {}
[37.608884] (-) TimerEvent: {}
[37.709946] (-) TimerEvent: {}
[37.810946] (-) TimerEvent: {}
[37.912053] (-) TimerEvent: {}
[38.013030] (-) TimerEvent: {}
[38.114114] (-) TimerEvent: {}
[38.215139] (-) TimerEvent: {}
[38.316242] (-) TimerEvent: {}
[38.417382] (-) TimerEvent: {}
[38.518392] (-) TimerEvent: {}
[38.529586] (sllidar_ros2) StderrLine: {'line': b'In file included from \x1b[01m\x1b[K/home/cricchetto/Robomaster_WS/src/sllidar_ros2/./sdk/src/arch/linux/arch_linux.h:42\x1b[m\x1b[K,\n'}
[38.540199] (sllidar_ros2) StderrLine: {'line': b'                 from \x1b[01m\x1b[K/home/cricchetto/Robomaster_WS/src/sllidar_ros2/./sdk/src/sdkcommon.h:41\x1b[m\x1b[K,\n'}
[38.541406] (sllidar_ros2) StderrLine: {'line': b'                 from \x1b[01m\x1b[K/home/cricchetto/Robomaster_WS/src/sllidar_ros2/sdk/src/arch/linux/net_socket.cpp:10\x1b[m\x1b[K:\n'}
[38.542852] (sllidar_ros2) StderrLine: {'line': b'\x1b[01m\x1b[K/home/cricchetto/Robomaster_WS/src/sllidar_ros2/sdk/src/arch/linux/net_socket.cpp:\x1b[m\x1b[K In member function \xe2\x80\x98\x1b[01m\x1b[Kvirtual u_result rp::arch::net::DGramSocketImpl::sendTo(const rp::net::SocketAddress*, const void*, size_t)\x1b[m\x1b[K\xe2\x80\x99:\n'}
[38.544068] (sllidar_ros2) StderrLine: {'line': b'\x1b[01m\x1b[K/home/cricchetto/Robomaster_WS/src/sllidar_ros2/sdk/src/arch/linux/net_socket.cpp:733:24:\x1b[m\x1b[K \x1b[01;35m\x1b[Kwarning: \x1b[m\x1b[Kcomparison of integer expressions of different signedness: \xe2\x80\x98\x1b[01m\x1b[Kint\x1b[m\x1b[K\xe2\x80\x99 and \xe2\x80\x98\x1b[01m\x1b[Ksize_t\x1b[m\x1b[K\xe2\x80\x99 {aka \xe2\x80\x98\x1b[01m\x1b[Klong unsigned int\x1b[m\x1b[K\xe2\x80\x99} [\x1b[01;35m\x1b[K\x1b]8;;https://gcc.gnu.org/onlinedocs/gcc/Warning-Options.html#index-Wsign-compare\x07-Wsign-compare\x1b]8;;\x07\x1b[m\x1b[K]\n'}
[38.545505] (sllidar_ros2) StderrLine: {'line': b'  733 |             assert(\x1b[01;35m\x1b[Kans == len\x1b[m\x1b[K);\n'}
[38.546760] (sllidar_ros2) StderrLine: {'line': b'      |                    \x1b[01;35m\x1b[K~~~~^~~~~~\x1b[m\x1b[K\n'}
[38.618742] (-) TimerEvent: {}
[38.719886] (-) TimerEvent: {}
[38.821069] (-) TimerEvent: {}
[38.922281] (-) TimerEvent: {}
[39.023421] (-) TimerEvent: {}
[39.124495] (-) TimerEvent: {}
[39.225513] (-) TimerEvent: {}
[39.260587] (sllidar_ros2) StderrLine: {'line': b'\x1b[01m\x1b[K/home/cricchetto/Robomaster_WS/src/sllidar_ros2/sdk/src/arch/linux/net_serial.cpp:\x1b[m\x1b[K In member function \xe2\x80\x98\x1b[01m\x1b[Kbool rp::arch::net::raw_serial::open(const char*, uint32_t, uint32_t)\x1b[m\x1b[K\xe2\x80\x99:\n'}
[39.276264] (sllidar_ros2) StderrLine: {'line': b'\x1b[01m\x1b[K/home/cricchetto/Robomaster_WS/src/sllidar_ros2/sdk/src/arch/linux/net_serial.cpp:97:74:\x1b[m\x1b[K \x1b[01;35m\x1b[Kwarning: \x1b[m\x1b[Kunused parameter \xe2\x80\x98\x1b[01m\x1b[Kflags\x1b[m\x1b[K\xe2\x80\x99 [\x1b[01;35m\x1b[K\x1b]8;;https://gcc.gnu.org/onlinedocs/gcc/Warning-Options.html#index-Wunused-parameter\x07-Wunused-parameter\x1b]8;;\x07\x1b[m\x1b[K]\n'}
[39.277410] (sllidar_ros2) StderrLine: {'line': b'   97 | bool raw_serial::open(const char * portname, uint32_t baudrate, \x1b[01;35m\x1b[Kuint32_t flags\x1b[m\x1b[K)\n'}
[39.278615] (sllidar_ros2) StderrLine: {'line': b'      |                                                                 \x1b[01;35m\x1b[K~~~~~~~~~^~~~~\x1b[m\x1b[K\n'}
[39.282719] (sllidar_ros2) StderrLine: {'line': b'\x1b[01m\x1b[K/home/cricchetto/Robomaster_WS/src/sllidar_ros2/sdk/src/arch/linux/net_serial.cpp:\x1b[m\x1b[K In member function \xe2\x80\x98\x1b[01m\x1b[Kvirtual void rp::arch::net::raw_serial::flush(_u32)\x1b[m\x1b[K\xe2\x80\x99:\n'}
[39.283992] (sllidar_ros2) StderrLine: {'line': b'\x1b[01m\x1b[K/home/cricchetto/Robomaster_WS/src/sllidar_ros2/sdk/src/arch/linux/net_serial.cpp:281:30:\x1b[m\x1b[K \x1b[01;35m\x1b[Kwarning: \x1b[m\x1b[Kunused parameter \xe2\x80\x98\x1b[01m\x1b[Kflags\x1b[m\x1b[K\xe2\x80\x99 [\x1b[01;35m\x1b[K\x1b]8;;https://gcc.gnu.org/onlinedocs/gcc/Warning-Options.html#index-Wunused-parameter\x07-Wunused-parameter\x1b]8;;\x07\x1b[m\x1b[K]\n'}
[39.285488] (sllidar_ros2) StderrLine: {'line': b'  281 | void raw_serial::flush( \x1b[01;35m\x1b[K_u32 flags\x1b[m\x1b[K)\n'}
[39.296152] (sllidar_ros2) StderrLine: {'line': b'      |                         \x1b[01;35m\x1b[K~~~~~^~~~~\x1b[m\x1b[K\n'}
[39.298095] (sllidar_ros2) StderrLine: {'line': b'\x1b[01m\x1b[K/home/cricchetto/Robomaster_WS/src/sllidar_ros2/sdk/src/arch/linux/net_serial.cpp:\x1b[m\x1b[K In member function \xe2\x80\x98\x1b[01m\x1b[Kvirtual int rp::arch::net::raw_serial::waitforsent(_u32, size_t*)\x1b[m\x1b[K\xe2\x80\x99:\n'}
[39.299256] (sllidar_ros2) StderrLine: {'line': b'\x1b[01m\x1b[K/home/cricchetto/Robomaster_WS/src/sllidar_ros2/sdk/src/arch/linux/net_serial.cpp:286:34:\x1b[m\x1b[K \x1b[01;35m\x1b[Kwarning: \x1b[m\x1b[Kunused parameter \xe2\x80\x98\x1b[01m\x1b[Ktimeout\x1b[m\x1b[K\xe2\x80\x99 [\x1b[01;35m\x1b[K\x1b]8;;https://gcc.gnu.org/onlinedocs/gcc/Warning-Options.html#index-Wunused-parameter\x07-Wunused-parameter\x1b]8;;\x07\x1b[m\x1b[K]\n'}
[39.300589] (sllidar_ros2) StderrLine: {'line': b'  286 | int raw_serial::waitforsent(\x1b[01;35m\x1b[K_u32 timeout\x1b[m\x1b[K, size_t * returned_size)\n'}
[39.301672] (sllidar_ros2) StderrLine: {'line': b'      |                             \x1b[01;35m\x1b[K~~~~~^~~~~~~\x1b[m\x1b[K\n'}
[39.303563] (sllidar_ros2) StderrLine: {'line': b'\x1b[01m\x1b[K/home/cricchetto/Robomaster_WS/src/sllidar_ros2/sdk/src/arch/linux/net_serial.cpp:\x1b[m\x1b[K In member function \xe2\x80\x98\x1b[01m\x1b[Kvirtual int rp::arch::net::raw_serial::waitforrecv(_u32, size_t*)\x1b[m\x1b[K\xe2\x80\x99:\n'}
[39.304876] (sllidar_ros2) StderrLine: {'line': b'\x1b[01m\x1b[K/home/cricchetto/Robomaster_WS/src/sllidar_ros2/sdk/src/arch/linux/net_serial.cpp:292:34:\x1b[m\x1b[K \x1b[01;35m\x1b[Kwarning: \x1b[m\x1b[Kunused parameter \xe2\x80\x98\x1b[01m\x1b[Ktimeout\x1b[m\x1b[K\xe2\x80\x99 [\x1b[01;35m\x1b[K\x1b]8;;https://gcc.gnu.org/onlinedocs/gcc/Warning-Options.html#index-Wunused-parameter\x07-Wunused-parameter\x1b]8;;\x07\x1b[m\x1b[K]\n'}
[39.306127] (sllidar_ros2) StderrLine: {'line': b'  292 | int raw_serial::waitforrecv(\x1b[01;35m\x1b[K_u32 timeout\x1b[m\x1b[K, size_t * returned_size)\n'}
[39.307112] (sllidar_ros2) StderrLine: {'line': b'      |                             \x1b[01;35m\x1b[K~~~~~^~~~~~~\x1b[m\x1b[K\n'}
[39.325856] (-) TimerEvent: {}
[39.329228] (sllidar_ros2) StderrLine: {'line': b'\x1b[01m\x1b[K/home/cricchetto/Robomaster_WS/src/sllidar_ros2/sdk/src/arch/linux/net_serial.cpp:\x1b[m\x1b[K In member function \xe2\x80\x98\x1b[01m\x1b[Kvirtual void rp::arch::net::raw_serial::cancelOperation()\x1b[m\x1b[K\xe2\x80\x99:\n'}
[39.348307] (sllidar_ros2) StderrLine: {'line': b'\x1b[01m\x1b[K/home/cricchetto/Robomaster_WS/src/sllidar_ros2/sdk/src/arch/linux/net_serial.cpp:427:5:\x1b[m\x1b[K \x1b[01;35m\x1b[Kwarning: \x1b[m\x1b[Kvalue computed is not used [\x1b[01;35m\x1b[K\x1b]8;;https://gcc.gnu.org/onlinedocs/gcc/Warning-Options.html#index-Wunused-value\x07-Wunused-value\x1b]8;;\x07\x1b[m\x1b[K]\n'}
[39.350006] (sllidar_ros2) StderrLine: {'line': b'  427 |     \x1b[01;35m\x1b[K(int)::write(_selfpipe[1], "x", 1)\x1b[m\x1b[K;\n'}
[39.351877] (sllidar_ros2) StderrLine: {'line': b'      |     \x1b[01;35m\x1b[K^~~~~~~~~~~~~~~~~~~~~~~~~~~~~~~~~~\x1b[m\x1b[K\n'}
[39.426144] (-) TimerEvent: {}
[39.527851] (-) TimerEvent: {}
[39.629536] (-) TimerEvent: {}
[39.730571] (-) TimerEvent: {}
[39.832335] (-) TimerEvent: {}
[39.934587] (-) TimerEvent: {}
[40.036296] (-) TimerEvent: {}
[40.138431] (-) TimerEvent: {}
[40.240498] (-) TimerEvent: {}
[40.341519] (-) TimerEvent: {}
[40.442481] (-) TimerEvent: {}
[40.543487] (-) TimerEvent: {}
[40.644553] (-) TimerEvent: {}
[40.745488] (-) TimerEvent: {}
[40.846552] (-) TimerEvent: {}
[40.948485] (-) TimerEvent: {}
[41.050395] (-) TimerEvent: {}
[41.152557] (-) TimerEvent: {}
[41.253666] (-) TimerEvent: {}
[41.356115] (-) TimerEvent: {}
[41.458662] (-) TimerEvent: {}
[41.560579] (-) TimerEvent: {}
[41.661551] (-) TimerEvent: {}
[41.762585] (-) TimerEvent: {}
[41.863718] (-) TimerEvent: {}
[41.964809] (-) TimerEvent: {}
[42.066113] (-) TimerEvent: {}
[42.168355] (-) TimerEvent: {}
[42.270228] (-) TimerEvent: {}
[42.372403] (-) TimerEvent: {}
[42.474302] (-) TimerEvent: {}
[42.576375] (-) TimerEvent: {}
[42.678339] (-) TimerEvent: {}
[42.779501] (-) TimerEvent: {}
[42.880688] (-) TimerEvent: {}
[42.981891] (-) TimerEvent: {}
[43.083158] (-) TimerEvent: {}
[43.185006] (-) TimerEvent: {}
[43.287123] (-) TimerEvent: {}
[43.389490] (-) TimerEvent: {}
[43.491559] (-) TimerEvent: {}
[43.593833] (-) TimerEvent: {}
[43.695611] (-) TimerEvent: {}
[43.796676] (-) TimerEvent: {}
[43.897791] (-) TimerEvent: {}
[43.999676] (-) TimerEvent: {}
[44.101368] (-) TimerEvent: {}
[44.203418] (-) TimerEvent: {}
[44.305241] (-) TimerEvent: {}
[44.407281] (-) TimerEvent: {}
[44.509416] (-) TimerEvent: {}
[44.611191] (-) TimerEvent: {}
[44.713023] (-) TimerEvent: {}
[44.814887] (-) TimerEvent: {}
[44.915979] (-) TimerEvent: {}
[45.017290] (-) TimerEvent: {}
[45.118474] (-) TimerEvent: {}
[45.220114] (-) TimerEvent: {}
[45.321829] (-) TimerEvent: {}
[45.423605] (-) TimerEvent: {}
[45.525318] (-) TimerEvent: {}
[45.627081] (-) TimerEvent: {}
[45.728868] (-) TimerEvent: {}
[45.830607] (-) TimerEvent: {}
[45.932589] (-) TimerEvent: {}
[46.034422] (-) TimerEvent: {}
[46.136040] (-) TimerEvent: {}
[46.237828] (-) TimerEvent: {}
[46.339797] (-) TimerEvent: {}
[46.442145] (-) TimerEvent: {}
[46.543235] (-) TimerEvent: {}
[46.644400] (-) TimerEvent: {}
[46.745822] (-) TimerEvent: {}
[46.847839] (-) TimerEvent: {}
[46.948879] (-) TimerEvent: {}
[47.049962] (-) TimerEvent: {}
[47.151017] (-) TimerEvent: {}
[47.252844] (-) TimerEvent: {}
[47.354797] (-) TimerEvent: {}
[47.457059] (-) TimerEvent: {}
[47.559238] (-) TimerEvent: {}
[47.661213] (-) TimerEvent: {}
[47.763103] (-) TimerEvent: {}
[47.865420] (-) TimerEvent: {}
[47.966594] (-) TimerEvent: {}
[48.067678] (-) TimerEvent: {}
[48.168720] (-) TimerEvent: {}
[48.269672] (-) TimerEvent: {}
[48.370846] (-) TimerEvent: {}
[48.472106] (-) TimerEvent: {}
[48.573178] (-) TimerEvent: {}
[48.674302] (-) TimerEvent: {}
[48.775711] (-) TimerEvent: {}
[48.876953] (-) TimerEvent: {}
[48.978166] (-) TimerEvent: {}
[49.079359] (-) TimerEvent: {}
[49.180541] (-) TimerEvent: {}
[49.281681] (-) TimerEvent: {}
[49.382853] (-) TimerEvent: {}
[49.483906] (-) TimerEvent: {}
[49.584993] (-) TimerEvent: {}
[49.686179] (-) TimerEvent: {}
[49.787407] (-) TimerEvent: {}
[49.888996] (-) TimerEvent: {}
[49.991299] (-) TimerEvent: {}
[50.093239] (-) TimerEvent: {}
[50.195111] (-) TimerEvent: {}
[50.296769] (-) TimerEvent: {}
[50.398438] (-) TimerEvent: {}
[50.500121] (-) TimerEvent: {}
[50.601766] (-) TimerEvent: {}
[50.703383] (-) TimerEvent: {}
[50.805462] (-) TimerEvent: {}
[50.906878] (-) TimerEvent: {}
[51.008096] (-) TimerEvent: {}
[51.109193] (-) TimerEvent: {}
[51.210380] (-) TimerEvent: {}
[51.311422] (-) TimerEvent: {}
[51.412495] (-) TimerEvent: {}
[51.513573] (-) TimerEvent: {}
[51.614759] (-) TimerEvent: {}
[51.715894] (-) TimerEvent: {}
[51.816993] (-) TimerEvent: {}
[51.918219] (-) TimerEvent: {}
[52.019274] (-) TimerEvent: {}
[52.120515] (-) TimerEvent: {}
[52.221850] (-) TimerEvent: {}
[52.323199] (-) TimerEvent: {}
[52.424322] (-) TimerEvent: {}
[52.526603] (-) TimerEvent: {}
[52.628679] (-) TimerEvent: {}
[52.730739] (-) TimerEvent: {}
[52.832689] (-) TimerEvent: {}
[52.934639] (-) TimerEvent: {}
[53.036546] (-) TimerEvent: {}
[53.138623] (-) TimerEvent: {}
[53.240543] (-) TimerEvent: {}
[53.341702] (-) TimerEvent: {}
[53.442923] (-) TimerEvent: {}
[53.544254] (-) TimerEvent: {}
[53.645781] (-) TimerEvent: {}
[53.746941] (-) TimerEvent: {}
[53.848087] (-) TimerEvent: {}
[53.949320] (-) TimerEvent: {}
[54.050355] (-) TimerEvent: {}
[54.151772] (-) TimerEvent: {}
[54.252799] (-) TimerEvent: {}
[54.353890] (-) TimerEvent: {}
[54.455881] (-) TimerEvent: {}
[54.557732] (-) TimerEvent: {}
[54.659609] (-) TimerEvent: {}
[54.761438] (-) TimerEvent: {}
[54.863354] (-) TimerEvent: {}
[54.965247] (-) TimerEvent: {}
[55.067028] (-) TimerEvent: {}
[55.168678] (-) TimerEvent: {}
[55.270487] (-) TimerEvent: {}
[55.372098] (-) TimerEvent: {}
[55.473789] (-) TimerEvent: {}
[55.575590] (-) TimerEvent: {}
[55.677375] (-) TimerEvent: {}
[55.779296] (-) TimerEvent: {}
[55.881339] (-) TimerEvent: {}
[55.983222] (-) TimerEvent: {}
[56.084542] (-) TimerEvent: {}
[56.186053] (-) TimerEvent: {}
[56.287256] (-) TimerEvent: {}
[56.388639] (-) TimerEvent: {}
[56.489988] (-) TimerEvent: {}
[56.591577] (-) TimerEvent: {}
[56.692848] (-) TimerEvent: {}
[56.794734] (-) TimerEvent: {}
[56.896499] (-) TimerEvent: {}
[56.998202] (-) TimerEvent: {}
[57.099202] (-) TimerEvent: {}
[57.200357] (-) TimerEvent: {}
[57.301715] (-) TimerEvent: {}
[57.403475] (-) TimerEvent: {}
[57.505264] (-) TimerEvent: {}
[57.506692] (multirobot_map_merge) StdoutLine: {'line': b'[ 16%] \x1b[32mBuilding CXX object CMakeFiles/combine_grids.dir/src/combine_grids/grid_warper.cpp.o\x1b[0m\n'}
[57.605598] (-) TimerEvent: {}
[57.707824] (-) TimerEvent: {}
[57.809723] (-) TimerEvent: {}
[57.911679] (-) TimerEvent: {}
[58.013514] (-) TimerEvent: {}
[58.114617] (-) TimerEvent: {}
[58.217418] (-) TimerEvent: {}
[58.319457] (-) TimerEvent: {}
[58.421642] (-) TimerEvent: {}
[58.523720] (-) TimerEvent: {}
[58.625949] (-) TimerEvent: {}
[58.727936] (-) TimerEvent: {}
[58.830041] (-) TimerEvent: {}
[58.931850] (-) TimerEvent: {}
[59.034117] (-) TimerEvent: {}
[59.136437] (-) TimerEvent: {}
[59.238299] (-) TimerEvent: {}
[59.340752] (-) TimerEvent: {}
[59.443330] (-) TimerEvent: {}
[59.545312] (-) TimerEvent: {}
[59.647447] (-) TimerEvent: {}
[59.749389] (-) TimerEvent: {}
[59.851607] (-) TimerEvent: {}
[59.953982] (-) TimerEvent: {}
[60.056022] (-) TimerEvent: {}
[60.158136] (-) TimerEvent: {}
[60.260202] (-) TimerEvent: {}
[60.362208] (-) TimerEvent: {}
[60.464563] (-) TimerEvent: {}
[60.566791] (-) TimerEvent: {}
[60.667748] (-) TimerEvent: {}
[60.770001] (-) TimerEvent: {}
[60.872079] (-) TimerEvent: {}
[60.964935] (explore_lite) StdoutLine: {'line': b'[ 70%] \x1b[32m\x1b[1mLinking CXX static library libgtest.a\x1b[0m\n'}
[60.972309] (-) TimerEvent: {}
[61.074372] (-) TimerEvent: {}
[61.175376] (-) TimerEvent: {}
[61.276381] (-) TimerEvent: {}
[61.377464] (-) TimerEvent: {}
[61.479795] (-) TimerEvent: {}
[61.582216] (-) TimerEvent: {}
[61.684271] (-) TimerEvent: {}
[61.786366] (-) TimerEvent: {}
[61.888438] (-) TimerEvent: {}
[61.919008] (explore_lite) StdoutLine: {'line': b'[ 70%] Built target gtest\n'}
[61.988689] (-) TimerEvent: {}
[62.089748] (-) TimerEvent: {}
[62.190886] (-) TimerEvent: {}
[62.292138] (-) TimerEvent: {}
[62.393138] (-) TimerEvent: {}
[62.494130] (-) TimerEvent: {}
[62.595136] (-) TimerEvent: {}
[62.696206] (-) TimerEvent: {}
[62.797270] (-) TimerEvent: {}
[62.898395] (-) TimerEvent: {}
[62.999376] (-) TimerEvent: {}
[63.101229] (-) TimerEvent: {}
[63.203311] (-) TimerEvent: {}
[63.305399] (-) TimerEvent: {}
[63.407413] (-) TimerEvent: {}
[63.508438] (-) TimerEvent: {}
[63.610229] (-) TimerEvent: {}
[63.711956] (-) TimerEvent: {}
[63.813696] (-) TimerEvent: {}
[63.915400] (-) TimerEvent: {}
[64.017012] (-) TimerEvent: {}
[64.118754] (-) TimerEvent: {}
[64.220491] (-) TimerEvent: {}
[64.322252] (-) TimerEvent: {}
[64.423935] (-) TimerEvent: {}
[64.525740] (-) TimerEvent: {}
[64.627463] (-) TimerEvent: {}
[64.729202] (-) TimerEvent: {}
[64.830923] (-) TimerEvent: {}
[64.932813] (-) TimerEvent: {}
[65.034583] (-) TimerEvent: {}
[65.136149] (-) TimerEvent: {}
[65.237070] (-) TimerEvent: {}
[65.338784] (-) TimerEvent: {}
[65.440461] (-) TimerEvent: {}
[65.542024] (-) TimerEvent: {}
[65.643756] (-) TimerEvent: {}
[65.745315] (-) TimerEvent: {}
[65.846924] (-) TimerEvent: {}
[65.948636] (-) TimerEvent: {}
[66.050149] (-) TimerEvent: {}
[66.151836] (-) TimerEvent: {}
[66.253519] (-) TimerEvent: {}
[66.355269] (-) TimerEvent: {}
[66.404513] (sllidar_ros2) StderrLine: {'line': b'In file included from \x1b[01m\x1b[K/home/cricchetto/Robomaster_WS/src/sllidar_ros2/./sdk/include/sl_lidar_cmd.h:41\x1b[m\x1b[K,\n'}
[66.405674] (sllidar_ros2) StderrLine: {'line': b'                 from \x1b[01m\x1b[K/home/cricchetto/Robomaster_WS/src/sllidar_ros2/./sdk/include/sl_lidar_driver.h:54\x1b[m\x1b[K,\n'}
[66.406768] (sllidar_ros2) StderrLine: {'line': b'                 from \x1b[01m\x1b[K/home/cricchetto/Robomaster_WS/src/sllidar_ros2/./sdk/include/sl_lidar.h:36\x1b[m\x1b[K,\n'}
[66.408056] (sllidar_ros2) StderrLine: {'line': b'                 from \x1b[01m\x1b[K/home/cricchetto/Robomaster_WS/src/sllidar_ros2/src/sllidar_node.cpp:38\x1b[m\x1b[K:\n'}
[66.409345] (sllidar_ros2) StderrLine: {'line': b'\x1b[01m\x1b[K/home/cricchetto/Robomaster_WS/src/sllidar_ros2/./sdk/include/sl_lidar_protocol.h:66:16:\x1b[m\x1b[K \x1b[01;35m\x1b[Kwarning: \x1b[m\x1b[KISO C++ forbids zero-size array \xe2\x80\x98\x1b[01m\x1b[Kdata\x1b[m\x1b[K\xe2\x80\x99 [\x1b[01;35m\x1b[K\x1b]8;;https://gcc.gnu.org/onlinedocs/gcc/Warning-Options.html#index-Wpedantic\x07-Wpedantic\x1b]8;;\x07\x1b[m\x1b[K]\n'}
[66.410637] (sllidar_ros2) StderrLine: {'line': b'   66 |     sl_u8 data[\x1b[01;35m\x1b[K0\x1b[m\x1b[K];\n'}
[66.411620] (sllidar_ros2) StderrLine: {'line': b'      |                \x1b[01;35m\x1b[K^\x1b[m\x1b[K\n'}
[66.414943] (sllidar_ros2) StderrLine: {'line': b'In file included from \x1b[01m\x1b[K/home/cricchetto/Robomaster_WS/src/sllidar_ros2/./sdk/include/sl_lidar_driver.h:54\x1b[m\x1b[K,\n'}
[66.424175] (sllidar_ros2) StderrLine: {'line': b'                 from \x1b[01m\x1b[K/home/cricchetto/Robomaster_WS/src/sllidar_ros2/./sdk/include/sl_lidar.h:36\x1b[m\x1b[K,\n'}
[66.425259] (sllidar_ros2) StderrLine: {'line': b'                 from \x1b[01m\x1b[K/home/cricchetto/Robomaster_WS/src/sllidar_ros2/src/sllidar_node.cpp:38\x1b[m\x1b[K:\n'}
[66.426322] (sllidar_ros2) StderrLine: {'line': b'\x1b[01m\x1b[K/home/cricchetto/Robomaster_WS/src/sllidar_ros2/./sdk/include/sl_lidar_cmd.h:324:20:\x1b[m\x1b[K \x1b[01;35m\x1b[Kwarning: \x1b[m\x1b[KISO C++ forbids zero-size array \xe2\x80\x98\x1b[01m\x1b[Kpayload\x1b[m\x1b[K\xe2\x80\x99 [\x1b[01;35m\x1b[K\x1b]8;;https://gcc.gnu.org/onlinedocs/gcc/Warning-Options.html#index-Wpedantic\x07-Wpedantic\x1b]8;;\x07\x1b[m\x1b[K]\n'}
[66.427311] (sllidar_ros2) StderrLine: {'line': b'  324 |     sl_u8  payload[\x1b[01;35m\x1b[K0\x1b[m\x1b[K];\n'}
[66.428338] (sllidar_ros2) StderrLine: {'line': b'      |                    \x1b[01;35m\x1b[K^\x1b[m\x1b[K\n'}
[66.455519] (-) TimerEvent: {}
[66.557356] (-) TimerEvent: {}
[66.659074] (-) TimerEvent: {}
[66.760804] (-) TimerEvent: {}
[66.862600] (-) TimerEvent: {}
[66.964419] (-) TimerEvent: {}
[67.066025] (-) TimerEvent: {}
[67.167784] (-) TimerEvent: {}
[67.269352] (-) TimerEvent: {}
[67.371165] (-) TimerEvent: {}
[67.472969] (-) TimerEvent: {}
[67.574607] (-) TimerEvent: {}
[67.676424] (-) TimerEvent: {}
[67.778256] (-) TimerEvent: {}
[67.880039] (-) TimerEvent: {}
[67.981703] (-) TimerEvent: {}
[68.084573] (-) TimerEvent: {}
[68.185661] (-) TimerEvent: {}
[68.286796] (-) TimerEvent: {}
[68.387891] (-) TimerEvent: {}
[68.489036] (-) TimerEvent: {}
[68.590091] (-) TimerEvent: {}
[68.691228] (-) TimerEvent: {}
[68.792329] (-) TimerEvent: {}
[68.894355] (-) TimerEvent: {}
[68.996012] (-) TimerEvent: {}
[69.097677] (-) TimerEvent: {}
[69.199353] (-) TimerEvent: {}
[69.300887] (-) TimerEvent: {}
[69.401844] (-) TimerEvent: {}
[69.502801] (-) TimerEvent: {}
[69.603861] (-) TimerEvent: {}
[69.704979] (-) TimerEvent: {}
[69.806087] (-) TimerEvent: {}
[69.907162] (-) TimerEvent: {}
[70.008206] (-) TimerEvent: {}
[70.109441] (-) TimerEvent: {}
[70.210539] (-) TimerEvent: {}
[70.311807] (-) TimerEvent: {}
[70.412789] (-) TimerEvent: {}
[70.514457] (-) TimerEvent: {}
[70.616275] (-) TimerEvent: {}
[70.718033] (-) TimerEvent: {}
[70.819891] (-) TimerEvent: {}
[70.921602] (-) TimerEvent: {}
[71.023363] (-) TimerEvent: {}
[71.125241] (-) TimerEvent: {}
[71.227182] (-) TimerEvent: {}
[71.329025] (-) TimerEvent: {}
[71.430925] (-) TimerEvent: {}
[71.532515] (-) TimerEvent: {}
[71.634385] (-) TimerEvent: {}
[71.735935] (-) TimerEvent: {}
[71.837901] (-) TimerEvent: {}
[71.939533] (-) TimerEvent: {}
[72.040644] (-) TimerEvent: {}
[72.142523] (-) TimerEvent: {}
[72.244337] (-) TimerEvent: {}
[72.346289] (-) TimerEvent: {}
[72.448892] (-) TimerEvent: {}
[72.550800] (-) TimerEvent: {}
[72.652543] (-) TimerEvent: {}
[72.754432] (-) TimerEvent: {}
[72.856380] (-) TimerEvent: {}
[72.958125] (-) TimerEvent: {}
[73.059918] (-) TimerEvent: {}
[73.160890] (-) TimerEvent: {}
[73.261809] (-) TimerEvent: {}
[73.362911] (-) TimerEvent: {}
[73.464072] (-) TimerEvent: {}
[73.564964] (-) TimerEvent: {}
[73.666044] (-) TimerEvent: {}
[73.767178] (-) TimerEvent: {}
[73.868401] (-) TimerEvent: {}
[73.969724] (-) TimerEvent: {}
[74.070913] (-) TimerEvent: {}
[74.171934] (-) TimerEvent: {}
[74.273130] (-) TimerEvent: {}
[74.374394] (-) TimerEvent: {}
[74.475508] (-) TimerEvent: {}
[74.576700] (-) TimerEvent: {}
[74.677916] (-) TimerEvent: {}
[74.779767] (-) TimerEvent: {}
[74.881542] (-) TimerEvent: {}
[74.983305] (-) TimerEvent: {}
[75.085129] (-) TimerEvent: {}
[75.186816] (-) TimerEvent: {}
[75.293982] (-) TimerEvent: {}
[75.395109] (-) TimerEvent: {}
[75.497505] (-) TimerEvent: {}
[75.599578] (-) TimerEvent: {}
[75.702784] (-) TimerEvent: {}
[75.804860] (-) TimerEvent: {}
[75.906938] (-) TimerEvent: {}
[76.009109] (-) TimerEvent: {}
[76.111376] (-) TimerEvent: {}
[76.213603] (-) TimerEvent: {}
[76.315684] (-) TimerEvent: {}
[76.416787] (-) TimerEvent: {}
[76.517938] (-) TimerEvent: {}
[76.619210] (-) TimerEvent: {}
[76.720348] (-) TimerEvent: {}
[76.821391] (-) TimerEvent: {}
[76.924012] (-) TimerEvent: {}
[77.025810] (-) TimerEvent: {}
[77.127905] (-) TimerEvent: {}
[77.230404] (-) TimerEvent: {}
[77.333718] (-) TimerEvent: {}
[77.436836] (-) TimerEvent: {}
[77.537884] (-) TimerEvent: {}
[77.638983] (-) TimerEvent: {}
[77.741071] (-) TimerEvent: {}
[77.843508] (-) TimerEvent: {}
[77.945847] (-) TimerEvent: {}
[78.048159] (-) TimerEvent: {}
[78.150152] (-) TimerEvent: {}
[78.252543] (-) TimerEvent: {}
[78.353640] (-) TimerEvent: {}
[78.454801] (-) TimerEvent: {}
[78.555880] (-) TimerEvent: {}
[78.656885] (-) TimerEvent: {}
[78.757980] (-) TimerEvent: {}
[78.858914] (-) TimerEvent: {}
[78.910623] (multirobot_map_merge) StdoutLine: {'line': b'[ 25%] \x1b[32mBuilding CXX object CMakeFiles/combine_grids.dir/src/combine_grids/merging_pipeline.cpp.o\x1b[0m\n'}
[78.959165] (-) TimerEvent: {}
[79.060662] (-) TimerEvent: {}
[79.162240] (-) TimerEvent: {}
[79.263991] (-) TimerEvent: {}
[79.365582] (-) TimerEvent: {}
[79.467385] (-) TimerEvent: {}
[79.568620] (-) TimerEvent: {}
[79.670552] (-) TimerEvent: {}
[79.772456] (-) TimerEvent: {}
[79.874209] (-) TimerEvent: {}
[79.975754] (-) TimerEvent: {}
[80.077368] (-) TimerEvent: {}
[80.179106] (-) TimerEvent: {}
[80.280677] (-) TimerEvent: {}
[80.382544] (-) TimerEvent: {}
[80.484609] (-) TimerEvent: {}
[80.586529] (-) TimerEvent: {}
[80.687908] (-) TimerEvent: {}
[80.789179] (-) TimerEvent: {}
[80.890248] (-) TimerEvent: {}
[80.991332] (-) TimerEvent: {}
[81.092731] (-) TimerEvent: {}
[81.193857] (-) TimerEvent: {}
[81.295524] (-) TimerEvent: {}
[81.397655] (-) TimerEvent: {}
[81.499363] (-) TimerEvent: {}
[81.601480] (-) TimerEvent: {}
[81.703587] (-) TimerEvent: {}
[81.805759] (-) TimerEvent: {}
[81.908319] (-) TimerEvent: {}
[82.010328] (-) TimerEvent: {}
[82.111948] (-) TimerEvent: {}
[82.214013] (-) TimerEvent: {}
[82.316045] (-) TimerEvent: {}
[82.418327] (-) TimerEvent: {}
[82.520430] (-) TimerEvent: {}
[82.623307] (-) TimerEvent: {}
[82.725489] (-) TimerEvent: {}
[82.827343] (-) TimerEvent: {}
[82.929094] (-) TimerEvent: {}
[83.030903] (-) TimerEvent: {}
[83.132875] (-) TimerEvent: {}
[83.234619] (-) TimerEvent: {}
[83.336526] (-) TimerEvent: {}
[83.437620] (-) TimerEvent: {}
[83.538819] (-) TimerEvent: {}
[83.640020] (-) TimerEvent: {}
[83.741124] (-) TimerEvent: {}
[83.842239] (-) TimerEvent: {}
[83.943389] (-) TimerEvent: {}
[84.044670] (-) TimerEvent: {}
[84.145926] (-) TimerEvent: {}
[84.247102] (-) TimerEvent: {}
[84.348230] (-) TimerEvent: {}
[84.449461] (-) TimerEvent: {}
[84.551429] (-) TimerEvent: {}
[84.653329] (-) TimerEvent: {}
[84.755111] (-) TimerEvent: {}
[84.857602] (-) TimerEvent: {}
[84.959431] (-) TimerEvent: {}
[85.061387] (-) TimerEvent: {}
[85.163093] (-) TimerEvent: {}
[85.264938] (-) TimerEvent: {}
[85.366734] (-) TimerEvent: {}
[85.468666] (-) TimerEvent: {}
[85.570608] (-) TimerEvent: {}
[85.672475] (-) TimerEvent: {}
[85.773596] (-) TimerEvent: {}
[85.875733] (-) TimerEvent: {}
[85.977571] (-) TimerEvent: {}
[86.079413] (-) TimerEvent: {}
[86.181537] (-) TimerEvent: {}
[86.283493] (-) TimerEvent: {}
[86.385819] (-) TimerEvent: {}
[86.487739] (-) TimerEvent: {}
[86.589361] (-) TimerEvent: {}
[86.691165] (-) TimerEvent: {}
[86.792919] (-) TimerEvent: {}
[86.894585] (-) TimerEvent: {}
[86.997219] (-) TimerEvent: {}
[87.100023] (-) TimerEvent: {}
[87.202217] (-) TimerEvent: {}
[87.304228] (-) TimerEvent: {}
[87.406031] (-) TimerEvent: {}
[87.508066] (-) TimerEvent: {}
[87.609888] (-) TimerEvent: {}
[87.711996] (-) TimerEvent: {}
[87.813228] (-) TimerEvent: {}
[87.914190] (-) TimerEvent: {}
[88.016629] (-) TimerEvent: {}
[88.118673] (-) TimerEvent: {}
[88.220387] (-) TimerEvent: {}
[88.321485] (-) TimerEvent: {}
[88.422632] (-) TimerEvent: {}
[88.523890] (-) TimerEvent: {}
[88.625061] (-) TimerEvent: {}
[88.726915] (-) TimerEvent: {}
[88.828650] (-) TimerEvent: {}
[88.930358] (-) TimerEvent: {}
[89.032259] (-) TimerEvent: {}
[89.134167] (-) TimerEvent: {}
[89.236078] (-) TimerEvent: {}
[89.338050] (-) TimerEvent: {}
[89.440037] (-) TimerEvent: {}
[89.541972] (-) TimerEvent: {}
[89.643822] (-) TimerEvent: {}
[89.745705] (-) TimerEvent: {}
[89.847672] (-) TimerEvent: {}
[89.949416] (-) TimerEvent: {}
[90.051306] (-) TimerEvent: {}
[90.153375] (-) TimerEvent: {}
[90.255568] (-) TimerEvent: {}
[90.357425] (-) TimerEvent: {}
[90.459323] (-) TimerEvent: {}
[90.561304] (-) TimerEvent: {}
[90.663469] (-) TimerEvent: {}
[90.767217] (-) TimerEvent: {}
[90.868320] (-) TimerEvent: {}
[90.969430] (-) TimerEvent: {}
[91.070599] (-) TimerEvent: {}
[91.171886] (-) TimerEvent: {}
[91.273390] (-) TimerEvent: {}
[91.374676] (-) TimerEvent: {}
[91.475873] (-) TimerEvent: {}
[91.577130] (-) TimerEvent: {}
[91.678550] (-) TimerEvent: {}
[91.779842] (-) TimerEvent: {}
[91.880913] (-) TimerEvent: {}
[91.981995] (-) TimerEvent: {}
[92.083169] (-) TimerEvent: {}
[92.185272] (-) TimerEvent: {}
[92.286995] (-) TimerEvent: {}
[92.388860] (-) TimerEvent: {}
[92.490737] (-) TimerEvent: {}
[92.592962] (-) TimerEvent: {}
[92.695099] (-) TimerEvent: {}
[92.797430] (-) TimerEvent: {}
[92.898497] (-) TimerEvent: {}
[92.999613] (-) TimerEvent: {}
[93.100608] (-) TimerEvent: {}
[93.201683] (-) TimerEvent: {}
[93.303702] (-) TimerEvent: {}
[93.405551] (-) TimerEvent: {}
[93.507728] (-) TimerEvent: {}
[93.613282] (-) TimerEvent: {}
[93.714653] (-) TimerEvent: {}
[93.815638] (-) TimerEvent: {}
[93.916737] (-) TimerEvent: {}
[94.018357] (-) TimerEvent: {}
[94.120432] (-) TimerEvent: {}
[94.222407] (-) TimerEvent: {}
[94.323638] (-) TimerEvent: {}
[94.424750] (-) TimerEvent: {}
[94.525910] (-) TimerEvent: {}
[94.627332] (-) TimerEvent: {}
[94.649184] (robomaster_msgs) StdoutLine: {'line': b'[  0%] Built target robomaster_msgs__cpp\n'}
[94.727625] (-) TimerEvent: {}
[94.828797] (-) TimerEvent: {}
[94.929996] (-) TimerEvent: {}
[95.031017] (-) TimerEvent: {}
[95.132860] (-) TimerEvent: {}
[95.234894] (-) TimerEvent: {}
[95.336910] (-) TimerEvent: {}
[95.438888] (-) TimerEvent: {}
[95.540666] (-) TimerEvent: {}
[95.642508] (-) TimerEvent: {}
[95.744430] (-) TimerEvent: {}
[95.846180] (-) TimerEvent: {}
[95.948627] (-) TimerEvent: {}
[96.049680] (-) TimerEvent: {}
[96.150978] (-) TimerEvent: {}
[96.252140] (-) TimerEvent: {}
[96.353332] (-) TimerEvent: {}
[96.454351] (-) TimerEvent: {}
[96.556205] (-) TimerEvent: {}
[96.658109] (-) TimerEvent: {}
[96.706401] (sllidar_ros2) StdoutLine: {'line': b'[ 25%] \x1b[32mBuilding CXX object CMakeFiles/sllidar_node.dir/sdk/src/dataunpacker/dataunpacker.cpp.o\x1b[0m\n'}
[96.758448] (-) TimerEvent: {}
[96.860127] (-) TimerEvent: {}
[96.962193] (-) TimerEvent: {}
[97.063348] (-) TimerEvent: {}
[97.164394] (-) TimerEvent: {}
[97.265539] (-) TimerEvent: {}
[97.366703] (-) TimerEvent: {}
[97.467915] (-) TimerEvent: {}
[97.569009] (-) TimerEvent: {}
[97.670001] (-) TimerEvent: {}
[97.771074] (-) TimerEvent: {}
[97.872186] (-) TimerEvent: {}
[97.973386] (-) TimerEvent: {}
[98.075036] (-) TimerEvent: {}
[98.176083] (-) TimerEvent: {}
[98.277712] (-) TimerEvent: {}
[98.379127] (-) TimerEvent: {}
[98.480484] (-) TimerEvent: {}
[98.582211] (-) TimerEvent: {}
[98.683411] (-) TimerEvent: {}
[98.784839] (-) TimerEvent: {}
[98.885987] (-) TimerEvent: {}
[98.987030] (-) TimerEvent: {}
[99.088143] (-) TimerEvent: {}
[99.189366] (-) TimerEvent: {}
[99.290638] (-) TimerEvent: {}
[99.391886] (-) TimerEvent: {}
[99.492957] (-) TimerEvent: {}
[99.594310] (-) TimerEvent: {}
[99.604159] (robomaster_msgs) StdoutLine: {'line': b'[  1%] \x1b[32mBuilding C object CMakeFiles/robomaster_msgs__rosidl_generator_c.dir/rosidl_generator_c/robomaster_msgs/msg/detail/wheel_speeds__functions.c.o\x1b[0m\n'}
[99.694546] (-) TimerEvent: {}
[99.796524] (-) TimerEvent: {}
[99.898384] (-) TimerEvent: {}
[99.917103] (robomaster_msgs) StdoutLine: {'line': b'[  1%] \x1b[32mBuilding C object CMakeFiles/robomaster_msgs__rosidl_generator_c.dir/rosidl_generator_c/robomaster_msgs/msg/detail/led_effect__functions.c.o\x1b[0m\n'}
[99.998667] (-) TimerEvent: {}
[100.100583] (-) TimerEvent: {}
[100.202447] (-) TimerEvent: {}
[100.304446] (-) TimerEvent: {}
[100.368495] (robomaster_msgs) StdoutLine: {'line': b'[  1%] \x1b[32mBuilding C object CMakeFiles/robomaster_msgs__rosidl_generator_c.dir/rosidl_generator_c/robomaster_msgs/msg/detail/chassis_status__functions.c.o\x1b[0m\n'}
[100.404752] (-) TimerEvent: {}
[100.506339] (-) TimerEvent: {}
[100.609948] (-) TimerEvent: {}
[100.712014] (-) TimerEvent: {}
[100.814770] (-) TimerEvent: {}
[100.917631] (-) TimerEvent: {}
[100.999461] (robomaster_msgs) StdoutLine: {'line': b'[  2%] \x1b[32mBuilding C object CMakeFiles/robomaster_msgs__rosidl_generator_c.dir/rosidl_generator_c/robomaster_msgs/msg/detail/s_bus__functions.c.o\x1b[0m\n'}
[101.017907] (-) TimerEvent: {}
[101.119331] (-) TimerEvent: {}
[101.221595] (-) TimerEvent: {}
[101.324288] (-) TimerEvent: {}
[101.426753] (-) TimerEvent: {}
[101.527864] (-) TimerEvent: {}
[101.619075] (robomaster_msgs) StdoutLine: {'line': b'[  2%] \x1b[32mBuilding C object CMakeFiles/robomaster_msgs__rosidl_generator_c.dir/rosidl_generator_c/robomaster_msgs/msg/detail/pwm__functions.c.o\x1b[0m\n'}
[101.628195] (-) TimerEvent: {}
[101.729364] (-) TimerEvent: {}
[101.831282] (-) TimerEvent: {}
[101.933182] (-) TimerEvent: {}
[102.017847] (sllidar_ros2) StderrLine: {'line': b'In file included from \x1b[01m\x1b[K/home/cricchetto/Robomaster_WS/src/sllidar_ros2/./sdk/include/rplidar_protocol.h:36\x1b[m\x1b[K,\n'}
[102.019011] (sllidar_ros2) StderrLine: {'line': b'                 from \x1b[01m\x1b[K/home/cricchetto/Robomaster_WS/src/sllidar_ros2/./sdk/include/rplidar.h:39\x1b[m\x1b[K,\n'}
[102.020454] (sllidar_ros2) StderrLine: {'line': b'                 from \x1b[01m\x1b[K/home/cricchetto/Robomaster_WS/src/sllidar_ros2/./sdk/src/sdkcommon.h:49\x1b[m\x1b[K,\n'}
[102.021850] (sllidar_ros2) StderrLine: {'line': b'                 from \x1b[01m\x1b[K/home/cricchetto/Robomaster_WS/src/sllidar_ros2/sdk/src/dataunpacker/dataunnpacker_commondef.h:41\x1b[m\x1b[K,\n'}
[102.023234] (sllidar_ros2) StderrLine: {'line': b'                 from \x1b[01m\x1b[K/home/cricchetto/Robomaster_WS/src/sllidar_ros2/sdk/src/dataunpacker/dataunpacker.cpp:39\x1b[m\x1b[K:\n'}
[102.024731] (sllidar_ros2) StderrLine: {'line': b'\x1b[01m\x1b[K/home/cricchetto/Robomaster_WS/src/sllidar_ros2/./sdk/include/sl_lidar_protocol.h:66:16:\x1b[m\x1b[K \x1b[01;35m\x1b[Kwarning: \x1b[m\x1b[KISO C++ forbids zero-size array \xe2\x80\x98\x1b[01m\x1b[Kdata\x1b[m\x1b[K\xe2\x80\x99 [\x1b[01;35m\x1b[K\x1b]8;;https://gcc.gnu.org/onlinedocs/gcc/Warning-Options.html#index-Wpedantic\x07-Wpedantic\x1b]8;;\x07\x1b[m\x1b[K]\n'}
[102.026026] (sllidar_ros2) StderrLine: {'line': b'   66 |     sl_u8 data[\x1b[01;35m\x1b[K0\x1b[m\x1b[K];\n'}
[102.027319] (sllidar_ros2) StderrLine: {'line': b'      |                \x1b[01;35m\x1b[K^\x1b[m\x1b[K\n'}
[102.033038] (sllidar_ros2) StderrLine: {'line': b'In file included from \x1b[01m\x1b[K/home/cricchetto/Robomaster_WS/src/sllidar_ros2/./sdk/include/rplidar_cmd.h:36\x1b[m\x1b[K,\n'}
[102.033936] (-) TimerEvent: {}
[102.035483] (sllidar_ros2) StderrLine: {'line': b'                 from \x1b[01m\x1b[K/home/cricchetto/Robomaster_WS/src/sllidar_ros2/./sdk/include/rplidar.h:40\x1b[m\x1b[K,\n'}
[102.037153] (sllidar_ros2) StderrLine: {'line': b'                 from \x1b[01m\x1b[K/home/cricchetto/Robomaster_WS/src/sllidar_ros2/./sdk/src/sdkcommon.h:49\x1b[m\x1b[K,\n'}
[102.039004] (sllidar_ros2) StderrLine: {'line': b'                 from \x1b[01m\x1b[K/home/cricchetto/Robomaster_WS/src/sllidar_ros2/sdk/src/dataunpacker/dataunnpacker_commondef.h:41\x1b[m\x1b[K,\n'}
[102.043939] (sllidar_ros2) StderrLine: {'line': b'                 from \x1b[01m\x1b[K/home/cricchetto/Robomaster_WS/src/sllidar_ros2/sdk/src/dataunpacker/dataunpacker.cpp:39\x1b[m\x1b[K:\n'}
[102.044692] (sllidar_ros2) StderrLine: {'line': b'\x1b[01m\x1b[K/home/cricchetto/Robomaster_WS/src/sllidar_ros2/./sdk/include/sl_lidar_cmd.h:324:20:\x1b[m\x1b[K \x1b[01;35m\x1b[Kwarning: \x1b[m\x1b[KISO C++ forbids zero-size array \xe2\x80\x98\x1b[01m\x1b[Kpayload\x1b[m\x1b[K\xe2\x80\x99 [\x1b[01;35m\x1b[K\x1b]8;;https://gcc.gnu.org/onlinedocs/gcc/Warning-Options.html#index-Wpedantic\x07-Wpedantic\x1b]8;;\x07\x1b[m\x1b[K]\n'}
[102.045563] (sllidar_ros2) StderrLine: {'line': b'  324 |     sl_u8  payload[\x1b[01;35m\x1b[K0\x1b[m\x1b[K];\n'}
[102.046275] (sllidar_ros2) StderrLine: {'line': b'      |                    \x1b[01;35m\x1b[K^\x1b[m\x1b[K\n'}
[102.123986] (robomaster_msgs) StdoutLine: {'line': b'[  2%] \x1b[32mBuilding C object CMakeFiles/robomaster_msgs__rosidl_generator_c.dir/rosidl_generator_c/robomaster_msgs/msg/detail/gripper_state__functions.c.o\x1b[0m\n'}
[102.134303] (-) TimerEvent: {}
[102.236428] (-) TimerEvent: {}
[102.338515] (-) TimerEvent: {}
[102.440583] (-) TimerEvent: {}
[102.542409] (-) TimerEvent: {}
[102.644294] (-) TimerEvent: {}
[102.746311] (-) TimerEvent: {}
[102.848570] (-) TimerEvent: {}
[102.851837] (robomaster_msgs) StdoutLine: {'line': b'[  3%] \x1b[32mBuilding C object CMakeFiles/robomaster_msgs__rosidl_generator_c.dir/rosidl_generator_c/robomaster_msgs/msg/detail/camera_config__functions.c.o\x1b[0m\n'}
[102.948866] (-) TimerEvent: {}
[103.050949] (-) TimerEvent: {}
[103.153146] (-) TimerEvent: {}
[103.255048] (-) TimerEvent: {}
[103.314406] (robomaster_msgs) StdoutLine: {'line': b'[  3%] \x1b[32mBuilding C object CMakeFiles/robomaster_msgs__rosidl_generator_c.dir/rosidl_generator_c/robomaster_msgs/msg/detail/armor_hit__functions.c.o\x1b[0m\n'}
[103.355346] (-) TimerEvent: {}
[103.457438] (-) TimerEvent: {}
[103.559293] (-) TimerEvent: {}
[103.661157] (-) TimerEvent: {}
[103.762872] (-) TimerEvent: {}
[103.864317] (-) TimerEvent: {}
[103.965418] (-) TimerEvent: {}
[103.994877] (robomaster_msgs) StdoutLine: {'line': b'[  3%] \x1b[32mBuilding C object CMakeFiles/robomaster_msgs__rosidl_generator_c.dir/rosidl_generator_c/robomaster_msgs/msg/detail/detected_line__functions.c.o\x1b[0m\n'}
[104.065732] (-) TimerEvent: {}
[104.167720] (-) TimerEvent: {}
[104.269489] (-) TimerEvent: {}
[104.371495] (-) TimerEvent: {}
[104.426984] (sllidar_ros2) StderrLine: {'line': b'In file included from \x1b[01m\x1b[K/home/cricchetto/Robomaster_WS/src/sllidar_ros2/sdk/src/dataunpacker/dataunpacker.cpp:40\x1b[m\x1b[K:\n'}
[104.428351] (sllidar_ros2) StderrLine: {'line': b'\x1b[01m\x1b[K/home/cricchetto/Robomaster_WS/src/sllidar_ros2/sdk/src/dataunpacker/dataunpacker.h:\x1b[m\x1b[K In member function \xe2\x80\x98\x1b[01m\x1b[Kvirtual void sl::internal::LIDARSampleDataListener::onCustomSampleDataDecoded(_u8, _u32, const void*, size_t)\x1b[m\x1b[K\xe2\x80\x99:\n'}
[104.429937] (sllidar_ros2) StderrLine: {'line': b'\x1b[01m\x1b[K/home/cricchetto/Robomaster_WS/src/sllidar_ros2/sdk/src/dataunpacker/dataunpacker.h:54:52:\x1b[m\x1b[K \x1b[01;35m\x1b[Kwarning: \x1b[m\x1b[Kunused parameter \xe2\x80\x98\x1b[01m\x1b[KansType\x1b[m\x1b[K\xe2\x80\x99 [\x1b[01;35m\x1b[K\x1b]8;;https://gcc.gnu.org/onlinedocs/gcc/Warning-Options.html#index-Wunused-parameter\x07-Wunused-parameter\x1b]8;;\x07\x1b[m\x1b[K]\n'}
[104.431527] (sllidar_ros2) StderrLine: {'line': b'   54 |         virtual void onCustomSampleDataDecoded(\x1b[01;35m\x1b[K_u8 ansType\x1b[m\x1b[K, _u32 customCode, const void* data, size_t size) {}\n'}
[104.432774] (sllidar_ros2) StderrLine: {'line': b'      |                                                \x1b[01;35m\x1b[K~~~~^~~~~~~\x1b[m\x1b[K\n'}
[104.433521] (sllidar_ros2) StderrLine: {'line': b'\x1b[01m\x1b[K/home/cricchetto/Robomaster_WS/src/sllidar_ros2/sdk/src/dataunpacker/dataunpacker.h:54:66:\x1b[m\x1b[K \x1b[01;35m\x1b[Kwarning: \x1b[m\x1b[Kunused parameter \xe2\x80\x98\x1b[01m\x1b[KcustomCode\x1b[m\x1b[K\xe2\x80\x99 [\x1b[01;35m\x1b[K\x1b]8;;https://gcc.gnu.org/onlinedocs/gcc/Warning-Options.html#index-Wunused-parameter\x07-Wunused-parameter\x1b]8;;\x07\x1b[m\x1b[K]\n'}
[104.434298] (sllidar_ros2) StderrLine: {'line': b'   54 |         virtual void onCustomSampleDataDecoded(_u8 ansType, \x1b[01;35m\x1b[K_u32 customCode\x1b[m\x1b[K, const void* data, size_t size) {}\n'}
[104.435132] (sllidar_ros2) StderrLine: {'line': b'      |                                                             \x1b[01;35m\x1b[K~~~~~^~~~~~~~~~\x1b[m\x1b[K\n'}
[104.435924] (sllidar_ros2) StderrLine: {'line': b'\x1b[01m\x1b[K/home/cricchetto/Robomaster_WS/src/sllidar_ros2/sdk/src/dataunpacker/dataunpacker.h:54:90:\x1b[m\x1b[K \x1b[01;35m\x1b[Kwarning: \x1b[m\x1b[Kunused parameter \xe2\x80\x98\x1b[01m\x1b[Kdata\x1b[m\x1b[K\xe2\x80\x99 [\x1b[01;35m\x1b[K\x1b]8;;https://gcc.gnu.org/onlinedocs/gcc/Warning-Options.html#index-Wunused-parameter\x07-Wunused-parameter\x1b]8;;\x07\x1b[m\x1b[K]\n'}
[104.436712] (sllidar_ros2) StderrLine: {'line': b'   54 |         virtual void onCustomSampleDataDecoded(_u8 ansType, _u32 customCode, \x1b[01;35m\x1b[Kconst void* data\x1b[m\x1b[K, size_t size) {}\n'}
[104.437467] (sllidar_ros2) StderrLine: {'line': b'      |                                                                              \x1b[01;35m\x1b[K~~~~~~~~~~~~^~~~\x1b[m\x1b[K\n'}
[104.438246] (sllidar_ros2) StderrLine: {'line': b'\x1b[01m\x1b[K/home/cricchetto/Robomaster_WS/src/sllidar_ros2/sdk/src/dataunpacker/dataunpacker.h:54:103:\x1b[m\x1b[K \x1b[01;35m\x1b[Kwarning: \x1b[m\x1b[Kunused parameter \xe2\x80\x98\x1b[01m\x1b[Ksize\x1b[m\x1b[K\xe2\x80\x99 [\x1b[01;35m\x1b[K\x1b]8;;https://gcc.gnu.org/onlinedocs/gcc/Warning-Options.html#index-Wunused-parameter\x07-Wunused-parameter\x1b]8;;\x07\x1b[m\x1b[K]\n'}
[104.438999] (sllidar_ros2) StderrLine: {'line': b'   54 |         virtual void onCustomSampleDataDecoded(_u8 ansType, _u32 customCode, const void* data, \x1b[01;35m\x1b[Ksize_t size\x1b[m\x1b[K) {}\n'}
[104.439728] (sllidar_ros2) StderrLine: {'line': b'      |                                                                                                \x1b[01;35m\x1b[K~~~~~~~^~~~\x1b[m\x1b[K\n'}
[104.440528] (sllidar_ros2) StderrLine: {'line': b'\x1b[01m\x1b[K/home/cricchetto/Robomaster_WS/src/sllidar_ros2/sdk/src/dataunpacker/dataunpacker.h:\x1b[m\x1b[K In member function \xe2\x80\x98\x1b[01m\x1b[Kvirtual void sl::internal::LIDARSampleDataListener::onDecodingError(int, _u8, const void*, size_t)\x1b[m\x1b[K\xe2\x80\x99:\n'}
[104.441368] (sllidar_ros2) StderrLine: {'line': b'\x1b[01m\x1b[K/home/cricchetto/Robomaster_WS/src/sllidar_ros2/sdk/src/dataunpacker/dataunpacker.h:56:42:\x1b[m\x1b[K \x1b[01;35m\x1b[Kwarning: \x1b[m\x1b[Kunused parameter \xe2\x80\x98\x1b[01m\x1b[KerrMsg\x1b[m\x1b[K\xe2\x80\x99 [\x1b[01;35m\x1b[K\x1b]8;;https://gcc.gnu.org/onlinedocs/gcc/Warning-Options.html#index-Wunused-parameter\x07-Wunused-parameter\x1b]8;;\x07\x1b[m\x1b[K]\n'}
[104.442116] (sllidar_ros2) StderrLine: {'line': b'   56 |         virtual void onDecodingError(\x1b[01;35m\x1b[Kint errMsg\x1b[m\x1b[K, _u8 ansType, const void* payload, size_t size) {}\n'}
[104.442869] (sllidar_ros2) StderrLine: {'line': b'      |                                      \x1b[01;35m\x1b[K~~~~^~~~~~\x1b[m\x1b[K\n'}
[104.443606] (sllidar_ros2) StderrLine: {'line': b'\x1b[01m\x1b[K/home/cricchetto/Robomaster_WS/src/sllidar_ros2/sdk/src/dataunpacker/dataunpacker.h:56:54:\x1b[m\x1b[K \x1b[01;35m\x1b[Kwarning: \x1b[m\x1b[Kunused parameter \xe2\x80\x98\x1b[01m\x1b[KansType\x1b[m\x1b[K\xe2\x80\x99 [\x1b[01;35m\x1b[K\x1b]8;;https://gcc.gnu.org/onlinedocs/gcc/Warning-Options.html#index-Wunused-parameter\x07-Wunused-parameter\x1b]8;;\x07\x1b[m\x1b[K]\n'}
[104.452666] (sllidar_ros2) StderrLine: {'line': b'   56 |         virtual void onDecodingError(int errMsg, \x1b[01;35m\x1b[K_u8 ansType\x1b[m\x1b[K, const void* payload, size_t size) {}\n'}
[104.453480] (sllidar_ros2) StderrLine: {'line': b'      |                                                  \x1b[01;35m\x1b[K~~~~^~~~~~~\x1b[m\x1b[K\n'}
[104.454173] (sllidar_ros2) StderrLine: {'line': b'\x1b[01m\x1b[K/home/cricchetto/Robomaster_WS/src/sllidar_ros2/sdk/src/dataunpacker/dataunpacker.h:56:75:\x1b[m\x1b[K \x1b[01;35m\x1b[Kwarning: \x1b[m\x1b[Kunused parameter \xe2\x80\x98\x1b[01m\x1b[Kpayload\x1b[m\x1b[K\xe2\x80\x99 [\x1b[01;35m\x1b[K\x1b]8;;https://gcc.gnu.org/onlinedocs/gcc/Warning-Options.html#index-Wunused-parameter\x07-Wunused-parameter\x1b]8;;\x07\x1b[m\x1b[K]\n'}
[104.455003] (sllidar_ros2) StderrLine: {'line': b'   56 |         virtual void onDecodingError(int errMsg, _u8 ansType, \x1b[01;35m\x1b[Kconst void* payload\x1b[m\x1b[K, size_t size) {}\n'}
[104.460124] (sllidar_ros2) StderrLine: {'line': b'      |                                                               \x1b[01;35m\x1b[K~~~~~~~~~~~~^~~~~~~\x1b[m\x1b[K\n'}
[104.461318] (sllidar_ros2) StderrLine: {'line': b'\x1b[01m\x1b[K/home/cricchetto/Robomaster_WS/src/sllidar_ros2/sdk/src/dataunpacker/dataunpacker.h:56:91:\x1b[m\x1b[K \x1b[01;35m\x1b[Kwarning: \x1b[m\x1b[Kunused parameter \xe2\x80\x98\x1b[01m\x1b[Ksize\x1b[m\x1b[K\xe2\x80\x99 [\x1b[01;35m\x1b[K\x1b]8;;https://gcc.gnu.org/onlinedocs/gcc/Warning-Options.html#index-Wunused-parameter\x07-Wunused-parameter\x1b]8;;\x07\x1b[m\x1b[K]\n'}
[104.462141] (sllidar_ros2) StderrLine: {'line': b'   56 |         virtual void onDecodingError(int errMsg, _u8 ansType, const void* payload, \x1b[01;35m\x1b[Ksize_t size\x1b[m\x1b[K) {}\n'}
[104.462875] (sllidar_ros2) StderrLine: {'line': b'      |                                                                                    \x1b[01;35m\x1b[K~~~~~~~^~~~\x1b[m\x1b[K\n'}
[104.468180] (robomaster_msgs) StdoutLine: {'line': b'[  3%] \x1b[32mBuilding C object CMakeFiles/robomaster_msgs__rosidl_generator_c.dir/rosidl_generator_c/robomaster_msgs/msg/detail/detected_gesture__functions.c.o\x1b[0m\n'}
[104.471873] (-) TimerEvent: {}
[104.573829] (-) TimerEvent: {}
[104.675732] (-) TimerEvent: {}
[104.777518] (-) TimerEvent: {}
[104.879435] (-) TimerEvent: {}
[104.981477] (-) TimerEvent: {}
[105.009121] (robomaster_msgs) StdoutLine: {'line': b'[  4%] \x1b[32mBuilding C object CMakeFiles/robomaster_msgs__rosidl_generator_c.dir/rosidl_generator_c/robomaster_msgs/msg/detail/detected_marker__functions.c.o\x1b[0m\n'}
[105.081739] (-) TimerEvent: {}
[105.182904] (-) TimerEvent: {}
[105.284059] (-) TimerEvent: {}
[105.385961] (-) TimerEvent: {}
[105.487882] (-) TimerEvent: {}
[105.589765] (-) TimerEvent: {}
[105.691700] (-) TimerEvent: {}
[105.753762] (robomaster_msgs) StdoutLine: {'line': b'[  4%] \x1b[32mBuilding C object CMakeFiles/robomaster_msgs__rosidl_generator_c.dir/rosidl_generator_c/robomaster_msgs/msg/detail/detected_person__functions.c.o\x1b[0m\n'}
[105.791943] (-) TimerEvent: {}
[105.893835] (-) TimerEvent: {}
[105.995759] (-) TimerEvent: {}
[106.097739] (-) TimerEvent: {}
[106.201012] (-) TimerEvent: {}
[106.247684] (robomaster_msgs) StdoutLine: {'line': b'[  4%] \x1b[32mBuilding C object CMakeFiles/robomaster_msgs__rosidl_generator_c.dir/rosidl_generator_c/robomaster_msgs/msg/detail/detected_robot__functions.c.o\x1b[0m\n'}
[106.301271] (-) TimerEvent: {}
[106.403162] (-) TimerEvent: {}
[106.505069] (-) TimerEvent: {}
[106.562215] (robomaster_msgs) StdoutLine: {'line': b'[  5%] \x1b[32mBuilding C object CMakeFiles/robomaster_msgs__rosidl_generator_c.dir/rosidl_generator_c/robomaster_msgs/msg/detail/detection__functions.c.o\x1b[0m\n'}
[106.605389] (-) TimerEvent: {}
[106.707564] (-) TimerEvent: {}
[106.809710] (-) TimerEvent: {}
[106.911765] (-) TimerEvent: {}
[107.005068] (sllidar_ros2) StdoutLine: {'line': b'[ 30%] \x1b[32mBuilding CXX object CMakeFiles/sllidar_node.dir/sdk/src/dataunpacker/unpacker/handler_capsules.cpp.o\x1b[0m\n'}
[107.012032] (-) TimerEvent: {}
[107.075720] (robomaster_msgs) StdoutLine: {'line': b'[  5%] \x1b[32mBuilding C object CMakeFiles/robomaster_msgs__rosidl_generator_c.dir/rosidl_generator_c/robomaster_msgs/msg/detail/region_of_interest__functions.c.o\x1b[0m\n'}
[107.112316] (-) TimerEvent: {}
[107.213562] (-) TimerEvent: {}
[107.315188] (-) TimerEvent: {}
[107.416734] (-) TimerEvent: {}
[107.518578] (-) TimerEvent: {}
[107.616657] (robomaster_msgs) StdoutLine: {'line': b'[  5%] \x1b[32mBuilding C object CMakeFiles/robomaster_msgs__rosidl_generator_c.dir/rosidl_generator_c/robomaster_msgs/msg/detail/serial__functions.c.o\x1b[0m\n'}
[107.618870] (-) TimerEvent: {}
[107.720568] (-) TimerEvent: {}
[107.822462] (-) TimerEvent: {}
[107.924254] (-) TimerEvent: {}
[108.025867] (-) TimerEvent: {}
[108.128130] (-) TimerEvent: {}
[108.229234] (-) TimerEvent: {}
[108.248419] (robomaster_msgs) StdoutLine: {'line': b'[  6%] \x1b[32mBuilding C object CMakeFiles/robomaster_msgs__rosidl_generator_c.dir/rosidl_generator_c/robomaster_msgs/msg/detail/servo_command__functions.c.o\x1b[0m\n'}
[108.329521] (-) TimerEvent: {}
[108.430751] (-) TimerEvent: {}
[108.532023] (-) TimerEvent: {}
[108.634747] (-) TimerEvent: {}
[108.735901] (-) TimerEvent: {}
[108.759633] (robomaster_msgs) StdoutLine: {'line': b'[  6%] \x1b[32mBuilding C object CMakeFiles/robomaster_msgs__rosidl_generator_c.dir/rosidl_generator_c/robomaster_msgs/msg/detail/gimbal_command__functions.c.o\x1b[0m\n'}
[108.836191] (-) TimerEvent: {}
[108.938087] (-) TimerEvent: {}
[109.039221] (-) TimerEvent: {}
[109.140464] (-) TimerEvent: {}
[109.241655] (-) TimerEvent: {}
[109.342853] (-) TimerEvent: {}
[109.444046] (-) TimerEvent: {}
[109.465820] (robomaster_msgs) StdoutLine: {'line': b'[  6%] \x1b[32mBuilding C object CMakeFiles/robomaster_msgs__rosidl_generator_c.dir/rosidl_generator_c/robomaster_msgs/msg/detail/blaster_led__functions.c.o\x1b[0m\n'}
[109.544411] (-) TimerEvent: {}
[109.646506] (-) TimerEvent: {}
[109.750081] (-) TimerEvent: {}
[109.852334] (-) TimerEvent: {}
[109.952682] (robomaster_msgs) StdoutLine: {'line': b'[  7%] \x1b[32mBuilding C object CMakeFiles/robomaster_msgs__rosidl_generator_c.dir/rosidl_generator_c/robomaster_msgs/msg/detail/mode__functions.c.o\x1b[0m\n'}
[109.953681] (-) TimerEvent: {}
[110.055812] (-) TimerEvent: {}
[110.157674] (-) TimerEvent: {}
[110.259848] (-) TimerEvent: {}
[110.362177] (-) TimerEvent: {}
[110.409248] (robomaster_msgs) StdoutLine: {'line': b'[  7%] \x1b[32mBuilding C object CMakeFiles/robomaster_msgs__rosidl_generator_c.dir/rosidl_generator_c/robomaster_msgs/msg/detail/audio_data__functions.c.o\x1b[0m\n'}
[110.462482] (-) TimerEvent: {}
[110.563682] (-) TimerEvent: {}
[110.665763] (-) TimerEvent: {}
[110.767535] (-) TimerEvent: {}
[110.869752] (-) TimerEvent: {}
[110.971908] (-) TimerEvent: {}
[111.050363] (sllidar_ros2) StderrLine: {'line': b'In file included from \x1b[01m\x1b[K/home/cricchetto/Robomaster_WS/src/sllidar_ros2/./sdk/include/rplidar_protocol.h:36\x1b[m\x1b[K,\n'}
[111.051175] (sllidar_ros2) StderrLine: {'line': b'                 from \x1b[01m\x1b[K/home/cricchetto/Robomaster_WS/src/sllidar_ros2/./sdk/include/rplidar.h:39\x1b[m\x1b[K,\n'}
[111.052079] (sllidar_ros2) StderrLine: {'line': b'                 from \x1b[01m\x1b[K/home/cricchetto/Robomaster_WS/src/sllidar_ros2/./sdk/src/sdkcommon.h:49\x1b[m\x1b[K,\n'}
[111.053121] (sllidar_ros2) StderrLine: {'line': b'                 from \x1b[01m\x1b[K/home/cricchetto/Robomaster_WS/src/sllidar_ros2/sdk/src/dataunpacker/unpacker/../dataunnpacker_commondef.h:41\x1b[m\x1b[K,\n'}
[111.053822] (sllidar_ros2) StderrLine: {'line': b'                 from \x1b[01m\x1b[K/home/cricchetto/Robomaster_WS/src/sllidar_ros2/sdk/src/dataunpacker/unpacker/handler_capsules.cpp:39\x1b[m\x1b[K:\n'}
[111.054547] (sllidar_ros2) StderrLine: {'line': b'\x1b[01m\x1b[K/home/cricchetto/Robomaster_WS/src/sllidar_ros2/./sdk/include/sl_lidar_protocol.h:66:16:\x1b[m\x1b[K \x1b[01;35m\x1b[Kwarning: \x1b[m\x1b[KISO C++ forbids zero-size array \xe2\x80\x98\x1b[01m\x1b[Kdata\x1b[m\x1b[K\xe2\x80\x99 [\x1b[01;35m\x1b[K\x1b]8;;https://gcc.gnu.org/onlinedocs/gcc/Warning-Options.html#index-Wpedantic\x07-Wpedantic\x1b]8;;\x07\x1b[m\x1b[K]\n'}
[111.055232] (sllidar_ros2) StderrLine: {'line': b'   66 |     sl_u8 data[\x1b[01;35m\x1b[K0\x1b[m\x1b[K];\n'}
[111.056866] (sllidar_ros2) StderrLine: {'line': b'      |                \x1b[01;35m\x1b[K^\x1b[m\x1b[K\n'}
[111.057545] (sllidar_ros2) StderrLine: {'line': b'In file included from \x1b[01m\x1b[K/home/cricchetto/Robomaster_WS/src/sllidar_ros2/./sdk/include/rplidar_cmd.h:36\x1b[m\x1b[K,\n'}
[111.058223] (sllidar_ros2) StderrLine: {'line': b'                 from \x1b[01m\x1b[K/home/cricchetto/Robomaster_WS/src/sllidar_ros2/./sdk/include/rplidar.h:40\x1b[m\x1b[K,\n'}
[111.059064] (sllidar_ros2) StderrLine: {'line': b'                 from \x1b[01m\x1b[K/home/cricchetto/Robomaster_WS/src/sllidar_ros2/./sdk/src/sdkcommon.h:49\x1b[m\x1b[K,\n'}
[111.059835] (sllidar_ros2) StderrLine: {'line': b'                 from \x1b[01m\x1b[K/home/cricchetto/Robomaster_WS/src/sllidar_ros2/sdk/src/dataunpacker/unpacker/../dataunnpacker_commondef.h:41\x1b[m\x1b[K,\n'}
[111.060508] (sllidar_ros2) StderrLine: {'line': b'                 from \x1b[01m\x1b[K/home/cricchetto/Robomaster_WS/src/sllidar_ros2/sdk/src/dataunpacker/unpacker/handler_capsules.cpp:39\x1b[m\x1b[K:\n'}
[111.061208] (sllidar_ros2) StderrLine: {'line': b'\x1b[01m\x1b[K/home/cricchetto/Robomaster_WS/src/sllidar_ros2/./sdk/include/sl_lidar_cmd.h:324:20:\x1b[m\x1b[K \x1b[01;35m\x1b[Kwarning: \x1b[m\x1b[KISO C++ forbids zero-size array \xe2\x80\x98\x1b[01m\x1b[Kpayload\x1b[m\x1b[K\xe2\x80\x99 [\x1b[01;35m\x1b[K\x1b]8;;https://gcc.gnu.org/onlinedocs/gcc/Warning-Options.html#index-Wpedantic\x07-Wpedantic\x1b]8;;\x07\x1b[m\x1b[K]\n'}
[111.062045] (sllidar_ros2) StderrLine: {'line': b'  324 |     sl_u8  payload[\x1b[01;35m\x1b[K0\x1b[m\x1b[K];\n'}
[111.062909] (sllidar_ros2) StderrLine: {'line': b'      |                    \x1b[01;35m\x1b[K^\x1b[m\x1b[K\n'}
[111.073213] (-) TimerEvent: {}
[111.175286] (-) TimerEvent: {}
[111.179235] (robomaster_msgs) StdoutLine: {'line': b'[  7%] \x1b[32mBuilding C object CMakeFiles/robomaster_msgs__rosidl_generator_c.dir/rosidl_generator_c/robomaster_msgs/msg/detail/audio_level__functions.c.o\x1b[0m\n'}
[111.275609] (-) TimerEvent: {}
[111.377668] (-) TimerEvent: {}
[111.479370] (-) TimerEvent: {}
[111.581290] (-) TimerEvent: {}
[111.672063] (robomaster_msgs) StdoutLine: {'line': b'[  7%] \x1b[32mBuilding C object CMakeFiles/robomaster_msgs__rosidl_generator_c.dir/rosidl_generator_c/robomaster_msgs/msg/detail/audio_opus__functions.c.o\x1b[0m\n'}
[111.681675] (-) TimerEvent: {}
[111.784103] (-) TimerEvent: {}
[111.885983] (-) TimerEvent: {}
[111.987701] (-) TimerEvent: {}
[112.089590] (-) TimerEvent: {}
[112.191534] (-) TimerEvent: {}
[112.193759] (robomaster_msgs) StdoutLine: {'line': b'[  8%] \x1b[32mBuilding C object CMakeFiles/robomaster_msgs__rosidl_generator_c.dir/rosidl_generator_c/robomaster_msgs/msg/detail/h264_packet__functions.c.o\x1b[0m\n'}
[112.291884] (-) TimerEvent: {}
[112.338835] (sllidar_ros2) StderrLine: {'line': b'In file included from \x1b[01m\x1b[K/home/cricchetto/Robomaster_WS/src/sllidar_ros2/sdk/src/dataunpacker/unpacker/handler_capsules.cpp:40\x1b[m\x1b[K:\n'}
[112.339804] (sllidar_ros2) StderrLine: {'line': b'\x1b[01m\x1b[K/home/cricchetto/Robomaster_WS/src/sllidar_ros2/sdk/src/dataunpacker/unpacker/../dataunpacker.h:\x1b[m\x1b[K In member function \xe2\x80\x98\x1b[01m\x1b[Kvirtual void sl::internal::LIDARSampleDataListener::onCustomSampleDataDecoded(_u8, _u32, const void*, size_t)\x1b[m\x1b[K\xe2\x80\x99:\n'}
[112.340700] (sllidar_ros2) StderrLine: {'line': b'\x1b[01m\x1b[K/home/cricchetto/Robomaster_WS/src/sllidar_ros2/sdk/src/dataunpacker/unpacker/../dataunpacker.h:54:52:\x1b[m\x1b[K \x1b[01;35m\x1b[Kwarning: \x1b[m\x1b[Kunused parameter \xe2\x80\x98\x1b[01m\x1b[KansType\x1b[m\x1b[K\xe2\x80\x99 [\x1b[01;35m\x1b[K\x1b]8;;https://gcc.gnu.org/onlinedocs/gcc/Warning-Options.html#index-Wunused-parameter\x07-Wunused-parameter\x1b]8;;\x07\x1b[m\x1b[K]\n'}
[112.341528] (sllidar_ros2) StderrLine: {'line': b'   54 |         virtual void onCustomSampleDataDecoded(\x1b[01;35m\x1b[K_u8 ansType\x1b[m\x1b[K, _u32 customCode, const void* data, size_t size) {}\n'}
[112.342332] (sllidar_ros2) StderrLine: {'line': b'      |                                                \x1b[01;35m\x1b[K~~~~^~~~~~~\x1b[m\x1b[K\n'}
[112.344010] (sllidar_ros2) StderrLine: {'line': b'\x1b[01m\x1b[K/home/cricchetto/Robomaster_WS/src/sllidar_ros2/sdk/src/dataunpacker/unpacker/../dataunpacker.h:54:66:\x1b[m\x1b[K \x1b[01;35m\x1b[Kwarning: \x1b[m\x1b[Kunused parameter \xe2\x80\x98\x1b[01m\x1b[KcustomCode\x1b[m\x1b[K\xe2\x80\x99 [\x1b[01;35m\x1b[K\x1b]8;;https://gcc.gnu.org/onlinedocs/gcc/Warning-Options.html#index-Wunused-parameter\x07-Wunused-parameter\x1b]8;;\x07\x1b[m\x1b[K]\n'}
[112.344983] (sllidar_ros2) StderrLine: {'line': b'   54 |         virtual void onCustomSampleDataDecoded(_u8 ansType, \x1b[01;35m\x1b[K_u32 customCode\x1b[m\x1b[K, const void* data, size_t size) {}\n'}
[112.345860] (sllidar_ros2) StderrLine: {'line': b'      |                                                             \x1b[01;35m\x1b[K~~~~~^~~~~~~~~~\x1b[m\x1b[K\n'}
[112.346645] (sllidar_ros2) StderrLine: {'line': b'\x1b[01m\x1b[K/home/cricchetto/Robomaster_WS/src/sllidar_ros2/sdk/src/dataunpacker/unpacker/../dataunpacker.h:54:90:\x1b[m\x1b[K \x1b[01;35m\x1b[Kwarning: \x1b[m\x1b[Kunused parameter \xe2\x80\x98\x1b[01m\x1b[Kdata\x1b[m\x1b[K\xe2\x80\x99 [\x1b[01;35m\x1b[K\x1b]8;;https://gcc.gnu.org/onlinedocs/gcc/Warning-Options.html#index-Wunused-parameter\x07-Wunused-parameter\x1b]8;;\x07\x1b[m\x1b[K]\n'}
[112.347434] (sllidar_ros2) StderrLine: {'line': b'   54 |         virtual void onCustomSampleDataDecoded(_u8 ansType, _u32 customCode, \x1b[01;35m\x1b[Kconst void* data\x1b[m\x1b[K, size_t size) {}\n'}
[112.348163] (sllidar_ros2) StderrLine: {'line': b'      |                                                                              \x1b[01;35m\x1b[K~~~~~~~~~~~~^~~~\x1b[m\x1b[K\n'}
[112.348772] (sllidar_ros2) StderrLine: {'line': b'\x1b[01m\x1b[K/home/cricchetto/Robomaster_WS/src/sllidar_ros2/sdk/src/dataunpacker/unpacker/../dataunpacker.h:54:103:\x1b[m\x1b[K \x1b[01;35m\x1b[Kwarning: \x1b[m\x1b[Kunused parameter \xe2\x80\x98\x1b[01m\x1b[Ksize\x1b[m\x1b[K\xe2\x80\x99 [\x1b[01;35m\x1b[K\x1b]8;;https://gcc.gnu.org/onlinedocs/gcc/Warning-Options.html#index-Wunused-parameter\x07-Wunused-parameter\x1b]8;;\x07\x1b[m\x1b[K]\n'}
[112.349437] (sllidar_ros2) StderrLine: {'line': b'   54 |         virtual void onCustomSampleDataDecoded(_u8 ansType, _u32 customCode, const void* data, \x1b[01;35m\x1b[Ksize_t size\x1b[m\x1b[K) {}\n'}
[112.350115] (sllidar_ros2) StderrLine: {'line': b'      |                                                                                                \x1b[01;35m\x1b[K~~~~~~~^~~~\x1b[m\x1b[K\n'}
[112.350660] (sllidar_ros2) StderrLine: {'line': b'\x1b[01m\x1b[K/home/cricchetto/Robomaster_WS/src/sllidar_ros2/sdk/src/dataunpacker/unpacker/../dataunpacker.h:\x1b[m\x1b[K In member function \xe2\x80\x98\x1b[01m\x1b[Kvirtual void sl::internal::LIDARSampleDataListener::onDecodingError(int, _u8, const void*, size_t)\x1b[m\x1b[K\xe2\x80\x99:\n'}
[112.351161] (sllidar_ros2) StderrLine: {'line': b'\x1b[01m\x1b[K/home/cricchetto/Robomaster_WS/src/sllidar_ros2/sdk/src/dataunpacker/unpacker/../dataunpacker.h:56:42:\x1b[m\x1b[K \x1b[01;35m\x1b[Kwarning: \x1b[m\x1b[Kunused parameter \xe2\x80\x98\x1b[01m\x1b[KerrMsg\x1b[m\x1b[K\xe2\x80\x99 [\x1b[01;35m\x1b[K\x1b]8;;https://gcc.gnu.org/onlinedocs/gcc/Warning-Options.html#index-Wunused-parameter\x07-Wunused-parameter\x1b]8;;\x07\x1b[m\x1b[K]\n'}
[112.351729] (sllidar_ros2) StderrLine: {'line': b'   56 |         virtual void onDecodingError(\x1b[01;35m\x1b[Kint errMsg\x1b[m\x1b[K, _u8 ansType, const void* payload, size_t size) {}\n'}
[112.352371] (sllidar_ros2) StderrLine: {'line': b'      |                                      \x1b[01;35m\x1b[K~~~~^~~~~~\x1b[m\x1b[K\n'}
[112.353146] (sllidar_ros2) StderrLine: {'line': b'\x1b[01m\x1b[K/home/cricchetto/Robomaster_WS/src/sllidar_ros2/sdk/src/dataunpacker/unpacker/../dataunpacker.h:56:54:\x1b[m\x1b[K \x1b[01;35m\x1b[Kwarning: \x1b[m\x1b[Kunused parameter \xe2\x80\x98\x1b[01m\x1b[KansType\x1b[m\x1b[K\xe2\x80\x99 [\x1b[01;35m\x1b[K\x1b]8;;https://gcc.gnu.org/onlinedocs/gcc/Warning-Options.html#index-Wunused-parameter\x07-Wunused-parameter\x1b]8;;\x07\x1b[m\x1b[K]\n'}
[112.353812] (sllidar_ros2) StderrLine: {'line': b'   56 |         virtual void onDecodingError(int errMsg, \x1b[01;35m\x1b[K_u8 ansType\x1b[m\x1b[K, const void* payload, size_t size) {}\n'}
[112.354466] (sllidar_ros2) StderrLine: {'line': b'      |                                                  \x1b[01;35m\x1b[K~~~~^~~~~~~\x1b[m\x1b[K\n'}
[112.355202] (sllidar_ros2) StderrLine: {'line': b'\x1b[01m\x1b[K/home/cricchetto/Robomaster_WS/src/sllidar_ros2/sdk/src/dataunpacker/unpacker/../dataunpacker.h:56:75:\x1b[m\x1b[K \x1b[01;35m\x1b[Kwarning: \x1b[m\x1b[Kunused parameter \xe2\x80\x98\x1b[01m\x1b[Kpayload\x1b[m\x1b[K\xe2\x80\x99 [\x1b[01;35m\x1b[K\x1b]8;;https://gcc.gnu.org/onlinedocs/gcc/Warning-Options.html#index-Wunused-parameter\x07-Wunused-parameter\x1b]8;;\x07\x1b[m\x1b[K]\n'}
[112.368280] (sllidar_ros2) StderrLine: {'line': b'   56 |         virtual void onDecodingError(int errMsg, _u8 ansType, \x1b[01;35m\x1b[Kconst void* payload\x1b[m\x1b[K, size_t size) {}\n'}
[112.369149] (sllidar_ros2) StderrLine: {'line': b'      |                                                               \x1b[01;35m\x1b[K~~~~~~~~~~~~^~~~~~~\x1b[m\x1b[K\n'}
[112.369995] (sllidar_ros2) StderrLine: {'line': b'\x1b[01m\x1b[K/home/cricchetto/Robomaster_WS/src/sllidar_ros2/sdk/src/dataunpacker/unpacker/../dataunpacker.h:56:91:\x1b[m\x1b[K \x1b[01;35m\x1b[Kwarning: \x1b[m\x1b[Kunused parameter \xe2\x80\x98\x1b[01m\x1b[Ksize\x1b[m\x1b[K\xe2\x80\x99 [\x1b[01;35m\x1b[K\x1b]8;;https://gcc.gnu.org/onlinedocs/gcc/Warning-Options.html#index-Wunused-parameter\x07-Wunused-parameter\x1b]8;;\x07\x1b[m\x1b[K]\n'}
[112.370821] (sllidar_ros2) StderrLine: {'line': b'   56 |         virtual void onDecodingError(int errMsg, _u8 ansType, const void* payload, \x1b[01;35m\x1b[Ksize_t size\x1b[m\x1b[K) {}\n'}
[112.371621] (sllidar_ros2) StderrLine: {'line': b'      |                                                                                    \x1b[01;35m\x1b[K~~~~~~~^~~~\x1b[m\x1b[K\n'}
[112.392110] (-) TimerEvent: {}
[112.402383] (sllidar_ros2) StderrLine: {'line': b'\x1b[01m\x1b[K/home/cricchetto/Robomaster_WS/src/sllidar_ros2/sdk/src/dataunpacker/unpacker/handler_capsules.cpp:\x1b[m\x1b[K In member function \xe2\x80\x98\x1b[01m\x1b[Kvoid sl::internal::unpacker::UnpackerHandler_DenseCapsuleNode::_onScanNodeDenseCapsuleData(rplidar_response_dense_capsule_measurement_nodes_t&, sl::internal::LIDARSampleDataUnpackerInner*)\x1b[m\x1b[K\xe2\x80\x99:\n'}
[112.403089] (sllidar_ros2) StderrLine: {'line': b'\x1b[01m\x1b[K/home/cricchetto/Robomaster_WS/src/sllidar_ros2/sdk/src/dataunpacker/unpacker/handler_capsules.cpp:763:30:\x1b[m\x1b[K \x1b[01;35m\x1b[Kwarning: \x1b[m\x1b[Ktype qualifiers ignored on cast result type [\x1b[01;35m\x1b[K\x1b]8;;https://gcc.gnu.org/onlinedocs/gcc/Warning-Options.html#index-Wignored-qualifiers\x07-Wignored-qualifiers\x1b]8;;\x07\x1b[m\x1b[K]\n'}
[112.403910] (sllidar_ros2) StderrLine: {'line': b'  763 |             const int dist = \x1b[01;35m\x1b[Kstatic_cast<const int>(_cached_previous_dense_capsuledata.cabins[pos].distance)\x1b[m\x1b[K;\n'}
[112.404538] (sllidar_ros2) StderrLine: {'line': b'      |                              \x1b[01;35m\x1b[K^~~~~~~~~~~~~~~~~~~~~~~~~~~~~~~~~~~~~~~~~~~~~~~~~~~~~~~~~~~~~~~~~~~~~~~~~~~~~~~\x1b[m\x1b[K\n'}
[112.492394] (-) TimerEvent: {}
[112.594412] (-) TimerEvent: {}
[112.696327] (-) TimerEvent: {}
[112.798309] (-) TimerEvent: {}
[112.900213] (-) TimerEvent: {}
[112.916329] (robomaster_msgs) StdoutLine: {'line': b'[  8%] \x1b[32mBuilding C object CMakeFiles/robomaster_msgs__rosidl_generator_c.dir/rosidl_generator_c/robomaster_msgs/msg/detail/sensor_adapter__functions.c.o\x1b[0m\n'}
[113.000622] (-) TimerEvent: {}
[113.107346] (-) TimerEvent: {}
[113.209124] (-) TimerEvent: {}
[113.310949] (-) TimerEvent: {}
[113.412830] (-) TimerEvent: {}
[113.481668] (sllidar_ros2) StdoutLine: {'line': b'[ 35%] \x1b[32mBuilding CXX object CMakeFiles/sllidar_node.dir/sdk/src/dataunpacker/unpacker/handler_hqnode.cpp.o\x1b[0m\n'}
[113.497796] (robomaster_msgs) StdoutLine: {'line': b'[  8%] \x1b[32mBuilding C object CMakeFiles/robomaster_msgs__rosidl_generator_c.dir/rosidl_generator_c/robomaster_msgs/msg/detail/servo_raw_state__functions.c.o\x1b[0m\n'}
[113.513097] (-) TimerEvent: {}
[113.614302] (-) TimerEvent: {}
[113.715377] (-) TimerEvent: {}
[113.816991] (-) TimerEvent: {}
[113.918192] (-) TimerEvent: {}
[114.020185] (-) TimerEvent: {}
[114.122338] (-) TimerEvent: {}
[114.167558] (robomaster_msgs) StdoutLine: {'line': b'[  9%] \x1b[32mBuilding C object CMakeFiles/robomaster_msgs__rosidl_generator_c.dir/rosidl_generator_c/robomaster_msgs/msg/detail/speaker_command__functions.c.o\x1b[0m\n'}
[114.222574] (-) TimerEvent: {}
[114.324242] (-) TimerEvent: {}
[114.425355] (-) TimerEvent: {}
[114.526451] (-) TimerEvent: {}
[114.627544] (-) TimerEvent: {}
[114.729176] (-) TimerEvent: {}
[114.830221] (-) TimerEvent: {}
[114.837184] (robomaster_msgs) StdoutLine: {'line': b'[  9%] \x1b[32mBuilding C object CMakeFiles/robomaster_msgs__rosidl_generator_c.dir/rosidl_generator_c/robomaster_msgs/action/detail/move__functions.c.o\x1b[0m\n'}
[114.930517] (-) TimerEvent: {}
[115.032167] (-) TimerEvent: {}
[115.133796] (-) TimerEvent: {}
[115.235740] (-) TimerEvent: {}
[115.337255] (-) TimerEvent: {}
[115.438277] (-) TimerEvent: {}
[115.539395] (-) TimerEvent: {}
[115.641390] (-) TimerEvent: {}
[115.743217] (-) TimerEvent: {}
[115.845014] (-) TimerEvent: {}
[115.946953] (-) TimerEvent: {}
[116.048861] (-) TimerEvent: {}
[116.150857] (-) TimerEvent: {}
[116.252777] (-) TimerEvent: {}
[116.354539] (-) TimerEvent: {}
[116.428952] (robomaster_msgs) StdoutLine: {'line': b'[  9%] \x1b[32mBuilding C object CMakeFiles/robomaster_msgs__rosidl_generator_c.dir/rosidl_generator_c/robomaster_msgs/action/detail/move_arm__functions.c.o\x1b[0m\n'}
[116.454811] (-) TimerEvent: {}
[116.556733] (-) TimerEvent: {}
[116.658956] (-) TimerEvent: {}
[116.760971] (-) TimerEvent: {}
[116.863087] (-) TimerEvent: {}
[116.965459] (-) TimerEvent: {}
[117.069971] (-) TimerEvent: {}
[117.172166] (-) TimerEvent: {}
[117.274222] (-) TimerEvent: {}
[117.376003] (-) TimerEvent: {}
[117.477031] (-) TimerEvent: {}
[117.579222] (-) TimerEvent: {}
[117.681201] (-) TimerEvent: {}
[117.783881] (-) TimerEvent: {}
[117.862487] (robomaster_msgs) StdoutLine: {'line': b'[ 10%] \x1b[32mBuilding C object CMakeFiles/robomaster_msgs__rosidl_generator_c.dir/rosidl_generator_c/robomaster_msgs/action/detail/gripper_control__functions.c.o\x1b[0m\n'}
[117.884288] (-) TimerEvent: {}
[117.987330] (-) TimerEvent: {}
[118.089137] (-) TimerEvent: {}
[118.191235] (-) TimerEvent: {}
[118.293773] (-) TimerEvent: {}
[118.395990] (-) TimerEvent: {}
[118.413812] (sllidar_ros2) StderrLine: {'line': b'In file included from \x1b[01m\x1b[K/home/cricchetto/Robomaster_WS/src/sllidar_ros2/./sdk/include/rplidar_protocol.h:36\x1b[m\x1b[K,\n'}
[118.414705] (sllidar_ros2) StderrLine: {'line': b'                 from \x1b[01m\x1b[K/home/cricchetto/Robomaster_WS/src/sllidar_ros2/./sdk/include/rplidar.h:39\x1b[m\x1b[K,\n'}
[118.415484] (sllidar_ros2) StderrLine: {'line': b'                 from \x1b[01m\x1b[K/home/cricchetto/Robomaster_WS/src/sllidar_ros2/./sdk/src/sdkcommon.h:49\x1b[m\x1b[K,\n'}
[118.416524] (sllidar_ros2) StderrLine: {'line': b'                 from \x1b[01m\x1b[K/home/cricchetto/Robomaster_WS/src/sllidar_ros2/sdk/src/dataunpacker/unpacker/../dataunnpacker_commondef.h:41\x1b[m\x1b[K,\n'}
[118.417234] (sllidar_ros2) StderrLine: {'line': b'                 from \x1b[01m\x1b[K/home/cricchetto/Robomaster_WS/src/sllidar_ros2/sdk/src/dataunpacker/unpacker/handler_hqnode.cpp:39\x1b[m\x1b[K:\n'}
[118.417983] (sllidar_ros2) StderrLine: {'line': b'\x1b[01m\x1b[K/home/cricchetto/Robomaster_WS/src/sllidar_ros2/./sdk/include/sl_lidar_protocol.h:66:16:\x1b[m\x1b[K \x1b[01;35m\x1b[Kwarning: \x1b[m\x1b[KISO C++ forbids zero-size array \xe2\x80\x98\x1b[01m\x1b[Kdata\x1b[m\x1b[K\xe2\x80\x99 [\x1b[01;35m\x1b[K\x1b]8;;https://gcc.gnu.org/onlinedocs/gcc/Warning-Options.html#index-Wpedantic\x07-Wpedantic\x1b]8;;\x07\x1b[m\x1b[K]\n'}
[118.418798] (sllidar_ros2) StderrLine: {'line': b'   66 |     sl_u8 data[\x1b[01;35m\x1b[K0\x1b[m\x1b[K];\n'}
[118.419435] (sllidar_ros2) StderrLine: {'line': b'      |                \x1b[01;35m\x1b[K^\x1b[m\x1b[K\n'}
[118.420484] (sllidar_ros2) StdoutLine: {'line': b'[ 40%] \x1b[32m\x1b[1mLinking CXX executable sllidar_client\x1b[0m\n'}
[118.423746] (sllidar_ros2) StderrLine: {'line': b'In file included from \x1b[01m\x1b[K/home/cricchetto/Robomaster_WS/src/sllidar_ros2/./sdk/include/rplidar_cmd.h:36\x1b[m\x1b[K,\n'}
[118.424644] (sllidar_ros2) StderrLine: {'line': b'                 from \x1b[01m\x1b[K/home/cricchetto/Robomaster_WS/src/sllidar_ros2/./sdk/include/rplidar.h:40\x1b[m\x1b[K,\n'}
[118.425326] (sllidar_ros2) StderrLine: {'line': b'                 from \x1b[01m\x1b[K/home/cricchetto/Robomaster_WS/src/sllidar_ros2/./sdk/src/sdkcommon.h:49\x1b[m\x1b[K,\n'}
[118.425857] (sllidar_ros2) StderrLine: {'line': b'                 from \x1b[01m\x1b[K/home/cricchetto/Robomaster_WS/src/sllidar_ros2/sdk/src/dataunpacker/unpacker/../dataunnpacker_commondef.h:41\x1b[m\x1b[K,\n'}
[118.426535] (sllidar_ros2) StderrLine: {'line': b'                 from \x1b[01m\x1b[K/home/cricchetto/Robomaster_WS/src/sllidar_ros2/sdk/src/dataunpacker/unpacker/handler_hqnode.cpp:39\x1b[m\x1b[K:\n'}
[118.427337] (sllidar_ros2) StderrLine: {'line': b'\x1b[01m\x1b[K/home/cricchetto/Robomaster_WS/src/sllidar_ros2/./sdk/include/sl_lidar_cmd.h:324:20:\x1b[m\x1b[K \x1b[01;35m\x1b[Kwarning: \x1b[m\x1b[KISO C++ forbids zero-size array \xe2\x80\x98\x1b[01m\x1b[Kpayload\x1b[m\x1b[K\xe2\x80\x99 [\x1b[01;35m\x1b[K\x1b]8;;https://gcc.gnu.org/onlinedocs/gcc/Warning-Options.html#index-Wpedantic\x07-Wpedantic\x1b]8;;\x07\x1b[m\x1b[K]\n'}
[118.428122] (sllidar_ros2) StderrLine: {'line': b'  324 |     sl_u8  payload[\x1b[01;35m\x1b[K0\x1b[m\x1b[K];\n'}
[118.428842] (sllidar_ros2) StderrLine: {'line': b'      |                    \x1b[01;35m\x1b[K^\x1b[m\x1b[K\n'}
[118.496201] (-) TimerEvent: {}
[118.598029] (-) TimerEvent: {}
[118.700021] (-) TimerEvent: {}
[118.801885] (-) TimerEvent: {}
[118.903781] (-) TimerEvent: {}
[119.005629] (-) TimerEvent: {}
[119.107509] (-) TimerEvent: {}
[119.209736] (-) TimerEvent: {}
[119.311027] (-) TimerEvent: {}
[119.413176] (-) TimerEvent: {}
[119.514247] (-) TimerEvent: {}
[119.560249] (robomaster_msgs) StdoutLine: {'line': b'[ 10%] \x1b[32mBuilding C object CMakeFiles/robomaster_msgs__rosidl_generator_c.dir/rosidl_generator_c/robomaster_msgs/action/detail/play_sound__functions.c.o\x1b[0m\n'}
[119.614681] (-) TimerEvent: {}
[119.716413] (-) TimerEvent: {}
[119.817615] (-) TimerEvent: {}
[119.918836] (-) TimerEvent: {}
[120.021382] (-) TimerEvent: {}
[120.124334] (-) TimerEvent: {}
[120.226502] (-) TimerEvent: {}
[120.328662] (-) TimerEvent: {}
[120.430689] (-) TimerEvent: {}
[120.532415] (-) TimerEvent: {}
[120.633887] (-) TimerEvent: {}
[120.735137] (-) TimerEvent: {}
[120.821066] (sllidar_ros2) StderrLine: {'line': b'In file included from \x1b[01m\x1b[K/home/cricchetto/Robomaster_WS/src/sllidar_ros2/sdk/src/dataunpacker/unpacker/handler_hqnode.cpp:40\x1b[m\x1b[K:\n'}
[120.822409] (sllidar_ros2) StderrLine: {'line': b'\x1b[01m\x1b[K/home/cricchetto/Robomaster_WS/src/sllidar_ros2/sdk/src/dataunpacker/unpacker/../dataunpacker.h:\x1b[m\x1b[K In member function \xe2\x80\x98\x1b[01m\x1b[Kvirtual void sl::internal::LIDARSampleDataListener::onCustomSampleDataDecoded(_u8, _u32, const void*, size_t)\x1b[m\x1b[K\xe2\x80\x99:\n'}
[120.824591] (sllidar_ros2) StderrLine: {'line': b'\x1b[01m\x1b[K/home/cricchetto/Robomaster_WS/src/sllidar_ros2/sdk/src/dataunpacker/unpacker/../dataunpacker.h:54:52:\x1b[m\x1b[K \x1b[01;35m\x1b[Kwarning: \x1b[m\x1b[Kunused parameter \xe2\x80\x98\x1b[01m\x1b[KansType\x1b[m\x1b[K\xe2\x80\x99 [\x1b[01;35m\x1b[K\x1b]8;;https://gcc.gnu.org/onlinedocs/gcc/Warning-Options.html#index-Wunused-parameter\x07-Wunused-parameter\x1b]8;;\x07\x1b[m\x1b[K]\n'}
[120.826814] (sllidar_ros2) StderrLine: {'line': b'   54 |         virtual void onCustomSampleDataDecoded(\x1b[01;35m\x1b[K_u8 ansType\x1b[m\x1b[K, _u32 customCode, const void* data, size_t size) {}\n'}
[120.828807] (sllidar_ros2) StderrLine: {'line': b'      |                                                \x1b[01;35m\x1b[K~~~~^~~~~~~\x1b[m\x1b[K\n'}
[120.831189] (sllidar_ros2) StderrLine: {'line': b'\x1b[01m\x1b[K/home/cricchetto/Robomaster_WS/src/sllidar_ros2/sdk/src/dataunpacker/unpacker/../dataunpacker.h:54:66:\x1b[m\x1b[K \x1b[01;35m\x1b[Kwarning: \x1b[m\x1b[Kunused parameter \xe2\x80\x98\x1b[01m\x1b[KcustomCode\x1b[m\x1b[K\xe2\x80\x99 [\x1b[01;35m\x1b[K\x1b]8;;https://gcc.gnu.org/onlinedocs/gcc/Warning-Options.html#index-Wunused-parameter\x07-Wunused-parameter\x1b]8;;\x07\x1b[m\x1b[K]\n'}
[120.832900] (sllidar_ros2) StderrLine: {'line': b'   54 |         virtual void onCustomSampleDataDecoded(_u8 ansType, \x1b[01;35m\x1b[K_u32 customCode\x1b[m\x1b[K, const void* data, size_t size) {}\n'}
[120.834363] (sllidar_ros2) StderrLine: {'line': b'      |                                                             \x1b[01;35m\x1b[K~~~~~^~~~~~~~~~\x1b[m\x1b[K\n'}
[120.835254] (-) TimerEvent: {}
[120.840972] (sllidar_ros2) StderrLine: {'line': b'\x1b[01m\x1b[K/home/cricchetto/Robomaster_WS/src/sllidar_ros2/sdk/src/dataunpacker/unpacker/../dataunpacker.h:54:90:\x1b[m\x1b[K \x1b[01;35m\x1b[Kwarning: \x1b[m\x1b[Kunused parameter \xe2\x80\x98\x1b[01m\x1b[Kdata\x1b[m\x1b[K\xe2\x80\x99 [\x1b[01;35m\x1b[K\x1b]8;;https://gcc.gnu.org/onlinedocs/gcc/Warning-Options.html#index-Wunused-parameter\x07-Wunused-parameter\x1b]8;;\x07\x1b[m\x1b[K]\n'}
[120.841820] (sllidar_ros2) StderrLine: {'line': b'   54 |         virtual void onCustomSampleDataDecoded(_u8 ansType, _u32 customCode, \x1b[01;35m\x1b[Kconst void* data\x1b[m\x1b[K, size_t size) {}\n'}
[120.842564] (sllidar_ros2) StderrLine: {'line': b'      |                                                                              \x1b[01;35m\x1b[K~~~~~~~~~~~~^~~~\x1b[m\x1b[K\n'}
[120.843206] (sllidar_ros2) StderrLine: {'line': b'\x1b[01m\x1b[K/home/cricchetto/Robomaster_WS/src/sllidar_ros2/sdk/src/dataunpacker/unpacker/../dataunpacker.h:54:103:\x1b[m\x1b[K \x1b[01;35m\x1b[Kwarning: \x1b[m\x1b[Kunused parameter \xe2\x80\x98\x1b[01m\x1b[Ksize\x1b[m\x1b[K\xe2\x80\x99 [\x1b[01;35m\x1b[K\x1b]8;;https://gcc.gnu.org/onlinedocs/gcc/Warning-Options.html#index-Wunused-parameter\x07-Wunused-parameter\x1b]8;;\x07\x1b[m\x1b[K]\n'}
[120.843793] (sllidar_ros2) StderrLine: {'line': b'   54 |         virtual void onCustomSampleDataDecoded(_u8 ansType, _u32 customCode, const void* data, \x1b[01;35m\x1b[Ksize_t size\x1b[m\x1b[K) {}\n'}
[120.844439] (sllidar_ros2) StderrLine: {'line': b'      |                                                                                                \x1b[01;35m\x1b[K~~~~~~~^~~~\x1b[m\x1b[K\n'}
[120.845166] (sllidar_ros2) StderrLine: {'line': b'\x1b[01m\x1b[K/home/cricchetto/Robomaster_WS/src/sllidar_ros2/sdk/src/dataunpacker/unpacker/../dataunpacker.h:\x1b[m\x1b[K In member function \xe2\x80\x98\x1b[01m\x1b[Kvirtual void sl::internal::LIDARSampleDataListener::onDecodingError(int, _u8, const void*, size_t)\x1b[m\x1b[K\xe2\x80\x99:\n'}
[120.845837] (sllidar_ros2) StderrLine: {'line': b'\x1b[01m\x1b[K/home/cricchetto/Robomaster_WS/src/sllidar_ros2/sdk/src/dataunpacker/unpacker/../dataunpacker.h:56:42:\x1b[m\x1b[K \x1b[01;35m\x1b[Kwarning: \x1b[m\x1b[Kunused parameter \xe2\x80\x98\x1b[01m\x1b[KerrMsg\x1b[m\x1b[K\xe2\x80\x99 [\x1b[01;35m\x1b[K\x1b]8;;https://gcc.gnu.org/onlinedocs/gcc/Warning-Options.html#index-Wunused-parameter\x07-Wunused-parameter\x1b]8;;\x07\x1b[m\x1b[K]\n'}
[120.846611] (sllidar_ros2) StderrLine: {'line': b'   56 |         virtual void onDecodingError(\x1b[01;35m\x1b[Kint errMsg\x1b[m\x1b[K, _u8 ansType, const void* payload, size_t size) {}\n'}
[120.847335] (sllidar_ros2) StderrLine: {'line': b'      |                                      \x1b[01;35m\x1b[K~~~~^~~~~~\x1b[m\x1b[K\n'}
[120.848103] (sllidar_ros2) StderrLine: {'line': b'\x1b[01m\x1b[K/home/cricchetto/Robomaster_WS/src/sllidar_ros2/sdk/src/dataunpacker/unpacker/../dataunpacker.h:56:54:\x1b[m\x1b[K \x1b[01;35m\x1b[Kwarning: \x1b[m\x1b[Kunused parameter \xe2\x80\x98\x1b[01m\x1b[KansType\x1b[m\x1b[K\xe2\x80\x99 [\x1b[01;35m\x1b[K\x1b]8;;https://gcc.gnu.org/onlinedocs/gcc/Warning-Options.html#index-Wunused-parameter\x07-Wunused-parameter\x1b]8;;\x07\x1b[m\x1b[K]\n'}
[120.848878] (sllidar_ros2) StderrLine: {'line': b'   56 |         virtual void onDecodingError(int errMsg, \x1b[01;35m\x1b[K_u8 ansType\x1b[m\x1b[K, const void* payload, size_t size) {}\n'}
[120.849616] (sllidar_ros2) StderrLine: {'line': b'      |                                                  \x1b[01;35m\x1b[K~~~~^~~~~~~\x1b[m\x1b[K\n'}
[120.850257] (sllidar_ros2) StderrLine: {'line': b'\x1b[01m\x1b[K/home/cricchetto/Robomaster_WS/src/sllidar_ros2/sdk/src/dataunpacker/unpacker/../dataunpacker.h:56:75:\x1b[m\x1b[K \x1b[01;35m\x1b[Kwarning: \x1b[m\x1b[Kunused parameter \xe2\x80\x98\x1b[01m\x1b[Kpayload\x1b[m\x1b[K\xe2\x80\x99 [\x1b[01;35m\x1b[K\x1b]8;;https://gcc.gnu.org/onlinedocs/gcc/Warning-Options.html#index-Wunused-parameter\x07-Wunused-parameter\x1b]8;;\x07\x1b[m\x1b[K]\n'}
[120.863888] (sllidar_ros2) StderrLine: {'line': b'   56 |         virtual void onDecodingError(int errMsg, _u8 ansType, \x1b[01;35m\x1b[Kconst void* payload\x1b[m\x1b[K, size_t size) {}\n'}
[120.865186] (sllidar_ros2) StderrLine: {'line': b'      |                                                               \x1b[01;35m\x1b[K~~~~~~~~~~~~^~~~~~~\x1b[m\x1b[K\n'}
[120.866647] (sllidar_ros2) StderrLine: {'line': b'\x1b[01m\x1b[K/home/cricchetto/Robomaster_WS/src/sllidar_ros2/sdk/src/dataunpacker/unpacker/../dataunpacker.h:56:91:\x1b[m\x1b[K \x1b[01;35m\x1b[Kwarning: \x1b[m\x1b[Kunused parameter \xe2\x80\x98\x1b[01m\x1b[Ksize\x1b[m\x1b[K\xe2\x80\x99 [\x1b[01;35m\x1b[K\x1b]8;;https://gcc.gnu.org/onlinedocs/gcc/Warning-Options.html#index-Wunused-parameter\x07-Wunused-parameter\x1b]8;;\x07\x1b[m\x1b[K]\n'}
[120.868277] (sllidar_ros2) StderrLine: {'line': b'   56 |         virtual void onDecodingError(int errMsg, _u8 ansType, const void* payload, \x1b[01;35m\x1b[Ksize_t size\x1b[m\x1b[K) {}\n'}
[120.869482] (sllidar_ros2) StderrLine: {'line': b'      |                                                                                    \x1b[01;35m\x1b[K~~~~~~~^~~~\x1b[m\x1b[K\n'}
[120.935578] (-) TimerEvent: {}
[120.948175] (robomaster_msgs) StdoutLine: {'line': b'[ 10%] \x1b[32mBuilding C object CMakeFiles/robomaster_msgs__rosidl_generator_c.dir/rosidl_generator_c/robomaster_msgs/action/detail/move_servo__functions.c.o\x1b[0m\n'}
[121.035993] (-) TimerEvent: {}
[121.138610] (-) TimerEvent: {}
[121.240677] (-) TimerEvent: {}
[121.343608] (-) TimerEvent: {}
[121.445955] (-) TimerEvent: {}
[121.547906] (-) TimerEvent: {}
[121.649625] (-) TimerEvent: {}
[121.751420] (-) TimerEvent: {}
[121.852568] (-) TimerEvent: {}
[121.953708] (-) TimerEvent: {}
[122.055182] (-) TimerEvent: {}
[122.077151] (robomaster_msgs) StdoutLine: {'line': b'[ 11%] \x1b[32mBuilding C object CMakeFiles/robomaster_msgs__rosidl_generator_c.dir/rosidl_generator_c/robomaster_msgs/action/detail/move_gimbal__functions.c.o\x1b[0m\n'}
[122.155512] (-) TimerEvent: {}
[122.257622] (-) TimerEvent: {}
[122.277572] (sllidar_ros2) StdoutLine: {'line': b'[ 45%] \x1b[32mBuilding CXX object CMakeFiles/sllidar_node.dir/sdk/src/dataunpacker/unpacker/handler_normalnode.cpp.o\x1b[0m\n'}
[122.357890] (-) TimerEvent: {}
[122.459852] (-) TimerEvent: {}
[122.561458] (-) TimerEvent: {}
[122.663126] (-) TimerEvent: {}
[122.765388] (-) TimerEvent: {}
[122.867439] (-) TimerEvent: {}
[122.958497] (sllidar_ros2) StdoutLine: {'line': b'[ 45%] Built target sllidar_client\n'}
[122.967790] (-) TimerEvent: {}
[123.069905] (-) TimerEvent: {}
[123.172028] (-) TimerEvent: {}
[123.273049] (-) TimerEvent: {}
[123.374169] (-) TimerEvent: {}
[123.475199] (-) TimerEvent: {}
[123.576393] (-) TimerEvent: {}
[123.581773] (robomaster_msgs) StdoutLine: {'line': b'[ 11%] \x1b[32mBuilding C object CMakeFiles/robomaster_msgs__rosidl_generator_c.dir/rosidl_generator_c/robomaster_msgs/action/detail/recenter_gimbal__functions.c.o\x1b[0m\n'}
[123.676658] (-) TimerEvent: {}
[123.684362] (multirobot_map_merge) StdoutLine: {'line': b'[ 33%] \x1b[32m\x1b[1mLinking CXX static library libcombine_grids.a\x1b[0m\n'}
[123.776918] (-) TimerEvent: {}
[123.878082] (-) TimerEvent: {}
[123.975450] (multirobot_map_merge) StdoutLine: {'line': b'[ 33%] Built target combine_grids\n'}
[123.978362] (-) TimerEvent: {}
[124.080697] (-) TimerEvent: {}
[124.101420] (multirobot_map_merge) StdoutLine: {'line': b'[ 41%] \x1b[32mBuilding CXX object gtest/CMakeFiles/gtest.dir/src/gtest-all.cc.o\x1b[0m\n'}
[124.180978] (-) TimerEvent: {}
[124.283021] (-) TimerEvent: {}
[124.384089] (-) TimerEvent: {}
[124.485185] (-) TimerEvent: {}
[124.586489] (-) TimerEvent: {}
[124.688126] (-) TimerEvent: {}
[124.789887] (-) TimerEvent: {}
[124.822788] (robomaster_msgs) StdoutLine: {'line': b'[ 11%] \x1b[32mBuilding C object CMakeFiles/robomaster_msgs__rosidl_generator_c.dir/rosidl_generator_c/robomaster_msgs/srv/detail/get_adc__functions.c.o\x1b[0m\n'}
[124.890198] (-) TimerEvent: {}
[124.992373] (-) TimerEvent: {}
[125.094222] (-) TimerEvent: {}
[125.196068] (-) TimerEvent: {}
[125.297924] (-) TimerEvent: {}
[125.402143] (-) TimerEvent: {}
[125.404196] (robomaster_msgs) StdoutLine: {'line': b'[ 11%] \x1b[32mBuilding C object CMakeFiles/robomaster_msgs__rosidl_generator_c.dir/rosidl_generator_c/robomaster_msgs/srv/detail/get_io__functions.c.o\x1b[0m\n'}
[125.502457] (-) TimerEvent: {}
[125.604457] (-) TimerEvent: {}
[125.705553] (-) TimerEvent: {}
[125.806667] (-) TimerEvent: {}
[125.908902] (-) TimerEvent: {}
[126.010703] (-) TimerEvent: {}
[126.112697] (-) TimerEvent: {}
[126.140034] (sllidar_ros2) StderrLine: {'line': b'In file included from \x1b[01m\x1b[K/home/cricchetto/Robomaster_WS/src/sllidar_ros2/./sdk/include/rplidar_protocol.h:36\x1b[m\x1b[K,\n'}
[126.140854] (sllidar_ros2) StderrLine: {'line': b'                 from \x1b[01m\x1b[K/home/cricchetto/Robomaster_WS/src/sllidar_ros2/./sdk/include/rplidar.h:39\x1b[m\x1b[K,\n'}
[126.141547] (sllidar_ros2) StderrLine: {'line': b'                 from \x1b[01m\x1b[K/home/cricchetto/Robomaster_WS/src/sllidar_ros2/./sdk/src/sdkcommon.h:49\x1b[m\x1b[K,\n'}
[126.142683] (sllidar_ros2) StderrLine: {'line': b'                 from \x1b[01m\x1b[K/home/cricchetto/Robomaster_WS/src/sllidar_ros2/sdk/src/dataunpacker/unpacker/../dataunnpacker_commondef.h:41\x1b[m\x1b[K,\n'}
[126.143549] (sllidar_ros2) StderrLine: {'line': b'                 from \x1b[01m\x1b[K/home/cricchetto/Robomaster_WS/src/sllidar_ros2/sdk/src/dataunpacker/unpacker/handler_normalnode.cpp:39\x1b[m\x1b[K:\n'}
[126.144389] (sllidar_ros2) StderrLine: {'line': b'\x1b[01m\x1b[K/home/cricchetto/Robomaster_WS/src/sllidar_ros2/./sdk/include/sl_lidar_protocol.h:66:16:\x1b[m\x1b[K \x1b[01;35m\x1b[Kwarning: \x1b[m\x1b[KISO C++ forbids zero-size array \xe2\x80\x98\x1b[01m\x1b[Kdata\x1b[m\x1b[K\xe2\x80\x99 [\x1b[01;35m\x1b[K\x1b]8;;https://gcc.gnu.org/onlinedocs/gcc/Warning-Options.html#index-Wpedantic\x07-Wpedantic\x1b]8;;\x07\x1b[m\x1b[K]\n'}
[126.145318] (sllidar_ros2) StderrLine: {'line': b'   66 |     sl_u8 data[\x1b[01;35m\x1b[K0\x1b[m\x1b[K];\n'}
[126.146447] (sllidar_ros2) StderrLine: {'line': b'      |                \x1b[01;35m\x1b[K^\x1b[m\x1b[K\n'}
[126.148540] (sllidar_ros2) StderrLine: {'line': b'In file included from \x1b[01m\x1b[K/home/cricchetto/Robomaster_WS/src/sllidar_ros2/./sdk/include/rplidar_cmd.h:36\x1b[m\x1b[K,\n'}
[126.149325] (sllidar_ros2) StderrLine: {'line': b'                 from \x1b[01m\x1b[K/home/cricchetto/Robomaster_WS/src/sllidar_ros2/./sdk/include/rplidar.h:40\x1b[m\x1b[K,\n'}
[126.150026] (sllidar_ros2) StderrLine: {'line': b'                 from \x1b[01m\x1b[K/home/cricchetto/Robomaster_WS/src/sllidar_ros2/./sdk/src/sdkcommon.h:49\x1b[m\x1b[K,\n'}
[126.150721] (sllidar_ros2) StderrLine: {'line': b'                 from \x1b[01m\x1b[K/home/cricchetto/Robomaster_WS/src/sllidar_ros2/sdk/src/dataunpacker/unpacker/../dataunnpacker_commondef.h:41\x1b[m\x1b[K,\n'}
[126.151471] (sllidar_ros2) StderrLine: {'line': b'                 from \x1b[01m\x1b[K/home/cricchetto/Robomaster_WS/src/sllidar_ros2/sdk/src/dataunpacker/unpacker/handler_normalnode.cpp:39\x1b[m\x1b[K:\n'}
[126.152327] (sllidar_ros2) StderrLine: {'line': b'\x1b[01m\x1b[K/home/cricchetto/Robomaster_WS/src/sllidar_ros2/./sdk/include/sl_lidar_cmd.h:324:20:\x1b[m\x1b[K \x1b[01;35m\x1b[Kwarning: \x1b[m\x1b[KISO C++ forbids zero-size array \xe2\x80\x98\x1b[01m\x1b[Kpayload\x1b[m\x1b[K\xe2\x80\x99 [\x1b[01;35m\x1b[K\x1b]8;;https://gcc.gnu.org/onlinedocs/gcc/Warning-Options.html#index-Wpedantic\x07-Wpedantic\x1b]8;;\x07\x1b[m\x1b[K]\n'}
[126.153315] (sllidar_ros2) StderrLine: {'line': b'  324 |     sl_u8  payload[\x1b[01;35m\x1b[K0\x1b[m\x1b[K];\n'}
[126.154357] (sllidar_ros2) StderrLine: {'line': b'      |                    \x1b[01;35m\x1b[K^\x1b[m\x1b[K\n'}
[126.155292] (robomaster_msgs) StdoutLine: {'line': b'[ 12%] \x1b[32mBuilding C object CMakeFiles/robomaster_msgs__rosidl_generator_c.dir/rosidl_generator_c/robomaster_msgs/srv/detail/get_pulse__functions.c.o\x1b[0m\n'}
[126.212973] (-) TimerEvent: {}
[126.315071] (-) TimerEvent: {}
[126.416924] (-) TimerEvent: {}
[126.519003] (-) TimerEvent: {}
[126.620243] (-) TimerEvent: {}
[126.697608] (robomaster_msgs) StdoutLine: {'line': b'[ 12%] \x1b[32mBuilding C object CMakeFiles/robomaster_msgs__rosidl_generator_c.dir/rosidl_generator_c/robomaster_msgs/srv/detail/get_servo_angle__functions.c.o\x1b[0m\n'}
[126.720519] (-) TimerEvent: {}
[126.822558] (-) TimerEvent: {}
[126.924825] (-) TimerEvent: {}
[127.027074] (-) TimerEvent: {}
[127.128994] (-) TimerEvent: {}
[127.230087] (-) TimerEvent: {}
[127.270535] (robomaster_msgs) StdoutLine: {'line': b'[ 12%] \x1b[32m\x1b[1mLinking C shared library librobomaster_msgs__rosidl_generator_c.so\x1b[0m\n'}
[127.330402] (-) TimerEvent: {}
[127.431540] (-) TimerEvent: {}
[127.533295] (-) TimerEvent: {}
[127.635488] (-) TimerEvent: {}
[127.737779] (-) TimerEvent: {}
[127.775701] (sllidar_ros2) StderrLine: {'line': b'In file included from \x1b[01m\x1b[K/home/cricchetto/Robomaster_WS/src/sllidar_ros2/sdk/src/dataunpacker/unpacker/handler_normalnode.cpp:40\x1b[m\x1b[K:\n'}
[127.776479] (sllidar_ros2) StderrLine: {'line': b'\x1b[01m\x1b[K/home/cricchetto/Robomaster_WS/src/sllidar_ros2/sdk/src/dataunpacker/unpacker/../dataunpacker.h:\x1b[m\x1b[K In member function \xe2\x80\x98\x1b[01m\x1b[Kvirtual void sl::internal::LIDARSampleDataListener::onCustomSampleDataDecoded(_u8, _u32, const void*, size_t)\x1b[m\x1b[K\xe2\x80\x99:\n'}
[127.777221] (sllidar_ros2) StderrLine: {'line': b'\x1b[01m\x1b[K/home/cricchetto/Robomaster_WS/src/sllidar_ros2/sdk/src/dataunpacker/unpacker/../dataunpacker.h:54:52:\x1b[m\x1b[K \x1b[01;35m\x1b[Kwarning: \x1b[m\x1b[Kunused parameter \xe2\x80\x98\x1b[01m\x1b[KansType\x1b[m\x1b[K\xe2\x80\x99 [\x1b[01;35m\x1b[K\x1b]8;;https://gcc.gnu.org/onlinedocs/gcc/Warning-Options.html#index-Wunused-parameter\x07-Wunused-parameter\x1b]8;;\x07\x1b[m\x1b[K]\n'}
[127.777925] (sllidar_ros2) StderrLine: {'line': b'   54 |         virtual void onCustomSampleDataDecoded(\x1b[01;35m\x1b[K_u8 ansType\x1b[m\x1b[K, _u32 customCode, const void* data, size_t size) {}\n'}
[127.778706] (sllidar_ros2) StderrLine: {'line': b'      |                                                \x1b[01;35m\x1b[K~~~~^~~~~~~\x1b[m\x1b[K\n'}
[127.779428] (sllidar_ros2) StderrLine: {'line': b'\x1b[01m\x1b[K/home/cricchetto/Robomaster_WS/src/sllidar_ros2/sdk/src/dataunpacker/unpacker/../dataunpacker.h:54:66:\x1b[m\x1b[K \x1b[01;35m\x1b[Kwarning: \x1b[m\x1b[Kunused parameter \xe2\x80\x98\x1b[01m\x1b[KcustomCode\x1b[m\x1b[K\xe2\x80\x99 [\x1b[01;35m\x1b[K\x1b]8;;https://gcc.gnu.org/onlinedocs/gcc/Warning-Options.html#index-Wunused-parameter\x07-Wunused-parameter\x1b]8;;\x07\x1b[m\x1b[K]\n'}
[127.780344] (sllidar_ros2) StderrLine: {'line': b'   54 |         virtual void onCustomSampleDataDecoded(_u8 ansType, \x1b[01;35m\x1b[K_u32 customCode\x1b[m\x1b[K, const void* data, size_t size) {}\n'}
[127.781032] (sllidar_ros2) StderrLine: {'line': b'      |                                                             \x1b[01;35m\x1b[K~~~~~^~~~~~~~~~\x1b[m\x1b[K\n'}
[127.781692] (sllidar_ros2) StderrLine: {'line': b'\x1b[01m\x1b[K/home/cricchetto/Robomaster_WS/src/sllidar_ros2/sdk/src/dataunpacker/unpacker/../dataunpacker.h:54:90:\x1b[m\x1b[K \x1b[01;35m\x1b[Kwarning: \x1b[m\x1b[Kunused parameter \xe2\x80\x98\x1b[01m\x1b[Kdata\x1b[m\x1b[K\xe2\x80\x99 [\x1b[01;35m\x1b[K\x1b]8;;https://gcc.gnu.org/onlinedocs/gcc/Warning-Options.html#index-Wunused-parameter\x07-Wunused-parameter\x1b]8;;\x07\x1b[m\x1b[K]\n'}
[127.782369] (sllidar_ros2) StderrLine: {'line': b'   54 |         virtual void onCustomSampleDataDecoded(_u8 ansType, _u32 customCode, \x1b[01;35m\x1b[Kconst void* data\x1b[m\x1b[K, size_t size) {}\n'}
[127.783086] (sllidar_ros2) StderrLine: {'line': b'      |                                                                              \x1b[01;35m\x1b[K~~~~~~~~~~~~^~~~\x1b[m\x1b[K\n'}
[127.783954] (sllidar_ros2) StderrLine: {'line': b'\x1b[01m\x1b[K/home/cricchetto/Robomaster_WS/src/sllidar_ros2/sdk/src/dataunpacker/unpacker/../dataunpacker.h:54:103:\x1b[m\x1b[K \x1b[01;35m\x1b[Kwarning: \x1b[m\x1b[Kunused parameter \xe2\x80\x98\x1b[01m\x1b[Ksize\x1b[m\x1b[K\xe2\x80\x99 [\x1b[01;35m\x1b[K\x1b]8;;https://gcc.gnu.org/onlinedocs/gcc/Warning-Options.html#index-Wunused-parameter\x07-Wunused-parameter\x1b]8;;\x07\x1b[m\x1b[K]\n'}
[127.785287] (sllidar_ros2) StderrLine: {'line': b'   54 |         virtual void onCustomSampleDataDecoded(_u8 ansType, _u32 customCode, const void* data, \x1b[01;35m\x1b[Ksize_t size\x1b[m\x1b[K) {}\n'}
[127.785976] (sllidar_ros2) StderrLine: {'line': b'      |                                                                                                \x1b[01;35m\x1b[K~~~~~~~^~~~\x1b[m\x1b[K\n'}
[127.786633] (sllidar_ros2) StderrLine: {'line': b'\x1b[01m\x1b[K/home/cricchetto/Robomaster_WS/src/sllidar_ros2/sdk/src/dataunpacker/unpacker/../dataunpacker.h:\x1b[m\x1b[K In member function \xe2\x80\x98\x1b[01m\x1b[Kvirtual void sl::internal::LIDARSampleDataListener::onDecodingError(int, _u8, const void*, size_t)\x1b[m\x1b[K\xe2\x80\x99:\n'}
[127.787359] (sllidar_ros2) StderrLine: {'line': b'\x1b[01m\x1b[K/home/cricchetto/Robomaster_WS/src/sllidar_ros2/sdk/src/dataunpacker/unpacker/../dataunpacker.h:56:42:\x1b[m\x1b[K \x1b[01;35m\x1b[Kwarning: \x1b[m\x1b[Kunused parameter \xe2\x80\x98\x1b[01m\x1b[KerrMsg\x1b[m\x1b[K\xe2\x80\x99 [\x1b[01;35m\x1b[K\x1b]8;;https://gcc.gnu.org/onlinedocs/gcc/Warning-Options.html#index-Wunused-parameter\x07-Wunused-parameter\x1b]8;;\x07\x1b[m\x1b[K]\n'}
[127.788267] (sllidar_ros2) StderrLine: {'line': b'   56 |         virtual void onDecodingError(\x1b[01;35m\x1b[Kint errMsg\x1b[m\x1b[K, _u8 ansType, const void* payload, size_t size) {}\n'}
[127.789054] (sllidar_ros2) StderrLine: {'line': b'      |                                      \x1b[01;35m\x1b[K~~~~^~~~~~\x1b[m\x1b[K\n'}
[127.789760] (sllidar_ros2) StderrLine: {'line': b'\x1b[01m\x1b[K/home/cricchetto/Robomaster_WS/src/sllidar_ros2/sdk/src/dataunpacker/unpacker/../dataunpacker.h:56:54:\x1b[m\x1b[K \x1b[01;35m\x1b[Kwarning: \x1b[m\x1b[Kunused parameter \xe2\x80\x98\x1b[01m\x1b[KansType\x1b[m\x1b[K\xe2\x80\x99 [\x1b[01;35m\x1b[K\x1b]8;;https://gcc.gnu.org/onlinedocs/gcc/Warning-Options.html#index-Wunused-parameter\x07-Wunused-parameter\x1b]8;;\x07\x1b[m\x1b[K]\n'}
[127.790607] (sllidar_ros2) StderrLine: {'line': b'   56 |         virtual void onDecodingError(int errMsg, \x1b[01;35m\x1b[K_u8 ansType\x1b[m\x1b[K, const void* payload, size_t size) {}\n'}
[127.791389] (sllidar_ros2) StderrLine: {'line': b'      |                                                  \x1b[01;35m\x1b[K~~~~^~~~~~~\x1b[m\x1b[K\n'}
[127.792215] (sllidar_ros2) StderrLine: {'line': b'\x1b[01m\x1b[K/home/cricchetto/Robomaster_WS/src/sllidar_ros2/sdk/src/dataunpacker/unpacker/../dataunpacker.h:56:75:\x1b[m\x1b[K \x1b[01;35m\x1b[Kwarning: \x1b[m\x1b[Kunused parameter \xe2\x80\x98\x1b[01m\x1b[Kpayload\x1b[m\x1b[K\xe2\x80\x99 [\x1b[01;35m\x1b[K\x1b]8;;https://gcc.gnu.org/onlinedocs/gcc/Warning-Options.html#index-Wunused-parameter\x07-Wunused-parameter\x1b]8;;\x07\x1b[m\x1b[K]\n'}
[127.793024] (sllidar_ros2) StderrLine: {'line': b'   56 |         virtual void onDecodingError(int errMsg, _u8 ansType, \x1b[01;35m\x1b[Kconst void* payload\x1b[m\x1b[K, size_t size) {}\n'}
[127.793831] (sllidar_ros2) StderrLine: {'line': b'      |                                                               \x1b[01;35m\x1b[K~~~~~~~~~~~~^~~~~~~\x1b[m\x1b[K\n'}
[127.794579] (sllidar_ros2) StderrLine: {'line': b'\x1b[01m\x1b[K/home/cricchetto/Robomaster_WS/src/sllidar_ros2/sdk/src/dataunpacker/unpacker/../dataunpacker.h:56:91:\x1b[m\x1b[K \x1b[01;35m\x1b[Kwarning: \x1b[m\x1b[Kunused parameter \xe2\x80\x98\x1b[01m\x1b[Ksize\x1b[m\x1b[K\xe2\x80\x99 [\x1b[01;35m\x1b[K\x1b]8;;https://gcc.gnu.org/onlinedocs/gcc/Warning-Options.html#index-Wunused-parameter\x07-Wunused-parameter\x1b]8;;\x07\x1b[m\x1b[K]\n'}
[127.795412] (sllidar_ros2) StderrLine: {'line': b'   56 |         virtual void onDecodingError(int errMsg, _u8 ansType, const void* payload, \x1b[01;35m\x1b[Ksize_t size\x1b[m\x1b[K) {}\n'}
[127.808707] (sllidar_ros2) StderrLine: {'line': b'      |                                                                                    \x1b[01;35m\x1b[K~~~~~~~^~~~\x1b[m\x1b[K\n'}
[127.838134] (-) TimerEvent: {}
[127.852919] (robomaster_msgs) StdoutLine: {'line': b'[ 12%] Built target robomaster_msgs__rosidl_generator_c\n'}
[127.938425] (-) TimerEvent: {}
[127.981842] (robomaster_msgs) StdoutLine: {'line': b'[ 13%] \x1b[34m\x1b[1mGenerating C++ introspection for ROS interfaces\x1b[0m\n'}
[128.038760] (-) TimerEvent: {}
[128.140737] (-) TimerEvent: {}
[128.242468] (-) TimerEvent: {}
[128.344361] (-) TimerEvent: {}
[128.446448] (-) TimerEvent: {}
[128.548818] (-) TimerEvent: {}
[128.651455] (-) TimerEvent: {}
[128.752819] (-) TimerEvent: {}
[128.854211] (-) TimerEvent: {}
[128.955354] (-) TimerEvent: {}
[129.056355] (-) TimerEvent: {}
[129.157424] (-) TimerEvent: {}
[129.258761] (-) TimerEvent: {}
[129.361445] (sllidar_ros2) StdoutLine: {'line': b'[ 50%] \x1b[32mBuilding CXX object CMakeFiles/sllidar_node.dir/sdk/src/rplidar_driver.cpp.o\x1b[0m\n'}
[129.362935] (-) TimerEvent: {}
[129.464656] (-) TimerEvent: {}
[129.566546] (-) TimerEvent: {}
[129.667752] (-) TimerEvent: {}
[129.769337] (-) TimerEvent: {}
[129.872103] (-) TimerEvent: {}
[129.974449] (-) TimerEvent: {}
[130.077042] (-) TimerEvent: {}
[130.179848] (-) TimerEvent: {}
[130.282362] (-) TimerEvent: {}
[130.385005] (-) TimerEvent: {}
[130.487481] (-) TimerEvent: {}
[130.590212] (-) TimerEvent: {}
[130.693143] (-) TimerEvent: {}
[130.794964] (-) TimerEvent: {}
[130.896276] (-) TimerEvent: {}
[130.998085] (-) TimerEvent: {}
[131.100298] (-) TimerEvent: {}
[131.202812] (-) TimerEvent: {}
[131.304688] (-) TimerEvent: {}
[131.406316] (-) TimerEvent: {}
[131.508200] (-) TimerEvent: {}
[131.609973] (-) TimerEvent: {}
[131.711685] (-) TimerEvent: {}
[131.812925] (-) TimerEvent: {}
[131.914111] (-) TimerEvent: {}
[132.015438] (-) TimerEvent: {}
[132.116811] (-) TimerEvent: {}
[132.218657] (-) TimerEvent: {}
[132.320907] (-) TimerEvent: {}
[132.422775] (-) TimerEvent: {}
[132.524521] (-) TimerEvent: {}
[132.626400] (-) TimerEvent: {}
[132.728788] (-) TimerEvent: {}
[132.830160] (-) TimerEvent: {}
[132.931227] (-) TimerEvent: {}
[133.032302] (-) TimerEvent: {}
[133.119789] (sllidar_ros2) StderrLine: {'line': b'In file included from \x1b[01m\x1b[K/home/cricchetto/Robomaster_WS/src/sllidar_ros2/./sdk/include/rplidar_protocol.h:36\x1b[m\x1b[K,\n'}
[133.120931] (sllidar_ros2) StderrLine: {'line': b'                 from \x1b[01m\x1b[K/home/cricchetto/Robomaster_WS/src/sllidar_ros2/./sdk/include/rplidar.h:39\x1b[m\x1b[K,\n'}
[133.122190] (sllidar_ros2) StderrLine: {'line': b'                 from \x1b[01m\x1b[K/home/cricchetto/Robomaster_WS/src/sllidar_ros2/sdk/src/sdkcommon.h:49\x1b[m\x1b[K,\n'}
[133.123371] (sllidar_ros2) StderrLine: {'line': b'                 from \x1b[01m\x1b[K/home/cricchetto/Robomaster_WS/src/sllidar_ros2/sdk/src/rplidar_driver.cpp:33\x1b[m\x1b[K:\n'}
[133.124674] (sllidar_ros2) StderrLine: {'line': b'\x1b[01m\x1b[K/home/cricchetto/Robomaster_WS/src/sllidar_ros2/./sdk/include/sl_lidar_protocol.h:66:16:\x1b[m\x1b[K \x1b[01;35m\x1b[Kwarning: \x1b[m\x1b[KISO C++ forbids zero-size array \xe2\x80\x98\x1b[01m\x1b[Kdata\x1b[m\x1b[K\xe2\x80\x99 [\x1b[01;35m\x1b[K\x1b]8;;https://gcc.gnu.org/onlinedocs/gcc/Warning-Options.html#index-Wpedantic\x07-Wpedantic\x1b]8;;\x07\x1b[m\x1b[K]\n'}
[133.125834] (sllidar_ros2) StderrLine: {'line': b'   66 |     sl_u8 data[\x1b[01;35m\x1b[K0\x1b[m\x1b[K];\n'}
[133.126943] (sllidar_ros2) StderrLine: {'line': b'      |                \x1b[01;35m\x1b[K^\x1b[m\x1b[K\n'}
[133.132610] (sllidar_ros2) StderrLine: {'line': b'In file included from \x1b[01m\x1b[K/home/cricchetto/Robomaster_WS/src/sllidar_ros2/./sdk/include/rplidar_cmd.h:36\x1b[m\x1b[K,\n'}
[133.133490] (-) TimerEvent: {}
[133.135444] (sllidar_ros2) StderrLine: {'line': b'                 from \x1b[01m\x1b[K/home/cricchetto/Robomaster_WS/src/sllidar_ros2/./sdk/include/rplidar.h:40\x1b[m\x1b[K,\n'}
[133.136978] (sllidar_ros2) StderrLine: {'line': b'                 from \x1b[01m\x1b[K/home/cricchetto/Robomaster_WS/src/sllidar_ros2/sdk/src/sdkcommon.h:49\x1b[m\x1b[K,\n'}
[133.138248] (sllidar_ros2) StderrLine: {'line': b'                 from \x1b[01m\x1b[K/home/cricchetto/Robomaster_WS/src/sllidar_ros2/sdk/src/rplidar_driver.cpp:33\x1b[m\x1b[K:\n'}
[133.139742] (sllidar_ros2) StderrLine: {'line': b'\x1b[01m\x1b[K/home/cricchetto/Robomaster_WS/src/sllidar_ros2/./sdk/include/sl_lidar_cmd.h:324:20:\x1b[m\x1b[K \x1b[01;35m\x1b[Kwarning: \x1b[m\x1b[KISO C++ forbids zero-size array \xe2\x80\x98\x1b[01m\x1b[Kpayload\x1b[m\x1b[K\xe2\x80\x99 [\x1b[01;35m\x1b[K\x1b]8;;https://gcc.gnu.org/onlinedocs/gcc/Warning-Options.html#index-Wpedantic\x07-Wpedantic\x1b]8;;\x07\x1b[m\x1b[K]\n'}
[133.141050] (sllidar_ros2) StderrLine: {'line': b'  324 |     sl_u8  payload[\x1b[01;35m\x1b[K0\x1b[m\x1b[K];\n'}
[133.142565] (sllidar_ros2) StderrLine: {'line': b'      |                    \x1b[01;35m\x1b[K^\x1b[m\x1b[K\n'}
[133.233789] (-) TimerEvent: {}
[133.335557] (-) TimerEvent: {}
[133.437395] (-) TimerEvent: {}
[133.539362] (-) TimerEvent: {}
[133.641644] (-) TimerEvent: {}
[133.744946] (-) TimerEvent: {}
[133.846558] (-) TimerEvent: {}
[133.948006] (-) TimerEvent: {}
[134.049682] (-) TimerEvent: {}
[134.150857] (-) TimerEvent: {}
[134.251822] (-) TimerEvent: {}
[134.352974] (-) TimerEvent: {}
[134.454666] (-) TimerEvent: {}
[134.556701] (-) TimerEvent: {}
[134.572301] (sllidar_ros2) StderrLine: {'line': b'\x1b[01m\x1b[K/home/cricchetto/Robomaster_WS/src/sllidar_ros2/sdk/src/rplidar_driver.cpp:\x1b[m\x1b[K In member function \xe2\x80\x98\x1b[01m\x1b[Ku_result rp::standalone::rplidar::RPlidarDriver::connect(const char*, _u32, _u32)\x1b[m\x1b[K\xe2\x80\x99:\n'}
[134.573639] (sllidar_ros2) StderrLine: {'line': b'\x1b[01m\x1b[K/home/cricchetto/Robomaster_WS/src/sllidar_ros2/sdk/src/rplidar_driver.cpp:67:77:\x1b[m\x1b[K \x1b[01;35m\x1b[Kwarning: \x1b[m\x1b[Kunused parameter \xe2\x80\x98\x1b[01m\x1b[Kflag\x1b[m\x1b[K\xe2\x80\x99 [\x1b[01;35m\x1b[K\x1b]8;;https://gcc.gnu.org/onlinedocs/gcc/Warning-Options.html#index-Wunused-parameter\x07-Wunused-parameter\x1b]8;;\x07\x1b[m\x1b[K]\n'}
[134.574425] (sllidar_ros2) StderrLine: {'line': b'   67 |     u_result RPlidarDriver::connect(const char *path, _u32 portOrBaud, \x1b[01;35m\x1b[K_u32 flag\x1b[m\x1b[K)\n'}
[134.575788] (sllidar_ros2) StderrLine: {'line': b'      |                                                                        \x1b[01;35m\x1b[K~~~~~^~~~\x1b[m\x1b[K\n'}
[134.576560] (sllidar_ros2) StderrLine: {'line': b'\x1b[01m\x1b[K/home/cricchetto/Robomaster_WS/src/sllidar_ros2/sdk/src/rplidar_driver.cpp:\x1b[m\x1b[K In member function \xe2\x80\x98\x1b[01m\x1b[Ku_result rp::standalone::rplidar::RPlidarDriver::reset(_u32)\x1b[m\x1b[K\xe2\x80\x99:\n'}
[134.577280] (sllidar_ros2) StderrLine: {'line': b'\x1b[01m\x1b[K/home/cricchetto/Robomaster_WS/src/sllidar_ros2/sdk/src/rplidar_driver.cpp:101:40:\x1b[m\x1b[K \x1b[01;35m\x1b[Kwarning: \x1b[m\x1b[Kunused parameter \xe2\x80\x98\x1b[01m\x1b[Ktimeout\x1b[m\x1b[K\xe2\x80\x99 [\x1b[01;35m\x1b[K\x1b]8;;https://gcc.gnu.org/onlinedocs/gcc/Warning-Options.html#index-Wunused-parameter\x07-Wunused-parameter\x1b]8;;\x07\x1b[m\x1b[K]\n'}
[134.578065] (sllidar_ros2) StderrLine: {'line': b'  101 |     u_result RPlidarDriver::reset(\x1b[01;35m\x1b[K_u32 timeout\x1b[m\x1b[K)\n'}
[134.578741] (sllidar_ros2) StderrLine: {'line': b'      |                                   \x1b[01;35m\x1b[K~~~~~^~~~~~~\x1b[m\x1b[K\n'}
[134.582436] (sllidar_ros2) StderrLine: {'line': b'\x1b[01m\x1b[K/home/cricchetto/Robomaster_WS/src/sllidar_ros2/sdk/src/rplidar_driver.cpp:\x1b[m\x1b[K In member function \xe2\x80\x98\x1b[01m\x1b[Ku_result rp::standalone::rplidar::RPlidarDriver::getScanDataWithInterval(rplidar_response_measurement_node_t*, size_t&)\x1b[m\x1b[K\xe2\x80\x99:\n'}
[134.583969] (sllidar_ros2) StderrLine: {'line': b'\x1b[01m\x1b[K/home/cricchetto/Robomaster_WS/src/sllidar_ros2/sdk/src/rplidar_driver.cpp:180:91:\x1b[m\x1b[K \x1b[01;35m\x1b[Kwarning: \x1b[m\x1b[Kunused parameter \xe2\x80\x98\x1b[01m\x1b[Knodebuffer\x1b[m\x1b[K\xe2\x80\x99 [\x1b[01;35m\x1b[K\x1b]8;;https://gcc.gnu.org/onlinedocs/gcc/Warning-Options.html#index-Wunused-parameter\x07-Wunused-parameter\x1b]8;;\x07\x1b[m\x1b[K]\n'}
[134.585105] (sllidar_ros2) StderrLine: {'line': b'  180 |     u_result RPlidarDriver::getScanDataWithInterval(\x1b[01;35m\x1b[Krplidar_response_measurement_node_t * nodebuffer\x1b[m\x1b[K, size_t & count)\n'}
[134.586185] (sllidar_ros2) StderrLine: {'line': b'      |                                                     \x1b[01;35m\x1b[K~~~~~~~~~~~~~~~~~~~~~~~~~~~~~~~~~~~~~~^~~~~~~~~~\x1b[m\x1b[K\n'}
[134.599939] (sllidar_ros2) StderrLine: {'line': b'\x1b[01m\x1b[K/home/cricchetto/Robomaster_WS/src/sllidar_ros2/sdk/src/rplidar_driver.cpp:180:112:\x1b[m\x1b[K \x1b[01;35m\x1b[Kwarning: \x1b[m\x1b[Kunused parameter \xe2\x80\x98\x1b[01m\x1b[Kcount\x1b[m\x1b[K\xe2\x80\x99 [\x1b[01;35m\x1b[K\x1b]8;;https://gcc.gnu.org/onlinedocs/gcc/Warning-Options.html#index-Wunused-parameter\x07-Wunused-parameter\x1b]8;;\x07\x1b[m\x1b[K]\n'}
[134.601267] (sllidar_ros2) StderrLine: {'line': b'  180 |     u_result RPlidarDriver::getScanDataWithInterval(rplidar_response_measurement_node_t * nodebuffer, \x1b[01;35m\x1b[Ksize_t & count\x1b[m\x1b[K)\n'}
[134.602650] (sllidar_ros2) StderrLine: {'line': b'      |                                                                                                       \x1b[01;35m\x1b[K~~~~~~~~~^~~~~\x1b[m\x1b[K\n'}
[134.657046] (-) TimerEvent: {}
[134.759036] (-) TimerEvent: {}
[134.859973] (-) TimerEvent: {}
[134.961109] (-) TimerEvent: {}
[135.062850] (-) TimerEvent: {}
[135.164537] (-) TimerEvent: {}
[135.266317] (-) TimerEvent: {}
[135.317351] (sllidar_ros2) StdoutLine: {'line': b'[ 55%] \x1b[32mBuilding CXX object CMakeFiles/sllidar_node.dir/sdk/src/sl_async_transceiver.cpp.o\x1b[0m\n'}
[135.366628] (-) TimerEvent: {}
[135.468280] (-) TimerEvent: {}
[135.570208] (-) TimerEvent: {}
[135.671886] (-) TimerEvent: {}
[135.773590] (-) TimerEvent: {}
[135.875369] (-) TimerEvent: {}
[135.976440] (-) TimerEvent: {}
[136.077656] (-) TimerEvent: {}
[136.179118] (-) TimerEvent: {}
[136.280170] (-) TimerEvent: {}
[136.381268] (-) TimerEvent: {}
[136.482430] (-) TimerEvent: {}
[136.583536] (-) TimerEvent: {}
[136.684539] (-) TimerEvent: {}
[136.785453] (-) TimerEvent: {}
[136.886397] (-) TimerEvent: {}
[136.987412] (-) TimerEvent: {}
[137.088389] (-) TimerEvent: {}
[137.189379] (-) TimerEvent: {}
[137.290802] (-) TimerEvent: {}
[137.392482] (-) TimerEvent: {}
[137.493632] (-) TimerEvent: {}
[137.594719] (-) TimerEvent: {}
[137.695865] (-) TimerEvent: {}
[137.797007] (-) TimerEvent: {}
[137.898348] (-) TimerEvent: {}
[137.999871] (-) TimerEvent: {}
[138.101281] (-) TimerEvent: {}
[138.202464] (-) TimerEvent: {}
[138.223286] (sllidar_ros2) StderrLine: {'line': b'In file included from \x1b[01m\x1b[K/home/cricchetto/Robomaster_WS/src/sllidar_ros2/./sdk/include/rplidar_protocol.h:36\x1b[m\x1b[K,\n'}
[138.224865] (sllidar_ros2) StderrLine: {'line': b'                 from \x1b[01m\x1b[K/home/cricchetto/Robomaster_WS/src/sllidar_ros2/./sdk/include/rplidar.h:39\x1b[m\x1b[K,\n'}
[138.226331] (sllidar_ros2) StderrLine: {'line': b'                 from \x1b[01m\x1b[K/home/cricchetto/Robomaster_WS/src/sllidar_ros2/sdk/src/sdkcommon.h:49\x1b[m\x1b[K,\n'}
[138.227346] (sllidar_ros2) StderrLine: {'line': b'                 from \x1b[01m\x1b[K/home/cricchetto/Robomaster_WS/src/sllidar_ros2/sdk/src/sl_async_transceiver.cpp:35\x1b[m\x1b[K:\n'}
[138.228601] (sllidar_ros2) StderrLine: {'line': b'\x1b[01m\x1b[K/home/cricchetto/Robomaster_WS/src/sllidar_ros2/./sdk/include/sl_lidar_protocol.h:66:16:\x1b[m\x1b[K \x1b[01;35m\x1b[Kwarning: \x1b[m\x1b[KISO C++ forbids zero-size array \xe2\x80\x98\x1b[01m\x1b[Kdata\x1b[m\x1b[K\xe2\x80\x99 [\x1b[01;35m\x1b[K\x1b]8;;https://gcc.gnu.org/onlinedocs/gcc/Warning-Options.html#index-Wpedantic\x07-Wpedantic\x1b]8;;\x07\x1b[m\x1b[K]\n'}
[138.229950] (sllidar_ros2) StderrLine: {'line': b'   66 |     sl_u8 data[\x1b[01;35m\x1b[K0\x1b[m\x1b[K];\n'}
[138.231254] (sllidar_ros2) StderrLine: {'line': b'      |                \x1b[01;35m\x1b[K^\x1b[m\x1b[K\n'}
[138.235543] (sllidar_ros2) StderrLine: {'line': b'In file included from \x1b[01m\x1b[K/home/cricchetto/Robomaster_WS/src/sllidar_ros2/./sdk/include/rplidar_cmd.h:36\x1b[m\x1b[K,\n'}
[138.237054] (sllidar_ros2) StderrLine: {'line': b'                 from \x1b[01m\x1b[K/home/cricchetto/Robomaster_WS/src/sllidar_ros2/./sdk/include/rplidar.h:40\x1b[m\x1b[K,\n'}
[138.238368] (sllidar_ros2) StderrLine: {'line': b'                 from \x1b[01m\x1b[K/home/cricchetto/Robomaster_WS/src/sllidar_ros2/sdk/src/sdkcommon.h:49\x1b[m\x1b[K,\n'}
[138.239739] (sllidar_ros2) StderrLine: {'line': b'                 from \x1b[01m\x1b[K/home/cricchetto/Robomaster_WS/src/sllidar_ros2/sdk/src/sl_async_transceiver.cpp:35\x1b[m\x1b[K:\n'}
[138.241438] (sllidar_ros2) StderrLine: {'line': b'\x1b[01m\x1b[K/home/cricchetto/Robomaster_WS/src/sllidar_ros2/./sdk/include/sl_lidar_cmd.h:324:20:\x1b[m\x1b[K \x1b[01;35m\x1b[Kwarning: \x1b[m\x1b[KISO C++ forbids zero-size array \xe2\x80\x98\x1b[01m\x1b[Kpayload\x1b[m\x1b[K\xe2\x80\x99 [\x1b[01;35m\x1b[K\x1b]8;;https://gcc.gnu.org/onlinedocs/gcc/Warning-Options.html#index-Wpedantic\x07-Wpedantic\x1b]8;;\x07\x1b[m\x1b[K]\n'}
[138.243206] (sllidar_ros2) StderrLine: {'line': b'  324 |     sl_u8  payload[\x1b[01;35m\x1b[K0\x1b[m\x1b[K];\n'}
[138.252596] (sllidar_ros2) StderrLine: {'line': b'      |                    \x1b[01;35m\x1b[K^\x1b[m\x1b[K\n'}
[138.302725] (-) TimerEvent: {}
[138.403925] (-) TimerEvent: {}
[138.505050] (-) TimerEvent: {}
[138.606190] (-) TimerEvent: {}
[138.707273] (-) TimerEvent: {}
[138.808918] (-) TimerEvent: {}
[138.909919] (-) TimerEvent: {}
[138.951601] (sllidar_ros2) StderrLine: {'line': b'In file included from \x1b[01m\x1b[K/home/cricchetto/Robomaster_WS/src/sllidar_ros2/sdk/src/sl_async_transceiver.cpp:44\x1b[m\x1b[K:\n'}
[138.952847] (sllidar_ros2) StderrLine: {'line': b'\x1b[01m\x1b[K/home/cricchetto/Robomaster_WS/src/sllidar_ros2/sdk/src/sl_async_transceiver.h:\x1b[m\x1b[K In member function \xe2\x80\x98\x1b[01m\x1b[Kvirtual void sl::internal::IAsyncProtocolCodec::onChannelError(u_result)\x1b[m\x1b[K\xe2\x80\x99:\n'}
[138.953994] (sllidar_ros2) StderrLine: {'line': b'\x1b[01m\x1b[K/home/cricchetto/Robomaster_WS/src/sllidar_ros2/sdk/src/sl_async_transceiver.h:90:48:\x1b[m\x1b[K \x1b[01;35m\x1b[Kwarning: \x1b[m\x1b[Kunused parameter \xe2\x80\x98\x1b[01m\x1b[KerrCode\x1b[m\x1b[K\xe2\x80\x99 [\x1b[01;35m\x1b[K\x1b]8;;https://gcc.gnu.org/onlinedocs/gcc/Warning-Options.html#index-Wunused-parameter\x07-Wunused-parameter\x1b]8;;\x07\x1b[m\x1b[K]\n'}
[138.955101] (sllidar_ros2) StderrLine: {'line': b'   90 |         virtual void   onChannelError(\x1b[01;35m\x1b[Ku_result errCode\x1b[m\x1b[K) {}\n'}
[138.956275] (sllidar_ros2) StderrLine: {'line': b'      |                                       \x1b[01;35m\x1b[K~~~~~~~~~^~~~~~~\x1b[m\x1b[K\n'}
[139.010225] (-) TimerEvent: {}
[139.111339] (-) TimerEvent: {}
[139.212524] (-) TimerEvent: {}
[139.313778] (-) TimerEvent: {}
[139.414957] (-) TimerEvent: {}
[139.515977] (-) TimerEvent: {}
[139.617110] (-) TimerEvent: {}
[139.718209] (-) TimerEvent: {}
[139.819274] (-) TimerEvent: {}
[139.834971] (sllidar_ros2) StdoutLine: {'line': b'[ 60%] \x1b[32mBuilding CXX object CMakeFiles/sllidar_node.dir/sdk/src/sl_crc.cpp.o\x1b[0m\n'}
[139.919539] (-) TimerEvent: {}
[139.969332] (sllidar_ros2) StderrLine: {'line': b'In file included from \x1b[01m\x1b[K/home/cricchetto/Robomaster_WS/src/sllidar_ros2/./sdk/include/sl_lidar_cmd.h:41\x1b[m\x1b[K,\n'}
[139.970149] (sllidar_ros2) StderrLine: {'line': b'                 from \x1b[01m\x1b[K/home/cricchetto/Robomaster_WS/src/sllidar_ros2/./sdk/include/sl_crc.h:36\x1b[m\x1b[K,\n'}
[139.970855] (sllidar_ros2) StderrLine: {'line': b'                 from \x1b[01m\x1b[K/home/cricchetto/Robomaster_WS/src/sllidar_ros2/sdk/src/sl_crc.cpp:33\x1b[m\x1b[K:\n'}
[139.971549] (sllidar_ros2) StderrLine: {'line': b'\x1b[01m\x1b[K/home/cricchetto/Robomaster_WS/src/sllidar_ros2/./sdk/include/sl_lidar_protocol.h:66:16:\x1b[m\x1b[K \x1b[01;35m\x1b[Kwarning: \x1b[m\x1b[KISO C++ forbids zero-size array \xe2\x80\x98\x1b[01m\x1b[Kdata\x1b[m\x1b[K\xe2\x80\x99 [\x1b[01;35m\x1b[K\x1b]8;;https://gcc.gnu.org/onlinedocs/gcc/Warning-Options.html#index-Wpedantic\x07-Wpedantic\x1b]8;;\x07\x1b[m\x1b[K]\n'}
[139.972412] (sllidar_ros2) StderrLine: {'line': b'   66 |     sl_u8 data[\x1b[01;35m\x1b[K0\x1b[m\x1b[K];\n'}
[139.972957] (sllidar_ros2) StderrLine: {'line': b'      |                \x1b[01;35m\x1b[K^\x1b[m\x1b[K\n'}
[139.976300] (sllidar_ros2) StderrLine: {'line': b'In file included from \x1b[01m\x1b[K/home/cricchetto/Robomaster_WS/src/sllidar_ros2/./sdk/include/sl_crc.h:36\x1b[m\x1b[K,\n'}
[139.976960] (sllidar_ros2) StderrLine: {'line': b'                 from \x1b[01m\x1b[K/home/cricchetto/Robomaster_WS/src/sllidar_ros2/sdk/src/sl_crc.cpp:33\x1b[m\x1b[K:\n'}
[139.977651] (sllidar_ros2) StderrLine: {'line': b'\x1b[01m\x1b[K/home/cricchetto/Robomaster_WS/src/sllidar_ros2/./sdk/include/sl_lidar_cmd.h:324:20:\x1b[m\x1b[K \x1b[01;35m\x1b[Kwarning: \x1b[m\x1b[KISO C++ forbids zero-size array \xe2\x80\x98\x1b[01m\x1b[Kpayload\x1b[m\x1b[K\xe2\x80\x99 [\x1b[01;35m\x1b[K\x1b]8;;https://gcc.gnu.org/onlinedocs/gcc/Warning-Options.html#index-Wpedantic\x07-Wpedantic\x1b]8;;\x07\x1b[m\x1b[K]\n'}
[139.978370] (sllidar_ros2) StderrLine: {'line': b'  324 |     sl_u8  payload[\x1b[01;35m\x1b[K0\x1b[m\x1b[K];\n'}
[139.979016] (sllidar_ros2) StderrLine: {'line': b'      |                    \x1b[01;35m\x1b[K^\x1b[m\x1b[K\n'}
[140.019842] (-) TimerEvent: {}
[140.084298] (sllidar_ros2) StdoutLine: {'line': b'[ 65%] \x1b[32mBuilding CXX object CMakeFiles/sllidar_node.dir/sdk/src/sl_lidar_driver.cpp.o\x1b[0m\n'}
[140.120064] (-) TimerEvent: {}
[140.221116] (-) TimerEvent: {}
[140.322245] (-) TimerEvent: {}
[140.423217] (-) TimerEvent: {}
[140.524292] (-) TimerEvent: {}
[140.625349] (-) TimerEvent: {}
[140.726353] (-) TimerEvent: {}
[140.827391] (-) TimerEvent: {}
[140.928397] (-) TimerEvent: {}
[141.029383] (-) TimerEvent: {}
[141.130470] (-) TimerEvent: {}
[141.231604] (-) TimerEvent: {}
[141.333304] (-) TimerEvent: {}
[141.434448] (-) TimerEvent: {}
[141.535608] (-) TimerEvent: {}
[141.636800] (-) TimerEvent: {}
[141.738645] (-) TimerEvent: {}
[141.840458] (-) TimerEvent: {}
[141.942296] (-) TimerEvent: {}
[142.043264] (-) TimerEvent: {}
[142.144220] (-) TimerEvent: {}
[142.245078] (-) TimerEvent: {}
[142.345955] (-) TimerEvent: {}
[142.446888] (-) TimerEvent: {}
[142.547960] (-) TimerEvent: {}
[142.649050] (-) TimerEvent: {}
[142.750073] (-) TimerEvent: {}
[142.851261] (-) TimerEvent: {}
[142.916269] (sllidar_ros2) StderrLine: {'line': b'In file included from \x1b[01m\x1b[K/home/cricchetto/Robomaster_WS/src/sllidar_ros2/./sdk/include/rplidar_protocol.h:36\x1b[m\x1b[K,\n'}
[142.917049] (sllidar_ros2) StderrLine: {'line': b'                 from \x1b[01m\x1b[K/home/cricchetto/Robomaster_WS/src/sllidar_ros2/./sdk/include/rplidar.h:39\x1b[m\x1b[K,\n'}
[142.917644] (sllidar_ros2) StderrLine: {'line': b'                 from \x1b[01m\x1b[K/home/cricchetto/Robomaster_WS/src/sllidar_ros2/sdk/src/sdkcommon.h:49\x1b[m\x1b[K,\n'}
[142.918302] (sllidar_ros2) StderrLine: {'line': b'                 from \x1b[01m\x1b[K/home/cricchetto/Robomaster_WS/src/sllidar_ros2/sdk/src/sl_lidar_driver.cpp:33\x1b[m\x1b[K:\n'}
[142.919255] (sllidar_ros2) StderrLine: {'line': b'\x1b[01m\x1b[K/home/cricchetto/Robomaster_WS/src/sllidar_ros2/./sdk/include/sl_lidar_protocol.h:66:16:\x1b[m\x1b[K \x1b[01;35m\x1b[Kwarning: \x1b[m\x1b[KISO C++ forbids zero-size array \xe2\x80\x98\x1b[01m\x1b[Kdata\x1b[m\x1b[K\xe2\x80\x99 [\x1b[01;35m\x1b[K\x1b]8;;https://gcc.gnu.org/onlinedocs/gcc/Warning-Options.html#index-Wpedantic\x07-Wpedantic\x1b]8;;\x07\x1b[m\x1b[K]\n'}
[142.920151] (sllidar_ros2) StderrLine: {'line': b'   66 |     sl_u8 data[\x1b[01;35m\x1b[K0\x1b[m\x1b[K];\n'}
[142.920838] (sllidar_ros2) StderrLine: {'line': b'      |                \x1b[01;35m\x1b[K^\x1b[m\x1b[K\n'}
[142.921575] (sllidar_ros2) StderrLine: {'line': b'In file included from \x1b[01m\x1b[K/home/cricchetto/Robomaster_WS/src/sllidar_ros2/./sdk/include/rplidar_cmd.h:36\x1b[m\x1b[K,\n'}
[142.922490] (sllidar_ros2) StderrLine: {'line': b'                 from \x1b[01m\x1b[K/home/cricchetto/Robomaster_WS/src/sllidar_ros2/./sdk/include/rplidar.h:40\x1b[m\x1b[K,\n'}
[142.923107] (sllidar_ros2) StderrLine: {'line': b'                 from \x1b[01m\x1b[K/home/cricchetto/Robomaster_WS/src/sllidar_ros2/sdk/src/sdkcommon.h:49\x1b[m\x1b[K,\n'}
[142.923820] (sllidar_ros2) StderrLine: {'line': b'                 from \x1b[01m\x1b[K/home/cricchetto/Robomaster_WS/src/sllidar_ros2/sdk/src/sl_lidar_driver.cpp:33\x1b[m\x1b[K:\n'}
[142.924445] (sllidar_ros2) StderrLine: {'line': b'\x1b[01m\x1b[K/home/cricchetto/Robomaster_WS/src/sllidar_ros2/./sdk/include/sl_lidar_cmd.h:324:20:\x1b[m\x1b[K \x1b[01;35m\x1b[Kwarning: \x1b[m\x1b[KISO C++ forbids zero-size array \xe2\x80\x98\x1b[01m\x1b[Kpayload\x1b[m\x1b[K\xe2\x80\x99 [\x1b[01;35m\x1b[K\x1b]8;;https://gcc.gnu.org/onlinedocs/gcc/Warning-Options.html#index-Wpedantic\x07-Wpedantic\x1b]8;;\x07\x1b[m\x1b[K]\n'}
[142.925047] (sllidar_ros2) StderrLine: {'line': b'  324 |     sl_u8  payload[\x1b[01;35m\x1b[K0\x1b[m\x1b[K];\n'}
[142.925603] (sllidar_ros2) StderrLine: {'line': b'      |                    \x1b[01;35m\x1b[K^\x1b[m\x1b[K\n'}
[142.951785] (-) TimerEvent: {}
[143.052979] (-) TimerEvent: {}
[143.153973] (-) TimerEvent: {}
[143.255094] (-) TimerEvent: {}
[143.356233] (-) TimerEvent: {}
[143.457436] (-) TimerEvent: {}
[143.558573] (-) TimerEvent: {}
[143.659676] (-) TimerEvent: {}
[143.760684] (-) TimerEvent: {}
[143.861715] (-) TimerEvent: {}
[143.963022] (-) TimerEvent: {}
[144.064140] (-) TimerEvent: {}
[144.165204] (-) TimerEvent: {}
[144.237827] (sllidar_ros2) StderrLine: {'line': b'In file included from \x1b[01m\x1b[K/home/cricchetto/Robomaster_WS/src/sllidar_ros2/sdk/src/sl_lidar_driver.cpp:50\x1b[m\x1b[K:\n'}
[144.239139] (sllidar_ros2) StderrLine: {'line': b'\x1b[01m\x1b[K/home/cricchetto/Robomaster_WS/src/sllidar_ros2/sdk/src/dataunpacker/dataunpacker.h:\x1b[m\x1b[K In member function \xe2\x80\x98\x1b[01m\x1b[Kvirtual void sl::internal::LIDARSampleDataListener::onCustomSampleDataDecoded(_u8, _u32, const void*, size_t)\x1b[m\x1b[K\xe2\x80\x99:\n'}
[144.239940] (sllidar_ros2) StderrLine: {'line': b'\x1b[01m\x1b[K/home/cricchetto/Robomaster_WS/src/sllidar_ros2/sdk/src/dataunpacker/dataunpacker.h:54:52:\x1b[m\x1b[K \x1b[01;35m\x1b[Kwarning: \x1b[m\x1b[Kunused parameter \xe2\x80\x98\x1b[01m\x1b[KansType\x1b[m\x1b[K\xe2\x80\x99 [\x1b[01;35m\x1b[K\x1b]8;;https://gcc.gnu.org/onlinedocs/gcc/Warning-Options.html#index-Wunused-parameter\x07-Wunused-parameter\x1b]8;;\x07\x1b[m\x1b[K]\n'}
[144.240838] (sllidar_ros2) StderrLine: {'line': b'   54 |         virtual void onCustomSampleDataDecoded(\x1b[01;35m\x1b[K_u8 ansType\x1b[m\x1b[K, _u32 customCode, const void* data, size_t size) {}\n'}
[144.241494] (sllidar_ros2) StderrLine: {'line': b'      |                                                \x1b[01;35m\x1b[K~~~~^~~~~~~\x1b[m\x1b[K\n'}
[144.242358] (sllidar_ros2) StderrLine: {'line': b'\x1b[01m\x1b[K/home/cricchetto/Robomaster_WS/src/sllidar_ros2/sdk/src/dataunpacker/dataunpacker.h:54:66:\x1b[m\x1b[K \x1b[01;35m\x1b[Kwarning: \x1b[m\x1b[Kunused parameter \xe2\x80\x98\x1b[01m\x1b[KcustomCode\x1b[m\x1b[K\xe2\x80\x99 [\x1b[01;35m\x1b[K\x1b]8;;https://gcc.gnu.org/onlinedocs/gcc/Warning-Options.html#index-Wunused-parameter\x07-Wunused-parameter\x1b]8;;\x07\x1b[m\x1b[K]\n'}
[144.243048] (sllidar_ros2) StderrLine: {'line': b'   54 |         virtual void onCustomSampleDataDecoded(_u8 ansType, \x1b[01;35m\x1b[K_u32 customCode\x1b[m\x1b[K, const void* data, size_t size) {}\n'}
[144.243743] (sllidar_ros2) StderrLine: {'line': b'      |                                                             \x1b[01;35m\x1b[K~~~~~^~~~~~~~~~\x1b[m\x1b[K\n'}
[144.244490] (sllidar_ros2) StderrLine: {'line': b'\x1b[01m\x1b[K/home/cricchetto/Robomaster_WS/src/sllidar_ros2/sdk/src/dataunpacker/dataunpacker.h:54:90:\x1b[m\x1b[K \x1b[01;35m\x1b[Kwarning: \x1b[m\x1b[Kunused parameter \xe2\x80\x98\x1b[01m\x1b[Kdata\x1b[m\x1b[K\xe2\x80\x99 [\x1b[01;35m\x1b[K\x1b]8;;https://gcc.gnu.org/onlinedocs/gcc/Warning-Options.html#index-Wunused-parameter\x07-Wunused-parameter\x1b]8;;\x07\x1b[m\x1b[K]\n'}
[144.245109] (sllidar_ros2) StderrLine: {'line': b'   54 |         virtual void onCustomSampleDataDecoded(_u8 ansType, _u32 customCode, \x1b[01;35m\x1b[Kconst void* data\x1b[m\x1b[K, size_t size) {}\n'}
[144.245775] (sllidar_ros2) StderrLine: {'line': b'      |                                                                              \x1b[01;35m\x1b[K~~~~~~~~~~~~^~~~\x1b[m\x1b[K\n'}
[144.246402] (sllidar_ros2) StderrLine: {'line': b'\x1b[01m\x1b[K/home/cricchetto/Robomaster_WS/src/sllidar_ros2/sdk/src/dataunpacker/dataunpacker.h:54:103:\x1b[m\x1b[K \x1b[01;35m\x1b[Kwarning: \x1b[m\x1b[Kunused parameter \xe2\x80\x98\x1b[01m\x1b[Ksize\x1b[m\x1b[K\xe2\x80\x99 [\x1b[01;35m\x1b[K\x1b]8;;https://gcc.gnu.org/onlinedocs/gcc/Warning-Options.html#index-Wunused-parameter\x07-Wunused-parameter\x1b]8;;\x07\x1b[m\x1b[K]\n'}
[144.246993] (sllidar_ros2) StderrLine: {'line': b'   54 |         virtual void onCustomSampleDataDecoded(_u8 ansType, _u32 customCode, const void* data, \x1b[01;35m\x1b[Ksize_t size\x1b[m\x1b[K) {}\n'}
[144.247611] (sllidar_ros2) StderrLine: {'line': b'      |                                                                                                \x1b[01;35m\x1b[K~~~~~~~^~~~\x1b[m\x1b[K\n'}
[144.252413] (sllidar_ros2) StderrLine: {'line': b'\x1b[01m\x1b[K/home/cricchetto/Robomaster_WS/src/sllidar_ros2/sdk/src/dataunpacker/dataunpacker.h:\x1b[m\x1b[K In member function \xe2\x80\x98\x1b[01m\x1b[Kvirtual void sl::internal::LIDARSampleDataListener::onDecodingError(int, _u8, const void*, size_t)\x1b[m\x1b[K\xe2\x80\x99:\n'}
[144.252945] (sllidar_ros2) StderrLine: {'line': b'\x1b[01m\x1b[K/home/cricchetto/Robomaster_WS/src/sllidar_ros2/sdk/src/dataunpacker/dataunpacker.h:56:42:\x1b[m\x1b[K \x1b[01;35m\x1b[Kwarning: \x1b[m\x1b[Kunused parameter \xe2\x80\x98\x1b[01m\x1b[KerrMsg\x1b[m\x1b[K\xe2\x80\x99 [\x1b[01;35m\x1b[K\x1b]8;;https://gcc.gnu.org/onlinedocs/gcc/Warning-Options.html#index-Wunused-parameter\x07-Wunused-parameter\x1b]8;;\x07\x1b[m\x1b[K]\n'}
[144.253433] (sllidar_ros2) StderrLine: {'line': b'   56 |         virtual void onDecodingError(\x1b[01;35m\x1b[Kint errMsg\x1b[m\x1b[K, _u8 ansType, const void* payload, size_t size) {}\n'}
[144.253853] (sllidar_ros2) StderrLine: {'line': b'      |                                      \x1b[01;35m\x1b[K~~~~^~~~~~\x1b[m\x1b[K\n'}
[144.254253] (sllidar_ros2) StderrLine: {'line': b'\x1b[01m\x1b[K/home/cricchetto/Robomaster_WS/src/sllidar_ros2/sdk/src/dataunpacker/dataunpacker.h:56:54:\x1b[m\x1b[K \x1b[01;35m\x1b[Kwarning: \x1b[m\x1b[Kunused parameter \xe2\x80\x98\x1b[01m\x1b[KansType\x1b[m\x1b[K\xe2\x80\x99 [\x1b[01;35m\x1b[K\x1b]8;;https://gcc.gnu.org/onlinedocs/gcc/Warning-Options.html#index-Wunused-parameter\x07-Wunused-parameter\x1b]8;;\x07\x1b[m\x1b[K]\n'}
[144.254745] (sllidar_ros2) StderrLine: {'line': b'   56 |         virtual void onDecodingError(int errMsg, \x1b[01;35m\x1b[K_u8 ansType\x1b[m\x1b[K, const void* payload, size_t size) {}\n'}
[144.255102] (sllidar_ros2) StderrLine: {'line': b'      |                                                  \x1b[01;35m\x1b[K~~~~^~~~~~~\x1b[m\x1b[K\n'}
[144.255487] (sllidar_ros2) StderrLine: {'line': b'\x1b[01m\x1b[K/home/cricchetto/Robomaster_WS/src/sllidar_ros2/sdk/src/dataunpacker/dataunpacker.h:56:75:\x1b[m\x1b[K \x1b[01;35m\x1b[Kwarning: \x1b[m\x1b[Kunused parameter \xe2\x80\x98\x1b[01m\x1b[Kpayload\x1b[m\x1b[K\xe2\x80\x99 [\x1b[01;35m\x1b[K\x1b]8;;https://gcc.gnu.org/onlinedocs/gcc/Warning-Options.html#index-Wunused-parameter\x07-Wunused-parameter\x1b]8;;\x07\x1b[m\x1b[K]\n'}
[144.256001] (sllidar_ros2) StderrLine: {'line': b'   56 |         virtual void onDecodingError(int errMsg, _u8 ansType, \x1b[01;35m\x1b[Kconst void* payload\x1b[m\x1b[K, size_t size) {}\n'}
[144.256497] (sllidar_ros2) StderrLine: {'line': b'      |                                                               \x1b[01;35m\x1b[K~~~~~~~~~~~~^~~~~~~\x1b[m\x1b[K\n'}
[144.256892] (sllidar_ros2) StderrLine: {'line': b'\x1b[01m\x1b[K/home/cricchetto/Robomaster_WS/src/sllidar_ros2/sdk/src/dataunpacker/dataunpacker.h:56:91:\x1b[m\x1b[K \x1b[01;35m\x1b[Kwarning: \x1b[m\x1b[Kunused parameter \xe2\x80\x98\x1b[01m\x1b[Ksize\x1b[m\x1b[K\xe2\x80\x99 [\x1b[01;35m\x1b[K\x1b]8;;https://gcc.gnu.org/onlinedocs/gcc/Warning-Options.html#index-Wunused-parameter\x07-Wunused-parameter\x1b]8;;\x07\x1b[m\x1b[K]\n'}
[144.257307] (sllidar_ros2) StderrLine: {'line': b'   56 |         virtual void onDecodingError(int errMsg, _u8 ansType, const void* payload, \x1b[01;35m\x1b[Ksize_t size\x1b[m\x1b[K) {}\n'}
[144.257697] (sllidar_ros2) StderrLine: {'line': b'      |                                                                                    \x1b[01;35m\x1b[K~~~~~~~^~~~\x1b[m\x1b[K\n'}
[144.265423] (-) TimerEvent: {}
[144.287619] (sllidar_ros2) StderrLine: {'line': b'In file included from \x1b[01m\x1b[K/home/cricchetto/Robomaster_WS/src/sllidar_ros2/sdk/src/sl_lidar_driver.cpp:51\x1b[m\x1b[K:\n'}
[144.288349] (sllidar_ros2) StderrLine: {'line': b'\x1b[01m\x1b[K/home/cricchetto/Robomaster_WS/src/sllidar_ros2/sdk/src/sl_async_transceiver.h:\x1b[m\x1b[K In member function \xe2\x80\x98\x1b[01m\x1b[Kvirtual void sl::internal::IAsyncProtocolCodec::onChannelError(u_result)\x1b[m\x1b[K\xe2\x80\x99:\n'}
[144.288982] (sllidar_ros2) StderrLine: {'line': b'\x1b[01m\x1b[K/home/cricchetto/Robomaster_WS/src/sllidar_ros2/sdk/src/sl_async_transceiver.h:90:48:\x1b[m\x1b[K \x1b[01;35m\x1b[Kwarning: \x1b[m\x1b[Kunused parameter \xe2\x80\x98\x1b[01m\x1b[KerrCode\x1b[m\x1b[K\xe2\x80\x99 [\x1b[01;35m\x1b[K\x1b]8;;https://gcc.gnu.org/onlinedocs/gcc/Warning-Options.html#index-Wunused-parameter\x07-Wunused-parameter\x1b]8;;\x07\x1b[m\x1b[K]\n'}
[144.289550] (sllidar_ros2) StderrLine: {'line': b'   90 |         virtual void   onChannelError(\x1b[01;35m\x1b[Ku_result errCode\x1b[m\x1b[K) {}\n'}
[144.290054] (sllidar_ros2) StderrLine: {'line': b'      |                                       \x1b[01;35m\x1b[K~~~~~~~~~^~~~~~~\x1b[m\x1b[K\n'}
[144.365652] (-) TimerEvent: {}
[144.410389] (sllidar_ros2) StderrLine: {'line': b'\x1b[01m\x1b[K/home/cricchetto/Robomaster_WS/src/sllidar_ros2/sdk/src/sl_lidar_driver.cpp:\x1b[m\x1b[K In member function \xe2\x80\x98\x1b[01m\x1b[Kvirtual sl_result sl::SlamtecLidarDriver::reset(sl_u32)\x1b[m\x1b[K\xe2\x80\x99:\n'}
[144.411077] (sllidar_ros2) StderrLine: {'line': b'\x1b[01m\x1b[K/home/cricchetto/Robomaster_WS/src/sllidar_ros2/sdk/src/sl_lidar_driver.cpp:511:32:\x1b[m\x1b[K \x1b[01;35m\x1b[Kwarning: \x1b[m\x1b[Kunused parameter \xe2\x80\x98\x1b[01m\x1b[KtimeoutInMs\x1b[m\x1b[K\xe2\x80\x99 [\x1b[01;35m\x1b[K\x1b]8;;https://gcc.gnu.org/onlinedocs/gcc/Warning-Options.html#index-Wunused-parameter\x07-Wunused-parameter\x1b]8;;\x07\x1b[m\x1b[K]\n'}
[144.411710] (sllidar_ros2) StderrLine: {'line': b'  511 |         sl_result reset(\x1b[01;35m\x1b[Ksl_u32 timeoutInMs = DEFAULT_TIMEOUT\x1b[m\x1b[K)\n'}
[144.412278] (sllidar_ros2) StderrLine: {'line': b'      |                         \x1b[01;35m\x1b[K~~~~~~~^~~~~~~~~~~~~~~~~~~~~~~~~~~~~\x1b[m\x1b[K\n'}
[144.433058] (sllidar_ros2) StderrLine: {'line': b'\x1b[01m\x1b[K/home/cricchetto/Robomaster_WS/src/sllidar_ros2/sdk/src/sl_lidar_driver.cpp:\x1b[m\x1b[K In member function \xe2\x80\x98\x1b[01m\x1b[Kvirtual sl_result sl::SlamtecLidarDriver::startScan(bool, bool, sl_u32, sl::LidarScanMode*)\x1b[m\x1b[K\xe2\x80\x99:\n'}
[144.434258] (sllidar_ros2) StderrLine: {'line': b'\x1b[01m\x1b[K/home/cricchetto/Robomaster_WS/src/sllidar_ros2/sdk/src/sl_lidar_driver.cpp:586:69:\x1b[m\x1b[K \x1b[01;35m\x1b[Kwarning: \x1b[m\x1b[Kunused parameter \xe2\x80\x98\x1b[01m\x1b[Koptions\x1b[m\x1b[K\xe2\x80\x99 [\x1b[01;35m\x1b[K\x1b]8;;https://gcc.gnu.org/onlinedocs/gcc/Warning-Options.html#index-Wunused-parameter\x07-Wunused-parameter\x1b]8;;\x07\x1b[m\x1b[K]\n'}
[144.435793] (sllidar_ros2) StderrLine: {'line': b'  586 |         sl_result startScan(bool force, bool useTypicalScan, \x1b[01;35m\x1b[Ksl_u32 options = 0\x1b[m\x1b[K, LidarScanMode* outUsedScanMode = nullptr)\n'}
[144.437257] (sllidar_ros2) StderrLine: {'line': b'      |                                                              \x1b[01;35m\x1b[K~~~~~~~^~~~~~~~~~~\x1b[m\x1b[K\n'}
[144.452953] (sllidar_ros2) StderrLine: {'line': b'\x1b[01m\x1b[K/home/cricchetto/Robomaster_WS/src/sllidar_ros2/sdk/src/sl_lidar_driver.cpp:\x1b[m\x1b[K In member function \xe2\x80\x98\x1b[01m\x1b[Kvirtual sl_result sl::SlamtecLidarDriver::stop(sl_u32)\x1b[m\x1b[K\xe2\x80\x99:\n'}
[144.454415] (sllidar_ros2) StderrLine: {'line': b'\x1b[01m\x1b[K/home/cricchetto/Robomaster_WS/src/sllidar_ros2/sdk/src/sl_lidar_driver.cpp:763:31:\x1b[m\x1b[K \x1b[01;35m\x1b[Kwarning: \x1b[m\x1b[Kunused parameter \xe2\x80\x98\x1b[01m\x1b[Ktimeout\x1b[m\x1b[K\xe2\x80\x99 [\x1b[01;35m\x1b[K\x1b]8;;https://gcc.gnu.org/onlinedocs/gcc/Warning-Options.html#index-Wunused-parameter\x07-Wunused-parameter\x1b]8;;\x07\x1b[m\x1b[K]\n'}
[144.455591] (sllidar_ros2) StderrLine: {'line': b'  763 |         sl_result stop(\x1b[01;35m\x1b[Ksl_u32 timeout = DEFAULT_TIMEOUT\x1b[m\x1b[K)\n'}
[144.456768] (sllidar_ros2) StderrLine: {'line': b'      |                        \x1b[01;35m\x1b[K~~~~~~~^~~~~~~~~~~~~~~~~~~~~~~~~\x1b[m\x1b[K\n'}
[144.465841] (sllidar_ros2) StderrLine: {'line': b'\x1b[01m\x1b[K/home/cricchetto/Robomaster_WS/src/sllidar_ros2/sdk/src/sl_lidar_driver.cpp:\x1b[m\x1b[K In member function \xe2\x80\x98\x1b[01m\x1b[Kvirtual sl_result sl::SlamtecLidarDriver::getFrequency(const sl::LidarScanMode&, const sl_lidar_response_measurement_node_hq_t*, size_t, float&)\x1b[m\x1b[K\xe2\x80\x99:\n'}
[144.466503] (-) TimerEvent: {}
[144.468726] (sllidar_ros2) StderrLine: {'line': b'\x1b[01m\x1b[K/home/cricchetto/Robomaster_WS/src/sllidar_ros2/sdk/src/sl_lidar_driver.cpp:880:110:\x1b[m\x1b[K \x1b[01;35m\x1b[Kwarning: \x1b[m\x1b[Kunused parameter \xe2\x80\x98\x1b[01m\x1b[Knodes\x1b[m\x1b[K\xe2\x80\x99 [\x1b[01;35m\x1b[K\x1b]8;;https://gcc.gnu.org/onlinedocs/gcc/Warning-Options.html#index-Wunused-parameter\x07-Wunused-parameter\x1b]8;;\x07\x1b[m\x1b[K]\n'}
[144.470383] (sllidar_ros2) StderrLine: {'line': b'  880 |         sl_result getFrequency(const LidarScanMode& scanMode, \x1b[01;35m\x1b[Kconst sl_lidar_response_measurement_node_hq_t* nodes\x1b[m\x1b[K, size_t count, float& frequency)\n'}
[144.472390] (sllidar_ros2) StderrLine: {'line': b'      |                                                               \x1b[01;35m\x1b[K~~~~~~~~~~~~~~~~~~~~~~~~~~~~~~~~~~~~~~~~~~~~~~~^~~~~\x1b[m\x1b[K\n'}
[144.485947] (sllidar_ros2) StderrLine: {'line': b'\x1b[01m\x1b[K/home/cricchetto/Robomaster_WS/src/sllidar_ros2/sdk/src/sl_lidar_driver.cpp:\x1b[m\x1b[K In member function \xe2\x80\x98\x1b[01m\x1b[Kvirtual sl_result sl::SlamtecLidarDriver::getMotorInfo(sl::LidarMotorInfo&, sl_u32)\x1b[m\x1b[K\xe2\x80\x99:\n'}
[144.486997] (sllidar_ros2) StderrLine: {'line': b'\x1b[01m\x1b[K/home/cricchetto/Robomaster_WS/src/sllidar_ros2/sdk/src/sl_lidar_driver.cpp:1023:66:\x1b[m\x1b[K \x1b[01;35m\x1b[Kwarning: \x1b[m\x1b[Kunused parameter \xe2\x80\x98\x1b[01m\x1b[KtimeoutInMs\x1b[m\x1b[K\xe2\x80\x99 [\x1b[01;35m\x1b[K\x1b]8;;https://gcc.gnu.org/onlinedocs/gcc/Warning-Options.html#index-Wunused-parameter\x07-Wunused-parameter\x1b]8;;\x07\x1b[m\x1b[K]\n'}
[144.487931] (sllidar_ros2) StderrLine: {'line': b' 1023 |         sl_result getMotorInfo(LidarMotorInfo &motorInfo, \x1b[01;35m\x1b[Ksl_u32 timeoutInMs\x1b[m\x1b[K)\n'}
[144.488890] (sllidar_ros2) StderrLine: {'line': b'      |                                                           \x1b[01;35m\x1b[K~~~~~~~^~~~~~~~~~~\x1b[m\x1b[K\n'}
[144.500105] (sllidar_ros2) StderrLine: {'line': b'\x1b[01m\x1b[K/home/cricchetto/Robomaster_WS/src/sllidar_ros2/sdk/src/sl_lidar_driver.cpp:\x1b[m\x1b[K In member function \xe2\x80\x98\x1b[01m\x1b[Ku_result sl::SlamtecLidarDriver::getScanModeCount(sl_u16&, sl_u32)\x1b[m\x1b[K\xe2\x80\x99:\n'}
[144.501136] (sllidar_ros2) StderrLine: {'line': b'\x1b[01m\x1b[K/home/cricchetto/Robomaster_WS/src/sllidar_ros2/sdk/src/sl_lidar_driver.cpp:1199:61:\x1b[m\x1b[K \x1b[01;35m\x1b[Kwarning: \x1b[m\x1b[Kunused parameter \xe2\x80\x98\x1b[01m\x1b[KtimeoutInMs\x1b[m\x1b[K\xe2\x80\x99 [\x1b[01;35m\x1b[K\x1b]8;;https://gcc.gnu.org/onlinedocs/gcc/Warning-Options.html#index-Wunused-parameter\x07-Wunused-parameter\x1b]8;;\x07\x1b[m\x1b[K]\n'}
[144.501940] (sllidar_ros2) StderrLine: {'line': b' 1199 |         u_result getScanModeCount(sl_u16& modeCount, \x1b[01;35m\x1b[Ksl_u32 timeoutInMs = DEFAULT_TIMEOUT\x1b[m\x1b[K)\n'}
[144.502747] (sllidar_ros2) StderrLine: {'line': b'      |                                                      \x1b[01;35m\x1b[K~~~~~~~^~~~~~~~~~~~~~~~~~~~~~~~~~~~~\x1b[m\x1b[K\n'}
[144.566735] (-) TimerEvent: {}
[144.668500] (-) TimerEvent: {}
[144.708887] (sllidar_ros2) StderrLine: {'line': b'/home/cricchetto/Robomaster_WS/src/sllidar_ros2/sdk/src/sl_lidar_driver.cpp: In instantiation of \xe2\x80\x98\x1b[01m\x1b[Kvoid sl::RawSampleNodeHolder<T>::pushNode(_u64, const T*) [with T = sl_lidar_response_measurement_node_hq_t; _u64 = long unsigned int]\x1b[m\x1b[K\xe2\x80\x99:\n'}
[144.709872] (sllidar_ros2) StderrLine: {'line': b'\x1b[01m\x1b[K/home/cricchetto/Robomaster_WS/src/sllidar_ros2/sdk/src/sl_lidar_driver.cpp:1648:42:\x1b[m\x1b[K   required from here\n'}
[144.710803] (sllidar_ros2) StderrLine: {'line': b'\x1b[01m\x1b[K/home/cricchetto/Robomaster_WS/src/sllidar_ros2/sdk/src/sl_lidar_driver.cpp:202:28:\x1b[m\x1b[K \x1b[01;35m\x1b[Kwarning: \x1b[m\x1b[Kunused parameter \xe2\x80\x98\x1b[01m\x1b[Ktimestamp_uS\x1b[m\x1b[K\xe2\x80\x99 [\x1b[01;35m\x1b[K\x1b]8;;https://gcc.gnu.org/onlinedocs/gcc/Warning-Options.html#index-Wunused-parameter\x07-Wunused-parameter\x1b]8;;\x07\x1b[m\x1b[K]\n'}
[144.711800] (sllidar_ros2) StderrLine: {'line': b'  202 |         void pushNode(\x1b[01;35m\x1b[K_u64 timestamp_uS\x1b[m\x1b[K, const T* node)\n'}
[144.712670] (sllidar_ros2) StderrLine: {'line': b'      |                       \x1b[01;35m\x1b[K~~~~~^~~~~~~~~~~~\x1b[m\x1b[K\n'}
[144.768734] (-) TimerEvent: {}
[144.870491] (-) TimerEvent: {}
[144.971322] (-) TimerEvent: {}
[145.072211] (-) TimerEvent: {}
[145.173048] (-) TimerEvent: {}
[145.253248] (sllidar_ros2) StderrLine: {'line': b'\x1b[01m\x1b[K/home/cricchetto/Robomaster_WS/src/sllidar_ros2/sdk/src/sl_lidar_driver.cpp:\x1b[m\x1b[K At global scope:\n'}
[145.254641] (sllidar_ros2) StderrLine: {'line': b'\x1b[01m\x1b[K/home/cricchetto/Robomaster_WS/src/sllidar_ros2/sdk/src/sl_lidar_driver.cpp:83:17:\x1b[m\x1b[K \x1b[01;35m\x1b[Kwarning: \x1b[m\x1b[K\xe2\x80\x98\x1b[01m\x1b[Kvoid sl::convert(const sl_lidar_response_measurement_node_hq_t&, sl_lidar_response_measurement_node_t&)\x1b[m\x1b[K\xe2\x80\x99 defined but not used [\x1b[01;35m\x1b[K\x1b]8;;https://gcc.gnu.org/onlinedocs/gcc/Warning-Options.html#index-Wunused-function\x07-Wunused-function\x1b]8;;\x07\x1b[m\x1b[K]\n'}
[145.255811] (sllidar_ros2) StderrLine: {'line': b'   83 |     static void \x1b[01;35m\x1b[Kconvert\x1b[m\x1b[K(const sl_lidar_response_measurement_node_hq_t& from, sl_lidar_response_measurement_node_t& to)\n'}
[145.256520] (sllidar_ros2) StderrLine: {'line': b'      |                 \x1b[01;35m\x1b[K^~~~~~~\x1b[m\x1b[K\n'}
[145.257087] (sllidar_ros2) StderrLine: {'line': b'\x1b[01m\x1b[K/home/cricchetto/Robomaster_WS/src/sllidar_ros2/sdk/src/sl_lidar_driver.cpp:75:17:\x1b[m\x1b[K \x1b[01;35m\x1b[Kwarning: \x1b[m\x1b[K\xe2\x80\x98\x1b[01m\x1b[Kvoid sl::convert(const sl_lidar_response_measurement_node_t&, sl_lidar_response_measurement_node_hq_t&)\x1b[m\x1b[K\xe2\x80\x99 defined but not used [\x1b[01;35m\x1b[K\x1b]8;;https://gcc.gnu.org/onlinedocs/gcc/Warning-Options.html#index-Wunused-function\x07-Wunused-function\x1b]8;;\x07\x1b[m\x1b[K]\n'}
[145.257600] (sllidar_ros2) StderrLine: {'line': b'   75 |     static void \x1b[01;35m\x1b[Kconvert\x1b[m\x1b[K(const sl_lidar_response_measurement_node_t& from, sl_lidar_response_measurement_node_hq_t& to)\n'}
[145.258401] (sllidar_ros2) StderrLine: {'line': b'      |                 \x1b[01;35m\x1b[K^~~~~~~\x1b[m\x1b[K\n'}
[145.259564] (sllidar_ros2) StderrLine: {'line': b'\x1b[01m\x1b[K/home/cricchetto/Robomaster_WS/src/sllidar_ros2/sdk/src/sl_lidar_driver.cpp:70:17:\x1b[m\x1b[K \x1b[01;35m\x1b[Kwarning: \x1b[m\x1b[K\xe2\x80\x98\x1b[01m\x1b[Kvoid sl::printDeprecationWarn(const char*, const char*)\x1b[m\x1b[K\xe2\x80\x99 defined but not used [\x1b[01;35m\x1b[K\x1b]8;;https://gcc.gnu.org/onlinedocs/gcc/Warning-Options.html#index-Wunused-function\x07-Wunused-function\x1b]8;;\x07\x1b[m\x1b[K]\n'}
[145.260712] (sllidar_ros2) StderrLine: {'line': b'   70 |     static void \x1b[01;35m\x1b[KprintDeprecationWarn\x1b[m\x1b[K(const char* fn, const char* replacement)\n'}
[145.261805] (sllidar_ros2) StderrLine: {'line': b'      |                 \x1b[01;35m\x1b[K^~~~~~~~~~~~~~~~~~~~\x1b[m\x1b[K\n'}
[145.273297] (-) TimerEvent: {}
[145.374935] (-) TimerEvent: {}
[145.478961] (-) TimerEvent: {}
[145.580622] (-) TimerEvent: {}
[145.682213] (-) TimerEvent: {}
[145.783884] (-) TimerEvent: {}
[145.846056] (multirobot_map_merge) StdoutLine: {'line': b'[ 50%] \x1b[32m\x1b[1mLinking CXX static library libgtest.a\x1b[0m\n'}
[145.884136] (-) TimerEvent: {}
[145.985995] (-) TimerEvent: {}
[146.089566] (-) TimerEvent: {}
[146.191919] (-) TimerEvent: {}
[146.280996] (multirobot_map_merge) StdoutLine: {'line': b'[ 50%] Built target gtest\n'}
[146.292115] (-) TimerEvent: {}
[146.385057] (multirobot_map_merge) StdoutLine: {'line': b'[ 58%] \x1b[32mBuilding CXX object CMakeFiles/map_merge.dir/src/map_merge.cpp.o\x1b[0m\n'}
[146.392316] (-) TimerEvent: {}
[146.493869] (-) TimerEvent: {}
[146.595779] (-) TimerEvent: {}
[146.699117] (-) TimerEvent: {}
[146.801337] (-) TimerEvent: {}
[146.903408] (-) TimerEvent: {}
[147.006852] (-) TimerEvent: {}
[147.108755] (-) TimerEvent: {}
[147.210148] (-) TimerEvent: {}
[147.238050] (explore_lite) StdoutLine: {'line': b'[ 80%] \x1b[32m\x1b[1mLinking CXX executable explore\x1b[0m\n'}
[147.310369] (-) TimerEvent: {}
[147.411323] (-) TimerEvent: {}
[147.512634] (-) TimerEvent: {}
[147.514598] (sllidar_ros2) StdoutLine: {'line': b'[ 70%] \x1b[32mBuilding CXX object CMakeFiles/sllidar_node.dir/sdk/src/sl_lidarprotocol_codec.cpp.o\x1b[0m\n'}
[147.612860] (-) TimerEvent: {}
[147.714021] (-) TimerEvent: {}
[147.815066] (-) TimerEvent: {}
[147.916136] (-) TimerEvent: {}
[148.017496] (-) TimerEvent: {}
[148.119034] (-) TimerEvent: {}
[148.220693] (-) TimerEvent: {}
[148.322234] (-) TimerEvent: {}
[148.424405] (-) TimerEvent: {}
[148.526436] (-) TimerEvent: {}
[148.628085] (-) TimerEvent: {}
[148.729424] (-) TimerEvent: {}
[148.830868] (-) TimerEvent: {}
[148.932142] (-) TimerEvent: {}
[149.033732] (-) TimerEvent: {}
[149.135852] (-) TimerEvent: {}
[149.237514] (-) TimerEvent: {}
[149.338786] (-) TimerEvent: {}
[149.439983] (-) TimerEvent: {}
[149.541536] (-) TimerEvent: {}
[149.642775] (-) TimerEvent: {}
[149.744005] (-) TimerEvent: {}
[149.846165] (-) TimerEvent: {}
[149.947115] (-) TimerEvent: {}
[150.049240] (-) TimerEvent: {}
[150.150971] (-) TimerEvent: {}
[150.251974] (-) TimerEvent: {}
[150.352863] (-) TimerEvent: {}
[150.453785] (-) TimerEvent: {}
[150.554909] (-) TimerEvent: {}
[150.656072] (-) TimerEvent: {}
[150.757062] (-) TimerEvent: {}
[150.858053] (-) TimerEvent: {}
[150.960352] (-) TimerEvent: {}
[151.063505] (-) TimerEvent: {}
[151.082935] (sllidar_ros2) StderrLine: {'line': b'In file included from \x1b[01m\x1b[K/home/cricchetto/Robomaster_WS/src/sllidar_ros2/./sdk/include/rplidar_protocol.h:36\x1b[m\x1b[K,\n'}
[151.084567] (sllidar_ros2) StderrLine: {'line': b'                 from \x1b[01m\x1b[K/home/cricchetto/Robomaster_WS/src/sllidar_ros2/./sdk/include/rplidar.h:39\x1b[m\x1b[K,\n'}
[151.085811] (sllidar_ros2) StderrLine: {'line': b'                 from \x1b[01m\x1b[K/home/cricchetto/Robomaster_WS/src/sllidar_ros2/sdk/src/sdkcommon.h:49\x1b[m\x1b[K,\n'}
[151.087200] (sllidar_ros2) StderrLine: {'line': b'                 from \x1b[01m\x1b[K/home/cricchetto/Robomaster_WS/src/sllidar_ros2/sdk/src/sl_lidarprotocol_codec.cpp:35\x1b[m\x1b[K:\n'}
[151.088994] (sllidar_ros2) StderrLine: {'line': b'\x1b[01m\x1b[K/home/cricchetto/Robomaster_WS/src/sllidar_ros2/./sdk/include/sl_lidar_protocol.h:66:16:\x1b[m\x1b[K \x1b[01;35m\x1b[Kwarning: \x1b[m\x1b[KISO C++ forbids zero-size array \xe2\x80\x98\x1b[01m\x1b[Kdata\x1b[m\x1b[K\xe2\x80\x99 [\x1b[01;35m\x1b[K\x1b]8;;https://gcc.gnu.org/onlinedocs/gcc/Warning-Options.html#index-Wpedantic\x07-Wpedantic\x1b]8;;\x07\x1b[m\x1b[K]\n'}
[151.089869] (sllidar_ros2) StderrLine: {'line': b'   66 |     sl_u8 data[\x1b[01;35m\x1b[K0\x1b[m\x1b[K];\n'}
[151.090728] (sllidar_ros2) StderrLine: {'line': b'      |                \x1b[01;35m\x1b[K^\x1b[m\x1b[K\n'}
[151.091688] (sllidar_ros2) StderrLine: {'line': b'In file included from \x1b[01m\x1b[K/home/cricchetto/Robomaster_WS/src/sllidar_ros2/./sdk/include/rplidar_cmd.h:36\x1b[m\x1b[K,\n'}
[151.093144] (sllidar_ros2) StderrLine: {'line': b'                 from \x1b[01m\x1b[K/home/cricchetto/Robomaster_WS/src/sllidar_ros2/./sdk/include/rplidar.h:40\x1b[m\x1b[K,\n'}
[151.094107] (sllidar_ros2) StderrLine: {'line': b'                 from \x1b[01m\x1b[K/home/cricchetto/Robomaster_WS/src/sllidar_ros2/sdk/src/sdkcommon.h:49\x1b[m\x1b[K,\n'}
[151.095080] (sllidar_ros2) StderrLine: {'line': b'                 from \x1b[01m\x1b[K/home/cricchetto/Robomaster_WS/src/sllidar_ros2/sdk/src/sl_lidarprotocol_codec.cpp:35\x1b[m\x1b[K:\n'}
[151.096508] (sllidar_ros2) StderrLine: {'line': b'\x1b[01m\x1b[K/home/cricchetto/Robomaster_WS/src/sllidar_ros2/./sdk/include/sl_lidar_cmd.h:324:20:\x1b[m\x1b[K \x1b[01;35m\x1b[Kwarning: \x1b[m\x1b[KISO C++ forbids zero-size array \xe2\x80\x98\x1b[01m\x1b[Kpayload\x1b[m\x1b[K\xe2\x80\x99 [\x1b[01;35m\x1b[K\x1b]8;;https://gcc.gnu.org/onlinedocs/gcc/Warning-Options.html#index-Wpedantic\x07-Wpedantic\x1b]8;;\x07\x1b[m\x1b[K]\n'}
[151.097607] (sllidar_ros2) StderrLine: {'line': b'  324 |     sl_u8  payload[\x1b[01;35m\x1b[K0\x1b[m\x1b[K];\n'}
[151.098574] (sllidar_ros2) StderrLine: {'line': b'      |                    \x1b[01;35m\x1b[K^\x1b[m\x1b[K\n'}
[151.163993] (-) TimerEvent: {}
[151.265641] (-) TimerEvent: {}
[151.367490] (-) TimerEvent: {}
[151.469436] (-) TimerEvent: {}
[151.571243] (-) TimerEvent: {}
[151.672779] (-) TimerEvent: {}
[151.774075] (-) TimerEvent: {}
[151.875614] (-) TimerEvent: {}
[151.976856] (-) TimerEvent: {}
[152.078180] (-) TimerEvent: {}
[152.180092] (-) TimerEvent: {}
[152.281681] (-) TimerEvent: {}
[152.383194] (-) TimerEvent: {}
[152.484928] (-) TimerEvent: {}
[152.586138] (-) TimerEvent: {}
[152.687695] (-) TimerEvent: {}
[152.789212] (-) TimerEvent: {}
[152.891924] (-) TimerEvent: {}
[152.972717] (sllidar_ros2) StderrLine: {'line': b'In file included from \x1b[01m\x1b[K/home/cricchetto/Robomaster_WS/src/sllidar_ros2/sdk/src/sl_lidarprotocol_codec.cpp:49\x1b[m\x1b[K:\n'}
[152.973934] (sllidar_ros2) StderrLine: {'line': b'\x1b[01m\x1b[K/home/cricchetto/Robomaster_WS/src/sllidar_ros2/sdk/src/sl_async_transceiver.h:\x1b[m\x1b[K In member function \xe2\x80\x98\x1b[01m\x1b[Kvirtual void sl::internal::IAsyncProtocolCodec::onChannelError(u_result)\x1b[m\x1b[K\xe2\x80\x99:\n'}
[152.975746] (sllidar_ros2) StderrLine: {'line': b'\x1b[01m\x1b[K/home/cricchetto/Robomaster_WS/src/sllidar_ros2/sdk/src/sl_async_transceiver.h:90:48:\x1b[m\x1b[K \x1b[01;35m\x1b[Kwarning: \x1b[m\x1b[Kunused parameter \xe2\x80\x98\x1b[01m\x1b[KerrCode\x1b[m\x1b[K\xe2\x80\x99 [\x1b[01;35m\x1b[K\x1b]8;;https://gcc.gnu.org/onlinedocs/gcc/Warning-Options.html#index-Wunused-parameter\x07-Wunused-parameter\x1b]8;;\x07\x1b[m\x1b[K]\n'}
[152.977691] (sllidar_ros2) StderrLine: {'line': b'   90 |         virtual void   onChannelError(\x1b[01;35m\x1b[Ku_result errCode\x1b[m\x1b[K) {}\n'}
[152.979229] (sllidar_ros2) StderrLine: {'line': b'      |                                       \x1b[01;35m\x1b[K~~~~~~~~~^~~~~~~\x1b[m\x1b[K\n'}
[152.992115] (-) TimerEvent: {}
[153.094450] (-) TimerEvent: {}
[153.198395] (-) TimerEvent: {}
[153.300947] (-) TimerEvent: {}
[153.403399] (-) TimerEvent: {}
[153.507237] (-) TimerEvent: {}
[153.610065] (-) TimerEvent: {}
[153.713307] (-) TimerEvent: {}
[153.816531] (-) TimerEvent: {}
[153.920147] (-) TimerEvent: {}
[153.928540] (sllidar_ros2) StdoutLine: {'line': b'[ 75%] \x1b[32mBuilding CXX object CMakeFiles/sllidar_node.dir/sdk/src/sl_serial_channel.cpp.o\x1b[0m\n'}
[154.020493] (-) TimerEvent: {}
[154.122096] (-) TimerEvent: {}
[154.224451] (-) TimerEvent: {}
[154.326258] (-) TimerEvent: {}
[154.427280] (-) TimerEvent: {}
[154.528551] (-) TimerEvent: {}
[154.630025] (-) TimerEvent: {}
[154.732063] (-) TimerEvent: {}
[154.834186] (-) TimerEvent: {}
[154.935931] (-) TimerEvent: {}
[155.037658] (-) TimerEvent: {}
[155.140271] (-) TimerEvent: {}
[155.242855] (-) TimerEvent: {}
[155.344396] (-) TimerEvent: {}
[155.446039] (-) TimerEvent: {}
[155.547790] (-) TimerEvent: {}
[155.648964] (-) TimerEvent: {}
[155.750540] (-) TimerEvent: {}
[155.852200] (-) TimerEvent: {}
[155.953640] (-) TimerEvent: {}
[156.054879] (-) TimerEvent: {}
[156.156403] (-) TimerEvent: {}
[156.258401] (-) TimerEvent: {}
[156.356280] (sllidar_ros2) StderrLine: {'line': b'In file included from \x1b[01m\x1b[K/home/cricchetto/Robomaster_WS/src/sllidar_ros2/./sdk/include/sl_lidar_cmd.h:41\x1b[m\x1b[K,\n'}
[156.357803] (sllidar_ros2) StderrLine: {'line': b'                 from \x1b[01m\x1b[K/home/cricchetto/Robomaster_WS/src/sllidar_ros2/./sdk/include/sl_lidar_driver.h:54\x1b[m\x1b[K,\n'}
[156.359371] (-) TimerEvent: {}
[156.361002] (sllidar_ros2) StderrLine: {'line': b'                 from \x1b[01m\x1b[K/home/cricchetto/Robomaster_WS/src/sllidar_ros2/sdk/src/sl_serial_channel.cpp:33\x1b[m\x1b[K:\n'}
[156.363307] (sllidar_ros2) StderrLine: {'line': b'\x1b[01m\x1b[K/home/cricchetto/Robomaster_WS/src/sllidar_ros2/./sdk/include/sl_lidar_protocol.h:66:16:\x1b[m\x1b[K \x1b[01;35m\x1b[Kwarning: \x1b[m\x1b[KISO C++ forbids zero-size array \xe2\x80\x98\x1b[01m\x1b[Kdata\x1b[m\x1b[K\xe2\x80\x99 [\x1b[01;35m\x1b[K\x1b]8;;https://gcc.gnu.org/onlinedocs/gcc/Warning-Options.html#index-Wpedantic\x07-Wpedantic\x1b]8;;\x07\x1b[m\x1b[K]\n'}
[156.365000] (sllidar_ros2) StderrLine: {'line': b'   66 |     sl_u8 data[\x1b[01;35m\x1b[K0\x1b[m\x1b[K];\n'}
[156.366384] (sllidar_ros2) StderrLine: {'line': b'      |                \x1b[01;35m\x1b[K^\x1b[m\x1b[K\n'}
[156.367259] (sllidar_ros2) StderrLine: {'line': b'In file included from \x1b[01m\x1b[K/home/cricchetto/Robomaster_WS/src/sllidar_ros2/./sdk/include/sl_lidar_driver.h:54\x1b[m\x1b[K,\n'}
[156.376441] (sllidar_ros2) StderrLine: {'line': b'                 from \x1b[01m\x1b[K/home/cricchetto/Robomaster_WS/src/sllidar_ros2/sdk/src/sl_serial_channel.cpp:33\x1b[m\x1b[K:\n'}
[156.377370] (sllidar_ros2) StderrLine: {'line': b'\x1b[01m\x1b[K/home/cricchetto/Robomaster_WS/src/sllidar_ros2/./sdk/include/sl_lidar_cmd.h:324:20:\x1b[m\x1b[K \x1b[01;35m\x1b[Kwarning: \x1b[m\x1b[KISO C++ forbids zero-size array \xe2\x80\x98\x1b[01m\x1b[Kpayload\x1b[m\x1b[K\xe2\x80\x99 [\x1b[01;35m\x1b[K\x1b]8;;https://gcc.gnu.org/onlinedocs/gcc/Warning-Options.html#index-Wpedantic\x07-Wpedantic\x1b]8;;\x07\x1b[m\x1b[K]\n'}
[156.378256] (sllidar_ros2) StderrLine: {'line': b'  324 |     sl_u8  payload[\x1b[01;35m\x1b[K0\x1b[m\x1b[K];\n'}
[156.379115] (sllidar_ros2) StderrLine: {'line': b'      |                    \x1b[01;35m\x1b[K^\x1b[m\x1b[K\n'}
[156.459895] (-) TimerEvent: {}
[156.561684] (-) TimerEvent: {}
[156.663508] (-) TimerEvent: {}
[156.765562] (-) TimerEvent: {}
[156.866908] (-) TimerEvent: {}
[156.893002] (sllidar_ros2) StdoutLine: {'line': b'[ 80%] \x1b[32mBuilding CXX object CMakeFiles/sllidar_node.dir/sdk/src/sl_tcp_channel.cpp.o\x1b[0m\n'}
[156.967215] (-) TimerEvent: {}
[157.068513] (-) TimerEvent: {}
[157.170572] (-) TimerEvent: {}
[157.272812] (-) TimerEvent: {}
[157.375021] (-) TimerEvent: {}
[157.476583] (-) TimerEvent: {}
[157.578839] (-) TimerEvent: {}
[157.682134] (-) TimerEvent: {}
[157.785467] (-) TimerEvent: {}
[157.888859] (-) TimerEvent: {}
[157.991894] (-) TimerEvent: {}
[158.095060] (-) TimerEvent: {}
[158.198557] (-) TimerEvent: {}
[158.300484] (-) TimerEvent: {}
[158.307590] (robomaster_msgs) StdoutLine: {'line': b'[ 13%] \x1b[32mBuilding CXX object CMakeFiles/robomaster_msgs__rosidl_typesupport_introspection_cpp.dir/rosidl_typesupport_introspection_cpp/robomaster_msgs/msg/detail/wheel_speeds__type_support.cpp.o\x1b[0m\n'}
[158.400725] (-) TimerEvent: {}
[158.501749] (-) TimerEvent: {}
[158.602871] (-) TimerEvent: {}
[158.704146] (-) TimerEvent: {}
[158.805438] (-) TimerEvent: {}
[158.906590] (-) TimerEvent: {}
[159.007849] (-) TimerEvent: {}
[159.109137] (-) TimerEvent: {}
[159.144599] (sllidar_ros2) StderrLine: {'line': b'In file included from \x1b[01m\x1b[K/home/cricchetto/Robomaster_WS/src/sllidar_ros2/./sdk/include/sl_lidar_cmd.h:41\x1b[m\x1b[K,\n'}
[159.145989] (sllidar_ros2) StderrLine: {'line': b'                 from \x1b[01m\x1b[K/home/cricchetto/Robomaster_WS/src/sllidar_ros2/./sdk/include/sl_lidar_driver.h:54\x1b[m\x1b[K,\n'}
[159.146705] (sllidar_ros2) StderrLine: {'line': b'                 from \x1b[01m\x1b[K/home/cricchetto/Robomaster_WS/src/sllidar_ros2/sdk/src/sl_tcp_channel.cpp:33\x1b[m\x1b[K:\n'}
[159.147479] (sllidar_ros2) StderrLine: {'line': b'\x1b[01m\x1b[K/home/cricchetto/Robomaster_WS/src/sllidar_ros2/./sdk/include/sl_lidar_protocol.h:66:16:\x1b[m\x1b[K \x1b[01;35m\x1b[Kwarning: \x1b[m\x1b[KISO C++ forbids zero-size array \xe2\x80\x98\x1b[01m\x1b[Kdata\x1b[m\x1b[K\xe2\x80\x99 [\x1b[01;35m\x1b[K\x1b]8;;https://gcc.gnu.org/onlinedocs/gcc/Warning-Options.html#index-Wpedantic\x07-Wpedantic\x1b]8;;\x07\x1b[m\x1b[K]\n'}
[159.148561] (sllidar_ros2) StderrLine: {'line': b'   66 |     sl_u8 data[\x1b[01;35m\x1b[K0\x1b[m\x1b[K];\n'}
[159.149965] (sllidar_ros2) StderrLine: {'line': b'      |                \x1b[01;35m\x1b[K^\x1b[m\x1b[K\n'}
[159.150923] (sllidar_ros2) StderrLine: {'line': b'In file included from \x1b[01m\x1b[K/home/cricchetto/Robomaster_WS/src/sllidar_ros2/./sdk/include/sl_lidar_driver.h:54\x1b[m\x1b[K,\n'}
[159.151969] (sllidar_ros2) StderrLine: {'line': b'                 from \x1b[01m\x1b[K/home/cricchetto/Robomaster_WS/src/sllidar_ros2/sdk/src/sl_tcp_channel.cpp:33\x1b[m\x1b[K:\n'}
[159.152804] (sllidar_ros2) StderrLine: {'line': b'\x1b[01m\x1b[K/home/cricchetto/Robomaster_WS/src/sllidar_ros2/./sdk/include/sl_lidar_cmd.h:324:20:\x1b[m\x1b[K \x1b[01;35m\x1b[Kwarning: \x1b[m\x1b[KISO C++ forbids zero-size array \xe2\x80\x98\x1b[01m\x1b[Kpayload\x1b[m\x1b[K\xe2\x80\x99 [\x1b[01;35m\x1b[K\x1b]8;;https://gcc.gnu.org/onlinedocs/gcc/Warning-Options.html#index-Wpedantic\x07-Wpedantic\x1b]8;;\x07\x1b[m\x1b[K]\n'}
[159.153592] (sllidar_ros2) StderrLine: {'line': b'  324 |     sl_u8  payload[\x1b[01;35m\x1b[K0\x1b[m\x1b[K];\n'}
[159.154293] (sllidar_ros2) StderrLine: {'line': b'      |                    \x1b[01;35m\x1b[K^\x1b[m\x1b[K\n'}
[159.181240] (sllidar_ros2) StderrLine: {'line': b'\x1b[01m\x1b[K/home/cricchetto/Robomaster_WS/src/sllidar_ros2/sdk/src/sl_tcp_channel.cpp:\x1b[m\x1b[K In member function \xe2\x80\x98\x1b[01m\x1b[Kvoid sl::TcpChannel::setStatus(_u32)\x1b[m\x1b[K\xe2\x80\x99:\n'}
[159.182795] (sllidar_ros2) StderrLine: {'line': b'\x1b[01m\x1b[K/home/cricchetto/Robomaster_WS/src/sllidar_ros2/sdk/src/sl_tcp_channel.cpp:109:29:\x1b[m\x1b[K \x1b[01;35m\x1b[Kwarning: \x1b[m\x1b[Kunused parameter \xe2\x80\x98\x1b[01m\x1b[Kflag\x1b[m\x1b[K\xe2\x80\x99 [\x1b[01;35m\x1b[K\x1b]8;;https://gcc.gnu.org/onlinedocs/gcc/Warning-Options.html#index-Wunused-parameter\x07-Wunused-parameter\x1b]8;;\x07\x1b[m\x1b[K]\n'}
[159.183600] (sllidar_ros2) StderrLine: {'line': b'  109 |         void setStatus(\x1b[01;35m\x1b[K_u32 flag\x1b[m\x1b[K){}\n'}
[159.184676] (sllidar_ros2) StderrLine: {'line': b'      |                        \x1b[01;35m\x1b[K~~~~~^~~~\x1b[m\x1b[K\n'}
[159.209396] (-) TimerEvent: {}
[159.310651] (-) TimerEvent: {}
[159.411909] (-) TimerEvent: {}
[159.513222] (-) TimerEvent: {}
[159.615396] (-) TimerEvent: {}
[159.624074] (sllidar_ros2) StdoutLine: {'line': b'[ 85%] \x1b[32mBuilding CXX object CMakeFiles/sllidar_node.dir/sdk/src/sl_udp_channel.cpp.o\x1b[0m\n'}
[159.715704] (-) TimerEvent: {}
[159.816794] (-) TimerEvent: {}
[159.918094] (-) TimerEvent: {}
[160.019035] (-) TimerEvent: {}
[160.120107] (-) TimerEvent: {}
[160.221220] (-) TimerEvent: {}
[160.322490] (-) TimerEvent: {}
[160.423589] (-) TimerEvent: {}
[160.524873] (-) TimerEvent: {}
[160.626085] (-) TimerEvent: {}
[160.727581] (-) TimerEvent: {}
[160.828900] (-) TimerEvent: {}
[160.929891] (-) TimerEvent: {}
[161.031218] (-) TimerEvent: {}
[161.132373] (-) TimerEvent: {}
[161.233582] (-) TimerEvent: {}
[161.334981] (-) TimerEvent: {}
[161.436193] (-) TimerEvent: {}
[161.537280] (-) TimerEvent: {}
[161.633711] (robomaster_msgs) StdoutLine: {'line': b'[ 13%] \x1b[32mBuilding CXX object CMakeFiles/robomaster_msgs__rosidl_typesupport_introspection_cpp.dir/rosidl_typesupport_introspection_cpp/robomaster_msgs/msg/detail/led_effect__type_support.cpp.o\x1b[0m\n'}
[161.637516] (-) TimerEvent: {}
[161.705111] (sllidar_ros2) StderrLine: {'line': b'In file included from \x1b[01m\x1b[K/home/cricchetto/Robomaster_WS/src/sllidar_ros2/./sdk/include/sl_lidar_cmd.h:41\x1b[m\x1b[K,\n'}
[161.706068] (sllidar_ros2) StderrLine: {'line': b'                 from \x1b[01m\x1b[K/home/cricchetto/Robomaster_WS/src/sllidar_ros2/./sdk/include/sl_lidar_driver.h:54\x1b[m\x1b[K,\n'}
[161.706632] (sllidar_ros2) StderrLine: {'line': b'                 from \x1b[01m\x1b[K/home/cricchetto/Robomaster_WS/src/sllidar_ros2/sdk/src/sl_udp_channel.cpp:33\x1b[m\x1b[K:\n'}
[161.707110] (sllidar_ros2) StderrLine: {'line': b'\x1b[01m\x1b[K/home/cricchetto/Robomaster_WS/src/sllidar_ros2/./sdk/include/sl_lidar_protocol.h:66:16:\x1b[m\x1b[K \x1b[01;35m\x1b[Kwarning: \x1b[m\x1b[KISO C++ forbids zero-size array \xe2\x80\x98\x1b[01m\x1b[Kdata\x1b[m\x1b[K\xe2\x80\x99 [\x1b[01;35m\x1b[K\x1b]8;;https://gcc.gnu.org/onlinedocs/gcc/Warning-Options.html#index-Wpedantic\x07-Wpedantic\x1b]8;;\x07\x1b[m\x1b[K]\n'}
[161.707726] (sllidar_ros2) StderrLine: {'line': b'   66 |     sl_u8 data[\x1b[01;35m\x1b[K0\x1b[m\x1b[K];\n'}
[161.708674] (sllidar_ros2) StderrLine: {'line': b'      |                \x1b[01;35m\x1b[K^\x1b[m\x1b[K\n'}
[161.709204] (sllidar_ros2) StderrLine: {'line': b'In file included from \x1b[01m\x1b[K/home/cricchetto/Robomaster_WS/src/sllidar_ros2/./sdk/include/sl_lidar_driver.h:54\x1b[m\x1b[K,\n'}
[161.709749] (sllidar_ros2) StderrLine: {'line': b'                 from \x1b[01m\x1b[K/home/cricchetto/Robomaster_WS/src/sllidar_ros2/sdk/src/sl_udp_channel.cpp:33\x1b[m\x1b[K:\n'}
[161.710245] (sllidar_ros2) StderrLine: {'line': b'\x1b[01m\x1b[K/home/cricchetto/Robomaster_WS/src/sllidar_ros2/./sdk/include/sl_lidar_cmd.h:324:20:\x1b[m\x1b[K \x1b[01;35m\x1b[Kwarning: \x1b[m\x1b[KISO C++ forbids zero-size array \xe2\x80\x98\x1b[01m\x1b[Kpayload\x1b[m\x1b[K\xe2\x80\x99 [\x1b[01;35m\x1b[K\x1b]8;;https://gcc.gnu.org/onlinedocs/gcc/Warning-Options.html#index-Wpedantic\x07-Wpedantic\x1b]8;;\x07\x1b[m\x1b[K]\n'}
[161.710802] (sllidar_ros2) StderrLine: {'line': b'  324 |     sl_u8  payload[\x1b[01;35m\x1b[K0\x1b[m\x1b[K];\n'}
[161.711341] (sllidar_ros2) StderrLine: {'line': b'      |                    \x1b[01;35m\x1b[K^\x1b[m\x1b[K\n'}
[161.737747] (-) TimerEvent: {}
[161.744570] (sllidar_ros2) StderrLine: {'line': b'\x1b[01m\x1b[K/home/cricchetto/Robomaster_WS/src/sllidar_ros2/sdk/src/sl_udp_channel.cpp:\x1b[m\x1b[K In member function \xe2\x80\x98\x1b[01m\x1b[Kvoid sl::UdpChannel::setStatus(_u32)\x1b[m\x1b[K\xe2\x80\x99:\n'}
[161.745791] (sllidar_ros2) StderrLine: {'line': b'\x1b[01m\x1b[K/home/cricchetto/Robomaster_WS/src/sllidar_ros2/sdk/src/sl_udp_channel.cpp:112:29:\x1b[m\x1b[K \x1b[01;35m\x1b[Kwarning: \x1b[m\x1b[Kunused parameter \xe2\x80\x98\x1b[01m\x1b[Kflag\x1b[m\x1b[K\xe2\x80\x99 [\x1b[01;35m\x1b[K\x1b]8;;https://gcc.gnu.org/onlinedocs/gcc/Warning-Options.html#index-Wunused-parameter\x07-Wunused-parameter\x1b]8;;\x07\x1b[m\x1b[K]\n'}
[161.746460] (sllidar_ros2) StderrLine: {'line': b'  112 |         void setStatus(\x1b[01;35m\x1b[K_u32 flag\x1b[m\x1b[K){}\n'}
[161.747069] (sllidar_ros2) StderrLine: {'line': b'      |                        \x1b[01;35m\x1b[K~~~~~^~~~\x1b[m\x1b[K\n'}
[161.838035] (-) TimerEvent: {}
[161.939000] (-) TimerEvent: {}
[162.023080] (sllidar_ros2) StdoutLine: {'line': b'[ 90%] \x1b[32mBuilding CXX object CMakeFiles/sllidar_node.dir/sdk/src/hal/thread.cpp.o\x1b[0m\n'}
[162.039219] (-) TimerEvent: {}
[162.140048] (-) TimerEvent: {}
[162.240946] (-) TimerEvent: {}
[162.341844] (-) TimerEvent: {}
[162.442993] (-) TimerEvent: {}
[162.543975] (-) TimerEvent: {}
[162.645108] (-) TimerEvent: {}
[162.746113] (-) TimerEvent: {}
[162.847301] (-) TimerEvent: {}
[162.948259] (-) TimerEvent: {}
[163.049259] (-) TimerEvent: {}
[163.150310] (-) TimerEvent: {}
[163.251422] (-) TimerEvent: {}
[163.352675] (-) TimerEvent: {}
[163.453797] (-) TimerEvent: {}
[163.555080] (-) TimerEvent: {}
[163.656208] (-) TimerEvent: {}
[163.757267] (-) TimerEvent: {}
[163.858526] (-) TimerEvent: {}
[163.897599] (explore_lite) StdoutLine: {'line': b'[ 80%] Built target explore\n'}
[163.958800] (-) TimerEvent: {}
[164.016571] (explore_lite) StdoutLine: {'line': b'[ 90%] \x1b[32mBuilding CXX object CMakeFiles/test_explore.dir/test/test_explore.cpp.o\x1b[0m\n'}
[164.059147] (-) TimerEvent: {}
[164.150780] (robomaster_msgs) StdoutLine: {'line': b'[ 13%] \x1b[32mBuilding CXX object CMakeFiles/robomaster_msgs__rosidl_typesupport_introspection_cpp.dir/rosidl_typesupport_introspection_cpp/robomaster_msgs/msg/detail/chassis_status__type_support.cpp.o\x1b[0m\n'}
[164.159531] (-) TimerEvent: {}
[164.260691] (-) TimerEvent: {}
[164.361718] (-) TimerEvent: {}
[164.462734] (-) TimerEvent: {}
[164.563863] (-) TimerEvent: {}
[164.596442] (sllidar_ros2) StderrLine: {'line': b'In file included from \x1b[01m\x1b[K/home/cricchetto/Robomaster_WS/src/sllidar_ros2/./sdk/include/rplidar_protocol.h:36\x1b[m\x1b[K,\n'}
[164.597799] (sllidar_ros2) StderrLine: {'line': b'                 from \x1b[01m\x1b[K/home/cricchetto/Robomaster_WS/src/sllidar_ros2/./sdk/include/rplidar.h:39\x1b[m\x1b[K,\n'}
[164.598609] (sllidar_ros2) StderrLine: {'line': b'                 from \x1b[01m\x1b[K/home/cricchetto/Robomaster_WS/src/sllidar_ros2/./sdk/src/sdkcommon.h:49\x1b[m\x1b[K,\n'}
[164.599389] (sllidar_ros2) StderrLine: {'line': b'                 from \x1b[01m\x1b[K/home/cricchetto/Robomaster_WS/src/sllidar_ros2/sdk/src/hal/thread.cpp:35\x1b[m\x1b[K:\n'}
[164.600415] (sllidar_ros2) StderrLine: {'line': b'\x1b[01m\x1b[K/home/cricchetto/Robomaster_WS/src/sllidar_ros2/./sdk/include/sl_lidar_protocol.h:66:16:\x1b[m\x1b[K \x1b[01;35m\x1b[Kwarning: \x1b[m\x1b[KISO C++ forbids zero-size array \xe2\x80\x98\x1b[01m\x1b[Kdata\x1b[m\x1b[K\xe2\x80\x99 [\x1b[01;35m\x1b[K\x1b]8;;https://gcc.gnu.org/onlinedocs/gcc/Warning-Options.html#index-Wpedantic\x07-Wpedantic\x1b]8;;\x07\x1b[m\x1b[K]\n'}
[164.601680] (sllidar_ros2) StderrLine: {'line': b'   66 |     sl_u8 data[\x1b[01;35m\x1b[K0\x1b[m\x1b[K];\n'}
[164.602384] (sllidar_ros2) StderrLine: {'line': b'      |                \x1b[01;35m\x1b[K^\x1b[m\x1b[K\n'}
[164.603112] (sllidar_ros2) StderrLine: {'line': b'In file included from \x1b[01m\x1b[K/home/cricchetto/Robomaster_WS/src/sllidar_ros2/./sdk/include/rplidar_cmd.h:36\x1b[m\x1b[K,\n'}
[164.604013] (sllidar_ros2) StderrLine: {'line': b'                 from \x1b[01m\x1b[K/home/cricchetto/Robomaster_WS/src/sllidar_ros2/./sdk/include/rplidar.h:40\x1b[m\x1b[K,\n'}
[164.605005] (sllidar_ros2) StderrLine: {'line': b'                 from \x1b[01m\x1b[K/home/cricchetto/Robomaster_WS/src/sllidar_ros2/./sdk/src/sdkcommon.h:49\x1b[m\x1b[K,\n'}
[164.605703] (sllidar_ros2) StderrLine: {'line': b'                 from \x1b[01m\x1b[K/home/cricchetto/Robomaster_WS/src/sllidar_ros2/sdk/src/hal/thread.cpp:35\x1b[m\x1b[K:\n'}
[164.606482] (sllidar_ros2) StderrLine: {'line': b'\x1b[01m\x1b[K/home/cricchetto/Robomaster_WS/src/sllidar_ros2/./sdk/include/sl_lidar_cmd.h:324:20:\x1b[m\x1b[K \x1b[01;35m\x1b[Kwarning: \x1b[m\x1b[KISO C++ forbids zero-size array \xe2\x80\x98\x1b[01m\x1b[Kpayload\x1b[m\x1b[K\xe2\x80\x99 [\x1b[01;35m\x1b[K\x1b]8;;https://gcc.gnu.org/onlinedocs/gcc/Warning-Options.html#index-Wpedantic\x07-Wpedantic\x1b]8;;\x07\x1b[m\x1b[K]\n'}
[164.607289] (sllidar_ros2) StderrLine: {'line': b'  324 |     sl_u8  payload[\x1b[01;35m\x1b[K0\x1b[m\x1b[K];\n'}
[164.608142] (sllidar_ros2) StderrLine: {'line': b'      |                    \x1b[01;35m\x1b[K^\x1b[m\x1b[K\n'}
[164.664081] (-) TimerEvent: {}
[164.765190] (-) TimerEvent: {}
[164.866636] (-) TimerEvent: {}
[164.873913] (sllidar_ros2) StderrLine: {'line': b'In file included from \x1b[01m\x1b[K/home/cricchetto/Robomaster_WS/src/sllidar_ros2/sdk/src/hal/thread.cpp:43\x1b[m\x1b[K:\n'}
[164.875189] (sllidar_ros2) StderrLine: {'line': b'\x1b[01m\x1b[K/home/cricchetto/Robomaster_WS/src/sllidar_ros2/./sdk/src/arch/linux/thread.hpp:\x1b[m\x1b[K In static member function \xe2\x80\x98\x1b[01m\x1b[Kstatic rp::hal::Thread rp::hal::Thread::create(thread_proc_t, void*)\x1b[m\x1b[K\xe2\x80\x99:\n'}
[164.876179] (sllidar_ros2) StderrLine: {'line': b'\x1b[01m\x1b[K/home/cricchetto/Robomaster_WS/src/sllidar_ros2/./sdk/src/arch/linux/thread.hpp:52:57:\x1b[m\x1b[K \x1b[01;35m\x1b[Kwarning: \x1b[m\x1b[Kcast between incompatible function types from \xe2\x80\x98\x1b[01m\x1b[Kthread_proc_t\x1b[m\x1b[K\xe2\x80\x99 {aka \xe2\x80\x98\x1b[01m\x1b[Klong unsigned int (*)(void*)\x1b[m\x1b[K\xe2\x80\x99} to \xe2\x80\x98\x1b[01m\x1b[Kvoid* (*)(void*)\x1b[m\x1b[K\xe2\x80\x99 [\x1b[01;35m\x1b[K\x1b]8;;https://gcc.gnu.org/onlinedocs/gcc/Warning-Options.html#index-Wcast-function-type\x07-Wcast-function-type\x1b]8;;\x07\x1b[m\x1b[K]\n'}
[164.876900] (sllidar_ros2) StderrLine: {'line': b'   52 |     pthread_create((pthread_t *)&newborn._handle, NULL, \x1b[01;35m\x1b[K(void * (*)(void *))proc\x1b[m\x1b[K, data);\n'}
[164.877850] (sllidar_ros2) StderrLine: {'line': b'      |                                                         \x1b[01;35m\x1b[K^~~~~~~~~~~~~~~~~~~~~~~~\x1b[m\x1b[K\n'}
[164.879518] (sllidar_ros2) StderrLine: {'line': b'\x1b[01m\x1b[K/home/cricchetto/Robomaster_WS/src/sllidar_ros2/./sdk/src/arch/linux/thread.hpp:\x1b[m\x1b[K In member function \xe2\x80\x98\x1b[01m\x1b[Ku_result rp::hal::Thread::join(long unsigned int)\x1b[m\x1b[K\xe2\x80\x99:\n'}
[164.881136] (sllidar_ros2) StderrLine: {'line': b'\x1b[01m\x1b[K/home/cricchetto/Robomaster_WS/src/sllidar_ros2/./sdk/src/arch/linux/thread.hpp:176:37:\x1b[m\x1b[K \x1b[01;35m\x1b[Kwarning: \x1b[m\x1b[Kunused parameter \xe2\x80\x98\x1b[01m\x1b[Ktimeout\x1b[m\x1b[K\xe2\x80\x99 [\x1b[01;35m\x1b[K\x1b]8;;https://gcc.gnu.org/onlinedocs/gcc/Warning-Options.html#index-Wunused-parameter\x07-Wunused-parameter\x1b]8;;\x07\x1b[m\x1b[K]\n'}
[164.881868] (sllidar_ros2) StderrLine: {'line': b'  176 | u_result Thread::join(\x1b[01;35m\x1b[Kunsigned long timeout\x1b[m\x1b[K)\n'}
[164.882747] (sllidar_ros2) StderrLine: {'line': b'      |                       \x1b[01;35m\x1b[K~~~~~~~~~~~~~~^~~~~~~\x1b[m\x1b[K\n'}
[164.966896] (-) TimerEvent: {}
[165.067879] (-) TimerEvent: {}
[165.168910] (-) TimerEvent: {}
[165.270124] (-) TimerEvent: {}
[165.328520] (sllidar_ros2) StdoutLine: {'line': b'[ 95%] \x1b[32mBuilding CXX object CMakeFiles/sllidar_node.dir/sdk/src/arch/linux/timer.cpp.o\x1b[0m\n'}
[165.370459] (-) TimerEvent: {}
[165.472391] (-) TimerEvent: {}
[165.708344] (-) TimerEvent: {}
[165.809478] (-) TimerEvent: {}
[165.911151] (-) TimerEvent: {}
[166.013051] (-) TimerEvent: {}
[166.115074] (-) TimerEvent: {}
[166.216708] (-) TimerEvent: {}
[166.318437] (-) TimerEvent: {}
[166.401777] (robomaster_msgs) StdoutLine: {'line': b'[ 14%] \x1b[32mBuilding CXX object CMakeFiles/robomaster_msgs__rosidl_typesupport_introspection_cpp.dir/rosidl_typesupport_introspection_cpp/robomaster_msgs/msg/detail/s_bus__type_support.cpp.o\x1b[0m\n'}
[166.418701] (-) TimerEvent: {}
[166.520378] (-) TimerEvent: {}
[166.621369] (-) TimerEvent: {}
[166.722375] (-) TimerEvent: {}
[166.823469] (-) TimerEvent: {}
[166.924575] (-) TimerEvent: {}
[167.025729] (-) TimerEvent: {}
[167.126897] (-) TimerEvent: {}
[167.228258] (-) TimerEvent: {}
[167.329486] (-) TimerEvent: {}
[167.430617] (-) TimerEvent: {}
[167.531969] (-) TimerEvent: {}
[167.633234] (-) TimerEvent: {}
[167.734490] (-) TimerEvent: {}
[167.835685] (-) TimerEvent: {}
[167.936901] (-) TimerEvent: {}
[168.038040] (-) TimerEvent: {}
[168.091269] (sllidar_ros2) StdoutLine: {'line': b'[100%] \x1b[32m\x1b[1mLinking CXX executable sllidar_node\x1b[0m\n'}
[168.138329] (-) TimerEvent: {}
[168.239880] (-) TimerEvent: {}
[168.342998] (-) TimerEvent: {}
[168.445417] (-) TimerEvent: {}
[168.548080] (-) TimerEvent: {}
[168.650470] (-) TimerEvent: {}
[168.751948] (-) TimerEvent: {}
[168.853703] (-) TimerEvent: {}
[168.955315] (-) TimerEvent: {}
[169.057355] (-) TimerEvent: {}
[169.159128] (-) TimerEvent: {}
[169.260969] (-) TimerEvent: {}
[169.294286] (robomaster_msgs) StdoutLine: {'line': b'[ 14%] \x1b[32mBuilding CXX object CMakeFiles/robomaster_msgs__rosidl_typesupport_introspection_cpp.dir/rosidl_typesupport_introspection_cpp/robomaster_msgs/msg/detail/pwm__type_support.cpp.o\x1b[0m\n'}
[169.361314] (-) TimerEvent: {}
[169.462844] (-) TimerEvent: {}
[169.564256] (-) TimerEvent: {}
[169.665476] (-) TimerEvent: {}
[169.766593] (-) TimerEvent: {}
[169.867736] (-) TimerEvent: {}
[169.968842] (-) TimerEvent: {}
[170.070014] (-) TimerEvent: {}
[170.164862] (sllidar_ros2) StdoutLine: {'line': b'[100%] Built target sllidar_node\n'}
[170.170210] (-) TimerEvent: {}
[170.250167] (sllidar_ros2) CommandEnded: {'returncode': 0}
[170.258373] (sllidar_ros2) JobProgress: {'identifier': 'sllidar_ros2', 'progress': 'install'}
[170.261383] (sllidar_ros2) Command: {'cmd': ['/usr/bin/cmake', '--install', '/home/cricchetto/Robomaster_WS/build/sllidar_ros2'], 'cwd': '/home/cricchetto/Robomaster_WS/build/sllidar_ros2', 'env': OrderedDict([('LESSOPEN', '| /usr/bin/lesspipe %s'), ('USER', 'cricchetto'), ('SSH_CLIENT', '172.18.147.201 42814 22'), ('LC_TIME', 'es_AR.UTF-8'), ('XDG_SESSION_TYPE', 'tty'), ('SHLVL', '1'), ('LD_LIBRARY_PATH', '/opt/ros/humble/opt/rviz_ogre_vendor/lib:/opt/ros/humble/lib/aarch64-linux-gnu:/opt/ros/humble/lib'), ('MOTD_SHOWN', 'pam'), ('HOME', '/home/cricchetto'), ('OLDPWD', '/home/cricchetto/Robomaster_WS/src'), ('SSH_TTY', '/dev/pts/0'), ('ROS_PYTHON_VERSION', '3'), ('LC_MONETARY', 'es_AR.UTF-8'), ('DBUS_SESSION_BUS_ADDRESS', 'unix:path=/run/user/1000/bus'), ('ROS_DISTRO', 'humble'), ('LOGNAME', 'cricchetto'), ('_', '/usr/bin/colcon'), ('ROS_VERSION', '2'), ('XDG_SESSION_CLASS', 'user'), ('TERM', 'xterm-256color'), ('XDG_SESSION_ID', '1'), ('ROS_LOCALHOST_ONLY', '0'), ('PATH', '/opt/ros/humble/bin:/usr/local/sbin:/usr/local/bin:/usr/sbin:/usr/bin:/sbin:/bin:/usr/games:/usr/local/games:/snap/bin'), ('LC_ADDRESS', 'es_AR.UTF-8'), ('XDG_RUNTIME_DIR', '/run/user/1000'), ('DISPLAY', 'localhost:10.0'), ('LANG', 'en_US.UTF-8'), ('LC_TELEPHONE', 'es_AR.UTF-8'), ('LS_COLORS', 'rs=0:di=01;34:ln=01;36:mh=00:pi=40;33:so=01;35:do=01;35:bd=40;33;01:cd=40;33;01:or=40;31;01:mi=00:su=37;41:sg=30;43:ca=30;41:tw=30;42:ow=34;42:st=37;44:ex=01;32:*.tar=01;31:*.tgz=01;31:*.arc=01;31:*.arj=01;31:*.taz=01;31:*.lha=01;31:*.lz4=01;31:*.lzh=01;31:*.lzma=01;31:*.tlz=01;31:*.txz=01;31:*.tzo=01;31:*.t7z=01;31:*.zip=01;31:*.z=01;31:*.dz=01;31:*.gz=01;31:*.lrz=01;31:*.lz=01;31:*.lzo=01;31:*.xz=01;31:*.zst=01;31:*.tzst=01;31:*.bz2=01;31:*.bz=01;31:*.tbz=01;31:*.tbz2=01;31:*.tz=01;31:*.deb=01;31:*.rpm=01;31:*.jar=01;31:*.war=01;31:*.ear=01;31:*.sar=01;31:*.rar=01;31:*.alz=01;31:*.ace=01;31:*.zoo=01;31:*.cpio=01;31:*.7z=01;31:*.rz=01;31:*.cab=01;31:*.wim=01;31:*.swm=01;31:*.dwm=01;31:*.esd=01;31:*.jpg=01;35:*.jpeg=01;35:*.mjpg=01;35:*.mjpeg=01;35:*.gif=01;35:*.bmp=01;35:*.pbm=01;35:*.pgm=01;35:*.ppm=01;35:*.tga=01;35:*.xbm=01;35:*.xpm=01;35:*.tif=01;35:*.tiff=01;35:*.png=01;35:*.svg=01;35:*.svgz=01;35:*.mng=01;35:*.pcx=01;35:*.mov=01;35:*.mpg=01;35:*.mpeg=01;35:*.m2v=01;35:*.mkv=01;35:*.webm=01;35:*.webp=01;35:*.ogm=01;35:*.mp4=01;35:*.m4v=01;35:*.mp4v=01;35:*.vob=01;35:*.qt=01;35:*.nuv=01;35:*.wmv=01;35:*.asf=01;35:*.rm=01;35:*.rmvb=01;35:*.flc=01;35:*.avi=01;35:*.fli=01;35:*.flv=01;35:*.gl=01;35:*.dl=01;35:*.xcf=01;35:*.xwd=01;35:*.yuv=01;35:*.cgm=01;35:*.emf=01;35:*.ogv=01;35:*.ogx=01;35:*.aac=00;36:*.au=00;36:*.flac=00;36:*.m4a=00;36:*.mid=00;36:*.midi=00;36:*.mka=00;36:*.mp3=00;36:*.mpc=00;36:*.ogg=00;36:*.ra=00;36:*.wav=00;36:*.oga=00;36:*.opus=00;36:*.spx=00;36:*.xspf=00;36:'), ('AMENT_PREFIX_PATH', '/opt/ros/humble'), ('SHELL', '/bin/bash'), ('LC_NAME', 'es_AR.UTF-8'), ('LESSCLOSE', '/usr/bin/lesspipe %s %s'), ('LC_MEASUREMENT', 'es_AR.UTF-8'), ('LC_IDENTIFICATION', 'es_AR.UTF-8'), ('PWD', '/home/cricchetto/Robomaster_WS/build/sllidar_ros2'), ('LC_ALL', 'en_US.UTF-8'), ('SSH_CONNECTION', '172.18.147.201 42814 172.18.147.143 22'), ('XDG_DATA_DIRS', '/usr/local/share:/usr/share:/var/lib/snapd/desktop'), ('PYTHONPATH', '/opt/ros/humble/lib/python3.10/site-packages:/opt/ros/humble/local/lib/python3.10/dist-packages'), ('LC_NUMERIC', 'es_AR.UTF-8'), ('LC_PAPER', 'es_AR.UTF-8'), ('COLCON', '1'), ('CMAKE_PREFIX_PATH', '/opt/ros/humble')]), 'shell': False}
[170.273231] (-) TimerEvent: {}
[170.337315] (sllidar_ros2) StdoutLine: {'line': b'-- Install configuration: ""\n'}
[170.340412] (sllidar_ros2) StdoutLine: {'line': b'-- Installing: /home/cricchetto/Robomaster_WS/install/sllidar_ros2/share/sllidar_ros2/launch\n'}
[170.346675] (sllidar_ros2) StdoutLine: {'line': b'-- Installing: /home/cricchetto/Robomaster_WS/install/sllidar_ros2/share/sllidar_ros2/launch/view_sllidar_s1_tcp_launch.py\n'}
[170.349279] (sllidar_ros2) StdoutLine: {'line': b'-- Installing: /home/cricchetto/Robomaster_WS/install/sllidar_ros2/share/sllidar_ros2/launch/sllidar_a2m12_launch .py\n'}
[170.355554] (sllidar_ros2) StdoutLine: {'line': b'-- Installing: /home/cricchetto/Robomaster_WS/install/sllidar_ros2/share/sllidar_ros2/launch/view_sllidar_s1_launch.py\n'}
[170.361153] (sllidar_ros2) StdoutLine: {'line': b'-- Installing: /home/cricchetto/Robomaster_WS/install/sllidar_ros2/share/sllidar_ros2/launch/sllidar_s3_launch.py\n'}
[170.365910] (sllidar_ros2) StdoutLine: {'line': b'-- Installing: /home/cricchetto/Robomaster_WS/install/sllidar_ros2/share/sllidar_ros2/launch/view_sllidar_a2m7_launch.py\n'}
[170.371605] (sllidar_ros2) StdoutLine: {'line': b'-- Installing: /home/cricchetto/Robomaster_WS/install/sllidar_ros2/share/sllidar_ros2/launch/sllidar_a2m8_launch.py\n'}
[170.373268] (-) TimerEvent: {}
[170.380466] (sllidar_ros2) StdoutLine: {'line': b'-- Installing: /home/cricchetto/Robomaster_WS/install/sllidar_ros2/share/sllidar_ros2/launch/view_sllidar_s2_launch.py\n'}
[170.386380] (sllidar_ros2) StdoutLine: {'line': b'-- Installing: /home/cricchetto/Robomaster_WS/install/sllidar_ros2/share/sllidar_ros2/launch/view_sllidar_s2e_launch.py\n'}
[170.392708] (sllidar_ros2) StdoutLine: {'line': b'-- Installing: /home/cricchetto/Robomaster_WS/install/sllidar_ros2/share/sllidar_ros2/launch/view_sllidar_a2m12_launch.py\n'}
[170.398649] (sllidar_ros2) StdoutLine: {'line': b'-- Installing: /home/cricchetto/Robomaster_WS/install/sllidar_ros2/share/sllidar_ros2/launch/sllidar_s1_launch.py\n'}
[170.404861] (sllidar_ros2) StdoutLine: {'line': b'-- Installing: /home/cricchetto/Robomaster_WS/install/sllidar_ros2/share/sllidar_ros2/launch/view_sllidar_s3_launch.py\n'}
[170.410653] (sllidar_ros2) StdoutLine: {'line': b'-- Installing: /home/cricchetto/Robomaster_WS/install/sllidar_ros2/share/sllidar_ros2/launch/view_sllidar_a2m8_launch.py\n'}
[170.416571] (sllidar_ros2) StdoutLine: {'line': b'-- Installing: /home/cricchetto/Robomaster_WS/install/sllidar_ros2/share/sllidar_ros2/launch/view_sllidar_t1_launch.py\n'}
[170.422483] (sllidar_ros2) StdoutLine: {'line': b'-- Installing: /home/cricchetto/Robomaster_WS/install/sllidar_ros2/share/sllidar_ros2/launch/view_sllidar_a1_launch.py\n'}
[170.428520] (sllidar_ros2) StdoutLine: {'line': b'-- Installing: /home/cricchetto/Robomaster_WS/install/sllidar_ros2/share/sllidar_ros2/launch/sllidar_s2_launch.py\n'}
[170.434385] (sllidar_ros2) StdoutLine: {'line': b'-- Installing: /home/cricchetto/Robomaster_WS/install/sllidar_ros2/share/sllidar_ros2/launch/sllidar_t1_launch.py\n'}
[170.440402] (sllidar_ros2) StdoutLine: {'line': b'-- Installing: /home/cricchetto/Robomaster_WS/install/sllidar_ros2/share/sllidar_ros2/launch/sllidar_a1_launch.py\n'}
[170.446414] (sllidar_ros2) StdoutLine: {'line': b'-- Installing: /home/cricchetto/Robomaster_WS/install/sllidar_ros2/share/sllidar_ros2/launch/sllidar_c1_launch.py\n'}
[170.452618] (sllidar_ros2) StdoutLine: {'line': b'-- Installing: /home/cricchetto/Robomaster_WS/install/sllidar_ros2/share/sllidar_ros2/launch/view_sllidar_c1_launch.py\n'}
[170.466035] (sllidar_ros2) StdoutLine: {'line': b'-- Installing: /home/cricchetto/Robomaster_WS/install/sllidar_ros2/share/sllidar_ros2/launch/view_sllidar_a3_launch.py\n'}
[170.473637] (-) TimerEvent: {}
[170.482704] (sllidar_ros2) StdoutLine: {'line': b'-- Installing: /home/cricchetto/Robomaster_WS/install/sllidar_ros2/share/sllidar_ros2/launch/sllidar_s1_tcp_launch.py\n'}
[170.490843] (sllidar_ros2) StdoutLine: {'line': b'-- Installing: /home/cricchetto/Robomaster_WS/install/sllidar_ros2/share/sllidar_ros2/launch/sllidar_a2m7_launch.py\n'}
[170.494880] (sllidar_ros2) StdoutLine: {'line': b'-- Installing: /home/cricchetto/Robomaster_WS/install/sllidar_ros2/share/sllidar_ros2/launch/sllidar_a3_launch.py\n'}
[170.500137] (sllidar_ros2) StdoutLine: {'line': b'-- Installing: /home/cricchetto/Robomaster_WS/install/sllidar_ros2/share/sllidar_ros2/launch/sllidar_s2e_launch.py\n'}
[170.505397] (sllidar_ros2) StdoutLine: {'line': b'-- Installing: /home/cricchetto/Robomaster_WS/install/sllidar_ros2/share/sllidar_ros2/rviz\n'}
[170.512173] (sllidar_ros2) StdoutLine: {'line': b'-- Installing: /home/cricchetto/Robomaster_WS/install/sllidar_ros2/share/sllidar_ros2/rviz/sllidar_ros2.rviz\n'}
[170.527185] (sllidar_ros2) StdoutLine: {'line': b'-- Installing: /home/cricchetto/Robomaster_WS/install/sllidar_ros2/lib/sllidar_ros2/sllidar_node\n'}
[170.552828] (sllidar_ros2) StdoutLine: {'line': b'-- Set runtime path of "/home/cricchetto/Robomaster_WS/install/sllidar_ros2/lib/sllidar_ros2/sllidar_node" to ""\n'}
[170.556859] (sllidar_ros2) StdoutLine: {'line': b'-- Installing: /home/cricchetto/Robomaster_WS/install/sllidar_ros2/lib/sllidar_ros2/sllidar_client\n'}
[170.574151] (-) TimerEvent: {}
[170.602002] (sllidar_ros2) StdoutLine: {'line': b'-- Set runtime path of "/home/cricchetto/Robomaster_WS/install/sllidar_ros2/lib/sllidar_ros2/sllidar_client" to ""\n'}
[170.607718] (sllidar_ros2) StdoutLine: {'line': b'-- Installing: /home/cricchetto/Robomaster_WS/install/sllidar_ros2/share/ament_index/resource_index/package_run_dependencies/sllidar_ros2\n'}
[170.614247] (sllidar_ros2) StdoutLine: {'line': b'-- Installing: /home/cricchetto/Robomaster_WS/install/sllidar_ros2/share/ament_index/resource_index/parent_prefix_path/sllidar_ros2\n'}
[170.620756] (sllidar_ros2) StdoutLine: {'line': b'-- Installing: /home/cricchetto/Robomaster_WS/install/sllidar_ros2/share/sllidar_ros2/environment/ament_prefix_path.sh\n'}
[170.625458] (sllidar_ros2) StdoutLine: {'line': b'-- Installing: /home/cricchetto/Robomaster_WS/install/sllidar_ros2/share/sllidar_ros2/environment/ament_prefix_path.dsv\n'}
[170.631067] (sllidar_ros2) StdoutLine: {'line': b'-- Installing: /home/cricchetto/Robomaster_WS/install/sllidar_ros2/share/sllidar_ros2/environment/path.sh\n'}
[170.636474] (sllidar_ros2) StdoutLine: {'line': b'-- Installing: /home/cricchetto/Robomaster_WS/install/sllidar_ros2/share/sllidar_ros2/environment/path.dsv\n'}
[170.642030] (sllidar_ros2) StdoutLine: {'line': b'-- Installing: /home/cricchetto/Robomaster_WS/install/sllidar_ros2/share/sllidar_ros2/local_setup.bash\n'}
[170.647253] (sllidar_ros2) StdoutLine: {'line': b'-- Installing: /home/cricchetto/Robomaster_WS/install/sllidar_ros2/share/sllidar_ros2/local_setup.sh\n'}
[170.652912] (sllidar_ros2) StdoutLine: {'line': b'-- Installing: /home/cricchetto/Robomaster_WS/install/sllidar_ros2/share/sllidar_ros2/local_setup.zsh\n'}
[170.658511] (sllidar_ros2) StdoutLine: {'line': b'-- Installing: /home/cricchetto/Robomaster_WS/install/sllidar_ros2/share/sllidar_ros2/local_setup.dsv\n'}
[170.664304] (sllidar_ros2) StdoutLine: {'line': b'-- Installing: /home/cricchetto/Robomaster_WS/install/sllidar_ros2/share/sllidar_ros2/package.dsv\n'}
[170.670598] (sllidar_ros2) StdoutLine: {'line': b'-- Installing: /home/cricchetto/Robomaster_WS/install/sllidar_ros2/share/ament_index/resource_index/packages/sllidar_ros2\n'}
[170.674552] (-) TimerEvent: {}
[170.680214] (sllidar_ros2) StdoutLine: {'line': b'-- Installing: /home/cricchetto/Robomaster_WS/install/sllidar_ros2/share/sllidar_ros2/cmake/ament_cmake_export_dependencies-extras.cmake\n'}
[170.684805] (sllidar_ros2) StdoutLine: {'line': b'-- Installing: /home/cricchetto/Robomaster_WS/install/sllidar_ros2/share/sllidar_ros2/cmake/ament_cmake_export_include_directories-extras.cmake\n'}
[170.690337] (sllidar_ros2) StdoutLine: {'line': b'-- Installing: /home/cricchetto/Robomaster_WS/install/sllidar_ros2/share/sllidar_ros2/cmake/sllidar_ros2Config.cmake\n'}
[170.695586] (sllidar_ros2) StdoutLine: {'line': b'-- Installing: /home/cricchetto/Robomaster_WS/install/sllidar_ros2/share/sllidar_ros2/cmake/sllidar_ros2Config-version.cmake\n'}
[170.700985] (sllidar_ros2) StdoutLine: {'line': b'-- Installing: /home/cricchetto/Robomaster_WS/install/sllidar_ros2/share/sllidar_ros2/package.xml\n'}
[170.717637] (sllidar_ros2) CommandEnded: {'returncode': 0}
[170.774896] (-) TimerEvent: {}
[170.878794] (-) TimerEvent: {}
[170.981018] (-) TimerEvent: {}
[170.983914] (sllidar_ros2) JobEnded: {'identifier': 'sllidar_ros2', 'rc': 0}
[171.081418] (-) TimerEvent: {}
[171.183105] (-) TimerEvent: {}
[171.284521] (-) TimerEvent: {}
[171.387227] (-) TimerEvent: {}
[171.490104] (-) TimerEvent: {}
[171.592262] (-) TimerEvent: {}
[171.694922] (-) TimerEvent: {}
[171.797322] (-) TimerEvent: {}
[171.899842] (-) TimerEvent: {}
[172.002568] (-) TimerEvent: {}
[172.104664] (-) TimerEvent: {}
[172.207499] (-) TimerEvent: {}
[172.309927] (-) TimerEvent: {}
[172.403300] (robomaster_msgs) StdoutLine: {'line': b'[ 14%] \x1b[32mBuilding CXX object CMakeFiles/robomaster_msgs__rosidl_typesupport_introspection_cpp.dir/rosidl_typesupport_introspection_cpp/robomaster_msgs/msg/detail/gripper_state__type_support.cpp.o\x1b[0m\n'}
[172.410263] (-) TimerEvent: {}
[172.513602] (-) TimerEvent: {}
[172.615511] (-) TimerEvent: {}
[172.717732] (-) TimerEvent: {}
[172.818687] (-) TimerEvent: {}
[172.919577] (-) TimerEvent: {}
[173.020521] (-) TimerEvent: {}
[173.121508] (-) TimerEvent: {}
[173.223254] (-) TimerEvent: {}
[173.244091] (explore_lite) StdoutLine: {'line': b'[100%] \x1b[32m\x1b[1mLinking CXX executable test_explore\x1b[0m\n'}
[173.323503] (-) TimerEvent: {}
[173.425762] (-) TimerEvent: {}
[173.527787] (-) TimerEvent: {}
[173.629699] (-) TimerEvent: {}
[173.731783] (-) TimerEvent: {}
[173.832858] (-) TimerEvent: {}
[173.934003] (-) TimerEvent: {}
[174.034922] (-) TimerEvent: {}
[174.135846] (-) TimerEvent: {}
[174.236739] (-) TimerEvent: {}
[174.337702] (-) TimerEvent: {}
[174.438753] (-) TimerEvent: {}
[174.539735] (-) TimerEvent: {}
[174.640624] (-) TimerEvent: {}
[174.741564] (-) TimerEvent: {}
[174.842440] (-) TimerEvent: {}
[174.943365] (-) TimerEvent: {}
[174.965915] (robomaster_msgs) StdoutLine: {'line': b'[ 15%] \x1b[32mBuilding CXX object CMakeFiles/robomaster_msgs__rosidl_typesupport_introspection_cpp.dir/rosidl_typesupport_introspection_cpp/robomaster_msgs/msg/detail/camera_config__type_support.cpp.o\x1b[0m\n'}
[175.043600] (-) TimerEvent: {}
[175.145538] (-) TimerEvent: {}
[175.247275] (-) TimerEvent: {}
[175.349725] (-) TimerEvent: {}
[175.452002] (-) TimerEvent: {}
[175.553892] (-) TimerEvent: {}
[175.584628] (explore_lite) StdoutLine: {'line': b'[100%] Built target test_explore\n'}
[175.638778] (explore_lite) CommandEnded: {'returncode': 0}
[175.640705] (explore_lite) JobProgress: {'identifier': 'explore_lite', 'progress': 'install'}
[175.640924] (explore_lite) Command: {'cmd': ['/usr/bin/cmake', '--install', '/home/cricchetto/Robomaster_WS/build/explore_lite'], 'cwd': '/home/cricchetto/Robomaster_WS/build/explore_lite', 'env': OrderedDict([('LESSOPEN', '| /usr/bin/lesspipe %s'), ('USER', 'cricchetto'), ('SSH_CLIENT', '172.18.147.201 42814 22'), ('LC_TIME', 'es_AR.UTF-8'), ('XDG_SESSION_TYPE', 'tty'), ('SHLVL', '1'), ('LD_LIBRARY_PATH', '/opt/ros/humble/opt/rviz_ogre_vendor/lib:/opt/ros/humble/lib/aarch64-linux-gnu:/opt/ros/humble/lib'), ('MOTD_SHOWN', 'pam'), ('HOME', '/home/cricchetto'), ('OLDPWD', '/home/cricchetto/Robomaster_WS/src'), ('SSH_TTY', '/dev/pts/0'), ('ROS_PYTHON_VERSION', '3'), ('LC_MONETARY', 'es_AR.UTF-8'), ('DBUS_SESSION_BUS_ADDRESS', 'unix:path=/run/user/1000/bus'), ('ROS_DISTRO', 'humble'), ('LOGNAME', 'cricchetto'), ('_', '/usr/bin/colcon'), ('ROS_VERSION', '2'), ('XDG_SESSION_CLASS', 'user'), ('TERM', 'xterm-256color'), ('XDG_SESSION_ID', '1'), ('ROS_LOCALHOST_ONLY', '0'), ('PATH', '/opt/ros/humble/bin:/usr/local/sbin:/usr/local/bin:/usr/sbin:/usr/bin:/sbin:/bin:/usr/games:/usr/local/games:/snap/bin'), ('LC_ADDRESS', 'es_AR.UTF-8'), ('XDG_RUNTIME_DIR', '/run/user/1000'), ('DISPLAY', 'localhost:10.0'), ('LANG', 'en_US.UTF-8'), ('LC_TELEPHONE', 'es_AR.UTF-8'), ('LS_COLORS', 'rs=0:di=01;34:ln=01;36:mh=00:pi=40;33:so=01;35:do=01;35:bd=40;33;01:cd=40;33;01:or=40;31;01:mi=00:su=37;41:sg=30;43:ca=30;41:tw=30;42:ow=34;42:st=37;44:ex=01;32:*.tar=01;31:*.tgz=01;31:*.arc=01;31:*.arj=01;31:*.taz=01;31:*.lha=01;31:*.lz4=01;31:*.lzh=01;31:*.lzma=01;31:*.tlz=01;31:*.txz=01;31:*.tzo=01;31:*.t7z=01;31:*.zip=01;31:*.z=01;31:*.dz=01;31:*.gz=01;31:*.lrz=01;31:*.lz=01;31:*.lzo=01;31:*.xz=01;31:*.zst=01;31:*.tzst=01;31:*.bz2=01;31:*.bz=01;31:*.tbz=01;31:*.tbz2=01;31:*.tz=01;31:*.deb=01;31:*.rpm=01;31:*.jar=01;31:*.war=01;31:*.ear=01;31:*.sar=01;31:*.rar=01;31:*.alz=01;31:*.ace=01;31:*.zoo=01;31:*.cpio=01;31:*.7z=01;31:*.rz=01;31:*.cab=01;31:*.wim=01;31:*.swm=01;31:*.dwm=01;31:*.esd=01;31:*.jpg=01;35:*.jpeg=01;35:*.mjpg=01;35:*.mjpeg=01;35:*.gif=01;35:*.bmp=01;35:*.pbm=01;35:*.pgm=01;35:*.ppm=01;35:*.tga=01;35:*.xbm=01;35:*.xpm=01;35:*.tif=01;35:*.tiff=01;35:*.png=01;35:*.svg=01;35:*.svgz=01;35:*.mng=01;35:*.pcx=01;35:*.mov=01;35:*.mpg=01;35:*.mpeg=01;35:*.m2v=01;35:*.mkv=01;35:*.webm=01;35:*.webp=01;35:*.ogm=01;35:*.mp4=01;35:*.m4v=01;35:*.mp4v=01;35:*.vob=01;35:*.qt=01;35:*.nuv=01;35:*.wmv=01;35:*.asf=01;35:*.rm=01;35:*.rmvb=01;35:*.flc=01;35:*.avi=01;35:*.fli=01;35:*.flv=01;35:*.gl=01;35:*.dl=01;35:*.xcf=01;35:*.xwd=01;35:*.yuv=01;35:*.cgm=01;35:*.emf=01;35:*.ogv=01;35:*.ogx=01;35:*.aac=00;36:*.au=00;36:*.flac=00;36:*.m4a=00;36:*.mid=00;36:*.midi=00;36:*.mka=00;36:*.mp3=00;36:*.mpc=00;36:*.ogg=00;36:*.ra=00;36:*.wav=00;36:*.oga=00;36:*.opus=00;36:*.spx=00;36:*.xspf=00;36:'), ('AMENT_PREFIX_PATH', '/opt/ros/humble'), ('SHELL', '/bin/bash'), ('LC_NAME', 'es_AR.UTF-8'), ('LESSCLOSE', '/usr/bin/lesspipe %s %s'), ('LC_MEASUREMENT', 'es_AR.UTF-8'), ('LC_IDENTIFICATION', 'es_AR.UTF-8'), ('PWD', '/home/cricchetto/Robomaster_WS/build/explore_lite'), ('LC_ALL', 'en_US.UTF-8'), ('SSH_CONNECTION', '172.18.147.201 42814 172.18.147.143 22'), ('XDG_DATA_DIRS', '/usr/local/share:/usr/share:/var/lib/snapd/desktop'), ('PYTHONPATH', '/opt/ros/humble/lib/python3.10/site-packages:/opt/ros/humble/local/lib/python3.10/dist-packages'), ('LC_NUMERIC', 'es_AR.UTF-8'), ('LC_PAPER', 'es_AR.UTF-8'), ('COLCON', '1'), ('CMAKE_PREFIX_PATH', '/opt/ros/humble')]), 'shell': False}
[175.654112] (-) TimerEvent: {}
[175.677692] (explore_lite) StdoutLine: {'line': b'-- Install configuration: ""\n'}
[175.678606] (explore_lite) StdoutLine: {'line': b'-- Installing: /home/cricchetto/Robomaster_WS/install/explore_lite/include/explore/\n'}
[175.679451] (explore_lite) StdoutLine: {'line': b'-- Installing: /home/cricchetto/Robomaster_WS/install/explore_lite/include/explore//frontier_search.h\n'}
[175.680832] (explore_lite) StdoutLine: {'line': b'-- Installing: /home/cricchetto/Robomaster_WS/install/explore_lite/include/explore//costmap_client.h\n'}
[175.682262] (explore_lite) StdoutLine: {'line': b'-- Installing: /home/cricchetto/Robomaster_WS/install/explore_lite/include/explore//costmap_tools.h\n'}
[175.683588] (explore_lite) StdoutLine: {'line': b'-- Installing: /home/cricchetto/Robomaster_WS/install/explore_lite/include/explore//explore.h\n'}
[175.685274] (explore_lite) StdoutLine: {'line': b'-- Installing: /home/cricchetto/Robomaster_WS/install/explore_lite/share/explore_lite/config\n'}
[175.686306] (explore_lite) StdoutLine: {'line': b'-- Installing: /home/cricchetto/Robomaster_WS/install/explore_lite/share/explore_lite/config/params_costmap.yaml\n'}
[175.687794] (explore_lite) StdoutLine: {'line': b'-- Installing: /home/cricchetto/Robomaster_WS/install/explore_lite/share/explore_lite/config/params.yaml\n'}
[175.689291] (explore_lite) StdoutLine: {'line': b'-- Installing: /home/cricchetto/Robomaster_WS/install/explore_lite/share/explore_lite/launch\n'}
[175.690319] (explore_lite) StdoutLine: {'line': b'-- Installing: /home/cricchetto/Robomaster_WS/install/explore_lite/share/explore_lite/launch/explore.launch.py\n'}
[175.692575] (explore_lite) StdoutLine: {'line': b'-- Installing: /home/cricchetto/Robomaster_WS/install/explore_lite/lib/explore_lite/explore\n'}
[175.754334] (-) TimerEvent: {}
[175.758633] (explore_lite) StdoutLine: {'line': b'-- Set runtime path of "/home/cricchetto/Robomaster_WS/install/explore_lite/lib/explore_lite/explore" to ""\n'}
[175.759806] (explore_lite) StdoutLine: {'line': b'-- Installing: /home/cricchetto/Robomaster_WS/install/explore_lite/share/ament_index/resource_index/package_run_dependencies/explore_lite\n'}
[175.762238] (explore_lite) StdoutLine: {'line': b'-- Installing: /home/cricchetto/Robomaster_WS/install/explore_lite/share/ament_index/resource_index/parent_prefix_path/explore_lite\n'}
[175.764570] (explore_lite) StdoutLine: {'line': b'-- Installing: /home/cricchetto/Robomaster_WS/install/explore_lite/share/explore_lite/environment/ament_prefix_path.sh\n'}
[175.766440] (explore_lite) StdoutLine: {'line': b'-- Installing: /home/cricchetto/Robomaster_WS/install/explore_lite/share/explore_lite/environment/ament_prefix_path.dsv\n'}
[175.768463] (explore_lite) StdoutLine: {'line': b'-- Installing: /home/cricchetto/Robomaster_WS/install/explore_lite/share/explore_lite/environment/path.sh\n'}
[175.770312] (explore_lite) StdoutLine: {'line': b'-- Installing: /home/cricchetto/Robomaster_WS/install/explore_lite/share/explore_lite/environment/path.dsv\n'}
[175.772256] (explore_lite) StdoutLine: {'line': b'-- Installing: /home/cricchetto/Robomaster_WS/install/explore_lite/share/explore_lite/local_setup.bash\n'}
[175.774288] (explore_lite) StdoutLine: {'line': b'-- Installing: /home/cricchetto/Robomaster_WS/install/explore_lite/share/explore_lite/local_setup.sh\n'}
[175.776250] (explore_lite) StdoutLine: {'line': b'-- Installing: /home/cricchetto/Robomaster_WS/install/explore_lite/share/explore_lite/local_setup.zsh\n'}
[175.778163] (explore_lite) StdoutLine: {'line': b'-- Installing: /home/cricchetto/Robomaster_WS/install/explore_lite/share/explore_lite/local_setup.dsv\n'}
[175.780055] (explore_lite) StdoutLine: {'line': b'-- Installing: /home/cricchetto/Robomaster_WS/install/explore_lite/share/explore_lite/package.dsv\n'}
[175.782321] (explore_lite) StdoutLine: {'line': b'-- Installing: /home/cricchetto/Robomaster_WS/install/explore_lite/share/ament_index/resource_index/packages/explore_lite\n'}
[175.784809] (explore_lite) StdoutLine: {'line': b'-- Installing: /home/cricchetto/Robomaster_WS/install/explore_lite/share/explore_lite/cmake/ament_cmake_export_include_directories-extras.cmake\n'}
[175.786801] (explore_lite) StdoutLine: {'line': b'-- Installing: /home/cricchetto/Robomaster_WS/install/explore_lite/share/explore_lite/cmake/explore_liteConfig.cmake\n'}
[175.788799] (explore_lite) StdoutLine: {'line': b'-- Installing: /home/cricchetto/Robomaster_WS/install/explore_lite/share/explore_lite/cmake/explore_liteConfig-version.cmake\n'}
[175.790625] (explore_lite) StdoutLine: {'line': b'-- Installing: /home/cricchetto/Robomaster_WS/install/explore_lite/share/explore_lite/package.xml\n'}
[175.811937] (explore_lite) CommandEnded: {'returncode': 0}
[175.854709] (-) TimerEvent: {}
[175.894170] (explore_lite) JobEnded: {'identifier': 'explore_lite', 'rc': 0}
[175.954942] (-) TimerEvent: {}
[176.055789] (-) TimerEvent: {}
[176.156615] (-) TimerEvent: {}
[176.257546] (-) TimerEvent: {}
[176.358396] (-) TimerEvent: {}
[176.459285] (-) TimerEvent: {}
[176.560274] (-) TimerEvent: {}
[176.661215] (-) TimerEvent: {}
[176.762083] (-) TimerEvent: {}
[176.862925] (-) TimerEvent: {}
[176.898245] (robomaster_msgs) StdoutLine: {'line': b'[ 15%] \x1b[32mBuilding CXX object CMakeFiles/robomaster_msgs__rosidl_typesupport_introspection_cpp.dir/rosidl_typesupport_introspection_cpp/robomaster_msgs/msg/detail/armor_hit__type_support.cpp.o\x1b[0m\n'}
[176.963142] (-) TimerEvent: {}
[177.063940] (-) TimerEvent: {}
[177.164693] (-) TimerEvent: {}
[177.265534] (-) TimerEvent: {}
[177.366339] (-) TimerEvent: {}
[177.467180] (-) TimerEvent: {}
[177.568161] (-) TimerEvent: {}
[177.669002] (-) TimerEvent: {}
[177.769811] (-) TimerEvent: {}
[177.870636] (-) TimerEvent: {}
[177.971459] (-) TimerEvent: {}
[178.072282] (-) TimerEvent: {}
[178.173074] (-) TimerEvent: {}
[178.273948] (-) TimerEvent: {}
[178.374846] (-) TimerEvent: {}
[178.475765] (-) TimerEvent: {}
[178.576568] (-) TimerEvent: {}
[178.677354] (-) TimerEvent: {}
[178.729098] (robomaster_msgs) StdoutLine: {'line': b'[ 15%] \x1b[32mBuilding CXX object CMakeFiles/robomaster_msgs__rosidl_typesupport_introspection_cpp.dir/rosidl_typesupport_introspection_cpp/robomaster_msgs/msg/detail/detected_line__type_support.cpp.o\x1b[0m\n'}
[178.777574] (-) TimerEvent: {}
[178.878323] (-) TimerEvent: {}
[178.979104] (-) TimerEvent: {}
[179.079861] (-) TimerEvent: {}
[179.180679] (-) TimerEvent: {}
[179.281502] (-) TimerEvent: {}
[179.382376] (-) TimerEvent: {}
[179.483222] (-) TimerEvent: {}
[179.584128] (-) TimerEvent: {}
[179.685014] (-) TimerEvent: {}
[179.786011] (-) TimerEvent: {}
[179.886892] (-) TimerEvent: {}
[179.987812] (-) TimerEvent: {}
[180.088599] (-) TimerEvent: {}
[180.189438] (-) TimerEvent: {}
[180.290370] (-) TimerEvent: {}
[180.391246] (-) TimerEvent: {}
[180.492163] (-) TimerEvent: {}
[180.538814] (robomaster_msgs) StdoutLine: {'line': b'[ 16%] \x1b[32mBuilding CXX object CMakeFiles/robomaster_msgs__rosidl_typesupport_introspection_cpp.dir/rosidl_typesupport_introspection_cpp/robomaster_msgs/msg/detail/detected_gesture__type_support.cpp.o\x1b[0m\n'}
[180.592373] (-) TimerEvent: {}
[180.693127] (-) TimerEvent: {}
[180.793885] (-) TimerEvent: {}
[180.894674] (-) TimerEvent: {}
[180.995491] (-) TimerEvent: {}
[181.096370] (-) TimerEvent: {}
[181.197433] (-) TimerEvent: {}
[181.298518] (-) TimerEvent: {}
[181.399370] (-) TimerEvent: {}
[181.500221] (-) TimerEvent: {}
[181.601021] (-) TimerEvent: {}
[181.701955] (-) TimerEvent: {}
[181.802839] (-) TimerEvent: {}
[181.903751] (-) TimerEvent: {}
[182.004684] (-) TimerEvent: {}
[182.105603] (-) TimerEvent: {}
[182.206566] (-) TimerEvent: {}
[182.307511] (-) TimerEvent: {}
[182.389540] (robomaster_msgs) StdoutLine: {'line': b'[ 16%] \x1b[32mBuilding CXX object CMakeFiles/robomaster_msgs__rosidl_typesupport_introspection_cpp.dir/rosidl_typesupport_introspection_cpp/robomaster_msgs/msg/detail/detected_marker__type_support.cpp.o\x1b[0m\n'}
[182.407761] (-) TimerEvent: {}
[182.508605] (-) TimerEvent: {}
[182.609433] (-) TimerEvent: {}
[182.710297] (-) TimerEvent: {}
[182.811175] (-) TimerEvent: {}
[182.912142] (-) TimerEvent: {}
[183.013034] (-) TimerEvent: {}
[183.113919] (-) TimerEvent: {}
[183.214891] (-) TimerEvent: {}
[183.315849] (-) TimerEvent: {}
[183.416776] (-) TimerEvent: {}
[183.517859] (-) TimerEvent: {}
[183.619028] (-) TimerEvent: {}
[183.720055] (-) TimerEvent: {}
[183.820992] (-) TimerEvent: {}
[183.921954] (-) TimerEvent: {}
[184.022888] (-) TimerEvent: {}
[184.123860] (-) TimerEvent: {}
[184.190302] (robomaster_msgs) StdoutLine: {'line': b'[ 16%] \x1b[32mBuilding CXX object CMakeFiles/robomaster_msgs__rosidl_typesupport_introspection_cpp.dir/rosidl_typesupport_introspection_cpp/robomaster_msgs/msg/detail/detected_person__type_support.cpp.o\x1b[0m\n'}
[184.224074] (-) TimerEvent: {}
[184.325031] (-) TimerEvent: {}
[184.425867] (-) TimerEvent: {}
[184.526731] (-) TimerEvent: {}
[184.627587] (-) TimerEvent: {}
[184.728594] (-) TimerEvent: {}
[184.829624] (-) TimerEvent: {}
[184.930576] (-) TimerEvent: {}
[185.031489] (-) TimerEvent: {}
[185.132321] (-) TimerEvent: {}
[185.233124] (-) TimerEvent: {}
[185.334008] (-) TimerEvent: {}
[185.434859] (-) TimerEvent: {}
[185.535785] (-) TimerEvent: {}
[185.642939] (-) TimerEvent: {}
[185.743907] (-) TimerEvent: {}
[185.845228] (-) TimerEvent: {}
[185.946081] (-) TimerEvent: {}
[186.033415] (robomaster_msgs) StdoutLine: {'line': b'[ 17%] \x1b[32mBuilding CXX object CMakeFiles/robomaster_msgs__rosidl_typesupport_introspection_cpp.dir/rosidl_typesupport_introspection_cpp/robomaster_msgs/msg/detail/detected_robot__type_support.cpp.o\x1b[0m\n'}
[186.046315] (-) TimerEvent: {}
[186.147157] (-) TimerEvent: {}
[186.248009] (-) TimerEvent: {}
[186.348878] (-) TimerEvent: {}
[186.449743] (-) TimerEvent: {}
[186.550698] (-) TimerEvent: {}
[186.651606] (-) TimerEvent: {}
[186.752554] (-) TimerEvent: {}
[186.853674] (-) TimerEvent: {}
[186.954744] (-) TimerEvent: {}
[187.055832] (-) TimerEvent: {}
[187.156742] (-) TimerEvent: {}
[187.257627] (-) TimerEvent: {}
[187.358568] (-) TimerEvent: {}
[187.459815] (-) TimerEvent: {}
[187.560650] (-) TimerEvent: {}
[187.661570] (-) TimerEvent: {}
[187.762383] (-) TimerEvent: {}
[187.863299] (-) TimerEvent: {}
[187.964245] (-) TimerEvent: {}
[188.013179] (robomaster_msgs) StdoutLine: {'line': b'[ 17%] \x1b[32mBuilding CXX object CMakeFiles/robomaster_msgs__rosidl_typesupport_introspection_cpp.dir/rosidl_typesupport_introspection_cpp/robomaster_msgs/msg/detail/detection__type_support.cpp.o\x1b[0m\n'}
[188.064449] (-) TimerEvent: {}
[188.165275] (-) TimerEvent: {}
[188.266022] (-) TimerEvent: {}
[188.366805] (-) TimerEvent: {}
[188.467948] (-) TimerEvent: {}
[188.569127] (-) TimerEvent: {}
[188.670326] (-) TimerEvent: {}
[188.771514] (-) TimerEvent: {}
[188.872682] (-) TimerEvent: {}
[188.973965] (-) TimerEvent: {}
[189.075149] (-) TimerEvent: {}
[189.176426] (-) TimerEvent: {}
[189.277673] (-) TimerEvent: {}
[189.378839] (-) TimerEvent: {}
[189.480030] (-) TimerEvent: {}
[189.581272] (-) TimerEvent: {}
[189.682562] (-) TimerEvent: {}
[189.783802] (-) TimerEvent: {}
[189.884994] (-) TimerEvent: {}
[189.986222] (-) TimerEvent: {}
[190.087463] (-) TimerEvent: {}
[190.188700] (-) TimerEvent: {}
[190.289818] (-) TimerEvent: {}
[190.391019] (-) TimerEvent: {}
[190.492200] (-) TimerEvent: {}
[190.593371] (-) TimerEvent: {}
[190.694564] (-) TimerEvent: {}
[190.695766] (robomaster_msgs) StdoutLine: {'line': b'[ 17%] \x1b[32mBuilding CXX object CMakeFiles/robomaster_msgs__rosidl_typesupport_introspection_cpp.dir/rosidl_typesupport_introspection_cpp/robomaster_msgs/msg/detail/region_of_interest__type_support.cpp.o\x1b[0m\n'}
[190.794775] (-) TimerEvent: {}
[190.895541] (-) TimerEvent: {}
[190.996332] (-) TimerEvent: {}
[191.097129] (-) TimerEvent: {}
[191.197992] (-) TimerEvent: {}
[191.298893] (-) TimerEvent: {}
[191.399747] (-) TimerEvent: {}
[191.500578] (-) TimerEvent: {}
[191.601503] (-) TimerEvent: {}
[191.702363] (-) TimerEvent: {}
[191.803159] (-) TimerEvent: {}
[191.904094] (-) TimerEvent: {}
[192.005027] (-) TimerEvent: {}
[192.106392] (-) TimerEvent: {}
[192.207246] (-) TimerEvent: {}
[192.308110] (-) TimerEvent: {}
[192.408861] (-) TimerEvent: {}
[192.503564] (robomaster_msgs) StdoutLine: {'line': b'[ 17%] \x1b[32mBuilding CXX object CMakeFiles/robomaster_msgs__rosidl_typesupport_introspection_cpp.dir/rosidl_typesupport_introspection_cpp/robomaster_msgs/msg/detail/serial__type_support.cpp.o\x1b[0m\n'}
[192.509039] (-) TimerEvent: {}
[192.609737] (-) TimerEvent: {}
[192.710996] (-) TimerEvent: {}
[192.812304] (-) TimerEvent: {}
[192.913707] (-) TimerEvent: {}
[193.015507] (-) TimerEvent: {}
[193.117078] (-) TimerEvent: {}
[193.218586] (-) TimerEvent: {}
[193.320244] (-) TimerEvent: {}
[193.421891] (-) TimerEvent: {}
[193.523418] (-) TimerEvent: {}
[193.625046] (-) TimerEvent: {}
[193.726596] (-) TimerEvent: {}
[193.828124] (-) TimerEvent: {}
[193.929660] (-) TimerEvent: {}
[194.031291] (-) TimerEvent: {}
[194.132997] (-) TimerEvent: {}
[194.234611] (-) TimerEvent: {}
[194.336162] (-) TimerEvent: {}
[194.438440] (-) TimerEvent: {}
[194.540917] (-) TimerEvent: {}
[194.616242] (robomaster_msgs) StdoutLine: {'line': b'[ 18%] \x1b[32mBuilding CXX object CMakeFiles/robomaster_msgs__rosidl_typesupport_introspection_cpp.dir/rosidl_typesupport_introspection_cpp/robomaster_msgs/msg/detail/servo_command__type_support.cpp.o\x1b[0m\n'}
[194.641158] (-) TimerEvent: {}
[194.742029] (-) TimerEvent: {}
[194.843172] (-) TimerEvent: {}
[194.943984] (-) TimerEvent: {}
[195.045302] (-) TimerEvent: {}
[195.146455] (-) TimerEvent: {}
[195.247798] (-) TimerEvent: {}
[195.349137] (-) TimerEvent: {}
[195.450599] (-) TimerEvent: {}
[195.552053] (-) TimerEvent: {}
[195.654128] (-) TimerEvent: {}
[195.755332] (-) TimerEvent: {}
[195.856636] (-) TimerEvent: {}
[195.957628] (-) TimerEvent: {}
[196.058523] (-) TimerEvent: {}
[196.159254] (-) TimerEvent: {}
[196.260162] (-) TimerEvent: {}
[196.361042] (-) TimerEvent: {}
[196.461936] (-) TimerEvent: {}
[196.562854] (-) TimerEvent: {}
[196.663851] (-) TimerEvent: {}
[196.723808] (robomaster_msgs) StdoutLine: {'line': b'[ 18%] \x1b[32mBuilding CXX object CMakeFiles/robomaster_msgs__rosidl_typesupport_introspection_cpp.dir/rosidl_typesupport_introspection_cpp/robomaster_msgs/msg/detail/gimbal_command__type_support.cpp.o\x1b[0m\n'}
[196.764066] (-) TimerEvent: {}
[196.864985] (-) TimerEvent: {}
[196.965813] (-) TimerEvent: {}
[197.066566] (-) TimerEvent: {}
[197.167390] (-) TimerEvent: {}
[197.268251] (-) TimerEvent: {}
[197.369098] (-) TimerEvent: {}
[197.469934] (-) TimerEvent: {}
[197.570810] (-) TimerEvent: {}
[197.671714] (-) TimerEvent: {}
[197.772537] (-) TimerEvent: {}
[197.873360] (-) TimerEvent: {}
[197.974205] (-) TimerEvent: {}
[198.075072] (-) TimerEvent: {}
[198.175922] (-) TimerEvent: {}
[198.276742] (-) TimerEvent: {}
[198.377578] (-) TimerEvent: {}
[198.478404] (-) TimerEvent: {}
[198.579278] (-) TimerEvent: {}
[198.627194] (robomaster_msgs) StdoutLine: {'line': b'[ 18%] \x1b[32mBuilding CXX object CMakeFiles/robomaster_msgs__rosidl_typesupport_introspection_cpp.dir/rosidl_typesupport_introspection_cpp/robomaster_msgs/msg/detail/blaster_led__type_support.cpp.o\x1b[0m\n'}
[198.679545] (-) TimerEvent: {}
[198.780428] (-) TimerEvent: {}
[198.881189] (-) TimerEvent: {}
[198.982007] (-) TimerEvent: {}
[199.082815] (-) TimerEvent: {}
[199.183762] (-) TimerEvent: {}
[199.284636] (-) TimerEvent: {}
[199.385535] (-) TimerEvent: {}
[199.486433] (-) TimerEvent: {}
[199.587416] (-) TimerEvent: {}
[199.688499] (-) TimerEvent: {}
[199.789340] (-) TimerEvent: {}
[199.890222] (-) TimerEvent: {}
[199.991119] (-) TimerEvent: {}
[200.091953] (-) TimerEvent: {}
[200.192882] (-) TimerEvent: {}
[200.293889] (-) TimerEvent: {}
[200.394731] (-) TimerEvent: {}
[200.495579] (-) TimerEvent: {}
[200.525429] (robomaster_msgs) StdoutLine: {'line': b'[ 19%] \x1b[32mBuilding CXX object CMakeFiles/robomaster_msgs__rosidl_typesupport_introspection_cpp.dir/rosidl_typesupport_introspection_cpp/robomaster_msgs/msg/detail/mode__type_support.cpp.o\x1b[0m\n'}
[200.595827] (-) TimerEvent: {}
[200.696580] (-) TimerEvent: {}
[200.797333] (-) TimerEvent: {}
[200.898055] (-) TimerEvent: {}
[200.998900] (-) TimerEvent: {}
[201.099796] (-) TimerEvent: {}
[201.200590] (-) TimerEvent: {}
[201.301422] (-) TimerEvent: {}
[201.402273] (-) TimerEvent: {}
[201.503226] (-) TimerEvent: {}
[201.604115] (-) TimerEvent: {}
[201.705085] (-) TimerEvent: {}
[201.805955] (-) TimerEvent: {}
[201.906815] (-) TimerEvent: {}
[202.007705] (-) TimerEvent: {}
[202.108562] (-) TimerEvent: {}
[202.209404] (-) TimerEvent: {}
[202.310260] (-) TimerEvent: {}
[202.411122] (-) TimerEvent: {}
[202.424951] (robomaster_msgs) StdoutLine: {'line': b'[ 19%] \x1b[32mBuilding CXX object CMakeFiles/robomaster_msgs__rosidl_typesupport_introspection_cpp.dir/rosidl_typesupport_introspection_cpp/robomaster_msgs/msg/detail/audio_data__type_support.cpp.o\x1b[0m\n'}
[202.511354] (-) TimerEvent: {}
[202.612807] (-) TimerEvent: {}
[202.714151] (-) TimerEvent: {}
[202.815480] (-) TimerEvent: {}
[202.916972] (-) TimerEvent: {}
[203.018639] (-) TimerEvent: {}
[203.120193] (-) TimerEvent: {}
[203.221843] (-) TimerEvent: {}
[203.323625] (-) TimerEvent: {}
[203.425183] (-) TimerEvent: {}
[203.526732] (-) TimerEvent: {}
[203.628238] (-) TimerEvent: {}
[203.729821] (-) TimerEvent: {}
[203.831355] (-) TimerEvent: {}
[203.932929] (-) TimerEvent: {}
[204.034649] (-) TimerEvent: {}
[204.136199] (-) TimerEvent: {}
[204.237712] (-) TimerEvent: {}
[204.339263] (-) TimerEvent: {}
[204.440817] (-) TimerEvent: {}
[204.483744] (robomaster_msgs) StdoutLine: {'line': b'[ 19%] \x1b[32mBuilding CXX object CMakeFiles/robomaster_msgs__rosidl_typesupport_introspection_cpp.dir/rosidl_typesupport_introspection_cpp/robomaster_msgs/msg/detail/audio_level__type_support.cpp.o\x1b[0m\n'}
[204.541030] (-) TimerEvent: {}
[204.642085] (-) TimerEvent: {}
[204.743214] (-) TimerEvent: {}
[204.844402] (-) TimerEvent: {}
[204.945557] (-) TimerEvent: {}
[205.046745] (-) TimerEvent: {}
[205.148050] (-) TimerEvent: {}
[205.249266] (-) TimerEvent: {}
[205.335128] (robomaster_msgs) StdoutLine: {'line': b'[ 20%] \x1b[34m\x1b[1mGenerating C type support for eProsima Fast-RTPS\x1b[0m\n'}
[205.349559] (-) TimerEvent: {}
[205.450464] (-) TimerEvent: {}
[205.551367] (-) TimerEvent: {}
[205.652815] (-) TimerEvent: {}
[205.763212] (-) TimerEvent: {}
[205.865151] (-) TimerEvent: {}
[205.967254] (-) TimerEvent: {}
[206.068817] (-) TimerEvent: {}
[206.170900] (-) TimerEvent: {}
[206.273063] (-) TimerEvent: {}
[206.343362] (robomaster_msgs) StdoutLine: {'line': b'[ 20%] \x1b[34m\x1b[1mGenerating C++ type support for eProsima Fast-RTPS\x1b[0m\n'}
[206.373301] (-) TimerEvent: {}
[206.474998] (-) TimerEvent: {}
[206.576641] (-) TimerEvent: {}
[206.678288] (-) TimerEvent: {}
[206.779778] (-) TimerEvent: {}
[206.789382] (robomaster_msgs) StdoutLine: {'line': b'[ 21%] \x1b[32mBuilding CXX object CMakeFiles/robomaster_msgs__rosidl_typesupport_introspection_cpp.dir/rosidl_typesupport_introspection_cpp/robomaster_msgs/msg/detail/audio_opus__type_support.cpp.o\x1b[0m\n'}
[206.879972] (-) TimerEvent: {}
[206.981591] (-) TimerEvent: {}
[207.083058] (-) TimerEvent: {}
[207.184768] (-) TimerEvent: {}
[207.286623] (-) TimerEvent: {}
[207.388176] (-) TimerEvent: {}
[207.400954] (robomaster_msgs) StdoutLine: {'line': b'[ 21%] \x1b[34m\x1b[1mGenerating C++ type support dispatch for ROS interfaces\x1b[0m\n'}
[207.488415] (-) TimerEvent: {}
[207.590004] (-) TimerEvent: {}
[207.692623] (-) TimerEvent: {}
[207.794197] (-) TimerEvent: {}
[207.895850] (-) TimerEvent: {}
[207.997446] (-) TimerEvent: {}
[208.098392] (-) TimerEvent: {}
[208.199239] (-) TimerEvent: {}
[208.300111] (-) TimerEvent: {}
[208.401618] (-) TimerEvent: {}
[208.503368] (-) TimerEvent: {}
[208.605658] (-) TimerEvent: {}
[208.707684] (-) TimerEvent: {}
[208.809376] (-) TimerEvent: {}
[208.910905] (-) TimerEvent: {}
[209.012460] (-) TimerEvent: {}
[209.113314] (-) TimerEvent: {}
[209.214251] (-) TimerEvent: {}
[209.315733] (-) TimerEvent: {}
[209.417164] (-) TimerEvent: {}
[209.518565] (-) TimerEvent: {}
[209.620113] (-) TimerEvent: {}
[209.721578] (-) TimerEvent: {}
[209.823009] (-) TimerEvent: {}
[209.924849] (-) TimerEvent: {}
[209.984194] (robomaster_msgs) StdoutLine: {'line': b'[ 21%] \x1b[32mBuilding CXX object CMakeFiles/robomaster_msgs__rosidl_typesupport_introspection_cpp.dir/rosidl_typesupport_introspection_cpp/robomaster_msgs/msg/detail/h264_packet__type_support.cpp.o\x1b[0m\n'}
[210.025077] (-) TimerEvent: {}
[210.126821] (-) TimerEvent: {}
[210.229530] (-) TimerEvent: {}
[210.331077] (-) TimerEvent: {}
[210.432431] (-) TimerEvent: {}
[210.533860] (-) TimerEvent: {}
[210.635403] (-) TimerEvent: {}
[210.736885] (-) TimerEvent: {}
[210.838320] (-) TimerEvent: {}
[210.939842] (-) TimerEvent: {}
[211.041441] (-) TimerEvent: {}
[211.143019] (-) TimerEvent: {}
[211.244695] (-) TimerEvent: {}
[211.346863] (-) TimerEvent: {}
[211.448437] (-) TimerEvent: {}
[211.549976] (-) TimerEvent: {}
[211.651729] (-) TimerEvent: {}
[211.753452] (-) TimerEvent: {}
[211.855432] (-) TimerEvent: {}
[211.956277] (-) TimerEvent: {}
[212.057914] (-) TimerEvent: {}
[212.159991] (-) TimerEvent: {}
[212.261314] (-) TimerEvent: {}
[212.362753] (-) TimerEvent: {}
[212.464349] (-) TimerEvent: {}
[212.565855] (-) TimerEvent: {}
[212.666834] (-) TimerEvent: {}
[212.768514] (-) TimerEvent: {}
[212.870370] (-) TimerEvent: {}
[212.972029] (-) TimerEvent: {}
[213.073625] (-) TimerEvent: {}
[213.175333] (-) TimerEvent: {}
[213.276937] (-) TimerEvent: {}
[213.378715] (-) TimerEvent: {}
[213.480249] (-) TimerEvent: {}
[213.563504] (robomaster_msgs) StdoutLine: {'line': b'[ 21%] \x1b[32mBuilding CXX object CMakeFiles/robomaster_msgs__rosidl_typesupport_introspection_cpp.dir/rosidl_typesupport_introspection_cpp/robomaster_msgs/msg/detail/sensor_adapter__type_support.cpp.o\x1b[0m\n'}
[213.580494] (-) TimerEvent: {}
[213.681993] (-) TimerEvent: {}
[213.783515] (-) TimerEvent: {}
[213.885032] (-) TimerEvent: {}
[213.986775] (-) TimerEvent: {}
[214.088977] (-) TimerEvent: {}
[214.190382] (-) TimerEvent: {}
[214.292240] (-) TimerEvent: {}
[214.393969] (-) TimerEvent: {}
[214.494963] (-) TimerEvent: {}
[214.595860] (-) TimerEvent: {}
[214.697378] (-) TimerEvent: {}
[214.798815] (-) TimerEvent: {}
[214.900397] (-) TimerEvent: {}
[215.002235] (-) TimerEvent: {}
[215.103883] (-) TimerEvent: {}
[215.205540] (-) TimerEvent: {}
[215.308309] (-) TimerEvent: {}
[215.409914] (-) TimerEvent: {}
[215.511621] (-) TimerEvent: {}
[215.613104] (-) TimerEvent: {}
[215.714742] (-) TimerEvent: {}
[215.815534] (-) TimerEvent: {}
[215.917058] (-) TimerEvent: {}
[216.019449] (-) TimerEvent: {}
[216.120981] (-) TimerEvent: {}
[216.222558] (-) TimerEvent: {}
[216.324030] (-) TimerEvent: {}
[216.425512] (-) TimerEvent: {}
[216.527178] (-) TimerEvent: {}
[216.628706] (-) TimerEvent: {}
[216.730336] (-) TimerEvent: {}
[216.831291] (-) TimerEvent: {}
[216.881248] (robomaster_msgs) StdoutLine: {'line': b'[ 22%] \x1b[32mBuilding CXX object CMakeFiles/robomaster_msgs__rosidl_typesupport_introspection_cpp.dir/rosidl_typesupport_introspection_cpp/robomaster_msgs/msg/detail/servo_raw_state__type_support.cpp.o\x1b[0m\n'}
[216.931545] (-) TimerEvent: {}
[217.032514] (-) TimerEvent: {}
[217.133355] (-) TimerEvent: {}
[217.234292] (-) TimerEvent: {}
[217.335210] (-) TimerEvent: {}
[217.436117] (-) TimerEvent: {}
[217.537027] (-) TimerEvent: {}
[217.638058] (-) TimerEvent: {}
[217.739072] (-) TimerEvent: {}
[217.840009] (-) TimerEvent: {}
[217.940921] (-) TimerEvent: {}
[218.041885] (-) TimerEvent: {}
[218.142874] (-) TimerEvent: {}
[218.243832] (-) TimerEvent: {}
[218.344976] (-) TimerEvent: {}
[218.446095] (-) TimerEvent: {}
[218.547044] (-) TimerEvent: {}
[218.648021] (-) TimerEvent: {}
[218.748986] (-) TimerEvent: {}
[218.849874] (-) TimerEvent: {}
[218.950754] (-) TimerEvent: {}
[219.051614] (-) TimerEvent: {}
[219.153397] (-) TimerEvent: {}
[219.255288] (-) TimerEvent: {}
[219.357258] (-) TimerEvent: {}
[219.458880] (-) TimerEvent: {}
[219.560608] (-) TimerEvent: {}
[219.662278] (-) TimerEvent: {}
[219.763793] (-) TimerEvent: {}
[219.864647] (-) TimerEvent: {}
[219.966215] (-) TimerEvent: {}
[220.067734] (-) TimerEvent: {}
[220.117561] (robomaster_msgs) StdoutLine: {'line': b'[ 22%] \x1b[32mBuilding CXX object CMakeFiles/robomaster_msgs__rosidl_typesupport_introspection_cpp.dir/rosidl_typesupport_introspection_cpp/robomaster_msgs/msg/detail/speaker_command__type_support.cpp.o\x1b[0m\n'}
[220.167922] (-) TimerEvent: {}
[220.269669] (-) TimerEvent: {}
[220.371198] (-) TimerEvent: {}
[220.472607] (-) TimerEvent: {}
[220.573891] (-) TimerEvent: {}
[220.675336] (-) TimerEvent: {}
[220.778064] (-) TimerEvent: {}
[220.879157] (-) TimerEvent: {}
[220.980105] (-) TimerEvent: {}
[221.082084] (-) TimerEvent: {}
[221.184030] (-) TimerEvent: {}
[221.286154] (-) TimerEvent: {}
[221.388195] (-) TimerEvent: {}
[221.490151] (-) TimerEvent: {}
[221.592087] (-) TimerEvent: {}
[221.694456] (-) TimerEvent: {}
[221.796431] (-) TimerEvent: {}
[221.898718] (-) TimerEvent: {}
[221.999748] (-) TimerEvent: {}
[222.100864] (-) TimerEvent: {}
[222.202006] (-) TimerEvent: {}
[222.302946] (-) TimerEvent: {}
[222.403792] (-) TimerEvent: {}
[222.504560] (-) TimerEvent: {}
[222.605455] (-) TimerEvent: {}
[222.706372] (-) TimerEvent: {}
[222.807181] (-) TimerEvent: {}
[222.908029] (-) TimerEvent: {}
[223.009696] (-) TimerEvent: {}
[223.081936] (robomaster_msgs) StdoutLine: {'line': b'[ 22%] \x1b[32mBuilding CXX object CMakeFiles/robomaster_msgs__rosidl_typesupport_introspection_cpp.dir/rosidl_typesupport_introspection_cpp/robomaster_msgs/action/detail/move__type_support.cpp.o\x1b[0m\n'}
[223.109930] (-) TimerEvent: {}
[223.210773] (-) TimerEvent: {}
[223.311614] (-) TimerEvent: {}
[223.412526] (-) TimerEvent: {}
[223.513363] (-) TimerEvent: {}
[223.614889] (-) TimerEvent: {}
[223.716527] (-) TimerEvent: {}
[223.818001] (-) TimerEvent: {}
[223.919790] (-) TimerEvent: {}
[224.021625] (-) TimerEvent: {}
[224.123182] (-) TimerEvent: {}
[224.224084] (-) TimerEvent: {}
[224.325480] (-) TimerEvent: {}
[224.426954] (-) TimerEvent: {}
[224.528497] (-) TimerEvent: {}
[224.630008] (-) TimerEvent: {}
[224.731410] (-) TimerEvent: {}
[224.833038] (-) TimerEvent: {}
[224.934737] (-) TimerEvent: {}
[225.036436] (-) TimerEvent: {}
[225.137940] (-) TimerEvent: {}
[225.239706] (-) TimerEvent: {}
[225.341138] (-) TimerEvent: {}
[225.442677] (-) TimerEvent: {}
[225.544147] (-) TimerEvent: {}
[225.645471] (-) TimerEvent: {}
[225.746850] (-) TimerEvent: {}
[225.848306] (-) TimerEvent: {}
[225.949931] (-) TimerEvent: {}
[226.051523] (-) TimerEvent: {}
[226.153757] (-) TimerEvent: {}
[226.255693] (-) TimerEvent: {}
[226.356781] (-) TimerEvent: {}
[226.457715] (-) TimerEvent: {}
[226.558551] (-) TimerEvent: {}
[226.659936] (-) TimerEvent: {}
[226.761540] (-) TimerEvent: {}
[226.863364] (-) TimerEvent: {}
[226.965565] (-) TimerEvent: {}
[227.068285] (-) TimerEvent: {}
[227.170148] (-) TimerEvent: {}
[227.272260] (-) TimerEvent: {}
[227.374597] (-) TimerEvent: {}
[227.475463] (-) TimerEvent: {}
[227.531099] (multirobot_map_merge) StdoutLine: {'line': b'[ 66%] \x1b[32m\x1b[1mLinking CXX executable map_merge\x1b[0m\n'}
[227.575831] (-) TimerEvent: {}
[227.676822] (-) TimerEvent: {}
[227.777942] (-) TimerEvent: {}
[227.879452] (-) TimerEvent: {}
[227.980948] (-) TimerEvent: {}
[228.082424] (-) TimerEvent: {}
[228.184038] (-) TimerEvent: {}
[228.192782] (robomaster_msgs) StdoutLine: {'line': b'[ 22%] \x1b[32mBuilding CXX object CMakeFiles/robomaster_msgs__rosidl_typesupport_introspection_cpp.dir/rosidl_typesupport_introspection_cpp/robomaster_msgs/action/detail/move_arm__type_support.cpp.o\x1b[0m\n'}
[228.284237] (-) TimerEvent: {}
[228.385923] (-) TimerEvent: {}
[228.487725] (-) TimerEvent: {}
[228.589220] (-) TimerEvent: {}
[228.690890] (-) TimerEvent: {}
[228.792629] (-) TimerEvent: {}
[228.893996] (-) TimerEvent: {}
[228.995556] (-) TimerEvent: {}
[229.096535] (-) TimerEvent: {}
[229.197536] (-) TimerEvent: {}
[229.298582] (-) TimerEvent: {}
[229.399878] (-) TimerEvent: {}
[229.503251] (-) TimerEvent: {}
[229.604950] (-) TimerEvent: {}
[229.706063] (-) TimerEvent: {}
[229.806980] (-) TimerEvent: {}
[229.908724] (-) TimerEvent: {}
[230.010157] (-) TimerEvent: {}
[230.111769] (-) TimerEvent: {}
[230.213435] (-) TimerEvent: {}
[230.316280] (-) TimerEvent: {}
[230.418633] (-) TimerEvent: {}
[230.521271] (-) TimerEvent: {}
[230.624081] (-) TimerEvent: {}
[230.725821] (-) TimerEvent: {}
[230.835298] (-) TimerEvent: {}
[230.936440] (-) TimerEvent: {}
[231.037249] (-) TimerEvent: {}
[231.138232] (-) TimerEvent: {}
[231.239028] (-) TimerEvent: {}
[231.340074] (-) TimerEvent: {}
[231.440899] (-) TimerEvent: {}
[231.541771] (-) TimerEvent: {}
[231.643976] (-) TimerEvent: {}
[231.745990] (-) TimerEvent: {}
[231.847810] (-) TimerEvent: {}
[231.950058] (-) TimerEvent: {}
[232.052408] (-) TimerEvent: {}
[232.154430] (-) TimerEvent: {}
[232.256746] (-) TimerEvent: {}
[232.359057] (-) TimerEvent: {}
[232.461085] (-) TimerEvent: {}
[232.563167] (-) TimerEvent: {}
[232.665359] (-) TimerEvent: {}
[232.767369] (-) TimerEvent: {}
[232.869542] (-) TimerEvent: {}
[232.971851] (-) TimerEvent: {}
[233.073514] (-) TimerEvent: {}
[233.174319] (-) TimerEvent: {}
[233.275982] (-) TimerEvent: {}
[233.377739] (-) TimerEvent: {}
[233.444561] (robomaster_msgs) StdoutLine: {'line': b'[ 23%] \x1b[32mBuilding CXX object CMakeFiles/robomaster_msgs__rosidl_typesupport_cpp.dir/rosidl_typesupport_cpp/robomaster_msgs/msg/wheel_speeds__type_support.cpp.o\x1b[0m\n'}
[233.478225] (-) TimerEvent: {}
[233.579741] (-) TimerEvent: {}
[233.681087] (-) TimerEvent: {}
[233.782725] (-) TimerEvent: {}
[233.884231] (-) TimerEvent: {}
[233.985275] (-) TimerEvent: {}
[234.087216] (-) TimerEvent: {}
[234.189081] (-) TimerEvent: {}
[234.290067] (-) TimerEvent: {}
[234.392028] (-) TimerEvent: {}
[234.494055] (-) TimerEvent: {}
[234.595932] (-) TimerEvent: {}
[234.697646] (-) TimerEvent: {}
[234.699598] (robomaster_msgs) StdoutLine: {'line': b'[ 24%] \x1b[32mBuilding CXX object CMakeFiles/robomaster_msgs__rosidl_typesupport_introspection_cpp.dir/rosidl_typesupport_introspection_cpp/robomaster_msgs/action/detail/gripper_control__type_support.cpp.o\x1b[0m\n'}
[234.797837] (-) TimerEvent: {}
[234.899421] (-) TimerEvent: {}
[235.001203] (-) TimerEvent: {}
[235.102956] (-) TimerEvent: {}
[235.205475] (-) TimerEvent: {}
[235.307319] (-) TimerEvent: {}
[235.409185] (-) TimerEvent: {}
[235.511776] (-) TimerEvent: {}
[235.614186] (-) TimerEvent: {}
[235.716475] (-) TimerEvent: {}
[235.818445] (-) TimerEvent: {}
[235.904889] (robomaster_msgs) StdoutLine: {'line': b'[ 24%] \x1b[32mBuilding CXX object CMakeFiles/robomaster_msgs__rosidl_typesupport_cpp.dir/rosidl_typesupport_cpp/robomaster_msgs/msg/led_effect__type_support.cpp.o\x1b[0m\n'}
[235.918671] (-) TimerEvent: {}
[236.020345] (-) TimerEvent: {}
[236.121715] (-) TimerEvent: {}
[236.223435] (-) TimerEvent: {}
[236.325539] (-) TimerEvent: {}
[236.426999] (-) TimerEvent: {}
[236.528727] (-) TimerEvent: {}
[236.630681] (-) TimerEvent: {}
[236.732628] (-) TimerEvent: {}
[236.834582] (-) TimerEvent: {}
[236.936941] (-) TimerEvent: {}
[237.039309] (-) TimerEvent: {}
[237.141544] (-) TimerEvent: {}
[237.243450] (-) TimerEvent: {}
[237.344763] (-) TimerEvent: {}
[237.445965] (-) TimerEvent: {}
[237.547555] (-) TimerEvent: {}
[237.649274] (-) TimerEvent: {}
[237.751497] (-) TimerEvent: {}
[237.853706] (-) TimerEvent: {}
[237.955487] (-) TimerEvent: {}
[237.986030] (multirobot_map_merge) StdoutLine: {'line': b'[ 66%] Built target map_merge\n'}
[238.033971] (robomaster_msgs) StdoutLine: {'line': b'[ 24%] \x1b[32mBuilding CXX object CMakeFiles/robomaster_msgs__rosidl_typesupport_cpp.dir/rosidl_typesupport_cpp/robomaster_msgs/msg/chassis_status__type_support.cpp.o\x1b[0m\n'}
[238.055910] (-) TimerEvent: {}
[238.089783] (multirobot_map_merge) StdoutLine: {'line': b'[ 75%] \x1b[32mBuilding CXX object gtest/CMakeFiles/gtest_main.dir/src/gtest_main.cc.o\x1b[0m\n'}
[238.156130] (-) TimerEvent: {}
[238.258239] (-) TimerEvent: {}
[238.360548] (-) TimerEvent: {}
[238.462236] (-) TimerEvent: {}
[238.564290] (-) TimerEvent: {}
[238.666139] (-) TimerEvent: {}
[238.768361] (-) TimerEvent: {}
[238.870533] (-) TimerEvent: {}
[238.972976] (-) TimerEvent: {}
[239.075871] (-) TimerEvent: {}
[239.177902] (robomaster_msgs) StdoutLine: {'line': b'[ 24%] \x1b[32mBuilding CXX object CMakeFiles/robomaster_msgs__rosidl_typesupport_introspection_cpp.dir/rosidl_typesupport_introspection_cpp/robomaster_msgs/action/detail/play_sound__type_support.cpp.o\x1b[0m\n'}
[239.178970] (-) TimerEvent: {}
[239.281204] (-) TimerEvent: {}
[239.383212] (-) TimerEvent: {}
[239.484869] (-) TimerEvent: {}
[239.586674] (-) TimerEvent: {}
[239.688744] (-) TimerEvent: {}
[239.790994] (-) TimerEvent: {}
[239.893417] (-) TimerEvent: {}
[239.905738] (robomaster_msgs) StdoutLine: {'line': b'[ 25%] \x1b[32mBuilding CXX object CMakeFiles/robomaster_msgs__rosidl_typesupport_cpp.dir/rosidl_typesupport_cpp/robomaster_msgs/msg/s_bus__type_support.cpp.o\x1b[0m\n'}
[239.993644] (-) TimerEvent: {}
[240.094858] (-) TimerEvent: {}
[240.196276] (-) TimerEvent: {}
[240.297561] (-) TimerEvent: {}
[240.398824] (-) TimerEvent: {}
[240.499903] (-) TimerEvent: {}
[240.600872] (-) TimerEvent: {}
[240.702020] (-) TimerEvent: {}
[240.803306] (-) TimerEvent: {}
[240.910392] (-) TimerEvent: {}
[241.011472] (-) TimerEvent: {}
[241.112649] (-) TimerEvent: {}
[241.213798] (-) TimerEvent: {}
[241.308628] (robomaster_msgs) StdoutLine: {'line': b'[ 26%] \x1b[32mBuilding CXX object CMakeFiles/robomaster_msgs__rosidl_typesupport_fastrtps_cpp.dir/rosidl_typesupport_fastrtps_cpp/robomaster_msgs/msg/detail/dds_fastrtps/wheel_speeds__type_support.cpp.o\x1b[0m\n'}
[241.314095] (-) TimerEvent: {}
[241.380016] (robomaster_msgs) StdoutLine: {'line': b'[ 26%] \x1b[32mBuilding CXX object CMakeFiles/robomaster_msgs__rosidl_typesupport_fastrtps_c.dir/rosidl_typesupport_fastrtps_c/robomaster_msgs/msg/detail/wheel_speeds__type_support_c.cpp.o\x1b[0m\n'}
[241.414412] (-) TimerEvent: {}
[241.516172] (-) TimerEvent: {}
[241.618139] (-) TimerEvent: {}
[241.719860] (-) TimerEvent: {}
[241.821578] (-) TimerEvent: {}
[241.835258] (robomaster_msgs) StdoutLine: {'line': b'[ 26%] \x1b[32mBuilding CXX object CMakeFiles/robomaster_msgs__rosidl_typesupport_cpp.dir/rosidl_typesupport_cpp/robomaster_msgs/msg/pwm__type_support.cpp.o\x1b[0m\n'}
[241.922021] (-) TimerEvent: {}
[242.024537] (-) TimerEvent: {}
[242.125746] (-) TimerEvent: {}
[242.226927] (-) TimerEvent: {}
[242.328820] (-) TimerEvent: {}
[242.430541] (-) TimerEvent: {}
[242.532466] (-) TimerEvent: {}
[242.634366] (-) TimerEvent: {}
[242.736350] (-) TimerEvent: {}
[242.838304] (-) TimerEvent: {}
[242.940111] (-) TimerEvent: {}
[243.042048] (-) TimerEvent: {}
[243.143880] (-) TimerEvent: {}
[243.245643] (-) TimerEvent: {}
[243.347558] (-) TimerEvent: {}
[243.448632] (-) TimerEvent: {}
[243.550145] (-) TimerEvent: {}
[243.651576] (-) TimerEvent: {}
[243.753505] (-) TimerEvent: {}
[243.855301] (-) TimerEvent: {}
[243.879256] (robomaster_msgs) StdoutLine: {'line': b'[ 26%] \x1b[32mBuilding CXX object CMakeFiles/robomaster_msgs__rosidl_typesupport_introspection_cpp.dir/rosidl_typesupport_introspection_cpp/robomaster_msgs/action/detail/move_servo__type_support.cpp.o\x1b[0m\n'}
[243.955568] (-) TimerEvent: {}
[244.056744] (-) TimerEvent: {}
[244.158736] (-) TimerEvent: {}
[244.260693] (-) TimerEvent: {}
[244.361763] (-) TimerEvent: {}
[244.463621] (-) TimerEvent: {}
[244.565349] (-) TimerEvent: {}
[244.667382] (-) TimerEvent: {}
[244.769234] (-) TimerEvent: {}
[244.790282] (robomaster_msgs) StdoutLine: {'line': b'[ 26%] \x1b[32mBuilding CXX object CMakeFiles/robomaster_msgs__rosidl_typesupport_cpp.dir/rosidl_typesupport_cpp/robomaster_msgs/msg/gripper_state__type_support.cpp.o\x1b[0m\n'}
[244.869440] (-) TimerEvent: {}
[244.971126] (-) TimerEvent: {}
[245.010561] (robomaster_msgs) StdoutLine: {'line': b'[ 26%] \x1b[32mBuilding CXX object CMakeFiles/robomaster_msgs__rosidl_typesupport_fastrtps_c.dir/rosidl_typesupport_fastrtps_c/robomaster_msgs/msg/detail/led_effect__type_support_c.cpp.o\x1b[0m\n'}
[245.071438] (-) TimerEvent: {}
[245.173314] (-) TimerEvent: {}
[245.214836] (robomaster_msgs) StdoutLine: {'line': b'[ 26%] \x1b[32mBuilding CXX object CMakeFiles/robomaster_msgs__rosidl_typesupport_fastrtps_cpp.dir/rosidl_typesupport_fastrtps_cpp/robomaster_msgs/msg/detail/dds_fastrtps/led_effect__type_support.cpp.o\x1b[0m\n'}
[245.273622] (-) TimerEvent: {}
[245.375303] (-) TimerEvent: {}
[245.477067] (-) TimerEvent: {}
[245.578845] (-) TimerEvent: {}
[245.680589] (-) TimerEvent: {}
[245.782329] (-) TimerEvent: {}
[245.884205] (-) TimerEvent: {}
[245.986516] (-) TimerEvent: {}
[246.006283] (multirobot_map_merge) StdoutLine: {'line': b'[ 83%] \x1b[32m\x1b[1mLinking CXX static library libgtest_main.a\x1b[0m\n'}
[246.086818] (-) TimerEvent: {}
[246.188720] (-) TimerEvent: {}
[246.290617] (-) TimerEvent: {}
[246.392519] (-) TimerEvent: {}
[246.403362] (multirobot_map_merge) StdoutLine: {'line': b'[ 83%] Built target gtest_main\n'}
[246.492769] (-) TimerEvent: {}
[246.594649] (-) TimerEvent: {}
[246.622132] (multirobot_map_merge) StdoutLine: {'line': b'[ 91%] \x1b[32mBuilding CXX object CMakeFiles/test_merging_pipeline.dir/test/test_merging_pipeline.cpp.o\x1b[0m\n'}
[246.678702] (robomaster_msgs) StdoutLine: {'line': b'[ 27%] \x1b[32mBuilding CXX object CMakeFiles/robomaster_msgs__rosidl_typesupport_cpp.dir/rosidl_typesupport_cpp/robomaster_msgs/msg/camera_config__type_support.cpp.o\x1b[0m\n'}
[246.695013] (-) TimerEvent: {}
[246.796096] (-) TimerEvent: {}
[246.897116] (-) TimerEvent: {}
[246.998154] (-) TimerEvent: {}
[247.099515] (-) TimerEvent: {}
[247.200671] (-) TimerEvent: {}
[247.301819] (-) TimerEvent: {}
[247.404210] (-) TimerEvent: {}
[247.505078] (-) TimerEvent: {}
[247.605986] (-) TimerEvent: {}
[247.707008] (-) TimerEvent: {}
[247.809088] (-) TimerEvent: {}
[247.911117] (-) TimerEvent: {}
[248.012236] (-) TimerEvent: {}
[248.042505] (robomaster_msgs) StdoutLine: {'line': b'[ 28%] \x1b[32mBuilding CXX object CMakeFiles/robomaster_msgs__rosidl_typesupport_fastrtps_c.dir/rosidl_typesupport_fastrtps_c/robomaster_msgs/msg/detail/chassis_status__type_support_c.cpp.o\x1b[0m\n'}
[248.112502] (-) TimerEvent: {}
[248.214142] (-) TimerEvent: {}
[248.312216] (robomaster_msgs) StdoutLine: {'line': b'[ 29%] \x1b[32mBuilding CXX object CMakeFiles/robomaster_msgs__rosidl_typesupport_introspection_cpp.dir/rosidl_typesupport_introspection_cpp/robomaster_msgs/action/detail/move_gimbal__type_support.cpp.o\x1b[0m\n'}
[248.314462] (-) TimerEvent: {}
[248.415417] (-) TimerEvent: {}
[248.517102] (-) TimerEvent: {}
[248.588060] (robomaster_msgs) StdoutLine: {'line': b'[ 29%] \x1b[32mBuilding CXX object CMakeFiles/robomaster_msgs__rosidl_typesupport_fastrtps_cpp.dir/rosidl_typesupport_fastrtps_cpp/robomaster_msgs/msg/detail/dds_fastrtps/chassis_status__type_support.cpp.o\x1b[0m\n'}
[248.617359] (-) TimerEvent: {}
[248.719073] (-) TimerEvent: {}
[248.812605] (robomaster_msgs) StdoutLine: {'line': b'[ 29%] \x1b[32mBuilding CXX object CMakeFiles/robomaster_msgs__rosidl_typesupport_cpp.dir/rosidl_typesupport_cpp/robomaster_msgs/msg/armor_hit__type_support.cpp.o\x1b[0m\n'}
[248.819297] (-) TimerEvent: {}
[248.920806] (-) TimerEvent: {}
[249.022450] (-) TimerEvent: {}
[249.124348] (-) TimerEvent: {}
[249.225723] (-) TimerEvent: {}
[249.327341] (-) TimerEvent: {}
[249.429194] (-) TimerEvent: {}
[249.530973] (-) TimerEvent: {}
[249.631937] (-) TimerEvent: {}
[249.733200] (-) TimerEvent: {}
[249.835272] (-) TimerEvent: {}
[249.937066] (-) TimerEvent: {}
[250.038882] (-) TimerEvent: {}
[250.141089] (-) TimerEvent: {}
[250.243410] (-) TimerEvent: {}
[250.270116] (robomaster_msgs) StdoutLine: {'line': b'[ 29%] \x1b[32mBuilding CXX object CMakeFiles/robomaster_msgs__rosidl_typesupport_fastrtps_c.dir/rosidl_typesupport_fastrtps_c/robomaster_msgs/msg/detail/s_bus__type_support_c.cpp.o\x1b[0m\n'}
[250.343822] (-) TimerEvent: {}
[250.445793] (-) TimerEvent: {}
[250.547734] (-) TimerEvent: {}
[250.648846] (-) TimerEvent: {}
[250.750830] (-) TimerEvent: {}
[250.852533] (-) TimerEvent: {}
[250.954323] (-) TimerEvent: {}
[251.002306] (robomaster_msgs) StdoutLine: {'line': b'[ 29%] \x1b[32mBuilding CXX object CMakeFiles/robomaster_msgs__rosidl_typesupport_cpp.dir/rosidl_typesupport_cpp/robomaster_msgs/msg/detected_line__type_support.cpp.o\x1b[0m\n'}
[251.054581] (-) TimerEvent: {}
[251.156355] (-) TimerEvent: {}
[251.257746] (-) TimerEvent: {}
[251.358989] (-) TimerEvent: {}
[251.460147] (-) TimerEvent: {}
[251.561316] (-) TimerEvent: {}
[251.662434] (-) TimerEvent: {}
[251.763732] (-) TimerEvent: {}
[251.866002] (-) TimerEvent: {}
[251.967630] (-) TimerEvent: {}
[251.992593] (robomaster_msgs) StdoutLine: {'line': b'[ 30%] \x1b[32mBuilding CXX object CMakeFiles/robomaster_msgs__rosidl_typesupport_fastrtps_cpp.dir/rosidl_typesupport_fastrtps_cpp/robomaster_msgs/msg/detail/dds_fastrtps/s_bus__type_support.cpp.o\x1b[0m\n'}
[252.067956] (-) TimerEvent: {}
[252.169894] (-) TimerEvent: {}
[252.271774] (-) TimerEvent: {}
[252.373612] (-) TimerEvent: {}
[252.475406] (-) TimerEvent: {}
[252.577207] (-) TimerEvent: {}
[252.678241] (-) TimerEvent: {}
[252.781796] (-) TimerEvent: {}
[252.783350] (robomaster_msgs) StdoutLine: {'line': b'[ 30%] \x1b[32mBuilding CXX object CMakeFiles/robomaster_msgs__rosidl_typesupport_introspection_cpp.dir/rosidl_typesupport_introspection_cpp/robomaster_msgs/action/detail/recenter_gimbal__type_support.cpp.o\x1b[0m\n'}
[252.882095] (-) TimerEvent: {}
[252.983178] (-) TimerEvent: {}
[253.027008] (robomaster_msgs) StdoutLine: {'line': b'[ 30%] \x1b[32mBuilding CXX object CMakeFiles/robomaster_msgs__rosidl_typesupport_fastrtps_c.dir/rosidl_typesupport_fastrtps_c/robomaster_msgs/msg/detail/pwm__type_support_c.cpp.o\x1b[0m\n'}
[253.083454] (-) TimerEvent: {}
[253.184737] (-) TimerEvent: {}
[253.215995] (robomaster_msgs) StdoutLine: {'line': b'[ 30%] \x1b[32mBuilding CXX object CMakeFiles/robomaster_msgs__rosidl_typesupport_cpp.dir/rosidl_typesupport_cpp/robomaster_msgs/msg/detected_gesture__type_support.cpp.o\x1b[0m\n'}
[253.285000] (-) TimerEvent: {}
[253.386075] (-) TimerEvent: {}
[253.487330] (-) TimerEvent: {}
[253.588358] (-) TimerEvent: {}
[253.689516] (-) TimerEvent: {}
[253.790708] (-) TimerEvent: {}
[253.891940] (-) TimerEvent: {}
[253.993164] (-) TimerEvent: {}
[254.094354] (-) TimerEvent: {}
[254.195762] (-) TimerEvent: {}
[254.297153] (-) TimerEvent: {}
[254.398640] (-) TimerEvent: {}
[254.499965] (-) TimerEvent: {}
[254.601081] (-) TimerEvent: {}
[254.703172] (-) TimerEvent: {}
[254.805234] (-) TimerEvent: {}
[254.906934] (-) TimerEvent: {}
[255.008859] (-) TimerEvent: {}
[255.110964] (-) TimerEvent: {}
[255.212858] (-) TimerEvent: {}
[255.314955] (-) TimerEvent: {}
[255.348113] (robomaster_msgs) StdoutLine: {'line': b'[ 30%] \x1b[32mBuilding CXX object CMakeFiles/robomaster_msgs__rosidl_typesupport_fastrtps_cpp.dir/rosidl_typesupport_fastrtps_cpp/robomaster_msgs/msg/detail/dds_fastrtps/pwm__type_support.cpp.o\x1b[0m\n'}
[255.415296] (-) TimerEvent: {}
[255.517499] (-) TimerEvent: {}
[255.619029] (robomaster_msgs) StdoutLine: {'line': b'[ 31%] \x1b[32mBuilding CXX object CMakeFiles/robomaster_msgs__rosidl_typesupport_cpp.dir/rosidl_typesupport_cpp/robomaster_msgs/msg/detected_marker__type_support.cpp.o\x1b[0m\n'}
[255.619981] (-) TimerEvent: {}
[255.721187] (-) TimerEvent: {}
[255.733040] (robomaster_msgs) StdoutLine: {'line': b'[ 31%] \x1b[32mBuilding CXX object CMakeFiles/robomaster_msgs__rosidl_typesupport_fastrtps_c.dir/rosidl_typesupport_fastrtps_c/robomaster_msgs/msg/detail/gripper_state__type_support_c.cpp.o\x1b[0m\n'}
[255.821433] (-) TimerEvent: {}
[255.922620] (-) TimerEvent: {}
[256.024146] (-) TimerEvent: {}
[256.125462] (-) TimerEvent: {}
[256.228600] (-) TimerEvent: {}
[256.330537] (-) TimerEvent: {}
[256.432705] (-) TimerEvent: {}
[256.534856] (-) TimerEvent: {}
[256.636823] (-) TimerEvent: {}
[256.737999] (-) TimerEvent: {}
[256.840470] (-) TimerEvent: {}
[256.942449] (-) TimerEvent: {}
[257.044287] (-) TimerEvent: {}
[257.146562] (-) TimerEvent: {}
[257.248827] (-) TimerEvent: {}
[257.351145] (-) TimerEvent: {}
[257.453715] (-) TimerEvent: {}
[257.556317] (-) TimerEvent: {}
[257.659068] (-) TimerEvent: {}
[257.760930] (-) TimerEvent: {}
[257.862748] (-) TimerEvent: {}
[257.965536] (-) TimerEvent: {}
[258.067302] (-) TimerEvent: {}
[258.169904] (-) TimerEvent: {}
[258.272741] (-) TimerEvent: {}
[258.375276] (-) TimerEvent: {}
[258.470816] (robomaster_msgs) StdoutLine: {'line': b'[ 31%] \x1b[32mBuilding CXX object CMakeFiles/robomaster_msgs__rosidl_typesupport_cpp.dir/rosidl_typesupport_cpp/robomaster_msgs/msg/detected_person__type_support.cpp.o\x1b[0m\n'}
[258.475829] (-) TimerEvent: {}
[258.578776] (-) TimerEvent: {}
[258.681729] (-) TimerEvent: {}
[258.783416] (-) TimerEvent: {}
[258.885831] (-) TimerEvent: {}
[258.905248] (robomaster_msgs) StdoutLine: {'line': b'[ 31%] \x1b[32mBuilding CXX object CMakeFiles/robomaster_msgs__rosidl_typesupport_introspection_cpp.dir/rosidl_typesupport_introspection_cpp/robomaster_msgs/srv/detail/get_adc__type_support.cpp.o\x1b[0m\n'}
[258.986334] (-) TimerEvent: {}
[259.089640] (-) TimerEvent: {}
[259.192358] (-) TimerEvent: {}
[259.294364] (-) TimerEvent: {}
[259.396238] (-) TimerEvent: {}
[259.498332] (-) TimerEvent: {}
[259.563354] (robomaster_msgs) StdoutLine: {'line': b'[ 32%] \x1b[32mBuilding CXX object CMakeFiles/robomaster_msgs__rosidl_typesupport_fastrtps_c.dir/rosidl_typesupport_fastrtps_c/robomaster_msgs/msg/detail/camera_config__type_support_c.cpp.o\x1b[0m\n'}
[259.598650] (-) TimerEvent: {}
[259.601677] (robomaster_msgs) StdoutLine: {'line': b'[ 32%] \x1b[32mBuilding CXX object CMakeFiles/robomaster_msgs__rosidl_typesupport_fastrtps_cpp.dir/rosidl_typesupport_fastrtps_cpp/robomaster_msgs/msg/detail/dds_fastrtps/gripper_state__type_support.cpp.o\x1b[0m\n'}
[259.698898] (-) TimerEvent: {}
[259.799900] (-) TimerEvent: {}
[259.901819] (-) TimerEvent: {}
[260.003874] (-) TimerEvent: {}
[260.105443] (-) TimerEvent: {}
[260.207083] (-) TimerEvent: {}
[260.308660] (-) TimerEvent: {}
[260.410193] (-) TimerEvent: {}
[260.512064] (-) TimerEvent: {}
[260.613827] (-) TimerEvent: {}
[260.715774] (-) TimerEvent: {}
[260.816936] (-) TimerEvent: {}
[260.842772] (robomaster_msgs) StdoutLine: {'line': b'[ 32%] \x1b[32mBuilding CXX object CMakeFiles/robomaster_msgs__rosidl_typesupport_cpp.dir/rosidl_typesupport_cpp/robomaster_msgs/msg/detected_robot__type_support.cpp.o\x1b[0m\n'}
[260.917262] (-) TimerEvent: {}
[261.019365] (-) TimerEvent: {}
[261.121176] (-) TimerEvent: {}
[261.223454] (-) TimerEvent: {}
[261.325383] (-) TimerEvent: {}
[261.427348] (-) TimerEvent: {}
[261.529944] (-) TimerEvent: {}
[261.632261] (-) TimerEvent: {}
[261.734933] (-) TimerEvent: {}
[261.837220] (-) TimerEvent: {}
[261.939030] (-) TimerEvent: {}
[262.041326] (-) TimerEvent: {}
[262.143363] (-) TimerEvent: {}
[262.245249] (-) TimerEvent: {}
[262.347639] (-) TimerEvent: {}
[262.450028] (-) TimerEvent: {}
[262.473832] (robomaster_msgs) StdoutLine: {'line': b'[ 33%] \x1b[32mBuilding CXX object CMakeFiles/robomaster_msgs__rosidl_typesupport_introspection_cpp.dir/rosidl_typesupport_introspection_cpp/robomaster_msgs/srv/detail/get_io__type_support.cpp.o\x1b[0m\n'}
[262.550384] (-) TimerEvent: {}
[262.652036] (-) TimerEvent: {}
[262.753562] (-) TimerEvent: {}
[262.855178] (-) TimerEvent: {}
[262.956427] (-) TimerEvent: {}
[262.973411] (robomaster_msgs) StdoutLine: {'line': b'[ 33%] \x1b[32mBuilding CXX object CMakeFiles/robomaster_msgs__rosidl_typesupport_fastrtps_c.dir/rosidl_typesupport_fastrtps_c/robomaster_msgs/msg/detail/armor_hit__type_support_c.cpp.o\x1b[0m\n'}
[263.056693] (-) TimerEvent: {}
[263.158105] (-) TimerEvent: {}
[263.253849] (robomaster_msgs) StdoutLine: {'line': b'[ 34%] \x1b[32mBuilding CXX object CMakeFiles/robomaster_msgs__rosidl_typesupport_fastrtps_cpp.dir/rosidl_typesupport_fastrtps_cpp/robomaster_msgs/msg/detail/dds_fastrtps/camera_config__type_support.cpp.o\x1b[0m\n'}
[263.258387] (-) TimerEvent: {}
[263.361307] (-) TimerEvent: {}
[263.438194] (robomaster_msgs) StdoutLine: {'line': b'[ 35%] \x1b[32mBuilding CXX object CMakeFiles/robomaster_msgs__rosidl_typesupport_cpp.dir/rosidl_typesupport_cpp/robomaster_msgs/msg/detection__type_support.cpp.o\x1b[0m\n'}
[263.461571] (-) TimerEvent: {}
[263.562587] (-) TimerEvent: {}
[263.664294] (-) TimerEvent: {}
[263.765483] (-) TimerEvent: {}
[263.867058] (-) TimerEvent: {}
[263.967975] (-) TimerEvent: {}
[264.069747] (-) TimerEvent: {}
[264.171695] (-) TimerEvent: {}
[264.274417] (-) TimerEvent: {}
[264.376423] (-) TimerEvent: {}
[264.478442] (-) TimerEvent: {}
[264.580625] (-) TimerEvent: {}
[264.682510] (-) TimerEvent: {}
[264.784234] (-) TimerEvent: {}
[264.886215] (-) TimerEvent: {}
[264.987276] (-) TimerEvent: {}
[265.088779] (-) TimerEvent: {}
[265.191302] (-) TimerEvent: {}
[265.294046] (-) TimerEvent: {}
[265.396293] (-) TimerEvent: {}
[265.498551] (-) TimerEvent: {}
[265.600981] (-) TimerEvent: {}
[265.702724] (-) TimerEvent: {}
[265.804556] (-) TimerEvent: {}
[265.906487] (-) TimerEvent: {}
[265.959404] (robomaster_msgs) StdoutLine: {'line': b'[ 35%] \x1b[32mBuilding CXX object CMakeFiles/robomaster_msgs__rosidl_typesupport_cpp.dir/rosidl_typesupport_cpp/robomaster_msgs/msg/region_of_interest__type_support.cpp.o\x1b[0m\n'}
[266.006788] (-) TimerEvent: {}
[266.050546] (robomaster_msgs) StdoutLine: {'line': b'[ 35%] \x1b[32mBuilding CXX object CMakeFiles/robomaster_msgs__rosidl_typesupport_introspection_cpp.dir/rosidl_typesupport_introspection_cpp/robomaster_msgs/srv/detail/get_pulse__type_support.cpp.o\x1b[0m\n'}
[266.064679] (robomaster_msgs) StdoutLine: {'line': b'[ 35%] \x1b[32mBuilding CXX object CMakeFiles/robomaster_msgs__rosidl_typesupport_fastrtps_c.dir/rosidl_typesupport_fastrtps_c/robomaster_msgs/msg/detail/detected_line__type_support_c.cpp.o\x1b[0m\n'}
[266.107102] (-) TimerEvent: {}
[266.209435] (-) TimerEvent: {}
[266.310927] (-) TimerEvent: {}
[266.419776] (-) TimerEvent: {}
[266.521419] (-) TimerEvent: {}
[266.622982] (-) TimerEvent: {}
[266.724974] (-) TimerEvent: {}
[266.826775] (-) TimerEvent: {}
[266.832278] (robomaster_msgs) StdoutLine: {'line': b'[ 35%] \x1b[32mBuilding CXX object CMakeFiles/robomaster_msgs__rosidl_typesupport_fastrtps_cpp.dir/rosidl_typesupport_fastrtps_cpp/robomaster_msgs/msg/detail/dds_fastrtps/armor_hit__type_support.cpp.o\x1b[0m\n'}
[266.927082] (-) TimerEvent: {}
[267.028886] (-) TimerEvent: {}
[267.130823] (-) TimerEvent: {}
[267.232596] (-) TimerEvent: {}
[267.334277] (-) TimerEvent: {}
[267.436122] (-) TimerEvent: {}
[267.537988] (-) TimerEvent: {}
[267.640138] (-) TimerEvent: {}
[267.741407] (-) TimerEvent: {}
[267.842794] (-) TimerEvent: {}
[267.944794] (-) TimerEvent: {}
[268.045983] (-) TimerEvent: {}
[268.147253] (-) TimerEvent: {}
[268.248645] (-) TimerEvent: {}
[268.350498] (-) TimerEvent: {}
[268.450522] (robomaster_msgs) StdoutLine: {'line': b'[ 35%] \x1b[32mBuilding CXX object CMakeFiles/robomaster_msgs__rosidl_typesupport_cpp.dir/rosidl_typesupport_cpp/robomaster_msgs/msg/serial__type_support.cpp.o\x1b[0m\n'}
[268.451401] (-) TimerEvent: {}
[268.553561] (-) TimerEvent: {}
[268.655950] (-) TimerEvent: {}
[268.757313] (-) TimerEvent: {}
[268.812075] (robomaster_msgs) StdoutLine: {'line': b'[ 36%] \x1b[32mBuilding CXX object CMakeFiles/robomaster_msgs__rosidl_typesupport_fastrtps_c.dir/rosidl_typesupport_fastrtps_c/robomaster_msgs/msg/detail/detected_gesture__type_support_c.cpp.o\x1b[0m\n'}
[268.857596] (-) TimerEvent: {}
[268.958755] (-) TimerEvent: {}
[269.060242] (-) TimerEvent: {}
[269.162040] (-) TimerEvent: {}
[269.253420] (robomaster_msgs) StdoutLine: {'line': b'[ 36%] \x1b[32mBuilding CXX object CMakeFiles/robomaster_msgs__rosidl_typesupport_introspection_cpp.dir/rosidl_typesupport_introspection_cpp/robomaster_msgs/srv/detail/get_servo_angle__type_support.cpp.o\x1b[0m\n'}
[269.262362] (-) TimerEvent: {}
[269.364076] (-) TimerEvent: {}
[269.465121] (-) TimerEvent: {}
[269.566950] (-) TimerEvent: {}
[269.668672] (-) TimerEvent: {}
[269.770698] (-) TimerEvent: {}
[269.872507] (-) TimerEvent: {}
[269.974209] (-) TimerEvent: {}
[270.076080] (-) TimerEvent: {}
[270.104906] (robomaster_msgs) StdoutLine: {'line': b'[ 36%] \x1b[32mBuilding CXX object CMakeFiles/robomaster_msgs__rosidl_typesupport_fastrtps_cpp.dir/rosidl_typesupport_fastrtps_cpp/robomaster_msgs/msg/detail/dds_fastrtps/detected_line__type_support.cpp.o\x1b[0m\n'}
[270.176516] (-) TimerEvent: {}
[270.278774] (-) TimerEvent: {}
[270.380409] (-) TimerEvent: {}
[270.482145] (-) TimerEvent: {}
[270.583970] (-) TimerEvent: {}
[270.685861] (-) TimerEvent: {}
[270.787687] (-) TimerEvent: {}
[270.889471] (-) TimerEvent: {}
[270.915168] (robomaster_msgs) StdoutLine: {'line': b'[ 37%] \x1b[32mBuilding CXX object CMakeFiles/robomaster_msgs__rosidl_typesupport_cpp.dir/rosidl_typesupport_cpp/robomaster_msgs/msg/servo_command__type_support.cpp.o\x1b[0m\n'}
[270.989834] (-) TimerEvent: {}
[271.091071] (-) TimerEvent: {}
[271.193110] (-) TimerEvent: {}
[271.294941] (-) TimerEvent: {}
[271.396696] (-) TimerEvent: {}
[271.498404] (-) TimerEvent: {}
[271.600416] (-) TimerEvent: {}
[271.624391] (robomaster_msgs) StdoutLine: {'line': b'[ 37%] \x1b[32mBuilding CXX object CMakeFiles/robomaster_msgs__rosidl_typesupport_fastrtps_c.dir/rosidl_typesupport_fastrtps_c/robomaster_msgs/msg/detail/detected_marker__type_support_c.cpp.o\x1b[0m\n'}
[271.700701] (-) TimerEvent: {}
[271.801844] (-) TimerEvent: {}
[271.902979] (-) TimerEvent: {}
[272.004326] (-) TimerEvent: {}
[272.105529] (-) TimerEvent: {}
[272.207506] (-) TimerEvent: {}
[272.309341] (-) TimerEvent: {}
[272.411205] (-) TimerEvent: {}
[272.513304] (-) TimerEvent: {}
[272.615686] (-) TimerEvent: {}
[272.640367] (robomaster_msgs) StdoutLine: {'line': b'[ 38%] \x1b[32m\x1b[1mLinking CXX shared library librobomaster_msgs__rosidl_typesupport_introspection_cpp.so\x1b[0m\n'}
[272.715964] (-) TimerEvent: {}
[272.818183] (-) TimerEvent: {}
[272.920593] (-) TimerEvent: {}
[273.022521] (-) TimerEvent: {}
[273.124748] (-) TimerEvent: {}
[273.227247] (-) TimerEvent: {}
[273.329573] (-) TimerEvent: {}
[273.432004] (-) TimerEvent: {}
[273.513327] (robomaster_msgs) StdoutLine: {'line': b'[ 38%] \x1b[32mBuilding CXX object CMakeFiles/robomaster_msgs__rosidl_typesupport_cpp.dir/rosidl_typesupport_cpp/robomaster_msgs/msg/gimbal_command__type_support.cpp.o\x1b[0m\n'}
[273.532212] (-) TimerEvent: {}
[273.633842] (-) TimerEvent: {}
[273.637562] (robomaster_msgs) StdoutLine: {'line': b'[ 38%] Built target robomaster_msgs__rosidl_typesupport_introspection_cpp\n'}
[273.702126] (robomaster_msgs) StdoutLine: {'line': b'[ 39%] \x1b[32mBuilding CXX object CMakeFiles/robomaster_msgs__rosidl_typesupport_fastrtps_cpp.dir/rosidl_typesupport_fastrtps_cpp/robomaster_msgs/msg/detail/dds_fastrtps/detected_gesture__type_support.cpp.o\x1b[0m\n'}
[273.734225] (-) TimerEvent: {}
[273.835931] (-) TimerEvent: {}
[273.937603] (-) TimerEvent: {}
[274.039383] (-) TimerEvent: {}
[274.141150] (-) TimerEvent: {}
[274.242356] (-) TimerEvent: {}
[274.343679] (-) TimerEvent: {}
[274.444912] (-) TimerEvent: {}
[274.504671] (robomaster_msgs) StdoutLine: {'line': b'[ 39%] \x1b[32mBuilding CXX object CMakeFiles/robomaster_msgs__rosidl_typesupport_fastrtps_c.dir/rosidl_typesupport_fastrtps_c/robomaster_msgs/msg/detail/detected_person__type_support_c.cpp.o\x1b[0m\n'}
[274.545243] (-) TimerEvent: {}
[274.646477] (-) TimerEvent: {}
[274.747533] (-) TimerEvent: {}
[274.848740] (-) TimerEvent: {}
[274.949780] (-) TimerEvent: {}
[275.050872] (-) TimerEvent: {}
[275.152100] (-) TimerEvent: {}
[275.219025] (robomaster_msgs) StdoutLine: {'line': b'[ 39%] \x1b[32mBuilding CXX object CMakeFiles/robomaster_msgs__rosidl_typesupport_cpp.dir/rosidl_typesupport_cpp/robomaster_msgs/msg/blaster_led__type_support.cpp.o\x1b[0m\n'}
[275.252353] (-) TimerEvent: {}
[275.354150] (-) TimerEvent: {}
[275.456102] (-) TimerEvent: {}
[275.558186] (-) TimerEvent: {}
[275.660685] (-) TimerEvent: {}
[275.762851] (-) TimerEvent: {}
[275.864692] (-) TimerEvent: {}
[275.966492] (-) TimerEvent: {}
[276.068247] (-) TimerEvent: {}
[276.170302] (-) TimerEvent: {}
[276.198390] (robomaster_msgs) StdoutLine: {'line': b'[ 39%] \x1b[32mBuilding CXX object CMakeFiles/robomaster_msgs__rosidl_typesupport_fastrtps_cpp.dir/rosidl_typesupport_fastrtps_cpp/robomaster_msgs/msg/detail/dds_fastrtps/detected_marker__type_support.cpp.o\x1b[0m\n'}
[276.270550] (-) TimerEvent: {}
[276.372078] (-) TimerEvent: {}
[276.474187] (-) TimerEvent: {}
[276.575878] (-) TimerEvent: {}
[276.591175] (robomaster_msgs) StdoutLine: {'line': b'[ 40%] \x1b[32mBuilding CXX object CMakeFiles/robomaster_msgs__rosidl_typesupport_fastrtps_c.dir/rosidl_typesupport_fastrtps_c/robomaster_msgs/msg/detail/detected_robot__type_support_c.cpp.o\x1b[0m\n'}
[276.676074] (-) TimerEvent: {}
[276.776953] (-) TimerEvent: {}
[276.878085] (-) TimerEvent: {}
[276.945936] (robomaster_msgs) StdoutLine: {'line': b'[ 41%] \x1b[32mBuilding CXX object CMakeFiles/robomaster_msgs__rosidl_typesupport_cpp.dir/rosidl_typesupport_cpp/robomaster_msgs/msg/mode__type_support.cpp.o\x1b[0m\n'}
[276.978396] (-) TimerEvent: {}
[277.079953] (-) TimerEvent: {}
[277.181206] (-) TimerEvent: {}
[277.282328] (-) TimerEvent: {}
[277.383394] (-) TimerEvent: {}
[277.484492] (-) TimerEvent: {}
[277.585688] (-) TimerEvent: {}
[277.687117] (-) TimerEvent: {}
[277.788323] (-) TimerEvent: {}
[277.889508] (-) TimerEvent: {}
[277.990703] (-) TimerEvent: {}
[278.092075] (-) TimerEvent: {}
[278.193698] (-) TimerEvent: {}
[278.295149] (-) TimerEvent: {}
[278.396941] (-) TimerEvent: {}
[278.498675] (-) TimerEvent: {}
[278.599806] (-) TimerEvent: {}
[278.701006] (-) TimerEvent: {}
[278.802011] (-) TimerEvent: {}
[278.849274] (robomaster_msgs) StdoutLine: {'line': b'[ 41%] \x1b[32mBuilding CXX object CMakeFiles/robomaster_msgs__rosidl_typesupport_fastrtps_c.dir/rosidl_typesupport_fastrtps_c/robomaster_msgs/msg/detail/detection__type_support_c.cpp.o\x1b[0m\n'}
[278.865904] (robomaster_msgs) StdoutLine: {'line': b'[ 41%] \x1b[32mBuilding CXX object CMakeFiles/robomaster_msgs__rosidl_typesupport_fastrtps_cpp.dir/rosidl_typesupport_fastrtps_cpp/robomaster_msgs/msg/detail/dds_fastrtps/detected_person__type_support.cpp.o\x1b[0m\n'}
[278.880204] (robomaster_msgs) StdoutLine: {'line': b'[ 41%] \x1b[32mBuilding CXX object CMakeFiles/robomaster_msgs__rosidl_typesupport_cpp.dir/rosidl_typesupport_cpp/robomaster_msgs/msg/audio_data__type_support.cpp.o\x1b[0m\n'}
[278.902287] (-) TimerEvent: {}
[279.004094] (-) TimerEvent: {}
[279.105638] (-) TimerEvent: {}
[279.207070] (-) TimerEvent: {}
[279.308554] (-) TimerEvent: {}
[279.410485] (-) TimerEvent: {}
[279.512485] (-) TimerEvent: {}
[279.614621] (-) TimerEvent: {}
[279.716770] (-) TimerEvent: {}
[279.817892] (-) TimerEvent: {}
[279.919163] (-) TimerEvent: {}
[280.020542] (-) TimerEvent: {}
[280.121830] (-) TimerEvent: {}
[280.223750] (-) TimerEvent: {}
[280.324928] (-) TimerEvent: {}
[280.425982] (-) TimerEvent: {}
[280.527052] (-) TimerEvent: {}
[280.605355] (robomaster_msgs) StdoutLine: {'line': b'[ 41%] \x1b[32mBuilding CXX object CMakeFiles/robomaster_msgs__rosidl_typesupport_cpp.dir/rosidl_typesupport_cpp/robomaster_msgs/msg/audio_level__type_support.cpp.o\x1b[0m\n'}
[280.627352] (-) TimerEvent: {}
[280.728667] (-) TimerEvent: {}
[280.794481] (multirobot_map_merge) StdoutLine: {'line': b'[100%] \x1b[32m\x1b[1mLinking CXX executable test_merging_pipeline\x1b[0m\n'}
[280.828883] (-) TimerEvent: {}
[280.930015] (-) TimerEvent: {}
[281.031133] (-) TimerEvent: {}
[281.132502] (-) TimerEvent: {}
[281.161189] (robomaster_msgs) StdoutLine: {'line': b'[ 41%] \x1b[32mBuilding CXX object CMakeFiles/robomaster_msgs__rosidl_typesupport_fastrtps_c.dir/rosidl_typesupport_fastrtps_c/robomaster_msgs/msg/detail/region_of_interest__type_support_c.cpp.o\x1b[0m\n'}
[281.232830] (-) TimerEvent: {}
[281.334700] (-) TimerEvent: {}
[281.436792] (-) TimerEvent: {}
[281.539244] (-) TimerEvent: {}
[281.631742] (robomaster_msgs) StdoutLine: {'line': b'[ 41%] \x1b[32mBuilding CXX object CMakeFiles/robomaster_msgs__rosidl_typesupport_fastrtps_cpp.dir/rosidl_typesupport_fastrtps_cpp/robomaster_msgs/msg/detail/dds_fastrtps/detected_robot__type_support.cpp.o\x1b[0m\n'}
[281.639521] (-) TimerEvent: {}
[281.740839] (-) TimerEvent: {}
[281.842459] (-) TimerEvent: {}
[281.944300] (-) TimerEvent: {}
[282.046079] (-) TimerEvent: {}
[282.148232] (-) TimerEvent: {}
[282.249794] (-) TimerEvent: {}
[282.351420] (-) TimerEvent: {}
[282.453174] (-) TimerEvent: {}
[282.554859] (-) TimerEvent: {}
[282.656621] (-) TimerEvent: {}
[282.758336] (-) TimerEvent: {}
[282.859581] (-) TimerEvent: {}
[282.884133] (robomaster_msgs) StdoutLine: {'line': b'[ 41%] \x1b[32mBuilding CXX object CMakeFiles/robomaster_msgs__rosidl_typesupport_cpp.dir/rosidl_typesupport_cpp/robomaster_msgs/msg/audio_opus__type_support.cpp.o\x1b[0m\n'}
[282.959922] (-) TimerEvent: {}
[283.061247] (-) TimerEvent: {}
[283.162810] (-) TimerEvent: {}
[283.264659] (-) TimerEvent: {}
[283.366935] (-) TimerEvent: {}
[283.469232] (-) TimerEvent: {}
[283.571167] (-) TimerEvent: {}
[283.672743] (-) TimerEvent: {}
[283.773965] (-) TimerEvent: {}
[283.875917] (-) TimerEvent: {}
[283.978159] (-) TimerEvent: {}
[284.004137] (robomaster_msgs) StdoutLine: {'line': b'[ 42%] \x1b[32mBuilding CXX object CMakeFiles/robomaster_msgs__rosidl_typesupport_fastrtps_c.dir/rosidl_typesupport_fastrtps_c/robomaster_msgs/msg/detail/serial__type_support_c.cpp.o\x1b[0m\n'}
[284.078511] (-) TimerEvent: {}
[284.179395] (-) TimerEvent: {}
[284.280414] (-) TimerEvent: {}
[284.381471] (-) TimerEvent: {}
[284.482701] (-) TimerEvent: {}
[284.583873] (-) TimerEvent: {}
[284.685045] (-) TimerEvent: {}
[284.786931] (-) TimerEvent: {}
[284.832134] (robomaster_msgs) StdoutLine: {'line': b'[ 43%] \x1b[32mBuilding CXX object CMakeFiles/robomaster_msgs__rosidl_typesupport_fastrtps_cpp.dir/rosidl_typesupport_fastrtps_cpp/robomaster_msgs/msg/detail/dds_fastrtps/detection__type_support.cpp.o\x1b[0m\n'}
[284.887280] (-) TimerEvent: {}
[284.921485] (robomaster_msgs) StdoutLine: {'line': b'[ 44%] \x1b[32mBuilding CXX object CMakeFiles/robomaster_msgs__rosidl_typesupport_cpp.dir/rosidl_typesupport_cpp/robomaster_msgs/msg/h264_packet__type_support.cpp.o\x1b[0m\n'}
[284.987517] (-) TimerEvent: {}
[285.088563] (-) TimerEvent: {}
[285.189540] (-) TimerEvent: {}
[285.290498] (-) TimerEvent: {}
[285.391497] (-) TimerEvent: {}
[285.492794] (-) TimerEvent: {}
[285.593873] (-) TimerEvent: {}
[285.695176] (-) TimerEvent: {}
[285.743236] (multirobot_map_merge) StdoutLine: {'line': b'[100%] Built target test_merging_pipeline\n'}
[285.795512] (-) TimerEvent: {}
[285.818917] (multirobot_map_merge) CommandEnded: {'returncode': 0}
[285.821729] (multirobot_map_merge) JobProgress: {'identifier': 'multirobot_map_merge', 'progress': 'install'}
[285.822131] (multirobot_map_merge) Command: {'cmd': ['/usr/bin/cmake', '--install', '/home/cricchetto/Robomaster_WS/build/multirobot_map_merge'], 'cwd': '/home/cricchetto/Robomaster_WS/build/multirobot_map_merge', 'env': OrderedDict([('LESSOPEN', '| /usr/bin/lesspipe %s'), ('USER', 'cricchetto'), ('SSH_CLIENT', '172.18.147.201 42814 22'), ('LC_TIME', 'es_AR.UTF-8'), ('XDG_SESSION_TYPE', 'tty'), ('SHLVL', '1'), ('LD_LIBRARY_PATH', '/opt/ros/humble/opt/rviz_ogre_vendor/lib:/opt/ros/humble/lib/aarch64-linux-gnu:/opt/ros/humble/lib'), ('MOTD_SHOWN', 'pam'), ('HOME', '/home/cricchetto'), ('OLDPWD', '/home/cricchetto/Robomaster_WS/src'), ('SSH_TTY', '/dev/pts/0'), ('ROS_PYTHON_VERSION', '3'), ('LC_MONETARY', 'es_AR.UTF-8'), ('DBUS_SESSION_BUS_ADDRESS', 'unix:path=/run/user/1000/bus'), ('ROS_DISTRO', 'humble'), ('LOGNAME', 'cricchetto'), ('_', '/usr/bin/colcon'), ('ROS_VERSION', '2'), ('XDG_SESSION_CLASS', 'user'), ('TERM', 'xterm-256color'), ('XDG_SESSION_ID', '1'), ('ROS_LOCALHOST_ONLY', '0'), ('PATH', '/opt/ros/humble/bin:/usr/local/sbin:/usr/local/bin:/usr/sbin:/usr/bin:/sbin:/bin:/usr/games:/usr/local/games:/snap/bin'), ('LC_ADDRESS', 'es_AR.UTF-8'), ('XDG_RUNTIME_DIR', '/run/user/1000'), ('DISPLAY', 'localhost:10.0'), ('LANG', 'en_US.UTF-8'), ('LC_TELEPHONE', 'es_AR.UTF-8'), ('LS_COLORS', 'rs=0:di=01;34:ln=01;36:mh=00:pi=40;33:so=01;35:do=01;35:bd=40;33;01:cd=40;33;01:or=40;31;01:mi=00:su=37;41:sg=30;43:ca=30;41:tw=30;42:ow=34;42:st=37;44:ex=01;32:*.tar=01;31:*.tgz=01;31:*.arc=01;31:*.arj=01;31:*.taz=01;31:*.lha=01;31:*.lz4=01;31:*.lzh=01;31:*.lzma=01;31:*.tlz=01;31:*.txz=01;31:*.tzo=01;31:*.t7z=01;31:*.zip=01;31:*.z=01;31:*.dz=01;31:*.gz=01;31:*.lrz=01;31:*.lz=01;31:*.lzo=01;31:*.xz=01;31:*.zst=01;31:*.tzst=01;31:*.bz2=01;31:*.bz=01;31:*.tbz=01;31:*.tbz2=01;31:*.tz=01;31:*.deb=01;31:*.rpm=01;31:*.jar=01;31:*.war=01;31:*.ear=01;31:*.sar=01;31:*.rar=01;31:*.alz=01;31:*.ace=01;31:*.zoo=01;31:*.cpio=01;31:*.7z=01;31:*.rz=01;31:*.cab=01;31:*.wim=01;31:*.swm=01;31:*.dwm=01;31:*.esd=01;31:*.jpg=01;35:*.jpeg=01;35:*.mjpg=01;35:*.mjpeg=01;35:*.gif=01;35:*.bmp=01;35:*.pbm=01;35:*.pgm=01;35:*.ppm=01;35:*.tga=01;35:*.xbm=01;35:*.xpm=01;35:*.tif=01;35:*.tiff=01;35:*.png=01;35:*.svg=01;35:*.svgz=01;35:*.mng=01;35:*.pcx=01;35:*.mov=01;35:*.mpg=01;35:*.mpeg=01;35:*.m2v=01;35:*.mkv=01;35:*.webm=01;35:*.webp=01;35:*.ogm=01;35:*.mp4=01;35:*.m4v=01;35:*.mp4v=01;35:*.vob=01;35:*.qt=01;35:*.nuv=01;35:*.wmv=01;35:*.asf=01;35:*.rm=01;35:*.rmvb=01;35:*.flc=01;35:*.avi=01;35:*.fli=01;35:*.flv=01;35:*.gl=01;35:*.dl=01;35:*.xcf=01;35:*.xwd=01;35:*.yuv=01;35:*.cgm=01;35:*.emf=01;35:*.ogv=01;35:*.ogx=01;35:*.aac=00;36:*.au=00;36:*.flac=00;36:*.m4a=00;36:*.mid=00;36:*.midi=00;36:*.mka=00;36:*.mp3=00;36:*.mpc=00;36:*.ogg=00;36:*.ra=00;36:*.wav=00;36:*.oga=00;36:*.opus=00;36:*.spx=00;36:*.xspf=00;36:'), ('AMENT_PREFIX_PATH', '/opt/ros/humble'), ('SHELL', '/bin/bash'), ('LC_NAME', 'es_AR.UTF-8'), ('LESSCLOSE', '/usr/bin/lesspipe %s %s'), ('LC_MEASUREMENT', 'es_AR.UTF-8'), ('LC_IDENTIFICATION', 'es_AR.UTF-8'), ('PWD', '/home/cricchetto/Robomaster_WS/build/multirobot_map_merge'), ('LC_ALL', 'en_US.UTF-8'), ('SSH_CONNECTION', '172.18.147.201 42814 172.18.147.143 22'), ('XDG_DATA_DIRS', '/usr/local/share:/usr/share:/var/lib/snapd/desktop'), ('PYTHONPATH', '/opt/ros/humble/lib/python3.10/site-packages:/opt/ros/humble/local/lib/python3.10/dist-packages'), ('LC_NUMERIC', 'es_AR.UTF-8'), ('LC_PAPER', 'es_AR.UTF-8'), ('COLCON', '1'), ('CMAKE_PREFIX_PATH', '/opt/ros/humble')]), 'shell': False}
[285.870084] (multirobot_map_merge) StdoutLine: {'line': b'-- Install configuration: ""\n'}
[285.871761] (multirobot_map_merge) StdoutLine: {'line': b'-- Installing: /home/cricchetto/Robomaster_WS/install/multirobot_map_merge/include/map_merge/\n'}
[285.874377] (multirobot_map_merge) StdoutLine: {'line': b'-- Installing: /home/cricchetto/Robomaster_WS/install/multirobot_map_merge/include/map_merge//ros1_names.hpp\n'}
[285.877310] (multirobot_map_merge) StdoutLine: {'line': b'-- Installing: /home/cricchetto/Robomaster_WS/install/multirobot_map_merge/include/map_merge//map_merge.h\n'}
[285.880210] (multirobot_map_merge) StdoutLine: {'line': b'-- Installing: /home/cricchetto/Robomaster_WS/install/multirobot_map_merge/share/multirobot_map_merge/launch\n'}
[285.882944] (multirobot_map_merge) StdoutLine: {'line': b'-- Installing: /home/cricchetto/Robomaster_WS/install/multirobot_map_merge/share/multirobot_map_merge/launch/from_map_server.launch.py\n'}
[285.885972] (multirobot_map_merge) StdoutLine: {'line': b'-- Installing: /home/cricchetto/Robomaster_WS/install/multirobot_map_merge/share/multirobot_map_merge/launch/map_merge.launch.py\n'}
[285.888854] (multirobot_map_merge) StdoutLine: {'line': b'-- Installing: /home/cricchetto/Robomaster_WS/install/multirobot_map_merge/share/multirobot_map_merge/launch/map_merge.rviz\n'}
[285.892506] (multirobot_map_merge) StdoutLine: {'line': b'-- Installing: /home/cricchetto/Robomaster_WS/install/multirobot_map_merge/share/multirobot_map_merge/launch/tb3_simulation\n'}
[285.895444] (multirobot_map_merge) StdoutLine: {'line': b'-- Installing: /home/cricchetto/Robomaster_WS/install/multirobot_map_merge/share/multirobot_map_merge/launch/tb3_simulation/worlds\n'}
[285.896691] (-) TimerEvent: {}
[285.898938] (multirobot_map_merge) StdoutLine: {'line': b'-- Installing: /home/cricchetto/Robomaster_WS/install/multirobot_map_merge/share/multirobot_map_merge/launch/tb3_simulation/worlds/world_only.model\n'}
[285.902149] (multirobot_map_merge) StdoutLine: {'line': b'-- Installing: /home/cricchetto/Robomaster_WS/install/multirobot_map_merge/share/multirobot_map_merge/launch/tb3_simulation/bringup_launch.py\n'}
[285.905477] (multirobot_map_merge) StdoutLine: {'line': b'-- Installing: /home/cricchetto/Robomaster_WS/install/multirobot_map_merge/share/multirobot_map_merge/launch/tb3_simulation/slam_toolbox.py\n'}
[285.909436] (multirobot_map_merge) StdoutLine: {'line': b'-- Installing: /home/cricchetto/Robomaster_WS/install/multirobot_map_merge/share/multirobot_map_merge/launch/tb3_simulation/config\n'}
[285.912235] (multirobot_map_merge) StdoutLine: {'line': b'-- Installing: /home/cricchetto/Robomaster_WS/install/multirobot_map_merge/share/multirobot_map_merge/launch/tb3_simulation/config/nav2_multirobot_params_2.yaml\n'}
[285.915285] (multirobot_map_merge) StdoutLine: {'line': b'-- Installing: /home/cricchetto/Robomaster_WS/install/multirobot_map_merge/share/multirobot_map_merge/launch/tb3_simulation/config/nav2_multirobot_params_1.yaml\n'}
[285.918117] (multirobot_map_merge) StdoutLine: {'line': b'-- Installing: /home/cricchetto/Robomaster_WS/install/multirobot_map_merge/share/multirobot_map_merge/launch/tb3_simulation/multi_tb3_simulation_launch.py\n'}
[285.921172] (multirobot_map_merge) StdoutLine: {'line': b'-- Installing: /home/cricchetto/Robomaster_WS/install/multirobot_map_merge/share/multirobot_map_merge/launch/tb3_simulation/tb3_simulation_launch.py\n'}
[285.924216] (multirobot_map_merge) StdoutLine: {'line': b'-- Installing: /home/cricchetto/Robomaster_WS/install/multirobot_map_merge/share/multirobot_map_merge/config\n'}
[285.926924] (multirobot_map_merge) StdoutLine: {'line': b'-- Installing: /home/cricchetto/Robomaster_WS/install/multirobot_map_merge/share/multirobot_map_merge/config/params.yaml\n'}
[285.931021] (multirobot_map_merge) StdoutLine: {'line': b'-- Installing: /home/cricchetto/Robomaster_WS/install/multirobot_map_merge/lib/libcombine_grids.a\n'}
[285.943978] (multirobot_map_merge) StdoutLine: {'line': b'-- Installing: /home/cricchetto/Robomaster_WS/install/multirobot_map_merge/lib/multirobot_map_merge/map_merge\n'}
[285.996966] (-) TimerEvent: {}
[286.000930] (multirobot_map_merge) StdoutLine: {'line': b'-- Set runtime path of "/home/cricchetto/Robomaster_WS/install/multirobot_map_merge/lib/multirobot_map_merge/map_merge" to ""\n'}
[286.003364] (multirobot_map_merge) StdoutLine: {'line': b'-- Installing: /home/cricchetto/Robomaster_WS/install/multirobot_map_merge/share/multirobot_map_merge/environment/library_path.sh\n'}
[286.006741] (multirobot_map_merge) StdoutLine: {'line': b'-- Installing: /home/cricchetto/Robomaster_WS/install/multirobot_map_merge/share/multirobot_map_merge/environment/library_path.dsv\n'}
[286.010687] (multirobot_map_merge) StdoutLine: {'line': b'-- Installing: /home/cricchetto/Robomaster_WS/install/multirobot_map_merge/share/ament_index/resource_index/package_run_dependencies/multirobot_map_merge\n'}
[286.014391] (multirobot_map_merge) StdoutLine: {'line': b'-- Installing: /home/cricchetto/Robomaster_WS/install/multirobot_map_merge/share/ament_index/resource_index/parent_prefix_path/multirobot_map_merge\n'}
[286.017543] (multirobot_map_merge) StdoutLine: {'line': b'-- Installing: /home/cricchetto/Robomaster_WS/install/multirobot_map_merge/share/multirobot_map_merge/environment/ament_prefix_path.sh\n'}
[286.020556] (multirobot_map_merge) StdoutLine: {'line': b'-- Installing: /home/cricchetto/Robomaster_WS/install/multirobot_map_merge/share/multirobot_map_merge/environment/ament_prefix_path.dsv\n'}
[286.023858] (multirobot_map_merge) StdoutLine: {'line': b'-- Installing: /home/cricchetto/Robomaster_WS/install/multirobot_map_merge/share/multirobot_map_merge/environment/path.sh\n'}
[286.027007] (multirobot_map_merge) StdoutLine: {'line': b'-- Installing: /home/cricchetto/Robomaster_WS/install/multirobot_map_merge/share/multirobot_map_merge/environment/path.dsv\n'}
[286.030597] (multirobot_map_merge) StdoutLine: {'line': b'-- Installing: /home/cricchetto/Robomaster_WS/install/multirobot_map_merge/share/multirobot_map_merge/local_setup.bash\n'}
[286.033956] (multirobot_map_merge) StdoutLine: {'line': b'-- Installing: /home/cricchetto/Robomaster_WS/install/multirobot_map_merge/share/multirobot_map_merge/local_setup.sh\n'}
[286.037282] (multirobot_map_merge) StdoutLine: {'line': b'-- Installing: /home/cricchetto/Robomaster_WS/install/multirobot_map_merge/share/multirobot_map_merge/local_setup.zsh\n'}
[286.040175] (multirobot_map_merge) StdoutLine: {'line': b'-- Installing: /home/cricchetto/Robomaster_WS/install/multirobot_map_merge/share/multirobot_map_merge/local_setup.dsv\n'}
[286.043205] (multirobot_map_merge) StdoutLine: {'line': b'-- Installing: /home/cricchetto/Robomaster_WS/install/multirobot_map_merge/share/multirobot_map_merge/package.dsv\n'}
[286.046986] (multirobot_map_merge) StdoutLine: {'line': b'-- Installing: /home/cricchetto/Robomaster_WS/install/multirobot_map_merge/share/ament_index/resource_index/packages/multirobot_map_merge\n'}
[286.050709] (multirobot_map_merge) StdoutLine: {'line': b'-- Installing: /home/cricchetto/Robomaster_WS/install/multirobot_map_merge/share/multirobot_map_merge/cmake/ament_cmake_export_include_directories-extras.cmake\n'}
[286.053977] (multirobot_map_merge) StdoutLine: {'line': b'-- Installing: /home/cricchetto/Robomaster_WS/install/multirobot_map_merge/share/multirobot_map_merge/cmake/ament_cmake_export_libraries-extras.cmake\n'}
[286.057364] (multirobot_map_merge) StdoutLine: {'line': b'-- Installing: /home/cricchetto/Robomaster_WS/install/multirobot_map_merge/share/multirobot_map_merge/cmake/multirobot_map_mergeConfig.cmake\n'}
[286.060372] (multirobot_map_merge) StdoutLine: {'line': b'-- Installing: /home/cricchetto/Robomaster_WS/install/multirobot_map_merge/share/multirobot_map_merge/cmake/multirobot_map_mergeConfig-version.cmake\n'}
[286.063693] (multirobot_map_merge) StdoutLine: {'line': b'-- Installing: /home/cricchetto/Robomaster_WS/install/multirobot_map_merge/share/multirobot_map_merge/package.xml\n'}
[286.084735] (multirobot_map_merge) CommandEnded: {'returncode': 0}
[286.097674] (-) TimerEvent: {}
[286.189436] (multirobot_map_merge) JobEnded: {'identifier': 'multirobot_map_merge', 'rc': 0}
[286.211923] (-) TimerEvent: {}
[286.313944] (-) TimerEvent: {}
[286.324473] (robomaster_msgs) StdoutLine: {'line': b'[ 44%] \x1b[32mBuilding CXX object CMakeFiles/robomaster_msgs__rosidl_typesupport_fastrtps_c.dir/rosidl_typesupport_fastrtps_c/robomaster_msgs/msg/detail/servo_command__type_support_c.cpp.o\x1b[0m\n'}
[286.414210] (-) TimerEvent: {}
[286.515903] (-) TimerEvent: {}
[286.622861] (robomaster_msgs) StdoutLine: {'line': b'[ 44%] \x1b[32mBuilding CXX object CMakeFiles/robomaster_msgs__rosidl_typesupport_cpp.dir/rosidl_typesupport_cpp/robomaster_msgs/msg/sensor_adapter__type_support.cpp.o\x1b[0m\n'}
[286.623767] (-) TimerEvent: {}
[286.725525] (-) TimerEvent: {}
[286.827361] (-) TimerEvent: {}
[286.929758] (-) TimerEvent: {}
[287.031557] (-) TimerEvent: {}
[287.133614] (-) TimerEvent: {}
[287.235846] (-) TimerEvent: {}
[287.337942] (-) TimerEvent: {}
[287.440066] (-) TimerEvent: {}
[287.542101] (-) TimerEvent: {}
[287.644302] (-) TimerEvent: {}
[287.746590] (-) TimerEvent: {}
[287.848940] (-) TimerEvent: {}
[287.951309] (-) TimerEvent: {}
[288.053401] (-) TimerEvent: {}
[288.155490] (-) TimerEvent: {}
[288.163303] (robomaster_msgs) StdoutLine: {'line': b'[ 44%] \x1b[32mBuilding CXX object CMakeFiles/robomaster_msgs__rosidl_typesupport_cpp.dir/rosidl_typesupport_cpp/robomaster_msgs/msg/servo_raw_state__type_support.cpp.o\x1b[0m\n'}
[288.200891] (robomaster_msgs) StdoutLine: {'line': b'[ 44%] \x1b[32mBuilding CXX object CMakeFiles/robomaster_msgs__rosidl_typesupport_fastrtps_c.dir/rosidl_typesupport_fastrtps_c/robomaster_msgs/msg/detail/gimbal_command__type_support_c.cpp.o\x1b[0m\n'}
[288.255742] (-) TimerEvent: {}
[288.292286] (robomaster_msgs) StdoutLine: {'line': b'[ 44%] \x1b[32mBuilding CXX object CMakeFiles/robomaster_msgs__rosidl_typesupport_fastrtps_cpp.dir/rosidl_typesupport_fastrtps_cpp/robomaster_msgs/msg/detail/dds_fastrtps/region_of_interest__type_support.cpp.o\x1b[0m\n'}
[288.355964] (-) TimerEvent: {}
[288.457395] (-) TimerEvent: {}
[288.558964] (-) TimerEvent: {}
[288.660803] (-) TimerEvent: {}
[288.762701] (-) TimerEvent: {}
[288.865134] (-) TimerEvent: {}
[288.967592] (-) TimerEvent: {}
[289.069940] (-) TimerEvent: {}
[289.172145] (-) TimerEvent: {}
[289.274492] (-) TimerEvent: {}
[289.376857] (-) TimerEvent: {}
[289.479252] (-) TimerEvent: {}
[289.581478] (-) TimerEvent: {}
[289.613755] (robomaster_msgs) StdoutLine: {'line': b'[ 45%] \x1b[32mBuilding CXX object CMakeFiles/robomaster_msgs__rosidl_typesupport_cpp.dir/rosidl_typesupport_cpp/robomaster_msgs/msg/speaker_command__type_support.cpp.o\x1b[0m\n'}
[289.681703] (-) TimerEvent: {}
[289.783604] (-) TimerEvent: {}
[289.885435] (-) TimerEvent: {}
[289.987098] (-) TimerEvent: {}
[290.006618] (robomaster_msgs) StdoutLine: {'line': b'[ 45%] \x1b[32mBuilding CXX object CMakeFiles/robomaster_msgs__rosidl_typesupport_fastrtps_c.dir/rosidl_typesupport_fastrtps_c/robomaster_msgs/msg/detail/blaster_led__type_support_c.cpp.o\x1b[0m\n'}
[290.087413] (-) TimerEvent: {}
[290.189591] (-) TimerEvent: {}
[290.291396] (-) TimerEvent: {}
[290.393447] (-) TimerEvent: {}
[290.431978] (robomaster_msgs) StdoutLine: {'line': b'[ 45%] \x1b[32mBuilding CXX object CMakeFiles/robomaster_msgs__rosidl_typesupport_fastrtps_cpp.dir/rosidl_typesupport_fastrtps_cpp/robomaster_msgs/msg/detail/dds_fastrtps/serial__type_support.cpp.o\x1b[0m\n'}
[290.493696] (-) TimerEvent: {}
[290.595411] (-) TimerEvent: {}
[290.697343] (-) TimerEvent: {}
[290.799226] (-) TimerEvent: {}
[290.901384] (-) TimerEvent: {}
[291.003350] (-) TimerEvent: {}
[291.049757] (robomaster_msgs) StdoutLine: {'line': b'[ 45%] \x1b[32mBuilding CXX object CMakeFiles/robomaster_msgs__rosidl_typesupport_cpp.dir/rosidl_typesupport_cpp/robomaster_msgs/action/move__type_support.cpp.o\x1b[0m\n'}
[291.103608] (-) TimerEvent: {}
[291.205599] (-) TimerEvent: {}
[291.307555] (-) TimerEvent: {}
[291.409588] (-) TimerEvent: {}
[291.511814] (-) TimerEvent: {}
[291.613645] (-) TimerEvent: {}
[291.722455] (-) TimerEvent: {}
[291.790596] (robomaster_msgs) StdoutLine: {'line': b'[ 46%] \x1b[32mBuilding CXX object CMakeFiles/robomaster_msgs__rosidl_typesupport_fastrtps_c.dir/rosidl_typesupport_fastrtps_c/robomaster_msgs/msg/detail/mode__type_support_c.cpp.o\x1b[0m\n'}
[291.822745] (-) TimerEvent: {}
[291.924417] (-) TimerEvent: {}
[292.026299] (-) TimerEvent: {}
[292.128492] (-) TimerEvent: {}
[292.230738] (-) TimerEvent: {}
[292.332996] (-) TimerEvent: {}
[292.435455] (-) TimerEvent: {}
[292.537602] (-) TimerEvent: {}
[292.639706] (-) TimerEvent: {}
[292.742033] (-) TimerEvent: {}
[292.844985] (-) TimerEvent: {}
[292.847755] (robomaster_msgs) StdoutLine: {'line': b'[ 47%] \x1b[32mBuilding CXX object CMakeFiles/robomaster_msgs__rosidl_typesupport_fastrtps_cpp.dir/rosidl_typesupport_fastrtps_cpp/robomaster_msgs/msg/detail/dds_fastrtps/servo_command__type_support.cpp.o\x1b[0m\n'}
[292.945189] (-) TimerEvent: {}
[293.047094] (-) TimerEvent: {}
[293.148859] (-) TimerEvent: {}
[293.250689] (-) TimerEvent: {}
[293.352584] (-) TimerEvent: {}
[293.454681] (-) TimerEvent: {}
[293.556817] (-) TimerEvent: {}
[293.618259] (robomaster_msgs) StdoutLine: {'line': b'[ 47%] \x1b[32mBuilding CXX object CMakeFiles/robomaster_msgs__rosidl_typesupport_cpp.dir/rosidl_typesupport_cpp/robomaster_msgs/action/move_arm__type_support.cpp.o\x1b[0m\n'}
[293.657276] (-) TimerEvent: {}
[293.668281] (robomaster_msgs) StdoutLine: {'line': b'[ 47%] \x1b[32mBuilding CXX object CMakeFiles/robomaster_msgs__rosidl_typesupport_fastrtps_c.dir/rosidl_typesupport_fastrtps_c/robomaster_msgs/msg/detail/audio_data__type_support_c.cpp.o\x1b[0m\n'}
[293.757458] (-) TimerEvent: {}
[293.859184] (-) TimerEvent: {}
[293.960959] (-) TimerEvent: {}
[294.062909] (-) TimerEvent: {}
[294.165256] (-) TimerEvent: {}
[294.267498] (-) TimerEvent: {}
[294.369499] (-) TimerEvent: {}
[294.472447] (-) TimerEvent: {}
[294.575190] (-) TimerEvent: {}
[294.677424] (-) TimerEvent: {}
[294.779455] (-) TimerEvent: {}
[294.881981] (-) TimerEvent: {}
[294.983950] (-) TimerEvent: {}
[295.014362] (robomaster_msgs) StdoutLine: {'line': b'[ 47%] \x1b[32mBuilding CXX object CMakeFiles/robomaster_msgs__rosidl_typesupport_fastrtps_cpp.dir/rosidl_typesupport_fastrtps_cpp/robomaster_msgs/msg/detail/dds_fastrtps/gimbal_command__type_support.cpp.o\x1b[0m\n'}
[295.084248] (-) TimerEvent: {}
[295.186261] (-) TimerEvent: {}
[295.288098] (-) TimerEvent: {}
[295.390287] (-) TimerEvent: {}
[295.492363] (-) TimerEvent: {}
[295.555879] (robomaster_msgs) StdoutLine: {'line': b'[ 47%] \x1b[32mBuilding CXX object CMakeFiles/robomaster_msgs__rosidl_typesupport_fastrtps_c.dir/rosidl_typesupport_fastrtps_c/robomaster_msgs/msg/detail/audio_level__type_support_c.cpp.o\x1b[0m\n'}
[295.592637] (-) TimerEvent: {}
[295.694846] (-) TimerEvent: {}
[295.796824] (-) TimerEvent: {}
[295.898892] (-) TimerEvent: {}
[296.001064] (-) TimerEvent: {}
[296.102985] (-) TimerEvent: {}
[296.141216] (robomaster_msgs) StdoutLine: {'line': b'[ 48%] \x1b[32mBuilding CXX object CMakeFiles/robomaster_msgs__rosidl_typesupport_cpp.dir/rosidl_typesupport_cpp/robomaster_msgs/action/gripper_control__type_support.cpp.o\x1b[0m\n'}
[296.203220] (-) TimerEvent: {}
[296.304865] (-) TimerEvent: {}
[296.406619] (-) TimerEvent: {}
[296.508487] (-) TimerEvent: {}
[296.610387] (-) TimerEvent: {}
[296.712469] (-) TimerEvent: {}
[296.822115] (-) TimerEvent: {}
[296.924355] (-) TimerEvent: {}
[297.026514] (-) TimerEvent: {}
[297.128888] (-) TimerEvent: {}
[297.179196] (robomaster_msgs) StdoutLine: {'line': b'[ 48%] \x1b[32mBuilding CXX object CMakeFiles/robomaster_msgs__rosidl_typesupport_fastrtps_cpp.dir/rosidl_typesupport_fastrtps_cpp/robomaster_msgs/msg/detail/dds_fastrtps/blaster_led__type_support.cpp.o\x1b[0m\n'}
[297.229132] (-) TimerEvent: {}
[297.330945] (-) TimerEvent: {}
[297.416571] (robomaster_msgs) StdoutLine: {'line': b'[ 49%] \x1b[32mBuilding CXX object CMakeFiles/robomaster_msgs__rosidl_typesupport_fastrtps_c.dir/rosidl_typesupport_fastrtps_c/robomaster_msgs/msg/detail/audio_opus__type_support_c.cpp.o\x1b[0m\n'}
[297.431161] (-) TimerEvent: {}
[297.532881] (-) TimerEvent: {}
[297.635005] (-) TimerEvent: {}
[297.736757] (-) TimerEvent: {}
[297.838887] (-) TimerEvent: {}
[297.940935] (-) TimerEvent: {}
[298.043066] (-) TimerEvent: {}
[298.145097] (-) TimerEvent: {}
[298.247794] (-) TimerEvent: {}
[298.350053] (-) TimerEvent: {}
[298.452312] (-) TimerEvent: {}
[298.554255] (-) TimerEvent: {}
[298.656205] (-) TimerEvent: {}
[298.713574] (robomaster_msgs) StdoutLine: {'line': b'[ 49%] \x1b[32mBuilding CXX object CMakeFiles/robomaster_msgs__rosidl_typesupport_cpp.dir/rosidl_typesupport_cpp/robomaster_msgs/action/play_sound__type_support.cpp.o\x1b[0m\n'}
[298.756460] (-) TimerEvent: {}
[298.858583] (-) TimerEvent: {}
[298.960788] (-) TimerEvent: {}
[299.062820] (-) TimerEvent: {}
[299.164614] (-) TimerEvent: {}
[299.266477] (-) TimerEvent: {}
[299.316114] (robomaster_msgs) StdoutLine: {'line': b'[ 49%] \x1b[32mBuilding CXX object CMakeFiles/robomaster_msgs__rosidl_typesupport_fastrtps_c.dir/rosidl_typesupport_fastrtps_c/robomaster_msgs/msg/detail/h264_packet__type_support_c.cpp.o\x1b[0m\n'}
[299.339935] (robomaster_msgs) StdoutLine: {'line': b'[ 50%] \x1b[32mBuilding CXX object CMakeFiles/robomaster_msgs__rosidl_typesupport_fastrtps_cpp.dir/rosidl_typesupport_fastrtps_cpp/robomaster_msgs/msg/detail/dds_fastrtps/mode__type_support.cpp.o\x1b[0m\n'}
[299.366758] (-) TimerEvent: {}
[299.468709] (-) TimerEvent: {}
[299.570410] (-) TimerEvent: {}
[299.672129] (-) TimerEvent: {}
[299.773857] (-) TimerEvent: {}
[299.875904] (-) TimerEvent: {}
[299.978184] (-) TimerEvent: {}
[300.080153] (-) TimerEvent: {}
[300.182431] (-) TimerEvent: {}
[300.284616] (-) TimerEvent: {}
[300.387121] (-) TimerEvent: {}
[300.489772] (-) TimerEvent: {}
[300.592475] (-) TimerEvent: {}
[300.694777] (-) TimerEvent: {}
[300.797314] (-) TimerEvent: {}
[300.899809] (-) TimerEvent: {}
[301.001955] (-) TimerEvent: {}
[301.104104] (-) TimerEvent: {}
[301.206481] (-) TimerEvent: {}
[301.244584] (robomaster_msgs) StdoutLine: {'line': b'[ 50%] \x1b[32mBuilding CXX object CMakeFiles/robomaster_msgs__rosidl_typesupport_fastrtps_c.dir/rosidl_typesupport_fastrtps_c/robomaster_msgs/msg/detail/sensor_adapter__type_support_c.cpp.o\x1b[0m\n'}
[301.278151] (robomaster_msgs) StdoutLine: {'line': b'[ 50%] \x1b[32mBuilding CXX object CMakeFiles/robomaster_msgs__rosidl_typesupport_cpp.dir/rosidl_typesupport_cpp/robomaster_msgs/action/move_servo__type_support.cpp.o\x1b[0m\n'}
[301.306719] (-) TimerEvent: {}
[301.407510] (-) TimerEvent: {}
[301.508502] (-) TimerEvent: {}
[301.535504] (robomaster_msgs) StdoutLine: {'line': b'[ 50%] \x1b[32mBuilding CXX object CMakeFiles/robomaster_msgs__rosidl_typesupport_fastrtps_cpp.dir/rosidl_typesupport_fastrtps_cpp/robomaster_msgs/msg/detail/dds_fastrtps/audio_data__type_support.cpp.o\x1b[0m\n'}
[301.608837] (-) TimerEvent: {}
[301.710877] (-) TimerEvent: {}
[301.812556] (-) TimerEvent: {}
[301.921071] (-) TimerEvent: {}
[302.022887] (-) TimerEvent: {}
[302.125433] (-) TimerEvent: {}
[302.227307] (-) TimerEvent: {}
[302.329464] (-) TimerEvent: {}
[302.431977] (-) TimerEvent: {}
[302.534448] (-) TimerEvent: {}
[302.636766] (-) TimerEvent: {}
[302.738853] (-) TimerEvent: {}
[302.840966] (-) TimerEvent: {}
[302.943348] (-) TimerEvent: {}
[303.045966] (-) TimerEvent: {}
[303.102270] (robomaster_msgs) StdoutLine: {'line': b'[ 51%] \x1b[32mBuilding CXX object CMakeFiles/robomaster_msgs__rosidl_typesupport_fastrtps_c.dir/rosidl_typesupport_fastrtps_c/robomaster_msgs/msg/detail/servo_raw_state__type_support_c.cpp.o\x1b[0m\n'}
[303.146216] (-) TimerEvent: {}
[303.248677] (-) TimerEvent: {}
[303.350614] (-) TimerEvent: {}
[303.452762] (-) TimerEvent: {}
[303.554618] (-) TimerEvent: {}
[303.656552] (-) TimerEvent: {}
[303.758605] (-) TimerEvent: {}
[303.798219] (robomaster_msgs) StdoutLine: {'line': b'[ 52%] \x1b[32mBuilding CXX object CMakeFiles/robomaster_msgs__rosidl_typesupport_cpp.dir/rosidl_typesupport_cpp/robomaster_msgs/action/move_gimbal__type_support.cpp.o\x1b[0m\n'}
[303.858877] (-) TimerEvent: {}
[303.960866] (-) TimerEvent: {}
[303.978342] (robomaster_msgs) StdoutLine: {'line': b'[ 52%] \x1b[32mBuilding CXX object CMakeFiles/robomaster_msgs__rosidl_typesupport_fastrtps_cpp.dir/rosidl_typesupport_fastrtps_cpp/robomaster_msgs/msg/detail/dds_fastrtps/audio_level__type_support.cpp.o\x1b[0m\n'}
[304.061090] (-) TimerEvent: {}
[304.162901] (-) TimerEvent: {}
[304.264746] (-) TimerEvent: {}
[304.366442] (-) TimerEvent: {}
[304.467990] (-) TimerEvent: {}
[304.569822] (-) TimerEvent: {}
[304.671587] (-) TimerEvent: {}
[304.773767] (-) TimerEvent: {}
[304.876039] (-) TimerEvent: {}
[304.951124] (robomaster_msgs) StdoutLine: {'line': b'[ 52%] \x1b[32mBuilding CXX object CMakeFiles/robomaster_msgs__rosidl_typesupport_fastrtps_c.dir/rosidl_typesupport_fastrtps_c/robomaster_msgs/msg/detail/speaker_command__type_support_c.cpp.o\x1b[0m\n'}
[304.976321] (-) TimerEvent: {}
[305.078606] (-) TimerEvent: {}
[305.180430] (-) TimerEvent: {}
[305.282258] (-) TimerEvent: {}
[305.384180] (-) TimerEvent: {}
[305.486084] (-) TimerEvent: {}
[305.588315] (-) TimerEvent: {}
[305.690782] (-) TimerEvent: {}
[305.793121] (-) TimerEvent: {}
[305.895530] (-) TimerEvent: {}
[305.997873] (-) TimerEvent: {}
[306.099907] (-) TimerEvent: {}
[306.202026] (-) TimerEvent: {}
[306.208062] (robomaster_msgs) StdoutLine: {'line': b'[ 53%] \x1b[32mBuilding CXX object CMakeFiles/robomaster_msgs__rosidl_typesupport_fastrtps_cpp.dir/rosidl_typesupport_fastrtps_cpp/robomaster_msgs/msg/detail/dds_fastrtps/audio_opus__type_support.cpp.o\x1b[0m\n'}
[306.302425] (-) TimerEvent: {}
[306.363824] (robomaster_msgs) StdoutLine: {'line': b'[ 53%] \x1b[32mBuilding CXX object CMakeFiles/robomaster_msgs__rosidl_typesupport_cpp.dir/rosidl_typesupport_cpp/robomaster_msgs/action/recenter_gimbal__type_support.cpp.o\x1b[0m\n'}
[306.402649] (-) TimerEvent: {}
[306.504802] (-) TimerEvent: {}
[306.606458] (-) TimerEvent: {}
[306.708133] (-) TimerEvent: {}
[306.810075] (-) TimerEvent: {}
[306.835993] (robomaster_msgs) StdoutLine: {'line': b'[ 53%] \x1b[32mBuilding CXX object CMakeFiles/robomaster_msgs__rosidl_typesupport_fastrtps_c.dir/rosidl_typesupport_fastrtps_c/robomaster_msgs/action/detail/move__type_support_c.cpp.o\x1b[0m\n'}
[306.910319] (-) TimerEvent: {}
[307.012146] (-) TimerEvent: {}
[307.113976] (-) TimerEvent: {}
[307.216120] (-) TimerEvent: {}
[307.318071] (-) TimerEvent: {}
[307.420105] (-) TimerEvent: {}
[307.521973] (-) TimerEvent: {}
[307.624364] (-) TimerEvent: {}
[307.726731] (-) TimerEvent: {}
[307.829382] (-) TimerEvent: {}
[307.931833] (-) TimerEvent: {}
[308.034244] (-) TimerEvent: {}
[308.136782] (-) TimerEvent: {}
[308.239020] (-) TimerEvent: {}
[308.341155] (-) TimerEvent: {}
[308.443220] (-) TimerEvent: {}
[308.545807] (-) TimerEvent: {}
[308.648563] (-) TimerEvent: {}
[308.651015] (robomaster_msgs) StdoutLine: {'line': b'[ 53%] \x1b[32mBuilding CXX object CMakeFiles/robomaster_msgs__rosidl_typesupport_fastrtps_cpp.dir/rosidl_typesupport_fastrtps_cpp/robomaster_msgs/msg/detail/dds_fastrtps/h264_packet__type_support.cpp.o\x1b[0m\n'}
[308.748793] (-) TimerEvent: {}
[308.850613] (-) TimerEvent: {}
[308.917171] (robomaster_msgs) StdoutLine: {'line': b'[ 53%] \x1b[32mBuilding CXX object CMakeFiles/robomaster_msgs__rosidl_typesupport_cpp.dir/rosidl_typesupport_cpp/robomaster_msgs/srv/get_adc__type_support.cpp.o\x1b[0m\n'}
[308.951118] (-) TimerEvent: {}
[309.042897] (robomaster_msgs) StdoutLine: {'line': b'[ 54%] \x1b[32mBuilding CXX object CMakeFiles/robomaster_msgs__rosidl_typesupport_fastrtps_c.dir/rosidl_typesupport_fastrtps_c/robomaster_msgs/action/detail/move_arm__type_support_c.cpp.o\x1b[0m\n'}
[309.051434] (-) TimerEvent: {}
[309.152836] (-) TimerEvent: {}
[309.254485] (-) TimerEvent: {}
[309.356365] (-) TimerEvent: {}
[309.458232] (-) TimerEvent: {}
[309.560136] (-) TimerEvent: {}
[309.662276] (-) TimerEvent: {}
[309.764535] (-) TimerEvent: {}
[309.867070] (-) TimerEvent: {}
[309.969170] (-) TimerEvent: {}
[310.071491] (-) TimerEvent: {}
[310.173579] (-) TimerEvent: {}
[310.275900] (-) TimerEvent: {}
[310.378405] (-) TimerEvent: {}
[310.402925] (robomaster_msgs) StdoutLine: {'line': b'[ 54%] \x1b[32mBuilding CXX object CMakeFiles/robomaster_msgs__rosidl_typesupport_cpp.dir/rosidl_typesupport_cpp/robomaster_msgs/srv/get_io__type_support.cpp.o\x1b[0m\n'}
[310.478664] (-) TimerEvent: {}
[310.580448] (-) TimerEvent: {}
[310.682402] (-) TimerEvent: {}
[310.784517] (-) TimerEvent: {}
[310.886518] (-) TimerEvent: {}
[310.988617] (-) TimerEvent: {}
[311.024369] (robomaster_msgs) StdoutLine: {'line': b'[ 54%] \x1b[32mBuilding CXX object CMakeFiles/robomaster_msgs__rosidl_typesupport_fastrtps_cpp.dir/rosidl_typesupport_fastrtps_cpp/robomaster_msgs/msg/detail/dds_fastrtps/sensor_adapter__type_support.cpp.o\x1b[0m\n'}
[311.088882] (-) TimerEvent: {}
[311.190515] (-) TimerEvent: {}
[311.198504] (robomaster_msgs) StdoutLine: {'line': b'[ 54%] \x1b[32mBuilding CXX object CMakeFiles/robomaster_msgs__rosidl_typesupport_fastrtps_c.dir/rosidl_typesupport_fastrtps_c/robomaster_msgs/action/detail/gripper_control__type_support_c.cpp.o\x1b[0m\n'}
[311.290784] (-) TimerEvent: {}
[311.392245] (-) TimerEvent: {}
[311.493775] (-) TimerEvent: {}
[311.595583] (-) TimerEvent: {}
[311.697494] (-) TimerEvent: {}
[311.799479] (-) TimerEvent: {}
[311.869790] (robomaster_msgs) StdoutLine: {'line': b'[ 55%] \x1b[32mBuilding CXX object CMakeFiles/robomaster_msgs__rosidl_typesupport_cpp.dir/rosidl_typesupport_cpp/robomaster_msgs/srv/get_pulse__type_support.cpp.o\x1b[0m\n'}
[311.899920] (-) TimerEvent: {}
[312.000893] (-) TimerEvent: {}
[312.102832] (-) TimerEvent: {}
[312.204892] (-) TimerEvent: {}
[312.306684] (-) TimerEvent: {}
[312.408972] (-) TimerEvent: {}
[312.511139] (-) TimerEvent: {}
[312.613781] (-) TimerEvent: {}
[312.715866] (-) TimerEvent: {}
[312.818086] (-) TimerEvent: {}
[312.920968] (-) TimerEvent: {}
[313.023011] (-) TimerEvent: {}
[313.125102] (-) TimerEvent: {}
[313.224074] (robomaster_msgs) StdoutLine: {'line': b'[ 55%] \x1b[32mBuilding CXX object CMakeFiles/robomaster_msgs__rosidl_typesupport_fastrtps_cpp.dir/rosidl_typesupport_fastrtps_cpp/robomaster_msgs/msg/detail/dds_fastrtps/servo_raw_state__type_support.cpp.o\x1b[0m\n'}
[313.225110] (-) TimerEvent: {}
[313.327265] (-) TimerEvent: {}
[313.340757] (robomaster_msgs) StdoutLine: {'line': b'[ 55%] \x1b[32mBuilding CXX object CMakeFiles/robomaster_msgs__rosidl_typesupport_fastrtps_c.dir/rosidl_typesupport_fastrtps_c/robomaster_msgs/action/detail/play_sound__type_support_c.cpp.o\x1b[0m\n'}
[313.427507] (-) TimerEvent: {}
[313.433310] (robomaster_msgs) StdoutLine: {'line': b'[ 55%] \x1b[32mBuilding CXX object CMakeFiles/robomaster_msgs__rosidl_typesupport_cpp.dir/rosidl_typesupport_cpp/robomaster_msgs/srv/get_servo_angle__type_support.cpp.o\x1b[0m\n'}
[313.527812] (-) TimerEvent: {}
[313.629167] (-) TimerEvent: {}
[313.730769] (-) TimerEvent: {}
[313.832500] (-) TimerEvent: {}
[313.934695] (-) TimerEvent: {}
[314.036968] (-) TimerEvent: {}
[314.139277] (-) TimerEvent: {}
[314.241348] (-) TimerEvent: {}
[314.343566] (-) TimerEvent: {}
[314.445805] (-) TimerEvent: {}
[314.547777] (-) TimerEvent: {}
[314.649581] (-) TimerEvent: {}
[314.751362] (-) TimerEvent: {}
[314.853487] (-) TimerEvent: {}
[314.931085] (robomaster_msgs) StdoutLine: {'line': b'[ 55%] \x1b[32m\x1b[1mLinking CXX shared library librobomaster_msgs__rosidl_typesupport_cpp.so\x1b[0m\n'}
[314.953795] (-) TimerEvent: {}
[315.056275] (-) TimerEvent: {}
[315.158071] (-) TimerEvent: {}
[315.196911] (robomaster_msgs) StdoutLine: {'line': b'[ 55%] Built target robomaster_msgs__rosidl_typesupport_cpp\n'}
[315.258328] (-) TimerEvent: {}
[315.359178] (-) TimerEvent: {}
[315.390680] (robomaster_msgs) StdoutLine: {'line': b'[ 56%] \x1b[32mBuilding CXX object CMakeFiles/robomaster_msgs__rosidl_typesupport_fastrtps_cpp.dir/rosidl_typesupport_fastrtps_cpp/robomaster_msgs/msg/detail/dds_fastrtps/speaker_command__type_support.cpp.o\x1b[0m\n'}
[315.459478] (-) TimerEvent: {}
[315.495907] (robomaster_msgs) StdoutLine: {'line': b'[ 56%] \x1b[32mBuilding CXX object CMakeFiles/robomaster_msgs__rosidl_typesupport_fastrtps_c.dir/rosidl_typesupport_fastrtps_c/robomaster_msgs/action/detail/move_servo__type_support_c.cpp.o\x1b[0m\n'}
[315.559705] (-) TimerEvent: {}
[315.660418] (-) TimerEvent: {}
[315.761087] (-) TimerEvent: {}
[315.861788] (-) TimerEvent: {}
[315.962540] (-) TimerEvent: {}
[316.063348] (-) TimerEvent: {}
[316.164213] (-) TimerEvent: {}
[316.265019] (-) TimerEvent: {}
[316.365835] (-) TimerEvent: {}
[316.466629] (-) TimerEvent: {}
[316.567433] (-) TimerEvent: {}
[316.668336] (-) TimerEvent: {}
[316.769260] (-) TimerEvent: {}
[316.870162] (-) TimerEvent: {}
[316.979716] (-) TimerEvent: {}
[317.080494] (-) TimerEvent: {}
[317.181340] (-) TimerEvent: {}
[317.282167] (-) TimerEvent: {}
[317.288893] (robomaster_msgs) StdoutLine: {'line': b'[ 56%] \x1b[32mBuilding CXX object CMakeFiles/robomaster_msgs__rosidl_typesupport_fastrtps_cpp.dir/rosidl_typesupport_fastrtps_cpp/robomaster_msgs/action/detail/dds_fastrtps/move__type_support.cpp.o\x1b[0m\n'}
[317.366677] (robomaster_msgs) StdoutLine: {'line': b'[ 57%] \x1b[32mBuilding CXX object CMakeFiles/robomaster_msgs__rosidl_typesupport_fastrtps_c.dir/rosidl_typesupport_fastrtps_c/robomaster_msgs/action/detail/move_gimbal__type_support_c.cpp.o\x1b[0m\n'}
[317.382397] (-) TimerEvent: {}
[317.483294] (-) TimerEvent: {}
[317.584354] (-) TimerEvent: {}
[317.685318] (-) TimerEvent: {}
[317.786026] (-) TimerEvent: {}
[317.886768] (-) TimerEvent: {}
[317.987542] (-) TimerEvent: {}
[318.088366] (-) TimerEvent: {}
[318.189243] (-) TimerEvent: {}
[318.290159] (-) TimerEvent: {}
[318.390985] (-) TimerEvent: {}
[318.491987] (-) TimerEvent: {}
[318.592985] (-) TimerEvent: {}
[318.693837] (-) TimerEvent: {}
[318.794673] (-) TimerEvent: {}
[318.895477] (-) TimerEvent: {}
[318.996314] (-) TimerEvent: {}
[319.097264] (-) TimerEvent: {}
[319.198080] (-) TimerEvent: {}
[319.263079] (robomaster_msgs) StdoutLine: {'line': b'[ 57%] \x1b[32mBuilding CXX object CMakeFiles/robomaster_msgs__rosidl_typesupport_fastrtps_c.dir/rosidl_typesupport_fastrtps_c/robomaster_msgs/action/detail/recenter_gimbal__type_support_c.cpp.o\x1b[0m\n'}
[319.298356] (-) TimerEvent: {}
[319.399168] (-) TimerEvent: {}
[319.499907] (-) TimerEvent: {}
[319.600672] (-) TimerEvent: {}
[319.701448] (-) TimerEvent: {}
[319.802315] (-) TimerEvent: {}
[319.903255] (-) TimerEvent: {}
[319.978570] (robomaster_msgs) StdoutLine: {'line': b'[ 57%] \x1b[32mBuilding CXX object CMakeFiles/robomaster_msgs__rosidl_typesupport_fastrtps_cpp.dir/rosidl_typesupport_fastrtps_cpp/robomaster_msgs/action/detail/dds_fastrtps/move_arm__type_support.cpp.o\x1b[0m\n'}
[320.003504] (-) TimerEvent: {}
[320.104425] (-) TimerEvent: {}
[320.205225] (-) TimerEvent: {}
[320.305989] (-) TimerEvent: {}
[320.406743] (-) TimerEvent: {}
[320.507510] (-) TimerEvent: {}
[320.608313] (-) TimerEvent: {}
[320.709098] (-) TimerEvent: {}
[320.809862] (-) TimerEvent: {}
[320.910718] (-) TimerEvent: {}
[321.011590] (-) TimerEvent: {}
[321.112534] (-) TimerEvent: {}
[321.117516] (robomaster_msgs) StdoutLine: {'line': b'[ 57%] \x1b[32mBuilding CXX object CMakeFiles/robomaster_msgs__rosidl_typesupport_fastrtps_c.dir/rosidl_typesupport_fastrtps_c/robomaster_msgs/srv/detail/get_adc__type_support_c.cpp.o\x1b[0m\n'}
[321.212735] (-) TimerEvent: {}
[321.314139] (-) TimerEvent: {}
[321.415506] (-) TimerEvent: {}
[321.517003] (-) TimerEvent: {}
[321.618408] (-) TimerEvent: {}
[321.719854] (-) TimerEvent: {}
[321.821406] (-) TimerEvent: {}
[321.923217] (-) TimerEvent: {}
[322.025088] (-) TimerEvent: {}
[322.127014] (-) TimerEvent: {}
[322.228545] (-) TimerEvent: {}
[322.330122] (-) TimerEvent: {}
[322.431943] (-) TimerEvent: {}
[322.533564] (-) TimerEvent: {}
[322.635100] (-) TimerEvent: {}
[322.699202] (robomaster_msgs) StdoutLine: {'line': b'[ 58%] \x1b[32mBuilding CXX object CMakeFiles/robomaster_msgs__rosidl_typesupport_fastrtps_cpp.dir/rosidl_typesupport_fastrtps_cpp/robomaster_msgs/action/detail/dds_fastrtps/gripper_control__type_support.cpp.o\x1b[0m\n'}
[322.735387] (-) TimerEvent: {}
[322.836422] (-) TimerEvent: {}
[322.844830] (robomaster_msgs) StdoutLine: {'line': b'[ 59%] \x1b[32mBuilding CXX object CMakeFiles/robomaster_msgs__rosidl_typesupport_fastrtps_c.dir/rosidl_typesupport_fastrtps_c/robomaster_msgs/srv/detail/get_io__type_support_c.cpp.o\x1b[0m\n'}
[322.936574] (-) TimerEvent: {}
[323.037235] (-) TimerEvent: {}
[323.137925] (-) TimerEvent: {}
[323.238700] (-) TimerEvent: {}
[323.339485] (-) TimerEvent: {}
[323.440377] (-) TimerEvent: {}
[323.541202] (-) TimerEvent: {}
[323.642056] (-) TimerEvent: {}
[323.742951] (-) TimerEvent: {}
[323.843829] (-) TimerEvent: {}
[323.944721] (-) TimerEvent: {}
[324.045491] (-) TimerEvent: {}
[324.146354] (-) TimerEvent: {}
[324.247298] (-) TimerEvent: {}
[324.348185] (-) TimerEvent: {}
[324.449094] (-) TimerEvent: {}
[324.548234] (robomaster_msgs) StdoutLine: {'line': b'[ 59%] \x1b[32mBuilding CXX object CMakeFiles/robomaster_msgs__rosidl_typesupport_fastrtps_c.dir/rosidl_typesupport_fastrtps_c/robomaster_msgs/srv/detail/get_pulse__type_support_c.cpp.o\x1b[0m\n'}
[324.549394] (-) TimerEvent: {}
[324.651538] (-) TimerEvent: {}
[324.753184] (-) TimerEvent: {}
[324.854753] (-) TimerEvent: {}
[324.956366] (-) TimerEvent: {}
[325.057954] (-) TimerEvent: {}
[325.159755] (-) TimerEvent: {}
[325.261516] (-) TimerEvent: {}
[325.363467] (robomaster_msgs) StdoutLine: {'line': b'[ 59%] \x1b[32mBuilding CXX object CMakeFiles/robomaster_msgs__rosidl_typesupport_fastrtps_cpp.dir/rosidl_typesupport_fastrtps_cpp/robomaster_msgs/action/detail/dds_fastrtps/play_sound__type_support.cpp.o\x1b[0m\n'}
[325.364373] (-) TimerEvent: {}
[325.465229] (-) TimerEvent: {}
[325.566058] (-) TimerEvent: {}
[325.666825] (-) TimerEvent: {}
[325.767636] (-) TimerEvent: {}
[325.868439] (-) TimerEvent: {}
[325.969182] (-) TimerEvent: {}
[326.070005] (-) TimerEvent: {}
[326.170889] (-) TimerEvent: {}
[326.215556] (robomaster_msgs) StdoutLine: {'line': b'[ 59%] \x1b[32mBuilding CXX object CMakeFiles/robomaster_msgs__rosidl_typesupport_fastrtps_c.dir/rosidl_typesupport_fastrtps_c/robomaster_msgs/srv/detail/get_servo_angle__type_support_c.cpp.o\x1b[0m\n'}
[326.271133] (-) TimerEvent: {}
[326.371873] (-) TimerEvent: {}
[326.472628] (-) TimerEvent: {}
[326.573358] (-) TimerEvent: {}
[326.674140] (-) TimerEvent: {}
[326.774900] (-) TimerEvent: {}
[326.875740] (-) TimerEvent: {}
[326.976554] (-) TimerEvent: {}
[327.077323] (-) TimerEvent: {}
[327.178388] (-) TimerEvent: {}
[327.279260] (-) TimerEvent: {}
[327.380127] (-) TimerEvent: {}
[327.481016] (-) TimerEvent: {}
[327.581776] (-) TimerEvent: {}
[327.682706] (-) TimerEvent: {}
[327.783558] (-) TimerEvent: {}
[327.884524] (-) TimerEvent: {}
[327.935622] (robomaster_msgs) StdoutLine: {'line': b'[ 60%] \x1b[32m\x1b[1mLinking CXX shared library librobomaster_msgs__rosidl_typesupport_fastrtps_c.so\x1b[0m\n'}
[327.984790] (-) TimerEvent: {}
[328.086148] (robomaster_msgs) StdoutLine: {'line': b'[ 60%] \x1b[32mBuilding CXX object CMakeFiles/robomaster_msgs__rosidl_typesupport_fastrtps_cpp.dir/rosidl_typesupport_fastrtps_cpp/robomaster_msgs/action/detail/dds_fastrtps/move_servo__type_support.cpp.o\x1b[0m\n'}
[328.087052] (-) TimerEvent: {}
[328.187946] (-) TimerEvent: {}
[328.288768] (-) TimerEvent: {}
[328.347842] (robomaster_msgs) StdoutLine: {'line': b'[ 60%] Built target robomaster_msgs__rosidl_typesupport_fastrtps_c\n'}
[328.382779] (robomaster_msgs) StdoutLine: {'line': b'[ 61%] \x1b[32mBuilding CXX object CMakeFiles/robomaster_msgs__rosidl_typesupport_fastrtps_cpp.dir/rosidl_typesupport_fastrtps_cpp/robomaster_msgs/action/detail/dds_fastrtps/move_gimbal__type_support.cpp.o\x1b[0m\n'}
[328.389107] (-) TimerEvent: {}
[328.395160] (robomaster_msgs) StdoutLine: {'line': b'[ 62%] \x1b[34m\x1b[1mGenerating C type support dispatch for ROS interfaces\x1b[0m\n'}
[328.489302] (-) TimerEvent: {}
[328.590217] (-) TimerEvent: {}
[328.691353] (-) TimerEvent: {}
[328.793041] (-) TimerEvent: {}
[328.894866] (-) TimerEvent: {}
[328.997391] (-) TimerEvent: {}
[329.099433] (-) TimerEvent: {}
[329.201293] (-) TimerEvent: {}
[329.303585] (-) TimerEvent: {}
[329.406066] (-) TimerEvent: {}
[329.508036] (-) TimerEvent: {}
[329.615480] (-) TimerEvent: {}
[329.717673] (-) TimerEvent: {}
[329.819752] (-) TimerEvent: {}
[329.922162] (-) TimerEvent: {}
[330.024514] (-) TimerEvent: {}
[330.126432] (-) TimerEvent: {}
[330.228288] (-) TimerEvent: {}
[330.330229] (-) TimerEvent: {}
[330.433018] (-) TimerEvent: {}
[330.535414] (-) TimerEvent: {}
[330.637395] (-) TimerEvent: {}
[330.739947] (-) TimerEvent: {}
[330.841767] (-) TimerEvent: {}
[330.943696] (-) TimerEvent: {}
[331.045670] (-) TimerEvent: {}
[331.148455] (-) TimerEvent: {}
[331.157541] (robomaster_msgs) StdoutLine: {'line': b'[ 62%] \x1b[32mBuilding CXX object CMakeFiles/robomaster_msgs__rosidl_typesupport_fastrtps_cpp.dir/rosidl_typesupport_fastrtps_cpp/robomaster_msgs/action/detail/dds_fastrtps/recenter_gimbal__type_support.cpp.o\x1b[0m\n'}
[331.248687] (-) TimerEvent: {}
[331.350458] (-) TimerEvent: {}
[331.452116] (-) TimerEvent: {}
[331.462604] (robomaster_msgs) StdoutLine: {'line': b'[ 62%] \x1b[32mBuilding CXX object CMakeFiles/robomaster_msgs__rosidl_typesupport_fastrtps_cpp.dir/rosidl_typesupport_fastrtps_cpp/robomaster_msgs/srv/detail/dds_fastrtps/get_adc__type_support.cpp.o\x1b[0m\n'}
[331.552316] (-) TimerEvent: {}
[331.654039] (-) TimerEvent: {}
[331.756242] (-) TimerEvent: {}
[331.858048] (-) TimerEvent: {}
[331.959812] (-) TimerEvent: {}
[332.061919] (-) TimerEvent: {}
[332.164079] (-) TimerEvent: {}
[332.266824] (-) TimerEvent: {}
[332.379025] (-) TimerEvent: {}
[332.481139] (-) TimerEvent: {}
[332.583291] (-) TimerEvent: {}
[332.685227] (-) TimerEvent: {}
[332.787301] (-) TimerEvent: {}
[332.889229] (-) TimerEvent: {}
[332.991137] (-) TimerEvent: {}
[333.093512] (-) TimerEvent: {}
[333.195400] (-) TimerEvent: {}
[333.297849] (-) TimerEvent: {}
[333.400036] (-) TimerEvent: {}
[333.502043] (-) TimerEvent: {}
[333.604025] (-) TimerEvent: {}
[333.705929] (-) TimerEvent: {}
[333.710523] (robomaster_msgs) StdoutLine: {'line': b'[ 63%] \x1b[32mBuilding CXX object CMakeFiles/robomaster_msgs__rosidl_typesupport_fastrtps_cpp.dir/rosidl_typesupport_fastrtps_cpp/robomaster_msgs/srv/detail/dds_fastrtps/get_io__type_support.cpp.o\x1b[0m\n'}
[333.806165] (-) TimerEvent: {}
[333.907906] (-) TimerEvent: {}
[334.009562] (-) TimerEvent: {}
[334.111356] (-) TimerEvent: {}
[334.144447] (robomaster_msgs) StdoutLine: {'line': b'[ 63%] \x1b[32mBuilding CXX object CMakeFiles/robomaster_msgs__rosidl_typesupport_fastrtps_cpp.dir/rosidl_typesupport_fastrtps_cpp/robomaster_msgs/srv/detail/dds_fastrtps/get_pulse__type_support.cpp.o\x1b[0m\n'}
[334.211571] (-) TimerEvent: {}
[334.313036] (-) TimerEvent: {}
[334.414776] (-) TimerEvent: {}
[334.516955] (-) TimerEvent: {}
[334.619888] (-) TimerEvent: {}
[334.721755] (-) TimerEvent: {}
[334.823901] (-) TimerEvent: {}
[334.925698] (-) TimerEvent: {}
[335.027515] (-) TimerEvent: {}
[335.129460] (-) TimerEvent: {}
[335.232336] (-) TimerEvent: {}
[335.334412] (-) TimerEvent: {}
[335.436566] (-) TimerEvent: {}
[335.538737] (-) TimerEvent: {}
[335.640593] (-) TimerEvent: {}
[335.742510] (-) TimerEvent: {}
[335.844498] (-) TimerEvent: {}
[335.931787] (robomaster_msgs) StdoutLine: {'line': b'[ 63%] \x1b[32mBuilding CXX object CMakeFiles/robomaster_msgs__rosidl_typesupport_fastrtps_cpp.dir/rosidl_typesupport_fastrtps_cpp/robomaster_msgs/srv/detail/dds_fastrtps/get_servo_angle__type_support.cpp.o\x1b[0m\n'}
[335.944694] (-) TimerEvent: {}
[336.046314] (-) TimerEvent: {}
[336.147778] (-) TimerEvent: {}
[336.249480] (-) TimerEvent: {}
[336.351809] (-) TimerEvent: {}
[336.453017] (-) TimerEvent: {}
[336.554446] (-) TimerEvent: {}
[336.655932] (-) TimerEvent: {}
[336.757325] (-) TimerEvent: {}
[336.858695] (-) TimerEvent: {}
[336.960096] (-) TimerEvent: {}
[337.061537] (-) TimerEvent: {}
[337.162886] (-) TimerEvent: {}
[337.264255] (-) TimerEvent: {}
[337.365576] (-) TimerEvent: {}
[337.466331] (-) TimerEvent: {}
[337.567149] (-) TimerEvent: {}
[337.667852] (-) TimerEvent: {}
[337.768576] (-) TimerEvent: {}
[337.849463] (robomaster_msgs) StdoutLine: {'line': b'[ 63%] \x1b[32m\x1b[1mLinking CXX shared library librobomaster_msgs__rosidl_typesupport_fastrtps_cpp.so\x1b[0m\n'}
[337.868853] (-) TimerEvent: {}
[337.969931] (-) TimerEvent: {}
[338.070844] (-) TimerEvent: {}
[338.171842] (-) TimerEvent: {}
[338.272648] (-) TimerEvent: {}
[338.296620] (robomaster_msgs) StdoutLine: {'line': b'[ 63%] Built target robomaster_msgs__rosidl_typesupport_fastrtps_cpp\n'}
[338.342456] (robomaster_msgs) StdoutLine: {'line': b'[ 64%] \x1b[34m\x1b[1mGenerating C introspection for ROS interfaces\x1b[0m\n'}
[338.372854] (-) TimerEvent: {}
[338.473686] (-) TimerEvent: {}
[338.574701] (-) TimerEvent: {}
[338.675511] (-) TimerEvent: {}
[338.776312] (-) TimerEvent: {}
[338.877116] (-) TimerEvent: {}
[338.977910] (-) TimerEvent: {}
[339.078687] (-) TimerEvent: {}
[339.179403] (-) TimerEvent: {}
[339.280128] (-) TimerEvent: {}
[339.380851] (-) TimerEvent: {}
[339.481583] (-) TimerEvent: {}
[339.582257] (-) TimerEvent: {}
[339.682973] (-) TimerEvent: {}
[339.783690] (-) TimerEvent: {}
[339.884437] (-) TimerEvent: {}
[339.985158] (-) TimerEvent: {}
[340.085881] (-) TimerEvent: {}
[340.186675] (-) TimerEvent: {}
[340.287373] (-) TimerEvent: {}
[340.388095] (-) TimerEvent: {}
[340.488823] (-) TimerEvent: {}
[340.589553] (-) TimerEvent: {}
[340.690272] (-) TimerEvent: {}
[340.791018] (-) TimerEvent: {}
[340.891938] (-) TimerEvent: {}
[340.992638] (-) TimerEvent: {}
[341.093353] (-) TimerEvent: {}
[341.194129] (-) TimerEvent: {}
[341.294837] (-) TimerEvent: {}
[341.395547] (-) TimerEvent: {}
[341.496317] (-) TimerEvent: {}
[341.597096] (-) TimerEvent: {}
[341.697952] (-) TimerEvent: {}
[341.798674] (-) TimerEvent: {}
[341.899441] (-) TimerEvent: {}
[342.000204] (-) TimerEvent: {}
[342.100902] (-) TimerEvent: {}
[342.201594] (-) TimerEvent: {}
[342.302286] (-) TimerEvent: {}
[342.403012] (-) TimerEvent: {}
[342.512101] (-) TimerEvent: {}
[342.612957] (-) TimerEvent: {}
[342.713678] (-) TimerEvent: {}
[342.814375] (-) TimerEvent: {}
[342.915087] (-) TimerEvent: {}
[343.015809] (-) TimerEvent: {}
[343.116543] (-) TimerEvent: {}
[343.217389] (-) TimerEvent: {}
[343.318460] (-) TimerEvent: {}
[343.419205] (-) TimerEvent: {}
[343.520021] (-) TimerEvent: {}
[343.620744] (-) TimerEvent: {}
[343.721453] (-) TimerEvent: {}
[343.822197] (-) TimerEvent: {}
[343.922909] (-) TimerEvent: {}
[344.023911] (-) TimerEvent: {}
[344.125147] (-) TimerEvent: {}
[344.226455] (-) TimerEvent: {}
[344.327881] (-) TimerEvent: {}
[344.428894] (-) TimerEvent: {}
[344.530038] (-) TimerEvent: {}
[344.626961] (robomaster_msgs) StdoutLine: {'line': b'[ 64%] \x1b[32mBuilding CXX object CMakeFiles/robomaster_msgs__rosidl_typesupport_c.dir/rosidl_typesupport_c/robomaster_msgs/msg/wheel_speeds__type_support.cpp.o\x1b[0m\n'}
[344.628807] (robomaster_msgs) StdoutLine: {'line': b'[ 64%] \x1b[32mBuilding CXX object CMakeFiles/robomaster_msgs__rosidl_typesupport_c.dir/rosidl_typesupport_c/robomaster_msgs/msg/led_effect__type_support.cpp.o\x1b[0m\n'}
[344.630245] (-) TimerEvent: {}
[344.633696] (robomaster_msgs) StdoutLine: {'line': b'[ 64%] \x1b[32mBuilding CXX object CMakeFiles/robomaster_msgs__rosidl_typesupport_c.dir/rosidl_typesupport_c/robomaster_msgs/msg/chassis_status__type_support.cpp.o\x1b[0m\n'}
[344.730536] (-) TimerEvent: {}
[344.798724] (robomaster_msgs) StdoutLine: {'line': b'[ 65%] \x1b[32mBuilding CXX object CMakeFiles/robomaster_msgs__rosidl_typesupport_c.dir/rosidl_typesupport_c/robomaster_msgs/msg/s_bus__type_support.cpp.o\x1b[0m\n'}
[344.801601] (robomaster_msgs) StdoutLine: {'line': b'[ 65%] \x1b[32mBuilding CXX object CMakeFiles/robomaster_msgs__rosidl_typesupport_c.dir/rosidl_typesupport_c/robomaster_msgs/msg/pwm__type_support.cpp.o\x1b[0m\n'}
[344.814791] (robomaster_msgs) StdoutLine: {'line': b'[ 65%] \x1b[32mBuilding CXX object CMakeFiles/robomaster_msgs__rosidl_typesupport_c.dir/rosidl_typesupport_c/robomaster_msgs/msg/gripper_state__type_support.cpp.o\x1b[0m\n'}
[344.830836] (-) TimerEvent: {}
[344.931894] (-) TimerEvent: {}
[344.971798] (robomaster_msgs) StdoutLine: {'line': b'[ 66%] \x1b[32mBuilding CXX object CMakeFiles/robomaster_msgs__rosidl_typesupport_c.dir/rosidl_typesupport_c/robomaster_msgs/msg/camera_config__type_support.cpp.o\x1b[0m\n'}
[344.984381] (robomaster_msgs) StdoutLine: {'line': b'[ 66%] \x1b[32mBuilding CXX object CMakeFiles/robomaster_msgs__rosidl_typesupport_c.dir/rosidl_typesupport_c/robomaster_msgs/msg/armor_hit__type_support.cpp.o\x1b[0m\n'}
[344.998252] (robomaster_msgs) StdoutLine: {'line': b'[ 66%] \x1b[32mBuilding CXX object CMakeFiles/robomaster_msgs__rosidl_typesupport_c.dir/rosidl_typesupport_c/robomaster_msgs/msg/detected_line__type_support.cpp.o\x1b[0m\n'}
[345.032090] (-) TimerEvent: {}
[345.133489] (-) TimerEvent: {}
[345.145021] (robomaster_msgs) StdoutLine: {'line': b'[ 67%] \x1b[32mBuilding CXX object CMakeFiles/robomaster_msgs__rosidl_typesupport_c.dir/rosidl_typesupport_c/robomaster_msgs/msg/detected_gesture__type_support.cpp.o\x1b[0m\n'}
[345.162378] (robomaster_msgs) StdoutLine: {'line': b'[ 67%] \x1b[32mBuilding CXX object CMakeFiles/robomaster_msgs__rosidl_typesupport_c.dir/rosidl_typesupport_c/robomaster_msgs/msg/detected_marker__type_support.cpp.o\x1b[0m\n'}
[345.178337] (robomaster_msgs) StdoutLine: {'line': b'[ 67%] \x1b[32mBuilding CXX object CMakeFiles/robomaster_msgs__rosidl_typesupport_c.dir/rosidl_typesupport_c/robomaster_msgs/msg/detected_person__type_support.cpp.o\x1b[0m\n'}
[345.233704] (-) TimerEvent: {}
[345.326226] (robomaster_msgs) StdoutLine: {'line': b'[ 68%] \x1b[32mBuilding CXX object CMakeFiles/robomaster_msgs__rosidl_typesupport_c.dir/rosidl_typesupport_c/robomaster_msgs/msg/detected_robot__type_support.cpp.o\x1b[0m\n'}
[345.334112] (-) TimerEvent: {}
[345.343486] (robomaster_msgs) StdoutLine: {'line': b'[ 68%] \x1b[32mBuilding CXX object CMakeFiles/robomaster_msgs__rosidl_typesupport_c.dir/rosidl_typesupport_c/robomaster_msgs/msg/region_of_interest__type_support.cpp.o\x1b[0m\n'}
[345.344787] (robomaster_msgs) StdoutLine: {'line': b'[ 68%] \x1b[32mBuilding CXX object CMakeFiles/robomaster_msgs__rosidl_typesupport_c.dir/rosidl_typesupport_c/robomaster_msgs/msg/detection__type_support.cpp.o\x1b[0m\n'}
[345.434347] (-) TimerEvent: {}
[345.504284] (robomaster_msgs) StdoutLine: {'line': b'[ 68%] \x1b[32mBuilding CXX object CMakeFiles/robomaster_msgs__rosidl_typesupport_c.dir/rosidl_typesupport_c/robomaster_msgs/msg/serial__type_support.cpp.o\x1b[0m\n'}
[345.515531] (robomaster_msgs) StdoutLine: {'line': b'[ 69%] \x1b[32mBuilding CXX object CMakeFiles/robomaster_msgs__rosidl_typesupport_c.dir/rosidl_typesupport_c/robomaster_msgs/msg/servo_command__type_support.cpp.o\x1b[0m\n'}
[345.526215] (robomaster_msgs) StdoutLine: {'line': b'[ 69%] \x1b[32mBuilding CXX object CMakeFiles/robomaster_msgs__rosidl_typesupport_c.dir/rosidl_typesupport_c/robomaster_msgs/msg/gimbal_command__type_support.cpp.o\x1b[0m\n'}
[345.534611] (-) TimerEvent: {}
[345.636359] (-) TimerEvent: {}
[345.676770] (robomaster_msgs) StdoutLine: {'line': b'[ 69%] \x1b[32mBuilding CXX object CMakeFiles/robomaster_msgs__rosidl_typesupport_c.dir/rosidl_typesupport_c/robomaster_msgs/msg/blaster_led__type_support.cpp.o\x1b[0m\n'}
[345.686844] (robomaster_msgs) StdoutLine: {'line': b'[ 70%] \x1b[32mBuilding CXX object CMakeFiles/robomaster_msgs__rosidl_typesupport_c.dir/rosidl_typesupport_c/robomaster_msgs/msg/mode__type_support.cpp.o\x1b[0m\n'}
[345.707478] (robomaster_msgs) StdoutLine: {'line': b'[ 70%] \x1b[32mBuilding CXX object CMakeFiles/robomaster_msgs__rosidl_typesupport_c.dir/rosidl_typesupport_c/robomaster_msgs/msg/audio_data__type_support.cpp.o\x1b[0m\n'}
[345.736596] (-) TimerEvent: {}
[345.837543] (-) TimerEvent: {}
[345.846205] (robomaster_msgs) StdoutLine: {'line': b'[ 70%] \x1b[32mBuilding CXX object CMakeFiles/robomaster_msgs__rosidl_typesupport_c.dir/rosidl_typesupport_c/robomaster_msgs/msg/audio_level__type_support.cpp.o\x1b[0m\n'}
[345.860947] (robomaster_msgs) StdoutLine: {'line': b'[ 71%] \x1b[32mBuilding CXX object CMakeFiles/robomaster_msgs__rosidl_typesupport_c.dir/rosidl_typesupport_c/robomaster_msgs/msg/audio_opus__type_support.cpp.o\x1b[0m\n'}
[345.898611] (robomaster_msgs) StdoutLine: {'line': b'[ 71%] \x1b[32mBuilding CXX object CMakeFiles/robomaster_msgs__rosidl_typesupport_c.dir/rosidl_typesupport_c/robomaster_msgs/msg/h264_packet__type_support.cpp.o\x1b[0m\n'}
[345.937743] (-) TimerEvent: {}
[346.022647] (robomaster_msgs) StdoutLine: {'line': b'[ 71%] \x1b[32mBuilding CXX object CMakeFiles/robomaster_msgs__rosidl_typesupport_c.dir/rosidl_typesupport_c/robomaster_msgs/msg/sensor_adapter__type_support.cpp.o\x1b[0m\n'}
[346.037208] (robomaster_msgs) StdoutLine: {'line': b'[ 72%] \x1b[32mBuilding CXX object CMakeFiles/robomaster_msgs__rosidl_typesupport_c.dir/rosidl_typesupport_c/robomaster_msgs/msg/servo_raw_state__type_support.cpp.o\x1b[0m\n'}
[346.037902] (-) TimerEvent: {}
[346.082110] (robomaster_msgs) StdoutLine: {'line': b'[ 72%] \x1b[32mBuilding CXX object CMakeFiles/robomaster_msgs__rosidl_typesupport_c.dir/rosidl_typesupport_c/robomaster_msgs/msg/speaker_command__type_support.cpp.o\x1b[0m\n'}
[346.138201] (-) TimerEvent: {}
[346.200918] (robomaster_msgs) StdoutLine: {'line': b'[ 72%] \x1b[32mBuilding CXX object CMakeFiles/robomaster_msgs__rosidl_typesupport_c.dir/rosidl_typesupport_c/robomaster_msgs/action/move__type_support.cpp.o\x1b[0m\n'}
[346.219145] (robomaster_msgs) StdoutLine: {'line': b'[ 72%] \x1b[32mBuilding CXX object CMakeFiles/robomaster_msgs__rosidl_typesupport_c.dir/rosidl_typesupport_c/robomaster_msgs/action/move_arm__type_support.cpp.o\x1b[0m\n'}
[346.238492] (-) TimerEvent: {}
[346.252925] (robomaster_msgs) StdoutLine: {'line': b'[ 73%] \x1b[32mBuilding CXX object CMakeFiles/robomaster_msgs__rosidl_typesupport_c.dir/rosidl_typesupport_c/robomaster_msgs/action/gripper_control__type_support.cpp.o\x1b[0m\n'}
[346.338682] (-) TimerEvent: {}
[346.439785] (-) TimerEvent: {}
[346.483954] (robomaster_msgs) StdoutLine: {'line': b'[ 73%] \x1b[32mBuilding CXX object CMakeFiles/robomaster_msgs__rosidl_typesupport_c.dir/rosidl_typesupport_c/robomaster_msgs/action/play_sound__type_support.cpp.o\x1b[0m\n'}
[346.513200] (robomaster_msgs) StdoutLine: {'line': b'[ 73%] \x1b[32mBuilding CXX object CMakeFiles/robomaster_msgs__rosidl_typesupport_c.dir/rosidl_typesupport_c/robomaster_msgs/action/move_servo__type_support.cpp.o\x1b[0m\n'}
[346.539993] (-) TimerEvent: {}
[346.558628] (robomaster_msgs) StdoutLine: {'line': b'[ 74%] \x1b[32mBuilding CXX object CMakeFiles/robomaster_msgs__rosidl_typesupport_c.dir/rosidl_typesupport_c/robomaster_msgs/action/move_gimbal__type_support.cpp.o\x1b[0m\n'}
[346.640215] (-) TimerEvent: {}
[346.741641] (-) TimerEvent: {}
[346.769851] (robomaster_msgs) StdoutLine: {'line': b'[ 74%] \x1b[32mBuilding CXX object CMakeFiles/robomaster_msgs__rosidl_typesupport_c.dir/rosidl_typesupport_c/robomaster_msgs/action/recenter_gimbal__type_support.cpp.o\x1b[0m\n'}
[346.810726] (robomaster_msgs) StdoutLine: {'line': b'[ 74%] \x1b[32mBuilding CXX object CMakeFiles/robomaster_msgs__rosidl_typesupport_c.dir/rosidl_typesupport_c/robomaster_msgs/srv/get_adc__type_support.cpp.o\x1b[0m\n'}
[346.841904] (-) TimerEvent: {}
[346.858035] (robomaster_msgs) StdoutLine: {'line': b'[ 75%] \x1b[32mBuilding CXX object CMakeFiles/robomaster_msgs__rosidl_typesupport_c.dir/rosidl_typesupport_c/robomaster_msgs/srv/get_io__type_support.cpp.o\x1b[0m\n'}
[346.942200] (-) TimerEvent: {}
[346.987011] (robomaster_msgs) StdoutLine: {'line': b'[ 75%] \x1b[32mBuilding CXX object CMakeFiles/robomaster_msgs__rosidl_typesupport_c.dir/rosidl_typesupport_c/robomaster_msgs/srv/get_pulse__type_support.cpp.o\x1b[0m\n'}
[347.038600] (robomaster_msgs) StdoutLine: {'line': b'[ 75%] \x1b[32mBuilding CXX object CMakeFiles/robomaster_msgs__rosidl_typesupport_c.dir/rosidl_typesupport_c/robomaster_msgs/srv/get_servo_angle__type_support.cpp.o\x1b[0m\n'}
[347.042387] (-) TimerEvent: {}
[347.143871] (-) TimerEvent: {}
[347.200190] (robomaster_msgs) StdoutLine: {'line': b'[ 76%] \x1b[32m\x1b[1mLinking CXX shared library librobomaster_msgs__rosidl_typesupport_c.so\x1b[0m\n'}
[347.244047] (-) TimerEvent: {}
[347.344870] (-) TimerEvent: {}
[347.430359] (robomaster_msgs) StdoutLine: {'line': b'[ 76%] Built target robomaster_msgs__rosidl_typesupport_c\n'}
[347.445066] (-) TimerEvent: {}
[347.545691] (-) TimerEvent: {}
[347.646346] (-) TimerEvent: {}
[347.746962] (-) TimerEvent: {}
[347.847592] (-) TimerEvent: {}
[347.948237] (-) TimerEvent: {}
[348.048846] (-) TimerEvent: {}
[348.149440] (-) TimerEvent: {}
[348.250051] (-) TimerEvent: {}
[348.350647] (-) TimerEvent: {}
[348.451282] (-) TimerEvent: {}
[348.551918] (-) TimerEvent: {}
[348.652549] (-) TimerEvent: {}
[348.753153] (-) TimerEvent: {}
[348.853749] (-) TimerEvent: {}
[348.954364] (-) TimerEvent: {}
[349.054958] (-) TimerEvent: {}
[349.155612] (-) TimerEvent: {}
[349.256243] (-) TimerEvent: {}
[349.356846] (-) TimerEvent: {}
[349.457408] (-) TimerEvent: {}
[349.557970] (-) TimerEvent: {}
[349.658624] (-) TimerEvent: {}
[349.759246] (-) TimerEvent: {}
[349.859851] (-) TimerEvent: {}
[349.960468] (-) TimerEvent: {}
[350.061075] (-) TimerEvent: {}
[350.161676] (-) TimerEvent: {}
[350.262245] (-) TimerEvent: {}
[350.362846] (-) TimerEvent: {}
[350.463429] (-) TimerEvent: {}
[350.564022] (-) TimerEvent: {}
[350.664604] (-) TimerEvent: {}
[350.765220] (-) TimerEvent: {}
[350.865882] (-) TimerEvent: {}
[350.966479] (-) TimerEvent: {}
[351.067082] (-) TimerEvent: {}
[351.167706] (-) TimerEvent: {}
[351.268281] (-) TimerEvent: {}
[351.368841] (-) TimerEvent: {}
[351.469415] (-) TimerEvent: {}
[351.569999] (-) TimerEvent: {}
[351.670736] (-) TimerEvent: {}
[351.771594] (-) TimerEvent: {}
[351.872239] (-) TimerEvent: {}
[351.972817] (-) TimerEvent: {}
[352.073419] (-) TimerEvent: {}
[352.174042] (-) TimerEvent: {}
[352.274615] (-) TimerEvent: {}
[352.375188] (-) TimerEvent: {}
[352.475797] (-) TimerEvent: {}
[352.576679] (-) TimerEvent: {}
[352.677248] (-) TimerEvent: {}
[352.777846] (-) TimerEvent: {}
[352.878428] (-) TimerEvent: {}
[352.979024] (-) TimerEvent: {}
[353.079634] (-) TimerEvent: {}
[353.180286] (-) TimerEvent: {}
[353.280893] (-) TimerEvent: {}
[353.381508] (-) TimerEvent: {}
[353.482150] (-) TimerEvent: {}
[353.582781] (-) TimerEvent: {}
[353.683387] (-) TimerEvent: {}
[353.784074] (-) TimerEvent: {}
[353.884640] (-) TimerEvent: {}
[353.985212] (-) TimerEvent: {}
[354.085791] (-) TimerEvent: {}
[354.186382] (-) TimerEvent: {}
[354.287039] (-) TimerEvent: {}
[354.387705] (-) TimerEvent: {}
[354.488320] (-) TimerEvent: {}
[354.588890] (-) TimerEvent: {}
[354.689468] (-) TimerEvent: {}
[354.790110] (-) TimerEvent: {}
[354.890704] (-) TimerEvent: {}
[354.991299] (-) TimerEvent: {}
[355.091957] (-) TimerEvent: {}
[355.192571] (-) TimerEvent: {}
[355.293152] (-) TimerEvent: {}
[355.393866] (-) TimerEvent: {}
[355.494775] (-) TimerEvent: {}
[355.595416] (-) TimerEvent: {}
[355.696055] (-) TimerEvent: {}
[355.796670] (-) TimerEvent: {}
[355.897311] (-) TimerEvent: {}
[355.997918] (-) TimerEvent: {}
[356.098522] (-) TimerEvent: {}
[356.199122] (-) TimerEvent: {}
[356.299705] (-) TimerEvent: {}
[356.400388] (-) TimerEvent: {}
[356.501306] (-) TimerEvent: {}
[356.602290] (-) TimerEvent: {}
[356.703316] (-) TimerEvent: {}
[356.805059] (-) TimerEvent: {}
[356.907226] (-) TimerEvent: {}
[357.008998] (-) TimerEvent: {}
[357.111181] (-) TimerEvent: {}
[357.212298] (-) TimerEvent: {}
[357.220279] (robomaster_msgs) StdoutLine: {'line': b'[ 76%] \x1b[32mBuilding C object CMakeFiles/robomaster_msgs__rosidl_typesupport_introspection_c.dir/rosidl_typesupport_introspection_c/robomaster_msgs/msg/detail/wheel_speeds__type_support.c.o\x1b[0m\n'}
[357.221475] (robomaster_msgs) StdoutLine: {'line': b'[ 76%] \x1b[32mBuilding C object CMakeFiles/robomaster_msgs__rosidl_typesupport_introspection_c.dir/rosidl_typesupport_introspection_c/robomaster_msgs/msg/detail/led_effect__type_support.c.o\x1b[0m\n'}
[357.224316] (robomaster_msgs) StdoutLine: {'line': b'[ 77%] \x1b[32mBuilding C object CMakeFiles/robomaster_msgs__rosidl_typesupport_introspection_c.dir/rosidl_typesupport_introspection_c/robomaster_msgs/msg/detail/chassis_status__type_support.c.o\x1b[0m\n'}
[357.228593] (robomaster_msgs) StdoutLine: {'line': b'[ 77%] \x1b[32mBuilding C object CMakeFiles/robomaster_msgs__rosidl_typesupport_introspection_c.dir/rosidl_typesupport_introspection_c/robomaster_msgs/msg/detail/s_bus__type_support.c.o\x1b[0m\n'}
[357.312483] (-) TimerEvent: {}
[357.413329] (-) TimerEvent: {}
[357.426838] (robomaster_msgs) StdoutLine: {'line': b'[ 77%] \x1b[32mBuilding C object CMakeFiles/robomaster_msgs__rosidl_typesupport_introspection_c.dir/rosidl_typesupport_introspection_c/robomaster_msgs/msg/detail/pwm__type_support.c.o\x1b[0m\n'}
[357.430167] (robomaster_msgs) StdoutLine: {'line': b'[ 78%] \x1b[32mBuilding C object CMakeFiles/robomaster_msgs__rosidl_typesupport_introspection_c.dir/rosidl_typesupport_introspection_c/robomaster_msgs/msg/detail/gripper_state__type_support.c.o\x1b[0m\n'}
[357.442572] (robomaster_msgs) StdoutLine: {'line': b'[ 78%] \x1b[32mBuilding C object CMakeFiles/robomaster_msgs__rosidl_typesupport_introspection_c.dir/rosidl_typesupport_introspection_c/robomaster_msgs/msg/detail/camera_config__type_support.c.o\x1b[0m\n'}
[357.447917] (robomaster_msgs) StdoutLine: {'line': b'[ 78%] \x1b[32mBuilding C object CMakeFiles/robomaster_msgs__rosidl_typesupport_introspection_c.dir/rosidl_typesupport_introspection_c/robomaster_msgs/msg/detail/armor_hit__type_support.c.o\x1b[0m\n'}
[357.513545] (-) TimerEvent: {}
[357.614522] (-) TimerEvent: {}
[357.639483] (robomaster_msgs) StdoutLine: {'line': b'[ 78%] \x1b[32mBuilding C object CMakeFiles/robomaster_msgs__rosidl_typesupport_introspection_c.dir/rosidl_typesupport_introspection_c/robomaster_msgs/msg/detail/detected_line__type_support.c.o\x1b[0m\n'}
[357.642932] (robomaster_msgs) StdoutLine: {'line': b'[ 79%] \x1b[32mBuilding C object CMakeFiles/robomaster_msgs__rosidl_typesupport_introspection_c.dir/rosidl_typesupport_introspection_c/robomaster_msgs/msg/detail/detected_gesture__type_support.c.o\x1b[0m\n'}
[357.656149] (robomaster_msgs) StdoutLine: {'line': b'[ 79%] \x1b[32mBuilding C object CMakeFiles/robomaster_msgs__rosidl_typesupport_introspection_c.dir/rosidl_typesupport_introspection_c/robomaster_msgs/msg/detail/detected_marker__type_support.c.o\x1b[0m\n'}
[357.660800] (robomaster_msgs) StdoutLine: {'line': b'[ 79%] \x1b[32mBuilding C object CMakeFiles/robomaster_msgs__rosidl_typesupport_introspection_c.dir/rosidl_typesupport_introspection_c/robomaster_msgs/msg/detail/detected_person__type_support.c.o\x1b[0m\n'}
[357.714724] (-) TimerEvent: {}
[357.816061] (-) TimerEvent: {}
[357.843814] (robomaster_msgs) StdoutLine: {'line': b'[ 80%] \x1b[32mBuilding C object CMakeFiles/robomaster_msgs__rosidl_typesupport_introspection_c.dir/rosidl_typesupport_introspection_c/robomaster_msgs/msg/detail/detected_robot__type_support.c.o\x1b[0m\n'}
[357.858842] (robomaster_msgs) StdoutLine: {'line': b'[ 80%] \x1b[32mBuilding C object CMakeFiles/robomaster_msgs__rosidl_typesupport_introspection_c.dir/rosidl_typesupport_introspection_c/robomaster_msgs/msg/detail/detection__type_support.c.o\x1b[0m\n'}
[357.862168] (robomaster_msgs) StdoutLine: {'line': b'[ 80%] \x1b[32mBuilding C object CMakeFiles/robomaster_msgs__rosidl_typesupport_introspection_c.dir/rosidl_typesupport_introspection_c/robomaster_msgs/msg/detail/region_of_interest__type_support.c.o\x1b[0m\n'}
[357.870290] (robomaster_msgs) StdoutLine: {'line': b'[ 81%] \x1b[32mBuilding C object CMakeFiles/robomaster_msgs__rosidl_typesupport_introspection_c.dir/rosidl_typesupport_introspection_c/robomaster_msgs/msg/detail/serial__type_support.c.o\x1b[0m\n'}
[357.916265] (-) TimerEvent: {}
[358.017119] (-) TimerEvent: {}
[358.050322] (robomaster_msgs) StdoutLine: {'line': b'[ 81%] \x1b[32mBuilding C object CMakeFiles/robomaster_msgs__rosidl_typesupport_introspection_c.dir/rosidl_typesupport_introspection_c/robomaster_msgs/msg/detail/servo_command__type_support.c.o\x1b[0m\n'}
[358.064424] (robomaster_msgs) StdoutLine: {'line': b'[ 81%] \x1b[32mBuilding C object CMakeFiles/robomaster_msgs__rosidl_typesupport_introspection_c.dir/rosidl_typesupport_introspection_c/robomaster_msgs/msg/detail/gimbal_command__type_support.c.o\x1b[0m\n'}
[358.103036] (robomaster_msgs) StdoutLine: {'line': b'[ 82%] \x1b[32mBuilding C object CMakeFiles/robomaster_msgs__rosidl_typesupport_introspection_c.dir/rosidl_typesupport_introspection_c/robomaster_msgs/msg/detail/blaster_led__type_support.c.o\x1b[0m\n'}
[358.117351] (-) TimerEvent: {}
[358.160504] (robomaster_msgs) StdoutLine: {'line': b'[ 82%] \x1b[32mBuilding C object CMakeFiles/robomaster_msgs__rosidl_typesupport_introspection_c.dir/rosidl_typesupport_introspection_c/robomaster_msgs/msg/detail/mode__type_support.c.o\x1b[0m\n'}
[358.217588] (-) TimerEvent: {}
[358.255495] (robomaster_msgs) StdoutLine: {'line': b'[ 82%] \x1b[32mBuilding C object CMakeFiles/robomaster_msgs__rosidl_typesupport_introspection_c.dir/rosidl_typesupport_introspection_c/robomaster_msgs/msg/detail/audio_data__type_support.c.o\x1b[0m\n'}
[358.267507] (robomaster_msgs) StdoutLine: {'line': b'[ 82%] \x1b[32mBuilding C object CMakeFiles/robomaster_msgs__rosidl_typesupport_introspection_c.dir/rosidl_typesupport_introspection_c/robomaster_msgs/msg/detail/audio_level__type_support.c.o\x1b[0m\n'}
[358.313206] (robomaster_msgs) StdoutLine: {'line': b'[ 83%] \x1b[32mBuilding C object CMakeFiles/robomaster_msgs__rosidl_typesupport_introspection_c.dir/rosidl_typesupport_introspection_c/robomaster_msgs/msg/detail/audio_opus__type_support.c.o\x1b[0m\n'}
[358.317875] (-) TimerEvent: {}
[358.362511] (robomaster_msgs) StdoutLine: {'line': b'[ 83%] \x1b[32mBuilding C object CMakeFiles/robomaster_msgs__rosidl_typesupport_introspection_c.dir/rosidl_typesupport_introspection_c/robomaster_msgs/msg/detail/h264_packet__type_support.c.o\x1b[0m\n'}
[358.418122] (-) TimerEvent: {}
[358.476932] (robomaster_msgs) StdoutLine: {'line': b'[ 83%] \x1b[32mBuilding C object CMakeFiles/robomaster_msgs__rosidl_typesupport_introspection_c.dir/rosidl_typesupport_introspection_c/robomaster_msgs/msg/detail/sensor_adapter__type_support.c.o\x1b[0m\n'}
[358.495313] (robomaster_msgs) StdoutLine: {'line': b'[ 84%] \x1b[32mBuilding C object CMakeFiles/robomaster_msgs__rosidl_typesupport_introspection_c.dir/rosidl_typesupport_introspection_c/robomaster_msgs/msg/detail/servo_raw_state__type_support.c.o\x1b[0m\n'}
[358.518422] (-) TimerEvent: {}
[358.551922] (robomaster_msgs) StdoutLine: {'line': b'[ 84%] \x1b[32mBuilding C object CMakeFiles/robomaster_msgs__rosidl_typesupport_introspection_c.dir/rosidl_typesupport_introspection_c/robomaster_msgs/msg/detail/speaker_command__type_support.c.o\x1b[0m\n'}
[358.596313] (robomaster_msgs) StdoutLine: {'line': b'[ 84%] \x1b[32mBuilding C object CMakeFiles/robomaster_msgs__rosidl_typesupport_introspection_c.dir/rosidl_typesupport_introspection_c/robomaster_msgs/action/detail/move__type_support.c.o\x1b[0m\n'}
[358.618704] (-) TimerEvent: {}
[358.719772] (-) TimerEvent: {}
[358.728378] (robomaster_msgs) StdoutLine: {'line': b'[ 85%] \x1b[32mBuilding C object CMakeFiles/robomaster_msgs__rosidl_typesupport_introspection_c.dir/rosidl_typesupport_introspection_c/robomaster_msgs/action/detail/move_arm__type_support.c.o\x1b[0m\n'}
[358.754729] (robomaster_msgs) StdoutLine: {'line': b'[ 85%] \x1b[32mBuilding C object CMakeFiles/robomaster_msgs__rosidl_typesupport_introspection_c.dir/rosidl_typesupport_introspection_c/robomaster_msgs/action/detail/gripper_control__type_support.c.o\x1b[0m\n'}
[358.768619] (robomaster_msgs) StdoutLine: {'line': b'[ 85%] \x1b[32mBuilding C object CMakeFiles/robomaster_msgs__rosidl_typesupport_introspection_c.dir/rosidl_typesupport_introspection_c/robomaster_msgs/action/detail/play_sound__type_support.c.o\x1b[0m\n'}
[358.820281] (-) TimerEvent: {}
[358.884340] (robomaster_msgs) StdoutLine: {'line': b'[ 86%] \x1b[32mBuilding C object CMakeFiles/robomaster_msgs__rosidl_typesupport_introspection_c.dir/rosidl_typesupport_introspection_c/robomaster_msgs/action/detail/move_servo__type_support.c.o\x1b[0m\n'}
[358.920591] (-) TimerEvent: {}
[359.010868] (robomaster_msgs) StdoutLine: {'line': b'[ 86%] \x1b[32mBuilding C object CMakeFiles/robomaster_msgs__rosidl_typesupport_introspection_c.dir/rosidl_typesupport_introspection_c/robomaster_msgs/action/detail/move_gimbal__type_support.c.o\x1b[0m\n'}
[359.020847] (-) TimerEvent: {}
[359.054611] (robomaster_msgs) StdoutLine: {'line': b'[ 86%] \x1b[32mBuilding C object CMakeFiles/robomaster_msgs__rosidl_typesupport_introspection_c.dir/rosidl_typesupport_introspection_c/robomaster_msgs/action/detail/recenter_gimbal__type_support.c.o\x1b[0m\n'}
[359.074627] (robomaster_msgs) StdoutLine: {'line': b'[ 86%] \x1b[32mBuilding C object CMakeFiles/robomaster_msgs__rosidl_typesupport_introspection_c.dir/rosidl_typesupport_introspection_c/robomaster_msgs/srv/detail/get_adc__type_support.c.o\x1b[0m\n'}
[359.121273] (-) TimerEvent: {}
[359.174924] (robomaster_msgs) StdoutLine: {'line': b'[ 87%] \x1b[32mBuilding C object CMakeFiles/robomaster_msgs__rosidl_typesupport_introspection_c.dir/rosidl_typesupport_introspection_c/robomaster_msgs/srv/detail/get_io__type_support.c.o\x1b[0m\n'}
[359.221494] (-) TimerEvent: {}
[359.288913] (robomaster_msgs) StdoutLine: {'line': b'[ 87%] \x1b[32mBuilding C object CMakeFiles/robomaster_msgs__rosidl_typesupport_introspection_c.dir/rosidl_typesupport_introspection_c/robomaster_msgs/srv/detail/get_pulse__type_support.c.o\x1b[0m\n'}
[359.299071] (robomaster_msgs) StdoutLine: {'line': b'[ 87%] \x1b[32mBuilding C object CMakeFiles/robomaster_msgs__rosidl_typesupport_introspection_c.dir/rosidl_typesupport_introspection_c/robomaster_msgs/srv/detail/get_servo_angle__type_support.c.o\x1b[0m\n'}
[359.321852] (-) TimerEvent: {}
[359.423791] (-) TimerEvent: {}
[359.493648] (robomaster_msgs) StdoutLine: {'line': b'[ 88%] \x1b[32m\x1b[1mLinking C shared library librobomaster_msgs__rosidl_typesupport_introspection_c.so\x1b[0m\n'}
[359.523986] (-) TimerEvent: {}
[359.624715] (-) TimerEvent: {}
[359.706027] (robomaster_msgs) StdoutLine: {'line': b'[ 88%] Built target robomaster_msgs__rosidl_typesupport_introspection_c\n'}
[359.724915] (-) TimerEvent: {}
[359.796014] (robomaster_msgs) StdoutLine: {'line': b'[ 88%] Built target robomaster_msgs\n'}
[359.825130] (-) TimerEvent: {}
[359.888132] (robomaster_msgs) StdoutLine: {'line': b'[ 88%] \x1b[34m\x1b[1mGenerating Python code for ROS interfaces\x1b[0m\n'}
[359.925295] (-) TimerEvent: {}
[360.025914] (-) TimerEvent: {}
[360.126914] (-) TimerEvent: {}
[360.227526] (-) TimerEvent: {}
[360.328168] (-) TimerEvent: {}
[360.428780] (-) TimerEvent: {}
[360.529383] (-) TimerEvent: {}
[360.629989] (-) TimerEvent: {}
[360.730624] (-) TimerEvent: {}
[360.831259] (-) TimerEvent: {}
[360.931910] (-) TimerEvent: {}
[361.032516] (-) TimerEvent: {}
[361.133138] (-) TimerEvent: {}
[361.233755] (-) TimerEvent: {}
[361.334400] (-) TimerEvent: {}
[361.435026] (-) TimerEvent: {}
[361.535668] (-) TimerEvent: {}
[361.636308] (-) TimerEvent: {}
[361.736917] (-) TimerEvent: {}
[361.837537] (-) TimerEvent: {}
[361.938150] (-) TimerEvent: {}
[362.038789] (-) TimerEvent: {}
[362.139428] (-) TimerEvent: {}
[362.240033] (-) TimerEvent: {}
[362.340591] (-) TimerEvent: {}
[362.441208] (-) TimerEvent: {}
[362.541847] (-) TimerEvent: {}
[362.642756] (-) TimerEvent: {}
[362.743394] (-) TimerEvent: {}
[362.844053] (-) TimerEvent: {}
[362.944689] (-) TimerEvent: {}
[363.045287] (-) TimerEvent: {}
[363.145909] (-) TimerEvent: {}
[363.246515] (-) TimerEvent: {}
[363.347143] (-) TimerEvent: {}
[363.447792] (-) TimerEvent: {}
[363.548376] (-) TimerEvent: {}
[363.648993] (-) TimerEvent: {}
[363.749577] (-) TimerEvent: {}
[363.850174] (-) TimerEvent: {}
[363.950818] (-) TimerEvent: {}
[364.051448] (-) TimerEvent: {}
[364.152092] (-) TimerEvent: {}
[364.252686] (-) TimerEvent: {}
[364.353292] (-) TimerEvent: {}
[364.453889] (-) TimerEvent: {}
[364.554490] (-) TimerEvent: {}
[364.655121] (-) TimerEvent: {}
[364.755786] (-) TimerEvent: {}
[364.856426] (-) TimerEvent: {}
[364.957047] (-) TimerEvent: {}
[365.057677] (-) TimerEvent: {}
[365.158332] (-) TimerEvent: {}
[365.258945] (-) TimerEvent: {}
[365.359556] (-) TimerEvent: {}
[365.460220] (-) TimerEvent: {}
[365.560843] (-) TimerEvent: {}
[365.661456] (-) TimerEvent: {}
[365.762056] (-) TimerEvent: {}
[365.862676] (-) TimerEvent: {}
[365.963278] (-) TimerEvent: {}
[366.063935] (-) TimerEvent: {}
[366.164545] (-) TimerEvent: {}
[366.265135] (-) TimerEvent: {}
[366.365742] (-) TimerEvent: {}
[366.466396] (-) TimerEvent: {}
[366.567002] (-) TimerEvent: {}
[366.667620] (-) TimerEvent: {}
[366.768249] (-) TimerEvent: {}
[366.868981] (-) TimerEvent: {}
[366.969921] (-) TimerEvent: {}
[367.070553] (-) TimerEvent: {}
[367.171169] (-) TimerEvent: {}
[367.271788] (-) TimerEvent: {}
[367.372362] (-) TimerEvent: {}
[367.472960] (-) TimerEvent: {}
[367.573578] (-) TimerEvent: {}
[367.674382] (-) TimerEvent: {}
[367.774999] (-) TimerEvent: {}
[367.875582] (-) TimerEvent: {}
[367.976225] (-) TimerEvent: {}
[368.076840] (-) TimerEvent: {}
[368.177444] (-) TimerEvent: {}
[368.278050] (-) TimerEvent: {}
[368.378698] (-) TimerEvent: {}
[368.479345] (-) TimerEvent: {}
[368.579952] (-) TimerEvent: {}
[368.680574] (-) TimerEvent: {}
[368.781275] (-) TimerEvent: {}
[368.881861] (-) TimerEvent: {}
[368.982470] (-) TimerEvent: {}
[369.083094] (-) TimerEvent: {}
[369.183719] (-) TimerEvent: {}
[369.284318] (-) TimerEvent: {}
[369.384938] (-) TimerEvent: {}
[369.485555] (-) TimerEvent: {}
[369.586149] (-) TimerEvent: {}
[369.686752] (-) TimerEvent: {}
[369.787362] (-) TimerEvent: {}
[369.887980] (-) TimerEvent: {}
[369.988584] (-) TimerEvent: {}
[370.089210] (-) TimerEvent: {}
[370.189805] (-) TimerEvent: {}
[370.290410] (-) TimerEvent: {}
[370.391065] (-) TimerEvent: {}
[370.491719] (-) TimerEvent: {}
[370.592319] (-) TimerEvent: {}
[370.692921] (-) TimerEvent: {}
[370.793546] (-) TimerEvent: {}
[370.894162] (-) TimerEvent: {}
[370.994854] (-) TimerEvent: {}
[371.095518] (-) TimerEvent: {}
[371.196164] (-) TimerEvent: {}
[371.296780] (-) TimerEvent: {}
[371.397390] (-) TimerEvent: {}
[371.497964] (-) TimerEvent: {}
[371.598565] (-) TimerEvent: {}
[371.699273] (-) TimerEvent: {}
[371.800296] (-) TimerEvent: {}
[371.900887] (-) TimerEvent: {}
[372.001488] (-) TimerEvent: {}
[372.102117] (-) TimerEvent: {}
[372.202937] (-) TimerEvent: {}
[372.303981] (-) TimerEvent: {}
[372.404609] (-) TimerEvent: {}
[372.505225] (-) TimerEvent: {}
[372.605809] (-) TimerEvent: {}
[372.706599] (-) TimerEvent: {}
[372.807237] (-) TimerEvent: {}
[372.907875] (-) TimerEvent: {}
[373.008499] (-) TimerEvent: {}
[373.109093] (-) TimerEvent: {}
[373.209675] (-) TimerEvent: {}
[373.310250] (-) TimerEvent: {}
[373.410839] (-) TimerEvent: {}
[373.511471] (-) TimerEvent: {}
[373.612079] (-) TimerEvent: {}
[373.712664] (-) TimerEvent: {}
[373.813221] (-) TimerEvent: {}
[373.913835] (-) TimerEvent: {}
[374.014438] (-) TimerEvent: {}
[374.115029] (-) TimerEvent: {}
[374.215619] (-) TimerEvent: {}
[374.316231] (-) TimerEvent: {}
[374.416824] (-) TimerEvent: {}
[374.517473] (-) TimerEvent: {}
[374.618072] (-) TimerEvent: {}
[374.718653] (-) TimerEvent: {}
[374.819248] (-) TimerEvent: {}
[374.919851] (-) TimerEvent: {}
[375.020449] (-) TimerEvent: {}
[375.121049] (-) TimerEvent: {}
[375.221632] (-) TimerEvent: {}
[375.322243] (-) TimerEvent: {}
[375.422796] (-) TimerEvent: {}
[375.523405] (-) TimerEvent: {}
[375.624052] (-) TimerEvent: {}
[375.724645] (-) TimerEvent: {}
[375.825233] (-) TimerEvent: {}
[375.925825] (-) TimerEvent: {}
[376.026426] (-) TimerEvent: {}
[376.127089] (-) TimerEvent: {}
[376.227726] (-) TimerEvent: {}
[376.328348] (-) TimerEvent: {}
[376.428948] (-) TimerEvent: {}
[376.529567] (-) TimerEvent: {}
[376.630185] (-) TimerEvent: {}
[376.730783] (-) TimerEvent: {}
[376.831374] (-) TimerEvent: {}
[376.931987] (-) TimerEvent: {}
[377.032566] (-) TimerEvent: {}
[377.133150] (-) TimerEvent: {}
[377.233749] (-) TimerEvent: {}
[377.334343] (-) TimerEvent: {}
[377.434960] (-) TimerEvent: {}
[377.535547] (-) TimerEvent: {}
[377.636154] (-) TimerEvent: {}
[377.736906] (-) TimerEvent: {}
[377.837541] (-) TimerEvent: {}
[377.938195] (-) TimerEvent: {}
[378.038800] (-) TimerEvent: {}
[378.139399] (-) TimerEvent: {}
[378.240004] (-) TimerEvent: {}
[378.340609] (-) TimerEvent: {}
[378.441215] (-) TimerEvent: {}
[378.541803] (-) TimerEvent: {}
[378.642405] (-) TimerEvent: {}
[378.743017] (-) TimerEvent: {}
[378.843599] (-) TimerEvent: {}
[378.944221] (-) TimerEvent: {}
[379.044813] (-) TimerEvent: {}
[379.145392] (-) TimerEvent: {}
[379.245999] (-) TimerEvent: {}
[379.346600] (-) TimerEvent: {}
[379.447199] (-) TimerEvent: {}
[379.547841] (-) TimerEvent: {}
[379.648451] (-) TimerEvent: {}
[379.749034] (-) TimerEvent: {}
[379.849612] (-) TimerEvent: {}
[379.950188] (-) TimerEvent: {}
[380.050787] (-) TimerEvent: {}
[380.151424] (-) TimerEvent: {}
[380.252034] (-) TimerEvent: {}
[380.352600] (-) TimerEvent: {}
[380.453162] (-) TimerEvent: {}
[380.553772] (-) TimerEvent: {}
[380.654376] (-) TimerEvent: {}
[380.754997] (-) TimerEvent: {}
[380.855622] (-) TimerEvent: {}
[380.956237] (-) TimerEvent: {}
[381.056851] (-) TimerEvent: {}
[381.157495] (-) TimerEvent: {}
[381.258176] (-) TimerEvent: {}
[381.358845] (-) TimerEvent: {}
[381.459501] (-) TimerEvent: {}
[381.560153] (-) TimerEvent: {}
[381.660806] (-) TimerEvent: {}
[381.761406] (-) TimerEvent: {}
[381.862011] (-) TimerEvent: {}
[381.962613] (-) TimerEvent: {}
[382.063217] (-) TimerEvent: {}
[382.163797] (-) TimerEvent: {}
[382.264375] (-) TimerEvent: {}
[382.364950] (-) TimerEvent: {}
[382.465548] (-) TimerEvent: {}
[382.566134] (-) TimerEvent: {}
[382.666738] (-) TimerEvent: {}
[382.767468] (-) TimerEvent: {}
[382.868091] (-) TimerEvent: {}
[382.968698] (-) TimerEvent: {}
[383.069318] (-) TimerEvent: {}
[383.169973] (-) TimerEvent: {}
[383.270619] (-) TimerEvent: {}
[383.371232] (-) TimerEvent: {}
[383.471854] (-) TimerEvent: {}
[383.572437] (-) TimerEvent: {}
[383.673018] (-) TimerEvent: {}
[383.773595] (-) TimerEvent: {}
[383.874163] (-) TimerEvent: {}
[383.974743] (-) TimerEvent: {}
[384.075351] (-) TimerEvent: {}
[384.175964] (-) TimerEvent: {}
[384.276543] (-) TimerEvent: {}
[384.377137] (-) TimerEvent: {}
[384.477728] (-) TimerEvent: {}
[384.578367] (-) TimerEvent: {}
[384.678994] (-) TimerEvent: {}
[384.779625] (-) TimerEvent: {}
[384.880293] (-) TimerEvent: {}
[384.980871] (-) TimerEvent: {}
[385.081456] (-) TimerEvent: {}
[385.182033] (-) TimerEvent: {}
[385.282672] (-) TimerEvent: {}
[385.383321] (-) TimerEvent: {}
[385.483994] (-) TimerEvent: {}
[385.584606] (-) TimerEvent: {}
[385.685194] (-) TimerEvent: {}
[385.785804] (-) TimerEvent: {}
[385.886455] (-) TimerEvent: {}
[385.987068] (-) TimerEvent: {}
[386.087699] (-) TimerEvent: {}
[386.188279] (-) TimerEvent: {}
[386.288879] (-) TimerEvent: {}
[386.389489] (-) TimerEvent: {}
[386.490118] (-) TimerEvent: {}
[386.590720] (-) TimerEvent: {}
[386.691310] (-) TimerEvent: {}
[386.791929] (-) TimerEvent: {}
[386.892532] (-) TimerEvent: {}
[386.993184] (-) TimerEvent: {}
[387.093869] (-) TimerEvent: {}
[387.194492] (-) TimerEvent: {}
[387.295119] (-) TimerEvent: {}
[387.395799] (-) TimerEvent: {}
[387.496427] (-) TimerEvent: {}
[387.597040] (-) TimerEvent: {}
[387.697643] (-) TimerEvent: {}
[387.798449] (-) TimerEvent: {}
[387.899090] (-) TimerEvent: {}
[387.999746] (-) TimerEvent: {}
[388.100365] (-) TimerEvent: {}
[388.200980] (-) TimerEvent: {}
[388.301606] (-) TimerEvent: {}
[388.402248] (-) TimerEvent: {}
[388.502884] (-) TimerEvent: {}
[388.603541] (-) TimerEvent: {}
[388.704201] (-) TimerEvent: {}
[388.804819] (-) TimerEvent: {}
[388.905453] (-) TimerEvent: {}
[389.006079] (-) TimerEvent: {}
[389.106707] (-) TimerEvent: {}
[389.207371] (-) TimerEvent: {}
[389.308002] (-) TimerEvent: {}
[389.408624] (-) TimerEvent: {}
[389.509256] (-) TimerEvent: {}
[389.609895] (-) TimerEvent: {}
[389.710560] (-) TimerEvent: {}
[389.811185] (-) TimerEvent: {}
[389.911823] (-) TimerEvent: {}
[390.012455] (-) TimerEvent: {}
[390.113088] (-) TimerEvent: {}
[390.213717] (-) TimerEvent: {}
[390.314323] (-) TimerEvent: {}
[390.414941] (-) TimerEvent: {}
[390.515639] (-) TimerEvent: {}
[390.616509] (-) TimerEvent: {}
[390.717158] (-) TimerEvent: {}
[390.817793] (-) TimerEvent: {}
[390.918507] (-) TimerEvent: {}
[391.019165] (-) TimerEvent: {}
[391.119811] (-) TimerEvent: {}
[391.220446] (-) TimerEvent: {}
[391.321066] (-) TimerEvent: {}
[391.421675] (-) TimerEvent: {}
[391.522284] (-) TimerEvent: {}
[391.622916] (-) TimerEvent: {}
[391.723566] (-) TimerEvent: {}
[391.824233] (-) TimerEvent: {}
[391.924855] (-) TimerEvent: {}
[392.025481] (-) TimerEvent: {}
[392.126119] (-) TimerEvent: {}
[392.226796] (-) TimerEvent: {}
[392.327422] (-) TimerEvent: {}
[392.428133] (-) TimerEvent: {}
[392.528917] (-) TimerEvent: {}
[392.629560] (-) TimerEvent: {}
[392.730240] (-) TimerEvent: {}
[392.831027] (-) TimerEvent: {}
[392.931699] (-) TimerEvent: {}
[393.032322] (-) TimerEvent: {}
[393.132960] (-) TimerEvent: {}
[393.233589] (-) TimerEvent: {}
[393.334203] (-) TimerEvent: {}
[393.434841] (-) TimerEvent: {}
[393.535503] (-) TimerEvent: {}
[393.636169] (-) TimerEvent: {}
[393.736799] (-) TimerEvent: {}
[393.837413] (-) TimerEvent: {}
[393.938043] (-) TimerEvent: {}
[394.038702] (-) TimerEvent: {}
[394.139332] (-) TimerEvent: {}
[394.239994] (-) TimerEvent: {}
[394.340627] (-) TimerEvent: {}
[394.441313] (-) TimerEvent: {}
[394.542020] (-) TimerEvent: {}
[394.642642] (-) TimerEvent: {}
[394.743295] (-) TimerEvent: {}
[394.843962] (-) TimerEvent: {}
[394.944602] (-) TimerEvent: {}
[395.045233] (-) TimerEvent: {}
[395.145871] (-) TimerEvent: {}
[395.246536] (-) TimerEvent: {}
[395.347172] (-) TimerEvent: {}
[395.447812] (-) TimerEvent: {}
[395.548428] (-) TimerEvent: {}
[395.649111] (-) TimerEvent: {}
[395.749767] (-) TimerEvent: {}
[395.850385] (-) TimerEvent: {}
[395.951035] (-) TimerEvent: {}
[396.051707] (-) TimerEvent: {}
[396.152332] (-) TimerEvent: {}
[396.252975] (-) TimerEvent: {}
[396.353602] (-) TimerEvent: {}
[396.454223] (-) TimerEvent: {}
[396.554867] (-) TimerEvent: {}
[396.655457] (-) TimerEvent: {}
[396.756088] (-) TimerEvent: {}
[396.856655] (-) TimerEvent: {}
[396.957228] (-) TimerEvent: {}
[397.057819] (-) TimerEvent: {}
[397.158383] (-) TimerEvent: {}
[397.258959] (-) TimerEvent: {}
[397.359555] (-) TimerEvent: {}
[397.460163] (-) TimerEvent: {}
[397.560730] (-) TimerEvent: {}
[397.661297] (-) TimerEvent: {}
[397.761855] (-) TimerEvent: {}
[397.862534] (-) TimerEvent: {}
[397.963105] (-) TimerEvent: {}
[398.063707] (-) TimerEvent: {}
[398.164271] (-) TimerEvent: {}
[398.264850] (-) TimerEvent: {}
[398.365435] (-) TimerEvent: {}
[398.466020] (-) TimerEvent: {}
[398.566608] (-) TimerEvent: {}
[398.667192] (-) TimerEvent: {}
[398.767758] (-) TimerEvent: {}
[398.868320] (-) TimerEvent: {}
[398.968897] (-) TimerEvent: {}
[399.069484] (-) TimerEvent: {}
[399.170067] (-) TimerEvent: {}
[399.270647] (-) TimerEvent: {}
[399.371201] (-) TimerEvent: {}
[399.471776] (-) TimerEvent: {}
[399.572335] (-) TimerEvent: {}
[399.672899] (-) TimerEvent: {}
[399.773455] (-) TimerEvent: {}
[399.874039] (-) TimerEvent: {}
[399.974647] (-) TimerEvent: {}
[400.075228] (-) TimerEvent: {}
[400.175830] (-) TimerEvent: {}
[400.276389] (-) TimerEvent: {}
[400.376962] (-) TimerEvent: {}
[400.477541] (-) TimerEvent: {}
[400.578111] (-) TimerEvent: {}
[400.678689] (-) TimerEvent: {}
[400.779307] (-) TimerEvent: {}
[400.879918] (-) TimerEvent: {}
[400.980493] (-) TimerEvent: {}
[401.081072] (-) TimerEvent: {}
[401.181627] (-) TimerEvent: {}
[401.282225] (-) TimerEvent: {}
[401.382791] (-) TimerEvent: {}
[401.483368] (-) TimerEvent: {}
[401.583971] (-) TimerEvent: {}
[401.684561] (-) TimerEvent: {}
[401.785264] (-) TimerEvent: {}
[401.886264] (-) TimerEvent: {}
[401.987392] (-) TimerEvent: {}
[402.088578] (-) TimerEvent: {}
[402.189461] (-) TimerEvent: {}
[402.290312] (-) TimerEvent: {}
[402.391345] (-) TimerEvent: {}
[402.492253] (-) TimerEvent: {}
[402.594516] (-) TimerEvent: {}
[402.641594] (robomaster_msgs) StdoutLine: {'line': b'[ 88%] Built target robomaster_msgs__py\n'}
[402.694733] (-) TimerEvent: {}
[402.733198] (robomaster_msgs) StdoutLine: {'line': b'[ 89%] \x1b[32mBuilding C object CMakeFiles/robomaster_msgs__rosidl_generator_py.dir/rosidl_generator_py/robomaster_msgs/msg/_wheel_speeds_s.c.o\x1b[0m\n'}
[402.734517] (robomaster_msgs) StdoutLine: {'line': b'[ 89%] \x1b[32mBuilding C object CMakeFiles/robomaster_msgs__rosidl_generator_py.dir/rosidl_generator_py/robomaster_msgs/msg/_led_effect_s.c.o\x1b[0m\n'}
[402.740501] (robomaster_msgs) StdoutLine: {'line': b'[ 89%] \x1b[32mBuilding C object CMakeFiles/robomaster_msgs__rosidl_generator_py.dir/rosidl_generator_py/robomaster_msgs/msg/_chassis_status_s.c.o\x1b[0m\n'}
[402.742641] (robomaster_msgs) StdoutLine: {'line': b'[ 90%] \x1b[32mBuilding C object CMakeFiles/robomaster_msgs__rosidl_generator_py.dir/rosidl_generator_py/robomaster_msgs/msg/_s_bus_s.c.o\x1b[0m\n'}
[402.794996] (-) TimerEvent: {}
[402.896328] (-) TimerEvent: {}
[402.997692] (-) TimerEvent: {}
[403.099227] (-) TimerEvent: {}
[403.200208] (-) TimerEvent: {}
[403.301305] (-) TimerEvent: {}
[403.304545] (robomaster_msgs) StdoutLine: {'line': b'[ 90%] \x1b[32mBuilding C object CMakeFiles/robomaster_msgs__rosidl_generator_py.dir/rosidl_generator_py/robomaster_msgs/msg/_pwm_s.c.o\x1b[0m\n'}
[403.311181] (robomaster_msgs) StdoutLine: {'line': b'[ 90%] \x1b[32mBuilding C object CMakeFiles/robomaster_msgs__rosidl_generator_py.dir/rosidl_generator_py/robomaster_msgs/msg/_gripper_state_s.c.o\x1b[0m\n'}
[403.332333] (robomaster_msgs) StdoutLine: {'line': b'[ 90%] \x1b[32mBuilding C object CMakeFiles/robomaster_msgs__rosidl_generator_py.dir/rosidl_generator_py/robomaster_msgs/msg/_camera_config_s.c.o\x1b[0m\n'}
[403.344379] (robomaster_msgs) StdoutLine: {'line': b'[ 91%] \x1b[32mBuilding C object CMakeFiles/robomaster_msgs__rosidl_generator_py.dir/rosidl_generator_py/robomaster_msgs/msg/_armor_hit_s.c.o\x1b[0m\n'}
[403.401549] (-) TimerEvent: {}
[403.502444] (-) TimerEvent: {}
[403.603458] (-) TimerEvent: {}
[403.704824] (-) TimerEvent: {}
[403.805883] (-) TimerEvent: {}
[403.867507] (robomaster_msgs) StdoutLine: {'line': b'[ 91%] \x1b[32mBuilding C object CMakeFiles/robomaster_msgs__rosidl_generator_py.dir/rosidl_generator_py/robomaster_msgs/msg/_detected_line_s.c.o\x1b[0m\n'}
[403.883292] (robomaster_msgs) StdoutLine: {'line': b'[ 91%] \x1b[32mBuilding C object CMakeFiles/robomaster_msgs__rosidl_generator_py.dir/rosidl_generator_py/robomaster_msgs/msg/_detected_gesture_s.c.o\x1b[0m\n'}
[403.888645] (robomaster_msgs) StdoutLine: {'line': b'[ 92%] \x1b[32mBuilding C object CMakeFiles/robomaster_msgs__rosidl_generator_py.dir/rosidl_generator_py/robomaster_msgs/msg/_detected_marker_s.c.o\x1b[0m\n'}
[403.906184] (-) TimerEvent: {}
[403.913099] (robomaster_msgs) StdoutLine: {'line': b'[ 92%] \x1b[32mBuilding C object CMakeFiles/robomaster_msgs__rosidl_generator_py.dir/rosidl_generator_py/robomaster_msgs/msg/_detected_person_s.c.o\x1b[0m\n'}
[404.006430] (-) TimerEvent: {}
[404.107322] (-) TimerEvent: {}
[404.208265] (-) TimerEvent: {}
[404.309442] (-) TimerEvent: {}
[404.410819] (-) TimerEvent: {}
[404.432621] (robomaster_msgs) StdoutLine: {'line': b'[ 92%] \x1b[32mBuilding C object CMakeFiles/robomaster_msgs__rosidl_generator_py.dir/rosidl_generator_py/robomaster_msgs/msg/_detected_robot_s.c.o\x1b[0m\n'}
[404.445960] (robomaster_msgs) StdoutLine: {'line': b'[ 93%] \x1b[32mBuilding C object CMakeFiles/robomaster_msgs__rosidl_generator_py.dir/rosidl_generator_py/robomaster_msgs/msg/_detection_s.c.o\x1b[0m\n'}
[404.455353] (robomaster_msgs) StdoutLine: {'line': b'[ 93%] \x1b[32mBuilding C object CMakeFiles/robomaster_msgs__rosidl_generator_py.dir/rosidl_generator_py/robomaster_msgs/msg/_region_of_interest_s.c.o\x1b[0m\n'}
[404.470673] (robomaster_msgs) StdoutLine: {'line': b'[ 93%] \x1b[32mBuilding C object CMakeFiles/robomaster_msgs__rosidl_generator_py.dir/rosidl_generator_py/robomaster_msgs/msg/_serial_s.c.o\x1b[0m\n'}
[404.511084] (-) TimerEvent: {}
[404.612469] (-) TimerEvent: {}
[404.713888] (-) TimerEvent: {}
[404.815267] (-) TimerEvent: {}
[404.916906] (-) TimerEvent: {}
[404.986215] (robomaster_msgs) StdoutLine: {'line': b'[ 94%] \x1b[32mBuilding C object CMakeFiles/robomaster_msgs__rosidl_generator_py.dir/rosidl_generator_py/robomaster_msgs/msg/_servo_command_s.c.o\x1b[0m\n'}
[405.017258] (-) TimerEvent: {}
[405.021350] (robomaster_msgs) StdoutLine: {'line': b'[ 94%] \x1b[32mBuilding C object CMakeFiles/robomaster_msgs__rosidl_generator_py.dir/rosidl_generator_py/robomaster_msgs/msg/_gimbal_command_s.c.o\x1b[0m\n'}
[405.081988] (robomaster_msgs) StdoutLine: {'line': b'[ 94%] \x1b[32mBuilding C object CMakeFiles/robomaster_msgs__rosidl_generator_py.dir/rosidl_generator_py/robomaster_msgs/msg/_blaster_led_s.c.o\x1b[0m\n'}
[405.102814] (robomaster_msgs) StdoutLine: {'line': b'[ 94%] \x1b[32mBuilding C object CMakeFiles/robomaster_msgs__rosidl_generator_py.dir/rosidl_generator_py/robomaster_msgs/msg/_mode_s.c.o\x1b[0m\n'}
[405.117498] (-) TimerEvent: {}
[405.218982] (-) TimerEvent: {}
[405.320829] (-) TimerEvent: {}
[405.422576] (-) TimerEvent: {}
[405.524475] (-) TimerEvent: {}
[405.551819] (robomaster_msgs) StdoutLine: {'line': b'[ 95%] \x1b[32mBuilding C object CMakeFiles/robomaster_msgs__rosidl_generator_py.dir/rosidl_generator_py/robomaster_msgs/msg/_audio_data_s.c.o\x1b[0m\n'}
[405.579503] (robomaster_msgs) StdoutLine: {'line': b'[ 95%] \x1b[32mBuilding C object CMakeFiles/robomaster_msgs__rosidl_generator_py.dir/rosidl_generator_py/robomaster_msgs/msg/_audio_level_s.c.o\x1b[0m\n'}
[405.624640] (-) TimerEvent: {}
[405.649197] (robomaster_msgs) StdoutLine: {'line': b'[ 95%] \x1b[32mBuilding C object CMakeFiles/robomaster_msgs__rosidl_generator_py.dir/rosidl_generator_py/robomaster_msgs/msg/_audio_opus_s.c.o\x1b[0m\n'}
[405.653311] (robomaster_msgs) StdoutLine: {'line': b'[ 96%] \x1b[32mBuilding C object CMakeFiles/robomaster_msgs__rosidl_generator_py.dir/rosidl_generator_py/robomaster_msgs/msg/_h264_packet_s.c.o\x1b[0m\n'}
[405.724875] (-) TimerEvent: {}
[405.826346] (-) TimerEvent: {}
[405.927924] (-) TimerEvent: {}
[406.029773] (-) TimerEvent: {}
[406.132119] (-) TimerEvent: {}
[406.146294] (robomaster_msgs) StdoutLine: {'line': b'[ 96%] \x1b[32mBuilding C object CMakeFiles/robomaster_msgs__rosidl_generator_py.dir/rosidl_generator_py/robomaster_msgs/msg/_sensor_adapter_s.c.o\x1b[0m\n'}
[406.149524] (robomaster_msgs) StdoutLine: {'line': b'[ 96%] \x1b[32mBuilding C object CMakeFiles/robomaster_msgs__rosidl_generator_py.dir/rosidl_generator_py/robomaster_msgs/msg/_servo_raw_state_s.c.o\x1b[0m\n'}
[406.232385] (-) TimerEvent: {}
[406.247688] (robomaster_msgs) StdoutLine: {'line': b'[ 97%] \x1b[32mBuilding C object CMakeFiles/robomaster_msgs__rosidl_generator_py.dir/rosidl_generator_py/robomaster_msgs/msg/_speaker_command_s.c.o\x1b[0m\n'}
[406.250492] (robomaster_msgs) StdoutLine: {'line': b'[ 97%] \x1b[32mBuilding C object CMakeFiles/robomaster_msgs__rosidl_generator_py.dir/rosidl_generator_py/robomaster_msgs/action/_move_s.c.o\x1b[0m\n'}
[406.332608] (-) TimerEvent: {}
[406.433510] (-) TimerEvent: {}
[406.534420] (-) TimerEvent: {}
[406.635523] (-) TimerEvent: {}
[406.737588] (-) TimerEvent: {}
[406.780711] (robomaster_msgs) StdoutLine: {'line': b'[ 97%] \x1b[32mBuilding C object CMakeFiles/robomaster_msgs__rosidl_generator_py.dir/rosidl_generator_py/robomaster_msgs/action/_move_arm_s.c.o\x1b[0m\n'}
[406.791399] (robomaster_msgs) StdoutLine: {'line': b'[ 98%] \x1b[32mBuilding C object CMakeFiles/robomaster_msgs__rosidl_generator_py.dir/rosidl_generator_py/robomaster_msgs/action/_gripper_control_s.c.o\x1b[0m\n'}
[406.837885] (-) TimerEvent: {}
[406.840433] (robomaster_msgs) StdoutLine: {'line': b'[ 98%] \x1b[32mBuilding C object CMakeFiles/robomaster_msgs__rosidl_generator_py.dir/rosidl_generator_py/robomaster_msgs/action/_play_sound_s.c.o\x1b[0m\n'}
[406.938246] (-) TimerEvent: {}
[407.035400] (robomaster_msgs) StdoutLine: {'line': b'[ 98%] \x1b[32mBuilding C object CMakeFiles/robomaster_msgs__rosidl_generator_py.dir/rosidl_generator_py/robomaster_msgs/action/_move_servo_s.c.o\x1b[0m\n'}
[407.038470] (-) TimerEvent: {}
[407.139379] (-) TimerEvent: {}
[407.240792] (-) TimerEvent: {}
[407.343559] (-) TimerEvent: {}
[407.444725] (-) TimerEvent: {}
[407.546127] (-) TimerEvent: {}
[407.562896] (robomaster_msgs) StdoutLine: {'line': b'[ 98%] \x1b[32mBuilding C object CMakeFiles/robomaster_msgs__rosidl_generator_py.dir/rosidl_generator_py/robomaster_msgs/action/_move_gimbal_s.c.o\x1b[0m\n'}
[407.571118] (robomaster_msgs) StdoutLine: {'line': b'[ 99%] \x1b[32mBuilding C object CMakeFiles/robomaster_msgs__rosidl_generator_py.dir/rosidl_generator_py/robomaster_msgs/action/_recenter_gimbal_s.c.o\x1b[0m\n'}
[407.646302] (-) TimerEvent: {}
[407.655337] (robomaster_msgs) StdoutLine: {'line': b'[ 99%] \x1b[32mBuilding C object CMakeFiles/robomaster_msgs__rosidl_generator_py.dir/rosidl_generator_py/robomaster_msgs/srv/_get_adc_s.c.o\x1b[0m\n'}
[407.746734] (-) TimerEvent: {}
[407.843386] (robomaster_msgs) StdoutLine: {'line': b'[ 99%] \x1b[32mBuilding C object CMakeFiles/robomaster_msgs__rosidl_generator_py.dir/rosidl_generator_py/robomaster_msgs/srv/_get_io_s.c.o\x1b[0m\n'}
[407.846950] (-) TimerEvent: {}
[407.948437] (-) TimerEvent: {}
[408.050083] (-) TimerEvent: {}
[408.151784] (-) TimerEvent: {}
[408.253737] (-) TimerEvent: {}
[408.257047] (robomaster_msgs) StdoutLine: {'line': b'[100%] \x1b[32mBuilding C object CMakeFiles/robomaster_msgs__rosidl_generator_py.dir/rosidl_generator_py/robomaster_msgs/srv/_get_pulse_s.c.o\x1b[0m\n'}
[408.342941] (robomaster_msgs) StdoutLine: {'line': b'[100%] \x1b[32mBuilding C object CMakeFiles/robomaster_msgs__rosidl_generator_py.dir/rosidl_generator_py/robomaster_msgs/srv/_get_servo_angle_s.c.o\x1b[0m\n'}
[408.353969] (-) TimerEvent: {}
[408.455374] (-) TimerEvent: {}
[408.556625] (-) TimerEvent: {}
[408.657417] (-) TimerEvent: {}
[408.758232] (-) TimerEvent: {}
[408.859058] (-) TimerEvent: {}
[408.862838] (robomaster_msgs) StdoutLine: {'line': b'[100%] \x1b[32m\x1b[1mLinking C shared library rosidl_generator_py/robomaster_msgs/librobomaster_msgs__rosidl_generator_py.so\x1b[0m\n'}
[408.959295] (-) TimerEvent: {}
[409.060090] (-) TimerEvent: {}
[409.140961] (robomaster_msgs) StdoutLine: {'line': b'[100%] Built target robomaster_msgs__rosidl_generator_py\n'}
[409.160310] (-) TimerEvent: {}
[409.228441] (robomaster_msgs) StdoutLine: {'line': b'[100%] \x1b[32mBuilding C object CMakeFiles/robomaster_msgs__rosidl_typesupport_fastrtps_c__pyext.dir/rosidl_generator_py/robomaster_msgs/_robomaster_msgs_s.ep.rosidl_typesupport_fastrtps_c.c.o\x1b[0m\n'}
[409.233287] (robomaster_msgs) StdoutLine: {'line': b'[100%] \x1b[32mBuilding C object CMakeFiles/robomaster_msgs__rosidl_typesupport_introspection_c__pyext.dir/rosidl_generator_py/robomaster_msgs/_robomaster_msgs_s.ep.rosidl_typesupport_introspection_c.c.o\x1b[0m\n'}
[409.234197] (robomaster_msgs) StdoutLine: {'line': b'[100%] \x1b[32mBuilding C object CMakeFiles/robomaster_msgs__rosidl_typesupport_c__pyext.dir/rosidl_generator_py/robomaster_msgs/_robomaster_msgs_s.ep.rosidl_typesupport_c.c.o\x1b[0m\n'}
[409.260735] (-) TimerEvent: {}
[409.362481] (-) TimerEvent: {}
[409.464024] (-) TimerEvent: {}
[409.565778] (-) TimerEvent: {}
[409.667334] (-) TimerEvent: {}
[409.769019] (-) TimerEvent: {}
[409.870863] (-) TimerEvent: {}
[409.972827] (-) TimerEvent: {}
[410.075725] (-) TimerEvent: {}
[410.177826] (-) TimerEvent: {}
[410.279838] (-) TimerEvent: {}
[410.382059] (-) TimerEvent: {}
[410.484292] (-) TimerEvent: {}
[410.586456] (-) TimerEvent: {}
[410.688614] (-) TimerEvent: {}
[410.790725] (-) TimerEvent: {}
[410.892950] (-) TimerEvent: {}
[410.995991] (-) TimerEvent: {}
[411.097516] (-) TimerEvent: {}
[411.154181] (robomaster_msgs) StdoutLine: {'line': b'[100%] \x1b[32m\x1b[1mLinking C shared library rosidl_generator_py/robomaster_msgs/robomaster_msgs_s__rosidl_typesupport_c.cpython-310-aarch64-linux-gnu.so\x1b[0m\n'}
[411.165228] (robomaster_msgs) StdoutLine: {'line': b'[100%] \x1b[32m\x1b[1mLinking C shared library rosidl_generator_py/robomaster_msgs/robomaster_msgs_s__rosidl_typesupport_fastrtps_c.cpython-310-aarch64-linux-gnu.so\x1b[0m\n'}
[411.183525] (robomaster_msgs) StdoutLine: {'line': b'[100%] \x1b[32m\x1b[1mLinking C shared library rosidl_generator_py/robomaster_msgs/robomaster_msgs_s__rosidl_typesupport_introspection_c.cpython-310-aarch64-linux-gnu.so\x1b[0m\n'}
[411.197785] (-) TimerEvent: {}
[411.299101] (-) TimerEvent: {}
[411.403837] (-) TimerEvent: {}
[411.509374] (-) TimerEvent: {}
[411.550523] (robomaster_msgs) StdoutLine: {'line': b'[100%] Built target robomaster_msgs__rosidl_typesupport_c__pyext\n'}
[411.568007] (robomaster_msgs) StdoutLine: {'line': b'[100%] Built target robomaster_msgs__rosidl_typesupport_fastrtps_c__pyext\n'}
[411.579446] (robomaster_msgs) StdoutLine: {'line': b'[100%] Built target robomaster_msgs__rosidl_typesupport_introspection_c__pyext\n'}
[411.608503] (-) TimerEvent: {}
[411.630444] (robomaster_msgs) CommandEnded: {'returncode': 0}
[411.632997] (robomaster_msgs) JobProgress: {'identifier': 'robomaster_msgs', 'progress': 'install'}
[411.633890] (robomaster_msgs) Command: {'cmd': ['/usr/bin/cmake', '--install', '/home/cricchetto/Robomaster_WS/build/robomaster_msgs'], 'cwd': '/home/cricchetto/Robomaster_WS/build/robomaster_msgs', 'env': OrderedDict([('LESSOPEN', '| /usr/bin/lesspipe %s'), ('USER', 'cricchetto'), ('SSH_CLIENT', '172.18.147.201 42814 22'), ('LC_TIME', 'es_AR.UTF-8'), ('XDG_SESSION_TYPE', 'tty'), ('SHLVL', '1'), ('LD_LIBRARY_PATH', '/opt/ros/humble/opt/rviz_ogre_vendor/lib:/opt/ros/humble/lib/aarch64-linux-gnu:/opt/ros/humble/lib'), ('MOTD_SHOWN', 'pam'), ('HOME', '/home/cricchetto'), ('OLDPWD', '/home/cricchetto/Robomaster_WS/src'), ('SSH_TTY', '/dev/pts/0'), ('ROS_PYTHON_VERSION', '3'), ('LC_MONETARY', 'es_AR.UTF-8'), ('DBUS_SESSION_BUS_ADDRESS', 'unix:path=/run/user/1000/bus'), ('ROS_DISTRO', 'humble'), ('LOGNAME', 'cricchetto'), ('_', '/usr/bin/colcon'), ('ROS_VERSION', '2'), ('XDG_SESSION_CLASS', 'user'), ('TERM', 'xterm-256color'), ('XDG_SESSION_ID', '1'), ('ROS_LOCALHOST_ONLY', '0'), ('PATH', '/opt/ros/humble/bin:/usr/local/sbin:/usr/local/bin:/usr/sbin:/usr/bin:/sbin:/bin:/usr/games:/usr/local/games:/snap/bin'), ('LC_ADDRESS', 'es_AR.UTF-8'), ('XDG_RUNTIME_DIR', '/run/user/1000'), ('DISPLAY', 'localhost:10.0'), ('LANG', 'en_US.UTF-8'), ('LC_TELEPHONE', 'es_AR.UTF-8'), ('LS_COLORS', 'rs=0:di=01;34:ln=01;36:mh=00:pi=40;33:so=01;35:do=01;35:bd=40;33;01:cd=40;33;01:or=40;31;01:mi=00:su=37;41:sg=30;43:ca=30;41:tw=30;42:ow=34;42:st=37;44:ex=01;32:*.tar=01;31:*.tgz=01;31:*.arc=01;31:*.arj=01;31:*.taz=01;31:*.lha=01;31:*.lz4=01;31:*.lzh=01;31:*.lzma=01;31:*.tlz=01;31:*.txz=01;31:*.tzo=01;31:*.t7z=01;31:*.zip=01;31:*.z=01;31:*.dz=01;31:*.gz=01;31:*.lrz=01;31:*.lz=01;31:*.lzo=01;31:*.xz=01;31:*.zst=01;31:*.tzst=01;31:*.bz2=01;31:*.bz=01;31:*.tbz=01;31:*.tbz2=01;31:*.tz=01;31:*.deb=01;31:*.rpm=01;31:*.jar=01;31:*.war=01;31:*.ear=01;31:*.sar=01;31:*.rar=01;31:*.alz=01;31:*.ace=01;31:*.zoo=01;31:*.cpio=01;31:*.7z=01;31:*.rz=01;31:*.cab=01;31:*.wim=01;31:*.swm=01;31:*.dwm=01;31:*.esd=01;31:*.jpg=01;35:*.jpeg=01;35:*.mjpg=01;35:*.mjpeg=01;35:*.gif=01;35:*.bmp=01;35:*.pbm=01;35:*.pgm=01;35:*.ppm=01;35:*.tga=01;35:*.xbm=01;35:*.xpm=01;35:*.tif=01;35:*.tiff=01;35:*.png=01;35:*.svg=01;35:*.svgz=01;35:*.mng=01;35:*.pcx=01;35:*.mov=01;35:*.mpg=01;35:*.mpeg=01;35:*.m2v=01;35:*.mkv=01;35:*.webm=01;35:*.webp=01;35:*.ogm=01;35:*.mp4=01;35:*.m4v=01;35:*.mp4v=01;35:*.vob=01;35:*.qt=01;35:*.nuv=01;35:*.wmv=01;35:*.asf=01;35:*.rm=01;35:*.rmvb=01;35:*.flc=01;35:*.avi=01;35:*.fli=01;35:*.flv=01;35:*.gl=01;35:*.dl=01;35:*.xcf=01;35:*.xwd=01;35:*.yuv=01;35:*.cgm=01;35:*.emf=01;35:*.ogv=01;35:*.ogx=01;35:*.aac=00;36:*.au=00;36:*.flac=00;36:*.m4a=00;36:*.mid=00;36:*.midi=00;36:*.mka=00;36:*.mp3=00;36:*.mpc=00;36:*.ogg=00;36:*.ra=00;36:*.wav=00;36:*.oga=00;36:*.opus=00;36:*.spx=00;36:*.xspf=00;36:'), ('AMENT_PREFIX_PATH', '/opt/ros/humble'), ('SHELL', '/bin/bash'), ('LC_NAME', 'es_AR.UTF-8'), ('LESSCLOSE', '/usr/bin/lesspipe %s %s'), ('LC_MEASUREMENT', 'es_AR.UTF-8'), ('LC_IDENTIFICATION', 'es_AR.UTF-8'), ('PWD', '/home/cricchetto/Robomaster_WS/build/robomaster_msgs'), ('LC_ALL', 'en_US.UTF-8'), ('SSH_CONNECTION', '172.18.147.201 42814 172.18.147.143 22'), ('XDG_DATA_DIRS', '/usr/local/share:/usr/share:/var/lib/snapd/desktop'), ('PYTHONPATH', '/opt/ros/humble/lib/python3.10/site-packages:/opt/ros/humble/local/lib/python3.10/dist-packages'), ('LC_NUMERIC', 'es_AR.UTF-8'), ('LC_PAPER', 'es_AR.UTF-8'), ('COLCON', '1'), ('CMAKE_PREFIX_PATH', '/opt/ros/humble')]), 'shell': False}
[411.671864] (robomaster_msgs) StdoutLine: {'line': b'-- Install configuration: ""\n'}
[411.672886] (robomaster_msgs) StdoutLine: {'line': b'-- Installing: /home/cricchetto/Robomaster_WS/install/robomaster_msgs/share/ament_index/resource_index/rosidl_interfaces/robomaster_msgs\n'}
[411.674235] (robomaster_msgs) StdoutLine: {'line': b'-- Installing: /home/cricchetto/Robomaster_WS/install/robomaster_msgs/include/robomaster_msgs/robomaster_msgs\n'}
[411.674952] (robomaster_msgs) StdoutLine: {'line': b'-- Installing: /home/cricchetto/Robomaster_WS/install/robomaster_msgs/include/robomaster_msgs/robomaster_msgs/action\n'}
[411.675708] (robomaster_msgs) StdoutLine: {'line': b'-- Installing: /home/cricchetto/Robomaster_WS/install/robomaster_msgs/include/robomaster_msgs/robomaster_msgs/action/gripper_control.h\n'}
[411.676979] (robomaster_msgs) StdoutLine: {'line': b'-- Installing: /home/cricchetto/Robomaster_WS/install/robomaster_msgs/include/robomaster_msgs/robomaster_msgs/action/move.h\n'}
[411.678006] (robomaster_msgs) StdoutLine: {'line': b'-- Installing: /home/cricchetto/Robomaster_WS/install/robomaster_msgs/include/robomaster_msgs/robomaster_msgs/action/move_servo.h\n'}
[411.679018] (robomaster_msgs) StdoutLine: {'line': b'-- Installing: /home/cricchetto/Robomaster_WS/install/robomaster_msgs/include/robomaster_msgs/robomaster_msgs/action/move_arm.h\n'}
[411.680103] (robomaster_msgs) StdoutLine: {'line': b'-- Installing: /home/cricchetto/Robomaster_WS/install/robomaster_msgs/include/robomaster_msgs/robomaster_msgs/action/play_sound.h\n'}
[411.681145] (robomaster_msgs) StdoutLine: {'line': b'-- Installing: /home/cricchetto/Robomaster_WS/install/robomaster_msgs/include/robomaster_msgs/robomaster_msgs/action/move_gimbal.h\n'}
[411.682129] (robomaster_msgs) StdoutLine: {'line': b'-- Installing: /home/cricchetto/Robomaster_WS/install/robomaster_msgs/include/robomaster_msgs/robomaster_msgs/action/detail\n'}
[411.683101] (robomaster_msgs) StdoutLine: {'line': b'-- Installing: /home/cricchetto/Robomaster_WS/install/robomaster_msgs/include/robomaster_msgs/robomaster_msgs/action/detail/move__struct.h\n'}
[411.684403] (robomaster_msgs) StdoutLine: {'line': b'-- Installing: /home/cricchetto/Robomaster_WS/install/robomaster_msgs/include/robomaster_msgs/robomaster_msgs/action/detail/move_gimbal__type_support.h\n'}
[411.685605] (robomaster_msgs) StdoutLine: {'line': b'-- Installing: /home/cricchetto/Robomaster_WS/install/robomaster_msgs/include/robomaster_msgs/robomaster_msgs/action/detail/recenter_gimbal__struct.h\n'}
[411.686760] (robomaster_msgs) StdoutLine: {'line': b'-- Installing: /home/cricchetto/Robomaster_WS/install/robomaster_msgs/include/robomaster_msgs/robomaster_msgs/action/detail/move_arm__struct.h\n'}
[411.687943] (robomaster_msgs) StdoutLine: {'line': b'-- Installing: /home/cricchetto/Robomaster_WS/install/robomaster_msgs/include/robomaster_msgs/robomaster_msgs/action/detail/play_sound__type_support.h\n'}
[411.689133] (robomaster_msgs) StdoutLine: {'line': b'-- Installing: /home/cricchetto/Robomaster_WS/install/robomaster_msgs/include/robomaster_msgs/robomaster_msgs/action/detail/move_gimbal__struct.h\n'}
[411.690284] (robomaster_msgs) StdoutLine: {'line': b'-- Installing: /home/cricchetto/Robomaster_WS/install/robomaster_msgs/include/robomaster_msgs/robomaster_msgs/action/detail/move_servo__functions.h\n'}
[411.692177] (robomaster_msgs) StdoutLine: {'line': b'-- Installing: /home/cricchetto/Robomaster_WS/install/robomaster_msgs/include/robomaster_msgs/robomaster_msgs/action/detail/recenter_gimbal__functions.c\n'}
[411.693844] (robomaster_msgs) StdoutLine: {'line': b'-- Installing: /home/cricchetto/Robomaster_WS/install/robomaster_msgs/include/robomaster_msgs/robomaster_msgs/action/detail/move_arm__functions.h\n'}
[411.695430] (robomaster_msgs) StdoutLine: {'line': b'-- Installing: /home/cricchetto/Robomaster_WS/install/robomaster_msgs/include/robomaster_msgs/robomaster_msgs/action/detail/move_servo__functions.c\n'}
[411.697126] (robomaster_msgs) StdoutLine: {'line': b'-- Installing: /home/cricchetto/Robomaster_WS/install/robomaster_msgs/include/robomaster_msgs/robomaster_msgs/action/detail/move_arm__functions.c\n'}
[411.698775] (robomaster_msgs) StdoutLine: {'line': b'-- Installing: /home/cricchetto/Robomaster_WS/install/robomaster_msgs/include/robomaster_msgs/robomaster_msgs/action/detail/move_servo__type_support.h\n'}
[411.699986] (robomaster_msgs) StdoutLine: {'line': b'-- Installing: /home/cricchetto/Robomaster_WS/install/robomaster_msgs/include/robomaster_msgs/robomaster_msgs/action/detail/move__functions.c\n'}
[411.701576] (robomaster_msgs) StdoutLine: {'line': b'-- Installing: /home/cricchetto/Robomaster_WS/install/robomaster_msgs/include/robomaster_msgs/robomaster_msgs/action/detail/gripper_control__struct.h\n'}
[411.702762] (robomaster_msgs) StdoutLine: {'line': b'-- Installing: /home/cricchetto/Robomaster_WS/install/robomaster_msgs/include/robomaster_msgs/robomaster_msgs/action/detail/recenter_gimbal__type_support.h\n'}
[411.703972] (robomaster_msgs) StdoutLine: {'line': b'-- Installing: /home/cricchetto/Robomaster_WS/install/robomaster_msgs/include/robomaster_msgs/robomaster_msgs/action/detail/play_sound__functions.h\n'}
[411.705521] (robomaster_msgs) StdoutLine: {'line': b'-- Installing: /home/cricchetto/Robomaster_WS/install/robomaster_msgs/include/robomaster_msgs/robomaster_msgs/action/detail/gripper_control__functions.h\n'}
[411.707099] (robomaster_msgs) StdoutLine: {'line': b'-- Installing: /home/cricchetto/Robomaster_WS/install/robomaster_msgs/include/robomaster_msgs/robomaster_msgs/action/detail/gripper_control__functions.c\n'}
[411.708606] (-) TimerEvent: {}
[411.709105] (robomaster_msgs) StdoutLine: {'line': b'-- Installing: /home/cricchetto/Robomaster_WS/install/robomaster_msgs/include/robomaster_msgs/robomaster_msgs/action/detail/move__type_support.h\n'}
[411.710212] (robomaster_msgs) StdoutLine: {'line': b'-- Installing: /home/cricchetto/Robomaster_WS/install/robomaster_msgs/include/robomaster_msgs/robomaster_msgs/action/detail/move_arm__type_support.h\n'}
[411.711418] (robomaster_msgs) StdoutLine: {'line': b'-- Installing: /home/cricchetto/Robomaster_WS/install/robomaster_msgs/include/robomaster_msgs/robomaster_msgs/action/detail/recenter_gimbal__functions.h\n'}
[411.713057] (robomaster_msgs) StdoutLine: {'line': b'-- Installing: /home/cricchetto/Robomaster_WS/install/robomaster_msgs/include/robomaster_msgs/robomaster_msgs/action/detail/play_sound__struct.h\n'}
[411.714249] (robomaster_msgs) StdoutLine: {'line': b'-- Installing: /home/cricchetto/Robomaster_WS/install/robomaster_msgs/include/robomaster_msgs/robomaster_msgs/action/detail/move_gimbal__functions.c\n'}
[411.715968] (robomaster_msgs) StdoutLine: {'line': b'-- Installing: /home/cricchetto/Robomaster_WS/install/robomaster_msgs/include/robomaster_msgs/robomaster_msgs/action/detail/gripper_control__type_support.h\n'}
[411.717162] (robomaster_msgs) StdoutLine: {'line': b'-- Installing: /home/cricchetto/Robomaster_WS/install/robomaster_msgs/include/robomaster_msgs/robomaster_msgs/action/detail/move_gimbal__functions.h\n'}
[411.718712] (robomaster_msgs) StdoutLine: {'line': b'-- Installing: /home/cricchetto/Robomaster_WS/install/robomaster_msgs/include/robomaster_msgs/robomaster_msgs/action/detail/play_sound__functions.c\n'}
[411.720410] (robomaster_msgs) StdoutLine: {'line': b'-- Installing: /home/cricchetto/Robomaster_WS/install/robomaster_msgs/include/robomaster_msgs/robomaster_msgs/action/detail/move__functions.h\n'}
[411.721874] (robomaster_msgs) StdoutLine: {'line': b'-- Installing: /home/cricchetto/Robomaster_WS/install/robomaster_msgs/include/robomaster_msgs/robomaster_msgs/action/detail/move_servo__struct.h\n'}
[411.723062] (robomaster_msgs) StdoutLine: {'line': b'-- Installing: /home/cricchetto/Robomaster_WS/install/robomaster_msgs/include/robomaster_msgs/robomaster_msgs/action/recenter_gimbal.h\n'}
[411.724309] (robomaster_msgs) StdoutLine: {'line': b'-- Installing: /home/cricchetto/Robomaster_WS/install/robomaster_msgs/include/robomaster_msgs/robomaster_msgs/msg\n'}
[411.725385] (robomaster_msgs) StdoutLine: {'line': b'-- Installing: /home/cricchetto/Robomaster_WS/install/robomaster_msgs/include/robomaster_msgs/robomaster_msgs/msg/led_effect.h\n'}
[411.726499] (robomaster_msgs) StdoutLine: {'line': b'-- Installing: /home/cricchetto/Robomaster_WS/install/robomaster_msgs/include/robomaster_msgs/robomaster_msgs/msg/detected_marker.h\n'}
[411.727551] (robomaster_msgs) StdoutLine: {'line': b'-- Installing: /home/cricchetto/Robomaster_WS/install/robomaster_msgs/include/robomaster_msgs/robomaster_msgs/msg/detected_person.h\n'}
[411.728686] (robomaster_msgs) StdoutLine: {'line': b'-- Installing: /home/cricchetto/Robomaster_WS/install/robomaster_msgs/include/robomaster_msgs/robomaster_msgs/msg/detected_robot.h\n'}
[411.729741] (robomaster_msgs) StdoutLine: {'line': b'-- Installing: /home/cricchetto/Robomaster_WS/install/robomaster_msgs/include/robomaster_msgs/robomaster_msgs/msg/audio_level.h\n'}
[411.730784] (robomaster_msgs) StdoutLine: {'line': b'-- Installing: /home/cricchetto/Robomaster_WS/install/robomaster_msgs/include/robomaster_msgs/robomaster_msgs/msg/detection.h\n'}
[411.731841] (robomaster_msgs) StdoutLine: {'line': b'-- Installing: /home/cricchetto/Robomaster_WS/install/robomaster_msgs/include/robomaster_msgs/robomaster_msgs/msg/sensor_adapter.h\n'}
[411.732953] (robomaster_msgs) StdoutLine: {'line': b'-- Installing: /home/cricchetto/Robomaster_WS/install/robomaster_msgs/include/robomaster_msgs/robomaster_msgs/msg/detected_gesture.h\n'}
[411.734011] (robomaster_msgs) StdoutLine: {'line': b'-- Installing: /home/cricchetto/Robomaster_WS/install/robomaster_msgs/include/robomaster_msgs/robomaster_msgs/msg/pwm.h\n'}
[411.735038] (robomaster_msgs) StdoutLine: {'line': b'-- Installing: /home/cricchetto/Robomaster_WS/install/robomaster_msgs/include/robomaster_msgs/robomaster_msgs/msg/servo_command.h\n'}
[411.736124] (robomaster_msgs) StdoutLine: {'line': b'-- Installing: /home/cricchetto/Robomaster_WS/install/robomaster_msgs/include/robomaster_msgs/robomaster_msgs/msg/armor_hit.h\n'}
[411.737146] (robomaster_msgs) StdoutLine: {'line': b'-- Installing: /home/cricchetto/Robomaster_WS/install/robomaster_msgs/include/robomaster_msgs/robomaster_msgs/msg/wheel_speeds.h\n'}
[411.738180] (robomaster_msgs) StdoutLine: {'line': b'-- Installing: /home/cricchetto/Robomaster_WS/install/robomaster_msgs/include/robomaster_msgs/robomaster_msgs/msg/mode.h\n'}
[411.739187] (robomaster_msgs) StdoutLine: {'line': b'-- Installing: /home/cricchetto/Robomaster_WS/install/robomaster_msgs/include/robomaster_msgs/robomaster_msgs/msg/serial.h\n'}
[411.740422] (robomaster_msgs) StdoutLine: {'line': b'-- Installing: /home/cricchetto/Robomaster_WS/install/robomaster_msgs/include/robomaster_msgs/robomaster_msgs/msg/audio_data.h\n'}
[411.741433] (robomaster_msgs) StdoutLine: {'line': b'-- Installing: /home/cricchetto/Robomaster_WS/install/robomaster_msgs/include/robomaster_msgs/robomaster_msgs/msg/detected_line.h\n'}
[411.742487] (robomaster_msgs) StdoutLine: {'line': b'-- Installing: /home/cricchetto/Robomaster_WS/install/robomaster_msgs/include/robomaster_msgs/robomaster_msgs/msg/chassis_status.h\n'}
[411.743524] (robomaster_msgs) StdoutLine: {'line': b'-- Installing: /home/cricchetto/Robomaster_WS/install/robomaster_msgs/include/robomaster_msgs/robomaster_msgs/msg/gimbal_command.h\n'}
[411.744669] (robomaster_msgs) StdoutLine: {'line': b'-- Installing: /home/cricchetto/Robomaster_WS/install/robomaster_msgs/include/robomaster_msgs/robomaster_msgs/msg/servo_raw_state.h\n'}
[411.745717] (robomaster_msgs) StdoutLine: {'line': b'-- Installing: /home/cricchetto/Robomaster_WS/install/robomaster_msgs/include/robomaster_msgs/robomaster_msgs/msg/blaster_led.h\n'}
[411.746795] (robomaster_msgs) StdoutLine: {'line': b'-- Installing: /home/cricchetto/Robomaster_WS/install/robomaster_msgs/include/robomaster_msgs/robomaster_msgs/msg/rosidl_generator_c__visibility_control.h\n'}
[411.747951] (robomaster_msgs) StdoutLine: {'line': b'-- Installing: /home/cricchetto/Robomaster_WS/install/robomaster_msgs/include/robomaster_msgs/robomaster_msgs/msg/gripper_state.h\n'}
[411.749022] (robomaster_msgs) StdoutLine: {'line': b'-- Installing: /home/cricchetto/Robomaster_WS/install/robomaster_msgs/include/robomaster_msgs/robomaster_msgs/msg/speaker_command.h\n'}
[411.750005] (robomaster_msgs) StdoutLine: {'line': b'-- Installing: /home/cricchetto/Robomaster_WS/install/robomaster_msgs/include/robomaster_msgs/robomaster_msgs/msg/detail\n'}
[411.751888] (robomaster_msgs) StdoutLine: {'line': b'-- Installing: /home/cricchetto/Robomaster_WS/install/robomaster_msgs/include/robomaster_msgs/robomaster_msgs/msg/detail/chassis_status__functions.c\n'}
[411.753192] (robomaster_msgs) StdoutLine: {'line': b'-- Installing: /home/cricchetto/Robomaster_WS/install/robomaster_msgs/include/robomaster_msgs/robomaster_msgs/msg/detail/gimbal_command__struct.h\n'}
[411.754318] (robomaster_msgs) StdoutLine: {'line': b'-- Installing: /home/cricchetto/Robomaster_WS/install/robomaster_msgs/include/robomaster_msgs/robomaster_msgs/msg/detail/detected_line__type_support.h\n'}
[411.755451] (robomaster_msgs) StdoutLine: {'line': b'-- Installing: /home/cricchetto/Robomaster_WS/install/robomaster_msgs/include/robomaster_msgs/robomaster_msgs/msg/detail/detected_robot__functions.c\n'}
[411.756899] (robomaster_msgs) StdoutLine: {'line': b'-- Installing: /home/cricchetto/Robomaster_WS/install/robomaster_msgs/include/robomaster_msgs/robomaster_msgs/msg/detail/speaker_command__type_support.h\n'}
[411.758024] (robomaster_msgs) StdoutLine: {'line': b'-- Installing: /home/cricchetto/Robomaster_WS/install/robomaster_msgs/include/robomaster_msgs/robomaster_msgs/msg/detail/mode__functions.h\n'}
[411.759155] (robomaster_msgs) StdoutLine: {'line': b'-- Installing: /home/cricchetto/Robomaster_WS/install/robomaster_msgs/include/robomaster_msgs/robomaster_msgs/msg/detail/camera_config__struct.h\n'}
[411.760318] (robomaster_msgs) StdoutLine: {'line': b'-- Installing: /home/cricchetto/Robomaster_WS/install/robomaster_msgs/include/robomaster_msgs/robomaster_msgs/msg/detail/led_effect__functions.h\n'}
[411.761480] (robomaster_msgs) StdoutLine: {'line': b'-- Installing: /home/cricchetto/Robomaster_WS/install/robomaster_msgs/include/robomaster_msgs/robomaster_msgs/msg/detail/detection__functions.c\n'}
[411.762708] (robomaster_msgs) StdoutLine: {'line': b'-- Installing: /home/cricchetto/Robomaster_WS/install/robomaster_msgs/include/robomaster_msgs/robomaster_msgs/msg/detail/s_bus__type_support.h\n'}
[411.764011] (robomaster_msgs) StdoutLine: {'line': b'-- Installing: /home/cricchetto/Robomaster_WS/install/robomaster_msgs/include/robomaster_msgs/robomaster_msgs/msg/detail/chassis_status__functions.h\n'}
[411.765185] (robomaster_msgs) StdoutLine: {'line': b'-- Installing: /home/cricchetto/Robomaster_WS/install/robomaster_msgs/include/robomaster_msgs/robomaster_msgs/msg/detail/blaster_led__type_support.h\n'}
[411.766303] (robomaster_msgs) StdoutLine: {'line': b'-- Installing: /home/cricchetto/Robomaster_WS/install/robomaster_msgs/include/robomaster_msgs/robomaster_msgs/msg/detail/servo_raw_state__functions.c\n'}
[411.767495] (robomaster_msgs) StdoutLine: {'line': b'-- Installing: /home/cricchetto/Robomaster_WS/install/robomaster_msgs/include/robomaster_msgs/robomaster_msgs/msg/detail/detected_robot__type_support.h\n'}
[411.768701] (robomaster_msgs) StdoutLine: {'line': b'-- Installing: /home/cricchetto/Robomaster_WS/install/robomaster_msgs/include/robomaster_msgs/robomaster_msgs/msg/detail/detected_gesture__type_support.h\n'}
[411.769827] (robomaster_msgs) StdoutLine: {'line': b'-- Installing: /home/cricchetto/Robomaster_WS/install/robomaster_msgs/include/robomaster_msgs/robomaster_msgs/msg/detail/s_bus__struct.h\n'}
[411.770911] (robomaster_msgs) StdoutLine: {'line': b'-- Installing: /home/cricchetto/Robomaster_WS/install/robomaster_msgs/include/robomaster_msgs/robomaster_msgs/msg/detail/led_effect__type_support.h\n'}
[411.772050] (robomaster_msgs) StdoutLine: {'line': b'-- Installing: /home/cricchetto/Robomaster_WS/install/robomaster_msgs/include/robomaster_msgs/robomaster_msgs/msg/detail/detected_marker__functions.c\n'}
[411.773250] (robomaster_msgs) StdoutLine: {'line': b'-- Installing: /home/cricchetto/Robomaster_WS/install/robomaster_msgs/include/robomaster_msgs/robomaster_msgs/msg/detail/gimbal_command__type_support.h\n'}
[411.774388] (robomaster_msgs) StdoutLine: {'line': b'-- Installing: /home/cricchetto/Robomaster_WS/install/robomaster_msgs/include/robomaster_msgs/robomaster_msgs/msg/detail/sensor_adapter__functions.c\n'}
[411.775595] (robomaster_msgs) StdoutLine: {'line': b'-- Installing: /home/cricchetto/Robomaster_WS/install/robomaster_msgs/include/robomaster_msgs/robomaster_msgs/msg/detail/h264_packet__functions.c\n'}
[411.776987] (robomaster_msgs) StdoutLine: {'line': b'-- Installing: /home/cricchetto/Robomaster_WS/install/robomaster_msgs/include/robomaster_msgs/robomaster_msgs/msg/detail/pwm__struct.h\n'}
[411.778057] (robomaster_msgs) StdoutLine: {'line': b'-- Installing: /home/cricchetto/Robomaster_WS/install/robomaster_msgs/include/robomaster_msgs/robomaster_msgs/msg/detail/blaster_led__functions.c\n'}
[411.779219] (robomaster_msgs) StdoutLine: {'line': b'-- Installing: /home/cricchetto/Robomaster_WS/install/robomaster_msgs/include/robomaster_msgs/robomaster_msgs/msg/detail/sensor_adapter__struct.h\n'}
[411.780372] (robomaster_msgs) StdoutLine: {'line': b'-- Installing: /home/cricchetto/Robomaster_WS/install/robomaster_msgs/include/robomaster_msgs/robomaster_msgs/msg/detail/armor_hit__type_support.h\n'}
[411.781482] (robomaster_msgs) StdoutLine: {'line': b'-- Installing: /home/cricchetto/Robomaster_WS/install/robomaster_msgs/include/robomaster_msgs/robomaster_msgs/msg/detail/serial__functions.c\n'}
[411.782612] (robomaster_msgs) StdoutLine: {'line': b'-- Installing: /home/cricchetto/Robomaster_WS/install/robomaster_msgs/include/robomaster_msgs/robomaster_msgs/msg/detail/led_effect__struct.h\n'}
[411.783741] (robomaster_msgs) StdoutLine: {'line': b'-- Installing: /home/cricchetto/Robomaster_WS/install/robomaster_msgs/include/robomaster_msgs/robomaster_msgs/msg/detail/h264_packet__functions.h\n'}
[411.784952] (robomaster_msgs) StdoutLine: {'line': b'-- Installing: /home/cricchetto/Robomaster_WS/install/robomaster_msgs/include/robomaster_msgs/robomaster_msgs/msg/detail/audio_opus__type_support.h\n'}
[411.786075] (robomaster_msgs) StdoutLine: {'line': b'-- Installing: /home/cricchetto/Robomaster_WS/install/robomaster_msgs/include/robomaster_msgs/robomaster_msgs/msg/detail/detected_marker__struct.h\n'}
[411.787193] (robomaster_msgs) StdoutLine: {'line': b'-- Installing: /home/cricchetto/Robomaster_WS/install/robomaster_msgs/include/robomaster_msgs/robomaster_msgs/msg/detail/detected_gesture__struct.h\n'}
[411.788339] (robomaster_msgs) StdoutLine: {'line': b'-- Installing: /home/cricchetto/Robomaster_WS/install/robomaster_msgs/include/robomaster_msgs/robomaster_msgs/msg/detail/detected_person__struct.h\n'}
[411.789448] (robomaster_msgs) StdoutLine: {'line': b'-- Installing: /home/cricchetto/Robomaster_WS/install/robomaster_msgs/include/robomaster_msgs/robomaster_msgs/msg/detail/led_effect__functions.c\n'}
[411.790613] (robomaster_msgs) StdoutLine: {'line': b'-- Installing: /home/cricchetto/Robomaster_WS/install/robomaster_msgs/include/robomaster_msgs/robomaster_msgs/msg/detail/speaker_command__functions.c\n'}
[411.791809] (robomaster_msgs) StdoutLine: {'line': b'-- Installing: /home/cricchetto/Robomaster_WS/install/robomaster_msgs/include/robomaster_msgs/robomaster_msgs/msg/detail/wheel_speeds__struct.h\n'}
[411.792935] (robomaster_msgs) StdoutLine: {'line': b'-- Installing: /home/cricchetto/Robomaster_WS/install/robomaster_msgs/include/robomaster_msgs/robomaster_msgs/msg/detail/h264_packet__type_support.h\n'}
[411.794077] (robomaster_msgs) StdoutLine: {'line': b'-- Installing: /home/cricchetto/Robomaster_WS/install/robomaster_msgs/include/robomaster_msgs/robomaster_msgs/msg/detail/detected_person__type_support.h\n'}
[411.795187] (robomaster_msgs) StdoutLine: {'line': b'-- Installing: /home/cricchetto/Robomaster_WS/install/robomaster_msgs/include/robomaster_msgs/robomaster_msgs/msg/detail/audio_opus__struct.h\n'}
[411.796393] (robomaster_msgs) StdoutLine: {'line': b'-- Installing: /home/cricchetto/Robomaster_WS/install/robomaster_msgs/include/robomaster_msgs/robomaster_msgs/msg/detail/speaker_command__functions.h\n'}
[411.797552] (robomaster_msgs) StdoutLine: {'line': b'-- Installing: /home/cricchetto/Robomaster_WS/install/robomaster_msgs/include/robomaster_msgs/robomaster_msgs/msg/detail/gimbal_command__functions.c\n'}
[411.798721] (robomaster_msgs) StdoutLine: {'line': b'-- Installing: /home/cricchetto/Robomaster_WS/install/robomaster_msgs/include/robomaster_msgs/robomaster_msgs/msg/detail/servo_raw_state__functions.h\n'}
[411.799911] (robomaster_msgs) StdoutLine: {'line': b'-- Installing: /home/cricchetto/Robomaster_WS/install/robomaster_msgs/include/robomaster_msgs/robomaster_msgs/msg/detail/detected_gesture__functions.c\n'}
[411.801095] (robomaster_msgs) StdoutLine: {'line': b'-- Installing: /home/cricchetto/Robomaster_WS/install/robomaster_msgs/include/robomaster_msgs/robomaster_msgs/msg/detail/blaster_led__functions.h\n'}
[411.802289] (robomaster_msgs) StdoutLine: {'line': b'-- Installing: /home/cricchetto/Robomaster_WS/install/robomaster_msgs/include/robomaster_msgs/robomaster_msgs/msg/detail/audio_opus__functions.h\n'}
[411.803442] (robomaster_msgs) StdoutLine: {'line': b'-- Installing: /home/cricchetto/Robomaster_WS/install/robomaster_msgs/include/robomaster_msgs/robomaster_msgs/msg/detail/wheel_speeds__functions.h\n'}
[411.804714] (robomaster_msgs) StdoutLine: {'line': b'-- Installing: /home/cricchetto/Robomaster_WS/install/robomaster_msgs/include/robomaster_msgs/robomaster_msgs/msg/detail/gripper_state__type_support.h\n'}
[411.805824] (robomaster_msgs) StdoutLine: {'line': b'-- Installing: /home/cricchetto/Robomaster_WS/install/robomaster_msgs/include/robomaster_msgs/robomaster_msgs/msg/detail/camera_config__functions.c\n'}
[411.806986] (robomaster_msgs) StdoutLine: {'line': b'-- Installing: /home/cricchetto/Robomaster_WS/install/robomaster_msgs/include/robomaster_msgs/robomaster_msgs/msg/detail/detection__functions.h\n'}
[411.808193] (robomaster_msgs) StdoutLine: {'line': b'-- Installing: /home/cricchetto/Robomaster_WS/install/robomaster_msgs/include/robomaster_msgs/robomaster_msgs/msg/detail/h264_packet__struct.h\n'}
[411.808706] (-) TimerEvent: {}
[411.809394] (robomaster_msgs) StdoutLine: {'line': b'-- Installing: /home/cricchetto/Robomaster_WS/install/robomaster_msgs/include/robomaster_msgs/robomaster_msgs/msg/detail/pwm__functions.h\n'}
[411.810563] (robomaster_msgs) StdoutLine: {'line': b'-- Installing: /home/cricchetto/Robomaster_WS/install/robomaster_msgs/include/robomaster_msgs/robomaster_msgs/msg/detail/detected_robot__struct.h\n'}
[411.811734] (robomaster_msgs) StdoutLine: {'line': b'-- Installing: /home/cricchetto/Robomaster_WS/install/robomaster_msgs/include/robomaster_msgs/robomaster_msgs/msg/detail/servo_command__struct.h\n'}
[411.813128] (robomaster_msgs) StdoutLine: {'line': b'-- Installing: /home/cricchetto/Robomaster_WS/install/robomaster_msgs/include/robomaster_msgs/robomaster_msgs/msg/detail/wheel_speeds__functions.c\n'}
[411.814303] (robomaster_msgs) StdoutLine: {'line': b'-- Installing: /home/cricchetto/Robomaster_WS/install/robomaster_msgs/include/robomaster_msgs/robomaster_msgs/msg/detail/audio_data__functions.c\n'}
[411.815482] (robomaster_msgs) StdoutLine: {'line': b'-- Installing: /home/cricchetto/Robomaster_WS/install/robomaster_msgs/include/robomaster_msgs/robomaster_msgs/msg/detail/s_bus__functions.c\n'}
[411.816692] (robomaster_msgs) StdoutLine: {'line': b'-- Installing: /home/cricchetto/Robomaster_WS/install/robomaster_msgs/include/robomaster_msgs/robomaster_msgs/msg/detail/detected_person__functions.c\n'}
[411.817855] (robomaster_msgs) StdoutLine: {'line': b'-- Installing: /home/cricchetto/Robomaster_WS/install/robomaster_msgs/include/robomaster_msgs/robomaster_msgs/msg/detail/gripper_state__struct.h\n'}
[411.818977] (robomaster_msgs) StdoutLine: {'line': b'-- Installing: /home/cricchetto/Robomaster_WS/install/robomaster_msgs/include/robomaster_msgs/robomaster_msgs/msg/detail/s_bus__functions.h\n'}
[411.820140] (robomaster_msgs) StdoutLine: {'line': b'-- Installing: /home/cricchetto/Robomaster_WS/install/robomaster_msgs/include/robomaster_msgs/robomaster_msgs/msg/detail/detected_line__struct.h\n'}
[411.821315] (robomaster_msgs) StdoutLine: {'line': b'-- Installing: /home/cricchetto/Robomaster_WS/install/robomaster_msgs/include/robomaster_msgs/robomaster_msgs/msg/detail/detected_marker__type_support.h\n'}
[411.822466] (robomaster_msgs) StdoutLine: {'line': b'-- Installing: /home/cricchetto/Robomaster_WS/install/robomaster_msgs/include/robomaster_msgs/robomaster_msgs/msg/detail/chassis_status__type_support.h\n'}
[411.823607] (robomaster_msgs) StdoutLine: {'line': b'-- Installing: /home/cricchetto/Robomaster_WS/install/robomaster_msgs/include/robomaster_msgs/robomaster_msgs/msg/detail/armor_hit__functions.h\n'}
[411.824837] (robomaster_msgs) StdoutLine: {'line': b'-- Installing: /home/cricchetto/Robomaster_WS/install/robomaster_msgs/include/robomaster_msgs/robomaster_msgs/msg/detail/armor_hit__functions.c\n'}
[411.826091] (robomaster_msgs) StdoutLine: {'line': b'-- Installing: /home/cricchetto/Robomaster_WS/install/robomaster_msgs/include/robomaster_msgs/robomaster_msgs/msg/detail/region_of_interest__type_support.h\n'}
[411.827252] (robomaster_msgs) StdoutLine: {'line': b'-- Installing: /home/cricchetto/Robomaster_WS/install/robomaster_msgs/include/robomaster_msgs/robomaster_msgs/msg/detail/gripper_state__functions.c\n'}
[411.828780] (robomaster_msgs) StdoutLine: {'line': b'-- Installing: /home/cricchetto/Robomaster_WS/install/robomaster_msgs/include/robomaster_msgs/robomaster_msgs/msg/detail/audio_level__functions.c\n'}
[411.829961] (robomaster_msgs) StdoutLine: {'line': b'-- Installing: /home/cricchetto/Robomaster_WS/install/robomaster_msgs/include/robomaster_msgs/robomaster_msgs/msg/detail/serial__struct.h\n'}
[411.831064] (robomaster_msgs) StdoutLine: {'line': b'-- Installing: /home/cricchetto/Robomaster_WS/install/robomaster_msgs/include/robomaster_msgs/robomaster_msgs/msg/detail/region_of_interest__functions.h\n'}
[411.832288] (robomaster_msgs) StdoutLine: {'line': b'-- Installing: /home/cricchetto/Robomaster_WS/install/robomaster_msgs/include/robomaster_msgs/robomaster_msgs/msg/detail/mode__type_support.h\n'}
[411.833404] (robomaster_msgs) StdoutLine: {'line': b'-- Installing: /home/cricchetto/Robomaster_WS/install/robomaster_msgs/include/robomaster_msgs/robomaster_msgs/msg/detail/speaker_command__struct.h\n'}
[411.834535] (robomaster_msgs) StdoutLine: {'line': b'-- Installing: /home/cricchetto/Robomaster_WS/install/robomaster_msgs/include/robomaster_msgs/robomaster_msgs/msg/detail/serial__type_support.h\n'}
[411.835710] (robomaster_msgs) StdoutLine: {'line': b'-- Installing: /home/cricchetto/Robomaster_WS/install/robomaster_msgs/include/robomaster_msgs/robomaster_msgs/msg/detail/detected_person__functions.h\n'}
[411.836995] (robomaster_msgs) StdoutLine: {'line': b'-- Installing: /home/cricchetto/Robomaster_WS/install/robomaster_msgs/include/robomaster_msgs/robomaster_msgs/msg/detail/gripper_state__functions.h\n'}
[411.838145] (robomaster_msgs) StdoutLine: {'line': b'-- Installing: /home/cricchetto/Robomaster_WS/install/robomaster_msgs/include/robomaster_msgs/robomaster_msgs/msg/detail/pwm__functions.c\n'}
[411.839273] (robomaster_msgs) StdoutLine: {'line': b'-- Installing: /home/cricchetto/Robomaster_WS/install/robomaster_msgs/include/robomaster_msgs/robomaster_msgs/msg/detail/servo_command__functions.c\n'}
[411.840530] (robomaster_msgs) StdoutLine: {'line': b'-- Installing: /home/cricchetto/Robomaster_WS/install/robomaster_msgs/include/robomaster_msgs/robomaster_msgs/msg/detail/camera_config__type_support.h\n'}
[411.841667] (robomaster_msgs) StdoutLine: {'line': b'-- Installing: /home/cricchetto/Robomaster_WS/install/robomaster_msgs/include/robomaster_msgs/robomaster_msgs/msg/detail/region_of_interest__functions.c\n'}
[411.842865] (robomaster_msgs) StdoutLine: {'line': b'-- Installing: /home/cricchetto/Robomaster_WS/install/robomaster_msgs/include/robomaster_msgs/robomaster_msgs/msg/detail/chassis_status__struct.h\n'}
[411.844151] (robomaster_msgs) StdoutLine: {'line': b'-- Installing: /home/cricchetto/Robomaster_WS/install/robomaster_msgs/include/robomaster_msgs/robomaster_msgs/msg/detail/audio_data__type_support.h\n'}
[411.845298] (robomaster_msgs) StdoutLine: {'line': b'-- Installing: /home/cricchetto/Robomaster_WS/install/robomaster_msgs/include/robomaster_msgs/robomaster_msgs/msg/detail/sensor_adapter__type_support.h\n'}
[411.846436] (robomaster_msgs) StdoutLine: {'line': b'-- Installing: /home/cricchetto/Robomaster_WS/install/robomaster_msgs/include/robomaster_msgs/robomaster_msgs/msg/detail/pwm__type_support.h\n'}
[411.847538] (robomaster_msgs) StdoutLine: {'line': b'-- Installing: /home/cricchetto/Robomaster_WS/install/robomaster_msgs/include/robomaster_msgs/robomaster_msgs/msg/detail/audio_level__type_support.h\n'}
[411.848698] (robomaster_msgs) StdoutLine: {'line': b'-- Installing: /home/cricchetto/Robomaster_WS/install/robomaster_msgs/include/robomaster_msgs/robomaster_msgs/msg/detail/audio_data__struct.h\n'}
[411.849789] (robomaster_msgs) StdoutLine: {'line': b'-- Installing: /home/cricchetto/Robomaster_WS/install/robomaster_msgs/include/robomaster_msgs/robomaster_msgs/msg/detail/gimbal_command__functions.h\n'}
[411.850957] (robomaster_msgs) StdoutLine: {'line': b'-- Installing: /home/cricchetto/Robomaster_WS/install/robomaster_msgs/include/robomaster_msgs/robomaster_msgs/msg/detail/armor_hit__struct.h\n'}
[411.852120] (robomaster_msgs) StdoutLine: {'line': b'-- Installing: /home/cricchetto/Robomaster_WS/install/robomaster_msgs/include/robomaster_msgs/robomaster_msgs/msg/detail/camera_config__functions.h\n'}
[411.853279] (robomaster_msgs) StdoutLine: {'line': b'-- Installing: /home/cricchetto/Robomaster_WS/install/robomaster_msgs/include/robomaster_msgs/robomaster_msgs/msg/detail/audio_data__functions.h\n'}
[411.854433] (robomaster_msgs) StdoutLine: {'line': b'-- Installing: /home/cricchetto/Robomaster_WS/install/robomaster_msgs/include/robomaster_msgs/robomaster_msgs/msg/detail/region_of_interest__struct.h\n'}
[411.855541] (robomaster_msgs) StdoutLine: {'line': b'-- Installing: /home/cricchetto/Robomaster_WS/install/robomaster_msgs/include/robomaster_msgs/robomaster_msgs/msg/detail/audio_level__struct.h\n'}
[411.856678] (robomaster_msgs) StdoutLine: {'line': b'-- Installing: /home/cricchetto/Robomaster_WS/install/robomaster_msgs/include/robomaster_msgs/robomaster_msgs/msg/detail/mode__functions.c\n'}
[411.857861] (robomaster_msgs) StdoutLine: {'line': b'-- Installing: /home/cricchetto/Robomaster_WS/install/robomaster_msgs/include/robomaster_msgs/robomaster_msgs/msg/detail/servo_command__type_support.h\n'}
[411.859013] (robomaster_msgs) StdoutLine: {'line': b'-- Installing: /home/cricchetto/Robomaster_WS/install/robomaster_msgs/include/robomaster_msgs/robomaster_msgs/msg/detail/audio_level__functions.h\n'}
[411.860337] (robomaster_msgs) StdoutLine: {'line': b'-- Installing: /home/cricchetto/Robomaster_WS/install/robomaster_msgs/include/robomaster_msgs/robomaster_msgs/msg/detail/audio_opus__functions.c\n'}
[411.861519] (robomaster_msgs) StdoutLine: {'line': b'-- Installing: /home/cricchetto/Robomaster_WS/install/robomaster_msgs/include/robomaster_msgs/robomaster_msgs/msg/detail/detected_robot__functions.h\n'}
[411.862669] (robomaster_msgs) StdoutLine: {'line': b'-- Installing: /home/cricchetto/Robomaster_WS/install/robomaster_msgs/include/robomaster_msgs/robomaster_msgs/msg/detail/blaster_led__struct.h\n'}
[411.863826] (robomaster_msgs) StdoutLine: {'line': b'-- Installing: /home/cricchetto/Robomaster_WS/install/robomaster_msgs/include/robomaster_msgs/robomaster_msgs/msg/detail/serial__functions.h\n'}
[411.864971] (robomaster_msgs) StdoutLine: {'line': b'-- Installing: /home/cricchetto/Robomaster_WS/install/robomaster_msgs/include/robomaster_msgs/robomaster_msgs/msg/detail/detected_gesture__functions.h\n'}
[411.866165] (robomaster_msgs) StdoutLine: {'line': b'-- Installing: /home/cricchetto/Robomaster_WS/install/robomaster_msgs/include/robomaster_msgs/robomaster_msgs/msg/detail/detected_line__functions.c\n'}
[411.867311] (robomaster_msgs) StdoutLine: {'line': b'-- Installing: /home/cricchetto/Robomaster_WS/install/robomaster_msgs/include/robomaster_msgs/robomaster_msgs/msg/detail/detection__struct.h\n'}
[411.868443] (robomaster_msgs) StdoutLine: {'line': b'-- Installing: /home/cricchetto/Robomaster_WS/install/robomaster_msgs/include/robomaster_msgs/robomaster_msgs/msg/detail/wheel_speeds__type_support.h\n'}
[411.869566] (robomaster_msgs) StdoutLine: {'line': b'-- Installing: /home/cricchetto/Robomaster_WS/install/robomaster_msgs/include/robomaster_msgs/robomaster_msgs/msg/detail/sensor_adapter__functions.h\n'}
[411.870743] (robomaster_msgs) StdoutLine: {'line': b'-- Installing: /home/cricchetto/Robomaster_WS/install/robomaster_msgs/include/robomaster_msgs/robomaster_msgs/msg/detail/detected_line__functions.h\n'}
[411.871933] (robomaster_msgs) StdoutLine: {'line': b'-- Installing: /home/cricchetto/Robomaster_WS/install/robomaster_msgs/include/robomaster_msgs/robomaster_msgs/msg/detail/detection__type_support.h\n'}
[411.873049] (robomaster_msgs) StdoutLine: {'line': b'-- Installing: /home/cricchetto/Robomaster_WS/install/robomaster_msgs/include/robomaster_msgs/robomaster_msgs/msg/detail/mode__struct.h\n'}
[411.874181] (robomaster_msgs) StdoutLine: {'line': b'-- Installing: /home/cricchetto/Robomaster_WS/install/robomaster_msgs/include/robomaster_msgs/robomaster_msgs/msg/detail/servo_raw_state__struct.h\n'}
[411.875292] (robomaster_msgs) StdoutLine: {'line': b'-- Installing: /home/cricchetto/Robomaster_WS/install/robomaster_msgs/include/robomaster_msgs/robomaster_msgs/msg/detail/servo_command__functions.h\n'}
[411.876573] (robomaster_msgs) StdoutLine: {'line': b'-- Installing: /home/cricchetto/Robomaster_WS/install/robomaster_msgs/include/robomaster_msgs/robomaster_msgs/msg/detail/detected_marker__functions.h\n'}
[411.877783] (robomaster_msgs) StdoutLine: {'line': b'-- Installing: /home/cricchetto/Robomaster_WS/install/robomaster_msgs/include/robomaster_msgs/robomaster_msgs/msg/detail/servo_raw_state__type_support.h\n'}
[411.878944] (robomaster_msgs) StdoutLine: {'line': b'-- Installing: /home/cricchetto/Robomaster_WS/install/robomaster_msgs/include/robomaster_msgs/robomaster_msgs/msg/audio_opus.h\n'}
[411.880004] (robomaster_msgs) StdoutLine: {'line': b'-- Installing: /home/cricchetto/Robomaster_WS/install/robomaster_msgs/include/robomaster_msgs/robomaster_msgs/msg/s_bus.h\n'}
[411.881021] (robomaster_msgs) StdoutLine: {'line': b'-- Installing: /home/cricchetto/Robomaster_WS/install/robomaster_msgs/include/robomaster_msgs/robomaster_msgs/msg/h264_packet.h\n'}
[411.882057] (robomaster_msgs) StdoutLine: {'line': b'-- Installing: /home/cricchetto/Robomaster_WS/install/robomaster_msgs/include/robomaster_msgs/robomaster_msgs/msg/camera_config.h\n'}
[411.883117] (robomaster_msgs) StdoutLine: {'line': b'-- Installing: /home/cricchetto/Robomaster_WS/install/robomaster_msgs/include/robomaster_msgs/robomaster_msgs/msg/region_of_interest.h\n'}
[411.884303] (robomaster_msgs) StdoutLine: {'line': b'-- Installing: /home/cricchetto/Robomaster_WS/install/robomaster_msgs/include/robomaster_msgs/robomaster_msgs/srv\n'}
[411.885034] (robomaster_msgs) StdoutLine: {'line': b'-- Installing: /home/cricchetto/Robomaster_WS/install/robomaster_msgs/include/robomaster_msgs/robomaster_msgs/srv/get_io.h\n'}
[411.886070] (robomaster_msgs) StdoutLine: {'line': b'-- Installing: /home/cricchetto/Robomaster_WS/install/robomaster_msgs/include/robomaster_msgs/robomaster_msgs/srv/get_adc.h\n'}
[411.887017] (robomaster_msgs) StdoutLine: {'line': b'-- Installing: /home/cricchetto/Robomaster_WS/install/robomaster_msgs/include/robomaster_msgs/robomaster_msgs/srv/detail\n'}
[411.887895] (robomaster_msgs) StdoutLine: {'line': b'-- Installing: /home/cricchetto/Robomaster_WS/install/robomaster_msgs/include/robomaster_msgs/robomaster_msgs/srv/detail/get_servo_angle__functions.c\n'}
[411.889197] (robomaster_msgs) StdoutLine: {'line': b'-- Installing: /home/cricchetto/Robomaster_WS/install/robomaster_msgs/include/robomaster_msgs/robomaster_msgs/srv/detail/get_io__type_support.h\n'}
[411.890291] (robomaster_msgs) StdoutLine: {'line': b'-- Installing: /home/cricchetto/Robomaster_WS/install/robomaster_msgs/include/robomaster_msgs/robomaster_msgs/srv/detail/get_adc__struct.h\n'}
[411.891355] (robomaster_msgs) StdoutLine: {'line': b'-- Installing: /home/cricchetto/Robomaster_WS/install/robomaster_msgs/include/robomaster_msgs/robomaster_msgs/srv/detail/get_io__struct.h\n'}
[411.892659] (robomaster_msgs) StdoutLine: {'line': b'-- Installing: /home/cricchetto/Robomaster_WS/install/robomaster_msgs/include/robomaster_msgs/robomaster_msgs/srv/detail/get_io__functions.h\n'}
[411.893859] (robomaster_msgs) StdoutLine: {'line': b'-- Installing: /home/cricchetto/Robomaster_WS/install/robomaster_msgs/include/robomaster_msgs/robomaster_msgs/srv/detail/get_servo_angle__struct.h\n'}
[411.895006] (robomaster_msgs) StdoutLine: {'line': b'-- Installing: /home/cricchetto/Robomaster_WS/install/robomaster_msgs/include/robomaster_msgs/robomaster_msgs/srv/detail/get_pulse__struct.h\n'}
[411.896111] (robomaster_msgs) StdoutLine: {'line': b'-- Installing: /home/cricchetto/Robomaster_WS/install/robomaster_msgs/include/robomaster_msgs/robomaster_msgs/srv/detail/get_adc__functions.h\n'}
[411.897276] (robomaster_msgs) StdoutLine: {'line': b'-- Installing: /home/cricchetto/Robomaster_WS/install/robomaster_msgs/include/robomaster_msgs/robomaster_msgs/srv/detail/get_pulse__type_support.h\n'}
[411.898378] (robomaster_msgs) StdoutLine: {'line': b'-- Installing: /home/cricchetto/Robomaster_WS/install/robomaster_msgs/include/robomaster_msgs/robomaster_msgs/srv/detail/get_adc__functions.c\n'}
[411.899594] (robomaster_msgs) StdoutLine: {'line': b'-- Installing: /home/cricchetto/Robomaster_WS/install/robomaster_msgs/include/robomaster_msgs/robomaster_msgs/srv/detail/get_adc__type_support.h\n'}
[411.900838] (robomaster_msgs) StdoutLine: {'line': b'-- Installing: /home/cricchetto/Robomaster_WS/install/robomaster_msgs/include/robomaster_msgs/robomaster_msgs/srv/detail/get_servo_angle__functions.h\n'}
[411.902039] (robomaster_msgs) StdoutLine: {'line': b'-- Installing: /home/cricchetto/Robomaster_WS/install/robomaster_msgs/include/robomaster_msgs/robomaster_msgs/srv/detail/get_io__functions.c\n'}
[411.903226] (robomaster_msgs) StdoutLine: {'line': b'-- Installing: /home/cricchetto/Robomaster_WS/install/robomaster_msgs/include/robomaster_msgs/robomaster_msgs/srv/detail/get_pulse__functions.c\n'}
[411.904523] (robomaster_msgs) StdoutLine: {'line': b'-- Installing: /home/cricchetto/Robomaster_WS/install/robomaster_msgs/include/robomaster_msgs/robomaster_msgs/srv/detail/get_servo_angle__type_support.h\n'}
[411.905665] (robomaster_msgs) StdoutLine: {'line': b'-- Installing: /home/cricchetto/Robomaster_WS/install/robomaster_msgs/include/robomaster_msgs/robomaster_msgs/srv/detail/get_pulse__functions.h\n'}
[411.906897] (robomaster_msgs) StdoutLine: {'line': b'-- Installing: /home/cricchetto/Robomaster_WS/install/robomaster_msgs/include/robomaster_msgs/robomaster_msgs/srv/get_servo_angle.h\n'}
[411.908049] (robomaster_msgs) StdoutLine: {'line': b'-- Installing: /home/cricchetto/Robomaster_WS/install/robomaster_msgs/include/robomaster_msgs/robomaster_msgs/srv/get_pulse.h\n'}
[411.908835] (-) TimerEvent: {}
[411.909872] (robomaster_msgs) StdoutLine: {'line': b'-- Installing: /home/cricchetto/Robomaster_WS/install/robomaster_msgs/share/robomaster_msgs/environment/library_path.sh\n'}
[411.911183] (robomaster_msgs) StdoutLine: {'line': b'-- Installing: /home/cricchetto/Robomaster_WS/install/robomaster_msgs/share/robomaster_msgs/environment/library_path.dsv\n'}
[411.912866] (robomaster_msgs) StdoutLine: {'line': b'-- Installing: /home/cricchetto/Robomaster_WS/install/robomaster_msgs/lib/librobomaster_msgs__rosidl_generator_c.so\n'}
[411.919726] (robomaster_msgs) StdoutLine: {'line': b'-- Set runtime path of "/home/cricchetto/Robomaster_WS/install/robomaster_msgs/lib/librobomaster_msgs__rosidl_generator_c.so" to ""\n'}
[411.920284] (robomaster_msgs) StdoutLine: {'line': b'-- Up-to-date: /home/cricchetto/Robomaster_WS/install/robomaster_msgs/include/robomaster_msgs/robomaster_msgs\n'}
[411.920661] (robomaster_msgs) StdoutLine: {'line': b'-- Up-to-date: /home/cricchetto/Robomaster_WS/install/robomaster_msgs/include/robomaster_msgs/robomaster_msgs/action\n'}
[411.921025] (robomaster_msgs) StdoutLine: {'line': b'-- Up-to-date: /home/cricchetto/Robomaster_WS/install/robomaster_msgs/include/robomaster_msgs/robomaster_msgs/action/detail\n'}
[411.921391] (robomaster_msgs) StdoutLine: {'line': b'-- Installing: /home/cricchetto/Robomaster_WS/install/robomaster_msgs/include/robomaster_msgs/robomaster_msgs/action/detail/play_sound__rosidl_typesupport_fastrtps_c.h\n'}
[411.922860] (robomaster_msgs) StdoutLine: {'line': b'-- Installing: /home/cricchetto/Robomaster_WS/install/robomaster_msgs/include/robomaster_msgs/robomaster_msgs/action/detail/move__rosidl_typesupport_fastrtps_c.h\n'}
[411.924284] (robomaster_msgs) StdoutLine: {'line': b'-- Installing: /home/cricchetto/Robomaster_WS/install/robomaster_msgs/include/robomaster_msgs/robomaster_msgs/action/detail/move_arm__rosidl_typesupport_fastrtps_c.h\n'}
[411.925610] (robomaster_msgs) StdoutLine: {'line': b'-- Installing: /home/cricchetto/Robomaster_WS/install/robomaster_msgs/include/robomaster_msgs/robomaster_msgs/action/detail/move_gimbal__rosidl_typesupport_fastrtps_c.h\n'}
[411.926955] (robomaster_msgs) StdoutLine: {'line': b'-- Installing: /home/cricchetto/Robomaster_WS/install/robomaster_msgs/include/robomaster_msgs/robomaster_msgs/action/detail/gripper_control__rosidl_typesupport_fastrtps_c.h\n'}
[411.928354] (robomaster_msgs) StdoutLine: {'line': b'-- Installing: /home/cricchetto/Robomaster_WS/install/robomaster_msgs/include/robomaster_msgs/robomaster_msgs/action/detail/recenter_gimbal__rosidl_typesupport_fastrtps_c.h\n'}
[411.929786] (robomaster_msgs) StdoutLine: {'line': b'-- Installing: /home/cricchetto/Robomaster_WS/install/robomaster_msgs/include/robomaster_msgs/robomaster_msgs/action/detail/move_servo__rosidl_typesupport_fastrtps_c.h\n'}
[411.930966] (robomaster_msgs) StdoutLine: {'line': b'-- Up-to-date: /home/cricchetto/Robomaster_WS/install/robomaster_msgs/include/robomaster_msgs/robomaster_msgs/msg\n'}
[411.931450] (robomaster_msgs) StdoutLine: {'line': b'-- Installing: /home/cricchetto/Robomaster_WS/install/robomaster_msgs/include/robomaster_msgs/robomaster_msgs/msg/rosidl_typesupport_fastrtps_c__visibility_control.h\n'}
[411.932741] (robomaster_msgs) StdoutLine: {'line': b'-- Up-to-date: /home/cricchetto/Robomaster_WS/install/robomaster_msgs/include/robomaster_msgs/robomaster_msgs/msg/detail\n'}
[411.933738] (robomaster_msgs) StdoutLine: {'line': b'-- Installing: /home/cricchetto/Robomaster_WS/install/robomaster_msgs/include/robomaster_msgs/robomaster_msgs/msg/detail/serial__rosidl_typesupport_fastrtps_c.h\n'}
[411.935035] (robomaster_msgs) StdoutLine: {'line': b'-- Installing: /home/cricchetto/Robomaster_WS/install/robomaster_msgs/include/robomaster_msgs/robomaster_msgs/msg/detail/sensor_adapter__rosidl_typesupport_fastrtps_c.h\n'}
[411.936316] (robomaster_msgs) StdoutLine: {'line': b'-- Installing: /home/cricchetto/Robomaster_WS/install/robomaster_msgs/include/robomaster_msgs/robomaster_msgs/msg/detail/gimbal_command__rosidl_typesupport_fastrtps_c.h\n'}
[411.937581] (robomaster_msgs) StdoutLine: {'line': b'-- Installing: /home/cricchetto/Robomaster_WS/install/robomaster_msgs/include/robomaster_msgs/robomaster_msgs/msg/detail/detected_gesture__rosidl_typesupport_fastrtps_c.h\n'}
[411.938828] (robomaster_msgs) StdoutLine: {'line': b'-- Installing: /home/cricchetto/Robomaster_WS/install/robomaster_msgs/include/robomaster_msgs/robomaster_msgs/msg/detail/detected_person__rosidl_typesupport_fastrtps_c.h\n'}
[411.940222] (robomaster_msgs) StdoutLine: {'line': b'-- Installing: /home/cricchetto/Robomaster_WS/install/robomaster_msgs/include/robomaster_msgs/robomaster_msgs/msg/detail/audio_data__rosidl_typesupport_fastrtps_c.h\n'}
[411.941482] (robomaster_msgs) StdoutLine: {'line': b'-- Installing: /home/cricchetto/Robomaster_WS/install/robomaster_msgs/include/robomaster_msgs/robomaster_msgs/msg/detail/audio_opus__rosidl_typesupport_fastrtps_c.h\n'}
[411.942696] (robomaster_msgs) StdoutLine: {'line': b'-- Installing: /home/cricchetto/Robomaster_WS/install/robomaster_msgs/include/robomaster_msgs/robomaster_msgs/msg/detail/detected_line__rosidl_typesupport_fastrtps_c.h\n'}
[411.944201] (robomaster_msgs) StdoutLine: {'line': b'-- Installing: /home/cricchetto/Robomaster_WS/install/robomaster_msgs/include/robomaster_msgs/robomaster_msgs/msg/detail/servo_raw_state__rosidl_typesupport_fastrtps_c.h\n'}
[411.945460] (robomaster_msgs) StdoutLine: {'line': b'-- Installing: /home/cricchetto/Robomaster_WS/install/robomaster_msgs/include/robomaster_msgs/robomaster_msgs/msg/detail/gripper_state__rosidl_typesupport_fastrtps_c.h\n'}
[411.946714] (robomaster_msgs) StdoutLine: {'line': b'-- Installing: /home/cricchetto/Robomaster_WS/install/robomaster_msgs/include/robomaster_msgs/robomaster_msgs/msg/detail/detection__rosidl_typesupport_fastrtps_c.h\n'}
[411.947980] (robomaster_msgs) StdoutLine: {'line': b'-- Installing: /home/cricchetto/Robomaster_WS/install/robomaster_msgs/include/robomaster_msgs/robomaster_msgs/msg/detail/servo_command__rosidl_typesupport_fastrtps_c.h\n'}
[411.949247] (robomaster_msgs) StdoutLine: {'line': b'-- Installing: /home/cricchetto/Robomaster_WS/install/robomaster_msgs/include/robomaster_msgs/robomaster_msgs/msg/detail/armor_hit__rosidl_typesupport_fastrtps_c.h\n'}
[411.950494] (robomaster_msgs) StdoutLine: {'line': b'-- Installing: /home/cricchetto/Robomaster_WS/install/robomaster_msgs/include/robomaster_msgs/robomaster_msgs/msg/detail/s_bus__rosidl_typesupport_fastrtps_c.h\n'}
[411.951763] (robomaster_msgs) StdoutLine: {'line': b'-- Installing: /home/cricchetto/Robomaster_WS/install/robomaster_msgs/include/robomaster_msgs/robomaster_msgs/msg/detail/region_of_interest__rosidl_typesupport_fastrtps_c.h\n'}
[411.953036] (robomaster_msgs) StdoutLine: {'line': b'-- Installing: /home/cricchetto/Robomaster_WS/install/robomaster_msgs/include/robomaster_msgs/robomaster_msgs/msg/detail/detected_marker__rosidl_typesupport_fastrtps_c.h\n'}
[411.954271] (robomaster_msgs) StdoutLine: {'line': b'-- Installing: /home/cricchetto/Robomaster_WS/install/robomaster_msgs/include/robomaster_msgs/robomaster_msgs/msg/detail/led_effect__rosidl_typesupport_fastrtps_c.h\n'}
[411.955502] (robomaster_msgs) StdoutLine: {'line': b'-- Installing: /home/cricchetto/Robomaster_WS/install/robomaster_msgs/include/robomaster_msgs/robomaster_msgs/msg/detail/speaker_command__rosidl_typesupport_fastrtps_c.h\n'}
[411.956865] (robomaster_msgs) StdoutLine: {'line': b'-- Installing: /home/cricchetto/Robomaster_WS/install/robomaster_msgs/include/robomaster_msgs/robomaster_msgs/msg/detail/pwm__rosidl_typesupport_fastrtps_c.h\n'}
[411.958088] (robomaster_msgs) StdoutLine: {'line': b'-- Installing: /home/cricchetto/Robomaster_WS/install/robomaster_msgs/include/robomaster_msgs/robomaster_msgs/msg/detail/detected_robot__rosidl_typesupport_fastrtps_c.h\n'}
[411.959339] (robomaster_msgs) StdoutLine: {'line': b'-- Installing: /home/cricchetto/Robomaster_WS/install/robomaster_msgs/include/robomaster_msgs/robomaster_msgs/msg/detail/camera_config__rosidl_typesupport_fastrtps_c.h\n'}
[411.960721] (robomaster_msgs) StdoutLine: {'line': b'-- Installing: /home/cricchetto/Robomaster_WS/install/robomaster_msgs/include/robomaster_msgs/robomaster_msgs/msg/detail/mode__rosidl_typesupport_fastrtps_c.h\n'}
[411.961941] (robomaster_msgs) StdoutLine: {'line': b'-- Installing: /home/cricchetto/Robomaster_WS/install/robomaster_msgs/include/robomaster_msgs/robomaster_msgs/msg/detail/h264_packet__rosidl_typesupport_fastrtps_c.h\n'}
[411.963169] (robomaster_msgs) StdoutLine: {'line': b'-- Installing: /home/cricchetto/Robomaster_WS/install/robomaster_msgs/include/robomaster_msgs/robomaster_msgs/msg/detail/wheel_speeds__rosidl_typesupport_fastrtps_c.h\n'}
[411.964428] (robomaster_msgs) StdoutLine: {'line': b'-- Installing: /home/cricchetto/Robomaster_WS/install/robomaster_msgs/include/robomaster_msgs/robomaster_msgs/msg/detail/chassis_status__rosidl_typesupport_fastrtps_c.h\n'}
[411.965708] (robomaster_msgs) StdoutLine: {'line': b'-- Installing: /home/cricchetto/Robomaster_WS/install/robomaster_msgs/include/robomaster_msgs/robomaster_msgs/msg/detail/blaster_led__rosidl_typesupport_fastrtps_c.h\n'}
[411.966928] (robomaster_msgs) StdoutLine: {'line': b'-- Installing: /home/cricchetto/Robomaster_WS/install/robomaster_msgs/include/robomaster_msgs/robomaster_msgs/msg/detail/audio_level__rosidl_typesupport_fastrtps_c.h\n'}
[411.968096] (robomaster_msgs) StdoutLine: {'line': b'-- Up-to-date: /home/cricchetto/Robomaster_WS/install/robomaster_msgs/include/robomaster_msgs/robomaster_msgs/srv\n'}
[411.968509] (robomaster_msgs) StdoutLine: {'line': b'-- Up-to-date: /home/cricchetto/Robomaster_WS/install/robomaster_msgs/include/robomaster_msgs/robomaster_msgs/srv/detail\n'}
[411.969013] (robomaster_msgs) StdoutLine: {'line': b'-- Installing: /home/cricchetto/Robomaster_WS/install/robomaster_msgs/include/robomaster_msgs/robomaster_msgs/srv/detail/get_servo_angle__rosidl_typesupport_fastrtps_c.h\n'}
[411.970330] (robomaster_msgs) StdoutLine: {'line': b'-- Installing: /home/cricchetto/Robomaster_WS/install/robomaster_msgs/include/robomaster_msgs/robomaster_msgs/srv/detail/get_adc__rosidl_typesupport_fastrtps_c.h\n'}
[411.971552] (robomaster_msgs) StdoutLine: {'line': b'-- Installing: /home/cricchetto/Robomaster_WS/install/robomaster_msgs/include/robomaster_msgs/robomaster_msgs/srv/detail/get_io__rosidl_typesupport_fastrtps_c.h\n'}
[411.972893] (robomaster_msgs) StdoutLine: {'line': b'-- Installing: /home/cricchetto/Robomaster_WS/install/robomaster_msgs/include/robomaster_msgs/robomaster_msgs/srv/detail/get_pulse__rosidl_typesupport_fastrtps_c.h\n'}
[411.974456] (robomaster_msgs) StdoutLine: {'line': b'-- Installing: /home/cricchetto/Robomaster_WS/install/robomaster_msgs/lib/librobomaster_msgs__rosidl_typesupport_fastrtps_c.so\n'}
[411.980135] (robomaster_msgs) StdoutLine: {'line': b'-- Set runtime path of "/home/cricchetto/Robomaster_WS/install/robomaster_msgs/lib/librobomaster_msgs__rosidl_typesupport_fastrtps_c.so" to ""\n'}
[411.980668] (robomaster_msgs) StdoutLine: {'line': b'-- Up-to-date: /home/cricchetto/Robomaster_WS/install/robomaster_msgs/include/robomaster_msgs/robomaster_msgs\n'}
[411.981043] (robomaster_msgs) StdoutLine: {'line': b'-- Up-to-date: /home/cricchetto/Robomaster_WS/install/robomaster_msgs/include/robomaster_msgs/robomaster_msgs/action\n'}
[411.981404] (robomaster_msgs) StdoutLine: {'line': b'-- Up-to-date: /home/cricchetto/Robomaster_WS/install/robomaster_msgs/include/robomaster_msgs/robomaster_msgs/action/detail\n'}
[411.981789] (robomaster_msgs) StdoutLine: {'line': b'-- Installing: /home/cricchetto/Robomaster_WS/install/robomaster_msgs/include/robomaster_msgs/robomaster_msgs/action/detail/move_gimbal__type_support.c\n'}
[411.983521] (robomaster_msgs) StdoutLine: {'line': b'-- Installing: /home/cricchetto/Robomaster_WS/install/robomaster_msgs/include/robomaster_msgs/robomaster_msgs/action/detail/move__type_support.c\n'}
[411.985183] (robomaster_msgs) StdoutLine: {'line': b'-- Installing: /home/cricchetto/Robomaster_WS/install/robomaster_msgs/include/robomaster_msgs/robomaster_msgs/action/detail/gripper_control__type_support.c\n'}
[411.986872] (robomaster_msgs) StdoutLine: {'line': b'-- Installing: /home/cricchetto/Robomaster_WS/install/robomaster_msgs/include/robomaster_msgs/robomaster_msgs/action/detail/move_servo__rosidl_typesupport_introspection_c.h\n'}
[411.988187] (robomaster_msgs) StdoutLine: {'line': b'-- Installing: /home/cricchetto/Robomaster_WS/install/robomaster_msgs/include/robomaster_msgs/robomaster_msgs/action/detail/play_sound__type_support.c\n'}
[411.989821] (robomaster_msgs) StdoutLine: {'line': b'-- Installing: /home/cricchetto/Robomaster_WS/install/robomaster_msgs/include/robomaster_msgs/robomaster_msgs/action/detail/move_gimbal__rosidl_typesupport_introspection_c.h\n'}
[411.991140] (robomaster_msgs) StdoutLine: {'line': b'-- Installing: /home/cricchetto/Robomaster_WS/install/robomaster_msgs/include/robomaster_msgs/robomaster_msgs/action/detail/move_arm__type_support.c\n'}
[411.992851] (robomaster_msgs) StdoutLine: {'line': b'-- Installing: /home/cricchetto/Robomaster_WS/install/robomaster_msgs/include/robomaster_msgs/robomaster_msgs/action/detail/gripper_control__rosidl_typesupport_introspection_c.h\n'}
[411.994185] (robomaster_msgs) StdoutLine: {'line': b'-- Installing: /home/cricchetto/Robomaster_WS/install/robomaster_msgs/include/robomaster_msgs/robomaster_msgs/action/detail/play_sound__rosidl_typesupport_introspection_c.h\n'}
[411.995514] (robomaster_msgs) StdoutLine: {'line': b'-- Installing: /home/cricchetto/Robomaster_WS/install/robomaster_msgs/include/robomaster_msgs/robomaster_msgs/action/detail/move_arm__rosidl_typesupport_introspection_c.h\n'}
[411.997003] (robomaster_msgs) StdoutLine: {'line': b'-- Installing: /home/cricchetto/Robomaster_WS/install/robomaster_msgs/include/robomaster_msgs/robomaster_msgs/action/detail/move_servo__type_support.c\n'}
[411.998614] (robomaster_msgs) StdoutLine: {'line': b'-- Installing: /home/cricchetto/Robomaster_WS/install/robomaster_msgs/include/robomaster_msgs/robomaster_msgs/action/detail/recenter_gimbal__rosidl_typesupport_introspection_c.h\n'}
[411.999973] (robomaster_msgs) StdoutLine: {'line': b'-- Installing: /home/cricchetto/Robomaster_WS/install/robomaster_msgs/include/robomaster_msgs/robomaster_msgs/action/detail/recenter_gimbal__type_support.c\n'}
[412.001629] (robomaster_msgs) StdoutLine: {'line': b'-- Installing: /home/cricchetto/Robomaster_WS/install/robomaster_msgs/include/robomaster_msgs/robomaster_msgs/action/detail/move__rosidl_typesupport_introspection_c.h\n'}
[412.002831] (robomaster_msgs) StdoutLine: {'line': b'-- Up-to-date: /home/cricchetto/Robomaster_WS/install/robomaster_msgs/include/robomaster_msgs/robomaster_msgs/msg\n'}
[412.003295] (robomaster_msgs) StdoutLine: {'line': b'-- Up-to-date: /home/cricchetto/Robomaster_WS/install/robomaster_msgs/include/robomaster_msgs/robomaster_msgs/msg/detail\n'}
[412.004330] (robomaster_msgs) StdoutLine: {'line': b'-- Installing: /home/cricchetto/Robomaster_WS/install/robomaster_msgs/include/robomaster_msgs/robomaster_msgs/msg/detail/mode__rosidl_typesupport_introspection_c.h\n'}
[412.005638] (robomaster_msgs) StdoutLine: {'line': b'-- Installing: /home/cricchetto/Robomaster_WS/install/robomaster_msgs/include/robomaster_msgs/robomaster_msgs/msg/detail/h264_packet__type_support.c\n'}
[412.006874] (robomaster_msgs) StdoutLine: {'line': b'-- Installing: /home/cricchetto/Robomaster_WS/install/robomaster_msgs/include/robomaster_msgs/robomaster_msgs/msg/detail/serial__type_support.c\n'}
[412.008146] (robomaster_msgs) StdoutLine: {'line': b'-- Installing: /home/cricchetto/Robomaster_WS/install/robomaster_msgs/include/robomaster_msgs/robomaster_msgs/msg/detail/detection__rosidl_typesupport_introspection_c.h\n'}
[412.008945] (-) TimerEvent: {}
[412.009460] (robomaster_msgs) StdoutLine: {'line': b'-- Installing: /home/cricchetto/Robomaster_WS/install/robomaster_msgs/include/robomaster_msgs/robomaster_msgs/msg/detail/camera_config__type_support.c\n'}
[412.010753] (robomaster_msgs) StdoutLine: {'line': b'-- Installing: /home/cricchetto/Robomaster_WS/install/robomaster_msgs/include/robomaster_msgs/robomaster_msgs/msg/detail/speaker_command__type_support.c\n'}
[412.012172] (robomaster_msgs) StdoutLine: {'line': b'-- Installing: /home/cricchetto/Robomaster_WS/install/robomaster_msgs/include/robomaster_msgs/robomaster_msgs/msg/detail/detected_marker__type_support.c\n'}
[412.013460] (robomaster_msgs) StdoutLine: {'line': b'-- Installing: /home/cricchetto/Robomaster_WS/install/robomaster_msgs/include/robomaster_msgs/robomaster_msgs/msg/detail/detected_person__type_support.c\n'}
[412.014803] (robomaster_msgs) StdoutLine: {'line': b'-- Installing: /home/cricchetto/Robomaster_WS/install/robomaster_msgs/include/robomaster_msgs/robomaster_msgs/msg/detail/detected_marker__rosidl_typesupport_introspection_c.h\n'}
[412.016103] (robomaster_msgs) StdoutLine: {'line': b'-- Installing: /home/cricchetto/Robomaster_WS/install/robomaster_msgs/include/robomaster_msgs/robomaster_msgs/msg/detail/s_bus__type_support.c\n'}
[412.017345] (robomaster_msgs) StdoutLine: {'line': b'-- Installing: /home/cricchetto/Robomaster_WS/install/robomaster_msgs/include/robomaster_msgs/robomaster_msgs/msg/detail/gripper_state__rosidl_typesupport_introspection_c.h\n'}
[412.018605] (robomaster_msgs) StdoutLine: {'line': b'-- Installing: /home/cricchetto/Robomaster_WS/install/robomaster_msgs/include/robomaster_msgs/robomaster_msgs/msg/detail/servo_raw_state__type_support.c\n'}
[412.020052] (robomaster_msgs) StdoutLine: {'line': b'-- Installing: /home/cricchetto/Robomaster_WS/install/robomaster_msgs/include/robomaster_msgs/robomaster_msgs/msg/detail/region_of_interest__rosidl_typesupport_introspection_c.h\n'}
[412.021339] (robomaster_msgs) StdoutLine: {'line': b'-- Installing: /home/cricchetto/Robomaster_WS/install/robomaster_msgs/include/robomaster_msgs/robomaster_msgs/msg/detail/servo_command__type_support.c\n'}
[412.022564] (robomaster_msgs) StdoutLine: {'line': b'-- Installing: /home/cricchetto/Robomaster_WS/install/robomaster_msgs/include/robomaster_msgs/robomaster_msgs/msg/detail/audio_level__rosidl_typesupport_introspection_c.h\n'}
[412.023866] (robomaster_msgs) StdoutLine: {'line': b'-- Installing: /home/cricchetto/Robomaster_WS/install/robomaster_msgs/include/robomaster_msgs/robomaster_msgs/msg/detail/detected_gesture__type_support.c\n'}
[412.025151] (robomaster_msgs) StdoutLine: {'line': b'-- Installing: /home/cricchetto/Robomaster_WS/install/robomaster_msgs/include/robomaster_msgs/robomaster_msgs/msg/detail/detected_person__rosidl_typesupport_introspection_c.h\n'}
[412.026435] (robomaster_msgs) StdoutLine: {'line': b'-- Installing: /home/cricchetto/Robomaster_WS/install/robomaster_msgs/include/robomaster_msgs/robomaster_msgs/msg/detail/camera_config__rosidl_typesupport_introspection_c.h\n'}
[412.027765] (robomaster_msgs) StdoutLine: {'line': b'-- Installing: /home/cricchetto/Robomaster_WS/install/robomaster_msgs/include/robomaster_msgs/robomaster_msgs/msg/detail/chassis_status__type_support.c\n'}
[412.029122] (robomaster_msgs) StdoutLine: {'line': b'-- Installing: /home/cricchetto/Robomaster_WS/install/robomaster_msgs/include/robomaster_msgs/robomaster_msgs/msg/detail/region_of_interest__type_support.c\n'}
[412.030386] (robomaster_msgs) StdoutLine: {'line': b'-- Installing: /home/cricchetto/Robomaster_WS/install/robomaster_msgs/include/robomaster_msgs/robomaster_msgs/msg/detail/chassis_status__rosidl_typesupport_introspection_c.h\n'}
[412.031679] (robomaster_msgs) StdoutLine: {'line': b'-- Installing: /home/cricchetto/Robomaster_WS/install/robomaster_msgs/include/robomaster_msgs/robomaster_msgs/msg/detail/pwm__rosidl_typesupport_introspection_c.h\n'}
[412.032915] (robomaster_msgs) StdoutLine: {'line': b'-- Installing: /home/cricchetto/Robomaster_WS/install/robomaster_msgs/include/robomaster_msgs/robomaster_msgs/msg/detail/detected_robot__type_support.c\n'}
[412.034154] (robomaster_msgs) StdoutLine: {'line': b'-- Installing: /home/cricchetto/Robomaster_WS/install/robomaster_msgs/include/robomaster_msgs/robomaster_msgs/msg/detail/audio_level__type_support.c\n'}
[412.035435] (robomaster_msgs) StdoutLine: {'line': b'-- Installing: /home/cricchetto/Robomaster_WS/install/robomaster_msgs/include/robomaster_msgs/robomaster_msgs/msg/detail/speaker_command__rosidl_typesupport_introspection_c.h\n'}
[412.036776] (robomaster_msgs) StdoutLine: {'line': b'-- Installing: /home/cricchetto/Robomaster_WS/install/robomaster_msgs/include/robomaster_msgs/robomaster_msgs/msg/detail/h264_packet__rosidl_typesupport_introspection_c.h\n'}
[412.038016] (robomaster_msgs) StdoutLine: {'line': b'-- Installing: /home/cricchetto/Robomaster_WS/install/robomaster_msgs/include/robomaster_msgs/robomaster_msgs/msg/detail/detection__type_support.c\n'}
[412.039398] (robomaster_msgs) StdoutLine: {'line': b'-- Installing: /home/cricchetto/Robomaster_WS/install/robomaster_msgs/include/robomaster_msgs/robomaster_msgs/msg/detail/blaster_led__type_support.c\n'}
[412.040606] (robomaster_msgs) StdoutLine: {'line': b'-- Installing: /home/cricchetto/Robomaster_WS/install/robomaster_msgs/include/robomaster_msgs/robomaster_msgs/msg/detail/audio_opus__type_support.c\n'}
[412.041889] (robomaster_msgs) StdoutLine: {'line': b'-- Installing: /home/cricchetto/Robomaster_WS/install/robomaster_msgs/include/robomaster_msgs/robomaster_msgs/msg/detail/led_effect__type_support.c\n'}
[412.043134] (robomaster_msgs) StdoutLine: {'line': b'-- Installing: /home/cricchetto/Robomaster_WS/install/robomaster_msgs/include/robomaster_msgs/robomaster_msgs/msg/detail/wheel_speeds__rosidl_typesupport_introspection_c.h\n'}
[412.044510] (robomaster_msgs) StdoutLine: {'line': b'-- Installing: /home/cricchetto/Robomaster_WS/install/robomaster_msgs/include/robomaster_msgs/robomaster_msgs/msg/detail/pwm__type_support.c\n'}
[412.045719] (robomaster_msgs) StdoutLine: {'line': b'-- Installing: /home/cricchetto/Robomaster_WS/install/robomaster_msgs/include/robomaster_msgs/robomaster_msgs/msg/detail/s_bus__rosidl_typesupport_introspection_c.h\n'}
[412.046929] (robomaster_msgs) StdoutLine: {'line': b'-- Installing: /home/cricchetto/Robomaster_WS/install/robomaster_msgs/include/robomaster_msgs/robomaster_msgs/msg/detail/armor_hit__type_support.c\n'}
[412.048189] (robomaster_msgs) StdoutLine: {'line': b'-- Installing: /home/cricchetto/Robomaster_WS/install/robomaster_msgs/include/robomaster_msgs/robomaster_msgs/msg/detail/detected_line__type_support.c\n'}
[412.049424] (robomaster_msgs) StdoutLine: {'line': b'-- Installing: /home/cricchetto/Robomaster_WS/install/robomaster_msgs/include/robomaster_msgs/robomaster_msgs/msg/detail/serial__rosidl_typesupport_introspection_c.h\n'}
[412.050670] (robomaster_msgs) StdoutLine: {'line': b'-- Installing: /home/cricchetto/Robomaster_WS/install/robomaster_msgs/include/robomaster_msgs/robomaster_msgs/msg/detail/sensor_adapter__rosidl_typesupport_introspection_c.h\n'}
[412.051957] (robomaster_msgs) StdoutLine: {'line': b'-- Installing: /home/cricchetto/Robomaster_WS/install/robomaster_msgs/include/robomaster_msgs/robomaster_msgs/msg/detail/detected_robot__rosidl_typesupport_introspection_c.h\n'}
[412.053240] (robomaster_msgs) StdoutLine: {'line': b'-- Installing: /home/cricchetto/Robomaster_WS/install/robomaster_msgs/include/robomaster_msgs/robomaster_msgs/msg/detail/audio_opus__rosidl_typesupport_introspection_c.h\n'}
[412.054502] (robomaster_msgs) StdoutLine: {'line': b'-- Installing: /home/cricchetto/Robomaster_WS/install/robomaster_msgs/include/robomaster_msgs/robomaster_msgs/msg/detail/wheel_speeds__type_support.c\n'}
[412.055774] (robomaster_msgs) StdoutLine: {'line': b'-- Installing: /home/cricchetto/Robomaster_WS/install/robomaster_msgs/include/robomaster_msgs/robomaster_msgs/msg/detail/mode__type_support.c\n'}
[412.057072] (robomaster_msgs) StdoutLine: {'line': b'-- Installing: /home/cricchetto/Robomaster_WS/install/robomaster_msgs/include/robomaster_msgs/robomaster_msgs/msg/detail/servo_raw_state__rosidl_typesupport_introspection_c.h\n'}
[412.058328] (robomaster_msgs) StdoutLine: {'line': b'-- Installing: /home/cricchetto/Robomaster_WS/install/robomaster_msgs/include/robomaster_msgs/robomaster_msgs/msg/detail/gripper_state__type_support.c\n'}
[412.059594] (robomaster_msgs) StdoutLine: {'line': b'-- Installing: /home/cricchetto/Robomaster_WS/install/robomaster_msgs/include/robomaster_msgs/robomaster_msgs/msg/detail/blaster_led__rosidl_typesupport_introspection_c.h\n'}
[412.060890] (robomaster_msgs) StdoutLine: {'line': b'-- Installing: /home/cricchetto/Robomaster_WS/install/robomaster_msgs/include/robomaster_msgs/robomaster_msgs/msg/detail/audio_data__type_support.c\n'}
[412.062154] (robomaster_msgs) StdoutLine: {'line': b'-- Installing: /home/cricchetto/Robomaster_WS/install/robomaster_msgs/include/robomaster_msgs/robomaster_msgs/msg/detail/armor_hit__rosidl_typesupport_introspection_c.h\n'}
[412.063430] (robomaster_msgs) StdoutLine: {'line': b'-- Installing: /home/cricchetto/Robomaster_WS/install/robomaster_msgs/include/robomaster_msgs/robomaster_msgs/msg/detail/sensor_adapter__type_support.c\n'}
[412.064831] (robomaster_msgs) StdoutLine: {'line': b'-- Installing: /home/cricchetto/Robomaster_WS/install/robomaster_msgs/include/robomaster_msgs/robomaster_msgs/msg/detail/servo_command__rosidl_typesupport_introspection_c.h\n'}
[412.066094] (robomaster_msgs) StdoutLine: {'line': b'-- Installing: /home/cricchetto/Robomaster_WS/install/robomaster_msgs/include/robomaster_msgs/robomaster_msgs/msg/detail/audio_data__rosidl_typesupport_introspection_c.h\n'}
[412.067526] (robomaster_msgs) StdoutLine: {'line': b'-- Installing: /home/cricchetto/Robomaster_WS/install/robomaster_msgs/include/robomaster_msgs/robomaster_msgs/msg/detail/led_effect__rosidl_typesupport_introspection_c.h\n'}
[412.068950] (robomaster_msgs) StdoutLine: {'line': b'-- Installing: /home/cricchetto/Robomaster_WS/install/robomaster_msgs/include/robomaster_msgs/robomaster_msgs/msg/detail/gimbal_command__type_support.c\n'}
[412.070201] (robomaster_msgs) StdoutLine: {'line': b'-- Installing: /home/cricchetto/Robomaster_WS/install/robomaster_msgs/include/robomaster_msgs/robomaster_msgs/msg/detail/detected_line__rosidl_typesupport_introspection_c.h\n'}
[412.071477] (robomaster_msgs) StdoutLine: {'line': b'-- Installing: /home/cricchetto/Robomaster_WS/install/robomaster_msgs/include/robomaster_msgs/robomaster_msgs/msg/detail/gimbal_command__rosidl_typesupport_introspection_c.h\n'}
[412.072808] (robomaster_msgs) StdoutLine: {'line': b'-- Installing: /home/cricchetto/Robomaster_WS/install/robomaster_msgs/include/robomaster_msgs/robomaster_msgs/msg/detail/detected_gesture__rosidl_typesupport_introspection_c.h\n'}
[412.074126] (robomaster_msgs) StdoutLine: {'line': b'-- Installing: /home/cricchetto/Robomaster_WS/install/robomaster_msgs/include/robomaster_msgs/robomaster_msgs/msg/rosidl_typesupport_introspection_c__visibility_control.h\n'}
[412.075277] (robomaster_msgs) StdoutLine: {'line': b'-- Up-to-date: /home/cricchetto/Robomaster_WS/install/robomaster_msgs/include/robomaster_msgs/robomaster_msgs/srv\n'}
[412.075723] (robomaster_msgs) StdoutLine: {'line': b'-- Up-to-date: /home/cricchetto/Robomaster_WS/install/robomaster_msgs/include/robomaster_msgs/robomaster_msgs/srv/detail\n'}
[412.076392] (robomaster_msgs) StdoutLine: {'line': b'-- Installing: /home/cricchetto/Robomaster_WS/install/robomaster_msgs/include/robomaster_msgs/robomaster_msgs/srv/detail/get_adc__rosidl_typesupport_introspection_c.h\n'}
[412.077718] (robomaster_msgs) StdoutLine: {'line': b'-- Installing: /home/cricchetto/Robomaster_WS/install/robomaster_msgs/include/robomaster_msgs/robomaster_msgs/srv/detail/get_servo_angle__type_support.c\n'}
[412.079048] (robomaster_msgs) StdoutLine: {'line': b'-- Installing: /home/cricchetto/Robomaster_WS/install/robomaster_msgs/include/robomaster_msgs/robomaster_msgs/srv/detail/get_servo_angle__rosidl_typesupport_introspection_c.h\n'}
[412.080315] (robomaster_msgs) StdoutLine: {'line': b'-- Installing: /home/cricchetto/Robomaster_WS/install/robomaster_msgs/include/robomaster_msgs/robomaster_msgs/srv/detail/get_pulse__type_support.c\n'}
[412.081578] (robomaster_msgs) StdoutLine: {'line': b'-- Installing: /home/cricchetto/Robomaster_WS/install/robomaster_msgs/include/robomaster_msgs/robomaster_msgs/srv/detail/get_io__type_support.c\n'}
[412.082846] (robomaster_msgs) StdoutLine: {'line': b'-- Installing: /home/cricchetto/Robomaster_WS/install/robomaster_msgs/include/robomaster_msgs/robomaster_msgs/srv/detail/get_pulse__rosidl_typesupport_introspection_c.h\n'}
[412.084184] (robomaster_msgs) StdoutLine: {'line': b'-- Installing: /home/cricchetto/Robomaster_WS/install/robomaster_msgs/include/robomaster_msgs/robomaster_msgs/srv/detail/get_adc__type_support.c\n'}
[412.085472] (robomaster_msgs) StdoutLine: {'line': b'-- Installing: /home/cricchetto/Robomaster_WS/install/robomaster_msgs/include/robomaster_msgs/robomaster_msgs/srv/detail/get_io__rosidl_typesupport_introspection_c.h\n'}
[412.087171] (robomaster_msgs) StdoutLine: {'line': b'-- Installing: /home/cricchetto/Robomaster_WS/install/robomaster_msgs/lib/librobomaster_msgs__rosidl_typesupport_introspection_c.so\n'}
[412.092380] (robomaster_msgs) StdoutLine: {'line': b'-- Set runtime path of "/home/cricchetto/Robomaster_WS/install/robomaster_msgs/lib/librobomaster_msgs__rosidl_typesupport_introspection_c.so" to ""\n'}
[412.092916] (robomaster_msgs) StdoutLine: {'line': b'-- Installing: /home/cricchetto/Robomaster_WS/install/robomaster_msgs/lib/librobomaster_msgs__rosidl_typesupport_c.so\n'}
[412.097207] (robomaster_msgs) StdoutLine: {'line': b'-- Set runtime path of "/home/cricchetto/Robomaster_WS/install/robomaster_msgs/lib/librobomaster_msgs__rosidl_typesupport_c.so" to ""\n'}
[412.097736] (robomaster_msgs) StdoutLine: {'line': b'-- Up-to-date: /home/cricchetto/Robomaster_WS/install/robomaster_msgs/include/robomaster_msgs/robomaster_msgs\n'}
[412.098092] (robomaster_msgs) StdoutLine: {'line': b'-- Up-to-date: /home/cricchetto/Robomaster_WS/install/robomaster_msgs/include/robomaster_msgs/robomaster_msgs/action\n'}
[412.098467] (robomaster_msgs) StdoutLine: {'line': b'-- Installing: /home/cricchetto/Robomaster_WS/install/robomaster_msgs/include/robomaster_msgs/robomaster_msgs/action/move_arm.hpp\n'}
[412.099563] (robomaster_msgs) StdoutLine: {'line': b'-- Installing: /home/cricchetto/Robomaster_WS/install/robomaster_msgs/include/robomaster_msgs/robomaster_msgs/action/move.hpp\n'}
[412.100636] (robomaster_msgs) StdoutLine: {'line': b'-- Installing: /home/cricchetto/Robomaster_WS/install/robomaster_msgs/include/robomaster_msgs/robomaster_msgs/action/play_sound.hpp\n'}
[412.101700] (robomaster_msgs) StdoutLine: {'line': b'-- Installing: /home/cricchetto/Robomaster_WS/install/robomaster_msgs/include/robomaster_msgs/robomaster_msgs/action/gripper_control.hpp\n'}
[412.102767] (robomaster_msgs) StdoutLine: {'line': b'-- Installing: /home/cricchetto/Robomaster_WS/install/robomaster_msgs/include/robomaster_msgs/robomaster_msgs/action/recenter_gimbal.hpp\n'}
[412.103861] (robomaster_msgs) StdoutLine: {'line': b'-- Installing: /home/cricchetto/Robomaster_WS/install/robomaster_msgs/include/robomaster_msgs/robomaster_msgs/action/move_servo.hpp\n'}
[412.104834] (robomaster_msgs) StdoutLine: {'line': b'-- Up-to-date: /home/cricchetto/Robomaster_WS/install/robomaster_msgs/include/robomaster_msgs/robomaster_msgs/action/detail\n'}
[412.105565] (robomaster_msgs) StdoutLine: {'line': b'-- Installing: /home/cricchetto/Robomaster_WS/install/robomaster_msgs/include/robomaster_msgs/robomaster_msgs/action/detail/play_sound__struct.hpp\n'}
[412.107069] (robomaster_msgs) StdoutLine: {'line': b'-- Installing: /home/cricchetto/Robomaster_WS/install/robomaster_msgs/include/robomaster_msgs/robomaster_msgs/action/detail/recenter_gimbal__traits.hpp\n'}
[412.108488] (robomaster_msgs) StdoutLine: {'line': b'-- Installing: /home/cricchetto/Robomaster_WS/install/robomaster_msgs/include/robomaster_msgs/robomaster_msgs/action/detail/move_arm__type_support.hpp\n'}
[412.109060] (-) TimerEvent: {}
[412.109752] (robomaster_msgs) StdoutLine: {'line': b'-- Installing: /home/cricchetto/Robomaster_WS/install/robomaster_msgs/include/robomaster_msgs/robomaster_msgs/action/detail/gripper_control__type_support.hpp\n'}
[412.111023] (robomaster_msgs) StdoutLine: {'line': b'-- Installing: /home/cricchetto/Robomaster_WS/install/robomaster_msgs/include/robomaster_msgs/robomaster_msgs/action/detail/move_servo__struct.hpp\n'}
[412.112626] (robomaster_msgs) StdoutLine: {'line': b'-- Installing: /home/cricchetto/Robomaster_WS/install/robomaster_msgs/include/robomaster_msgs/robomaster_msgs/action/detail/move__struct.hpp\n'}
[412.113999] (robomaster_msgs) StdoutLine: {'line': b'-- Installing: /home/cricchetto/Robomaster_WS/install/robomaster_msgs/include/robomaster_msgs/robomaster_msgs/action/detail/move__type_support.hpp\n'}
[412.115189] (robomaster_msgs) StdoutLine: {'line': b'-- Installing: /home/cricchetto/Robomaster_WS/install/robomaster_msgs/include/robomaster_msgs/robomaster_msgs/action/detail/play_sound__traits.hpp\n'}
[412.116609] (robomaster_msgs) StdoutLine: {'line': b'-- Installing: /home/cricchetto/Robomaster_WS/install/robomaster_msgs/include/robomaster_msgs/robomaster_msgs/action/detail/move_servo__type_support.hpp\n'}
[412.117808] (robomaster_msgs) StdoutLine: {'line': b'-- Installing: /home/cricchetto/Robomaster_WS/install/robomaster_msgs/include/robomaster_msgs/robomaster_msgs/action/detail/move_arm__struct.hpp\n'}
[412.119239] (robomaster_msgs) StdoutLine: {'line': b'-- Installing: /home/cricchetto/Robomaster_WS/install/robomaster_msgs/include/robomaster_msgs/robomaster_msgs/action/detail/recenter_gimbal__type_support.hpp\n'}
[412.120522] (robomaster_msgs) StdoutLine: {'line': b'-- Installing: /home/cricchetto/Robomaster_WS/install/robomaster_msgs/include/robomaster_msgs/robomaster_msgs/action/detail/recenter_gimbal__builder.hpp\n'}
[412.121758] (robomaster_msgs) StdoutLine: {'line': b'-- Installing: /home/cricchetto/Robomaster_WS/install/robomaster_msgs/include/robomaster_msgs/robomaster_msgs/action/detail/move_arm__traits.hpp\n'}
[412.123067] (robomaster_msgs) StdoutLine: {'line': b'-- Installing: /home/cricchetto/Robomaster_WS/install/robomaster_msgs/include/robomaster_msgs/robomaster_msgs/action/detail/move_gimbal__struct.hpp\n'}
[412.124582] (robomaster_msgs) StdoutLine: {'line': b'-- Installing: /home/cricchetto/Robomaster_WS/install/robomaster_msgs/include/robomaster_msgs/robomaster_msgs/action/detail/move_gimbal__builder.hpp\n'}
[412.125807] (robomaster_msgs) StdoutLine: {'line': b'-- Installing: /home/cricchetto/Robomaster_WS/install/robomaster_msgs/include/robomaster_msgs/robomaster_msgs/action/detail/play_sound__type_support.hpp\n'}
[412.127026] (robomaster_msgs) StdoutLine: {'line': b'-- Installing: /home/cricchetto/Robomaster_WS/install/robomaster_msgs/include/robomaster_msgs/robomaster_msgs/action/detail/play_sound__builder.hpp\n'}
[412.128516] (robomaster_msgs) StdoutLine: {'line': b'-- Installing: /home/cricchetto/Robomaster_WS/install/robomaster_msgs/include/robomaster_msgs/robomaster_msgs/action/detail/move__builder.hpp\n'}
[412.129719] (robomaster_msgs) StdoutLine: {'line': b'-- Installing: /home/cricchetto/Robomaster_WS/install/robomaster_msgs/include/robomaster_msgs/robomaster_msgs/action/detail/recenter_gimbal__struct.hpp\n'}
[412.131143] (robomaster_msgs) StdoutLine: {'line': b'-- Installing: /home/cricchetto/Robomaster_WS/install/robomaster_msgs/include/robomaster_msgs/robomaster_msgs/action/detail/move_arm__builder.hpp\n'}
[412.132403] (robomaster_msgs) StdoutLine: {'line': b'-- Installing: /home/cricchetto/Robomaster_WS/install/robomaster_msgs/include/robomaster_msgs/robomaster_msgs/action/detail/move_gimbal__traits.hpp\n'}
[412.133763] (robomaster_msgs) StdoutLine: {'line': b'-- Installing: /home/cricchetto/Robomaster_WS/install/robomaster_msgs/include/robomaster_msgs/robomaster_msgs/action/detail/gripper_control__struct.hpp\n'}
[412.135220] (robomaster_msgs) StdoutLine: {'line': b'-- Installing: /home/cricchetto/Robomaster_WS/install/robomaster_msgs/include/robomaster_msgs/robomaster_msgs/action/detail/move_gimbal__type_support.hpp\n'}
[412.136483] (robomaster_msgs) StdoutLine: {'line': b'-- Installing: /home/cricchetto/Robomaster_WS/install/robomaster_msgs/include/robomaster_msgs/robomaster_msgs/action/detail/move__traits.hpp\n'}
[412.137852] (robomaster_msgs) StdoutLine: {'line': b'-- Installing: /home/cricchetto/Robomaster_WS/install/robomaster_msgs/include/robomaster_msgs/robomaster_msgs/action/detail/move_servo__traits.hpp\n'}
[412.139124] (robomaster_msgs) StdoutLine: {'line': b'-- Installing: /home/cricchetto/Robomaster_WS/install/robomaster_msgs/include/robomaster_msgs/robomaster_msgs/action/detail/move_servo__builder.hpp\n'}
[412.140456] (robomaster_msgs) StdoutLine: {'line': b'-- Installing: /home/cricchetto/Robomaster_WS/install/robomaster_msgs/include/robomaster_msgs/robomaster_msgs/action/detail/gripper_control__builder.hpp\n'}
[412.141718] (robomaster_msgs) StdoutLine: {'line': b'-- Installing: /home/cricchetto/Robomaster_WS/install/robomaster_msgs/include/robomaster_msgs/robomaster_msgs/action/detail/gripper_control__traits.hpp\n'}
[412.143092] (robomaster_msgs) StdoutLine: {'line': b'-- Installing: /home/cricchetto/Robomaster_WS/install/robomaster_msgs/include/robomaster_msgs/robomaster_msgs/action/move_gimbal.hpp\n'}
[412.144108] (robomaster_msgs) StdoutLine: {'line': b'-- Up-to-date: /home/cricchetto/Robomaster_WS/install/robomaster_msgs/include/robomaster_msgs/robomaster_msgs/msg\n'}
[412.144838] (robomaster_msgs) StdoutLine: {'line': b'-- Installing: /home/cricchetto/Robomaster_WS/install/robomaster_msgs/include/robomaster_msgs/robomaster_msgs/msg/detected_marker.hpp\n'}
[412.145987] (robomaster_msgs) StdoutLine: {'line': b'-- Installing: /home/cricchetto/Robomaster_WS/install/robomaster_msgs/include/robomaster_msgs/robomaster_msgs/msg/region_of_interest.hpp\n'}
[412.147059] (robomaster_msgs) StdoutLine: {'line': b'-- Installing: /home/cricchetto/Robomaster_WS/install/robomaster_msgs/include/robomaster_msgs/robomaster_msgs/msg/h264_packet.hpp\n'}
[412.148277] (robomaster_msgs) StdoutLine: {'line': b'-- Installing: /home/cricchetto/Robomaster_WS/install/robomaster_msgs/include/robomaster_msgs/robomaster_msgs/msg/servo_raw_state.hpp\n'}
[412.149339] (robomaster_msgs) StdoutLine: {'line': b'-- Installing: /home/cricchetto/Robomaster_WS/install/robomaster_msgs/include/robomaster_msgs/robomaster_msgs/msg/mode.hpp\n'}
[412.150343] (robomaster_msgs) StdoutLine: {'line': b'-- Installing: /home/cricchetto/Robomaster_WS/install/robomaster_msgs/include/robomaster_msgs/robomaster_msgs/msg/audio_opus.hpp\n'}
[412.151390] (robomaster_msgs) StdoutLine: {'line': b'-- Installing: /home/cricchetto/Robomaster_WS/install/robomaster_msgs/include/robomaster_msgs/robomaster_msgs/msg/gimbal_command.hpp\n'}
[412.152503] (robomaster_msgs) StdoutLine: {'line': b'-- Installing: /home/cricchetto/Robomaster_WS/install/robomaster_msgs/include/robomaster_msgs/robomaster_msgs/msg/sensor_adapter.hpp\n'}
[412.153529] (robomaster_msgs) StdoutLine: {'line': b'-- Installing: /home/cricchetto/Robomaster_WS/install/robomaster_msgs/include/robomaster_msgs/robomaster_msgs/msg/pwm.hpp\n'}
[412.154558] (robomaster_msgs) StdoutLine: {'line': b'-- Installing: /home/cricchetto/Robomaster_WS/install/robomaster_msgs/include/robomaster_msgs/robomaster_msgs/msg/s_bus.hpp\n'}
[412.155562] (robomaster_msgs) StdoutLine: {'line': b'-- Installing: /home/cricchetto/Robomaster_WS/install/robomaster_msgs/include/robomaster_msgs/robomaster_msgs/msg/detected_line.hpp\n'}
[412.156640] (robomaster_msgs) StdoutLine: {'line': b'-- Installing: /home/cricchetto/Robomaster_WS/install/robomaster_msgs/include/robomaster_msgs/robomaster_msgs/msg/chassis_status.hpp\n'}
[412.157700] (robomaster_msgs) StdoutLine: {'line': b'-- Installing: /home/cricchetto/Robomaster_WS/install/robomaster_msgs/include/robomaster_msgs/robomaster_msgs/msg/led_effect.hpp\n'}
[412.158756] (robomaster_msgs) StdoutLine: {'line': b'-- Installing: /home/cricchetto/Robomaster_WS/install/robomaster_msgs/include/robomaster_msgs/robomaster_msgs/msg/detected_person.hpp\n'}
[412.159964] (robomaster_msgs) StdoutLine: {'line': b'-- Installing: /home/cricchetto/Robomaster_WS/install/robomaster_msgs/include/robomaster_msgs/robomaster_msgs/msg/wheel_speeds.hpp\n'}
[412.161024] (robomaster_msgs) StdoutLine: {'line': b'-- Installing: /home/cricchetto/Robomaster_WS/install/robomaster_msgs/include/robomaster_msgs/robomaster_msgs/msg/detected_gesture.hpp\n'}
[412.162083] (robomaster_msgs) StdoutLine: {'line': b'-- Installing: /home/cricchetto/Robomaster_WS/install/robomaster_msgs/include/robomaster_msgs/robomaster_msgs/msg/detected_robot.hpp\n'}
[412.163139] (robomaster_msgs) StdoutLine: {'line': b'-- Installing: /home/cricchetto/Robomaster_WS/install/robomaster_msgs/include/robomaster_msgs/robomaster_msgs/msg/speaker_command.hpp\n'}
[412.164230] (robomaster_msgs) StdoutLine: {'line': b'-- Installing: /home/cricchetto/Robomaster_WS/install/robomaster_msgs/include/robomaster_msgs/robomaster_msgs/msg/serial.hpp\n'}
[412.165262] (robomaster_msgs) StdoutLine: {'line': b'-- Installing: /home/cricchetto/Robomaster_WS/install/robomaster_msgs/include/robomaster_msgs/robomaster_msgs/msg/audio_level.hpp\n'}
[412.166342] (robomaster_msgs) StdoutLine: {'line': b'-- Installing: /home/cricchetto/Robomaster_WS/install/robomaster_msgs/include/robomaster_msgs/robomaster_msgs/msg/armor_hit.hpp\n'}
[412.167373] (robomaster_msgs) StdoutLine: {'line': b'-- Installing: /home/cricchetto/Robomaster_WS/install/robomaster_msgs/include/robomaster_msgs/robomaster_msgs/msg/gripper_state.hpp\n'}
[412.168557] (robomaster_msgs) StdoutLine: {'line': b'-- Installing: /home/cricchetto/Robomaster_WS/install/robomaster_msgs/include/robomaster_msgs/robomaster_msgs/msg/audio_data.hpp\n'}
[412.169518] (robomaster_msgs) StdoutLine: {'line': b'-- Up-to-date: /home/cricchetto/Robomaster_WS/install/robomaster_msgs/include/robomaster_msgs/robomaster_msgs/msg/detail\n'}
[412.171026] (robomaster_msgs) StdoutLine: {'line': b'-- Installing: /home/cricchetto/Robomaster_WS/install/robomaster_msgs/include/robomaster_msgs/robomaster_msgs/msg/detail/audio_data__traits.hpp\n'}
[412.172283] (robomaster_msgs) StdoutLine: {'line': b'-- Installing: /home/cricchetto/Robomaster_WS/install/robomaster_msgs/include/robomaster_msgs/robomaster_msgs/msg/detail/mode__traits.hpp\n'}
[412.173398] (robomaster_msgs) StdoutLine: {'line': b'-- Installing: /home/cricchetto/Robomaster_WS/install/robomaster_msgs/include/robomaster_msgs/robomaster_msgs/msg/detail/serial__struct.hpp\n'}
[412.174553] (robomaster_msgs) StdoutLine: {'line': b'-- Installing: /home/cricchetto/Robomaster_WS/install/robomaster_msgs/include/robomaster_msgs/robomaster_msgs/msg/detail/detected_person__builder.hpp\n'}
[412.175749] (robomaster_msgs) StdoutLine: {'line': b'-- Installing: /home/cricchetto/Robomaster_WS/install/robomaster_msgs/include/robomaster_msgs/robomaster_msgs/msg/detail/speaker_command__builder.hpp\n'}
[412.177081] (robomaster_msgs) StdoutLine: {'line': b'-- Installing: /home/cricchetto/Robomaster_WS/install/robomaster_msgs/include/robomaster_msgs/robomaster_msgs/msg/detail/detection__struct.hpp\n'}
[412.178243] (robomaster_msgs) StdoutLine: {'line': b'-- Installing: /home/cricchetto/Robomaster_WS/install/robomaster_msgs/include/robomaster_msgs/robomaster_msgs/msg/detail/detected_gesture__struct.hpp\n'}
[412.179430] (robomaster_msgs) StdoutLine: {'line': b'-- Installing: /home/cricchetto/Robomaster_WS/install/robomaster_msgs/include/robomaster_msgs/robomaster_msgs/msg/detail/detected_robot__builder.hpp\n'}
[412.180640] (robomaster_msgs) StdoutLine: {'line': b'-- Installing: /home/cricchetto/Robomaster_WS/install/robomaster_msgs/include/robomaster_msgs/robomaster_msgs/msg/detail/audio_level__traits.hpp\n'}
[412.181798] (robomaster_msgs) StdoutLine: {'line': b'-- Installing: /home/cricchetto/Robomaster_WS/install/robomaster_msgs/include/robomaster_msgs/robomaster_msgs/msg/detail/led_effect__type_support.hpp\n'}
[412.182947] (robomaster_msgs) StdoutLine: {'line': b'-- Installing: /home/cricchetto/Robomaster_WS/install/robomaster_msgs/include/robomaster_msgs/robomaster_msgs/msg/detail/chassis_status__traits.hpp\n'}
[412.184179] (robomaster_msgs) StdoutLine: {'line': b'-- Installing: /home/cricchetto/Robomaster_WS/install/robomaster_msgs/include/robomaster_msgs/robomaster_msgs/msg/detail/detected_gesture__type_support.hpp\n'}
[412.185360] (robomaster_msgs) StdoutLine: {'line': b'-- Installing: /home/cricchetto/Robomaster_WS/install/robomaster_msgs/include/robomaster_msgs/robomaster_msgs/msg/detail/wheel_speeds__traits.hpp\n'}
[412.186550] (robomaster_msgs) StdoutLine: {'line': b'-- Installing: /home/cricchetto/Robomaster_WS/install/robomaster_msgs/include/robomaster_msgs/robomaster_msgs/msg/detail/wheel_speeds__type_support.hpp\n'}
[412.187761] (robomaster_msgs) StdoutLine: {'line': b'-- Installing: /home/cricchetto/Robomaster_WS/install/robomaster_msgs/include/robomaster_msgs/robomaster_msgs/msg/detail/region_of_interest__struct.hpp\n'}
[412.188982] (robomaster_msgs) StdoutLine: {'line': b'-- Installing: /home/cricchetto/Robomaster_WS/install/robomaster_msgs/include/robomaster_msgs/robomaster_msgs/msg/detail/detected_line__type_support.hpp\n'}
[412.190175] (robomaster_msgs) StdoutLine: {'line': b'-- Installing: /home/cricchetto/Robomaster_WS/install/robomaster_msgs/include/robomaster_msgs/robomaster_msgs/msg/detail/serial__builder.hpp\n'}
[412.191348] (robomaster_msgs) StdoutLine: {'line': b'-- Installing: /home/cricchetto/Robomaster_WS/install/robomaster_msgs/include/robomaster_msgs/robomaster_msgs/msg/detail/detected_line__traits.hpp\n'}
[412.192526] (robomaster_msgs) StdoutLine: {'line': b'-- Installing: /home/cricchetto/Robomaster_WS/install/robomaster_msgs/include/robomaster_msgs/robomaster_msgs/msg/detail/detected_robot__traits.hpp\n'}
[412.193666] (robomaster_msgs) StdoutLine: {'line': b'-- Installing: /home/cricchetto/Robomaster_WS/install/robomaster_msgs/include/robomaster_msgs/robomaster_msgs/msg/detail/wheel_speeds__struct.hpp\n'}
[412.194824] (robomaster_msgs) StdoutLine: {'line': b'-- Installing: /home/cricchetto/Robomaster_WS/install/robomaster_msgs/include/robomaster_msgs/robomaster_msgs/msg/detail/audio_level__builder.hpp\n'}
[412.196083] (robomaster_msgs) StdoutLine: {'line': b'-- Installing: /home/cricchetto/Robomaster_WS/install/robomaster_msgs/include/robomaster_msgs/robomaster_msgs/msg/detail/audio_level__type_support.hpp\n'}
[412.197429] (robomaster_msgs) StdoutLine: {'line': b'-- Installing: /home/cricchetto/Robomaster_WS/install/robomaster_msgs/include/robomaster_msgs/robomaster_msgs/msg/detail/region_of_interest__type_support.hpp\n'}
[412.198612] (robomaster_msgs) StdoutLine: {'line': b'-- Installing: /home/cricchetto/Robomaster_WS/install/robomaster_msgs/include/robomaster_msgs/robomaster_msgs/msg/detail/servo_command__struct.hpp\n'}
[412.199804] (robomaster_msgs) StdoutLine: {'line': b'-- Installing: /home/cricchetto/Robomaster_WS/install/robomaster_msgs/include/robomaster_msgs/robomaster_msgs/msg/detail/servo_raw_state__builder.hpp\n'}
[412.200975] (robomaster_msgs) StdoutLine: {'line': b'-- Installing: /home/cricchetto/Robomaster_WS/install/robomaster_msgs/include/robomaster_msgs/robomaster_msgs/msg/detail/armor_hit__struct.hpp\n'}
[412.202134] (robomaster_msgs) StdoutLine: {'line': b'-- Installing: /home/cricchetto/Robomaster_WS/install/robomaster_msgs/include/robomaster_msgs/robomaster_msgs/msg/detail/sensor_adapter__type_support.hpp\n'}
[412.203283] (robomaster_msgs) StdoutLine: {'line': b'-- Installing: /home/cricchetto/Robomaster_WS/install/robomaster_msgs/include/robomaster_msgs/robomaster_msgs/msg/detail/pwm__builder.hpp\n'}
[412.204517] (robomaster_msgs) StdoutLine: {'line': b'-- Installing: /home/cricchetto/Robomaster_WS/install/robomaster_msgs/include/robomaster_msgs/robomaster_msgs/msg/detail/mode__struct.hpp\n'}
[412.205696] (robomaster_msgs) StdoutLine: {'line': b'-- Installing: /home/cricchetto/Robomaster_WS/install/robomaster_msgs/include/robomaster_msgs/robomaster_msgs/msg/detail/speaker_command__type_support.hpp\n'}
[412.206857] (robomaster_msgs) StdoutLine: {'line': b'-- Installing: /home/cricchetto/Robomaster_WS/install/robomaster_msgs/include/robomaster_msgs/robomaster_msgs/msg/detail/armor_hit__builder.hpp\n'}
[412.208043] (robomaster_msgs) StdoutLine: {'line': b'-- Installing: /home/cricchetto/Robomaster_WS/install/robomaster_msgs/include/robomaster_msgs/robomaster_msgs/msg/detail/detected_gesture__builder.hpp\n'}
[412.209220] (robomaster_msgs) StdoutLine: {'line': b'-- Installing: /home/cricchetto/Robomaster_WS/install/robomaster_msgs/include/robomaster_msgs/robomaster_msgs/msg/detail/audio_data__builder.hpp\n'}
[412.209555] (-) TimerEvent: {}
[412.210410] (robomaster_msgs) StdoutLine: {'line': b'-- Installing: /home/cricchetto/Robomaster_WS/install/robomaster_msgs/include/robomaster_msgs/robomaster_msgs/msg/detail/gimbal_command__traits.hpp\n'}
[412.211641] (robomaster_msgs) StdoutLine: {'line': b'-- Installing: /home/cricchetto/Robomaster_WS/install/robomaster_msgs/include/robomaster_msgs/robomaster_msgs/msg/detail/gripper_state__traits.hpp\n'}
[412.213047] (robomaster_msgs) StdoutLine: {'line': b'-- Installing: /home/cricchetto/Robomaster_WS/install/robomaster_msgs/include/robomaster_msgs/robomaster_msgs/msg/detail/mode__type_support.hpp\n'}
[412.214237] (robomaster_msgs) StdoutLine: {'line': b'-- Installing: /home/cricchetto/Robomaster_WS/install/robomaster_msgs/include/robomaster_msgs/robomaster_msgs/msg/detail/h264_packet__struct.hpp\n'}
[412.215412] (robomaster_msgs) StdoutLine: {'line': b'-- Installing: /home/cricchetto/Robomaster_WS/install/robomaster_msgs/include/robomaster_msgs/robomaster_msgs/msg/detail/sensor_adapter__builder.hpp\n'}
[412.216613] (robomaster_msgs) StdoutLine: {'line': b'-- Installing: /home/cricchetto/Robomaster_WS/install/robomaster_msgs/include/robomaster_msgs/robomaster_msgs/msg/detail/audio_level__struct.hpp\n'}
[412.217776] (robomaster_msgs) StdoutLine: {'line': b'-- Installing: /home/cricchetto/Robomaster_WS/install/robomaster_msgs/include/robomaster_msgs/robomaster_msgs/msg/detail/audio_opus__traits.hpp\n'}
[412.218923] (robomaster_msgs) StdoutLine: {'line': b'-- Installing: /home/cricchetto/Robomaster_WS/install/robomaster_msgs/include/robomaster_msgs/robomaster_msgs/msg/detail/led_effect__struct.hpp\n'}
[412.220300] (robomaster_msgs) StdoutLine: {'line': b'-- Installing: /home/cricchetto/Robomaster_WS/install/robomaster_msgs/include/robomaster_msgs/robomaster_msgs/msg/detail/detected_robot__struct.hpp\n'}
[412.221418] (robomaster_msgs) StdoutLine: {'line': b'-- Installing: /home/cricchetto/Robomaster_WS/install/robomaster_msgs/include/robomaster_msgs/robomaster_msgs/msg/detail/sensor_adapter__traits.hpp\n'}
[412.222591] (robomaster_msgs) StdoutLine: {'line': b'-- Installing: /home/cricchetto/Robomaster_WS/install/robomaster_msgs/include/robomaster_msgs/robomaster_msgs/msg/detail/serial__traits.hpp\n'}
[412.223755] (robomaster_msgs) StdoutLine: {'line': b'-- Installing: /home/cricchetto/Robomaster_WS/install/robomaster_msgs/include/robomaster_msgs/robomaster_msgs/msg/detail/gimbal_command__builder.hpp\n'}
[412.224962] (robomaster_msgs) StdoutLine: {'line': b'-- Installing: /home/cricchetto/Robomaster_WS/install/robomaster_msgs/include/robomaster_msgs/robomaster_msgs/msg/detail/audio_opus__struct.hpp\n'}
[412.226125] (robomaster_msgs) StdoutLine: {'line': b'-- Installing: /home/cricchetto/Robomaster_WS/install/robomaster_msgs/include/robomaster_msgs/robomaster_msgs/msg/detail/blaster_led__type_support.hpp\n'}
[412.227266] (robomaster_msgs) StdoutLine: {'line': b'-- Installing: /home/cricchetto/Robomaster_WS/install/robomaster_msgs/include/robomaster_msgs/robomaster_msgs/msg/detail/sensor_adapter__struct.hpp\n'}
[412.228493] (robomaster_msgs) StdoutLine: {'line': b'-- Installing: /home/cricchetto/Robomaster_WS/install/robomaster_msgs/include/robomaster_msgs/robomaster_msgs/msg/detail/servo_raw_state__type_support.hpp\n'}
[412.229703] (robomaster_msgs) StdoutLine: {'line': b'-- Installing: /home/cricchetto/Robomaster_WS/install/robomaster_msgs/include/robomaster_msgs/robomaster_msgs/msg/detail/detection__traits.hpp\n'}
[412.230888] (robomaster_msgs) StdoutLine: {'line': b'-- Installing: /home/cricchetto/Robomaster_WS/install/robomaster_msgs/include/robomaster_msgs/robomaster_msgs/msg/detail/region_of_interest__traits.hpp\n'}
[412.232076] (robomaster_msgs) StdoutLine: {'line': b'-- Installing: /home/cricchetto/Robomaster_WS/install/robomaster_msgs/include/robomaster_msgs/robomaster_msgs/msg/detail/servo_command__builder.hpp\n'}
[412.233227] (robomaster_msgs) StdoutLine: {'line': b'-- Installing: /home/cricchetto/Robomaster_WS/install/robomaster_msgs/include/robomaster_msgs/robomaster_msgs/msg/detail/audio_data__struct.hpp\n'}
[412.234424] (robomaster_msgs) StdoutLine: {'line': b'-- Installing: /home/cricchetto/Robomaster_WS/install/robomaster_msgs/include/robomaster_msgs/robomaster_msgs/msg/detail/detected_marker__traits.hpp\n'}
[412.235581] (robomaster_msgs) StdoutLine: {'line': b'-- Installing: /home/cricchetto/Robomaster_WS/install/robomaster_msgs/include/robomaster_msgs/robomaster_msgs/msg/detail/h264_packet__traits.hpp\n'}
[412.236783] (robomaster_msgs) StdoutLine: {'line': b'-- Installing: /home/cricchetto/Robomaster_WS/install/robomaster_msgs/include/robomaster_msgs/robomaster_msgs/msg/detail/gimbal_command__struct.hpp\n'}
[412.237949] (robomaster_msgs) StdoutLine: {'line': b'-- Installing: /home/cricchetto/Robomaster_WS/install/robomaster_msgs/include/robomaster_msgs/robomaster_msgs/msg/detail/led_effect__builder.hpp\n'}
[412.239100] (robomaster_msgs) StdoutLine: {'line': b'-- Installing: /home/cricchetto/Robomaster_WS/install/robomaster_msgs/include/robomaster_msgs/robomaster_msgs/msg/detail/detected_marker__type_support.hpp\n'}
[412.240369] (robomaster_msgs) StdoutLine: {'line': b'-- Installing: /home/cricchetto/Robomaster_WS/install/robomaster_msgs/include/robomaster_msgs/robomaster_msgs/msg/detail/armor_hit__traits.hpp\n'}
[412.241519] (robomaster_msgs) StdoutLine: {'line': b'-- Installing: /home/cricchetto/Robomaster_WS/install/robomaster_msgs/include/robomaster_msgs/robomaster_msgs/msg/detail/detection__type_support.hpp\n'}
[412.242654] (robomaster_msgs) StdoutLine: {'line': b'-- Installing: /home/cricchetto/Robomaster_WS/install/robomaster_msgs/include/robomaster_msgs/robomaster_msgs/msg/detail/chassis_status__type_support.hpp\n'}
[412.243913] (robomaster_msgs) StdoutLine: {'line': b'-- Installing: /home/cricchetto/Robomaster_WS/install/robomaster_msgs/include/robomaster_msgs/robomaster_msgs/msg/detail/speaker_command__struct.hpp\n'}
[412.245110] (robomaster_msgs) StdoutLine: {'line': b'-- Installing: /home/cricchetto/Robomaster_WS/install/robomaster_msgs/include/robomaster_msgs/robomaster_msgs/msg/detail/blaster_led__struct.hpp\n'}
[412.246259] (robomaster_msgs) StdoutLine: {'line': b'-- Installing: /home/cricchetto/Robomaster_WS/install/robomaster_msgs/include/robomaster_msgs/robomaster_msgs/msg/detail/gripper_state__type_support.hpp\n'}
[412.247409] (robomaster_msgs) StdoutLine: {'line': b'-- Installing: /home/cricchetto/Robomaster_WS/install/robomaster_msgs/include/robomaster_msgs/robomaster_msgs/msg/detail/pwm__traits.hpp\n'}
[412.248576] (robomaster_msgs) StdoutLine: {'line': b'-- Installing: /home/cricchetto/Robomaster_WS/install/robomaster_msgs/include/robomaster_msgs/robomaster_msgs/msg/detail/servo_raw_state__struct.hpp\n'}
[412.249796] (robomaster_msgs) StdoutLine: {'line': b'-- Installing: /home/cricchetto/Robomaster_WS/install/robomaster_msgs/include/robomaster_msgs/robomaster_msgs/msg/detail/speaker_command__traits.hpp\n'}
[412.250920] (robomaster_msgs) StdoutLine: {'line': b'-- Installing: /home/cricchetto/Robomaster_WS/install/robomaster_msgs/include/robomaster_msgs/robomaster_msgs/msg/detail/s_bus__builder.hpp\n'}
[412.252132] (robomaster_msgs) StdoutLine: {'line': b'-- Installing: /home/cricchetto/Robomaster_WS/install/robomaster_msgs/include/robomaster_msgs/robomaster_msgs/msg/detail/audio_opus__type_support.hpp\n'}
[412.253319] (robomaster_msgs) StdoutLine: {'line': b'-- Installing: /home/cricchetto/Robomaster_WS/install/robomaster_msgs/include/robomaster_msgs/robomaster_msgs/msg/detail/camera_config__type_support.hpp\n'}
[412.254487] (robomaster_msgs) StdoutLine: {'line': b'-- Installing: /home/cricchetto/Robomaster_WS/install/robomaster_msgs/include/robomaster_msgs/robomaster_msgs/msg/detail/camera_config__struct.hpp\n'}
[412.255617] (robomaster_msgs) StdoutLine: {'line': b'-- Installing: /home/cricchetto/Robomaster_WS/install/robomaster_msgs/include/robomaster_msgs/robomaster_msgs/msg/detail/pwm__struct.hpp\n'}
[412.256909] (robomaster_msgs) StdoutLine: {'line': b'-- Installing: /home/cricchetto/Robomaster_WS/install/robomaster_msgs/include/robomaster_msgs/robomaster_msgs/msg/detail/serial__type_support.hpp\n'}
[412.258043] (robomaster_msgs) StdoutLine: {'line': b'-- Installing: /home/cricchetto/Robomaster_WS/install/robomaster_msgs/include/robomaster_msgs/robomaster_msgs/msg/detail/h264_packet__type_support.hpp\n'}
[412.259177] (robomaster_msgs) StdoutLine: {'line': b'-- Installing: /home/cricchetto/Robomaster_WS/install/robomaster_msgs/include/robomaster_msgs/robomaster_msgs/msg/detail/mode__builder.hpp\n'}
[412.260346] (robomaster_msgs) StdoutLine: {'line': b'-- Installing: /home/cricchetto/Robomaster_WS/install/robomaster_msgs/include/robomaster_msgs/robomaster_msgs/msg/detail/detected_gesture__traits.hpp\n'}
[412.261514] (robomaster_msgs) StdoutLine: {'line': b'-- Installing: /home/cricchetto/Robomaster_WS/install/robomaster_msgs/include/robomaster_msgs/robomaster_msgs/msg/detail/audio_data__type_support.hpp\n'}
[412.262715] (robomaster_msgs) StdoutLine: {'line': b'-- Installing: /home/cricchetto/Robomaster_WS/install/robomaster_msgs/include/robomaster_msgs/robomaster_msgs/msg/detail/wheel_speeds__builder.hpp\n'}
[412.264125] (robomaster_msgs) StdoutLine: {'line': b'-- Installing: /home/cricchetto/Robomaster_WS/install/robomaster_msgs/include/robomaster_msgs/robomaster_msgs/msg/detail/gripper_state__struct.hpp\n'}
[412.265322] (robomaster_msgs) StdoutLine: {'line': b'-- Installing: /home/cricchetto/Robomaster_WS/install/robomaster_msgs/include/robomaster_msgs/robomaster_msgs/msg/detail/audio_opus__builder.hpp\n'}
[412.266472] (robomaster_msgs) StdoutLine: {'line': b'-- Installing: /home/cricchetto/Robomaster_WS/install/robomaster_msgs/include/robomaster_msgs/robomaster_msgs/msg/detail/h264_packet__builder.hpp\n'}
[412.267593] (robomaster_msgs) StdoutLine: {'line': b'-- Installing: /home/cricchetto/Robomaster_WS/install/robomaster_msgs/include/robomaster_msgs/robomaster_msgs/msg/detail/chassis_status__struct.hpp\n'}
[412.268839] (robomaster_msgs) StdoutLine: {'line': b'-- Installing: /home/cricchetto/Robomaster_WS/install/robomaster_msgs/include/robomaster_msgs/robomaster_msgs/msg/detail/servo_raw_state__traits.hpp\n'}
[412.270034] (robomaster_msgs) StdoutLine: {'line': b'-- Installing: /home/cricchetto/Robomaster_WS/install/robomaster_msgs/include/robomaster_msgs/robomaster_msgs/msg/detail/detected_marker__builder.hpp\n'}
[412.271176] (robomaster_msgs) StdoutLine: {'line': b'-- Installing: /home/cricchetto/Robomaster_WS/install/robomaster_msgs/include/robomaster_msgs/robomaster_msgs/msg/detail/servo_command__traits.hpp\n'}
[412.272355] (robomaster_msgs) StdoutLine: {'line': b'-- Installing: /home/cricchetto/Robomaster_WS/install/robomaster_msgs/include/robomaster_msgs/robomaster_msgs/msg/detail/blaster_led__traits.hpp\n'}
[412.273529] (robomaster_msgs) StdoutLine: {'line': b'-- Installing: /home/cricchetto/Robomaster_WS/install/robomaster_msgs/include/robomaster_msgs/robomaster_msgs/msg/detail/detected_robot__type_support.hpp\n'}
[412.274684] (robomaster_msgs) StdoutLine: {'line': b'-- Installing: /home/cricchetto/Robomaster_WS/install/robomaster_msgs/include/robomaster_msgs/robomaster_msgs/msg/detail/s_bus__type_support.hpp\n'}
[412.275851] (robomaster_msgs) StdoutLine: {'line': b'-- Installing: /home/cricchetto/Robomaster_WS/install/robomaster_msgs/include/robomaster_msgs/robomaster_msgs/msg/detail/detected_marker__struct.hpp\n'}
[412.277065] (robomaster_msgs) StdoutLine: {'line': b'-- Installing: /home/cricchetto/Robomaster_WS/install/robomaster_msgs/include/robomaster_msgs/robomaster_msgs/msg/detail/pwm__type_support.hpp\n'}
[412.278174] (robomaster_msgs) StdoutLine: {'line': b'-- Installing: /home/cricchetto/Robomaster_WS/install/robomaster_msgs/include/robomaster_msgs/robomaster_msgs/msg/detail/detection__builder.hpp\n'}
[412.279332] (robomaster_msgs) StdoutLine: {'line': b'-- Installing: /home/cricchetto/Robomaster_WS/install/robomaster_msgs/include/robomaster_msgs/robomaster_msgs/msg/detail/detected_line__struct.hpp\n'}
[412.280782] (robomaster_msgs) StdoutLine: {'line': b'-- Installing: /home/cricchetto/Robomaster_WS/install/robomaster_msgs/include/robomaster_msgs/robomaster_msgs/msg/detail/chassis_status__builder.hpp\n'}
[412.281996] (robomaster_msgs) StdoutLine: {'line': b'-- Installing: /home/cricchetto/Robomaster_WS/install/robomaster_msgs/include/robomaster_msgs/robomaster_msgs/msg/detail/armor_hit__type_support.hpp\n'}
[412.283141] (robomaster_msgs) StdoutLine: {'line': b'-- Installing: /home/cricchetto/Robomaster_WS/install/robomaster_msgs/include/robomaster_msgs/robomaster_msgs/msg/detail/camera_config__builder.hpp\n'}
[412.284324] (robomaster_msgs) StdoutLine: {'line': b'-- Installing: /home/cricchetto/Robomaster_WS/install/robomaster_msgs/include/robomaster_msgs/robomaster_msgs/msg/detail/servo_command__type_support.hpp\n'}
[412.285492] (robomaster_msgs) StdoutLine: {'line': b'-- Installing: /home/cricchetto/Robomaster_WS/install/robomaster_msgs/include/robomaster_msgs/robomaster_msgs/msg/detail/led_effect__traits.hpp\n'}
[412.286683] (robomaster_msgs) StdoutLine: {'line': b'-- Installing: /home/cricchetto/Robomaster_WS/install/robomaster_msgs/include/robomaster_msgs/robomaster_msgs/msg/detail/detected_line__builder.hpp\n'}
[412.287905] (robomaster_msgs) StdoutLine: {'line': b'-- Installing: /home/cricchetto/Robomaster_WS/install/robomaster_msgs/include/robomaster_msgs/robomaster_msgs/msg/detail/detected_person__struct.hpp\n'}
[412.289054] (robomaster_msgs) StdoutLine: {'line': b'-- Installing: /home/cricchetto/Robomaster_WS/install/robomaster_msgs/include/robomaster_msgs/robomaster_msgs/msg/detail/s_bus__struct.hpp\n'}
[412.290190] (robomaster_msgs) StdoutLine: {'line': b'-- Installing: /home/cricchetto/Robomaster_WS/install/robomaster_msgs/include/robomaster_msgs/robomaster_msgs/msg/detail/gripper_state__builder.hpp\n'}
[412.291338] (robomaster_msgs) StdoutLine: {'line': b'-- Installing: /home/cricchetto/Robomaster_WS/install/robomaster_msgs/include/robomaster_msgs/robomaster_msgs/msg/detail/gimbal_command__type_support.hpp\n'}
[412.292553] (robomaster_msgs) StdoutLine: {'line': b'-- Installing: /home/cricchetto/Robomaster_WS/install/robomaster_msgs/include/robomaster_msgs/robomaster_msgs/msg/detail/camera_config__traits.hpp\n'}
[412.293706] (robomaster_msgs) StdoutLine: {'line': b'-- Installing: /home/cricchetto/Robomaster_WS/install/robomaster_msgs/include/robomaster_msgs/robomaster_msgs/msg/detail/detected_person__traits.hpp\n'}
[412.294870] (robomaster_msgs) StdoutLine: {'line': b'-- Installing: /home/cricchetto/Robomaster_WS/install/robomaster_msgs/include/robomaster_msgs/robomaster_msgs/msg/detail/detected_person__type_support.hpp\n'}
[412.296060] (robomaster_msgs) StdoutLine: {'line': b'-- Installing: /home/cricchetto/Robomaster_WS/install/robomaster_msgs/include/robomaster_msgs/robomaster_msgs/msg/detail/region_of_interest__builder.hpp\n'}
[412.297221] (robomaster_msgs) StdoutLine: {'line': b'-- Installing: /home/cricchetto/Robomaster_WS/install/robomaster_msgs/include/robomaster_msgs/robomaster_msgs/msg/detail/s_bus__traits.hpp\n'}
[412.298333] (robomaster_msgs) StdoutLine: {'line': b'-- Installing: /home/cricchetto/Robomaster_WS/install/robomaster_msgs/include/robomaster_msgs/robomaster_msgs/msg/detail/blaster_led__builder.hpp\n'}
[412.299467] (robomaster_msgs) StdoutLine: {'line': b'-- Installing: /home/cricchetto/Robomaster_WS/install/robomaster_msgs/include/robomaster_msgs/robomaster_msgs/msg/servo_command.hpp\n'}
[412.300670] (robomaster_msgs) StdoutLine: {'line': b'-- Installing: /home/cricchetto/Robomaster_WS/install/robomaster_msgs/include/robomaster_msgs/robomaster_msgs/msg/blaster_led.hpp\n'}
[412.301769] (robomaster_msgs) StdoutLine: {'line': b'-- Installing: /home/cricchetto/Robomaster_WS/install/robomaster_msgs/include/robomaster_msgs/robomaster_msgs/msg/rosidl_generator_cpp__visibility_control.hpp\n'}
[412.302924] (robomaster_msgs) StdoutLine: {'line': b'-- Installing: /home/cricchetto/Robomaster_WS/install/robomaster_msgs/include/robomaster_msgs/robomaster_msgs/msg/detection.hpp\n'}
[412.304277] (robomaster_msgs) StdoutLine: {'line': b'-- Installing: /home/cricchetto/Robomaster_WS/install/robomaster_msgs/include/robomaster_msgs/robomaster_msgs/msg/camera_config.hpp\n'}
[412.305275] (robomaster_msgs) StdoutLine: {'line': b'-- Up-to-date: /home/cricchetto/Robomaster_WS/install/robomaster_msgs/include/robomaster_msgs/robomaster_msgs/srv\n'}
[412.305745] (robomaster_msgs) StdoutLine: {'line': b'-- Installing: /home/cricchetto/Robomaster_WS/install/robomaster_msgs/include/robomaster_msgs/robomaster_msgs/srv/get_pulse.hpp\n'}
[412.306838] (robomaster_msgs) StdoutLine: {'line': b'-- Installing: /home/cricchetto/Robomaster_WS/install/robomaster_msgs/include/robomaster_msgs/robomaster_msgs/srv/get_adc.hpp\n'}
[412.307884] (robomaster_msgs) StdoutLine: {'line': b'-- Installing: /home/cricchetto/Robomaster_WS/install/robomaster_msgs/include/robomaster_msgs/robomaster_msgs/srv/get_servo_angle.hpp\n'}
[412.308877] (robomaster_msgs) StdoutLine: {'line': b'-- Up-to-date: /home/cricchetto/Robomaster_WS/install/robomaster_msgs/include/robomaster_msgs/robomaster_msgs/srv/detail\n'}
[412.309479] (robomaster_msgs) StdoutLine: {'line': b'-- Installing: /home/cricchetto/Robomaster_WS/install/robomaster_msgs/include/robomaster_msgs/robomaster_msgs/srv/detail/get_servo_angle__builder.hpp\n'}
[412.309821] (-) TimerEvent: {}
[412.310741] (robomaster_msgs) StdoutLine: {'line': b'-- Installing: /home/cricchetto/Robomaster_WS/install/robomaster_msgs/include/robomaster_msgs/robomaster_msgs/srv/detail/get_pulse__struct.hpp\n'}
[412.312098] (robomaster_msgs) StdoutLine: {'line': b'-- Installing: /home/cricchetto/Robomaster_WS/install/robomaster_msgs/include/robomaster_msgs/robomaster_msgs/srv/detail/get_adc__type_support.hpp\n'}
[412.313232] (robomaster_msgs) StdoutLine: {'line': b'-- Installing: /home/cricchetto/Robomaster_WS/install/robomaster_msgs/include/robomaster_msgs/robomaster_msgs/srv/detail/get_io__traits.hpp\n'}
[412.314390] (robomaster_msgs) StdoutLine: {'line': b'-- Installing: /home/cricchetto/Robomaster_WS/install/robomaster_msgs/include/robomaster_msgs/robomaster_msgs/srv/detail/get_io__struct.hpp\n'}
[412.315564] (robomaster_msgs) StdoutLine: {'line': b'-- Installing: /home/cricchetto/Robomaster_WS/install/robomaster_msgs/include/robomaster_msgs/robomaster_msgs/srv/detail/get_adc__traits.hpp\n'}
[412.316788] (robomaster_msgs) StdoutLine: {'line': b'-- Installing: /home/cricchetto/Robomaster_WS/install/robomaster_msgs/include/robomaster_msgs/robomaster_msgs/srv/detail/get_io__type_support.hpp\n'}
[412.317906] (robomaster_msgs) StdoutLine: {'line': b'-- Installing: /home/cricchetto/Robomaster_WS/install/robomaster_msgs/include/robomaster_msgs/robomaster_msgs/srv/detail/get_servo_angle__struct.hpp\n'}
[412.319088] (robomaster_msgs) StdoutLine: {'line': b'-- Installing: /home/cricchetto/Robomaster_WS/install/robomaster_msgs/include/robomaster_msgs/robomaster_msgs/srv/detail/get_servo_angle__traits.hpp\n'}
[412.320338] (robomaster_msgs) StdoutLine: {'line': b'-- Installing: /home/cricchetto/Robomaster_WS/install/robomaster_msgs/include/robomaster_msgs/robomaster_msgs/srv/detail/get_pulse__builder.hpp\n'}
[412.321501] (robomaster_msgs) StdoutLine: {'line': b'-- Installing: /home/cricchetto/Robomaster_WS/install/robomaster_msgs/include/robomaster_msgs/robomaster_msgs/srv/detail/get_io__builder.hpp\n'}
[412.322606] (robomaster_msgs) StdoutLine: {'line': b'-- Installing: /home/cricchetto/Robomaster_WS/install/robomaster_msgs/include/robomaster_msgs/robomaster_msgs/srv/detail/get_pulse__type_support.hpp\n'}
[412.323767] (robomaster_msgs) StdoutLine: {'line': b'-- Installing: /home/cricchetto/Robomaster_WS/install/robomaster_msgs/include/robomaster_msgs/robomaster_msgs/srv/detail/get_adc__builder.hpp\n'}
[412.324878] (robomaster_msgs) StdoutLine: {'line': b'-- Installing: /home/cricchetto/Robomaster_WS/install/robomaster_msgs/include/robomaster_msgs/robomaster_msgs/srv/detail/get_adc__struct.hpp\n'}
[412.326062] (robomaster_msgs) StdoutLine: {'line': b'-- Installing: /home/cricchetto/Robomaster_WS/install/robomaster_msgs/include/robomaster_msgs/robomaster_msgs/srv/detail/get_servo_angle__type_support.hpp\n'}
[412.327206] (robomaster_msgs) StdoutLine: {'line': b'-- Installing: /home/cricchetto/Robomaster_WS/install/robomaster_msgs/include/robomaster_msgs/robomaster_msgs/srv/detail/get_pulse__traits.hpp\n'}
[412.328521] (robomaster_msgs) StdoutLine: {'line': b'-- Installing: /home/cricchetto/Robomaster_WS/install/robomaster_msgs/include/robomaster_msgs/robomaster_msgs/srv/get_io.hpp\n'}
[412.329960] (robomaster_msgs) StdoutLine: {'line': b'-- Up-to-date: /home/cricchetto/Robomaster_WS/install/robomaster_msgs/include/robomaster_msgs/robomaster_msgs\n'}
[412.330436] (robomaster_msgs) StdoutLine: {'line': b'-- Up-to-date: /home/cricchetto/Robomaster_WS/install/robomaster_msgs/include/robomaster_msgs/robomaster_msgs/action\n'}
[412.330840] (robomaster_msgs) StdoutLine: {'line': b'-- Up-to-date: /home/cricchetto/Robomaster_WS/install/robomaster_msgs/include/robomaster_msgs/robomaster_msgs/action/detail\n'}
[412.331236] (robomaster_msgs) StdoutLine: {'line': b'-- Installing: /home/cricchetto/Robomaster_WS/install/robomaster_msgs/include/robomaster_msgs/robomaster_msgs/action/detail/dds_fastrtps\n'}
[412.332168] (robomaster_msgs) StdoutLine: {'line': b'-- Installing: /home/cricchetto/Robomaster_WS/install/robomaster_msgs/include/robomaster_msgs/robomaster_msgs/action/detail/gripper_control__rosidl_typesupport_fastrtps_cpp.hpp\n'}
[412.333898] (robomaster_msgs) StdoutLine: {'line': b'-- Installing: /home/cricchetto/Robomaster_WS/install/robomaster_msgs/include/robomaster_msgs/robomaster_msgs/action/detail/move_servo__rosidl_typesupport_fastrtps_cpp.hpp\n'}
[412.335301] (robomaster_msgs) StdoutLine: {'line': b'-- Installing: /home/cricchetto/Robomaster_WS/install/robomaster_msgs/include/robomaster_msgs/robomaster_msgs/action/detail/move__rosidl_typesupport_fastrtps_cpp.hpp\n'}
[412.336887] (robomaster_msgs) StdoutLine: {'line': b'-- Installing: /home/cricchetto/Robomaster_WS/install/robomaster_msgs/include/robomaster_msgs/robomaster_msgs/action/detail/play_sound__rosidl_typesupport_fastrtps_cpp.hpp\n'}
[412.338311] (robomaster_msgs) StdoutLine: {'line': b'-- Installing: /home/cricchetto/Robomaster_WS/install/robomaster_msgs/include/robomaster_msgs/robomaster_msgs/action/detail/move_gimbal__rosidl_typesupport_fastrtps_cpp.hpp\n'}
[412.339768] (robomaster_msgs) StdoutLine: {'line': b'-- Installing: /home/cricchetto/Robomaster_WS/install/robomaster_msgs/include/robomaster_msgs/robomaster_msgs/action/detail/recenter_gimbal__rosidl_typesupport_fastrtps_cpp.hpp\n'}
[412.341238] (robomaster_msgs) StdoutLine: {'line': b'-- Installing: /home/cricchetto/Robomaster_WS/install/robomaster_msgs/include/robomaster_msgs/robomaster_msgs/action/detail/move_arm__rosidl_typesupport_fastrtps_cpp.hpp\n'}
[412.342563] (robomaster_msgs) StdoutLine: {'line': b'-- Up-to-date: /home/cricchetto/Robomaster_WS/install/robomaster_msgs/include/robomaster_msgs/robomaster_msgs/msg\n'}
[412.343048] (robomaster_msgs) StdoutLine: {'line': b'-- Installing: /home/cricchetto/Robomaster_WS/install/robomaster_msgs/include/robomaster_msgs/robomaster_msgs/msg/rosidl_typesupport_fastrtps_cpp__visibility_control.h\n'}
[412.344261] (robomaster_msgs) StdoutLine: {'line': b'-- Up-to-date: /home/cricchetto/Robomaster_WS/install/robomaster_msgs/include/robomaster_msgs/robomaster_msgs/msg/detail\n'}
[412.345049] (robomaster_msgs) StdoutLine: {'line': b'-- Installing: /home/cricchetto/Robomaster_WS/install/robomaster_msgs/include/robomaster_msgs/robomaster_msgs/msg/detail/audio_level__rosidl_typesupport_fastrtps_cpp.hpp\n'}
[412.346369] (robomaster_msgs) StdoutLine: {'line': b'-- Installing: /home/cricchetto/Robomaster_WS/install/robomaster_msgs/include/robomaster_msgs/robomaster_msgs/msg/detail/pwm__rosidl_typesupport_fastrtps_cpp.hpp\n'}
[412.347515] (robomaster_msgs) StdoutLine: {'line': b'-- Installing: /home/cricchetto/Robomaster_WS/install/robomaster_msgs/include/robomaster_msgs/robomaster_msgs/msg/detail/dds_fastrtps\n'}
[412.348886] (robomaster_msgs) StdoutLine: {'line': b'-- Installing: /home/cricchetto/Robomaster_WS/install/robomaster_msgs/include/robomaster_msgs/robomaster_msgs/msg/detail/h264_packet__rosidl_typesupport_fastrtps_cpp.hpp\n'}
[412.350227] (robomaster_msgs) StdoutLine: {'line': b'-- Installing: /home/cricchetto/Robomaster_WS/install/robomaster_msgs/include/robomaster_msgs/robomaster_msgs/msg/detail/camera_config__rosidl_typesupport_fastrtps_cpp.hpp\n'}
[412.351493] (robomaster_msgs) StdoutLine: {'line': b'-- Installing: /home/cricchetto/Robomaster_WS/install/robomaster_msgs/include/robomaster_msgs/robomaster_msgs/msg/detail/chassis_status__rosidl_typesupport_fastrtps_cpp.hpp\n'}
[412.352822] (robomaster_msgs) StdoutLine: {'line': b'-- Installing: /home/cricchetto/Robomaster_WS/install/robomaster_msgs/include/robomaster_msgs/robomaster_msgs/msg/detail/mode__rosidl_typesupport_fastrtps_cpp.hpp\n'}
[412.354067] (robomaster_msgs) StdoutLine: {'line': b'-- Installing: /home/cricchetto/Robomaster_WS/install/robomaster_msgs/include/robomaster_msgs/robomaster_msgs/msg/detail/detected_gesture__rosidl_typesupport_fastrtps_cpp.hpp\n'}
[412.355364] (robomaster_msgs) StdoutLine: {'line': b'-- Installing: /home/cricchetto/Robomaster_WS/install/robomaster_msgs/include/robomaster_msgs/robomaster_msgs/msg/detail/gripper_state__rosidl_typesupport_fastrtps_cpp.hpp\n'}
[412.356738] (robomaster_msgs) StdoutLine: {'line': b'-- Installing: /home/cricchetto/Robomaster_WS/install/robomaster_msgs/include/robomaster_msgs/robomaster_msgs/msg/detail/gimbal_command__rosidl_typesupport_fastrtps_cpp.hpp\n'}
[412.358027] (robomaster_msgs) StdoutLine: {'line': b'-- Installing: /home/cricchetto/Robomaster_WS/install/robomaster_msgs/include/robomaster_msgs/robomaster_msgs/msg/detail/detected_marker__rosidl_typesupport_fastrtps_cpp.hpp\n'}
[412.359293] (robomaster_msgs) StdoutLine: {'line': b'-- Installing: /home/cricchetto/Robomaster_WS/install/robomaster_msgs/include/robomaster_msgs/robomaster_msgs/msg/detail/servo_command__rosidl_typesupport_fastrtps_cpp.hpp\n'}
[412.360612] (robomaster_msgs) StdoutLine: {'line': b'-- Installing: /home/cricchetto/Robomaster_WS/install/robomaster_msgs/include/robomaster_msgs/robomaster_msgs/msg/detail/detected_robot__rosidl_typesupport_fastrtps_cpp.hpp\n'}
[412.361885] (robomaster_msgs) StdoutLine: {'line': b'-- Installing: /home/cricchetto/Robomaster_WS/install/robomaster_msgs/include/robomaster_msgs/robomaster_msgs/msg/detail/detection__rosidl_typesupport_fastrtps_cpp.hpp\n'}
[412.363156] (robomaster_msgs) StdoutLine: {'line': b'-- Installing: /home/cricchetto/Robomaster_WS/install/robomaster_msgs/include/robomaster_msgs/robomaster_msgs/msg/detail/sensor_adapter__rosidl_typesupport_fastrtps_cpp.hpp\n'}
[412.364627] (robomaster_msgs) StdoutLine: {'line': b'-- Installing: /home/cricchetto/Robomaster_WS/install/robomaster_msgs/include/robomaster_msgs/robomaster_msgs/msg/detail/servo_raw_state__rosidl_typesupport_fastrtps_cpp.hpp\n'}
[412.365903] (robomaster_msgs) StdoutLine: {'line': b'-- Installing: /home/cricchetto/Robomaster_WS/install/robomaster_msgs/include/robomaster_msgs/robomaster_msgs/msg/detail/audio_opus__rosidl_typesupport_fastrtps_cpp.hpp\n'}
[412.367144] (robomaster_msgs) StdoutLine: {'line': b'-- Installing: /home/cricchetto/Robomaster_WS/install/robomaster_msgs/include/robomaster_msgs/robomaster_msgs/msg/detail/serial__rosidl_typesupport_fastrtps_cpp.hpp\n'}
[412.368436] (robomaster_msgs) StdoutLine: {'line': b'-- Installing: /home/cricchetto/Robomaster_WS/install/robomaster_msgs/include/robomaster_msgs/robomaster_msgs/msg/detail/audio_data__rosidl_typesupport_fastrtps_cpp.hpp\n'}
[412.369734] (robomaster_msgs) StdoutLine: {'line': b'-- Installing: /home/cricchetto/Robomaster_WS/install/robomaster_msgs/include/robomaster_msgs/robomaster_msgs/msg/detail/region_of_interest__rosidl_typesupport_fastrtps_cpp.hpp\n'}
[412.371021] (robomaster_msgs) StdoutLine: {'line': b'-- Installing: /home/cricchetto/Robomaster_WS/install/robomaster_msgs/include/robomaster_msgs/robomaster_msgs/msg/detail/detected_person__rosidl_typesupport_fastrtps_cpp.hpp\n'}
[412.372463] (robomaster_msgs) StdoutLine: {'line': b'-- Installing: /home/cricchetto/Robomaster_WS/install/robomaster_msgs/include/robomaster_msgs/robomaster_msgs/msg/detail/s_bus__rosidl_typesupport_fastrtps_cpp.hpp\n'}
[412.373718] (robomaster_msgs) StdoutLine: {'line': b'-- Installing: /home/cricchetto/Robomaster_WS/install/robomaster_msgs/include/robomaster_msgs/robomaster_msgs/msg/detail/led_effect__rosidl_typesupport_fastrtps_cpp.hpp\n'}
[412.374986] (robomaster_msgs) StdoutLine: {'line': b'-- Installing: /home/cricchetto/Robomaster_WS/install/robomaster_msgs/include/robomaster_msgs/robomaster_msgs/msg/detail/blaster_led__rosidl_typesupport_fastrtps_cpp.hpp\n'}
[412.376324] (robomaster_msgs) StdoutLine: {'line': b'-- Installing: /home/cricchetto/Robomaster_WS/install/robomaster_msgs/include/robomaster_msgs/robomaster_msgs/msg/detail/wheel_speeds__rosidl_typesupport_fastrtps_cpp.hpp\n'}
[412.377605] (robomaster_msgs) StdoutLine: {'line': b'-- Installing: /home/cricchetto/Robomaster_WS/install/robomaster_msgs/include/robomaster_msgs/robomaster_msgs/msg/detail/detected_line__rosidl_typesupport_fastrtps_cpp.hpp\n'}
[412.378869] (robomaster_msgs) StdoutLine: {'line': b'-- Installing: /home/cricchetto/Robomaster_WS/install/robomaster_msgs/include/robomaster_msgs/robomaster_msgs/msg/detail/speaker_command__rosidl_typesupport_fastrtps_cpp.hpp\n'}
[412.380260] (robomaster_msgs) StdoutLine: {'line': b'-- Installing: /home/cricchetto/Robomaster_WS/install/robomaster_msgs/include/robomaster_msgs/robomaster_msgs/msg/detail/armor_hit__rosidl_typesupport_fastrtps_cpp.hpp\n'}
[412.381404] (robomaster_msgs) StdoutLine: {'line': b'-- Up-to-date: /home/cricchetto/Robomaster_WS/install/robomaster_msgs/include/robomaster_msgs/robomaster_msgs/srv\n'}
[412.381833] (robomaster_msgs) StdoutLine: {'line': b'-- Up-to-date: /home/cricchetto/Robomaster_WS/install/robomaster_msgs/include/robomaster_msgs/robomaster_msgs/srv/detail\n'}
[412.382219] (robomaster_msgs) StdoutLine: {'line': b'-- Installing: /home/cricchetto/Robomaster_WS/install/robomaster_msgs/include/robomaster_msgs/robomaster_msgs/srv/detail/dds_fastrtps\n'}
[412.383048] (robomaster_msgs) StdoutLine: {'line': b'-- Installing: /home/cricchetto/Robomaster_WS/install/robomaster_msgs/include/robomaster_msgs/robomaster_msgs/srv/detail/get_adc__rosidl_typesupport_fastrtps_cpp.hpp\n'}
[412.384452] (robomaster_msgs) StdoutLine: {'line': b'-- Installing: /home/cricchetto/Robomaster_WS/install/robomaster_msgs/include/robomaster_msgs/robomaster_msgs/srv/detail/get_servo_angle__rosidl_typesupport_fastrtps_cpp.hpp\n'}
[412.385785] (robomaster_msgs) StdoutLine: {'line': b'-- Installing: /home/cricchetto/Robomaster_WS/install/robomaster_msgs/include/robomaster_msgs/robomaster_msgs/srv/detail/get_pulse__rosidl_typesupport_fastrtps_cpp.hpp\n'}
[412.387076] (robomaster_msgs) StdoutLine: {'line': b'-- Installing: /home/cricchetto/Robomaster_WS/install/robomaster_msgs/include/robomaster_msgs/robomaster_msgs/srv/detail/get_io__rosidl_typesupport_fastrtps_cpp.hpp\n'}
[412.388953] (robomaster_msgs) StdoutLine: {'line': b'-- Installing: /home/cricchetto/Robomaster_WS/install/robomaster_msgs/lib/librobomaster_msgs__rosidl_typesupport_fastrtps_cpp.so\n'}
[412.397387] (robomaster_msgs) StdoutLine: {'line': b'-- Set runtime path of "/home/cricchetto/Robomaster_WS/install/robomaster_msgs/lib/librobomaster_msgs__rosidl_typesupport_fastrtps_cpp.so" to ""\n'}
[412.397924] (robomaster_msgs) StdoutLine: {'line': b'-- Up-to-date: /home/cricchetto/Robomaster_WS/install/robomaster_msgs/include/robomaster_msgs/robomaster_msgs\n'}
[412.398336] (robomaster_msgs) StdoutLine: {'line': b'-- Up-to-date: /home/cricchetto/Robomaster_WS/install/robomaster_msgs/include/robomaster_msgs/robomaster_msgs/action\n'}
[412.398691] (robomaster_msgs) StdoutLine: {'line': b'-- Up-to-date: /home/cricchetto/Robomaster_WS/install/robomaster_msgs/include/robomaster_msgs/robomaster_msgs/action/detail\n'}
[412.399072] (robomaster_msgs) StdoutLine: {'line': b'-- Installing: /home/cricchetto/Robomaster_WS/install/robomaster_msgs/include/robomaster_msgs/robomaster_msgs/action/detail/move_servo__type_support.cpp\n'}
[412.400955] (robomaster_msgs) StdoutLine: {'line': b'-- Installing: /home/cricchetto/Robomaster_WS/install/robomaster_msgs/include/robomaster_msgs/robomaster_msgs/action/detail/play_sound__type_support.cpp\n'}
[412.402557] (robomaster_msgs) StdoutLine: {'line': b'-- Installing: /home/cricchetto/Robomaster_WS/install/robomaster_msgs/include/robomaster_msgs/robomaster_msgs/action/detail/gripper_control__type_support.cpp\n'}
[412.404225] (robomaster_msgs) StdoutLine: {'line': b'-- Installing: /home/cricchetto/Robomaster_WS/install/robomaster_msgs/include/robomaster_msgs/robomaster_msgs/action/detail/move__rosidl_typesupport_introspection_cpp.hpp\n'}
[412.405562] (robomaster_msgs) StdoutLine: {'line': b'-- Installing: /home/cricchetto/Robomaster_WS/install/robomaster_msgs/include/robomaster_msgs/robomaster_msgs/action/detail/play_sound__rosidl_typesupport_introspection_cpp.hpp\n'}
[412.406923] (robomaster_msgs) StdoutLine: {'line': b'-- Installing: /home/cricchetto/Robomaster_WS/install/robomaster_msgs/include/robomaster_msgs/robomaster_msgs/action/detail/move_gimbal__type_support.cpp\n'}
[412.408729] (robomaster_msgs) StdoutLine: {'line': b'-- Installing: /home/cricchetto/Robomaster_WS/install/robomaster_msgs/include/robomaster_msgs/robomaster_msgs/action/detail/move_gimbal__rosidl_typesupport_introspection_cpp.hpp\n'}
[412.409946] (-) TimerEvent: {}
[412.410390] (robomaster_msgs) StdoutLine: {'line': b'-- Installing: /home/cricchetto/Robomaster_WS/install/robomaster_msgs/include/robomaster_msgs/robomaster_msgs/action/detail/move_servo__rosidl_typesupport_introspection_cpp.hpp\n'}
[412.411632] (robomaster_msgs) StdoutLine: {'line': b'-- Installing: /home/cricchetto/Robomaster_WS/install/robomaster_msgs/include/robomaster_msgs/robomaster_msgs/action/detail/recenter_gimbal__rosidl_typesupport_introspection_cpp.hpp\n'}
[412.413048] (robomaster_msgs) StdoutLine: {'line': b'-- Installing: /home/cricchetto/Robomaster_WS/install/robomaster_msgs/include/robomaster_msgs/robomaster_msgs/action/detail/move_arm__type_support.cpp\n'}
[412.414673] (robomaster_msgs) StdoutLine: {'line': b'-- Installing: /home/cricchetto/Robomaster_WS/install/robomaster_msgs/include/robomaster_msgs/robomaster_msgs/action/detail/gripper_control__rosidl_typesupport_introspection_cpp.hpp\n'}
[412.416049] (robomaster_msgs) StdoutLine: {'line': b'-- Installing: /home/cricchetto/Robomaster_WS/install/robomaster_msgs/include/robomaster_msgs/robomaster_msgs/action/detail/move__type_support.cpp\n'}
[412.417645] (robomaster_msgs) StdoutLine: {'line': b'-- Installing: /home/cricchetto/Robomaster_WS/install/robomaster_msgs/include/robomaster_msgs/robomaster_msgs/action/detail/move_arm__rosidl_typesupport_introspection_cpp.hpp\n'}
[412.419045] (robomaster_msgs) StdoutLine: {'line': b'-- Installing: /home/cricchetto/Robomaster_WS/install/robomaster_msgs/include/robomaster_msgs/robomaster_msgs/action/detail/recenter_gimbal__type_support.cpp\n'}
[412.420524] (robomaster_msgs) StdoutLine: {'line': b'-- Up-to-date: /home/cricchetto/Robomaster_WS/install/robomaster_msgs/include/robomaster_msgs/robomaster_msgs/msg\n'}
[412.420981] (robomaster_msgs) StdoutLine: {'line': b'-- Up-to-date: /home/cricchetto/Robomaster_WS/install/robomaster_msgs/include/robomaster_msgs/robomaster_msgs/msg/detail\n'}
[412.421934] (robomaster_msgs) StdoutLine: {'line': b'-- Installing: /home/cricchetto/Robomaster_WS/install/robomaster_msgs/include/robomaster_msgs/robomaster_msgs/msg/detail/blaster_led__rosidl_typesupport_introspection_cpp.hpp\n'}
[412.423330] (robomaster_msgs) StdoutLine: {'line': b'-- Installing: /home/cricchetto/Robomaster_WS/install/robomaster_msgs/include/robomaster_msgs/robomaster_msgs/msg/detail/speaker_command__type_support.cpp\n'}
[412.424676] (robomaster_msgs) StdoutLine: {'line': b'-- Installing: /home/cricchetto/Robomaster_WS/install/robomaster_msgs/include/robomaster_msgs/robomaster_msgs/msg/detail/chassis_status__type_support.cpp\n'}
[412.425968] (robomaster_msgs) StdoutLine: {'line': b'-- Installing: /home/cricchetto/Robomaster_WS/install/robomaster_msgs/include/robomaster_msgs/robomaster_msgs/msg/detail/servo_raw_state__type_support.cpp\n'}
[412.427276] (robomaster_msgs) StdoutLine: {'line': b'-- Installing: /home/cricchetto/Robomaster_WS/install/robomaster_msgs/include/robomaster_msgs/robomaster_msgs/msg/detail/servo_raw_state__rosidl_typesupport_introspection_cpp.hpp\n'}
[412.428636] (robomaster_msgs) StdoutLine: {'line': b'-- Installing: /home/cricchetto/Robomaster_WS/install/robomaster_msgs/include/robomaster_msgs/robomaster_msgs/msg/detail/audio_opus__type_support.cpp\n'}
[412.429846] (robomaster_msgs) StdoutLine: {'line': b'-- Installing: /home/cricchetto/Robomaster_WS/install/robomaster_msgs/include/robomaster_msgs/robomaster_msgs/msg/detail/blaster_led__type_support.cpp\n'}
[412.431067] (robomaster_msgs) StdoutLine: {'line': b'-- Installing: /home/cricchetto/Robomaster_WS/install/robomaster_msgs/include/robomaster_msgs/robomaster_msgs/msg/detail/servo_command__rosidl_typesupport_introspection_cpp.hpp\n'}
[412.432403] (robomaster_msgs) StdoutLine: {'line': b'-- Installing: /home/cricchetto/Robomaster_WS/install/robomaster_msgs/include/robomaster_msgs/robomaster_msgs/msg/detail/sensor_adapter__type_support.cpp\n'}
[412.433745] (robomaster_msgs) StdoutLine: {'line': b'-- Installing: /home/cricchetto/Robomaster_WS/install/robomaster_msgs/include/robomaster_msgs/robomaster_msgs/msg/detail/gimbal_command__rosidl_typesupport_introspection_cpp.hpp\n'}
[412.435066] (robomaster_msgs) StdoutLine: {'line': b'-- Installing: /home/cricchetto/Robomaster_WS/install/robomaster_msgs/include/robomaster_msgs/robomaster_msgs/msg/detail/speaker_command__rosidl_typesupport_introspection_cpp.hpp\n'}
[412.436418] (robomaster_msgs) StdoutLine: {'line': b'-- Installing: /home/cricchetto/Robomaster_WS/install/robomaster_msgs/include/robomaster_msgs/robomaster_msgs/msg/detail/led_effect__type_support.cpp\n'}
[412.437663] (robomaster_msgs) StdoutLine: {'line': b'-- Installing: /home/cricchetto/Robomaster_WS/install/robomaster_msgs/include/robomaster_msgs/robomaster_msgs/msg/detail/servo_command__type_support.cpp\n'}
[412.438954] (robomaster_msgs) StdoutLine: {'line': b'-- Installing: /home/cricchetto/Robomaster_WS/install/robomaster_msgs/include/robomaster_msgs/robomaster_msgs/msg/detail/audio_data__rosidl_typesupport_introspection_cpp.hpp\n'}
[412.440260] (robomaster_msgs) StdoutLine: {'line': b'-- Installing: /home/cricchetto/Robomaster_WS/install/robomaster_msgs/include/robomaster_msgs/robomaster_msgs/msg/detail/gimbal_command__type_support.cpp\n'}
[412.441577] (robomaster_msgs) StdoutLine: {'line': b'-- Installing: /home/cricchetto/Robomaster_WS/install/robomaster_msgs/include/robomaster_msgs/robomaster_msgs/msg/detail/detected_line__type_support.cpp\n'}
[412.442844] (robomaster_msgs) StdoutLine: {'line': b'-- Installing: /home/cricchetto/Robomaster_WS/install/robomaster_msgs/include/robomaster_msgs/robomaster_msgs/msg/detail/led_effect__rosidl_typesupport_introspection_cpp.hpp\n'}
[412.444136] (robomaster_msgs) StdoutLine: {'line': b'-- Installing: /home/cricchetto/Robomaster_WS/install/robomaster_msgs/include/robomaster_msgs/robomaster_msgs/msg/detail/audio_data__type_support.cpp\n'}
[412.445412] (robomaster_msgs) StdoutLine: {'line': b'-- Installing: /home/cricchetto/Robomaster_WS/install/robomaster_msgs/include/robomaster_msgs/robomaster_msgs/msg/detail/gripper_state__type_support.cpp\n'}
[412.446683] (robomaster_msgs) StdoutLine: {'line': b'-- Installing: /home/cricchetto/Robomaster_WS/install/robomaster_msgs/include/robomaster_msgs/robomaster_msgs/msg/detail/audio_opus__rosidl_typesupport_introspection_cpp.hpp\n'}
[412.447986] (robomaster_msgs) StdoutLine: {'line': b'-- Installing: /home/cricchetto/Robomaster_WS/install/robomaster_msgs/include/robomaster_msgs/robomaster_msgs/msg/detail/detected_marker__type_support.cpp\n'}
[412.449278] (robomaster_msgs) StdoutLine: {'line': b'-- Installing: /home/cricchetto/Robomaster_WS/install/robomaster_msgs/include/robomaster_msgs/robomaster_msgs/msg/detail/sensor_adapter__rosidl_typesupport_introspection_cpp.hpp\n'}
[412.450580] (robomaster_msgs) StdoutLine: {'line': b'-- Installing: /home/cricchetto/Robomaster_WS/install/robomaster_msgs/include/robomaster_msgs/robomaster_msgs/msg/detail/pwm__rosidl_typesupport_introspection_cpp.hpp\n'}
[412.451880] (robomaster_msgs) StdoutLine: {'line': b'-- Installing: /home/cricchetto/Robomaster_WS/install/robomaster_msgs/include/robomaster_msgs/robomaster_msgs/msg/detail/mode__rosidl_typesupport_introspection_cpp.hpp\n'}
[412.453151] (robomaster_msgs) StdoutLine: {'line': b'-- Installing: /home/cricchetto/Robomaster_WS/install/robomaster_msgs/include/robomaster_msgs/robomaster_msgs/msg/detail/detected_robot__type_support.cpp\n'}
[412.454350] (robomaster_msgs) StdoutLine: {'line': b'-- Installing: /home/cricchetto/Robomaster_WS/install/robomaster_msgs/include/robomaster_msgs/robomaster_msgs/msg/detail/detected_person__type_support.cpp\n'}
[412.455563] (robomaster_msgs) StdoutLine: {'line': b'-- Installing: /home/cricchetto/Robomaster_WS/install/robomaster_msgs/include/robomaster_msgs/robomaster_msgs/msg/detail/region_of_interest__type_support.cpp\n'}
[412.457065] (robomaster_msgs) StdoutLine: {'line': b'-- Installing: /home/cricchetto/Robomaster_WS/install/robomaster_msgs/include/robomaster_msgs/robomaster_msgs/msg/detail/wheel_speeds__rosidl_typesupport_introspection_cpp.hpp\n'}
[412.458362] (robomaster_msgs) StdoutLine: {'line': b'-- Installing: /home/cricchetto/Robomaster_WS/install/robomaster_msgs/include/robomaster_msgs/robomaster_msgs/msg/detail/armor_hit__rosidl_typesupport_introspection_cpp.hpp\n'}
[412.459852] (robomaster_msgs) StdoutLine: {'line': b'-- Installing: /home/cricchetto/Robomaster_WS/install/robomaster_msgs/include/robomaster_msgs/robomaster_msgs/msg/detail/detected_marker__rosidl_typesupport_introspection_cpp.hpp\n'}
[412.461196] (robomaster_msgs) StdoutLine: {'line': b'-- Installing: /home/cricchetto/Robomaster_WS/install/robomaster_msgs/include/robomaster_msgs/robomaster_msgs/msg/detail/region_of_interest__rosidl_typesupport_introspection_cpp.hpp\n'}
[412.462516] (robomaster_msgs) StdoutLine: {'line': b'-- Installing: /home/cricchetto/Robomaster_WS/install/robomaster_msgs/include/robomaster_msgs/robomaster_msgs/msg/detail/detection__type_support.cpp\n'}
[412.463902] (robomaster_msgs) StdoutLine: {'line': b'-- Installing: /home/cricchetto/Robomaster_WS/install/robomaster_msgs/include/robomaster_msgs/robomaster_msgs/msg/detail/s_bus__rosidl_typesupport_introspection_cpp.hpp\n'}
[412.465203] (robomaster_msgs) StdoutLine: {'line': b'-- Installing: /home/cricchetto/Robomaster_WS/install/robomaster_msgs/include/robomaster_msgs/robomaster_msgs/msg/detail/chassis_status__rosidl_typesupport_introspection_cpp.hpp\n'}
[412.466513] (robomaster_msgs) StdoutLine: {'line': b'-- Installing: /home/cricchetto/Robomaster_WS/install/robomaster_msgs/include/robomaster_msgs/robomaster_msgs/msg/detail/camera_config__rosidl_typesupport_introspection_cpp.hpp\n'}
[412.467970] (robomaster_msgs) StdoutLine: {'line': b'-- Installing: /home/cricchetto/Robomaster_WS/install/robomaster_msgs/include/robomaster_msgs/robomaster_msgs/msg/detail/detected_line__rosidl_typesupport_introspection_cpp.hpp\n'}
[412.469302] (robomaster_msgs) StdoutLine: {'line': b'-- Installing: /home/cricchetto/Robomaster_WS/install/robomaster_msgs/include/robomaster_msgs/robomaster_msgs/msg/detail/detected_gesture__rosidl_typesupport_introspection_cpp.hpp\n'}
[412.470588] (robomaster_msgs) StdoutLine: {'line': b'-- Installing: /home/cricchetto/Robomaster_WS/install/robomaster_msgs/include/robomaster_msgs/robomaster_msgs/msg/detail/s_bus__type_support.cpp\n'}
[412.471844] (robomaster_msgs) StdoutLine: {'line': b'-- Installing: /home/cricchetto/Robomaster_WS/install/robomaster_msgs/include/robomaster_msgs/robomaster_msgs/msg/detail/audio_level__rosidl_typesupport_introspection_cpp.hpp\n'}
[412.473109] (robomaster_msgs) StdoutLine: {'line': b'-- Installing: /home/cricchetto/Robomaster_WS/install/robomaster_msgs/include/robomaster_msgs/robomaster_msgs/msg/detail/mode__type_support.cpp\n'}
[412.474288] (robomaster_msgs) StdoutLine: {'line': b'-- Installing: /home/cricchetto/Robomaster_WS/install/robomaster_msgs/include/robomaster_msgs/robomaster_msgs/msg/detail/armor_hit__type_support.cpp\n'}
[412.475548] (robomaster_msgs) StdoutLine: {'line': b'-- Installing: /home/cricchetto/Robomaster_WS/install/robomaster_msgs/include/robomaster_msgs/robomaster_msgs/msg/detail/gripper_state__rosidl_typesupport_introspection_cpp.hpp\n'}
[412.477181] (robomaster_msgs) StdoutLine: {'line': b'-- Installing: /home/cricchetto/Robomaster_WS/install/robomaster_msgs/include/robomaster_msgs/robomaster_msgs/msg/detail/h264_packet__rosidl_typesupport_introspection_cpp.hpp\n'}
[412.478439] (robomaster_msgs) StdoutLine: {'line': b'-- Installing: /home/cricchetto/Robomaster_WS/install/robomaster_msgs/include/robomaster_msgs/robomaster_msgs/msg/detail/h264_packet__type_support.cpp\n'}
[412.479867] (robomaster_msgs) StdoutLine: {'line': b'-- Installing: /home/cricchetto/Robomaster_WS/install/robomaster_msgs/include/robomaster_msgs/robomaster_msgs/msg/detail/detected_person__rosidl_typesupport_introspection_cpp.hpp\n'}
[412.481178] (robomaster_msgs) StdoutLine: {'line': b'-- Installing: /home/cricchetto/Robomaster_WS/install/robomaster_msgs/include/robomaster_msgs/robomaster_msgs/msg/detail/serial__type_support.cpp\n'}
[412.482365] (robomaster_msgs) StdoutLine: {'line': b'-- Installing: /home/cricchetto/Robomaster_WS/install/robomaster_msgs/include/robomaster_msgs/robomaster_msgs/msg/detail/audio_level__type_support.cpp\n'}
[412.483608] (robomaster_msgs) StdoutLine: {'line': b'-- Installing: /home/cricchetto/Robomaster_WS/install/robomaster_msgs/include/robomaster_msgs/robomaster_msgs/msg/detail/pwm__type_support.cpp\n'}
[412.484938] (robomaster_msgs) StdoutLine: {'line': b'-- Installing: /home/cricchetto/Robomaster_WS/install/robomaster_msgs/include/robomaster_msgs/robomaster_msgs/msg/detail/camera_config__type_support.cpp\n'}
[412.486158] (robomaster_msgs) StdoutLine: {'line': b'-- Installing: /home/cricchetto/Robomaster_WS/install/robomaster_msgs/include/robomaster_msgs/robomaster_msgs/msg/detail/wheel_speeds__type_support.cpp\n'}
[412.487417] (robomaster_msgs) StdoutLine: {'line': b'-- Installing: /home/cricchetto/Robomaster_WS/install/robomaster_msgs/include/robomaster_msgs/robomaster_msgs/msg/detail/detected_robot__rosidl_typesupport_introspection_cpp.hpp\n'}
[412.488766] (robomaster_msgs) StdoutLine: {'line': b'-- Installing: /home/cricchetto/Robomaster_WS/install/robomaster_msgs/include/robomaster_msgs/robomaster_msgs/msg/detail/detection__rosidl_typesupport_introspection_cpp.hpp\n'}
[412.490038] (robomaster_msgs) StdoutLine: {'line': b'-- Installing: /home/cricchetto/Robomaster_WS/install/robomaster_msgs/include/robomaster_msgs/robomaster_msgs/msg/detail/serial__rosidl_typesupport_introspection_cpp.hpp\n'}
[412.491303] (robomaster_msgs) StdoutLine: {'line': b'-- Installing: /home/cricchetto/Robomaster_WS/install/robomaster_msgs/include/robomaster_msgs/robomaster_msgs/msg/detail/detected_gesture__type_support.cpp\n'}
[412.492512] (robomaster_msgs) StdoutLine: {'line': b'-- Up-to-date: /home/cricchetto/Robomaster_WS/install/robomaster_msgs/include/robomaster_msgs/robomaster_msgs/srv\n'}
[412.492942] (robomaster_msgs) StdoutLine: {'line': b'-- Up-to-date: /home/cricchetto/Robomaster_WS/install/robomaster_msgs/include/robomaster_msgs/robomaster_msgs/srv/detail\n'}
[412.493462] (robomaster_msgs) StdoutLine: {'line': b'-- Installing: /home/cricchetto/Robomaster_WS/install/robomaster_msgs/include/robomaster_msgs/robomaster_msgs/srv/detail/get_adc__rosidl_typesupport_introspection_cpp.hpp\n'}
[412.494814] (robomaster_msgs) StdoutLine: {'line': b'-- Installing: /home/cricchetto/Robomaster_WS/install/robomaster_msgs/include/robomaster_msgs/robomaster_msgs/srv/detail/get_adc__type_support.cpp\n'}
[412.496166] (robomaster_msgs) StdoutLine: {'line': b'-- Installing: /home/cricchetto/Robomaster_WS/install/robomaster_msgs/include/robomaster_msgs/robomaster_msgs/srv/detail/get_servo_angle__type_support.cpp\n'}
[412.497476] (robomaster_msgs) StdoutLine: {'line': b'-- Installing: /home/cricchetto/Robomaster_WS/install/robomaster_msgs/include/robomaster_msgs/robomaster_msgs/srv/detail/get_pulse__rosidl_typesupport_introspection_cpp.hpp\n'}
[412.498776] (robomaster_msgs) StdoutLine: {'line': b'-- Installing: /home/cricchetto/Robomaster_WS/install/robomaster_msgs/include/robomaster_msgs/robomaster_msgs/srv/detail/get_servo_angle__rosidl_typesupport_introspection_cpp.hpp\n'}
[412.500085] (robomaster_msgs) StdoutLine: {'line': b'-- Installing: /home/cricchetto/Robomaster_WS/install/robomaster_msgs/include/robomaster_msgs/robomaster_msgs/srv/detail/get_pulse__type_support.cpp\n'}
[412.501389] (robomaster_msgs) StdoutLine: {'line': b'-- Installing: /home/cricchetto/Robomaster_WS/install/robomaster_msgs/include/robomaster_msgs/robomaster_msgs/srv/detail/get_io__type_support.cpp\n'}
[412.502670] (robomaster_msgs) StdoutLine: {'line': b'-- Installing: /home/cricchetto/Robomaster_WS/install/robomaster_msgs/include/robomaster_msgs/robomaster_msgs/srv/detail/get_io__rosidl_typesupport_introspection_cpp.hpp\n'}
[412.504561] (robomaster_msgs) StdoutLine: {'line': b'-- Installing: /home/cricchetto/Robomaster_WS/install/robomaster_msgs/lib/librobomaster_msgs__rosidl_typesupport_introspection_cpp.so\n'}
[412.510130] (-) TimerEvent: {}
[412.512582] (robomaster_msgs) StdoutLine: {'line': b'-- Set runtime path of "/home/cricchetto/Robomaster_WS/install/robomaster_msgs/lib/librobomaster_msgs__rosidl_typesupport_introspection_cpp.so" to ""\n'}
[412.513190] (robomaster_msgs) StdoutLine: {'line': b'-- Installing: /home/cricchetto/Robomaster_WS/install/robomaster_msgs/lib/librobomaster_msgs__rosidl_typesupport_cpp.so\n'}
[412.517862] (robomaster_msgs) StdoutLine: {'line': b'-- Set runtime path of "/home/cricchetto/Robomaster_WS/install/robomaster_msgs/lib/librobomaster_msgs__rosidl_typesupport_cpp.so" to ""\n'}
[412.518438] (robomaster_msgs) StdoutLine: {'line': b'-- Installing: /home/cricchetto/Robomaster_WS/install/robomaster_msgs/share/robomaster_msgs/environment/pythonpath.sh\n'}
[412.519843] (robomaster_msgs) StdoutLine: {'line': b'-- Installing: /home/cricchetto/Robomaster_WS/install/robomaster_msgs/share/robomaster_msgs/environment/pythonpath.dsv\n'}
[412.521522] (robomaster_msgs) StdoutLine: {'line': b'-- Installing: /home/cricchetto/Robomaster_WS/install/robomaster_msgs/local/lib/python3.10/dist-packages/robomaster_msgs-0.2.0-py3.10.egg-info\n'}
[412.522545] (robomaster_msgs) StdoutLine: {'line': b'-- Installing: /home/cricchetto/Robomaster_WS/install/robomaster_msgs/local/lib/python3.10/dist-packages/robomaster_msgs-0.2.0-py3.10.egg-info/PKG-INFO\n'}
[412.524037] (robomaster_msgs) StdoutLine: {'line': b'-- Installing: /home/cricchetto/Robomaster_WS/install/robomaster_msgs/local/lib/python3.10/dist-packages/robomaster_msgs-0.2.0-py3.10.egg-info/top_level.txt\n'}
[412.525173] (robomaster_msgs) StdoutLine: {'line': b'-- Installing: /home/cricchetto/Robomaster_WS/install/robomaster_msgs/local/lib/python3.10/dist-packages/robomaster_msgs-0.2.0-py3.10.egg-info/SOURCES.txt\n'}
[412.526314] (robomaster_msgs) StdoutLine: {'line': b'-- Installing: /home/cricchetto/Robomaster_WS/install/robomaster_msgs/local/lib/python3.10/dist-packages/robomaster_msgs-0.2.0-py3.10.egg-info/dependency_links.txt\n'}
[412.527945] (robomaster_msgs) StdoutLine: {'line': b'-- Installing: /home/cricchetto/Robomaster_WS/install/robomaster_msgs/local/lib/python3.10/dist-packages/robomaster_msgs\n'}
[412.528840] (robomaster_msgs) StdoutLine: {'line': b'-- Installing: /home/cricchetto/Robomaster_WS/install/robomaster_msgs/local/lib/python3.10/dist-packages/robomaster_msgs/_robomaster_msgs_s.ep.rosidl_typesupport_fastrtps_c.c\n'}
[412.534069] (robomaster_msgs) StdoutLine: {'line': b'-- Installing: /home/cricchetto/Robomaster_WS/install/robomaster_msgs/local/lib/python3.10/dist-packages/robomaster_msgs/__init__.py\n'}
[412.535067] (robomaster_msgs) StdoutLine: {'line': b'-- Installing: /home/cricchetto/Robomaster_WS/install/robomaster_msgs/local/lib/python3.10/dist-packages/robomaster_msgs/librobomaster_msgs__rosidl_generator_py.so\n'}
[412.539178] (robomaster_msgs) StdoutLine: {'line': b'-- Installing: /home/cricchetto/Robomaster_WS/install/robomaster_msgs/local/lib/python3.10/dist-packages/robomaster_msgs/_robomaster_msgs_s.ep.rosidl_typesupport_c.c\n'}
[412.544249] (robomaster_msgs) StdoutLine: {'line': b'-- Installing: /home/cricchetto/Robomaster_WS/install/robomaster_msgs/local/lib/python3.10/dist-packages/robomaster_msgs/action\n'}
[412.545086] (robomaster_msgs) StdoutLine: {'line': b'-- Installing: /home/cricchetto/Robomaster_WS/install/robomaster_msgs/local/lib/python3.10/dist-packages/robomaster_msgs/action/_recenter_gimbal.py\n'}
[412.546642] (robomaster_msgs) StdoutLine: {'line': b'-- Installing: /home/cricchetto/Robomaster_WS/install/robomaster_msgs/local/lib/python3.10/dist-packages/robomaster_msgs/action/__init__.py\n'}
[412.547783] (robomaster_msgs) StdoutLine: {'line': b'-- Installing: /home/cricchetto/Robomaster_WS/install/robomaster_msgs/local/lib/python3.10/dist-packages/robomaster_msgs/action/_gripper_control.py\n'}
[412.549326] (robomaster_msgs) StdoutLine: {'line': b'-- Installing: /home/cricchetto/Robomaster_WS/install/robomaster_msgs/local/lib/python3.10/dist-packages/robomaster_msgs/action/_move_s.c\n'}
[412.550661] (robomaster_msgs) StdoutLine: {'line': b'-- Installing: /home/cricchetto/Robomaster_WS/install/robomaster_msgs/local/lib/python3.10/dist-packages/robomaster_msgs/action/_move_gimbal_s.c\n'}
[412.552142] (robomaster_msgs) StdoutLine: {'line': b'-- Installing: /home/cricchetto/Robomaster_WS/install/robomaster_msgs/local/lib/python3.10/dist-packages/robomaster_msgs/action/_recenter_gimbal_s.c\n'}
[412.553493] (robomaster_msgs) StdoutLine: {'line': b'-- Installing: /home/cricchetto/Robomaster_WS/install/robomaster_msgs/local/lib/python3.10/dist-packages/robomaster_msgs/action/_play_sound.py\n'}
[412.554966] (robomaster_msgs) StdoutLine: {'line': b'-- Installing: /home/cricchetto/Robomaster_WS/install/robomaster_msgs/local/lib/python3.10/dist-packages/robomaster_msgs/action/_move_servo.py\n'}
[412.556519] (robomaster_msgs) StdoutLine: {'line': b'-- Installing: /home/cricchetto/Robomaster_WS/install/robomaster_msgs/local/lib/python3.10/dist-packages/robomaster_msgs/action/_gripper_control_s.c\n'}
[412.557906] (robomaster_msgs) StdoutLine: {'line': b'-- Installing: /home/cricchetto/Robomaster_WS/install/robomaster_msgs/local/lib/python3.10/dist-packages/robomaster_msgs/action/_move.py\n'}
[412.559403] (robomaster_msgs) StdoutLine: {'line': b'-- Installing: /home/cricchetto/Robomaster_WS/install/robomaster_msgs/local/lib/python3.10/dist-packages/robomaster_msgs/action/_move_arm_s.c\n'}
[412.560794] (robomaster_msgs) StdoutLine: {'line': b'-- Installing: /home/cricchetto/Robomaster_WS/install/robomaster_msgs/local/lib/python3.10/dist-packages/robomaster_msgs/action/_move_gimbal.py\n'}
[412.562310] (robomaster_msgs) StdoutLine: {'line': b'-- Installing: /home/cricchetto/Robomaster_WS/install/robomaster_msgs/local/lib/python3.10/dist-packages/robomaster_msgs/action/_move_servo_s.c\n'}
[412.563692] (robomaster_msgs) StdoutLine: {'line': b'-- Installing: /home/cricchetto/Robomaster_WS/install/robomaster_msgs/local/lib/python3.10/dist-packages/robomaster_msgs/action/_move_arm.py\n'}
[412.565213] (robomaster_msgs) StdoutLine: {'line': b'-- Installing: /home/cricchetto/Robomaster_WS/install/robomaster_msgs/local/lib/python3.10/dist-packages/robomaster_msgs/action/_play_sound_s.c\n'}
[412.566608] (robomaster_msgs) StdoutLine: {'line': b'-- Installing: /home/cricchetto/Robomaster_WS/install/robomaster_msgs/local/lib/python3.10/dist-packages/robomaster_msgs/_robomaster_msgs_s.ep.rosidl_typesupport_introspection_c.c\n'}
[412.571846] (robomaster_msgs) StdoutLine: {'line': b'-- Installing: /home/cricchetto/Robomaster_WS/install/robomaster_msgs/local/lib/python3.10/dist-packages/robomaster_msgs/msg\n'}
[412.573042] (robomaster_msgs) StdoutLine: {'line': b'-- Installing: /home/cricchetto/Robomaster_WS/install/robomaster_msgs/local/lib/python3.10/dist-packages/robomaster_msgs/msg/_chassis_status.py\n'}
[412.574298] (robomaster_msgs) StdoutLine: {'line': b'-- Installing: /home/cricchetto/Robomaster_WS/install/robomaster_msgs/local/lib/python3.10/dist-packages/robomaster_msgs/msg/_audio_level_s.c\n'}
[412.575393] (robomaster_msgs) StdoutLine: {'line': b'-- Installing: /home/cricchetto/Robomaster_WS/install/robomaster_msgs/local/lib/python3.10/dist-packages/robomaster_msgs/msg/_chassis_status_s.c\n'}
[412.576597] (robomaster_msgs) StdoutLine: {'line': b'-- Installing: /home/cricchetto/Robomaster_WS/install/robomaster_msgs/local/lib/python3.10/dist-packages/robomaster_msgs/msg/_s_bus_s.c\n'}
[412.577687] (robomaster_msgs) StdoutLine: {'line': b'-- Installing: /home/cricchetto/Robomaster_WS/install/robomaster_msgs/local/lib/python3.10/dist-packages/robomaster_msgs/msg/_led_effect.py\n'}
[412.578894] (robomaster_msgs) StdoutLine: {'line': b'-- Installing: /home/cricchetto/Robomaster_WS/install/robomaster_msgs/local/lib/python3.10/dist-packages/robomaster_msgs/msg/_region_of_interest_s.c\n'}
[412.580053] (robomaster_msgs) StdoutLine: {'line': b'-- Installing: /home/cricchetto/Robomaster_WS/install/robomaster_msgs/local/lib/python3.10/dist-packages/robomaster_msgs/msg/_h264_packet_s.c\n'}
[412.581244] (robomaster_msgs) StdoutLine: {'line': b'-- Installing: /home/cricchetto/Robomaster_WS/install/robomaster_msgs/local/lib/python3.10/dist-packages/robomaster_msgs/msg/_audio_opus.py\n'}
[412.582352] (robomaster_msgs) StdoutLine: {'line': b'-- Installing: /home/cricchetto/Robomaster_WS/install/robomaster_msgs/local/lib/python3.10/dist-packages/robomaster_msgs/msg/__init__.py\n'}
[412.583431] (robomaster_msgs) StdoutLine: {'line': b'-- Installing: /home/cricchetto/Robomaster_WS/install/robomaster_msgs/local/lib/python3.10/dist-packages/robomaster_msgs/msg/_gripper_state.py\n'}
[412.584753] (robomaster_msgs) StdoutLine: {'line': b'-- Installing: /home/cricchetto/Robomaster_WS/install/robomaster_msgs/local/lib/python3.10/dist-packages/robomaster_msgs/msg/_detected_robot.py\n'}
[412.585873] (robomaster_msgs) StdoutLine: {'line': b'-- Installing: /home/cricchetto/Robomaster_WS/install/robomaster_msgs/local/lib/python3.10/dist-packages/robomaster_msgs/msg/_s_bus.py\n'}
[412.586962] (robomaster_msgs) StdoutLine: {'line': b'-- Installing: /home/cricchetto/Robomaster_WS/install/robomaster_msgs/local/lib/python3.10/dist-packages/robomaster_msgs/msg/_blaster_led.py\n'}
[412.588139] (robomaster_msgs) StdoutLine: {'line': b'-- Installing: /home/cricchetto/Robomaster_WS/install/robomaster_msgs/local/lib/python3.10/dist-packages/robomaster_msgs/msg/_pwm_s.c\n'}
[412.589218] (robomaster_msgs) StdoutLine: {'line': b'-- Installing: /home/cricchetto/Robomaster_WS/install/robomaster_msgs/local/lib/python3.10/dist-packages/robomaster_msgs/msg/_h264_packet.py\n'}
[412.590343] (robomaster_msgs) StdoutLine: {'line': b'-- Installing: /home/cricchetto/Robomaster_WS/install/robomaster_msgs/local/lib/python3.10/dist-packages/robomaster_msgs/msg/_gimbal_command_s.c\n'}
[412.591455] (robomaster_msgs) StdoutLine: {'line': b'-- Installing: /home/cricchetto/Robomaster_WS/install/robomaster_msgs/local/lib/python3.10/dist-packages/robomaster_msgs/msg/_detected_gesture.py\n'}
[412.592706] (robomaster_msgs) StdoutLine: {'line': b'-- Installing: /home/cricchetto/Robomaster_WS/install/robomaster_msgs/local/lib/python3.10/dist-packages/robomaster_msgs/msg/_armor_hit.py\n'}
[412.593842] (robomaster_msgs) StdoutLine: {'line': b'-- Installing: /home/cricchetto/Robomaster_WS/install/robomaster_msgs/local/lib/python3.10/dist-packages/robomaster_msgs/msg/_led_effect_s.c\n'}
[412.594973] (robomaster_msgs) StdoutLine: {'line': b'-- Installing: /home/cricchetto/Robomaster_WS/install/robomaster_msgs/local/lib/python3.10/dist-packages/robomaster_msgs/msg/_pwm.py\n'}
[412.596113] (robomaster_msgs) StdoutLine: {'line': b'-- Installing: /home/cricchetto/Robomaster_WS/install/robomaster_msgs/local/lib/python3.10/dist-packages/robomaster_msgs/msg/_servo_command.py\n'}
[412.597224] (robomaster_msgs) StdoutLine: {'line': b'-- Installing: /home/cricchetto/Robomaster_WS/install/robomaster_msgs/local/lib/python3.10/dist-packages/robomaster_msgs/msg/_detected_person.py\n'}
[412.598372] (robomaster_msgs) StdoutLine: {'line': b'-- Installing: /home/cricchetto/Robomaster_WS/install/robomaster_msgs/local/lib/python3.10/dist-packages/robomaster_msgs/msg/_wheel_speeds.py\n'}
[412.599475] (robomaster_msgs) StdoutLine: {'line': b'-- Installing: /home/cricchetto/Robomaster_WS/install/robomaster_msgs/local/lib/python3.10/dist-packages/robomaster_msgs/msg/_audio_data_s.c\n'}
[412.600807] (robomaster_msgs) StdoutLine: {'line': b'-- Installing: /home/cricchetto/Robomaster_WS/install/robomaster_msgs/local/lib/python3.10/dist-packages/robomaster_msgs/msg/_mode.py\n'}
[412.601889] (robomaster_msgs) StdoutLine: {'line': b'-- Installing: /home/cricchetto/Robomaster_WS/install/robomaster_msgs/local/lib/python3.10/dist-packages/robomaster_msgs/msg/_detected_marker_s.c\n'}
[412.603027] (robomaster_msgs) StdoutLine: {'line': b'-- Installing: /home/cricchetto/Robomaster_WS/install/robomaster_msgs/local/lib/python3.10/dist-packages/robomaster_msgs/msg/_audio_data.py\n'}
[412.604186] (robomaster_msgs) StdoutLine: {'line': b'-- Installing: /home/cricchetto/Robomaster_WS/install/robomaster_msgs/local/lib/python3.10/dist-packages/robomaster_msgs/msg/_gimbal_command.py\n'}
[412.605337] (robomaster_msgs) StdoutLine: {'line': b'-- Installing: /home/cricchetto/Robomaster_WS/install/robomaster_msgs/local/lib/python3.10/dist-packages/robomaster_msgs/msg/_speaker_command_s.c\n'}
[412.606537] (robomaster_msgs) StdoutLine: {'line': b'-- Installing: /home/cricchetto/Robomaster_WS/install/robomaster_msgs/local/lib/python3.10/dist-packages/robomaster_msgs/msg/_detected_marker.py\n'}
[412.607685] (robomaster_msgs) StdoutLine: {'line': b'-- Installing: /home/cricchetto/Robomaster_WS/install/robomaster_msgs/local/lib/python3.10/dist-packages/robomaster_msgs/msg/_detected_person_s.c\n'}
[412.608801] (robomaster_msgs) StdoutLine: {'line': b'-- Installing: /home/cricchetto/Robomaster_WS/install/robomaster_msgs/local/lib/python3.10/dist-packages/robomaster_msgs/msg/_blaster_led_s.c\n'}
[412.609884] (robomaster_msgs) StdoutLine: {'line': b'-- Installing: /home/cricchetto/Robomaster_WS/install/robomaster_msgs/local/lib/python3.10/dist-packages/robomaster_msgs/msg/_gripper_state_s.c\n'}
[412.610202] (-) TimerEvent: {}
[412.611048] (robomaster_msgs) StdoutLine: {'line': b'-- Installing: /home/cricchetto/Robomaster_WS/install/robomaster_msgs/local/lib/python3.10/dist-packages/robomaster_msgs/msg/_camera_config.py\n'}
[412.612333] (robomaster_msgs) StdoutLine: {'line': b'-- Installing: /home/cricchetto/Robomaster_WS/install/robomaster_msgs/local/lib/python3.10/dist-packages/robomaster_msgs/msg/_armor_hit_s.c\n'}
[412.613511] (robomaster_msgs) StdoutLine: {'line': b'-- Installing: /home/cricchetto/Robomaster_WS/install/robomaster_msgs/local/lib/python3.10/dist-packages/robomaster_msgs/msg/_serial.py\n'}
[412.614637] (robomaster_msgs) StdoutLine: {'line': b'-- Installing: /home/cricchetto/Robomaster_WS/install/robomaster_msgs/local/lib/python3.10/dist-packages/robomaster_msgs/msg/_wheel_speeds_s.c\n'}
[412.615774] (robomaster_msgs) StdoutLine: {'line': b'-- Installing: /home/cricchetto/Robomaster_WS/install/robomaster_msgs/local/lib/python3.10/dist-packages/robomaster_msgs/msg/_serial_s.c\n'}
[412.616928] (robomaster_msgs) StdoutLine: {'line': b'-- Installing: /home/cricchetto/Robomaster_WS/install/robomaster_msgs/local/lib/python3.10/dist-packages/robomaster_msgs/msg/_region_of_interest.py\n'}
[412.618116] (robomaster_msgs) StdoutLine: {'line': b'-- Installing: /home/cricchetto/Robomaster_WS/install/robomaster_msgs/local/lib/python3.10/dist-packages/robomaster_msgs/msg/_audio_opus_s.c\n'}
[412.619251] (robomaster_msgs) StdoutLine: {'line': b'-- Installing: /home/cricchetto/Robomaster_WS/install/robomaster_msgs/local/lib/python3.10/dist-packages/robomaster_msgs/msg/_servo_command_s.c\n'}
[412.620434] (robomaster_msgs) StdoutLine: {'line': b'-- Installing: /home/cricchetto/Robomaster_WS/install/robomaster_msgs/local/lib/python3.10/dist-packages/robomaster_msgs/msg/_mode_s.c\n'}
[412.621500] (robomaster_msgs) StdoutLine: {'line': b'-- Installing: /home/cricchetto/Robomaster_WS/install/robomaster_msgs/local/lib/python3.10/dist-packages/robomaster_msgs/msg/_speaker_command.py\n'}
[412.622654] (robomaster_msgs) StdoutLine: {'line': b'-- Installing: /home/cricchetto/Robomaster_WS/install/robomaster_msgs/local/lib/python3.10/dist-packages/robomaster_msgs/msg/_detection.py\n'}
[412.623956] (robomaster_msgs) StdoutLine: {'line': b'-- Installing: /home/cricchetto/Robomaster_WS/install/robomaster_msgs/local/lib/python3.10/dist-packages/robomaster_msgs/msg/_sensor_adapter.py\n'}
[412.625176] (robomaster_msgs) StdoutLine: {'line': b'-- Installing: /home/cricchetto/Robomaster_WS/install/robomaster_msgs/local/lib/python3.10/dist-packages/robomaster_msgs/msg/_servo_raw_state.py\n'}
[412.626351] (robomaster_msgs) StdoutLine: {'line': b'-- Installing: /home/cricchetto/Robomaster_WS/install/robomaster_msgs/local/lib/python3.10/dist-packages/robomaster_msgs/msg/_detection_s.c\n'}
[412.627550] (robomaster_msgs) StdoutLine: {'line': b'-- Installing: /home/cricchetto/Robomaster_WS/install/robomaster_msgs/local/lib/python3.10/dist-packages/robomaster_msgs/msg/_audio_level.py\n'}
[412.628728] (robomaster_msgs) StdoutLine: {'line': b'-- Installing: /home/cricchetto/Robomaster_WS/install/robomaster_msgs/local/lib/python3.10/dist-packages/robomaster_msgs/msg/_detected_line.py\n'}
[412.629846] (robomaster_msgs) StdoutLine: {'line': b'-- Installing: /home/cricchetto/Robomaster_WS/install/robomaster_msgs/local/lib/python3.10/dist-packages/robomaster_msgs/msg/_camera_config_s.c\n'}
[412.630961] (robomaster_msgs) StdoutLine: {'line': b'-- Installing: /home/cricchetto/Robomaster_WS/install/robomaster_msgs/local/lib/python3.10/dist-packages/robomaster_msgs/msg/_detected_line_s.c\n'}
[412.632125] (robomaster_msgs) StdoutLine: {'line': b'-- Installing: /home/cricchetto/Robomaster_WS/install/robomaster_msgs/local/lib/python3.10/dist-packages/robomaster_msgs/msg/_servo_raw_state_s.c\n'}
[412.633279] (robomaster_msgs) StdoutLine: {'line': b'-- Installing: /home/cricchetto/Robomaster_WS/install/robomaster_msgs/local/lib/python3.10/dist-packages/robomaster_msgs/msg/_detected_robot_s.c\n'}
[412.634397] (robomaster_msgs) StdoutLine: {'line': b'-- Installing: /home/cricchetto/Robomaster_WS/install/robomaster_msgs/local/lib/python3.10/dist-packages/robomaster_msgs/msg/_sensor_adapter_s.c\n'}
[412.635585] (robomaster_msgs) StdoutLine: {'line': b'-- Installing: /home/cricchetto/Robomaster_WS/install/robomaster_msgs/local/lib/python3.10/dist-packages/robomaster_msgs/msg/_detected_gesture_s.c\n'}
[412.636858] (robomaster_msgs) StdoutLine: {'line': b'-- Installing: /home/cricchetto/Robomaster_WS/install/robomaster_msgs/local/lib/python3.10/dist-packages/robomaster_msgs/robomaster_msgs_s__rosidl_typesupport_c.cpython-310-aarch64-linux-gnu.so\n'}
[412.640550] (robomaster_msgs) StdoutLine: {'line': b'-- Installing: /home/cricchetto/Robomaster_WS/install/robomaster_msgs/local/lib/python3.10/dist-packages/robomaster_msgs/robomaster_msgs_s__rosidl_typesupport_fastrtps_c.cpython-310-aarch64-linux-gnu.so\n'}
[412.644038] (robomaster_msgs) StdoutLine: {'line': b'-- Installing: /home/cricchetto/Robomaster_WS/install/robomaster_msgs/local/lib/python3.10/dist-packages/robomaster_msgs/robomaster_msgs_s__rosidl_typesupport_introspection_c.cpython-310-aarch64-linux-gnu.so\n'}
[412.647355] (robomaster_msgs) StdoutLine: {'line': b'-- Installing: /home/cricchetto/Robomaster_WS/install/robomaster_msgs/local/lib/python3.10/dist-packages/robomaster_msgs/srv\n'}
[412.648162] (robomaster_msgs) StdoutLine: {'line': b'-- Installing: /home/cricchetto/Robomaster_WS/install/robomaster_msgs/local/lib/python3.10/dist-packages/robomaster_msgs/srv/_get_io_s.c\n'}
[412.649371] (robomaster_msgs) StdoutLine: {'line': b'-- Installing: /home/cricchetto/Robomaster_WS/install/robomaster_msgs/local/lib/python3.10/dist-packages/robomaster_msgs/srv/__init__.py\n'}
[412.650512] (robomaster_msgs) StdoutLine: {'line': b'-- Installing: /home/cricchetto/Robomaster_WS/install/robomaster_msgs/local/lib/python3.10/dist-packages/robomaster_msgs/srv/_get_adc.py\n'}
[412.651698] (robomaster_msgs) StdoutLine: {'line': b'-- Installing: /home/cricchetto/Robomaster_WS/install/robomaster_msgs/local/lib/python3.10/dist-packages/robomaster_msgs/srv/_get_pulse_s.c\n'}
[412.652844] (robomaster_msgs) StdoutLine: {'line': b'-- Installing: /home/cricchetto/Robomaster_WS/install/robomaster_msgs/local/lib/python3.10/dist-packages/robomaster_msgs/srv/_get_servo_angle_s.c\n'}
[412.654019] (robomaster_msgs) StdoutLine: {'line': b'-- Installing: /home/cricchetto/Robomaster_WS/install/robomaster_msgs/local/lib/python3.10/dist-packages/robomaster_msgs/srv/_get_adc_s.c\n'}
[412.655109] (robomaster_msgs) StdoutLine: {'line': b'-- Installing: /home/cricchetto/Robomaster_WS/install/robomaster_msgs/local/lib/python3.10/dist-packages/robomaster_msgs/srv/_get_io.py\n'}
[412.656388] (robomaster_msgs) StdoutLine: {'line': b'-- Installing: /home/cricchetto/Robomaster_WS/install/robomaster_msgs/local/lib/python3.10/dist-packages/robomaster_msgs/srv/_get_pulse.py\n'}
[412.657550] (robomaster_msgs) StdoutLine: {'line': b'-- Installing: /home/cricchetto/Robomaster_WS/install/robomaster_msgs/local/lib/python3.10/dist-packages/robomaster_msgs/srv/_get_servo_angle.py\n'}
[412.710414] (-) TimerEvent: {}
[412.811200] (-) TimerEvent: {}
[412.912407] (-) TimerEvent: {}
[413.013129] (-) TimerEvent: {}
[413.113781] (-) TimerEvent: {}
[413.116603] (robomaster_msgs) StdoutLine: {'line': b"Listing '/home/cricchetto/Robomaster_WS/install/robomaster_msgs/local/lib/python3.10/dist-packages/robomaster_msgs'...\n"}
[413.118108] (robomaster_msgs) StdoutLine: {'line': b"Compiling '/home/cricchetto/Robomaster_WS/install/robomaster_msgs/local/lib/python3.10/dist-packages/robomaster_msgs/__init__.py'...\n"}
[413.119109] (robomaster_msgs) StdoutLine: {'line': b"Listing '/home/cricchetto/Robomaster_WS/install/robomaster_msgs/local/lib/python3.10/dist-packages/robomaster_msgs/action'...\n"}
[413.119981] (robomaster_msgs) StdoutLine: {'line': b"Compiling '/home/cricchetto/Robomaster_WS/install/robomaster_msgs/local/lib/python3.10/dist-packages/robomaster_msgs/action/__init__.py'...\n"}
[413.120907] (robomaster_msgs) StdoutLine: {'line': b"Compiling '/home/cricchetto/Robomaster_WS/install/robomaster_msgs/local/lib/python3.10/dist-packages/robomaster_msgs/action/_gripper_control.py'...\n"}
[413.121792] (robomaster_msgs) StdoutLine: {'line': b"Compiling '/home/cricchetto/Robomaster_WS/install/robomaster_msgs/local/lib/python3.10/dist-packages/robomaster_msgs/action/_move.py'...\n"}
[413.122501] (robomaster_msgs) StdoutLine: {'line': b"Compiling '/home/cricchetto/Robomaster_WS/install/robomaster_msgs/local/lib/python3.10/dist-packages/robomaster_msgs/action/_move_arm.py'...\n"}
[413.123507] (robomaster_msgs) StdoutLine: {'line': b"Compiling '/home/cricchetto/Robomaster_WS/install/robomaster_msgs/local/lib/python3.10/dist-packages/robomaster_msgs/action/_move_gimbal.py'...\n"}
[413.124540] (robomaster_msgs) StdoutLine: {'line': b"Compiling '/home/cricchetto/Robomaster_WS/install/robomaster_msgs/local/lib/python3.10/dist-packages/robomaster_msgs/action/_move_servo.py'...\n"}
[413.125494] (robomaster_msgs) StdoutLine: {'line': b"Compiling '/home/cricchetto/Robomaster_WS/install/robomaster_msgs/local/lib/python3.10/dist-packages/robomaster_msgs/action/_play_sound.py'...\n"}
[413.126486] (robomaster_msgs) StdoutLine: {'line': b"Compiling '/home/cricchetto/Robomaster_WS/install/robomaster_msgs/local/lib/python3.10/dist-packages/robomaster_msgs/action/_recenter_gimbal.py'...\n"}
[413.127422] (robomaster_msgs) StdoutLine: {'line': b"Listing '/home/cricchetto/Robomaster_WS/install/robomaster_msgs/local/lib/python3.10/dist-packages/robomaster_msgs/msg'...\n"}
[413.128188] (robomaster_msgs) StdoutLine: {'line': b"Compiling '/home/cricchetto/Robomaster_WS/install/robomaster_msgs/local/lib/python3.10/dist-packages/robomaster_msgs/msg/__init__.py'...\n"}
[413.128961] (robomaster_msgs) StdoutLine: {'line': b"Compiling '/home/cricchetto/Robomaster_WS/install/robomaster_msgs/local/lib/python3.10/dist-packages/robomaster_msgs/msg/_armor_hit.py'...\n"}
[413.129861] (robomaster_msgs) StdoutLine: {'line': b"Compiling '/home/cricchetto/Robomaster_WS/install/robomaster_msgs/local/lib/python3.10/dist-packages/robomaster_msgs/msg/_audio_data.py'...\n"}
[413.130507] (robomaster_msgs) StdoutLine: {'line': b"Compiling '/home/cricchetto/Robomaster_WS/install/robomaster_msgs/local/lib/python3.10/dist-packages/robomaster_msgs/msg/_audio_level.py'...\n"}
[413.130979] (robomaster_msgs) StdoutLine: {'line': b"Compiling '/home/cricchetto/Robomaster_WS/install/robomaster_msgs/local/lib/python3.10/dist-packages/robomaster_msgs/msg/_audio_opus.py'...\n"}
[413.131392] (robomaster_msgs) StdoutLine: {'line': b"Compiling '/home/cricchetto/Robomaster_WS/install/robomaster_msgs/local/lib/python3.10/dist-packages/robomaster_msgs/msg/_blaster_led.py'...\n"}
[413.131922] (robomaster_msgs) StdoutLine: {'line': b"Compiling '/home/cricchetto/Robomaster_WS/install/robomaster_msgs/local/lib/python3.10/dist-packages/robomaster_msgs/msg/_camera_config.py'...\n"}
[413.132387] (robomaster_msgs) StdoutLine: {'line': b"Compiling '/home/cricchetto/Robomaster_WS/install/robomaster_msgs/local/lib/python3.10/dist-packages/robomaster_msgs/msg/_chassis_status.py'...\n"}
[413.132799] (robomaster_msgs) StdoutLine: {'line': b"Compiling '/home/cricchetto/Robomaster_WS/install/robomaster_msgs/local/lib/python3.10/dist-packages/robomaster_msgs/msg/_detected_gesture.py'...\n"}
[413.133183] (robomaster_msgs) StdoutLine: {'line': b"Compiling '/home/cricchetto/Robomaster_WS/install/robomaster_msgs/local/lib/python3.10/dist-packages/robomaster_msgs/msg/_detected_line.py'...\n"}
[413.133581] (robomaster_msgs) StdoutLine: {'line': b"Compiling '/home/cricchetto/Robomaster_WS/install/robomaster_msgs/local/lib/python3.10/dist-packages/robomaster_msgs/msg/_detected_marker.py'...\n"}
[413.134025] (robomaster_msgs) StdoutLine: {'line': b"Compiling '/home/cricchetto/Robomaster_WS/install/robomaster_msgs/local/lib/python3.10/dist-packages/robomaster_msgs/msg/_detected_person.py'...\n"}
[413.134540] (robomaster_msgs) StdoutLine: {'line': b"Compiling '/home/cricchetto/Robomaster_WS/install/robomaster_msgs/local/lib/python3.10/dist-packages/robomaster_msgs/msg/_detected_robot.py'...\n"}
[413.135203] (robomaster_msgs) StdoutLine: {'line': b"Compiling '/home/cricchetto/Robomaster_WS/install/robomaster_msgs/local/lib/python3.10/dist-packages/robomaster_msgs/msg/_detection.py'...\n"}
[413.135856] (robomaster_msgs) StdoutLine: {'line': b"Compiling '/home/cricchetto/Robomaster_WS/install/robomaster_msgs/local/lib/python3.10/dist-packages/robomaster_msgs/msg/_gimbal_command.py'...\n"}
[413.136888] (robomaster_msgs) StdoutLine: {'line': b"Compiling '/home/cricchetto/Robomaster_WS/install/robomaster_msgs/local/lib/python3.10/dist-packages/robomaster_msgs/msg/_gripper_state.py'...\n"}
[413.137777] (robomaster_msgs) StdoutLine: {'line': b"Compiling '/home/cricchetto/Robomaster_WS/install/robomaster_msgs/local/lib/python3.10/dist-packages/robomaster_msgs/msg/_h264_packet.py'...\n"}
[413.138396] (robomaster_msgs) StdoutLine: {'line': b"Compiling '/home/cricchetto/Robomaster_WS/install/robomaster_msgs/local/lib/python3.10/dist-packages/robomaster_msgs/msg/_led_effect.py'...\n"}
[413.138862] (robomaster_msgs) StdoutLine: {'line': b"Compiling '/home/cricchetto/Robomaster_WS/install/robomaster_msgs/local/lib/python3.10/dist-packages/robomaster_msgs/msg/_mode.py'...\n"}
[413.139460] (robomaster_msgs) StdoutLine: {'line': b"Compiling '/home/cricchetto/Robomaster_WS/install/robomaster_msgs/local/lib/python3.10/dist-packages/robomaster_msgs/msg/_pwm.py'...\n"}
[413.140350] (robomaster_msgs) StdoutLine: {'line': b"Compiling '/home/cricchetto/Robomaster_WS/install/robomaster_msgs/local/lib/python3.10/dist-packages/robomaster_msgs/msg/_region_of_interest.py'...\n"}
[413.141942] (robomaster_msgs) StdoutLine: {'line': b"Compiling '/home/cricchetto/Robomaster_WS/install/robomaster_msgs/local/lib/python3.10/dist-packages/robomaster_msgs/msg/_s_bus.py'...\n"}
[413.142359] (robomaster_msgs) StdoutLine: {'line': b"Compiling '/home/cricchetto/Robomaster_WS/install/robomaster_msgs/local/lib/python3.10/dist-packages/robomaster_msgs/msg/_sensor_adapter.py'...\n"}
[413.142660] (robomaster_msgs) StdoutLine: {'line': b"Compiling '/home/cricchetto/Robomaster_WS/install/robomaster_msgs/local/lib/python3.10/dist-packages/robomaster_msgs/msg/_serial.py'...\n"}
[413.143006] (robomaster_msgs) StdoutLine: {'line': b"Compiling '/home/cricchetto/Robomaster_WS/install/robomaster_msgs/local/lib/python3.10/dist-packages/robomaster_msgs/msg/_servo_command.py'...\n"}
[413.143299] (robomaster_msgs) StdoutLine: {'line': b"Compiling '/home/cricchetto/Robomaster_WS/install/robomaster_msgs/local/lib/python3.10/dist-packages/robomaster_msgs/msg/_servo_raw_state.py'...\n"}
[413.143585] (robomaster_msgs) StdoutLine: {'line': b"Compiling '/home/cricchetto/Robomaster_WS/install/robomaster_msgs/local/lib/python3.10/dist-packages/robomaster_msgs/msg/_speaker_command.py'...\n"}
[413.144025] (robomaster_msgs) StdoutLine: {'line': b"Compiling '/home/cricchetto/Robomaster_WS/install/robomaster_msgs/local/lib/python3.10/dist-packages/robomaster_msgs/msg/_wheel_speeds.py'...\n"}
[413.144325] (robomaster_msgs) StdoutLine: {'line': b"Listing '/home/cricchetto/Robomaster_WS/install/robomaster_msgs/local/lib/python3.10/dist-packages/robomaster_msgs/srv'...\n"}
[413.144599] (robomaster_msgs) StdoutLine: {'line': b"Compiling '/home/cricchetto/Robomaster_WS/install/robomaster_msgs/local/lib/python3.10/dist-packages/robomaster_msgs/srv/__init__.py'...\n"}
[413.144867] (robomaster_msgs) StdoutLine: {'line': b"Compiling '/home/cricchetto/Robomaster_WS/install/robomaster_msgs/local/lib/python3.10/dist-packages/robomaster_msgs/srv/_get_adc.py'...\n"}
[413.145113] (robomaster_msgs) StdoutLine: {'line': b"Compiling '/home/cricchetto/Robomaster_WS/install/robomaster_msgs/local/lib/python3.10/dist-packages/robomaster_msgs/srv/_get_io.py'...\n"}
[413.145374] (robomaster_msgs) StdoutLine: {'line': b"Compiling '/home/cricchetto/Robomaster_WS/install/robomaster_msgs/local/lib/python3.10/dist-packages/robomaster_msgs/srv/_get_pulse.py'...\n"}
[413.145676] (robomaster_msgs) StdoutLine: {'line': b"Compiling '/home/cricchetto/Robomaster_WS/install/robomaster_msgs/local/lib/python3.10/dist-packages/robomaster_msgs/srv/_get_servo_angle.py'...\n"}
[413.146323] (robomaster_msgs) StdoutLine: {'line': b'-- Installing: /home/cricchetto/Robomaster_WS/install/robomaster_msgs/local/lib/python3.10/dist-packages/robomaster_msgs/robomaster_msgs_s__rosidl_typesupport_fastrtps_c.cpython-310-aarch64-linux-gnu.so\n'}
[413.151558] (robomaster_msgs) StdoutLine: {'line': b'-- Set runtime path of "/home/cricchetto/Robomaster_WS/install/robomaster_msgs/local/lib/python3.10/dist-packages/robomaster_msgs/robomaster_msgs_s__rosidl_typesupport_fastrtps_c.cpython-310-aarch64-linux-gnu.so" to ""\n'}
[413.153548] (robomaster_msgs) StdoutLine: {'line': b'-- Installing: /home/cricchetto/Robomaster_WS/install/robomaster_msgs/local/lib/python3.10/dist-packages/robomaster_msgs/robomaster_msgs_s__rosidl_typesupport_introspection_c.cpython-310-aarch64-linux-gnu.so\n'}
[413.160070] (robomaster_msgs) StdoutLine: {'line': b'-- Set runtime path of "/home/cricchetto/Robomaster_WS/install/robomaster_msgs/local/lib/python3.10/dist-packages/robomaster_msgs/robomaster_msgs_s__rosidl_typesupport_introspection_c.cpython-310-aarch64-linux-gnu.so" to ""\n'}
[413.162439] (robomaster_msgs) StdoutLine: {'line': b'-- Installing: /home/cricchetto/Robomaster_WS/install/robomaster_msgs/local/lib/python3.10/dist-packages/robomaster_msgs/robomaster_msgs_s__rosidl_typesupport_c.cpython-310-aarch64-linux-gnu.so\n'}
[413.168049] (robomaster_msgs) StdoutLine: {'line': b'-- Set runtime path of "/home/cricchetto/Robomaster_WS/install/robomaster_msgs/local/lib/python3.10/dist-packages/robomaster_msgs/robomaster_msgs_s__rosidl_typesupport_c.cpython-310-aarch64-linux-gnu.so" to ""\n'}
[413.168702] (robomaster_msgs) StdoutLine: {'line': b'-- Installing: /home/cricchetto/Robomaster_WS/install/robomaster_msgs/lib/librobomaster_msgs__rosidl_generator_py.so\n'}
[413.174237] (robomaster_msgs) StdoutLine: {'line': b'-- Set runtime path of "/home/cricchetto/Robomaster_WS/install/robomaster_msgs/lib/librobomaster_msgs__rosidl_generator_py.so" to ""\n'}
[413.174905] (robomaster_msgs) StdoutLine: {'line': b'-- Installing: /home/cricchetto/Robomaster_WS/install/robomaster_msgs/share/robomaster_msgs/msg/WheelSpeeds.idl\n'}
[413.176713] (robomaster_msgs) StdoutLine: {'line': b'-- Installing: /home/cricchetto/Robomaster_WS/install/robomaster_msgs/share/robomaster_msgs/msg/LEDEffect.idl\n'}
[413.178387] (robomaster_msgs) StdoutLine: {'line': b'-- Installing: /home/cricchetto/Robomaster_WS/install/robomaster_msgs/share/robomaster_msgs/msg/ChassisStatus.idl\n'}
[413.180031] (robomaster_msgs) StdoutLine: {'line': b'-- Installing: /home/cricchetto/Robomaster_WS/install/robomaster_msgs/share/robomaster_msgs/msg/SBus.idl\n'}
[413.181552] (robomaster_msgs) StdoutLine: {'line': b'-- Installing: /home/cricchetto/Robomaster_WS/install/robomaster_msgs/share/robomaster_msgs/msg/PWM.idl\n'}
[413.183015] (robomaster_msgs) StdoutLine: {'line': b'-- Installing: /home/cricchetto/Robomaster_WS/install/robomaster_msgs/share/robomaster_msgs/msg/GripperState.idl\n'}
[413.184762] (robomaster_msgs) StdoutLine: {'line': b'-- Installing: /home/cricchetto/Robomaster_WS/install/robomaster_msgs/share/robomaster_msgs/msg/CameraConfig.idl\n'}
[413.186306] (robomaster_msgs) StdoutLine: {'line': b'-- Installing: /home/cricchetto/Robomaster_WS/install/robomaster_msgs/share/robomaster_msgs/msg/ArmorHit.idl\n'}
[413.187840] (robomaster_msgs) StdoutLine: {'line': b'-- Installing: /home/cricchetto/Robomaster_WS/install/robomaster_msgs/share/robomaster_msgs/msg/DetectedLine.idl\n'}
[413.189518] (robomaster_msgs) StdoutLine: {'line': b'-- Installing: /home/cricchetto/Robomaster_WS/install/robomaster_msgs/share/robomaster_msgs/msg/DetectedGesture.idl\n'}
[413.191248] (robomaster_msgs) StdoutLine: {'line': b'-- Installing: /home/cricchetto/Robomaster_WS/install/robomaster_msgs/share/robomaster_msgs/msg/DetectedMarker.idl\n'}
[413.193029] (robomaster_msgs) StdoutLine: {'line': b'-- Installing: /home/cricchetto/Robomaster_WS/install/robomaster_msgs/share/robomaster_msgs/msg/DetectedPerson.idl\n'}
[413.194422] (robomaster_msgs) StdoutLine: {'line': b'-- Installing: /home/cricchetto/Robomaster_WS/install/robomaster_msgs/share/robomaster_msgs/msg/DetectedRobot.idl\n'}
[413.196210] (robomaster_msgs) StdoutLine: {'line': b'-- Installing: /home/cricchetto/Robomaster_WS/install/robomaster_msgs/share/robomaster_msgs/msg/Detection.idl\n'}
[413.197877] (robomaster_msgs) StdoutLine: {'line': b'-- Installing: /home/cricchetto/Robomaster_WS/install/robomaster_msgs/share/robomaster_msgs/msg/RegionOfInterest.idl\n'}
[413.199444] (robomaster_msgs) StdoutLine: {'line': b'-- Installing: /home/cricchetto/Robomaster_WS/install/robomaster_msgs/share/robomaster_msgs/msg/Serial.idl\n'}
[413.201018] (robomaster_msgs) StdoutLine: {'line': b'-- Installing: /home/cricchetto/Robomaster_WS/install/robomaster_msgs/share/robomaster_msgs/msg/ServoCommand.idl\n'}
[413.202560] (robomaster_msgs) StdoutLine: {'line': b'-- Installing: /home/cricchetto/Robomaster_WS/install/robomaster_msgs/share/robomaster_msgs/msg/GimbalCommand.idl\n'}
[413.204392] (robomaster_msgs) StdoutLine: {'line': b'-- Installing: /home/cricchetto/Robomaster_WS/install/robomaster_msgs/share/robomaster_msgs/msg/BlasterLED.idl\n'}
[413.205932] (robomaster_msgs) StdoutLine: {'line': b'-- Installing: /home/cricchetto/Robomaster_WS/install/robomaster_msgs/share/robomaster_msgs/msg/Mode.idl\n'}
[413.207427] (robomaster_msgs) StdoutLine: {'line': b'-- Installing: /home/cricchetto/Robomaster_WS/install/robomaster_msgs/share/robomaster_msgs/msg/AudioData.idl\n'}
[413.208993] (robomaster_msgs) StdoutLine: {'line': b'-- Installing: /home/cricchetto/Robomaster_WS/install/robomaster_msgs/share/robomaster_msgs/msg/AudioLevel.idl\n'}
[413.210673] (robomaster_msgs) StdoutLine: {'line': b'-- Installing: /home/cricchetto/Robomaster_WS/install/robomaster_msgs/share/robomaster_msgs/msg/AudioOpus.idl\n'}
[413.212226] (robomaster_msgs) StdoutLine: {'line': b'-- Installing: /home/cricchetto/Robomaster_WS/install/robomaster_msgs/share/robomaster_msgs/msg/H264Packet.idl\n'}
[413.213773] (robomaster_msgs) StdoutLine: {'line': b'-- Installing: /home/cricchetto/Robomaster_WS/install/robomaster_msgs/share/robomaster_msgs/msg/SensorAdapter.idl\n'}
[413.214216] (-) TimerEvent: {}
[413.215481] (robomaster_msgs) StdoutLine: {'line': b'-- Installing: /home/cricchetto/Robomaster_WS/install/robomaster_msgs/share/robomaster_msgs/msg/ServoRawState.idl\n'}
[413.217334] (robomaster_msgs) StdoutLine: {'line': b'-- Installing: /home/cricchetto/Robomaster_WS/install/robomaster_msgs/share/robomaster_msgs/msg/SpeakerCommand.idl\n'}
[413.219190] (robomaster_msgs) StdoutLine: {'line': b'-- Installing: /home/cricchetto/Robomaster_WS/install/robomaster_msgs/share/robomaster_msgs/action/Move.idl\n'}
[413.220717] (robomaster_msgs) StdoutLine: {'line': b'-- Installing: /home/cricchetto/Robomaster_WS/install/robomaster_msgs/share/robomaster_msgs/action/MoveArm.idl\n'}
[413.222240] (robomaster_msgs) StdoutLine: {'line': b'-- Installing: /home/cricchetto/Robomaster_WS/install/robomaster_msgs/share/robomaster_msgs/action/GripperControl.idl\n'}
[413.224127] (robomaster_msgs) StdoutLine: {'line': b'-- Installing: /home/cricchetto/Robomaster_WS/install/robomaster_msgs/share/robomaster_msgs/action/PlaySound.idl\n'}
[413.225680] (robomaster_msgs) StdoutLine: {'line': b'-- Installing: /home/cricchetto/Robomaster_WS/install/robomaster_msgs/share/robomaster_msgs/action/MoveServo.idl\n'}
[413.227275] (robomaster_msgs) StdoutLine: {'line': b'-- Installing: /home/cricchetto/Robomaster_WS/install/robomaster_msgs/share/robomaster_msgs/action/MoveGimbal.idl\n'}
[413.228822] (robomaster_msgs) StdoutLine: {'line': b'-- Installing: /home/cricchetto/Robomaster_WS/install/robomaster_msgs/share/robomaster_msgs/action/RecenterGimbal.idl\n'}
[413.230849] (robomaster_msgs) StdoutLine: {'line': b'-- Installing: /home/cricchetto/Robomaster_WS/install/robomaster_msgs/share/robomaster_msgs/srv/GetADC.idl\n'}
[413.232574] (robomaster_msgs) StdoutLine: {'line': b'-- Installing: /home/cricchetto/Robomaster_WS/install/robomaster_msgs/share/robomaster_msgs/srv/GetIO.idl\n'}
[413.233926] (robomaster_msgs) StdoutLine: {'line': b'-- Installing: /home/cricchetto/Robomaster_WS/install/robomaster_msgs/share/robomaster_msgs/srv/GetPulse.idl\n'}
[413.235580] (robomaster_msgs) StdoutLine: {'line': b'-- Installing: /home/cricchetto/Robomaster_WS/install/robomaster_msgs/share/robomaster_msgs/srv/GetServoAngle.idl\n'}
[413.237331] (robomaster_msgs) StdoutLine: {'line': b'-- Installing: /home/cricchetto/Robomaster_WS/install/robomaster_msgs/share/robomaster_msgs/msg/WheelSpeeds.msg\n'}
[413.238875] (robomaster_msgs) StdoutLine: {'line': b'-- Installing: /home/cricchetto/Robomaster_WS/install/robomaster_msgs/share/robomaster_msgs/msg/LEDEffect.msg\n'}
[413.240539] (robomaster_msgs) StdoutLine: {'line': b'-- Installing: /home/cricchetto/Robomaster_WS/install/robomaster_msgs/share/robomaster_msgs/msg/ChassisStatus.msg\n'}
[413.242038] (robomaster_msgs) StdoutLine: {'line': b'-- Installing: /home/cricchetto/Robomaster_WS/install/robomaster_msgs/share/robomaster_msgs/msg/SBus.msg\n'}
[413.243637] (robomaster_msgs) StdoutLine: {'line': b'-- Installing: /home/cricchetto/Robomaster_WS/install/robomaster_msgs/share/robomaster_msgs/msg/PWM.msg\n'}
[413.245186] (robomaster_msgs) StdoutLine: {'line': b'-- Installing: /home/cricchetto/Robomaster_WS/install/robomaster_msgs/share/robomaster_msgs/msg/GripperState.msg\n'}
[413.246702] (robomaster_msgs) StdoutLine: {'line': b'-- Installing: /home/cricchetto/Robomaster_WS/install/robomaster_msgs/share/robomaster_msgs/msg/CameraConfig.msg\n'}
[413.248402] (robomaster_msgs) StdoutLine: {'line': b'-- Installing: /home/cricchetto/Robomaster_WS/install/robomaster_msgs/share/robomaster_msgs/msg/ArmorHit.msg\n'}
[413.250075] (robomaster_msgs) StdoutLine: {'line': b'-- Installing: /home/cricchetto/Robomaster_WS/install/robomaster_msgs/share/robomaster_msgs/msg/DetectedLine.msg\n'}
[413.251606] (robomaster_msgs) StdoutLine: {'line': b'-- Installing: /home/cricchetto/Robomaster_WS/install/robomaster_msgs/share/robomaster_msgs/msg/DetectedGesture.msg\n'}
[413.253199] (robomaster_msgs) StdoutLine: {'line': b'-- Installing: /home/cricchetto/Robomaster_WS/install/robomaster_msgs/share/robomaster_msgs/msg/DetectedMarker.msg\n'}
[413.254700] (robomaster_msgs) StdoutLine: {'line': b'-- Installing: /home/cricchetto/Robomaster_WS/install/robomaster_msgs/share/robomaster_msgs/msg/DetectedPerson.msg\n'}
[413.256431] (robomaster_msgs) StdoutLine: {'line': b'-- Installing: /home/cricchetto/Robomaster_WS/install/robomaster_msgs/share/robomaster_msgs/msg/DetectedRobot.msg\n'}
[413.257967] (robomaster_msgs) StdoutLine: {'line': b'-- Installing: /home/cricchetto/Robomaster_WS/install/robomaster_msgs/share/robomaster_msgs/msg/Detection.msg\n'}
[413.259487] (robomaster_msgs) StdoutLine: {'line': b'-- Installing: /home/cricchetto/Robomaster_WS/install/robomaster_msgs/share/robomaster_msgs/msg/RegionOfInterest.msg\n'}
[413.261096] (robomaster_msgs) StdoutLine: {'line': b'-- Installing: /home/cricchetto/Robomaster_WS/install/robomaster_msgs/share/robomaster_msgs/msg/Serial.msg\n'}
[413.262802] (robomaster_msgs) StdoutLine: {'line': b'-- Installing: /home/cricchetto/Robomaster_WS/install/robomaster_msgs/share/robomaster_msgs/msg/ServoCommand.msg\n'}
[413.264729] (robomaster_msgs) StdoutLine: {'line': b'-- Installing: /home/cricchetto/Robomaster_WS/install/robomaster_msgs/share/robomaster_msgs/msg/GimbalCommand.msg\n'}
[413.266095] (robomaster_msgs) StdoutLine: {'line': b'-- Installing: /home/cricchetto/Robomaster_WS/install/robomaster_msgs/share/robomaster_msgs/msg/BlasterLED.msg\n'}
[413.267767] (robomaster_msgs) StdoutLine: {'line': b'-- Installing: /home/cricchetto/Robomaster_WS/install/robomaster_msgs/share/robomaster_msgs/msg/Mode.msg\n'}
[413.269449] (robomaster_msgs) StdoutLine: {'line': b'-- Installing: /home/cricchetto/Robomaster_WS/install/robomaster_msgs/share/robomaster_msgs/msg/AudioData.msg\n'}
[413.270951] (robomaster_msgs) StdoutLine: {'line': b'-- Installing: /home/cricchetto/Robomaster_WS/install/robomaster_msgs/share/robomaster_msgs/msg/AudioLevel.msg\n'}
[413.272493] (robomaster_msgs) StdoutLine: {'line': b'-- Installing: /home/cricchetto/Robomaster_WS/install/robomaster_msgs/share/robomaster_msgs/msg/AudioOpus.msg\n'}
[413.273951] (robomaster_msgs) StdoutLine: {'line': b'-- Installing: /home/cricchetto/Robomaster_WS/install/robomaster_msgs/share/robomaster_msgs/msg/H264Packet.msg\n'}
[413.275625] (robomaster_msgs) StdoutLine: {'line': b'-- Installing: /home/cricchetto/Robomaster_WS/install/robomaster_msgs/share/robomaster_msgs/msg/SensorAdapter.msg\n'}
[413.277188] (robomaster_msgs) StdoutLine: {'line': b'-- Installing: /home/cricchetto/Robomaster_WS/install/robomaster_msgs/share/robomaster_msgs/msg/ServoRawState.msg\n'}
[413.278712] (robomaster_msgs) StdoutLine: {'line': b'-- Installing: /home/cricchetto/Robomaster_WS/install/robomaster_msgs/share/robomaster_msgs/msg/SpeakerCommand.msg\n'}
[413.280400] (robomaster_msgs) StdoutLine: {'line': b'-- Installing: /home/cricchetto/Robomaster_WS/install/robomaster_msgs/share/robomaster_msgs/action/Move.action\n'}
[413.282079] (robomaster_msgs) StdoutLine: {'line': b'-- Installing: /home/cricchetto/Robomaster_WS/install/robomaster_msgs/share/robomaster_msgs/action/MoveArm.action\n'}
[413.283607] (robomaster_msgs) StdoutLine: {'line': b'-- Installing: /home/cricchetto/Robomaster_WS/install/robomaster_msgs/share/robomaster_msgs/action/GripperControl.action\n'}
[413.285227] (robomaster_msgs) StdoutLine: {'line': b'-- Installing: /home/cricchetto/Robomaster_WS/install/robomaster_msgs/share/robomaster_msgs/action/PlaySound.action\n'}
[413.286727] (robomaster_msgs) StdoutLine: {'line': b'-- Installing: /home/cricchetto/Robomaster_WS/install/robomaster_msgs/share/robomaster_msgs/action/MoveServo.action\n'}
[413.288471] (robomaster_msgs) StdoutLine: {'line': b'-- Installing: /home/cricchetto/Robomaster_WS/install/robomaster_msgs/share/robomaster_msgs/action/MoveGimbal.action\n'}
[413.290087] (robomaster_msgs) StdoutLine: {'line': b'-- Installing: /home/cricchetto/Robomaster_WS/install/robomaster_msgs/share/robomaster_msgs/action/RecenterGimbal.action\n'}
[413.291698] (robomaster_msgs) StdoutLine: {'line': b'-- Installing: /home/cricchetto/Robomaster_WS/install/robomaster_msgs/share/robomaster_msgs/srv/GetADC.srv\n'}
[413.293247] (robomaster_msgs) StdoutLine: {'line': b'-- Installing: /home/cricchetto/Robomaster_WS/install/robomaster_msgs/share/robomaster_msgs/srv/GetADC_Request.msg\n'}
[413.295014] (robomaster_msgs) StdoutLine: {'line': b'-- Installing: /home/cricchetto/Robomaster_WS/install/robomaster_msgs/share/robomaster_msgs/srv/GetADC_Response.msg\n'}
[413.296963] (robomaster_msgs) StdoutLine: {'line': b'-- Installing: /home/cricchetto/Robomaster_WS/install/robomaster_msgs/share/robomaster_msgs/srv/GetIO.srv\n'}
[413.298312] (robomaster_msgs) StdoutLine: {'line': b'-- Installing: /home/cricchetto/Robomaster_WS/install/robomaster_msgs/share/robomaster_msgs/srv/GetIO_Request.msg\n'}
[413.300007] (robomaster_msgs) StdoutLine: {'line': b'-- Installing: /home/cricchetto/Robomaster_WS/install/robomaster_msgs/share/robomaster_msgs/srv/GetIO_Response.msg\n'}
[413.301736] (robomaster_msgs) StdoutLine: {'line': b'-- Installing: /home/cricchetto/Robomaster_WS/install/robomaster_msgs/share/robomaster_msgs/srv/GetPulse.srv\n'}
[413.303245] (robomaster_msgs) StdoutLine: {'line': b'-- Installing: /home/cricchetto/Robomaster_WS/install/robomaster_msgs/share/robomaster_msgs/srv/GetPulse_Request.msg\n'}
[413.304962] (robomaster_msgs) StdoutLine: {'line': b'-- Installing: /home/cricchetto/Robomaster_WS/install/robomaster_msgs/share/robomaster_msgs/srv/GetPulse_Response.msg\n'}
[413.306481] (robomaster_msgs) StdoutLine: {'line': b'-- Installing: /home/cricchetto/Robomaster_WS/install/robomaster_msgs/share/robomaster_msgs/srv/GetServoAngle.srv\n'}
[413.308217] (robomaster_msgs) StdoutLine: {'line': b'-- Installing: /home/cricchetto/Robomaster_WS/install/robomaster_msgs/share/robomaster_msgs/srv/GetServoAngle_Request.msg\n'}
[413.309816] (robomaster_msgs) StdoutLine: {'line': b'-- Installing: /home/cricchetto/Robomaster_WS/install/robomaster_msgs/share/robomaster_msgs/srv/GetServoAngle_Response.msg\n'}
[413.311841] (robomaster_msgs) StdoutLine: {'line': b'-- Installing: /home/cricchetto/Robomaster_WS/install/robomaster_msgs/share/ament_index/resource_index/package_run_dependencies/robomaster_msgs\n'}
[413.313877] (robomaster_msgs) StdoutLine: {'line': b'-- Installing: /home/cricchetto/Robomaster_WS/install/robomaster_msgs/share/ament_index/resource_index/parent_prefix_path/robomaster_msgs\n'}
[413.314378] (-) TimerEvent: {}
[413.315789] (robomaster_msgs) StdoutLine: {'line': b'-- Installing: /home/cricchetto/Robomaster_WS/install/robomaster_msgs/share/robomaster_msgs/environment/ament_prefix_path.sh\n'}
[413.317450] (robomaster_msgs) StdoutLine: {'line': b'-- Installing: /home/cricchetto/Robomaster_WS/install/robomaster_msgs/share/robomaster_msgs/environment/ament_prefix_path.dsv\n'}
[413.319049] (robomaster_msgs) StdoutLine: {'line': b'-- Installing: /home/cricchetto/Robomaster_WS/install/robomaster_msgs/share/robomaster_msgs/environment/path.sh\n'}
[413.320817] (robomaster_msgs) StdoutLine: {'line': b'-- Installing: /home/cricchetto/Robomaster_WS/install/robomaster_msgs/share/robomaster_msgs/environment/path.dsv\n'}
[413.322569] (robomaster_msgs) StdoutLine: {'line': b'-- Installing: /home/cricchetto/Robomaster_WS/install/robomaster_msgs/share/robomaster_msgs/local_setup.bash\n'}
[413.324168] (robomaster_msgs) StdoutLine: {'line': b'-- Installing: /home/cricchetto/Robomaster_WS/install/robomaster_msgs/share/robomaster_msgs/local_setup.sh\n'}
[413.325752] (robomaster_msgs) StdoutLine: {'line': b'-- Installing: /home/cricchetto/Robomaster_WS/install/robomaster_msgs/share/robomaster_msgs/local_setup.zsh\n'}
[413.327274] (robomaster_msgs) StdoutLine: {'line': b'-- Installing: /home/cricchetto/Robomaster_WS/install/robomaster_msgs/share/robomaster_msgs/local_setup.dsv\n'}
[413.329132] (robomaster_msgs) StdoutLine: {'line': b'-- Installing: /home/cricchetto/Robomaster_WS/install/robomaster_msgs/share/robomaster_msgs/package.dsv\n'}
[413.331227] (robomaster_msgs) StdoutLine: {'line': b'-- Installing: /home/cricchetto/Robomaster_WS/install/robomaster_msgs/share/ament_index/resource_index/packages/robomaster_msgs\n'}
[413.333134] (robomaster_msgs) StdoutLine: {'line': b'-- Installing: /home/cricchetto/Robomaster_WS/install/robomaster_msgs/share/robomaster_msgs/cmake/export_robomaster_msgs__rosidl_generator_cExport.cmake\n'}
[413.335084] (robomaster_msgs) StdoutLine: {'line': b'-- Installing: /home/cricchetto/Robomaster_WS/install/robomaster_msgs/share/robomaster_msgs/cmake/export_robomaster_msgs__rosidl_generator_cExport-noconfig.cmake\n'}
[413.337218] (robomaster_msgs) StdoutLine: {'line': b'-- Installing: /home/cricchetto/Robomaster_WS/install/robomaster_msgs/share/robomaster_msgs/cmake/export_robomaster_msgs__rosidl_typesupport_fastrtps_cExport.cmake\n'}
[413.339116] (robomaster_msgs) StdoutLine: {'line': b'-- Installing: /home/cricchetto/Robomaster_WS/install/robomaster_msgs/share/robomaster_msgs/cmake/export_robomaster_msgs__rosidl_typesupport_fastrtps_cExport-noconfig.cmake\n'}
[413.341081] (robomaster_msgs) StdoutLine: {'line': b'-- Installing: /home/cricchetto/Robomaster_WS/install/robomaster_msgs/share/robomaster_msgs/cmake/robomaster_msgs__rosidl_typesupport_introspection_cExport.cmake\n'}
[413.343147] (robomaster_msgs) StdoutLine: {'line': b'-- Installing: /home/cricchetto/Robomaster_WS/install/robomaster_msgs/share/robomaster_msgs/cmake/robomaster_msgs__rosidl_typesupport_introspection_cExport-noconfig.cmake\n'}
[413.345265] (robomaster_msgs) StdoutLine: {'line': b'-- Installing: /home/cricchetto/Robomaster_WS/install/robomaster_msgs/share/robomaster_msgs/cmake/robomaster_msgs__rosidl_typesupport_cExport.cmake\n'}
[413.347057] (robomaster_msgs) StdoutLine: {'line': b'-- Installing: /home/cricchetto/Robomaster_WS/install/robomaster_msgs/share/robomaster_msgs/cmake/robomaster_msgs__rosidl_typesupport_cExport-noconfig.cmake\n'}
[413.348979] (robomaster_msgs) StdoutLine: {'line': b'-- Installing: /home/cricchetto/Robomaster_WS/install/robomaster_msgs/share/robomaster_msgs/cmake/export_robomaster_msgs__rosidl_generator_cppExport.cmake\n'}
[413.351033] (robomaster_msgs) StdoutLine: {'line': b'-- Installing: /home/cricchetto/Robomaster_WS/install/robomaster_msgs/share/robomaster_msgs/cmake/export_robomaster_msgs__rosidl_typesupport_fastrtps_cppExport.cmake\n'}
[413.352955] (robomaster_msgs) StdoutLine: {'line': b'-- Installing: /home/cricchetto/Robomaster_WS/install/robomaster_msgs/share/robomaster_msgs/cmake/export_robomaster_msgs__rosidl_typesupport_fastrtps_cppExport-noconfig.cmake\n'}
[413.354887] (robomaster_msgs) StdoutLine: {'line': b'-- Installing: /home/cricchetto/Robomaster_WS/install/robomaster_msgs/share/robomaster_msgs/cmake/robomaster_msgs__rosidl_typesupport_introspection_cppExport.cmake\n'}
[413.356790] (robomaster_msgs) StdoutLine: {'line': b'-- Installing: /home/cricchetto/Robomaster_WS/install/robomaster_msgs/share/robomaster_msgs/cmake/robomaster_msgs__rosidl_typesupport_introspection_cppExport-noconfig.cmake\n'}
[413.358924] (robomaster_msgs) StdoutLine: {'line': b'-- Installing: /home/cricchetto/Robomaster_WS/install/robomaster_msgs/share/robomaster_msgs/cmake/robomaster_msgs__rosidl_typesupport_cppExport.cmake\n'}
[413.361086] (robomaster_msgs) StdoutLine: {'line': b'-- Installing: /home/cricchetto/Robomaster_WS/install/robomaster_msgs/share/robomaster_msgs/cmake/robomaster_msgs__rosidl_typesupport_cppExport-noconfig.cmake\n'}
[413.362810] (robomaster_msgs) StdoutLine: {'line': b'-- Installing: /home/cricchetto/Robomaster_WS/install/robomaster_msgs/share/robomaster_msgs/cmake/export_robomaster_msgs__rosidl_generator_pyExport.cmake\n'}
[413.364824] (robomaster_msgs) StdoutLine: {'line': b'-- Installing: /home/cricchetto/Robomaster_WS/install/robomaster_msgs/share/robomaster_msgs/cmake/export_robomaster_msgs__rosidl_generator_pyExport-noconfig.cmake\n'}
[413.366766] (robomaster_msgs) StdoutLine: {'line': b'-- Installing: /home/cricchetto/Robomaster_WS/install/robomaster_msgs/share/robomaster_msgs/cmake/rosidl_cmake-extras.cmake\n'}
[413.368581] (robomaster_msgs) StdoutLine: {'line': b'-- Installing: /home/cricchetto/Robomaster_WS/install/robomaster_msgs/share/robomaster_msgs/cmake/ament_cmake_export_dependencies-extras.cmake\n'}
[413.370399] (robomaster_msgs) StdoutLine: {'line': b'-- Installing: /home/cricchetto/Robomaster_WS/install/robomaster_msgs/share/robomaster_msgs/cmake/ament_cmake_export_include_directories-extras.cmake\n'}
[413.372097] (robomaster_msgs) StdoutLine: {'line': b'-- Installing: /home/cricchetto/Robomaster_WS/install/robomaster_msgs/share/robomaster_msgs/cmake/ament_cmake_export_libraries-extras.cmake\n'}
[413.374029] (robomaster_msgs) StdoutLine: {'line': b'-- Installing: /home/cricchetto/Robomaster_WS/install/robomaster_msgs/share/robomaster_msgs/cmake/ament_cmake_export_targets-extras.cmake\n'}
[413.375790] (robomaster_msgs) StdoutLine: {'line': b'-- Installing: /home/cricchetto/Robomaster_WS/install/robomaster_msgs/share/robomaster_msgs/cmake/rosidl_cmake_export_typesupport_targets-extras.cmake\n'}
[413.377628] (robomaster_msgs) StdoutLine: {'line': b'-- Installing: /home/cricchetto/Robomaster_WS/install/robomaster_msgs/share/robomaster_msgs/cmake/rosidl_cmake_export_typesupport_libraries-extras.cmake\n'}
[413.379299] (robomaster_msgs) StdoutLine: {'line': b'-- Installing: /home/cricchetto/Robomaster_WS/install/robomaster_msgs/share/robomaster_msgs/cmake/robomaster_msgsConfig.cmake\n'}
[413.380628] (robomaster_msgs) StdoutLine: {'line': b'-- Installing: /home/cricchetto/Robomaster_WS/install/robomaster_msgs/share/robomaster_msgs/cmake/robomaster_msgsConfig-version.cmake\n'}
[413.382205] (robomaster_msgs) StdoutLine: {'line': b'-- Installing: /home/cricchetto/Robomaster_WS/install/robomaster_msgs/share/robomaster_msgs/package.xml\n'}
[413.390965] (robomaster_msgs) CommandEnded: {'returncode': 0}
[413.414524] (-) TimerEvent: {}
[413.474076] (robomaster_msgs) JobEnded: {'identifier': 'robomaster_msgs', 'rc': 0}
[413.477736] (robomaster_ros) JobStarted: {'identifier': 'robomaster_ros'}
[413.515112] (-) TimerEvent: {}
[413.615766] (-) TimerEvent: {}
[413.716360] (-) TimerEvent: {}
[413.817018] (-) TimerEvent: {}
[413.917736] (-) TimerEvent: {}
[414.018300] (-) TimerEvent: {}
[414.118931] (-) TimerEvent: {}
[414.219529] (-) TimerEvent: {}
[414.320144] (-) TimerEvent: {}
[414.420752] (-) TimerEvent: {}
[414.521333] (-) TimerEvent: {}
[414.621939] (-) TimerEvent: {}
[414.722611] (-) TimerEvent: {}
[414.823201] (-) TimerEvent: {}
[414.923779] (-) TimerEvent: {}
[415.024363] (-) TimerEvent: {}
[415.124920] (-) TimerEvent: {}
[415.225475] (-) TimerEvent: {}
[415.326034] (-) TimerEvent: {}
[415.426592] (-) TimerEvent: {}
[415.527263] (-) TimerEvent: {}
[415.627975] (-) TimerEvent: {}
[415.728580] (-) TimerEvent: {}
[415.829327] (-) TimerEvent: {}
[415.930460] (-) TimerEvent: {}
[415.974067] (robomaster_ros) Command: {'cmd': ['/usr/bin/python3', '-W', 'ignore:setup.py install is deprecated', '-W', 'ignore:easy_install command is deprecated', 'setup.py', 'egg_info', '--egg-base', '../../../build/robomaster_ros', 'build', '--build-base', '/home/cricchetto/Robomaster_WS/build/robomaster_ros/build', 'install', '--record', '/home/cricchetto/Robomaster_WS/build/robomaster_ros/install.log', '--single-version-externally-managed', 'install_data'], 'cwd': '/home/cricchetto/Robomaster_WS/src/robomaster_ros/robomaster_ros', 'env': {'LESSOPEN': '| /usr/bin/lesspipe %s', 'USER': 'cricchetto', 'SSH_CLIENT': '172.18.147.201 42814 22', 'LC_TIME': 'es_AR.UTF-8', 'XDG_SESSION_TYPE': 'tty', 'SHLVL': '1', 'LD_LIBRARY_PATH': '/home/cricchetto/Robomaster_WS/install/robomaster_msgs/lib:/opt/ros/humble/opt/rviz_ogre_vendor/lib:/opt/ros/humble/lib/aarch64-linux-gnu:/opt/ros/humble/lib', 'MOTD_SHOWN': 'pam', 'HOME': '/home/cricchetto', 'OLDPWD': '/home/cricchetto/Robomaster_WS/src', 'SSH_TTY': '/dev/pts/0', 'ROS_PYTHON_VERSION': '3', 'LC_MONETARY': 'es_AR.UTF-8', 'DBUS_SESSION_BUS_ADDRESS': 'unix:path=/run/user/1000/bus', 'ROS_DISTRO': 'humble', 'LOGNAME': 'cricchetto', '_': '/usr/bin/colcon', 'ROS_VERSION': '2', 'XDG_SESSION_CLASS': 'user', 'TERM': 'xterm-256color', 'XDG_SESSION_ID': '1', 'ROS_LOCALHOST_ONLY': '0', 'PATH': '/opt/ros/humble/bin:/usr/local/sbin:/usr/local/bin:/usr/sbin:/usr/bin:/sbin:/bin:/usr/games:/usr/local/games:/snap/bin', 'LC_ADDRESS': 'es_AR.UTF-8', 'XDG_RUNTIME_DIR': '/run/user/1000', 'DISPLAY': 'localhost:10.0', 'LANG': 'en_US.UTF-8', 'LC_TELEPHONE': 'es_AR.UTF-8', 'LS_COLORS': 'rs=0:di=01;34:ln=01;36:mh=00:pi=40;33:so=01;35:do=01;35:bd=40;33;01:cd=40;33;01:or=40;31;01:mi=00:su=37;41:sg=30;43:ca=30;41:tw=30;42:ow=34;42:st=37;44:ex=01;32:*.tar=01;31:*.tgz=01;31:*.arc=01;31:*.arj=01;31:*.taz=01;31:*.lha=01;31:*.lz4=01;31:*.lzh=01;31:*.lzma=01;31:*.tlz=01;31:*.txz=01;31:*.tzo=01;31:*.t7z=01;31:*.zip=01;31:*.z=01;31:*.dz=01;31:*.gz=01;31:*.lrz=01;31:*.lz=01;31:*.lzo=01;31:*.xz=01;31:*.zst=01;31:*.tzst=01;31:*.bz2=01;31:*.bz=01;31:*.tbz=01;31:*.tbz2=01;31:*.tz=01;31:*.deb=01;31:*.rpm=01;31:*.jar=01;31:*.war=01;31:*.ear=01;31:*.sar=01;31:*.rar=01;31:*.alz=01;31:*.ace=01;31:*.zoo=01;31:*.cpio=01;31:*.7z=01;31:*.rz=01;31:*.cab=01;31:*.wim=01;31:*.swm=01;31:*.dwm=01;31:*.esd=01;31:*.jpg=01;35:*.jpeg=01;35:*.mjpg=01;35:*.mjpeg=01;35:*.gif=01;35:*.bmp=01;35:*.pbm=01;35:*.pgm=01;35:*.ppm=01;35:*.tga=01;35:*.xbm=01;35:*.xpm=01;35:*.tif=01;35:*.tiff=01;35:*.png=01;35:*.svg=01;35:*.svgz=01;35:*.mng=01;35:*.pcx=01;35:*.mov=01;35:*.mpg=01;35:*.mpeg=01;35:*.m2v=01;35:*.mkv=01;35:*.webm=01;35:*.webp=01;35:*.ogm=01;35:*.mp4=01;35:*.m4v=01;35:*.mp4v=01;35:*.vob=01;35:*.qt=01;35:*.nuv=01;35:*.wmv=01;35:*.asf=01;35:*.rm=01;35:*.rmvb=01;35:*.flc=01;35:*.avi=01;35:*.fli=01;35:*.flv=01;35:*.gl=01;35:*.dl=01;35:*.xcf=01;35:*.xwd=01;35:*.yuv=01;35:*.cgm=01;35:*.emf=01;35:*.ogv=01;35:*.ogx=01;35:*.aac=00;36:*.au=00;36:*.flac=00;36:*.m4a=00;36:*.mid=00;36:*.midi=00;36:*.mka=00;36:*.mp3=00;36:*.mpc=00;36:*.ogg=00;36:*.ra=00;36:*.wav=00;36:*.oga=00;36:*.opus=00;36:*.spx=00;36:*.xspf=00;36:', 'AMENT_PREFIX_PATH': '/home/cricchetto/Robomaster_WS/install/robomaster_msgs:/opt/ros/humble', 'SHELL': '/bin/bash', 'LC_NAME': 'es_AR.UTF-8', 'LESSCLOSE': '/usr/bin/lesspipe %s %s', 'LC_MEASUREMENT': 'es_AR.UTF-8', 'LC_IDENTIFICATION': 'es_AR.UTF-8', 'PWD': '/home/cricchetto/Robomaster_WS/build/robomaster_ros', 'LC_ALL': 'en_US.UTF-8', 'SSH_CONNECTION': '172.18.147.201 42814 172.18.147.143 22', 'XDG_DATA_DIRS': '/usr/local/share:/usr/share:/var/lib/snapd/desktop', 'PYTHONPATH': '/home/cricchetto/Robomaster_WS/build/robomaster_ros/prefix_override:/usr/lib/python3/dist-packages/colcon_core/task/python/colcon_distutils_commands:/home/cricchetto/Robomaster_WS/install/robomaster_ros/lib/python3.10/site-packages:/home/cricchetto/Robomaster_WS/install/robomaster_msgs/local/lib/python3.10/dist-packages:/opt/ros/humble/lib/python3.10/site-packages:/opt/ros/humble/local/lib/python3.10/dist-packages', 'LC_NUMERIC': 'es_AR.UTF-8', 'LC_PAPER': 'es_AR.UTF-8', 'COLCON': '1', 'CMAKE_PREFIX_PATH': '/home/cricchetto/Robomaster_WS/install/robomaster_msgs'}, 'shell': False}
[416.030632] (-) TimerEvent: {}
[416.131408] (-) TimerEvent: {}
[416.232439] (-) TimerEvent: {}
[416.333051] (-) TimerEvent: {}
[416.433642] (-) TimerEvent: {}
[416.534237] (-) TimerEvent: {}
[416.634805] (-) TimerEvent: {}
[416.735376] (-) TimerEvent: {}
[416.835976] (-) TimerEvent: {}
[416.905674] (robomaster_ros) StdoutLine: {'line': b'running egg_info\n'}
[416.907976] (robomaster_ros) StdoutLine: {'line': b'creating ../../../build/robomaster_ros/robomaster_ros.egg-info\n'}
[416.908672] (robomaster_ros) StdoutLine: {'line': b'writing ../../../build/robomaster_ros/robomaster_ros.egg-info/PKG-INFO\n'}
[416.909724] (robomaster_ros) StdoutLine: {'line': b'writing dependency_links to ../../../build/robomaster_ros/robomaster_ros.egg-info/dependency_links.txt\n'}
[416.910515] (robomaster_ros) StdoutLine: {'line': b'writing entry points to ../../../build/robomaster_ros/robomaster_ros.egg-info/entry_points.txt\n'}
[416.911058] (robomaster_ros) StdoutLine: {'line': b'writing requirements to ../../../build/robomaster_ros/robomaster_ros.egg-info/requires.txt\n'}
[416.911492] (robomaster_ros) StdoutLine: {'line': b'writing top-level names to ../../../build/robomaster_ros/robomaster_ros.egg-info/top_level.txt\n'}
[416.912343] (robomaster_ros) StdoutLine: {'line': b"writing manifest file '../../../build/robomaster_ros/robomaster_ros.egg-info/SOURCES.txt'\n"}
[416.925088] (robomaster_ros) StdoutLine: {'line': b"reading manifest file '../../../build/robomaster_ros/robomaster_ros.egg-info/SOURCES.txt'\n"}
[416.930022] (robomaster_ros) StdoutLine: {'line': b"writing manifest file '../../../build/robomaster_ros/robomaster_ros.egg-info/SOURCES.txt'\n"}
[416.930624] (robomaster_ros) StdoutLine: {'line': b'running build\n'}
[416.931071] (robomaster_ros) StdoutLine: {'line': b'running build_py\n'}
[416.931990] (robomaster_ros) StdoutLine: {'line': b'creating /home/cricchetto/Robomaster_WS/build/robomaster_ros/build\n'}
[416.932578] (robomaster_ros) StdoutLine: {'line': b'creating /home/cricchetto/Robomaster_WS/build/robomaster_ros/build/lib\n'}
[416.933005] (robomaster_ros) StdoutLine: {'line': b'creating /home/cricchetto/Robomaster_WS/build/robomaster_ros/build/lib/robomaster_ros\n'}
[416.933329] (robomaster_ros) StdoutLine: {'line': b'copying robomaster_ros/display_battery.py -> /home/cricchetto/Robomaster_WS/build/robomaster_ros/build/lib/robomaster_ros\n'}
[416.934389] (robomaster_ros) StdoutLine: {'line': b'copying robomaster_ros/__init__.py -> /home/cricchetto/Robomaster_WS/build/robomaster_ros/build/lib/robomaster_ros\n'}
[416.935675] (robomaster_ros) StdoutLine: {'line': b'copying robomaster_ros/utils.py -> /home/cricchetto/Robomaster_WS/build/robomaster_ros/build/lib/robomaster_ros\n'}
[416.936099] (-) TimerEvent: {}
[416.937040] (robomaster_ros) StdoutLine: {'line': b'copying robomaster_ros/decompress_h264.py -> /home/cricchetto/Robomaster_WS/build/robomaster_ros/build/lib/robomaster_ros\n'}
[416.938379] (robomaster_ros) StdoutLine: {'line': b'copying robomaster_ros/ftp.py -> /home/cricchetto/Robomaster_WS/build/robomaster_ros/build/lib/robomaster_ros\n'}
[416.939568] (robomaster_ros) StdoutLine: {'line': b'copying robomaster_ros/connect.py -> /home/cricchetto/Robomaster_WS/build/robomaster_ros/build/lib/robomaster_ros\n'}
[416.940943] (robomaster_ros) StdoutLine: {'line': b'copying robomaster_ros/action.py -> /home/cricchetto/Robomaster_WS/build/robomaster_ros/build/lib/robomaster_ros\n'}
[416.942229] (robomaster_ros) StdoutLine: {'line': b'copying robomaster_ros/discover.py -> /home/cricchetto/Robomaster_WS/build/robomaster_ros/build/lib/robomaster_ros\n'}
[416.943480] (robomaster_ros) StdoutLine: {'line': b'copying robomaster_ros/robomaster_driver.py -> /home/cricchetto/Robomaster_WS/build/robomaster_ros/build/lib/robomaster_ros\n'}
[416.944861] (robomaster_ros) StdoutLine: {'line': b'copying robomaster_ros/play_audio_opus.py -> /home/cricchetto/Robomaster_WS/build/robomaster_ros/build/lib/robomaster_ros\n'}
[416.946082] (robomaster_ros) StdoutLine: {'line': b'copying robomaster_ros/play_audio.py -> /home/cricchetto/Robomaster_WS/build/robomaster_ros/build/lib/robomaster_ros\n'}
[416.947296] (robomaster_ros) StdoutLine: {'line': b'copying robomaster_ros/client.py -> /home/cricchetto/Robomaster_WS/build/robomaster_ros/build/lib/robomaster_ros\n'}
[416.949967] (robomaster_ros) StdoutLine: {'line': b'creating /home/cricchetto/Robomaster_WS/build/robomaster_ros/build/lib/robomaster_ros/modules\n'}
[416.950529] (robomaster_ros) StdoutLine: {'line': b'copying robomaster_ros/modules/chassis.py -> /home/cricchetto/Robomaster_WS/build/robomaster_ros/build/lib/robomaster_ros/modules\n'}
[416.952603] (robomaster_ros) StdoutLine: {'line': b'copying robomaster_ros/modules/camera.py -> /home/cricchetto/Robomaster_WS/build/robomaster_ros/build/lib/robomaster_ros/modules\n'}
[416.954916] (robomaster_ros) StdoutLine: {'line': b'copying robomaster_ros/modules/__init__.py -> /home/cricchetto/Robomaster_WS/build/robomaster_ros/build/lib/robomaster_ros/modules\n'}
[416.956237] (robomaster_ros) StdoutLine: {'line': b'copying robomaster_ros/modules/tof.py -> /home/cricchetto/Robomaster_WS/build/robomaster_ros/build/lib/robomaster_ros/modules\n'}
[416.957495] (robomaster_ros) StdoutLine: {'line': b'copying robomaster_ros/modules/h264_parser.py -> /home/cricchetto/Robomaster_WS/build/robomaster_ros/build/lib/robomaster_ros/modules\n'}
[416.958739] (robomaster_ros) StdoutLine: {'line': b'copying robomaster_ros/modules/battery.py -> /home/cricchetto/Robomaster_WS/build/robomaster_ros/build/lib/robomaster_ros/modules\n'}
[416.960109] (robomaster_ros) StdoutLine: {'line': b'copying robomaster_ros/modules/pwm.py -> /home/cricchetto/Robomaster_WS/build/robomaster_ros/build/lib/robomaster_ros/modules\n'}
[416.961302] (robomaster_ros) StdoutLine: {'line': b'copying robomaster_ros/modules/arm.py -> /home/cricchetto/Robomaster_WS/build/robomaster_ros/build/lib/robomaster_ros/modules\n'}
[416.963197] (robomaster_ros) StdoutLine: {'line': b'copying robomaster_ros/modules/gimbal.py -> /home/cricchetto/Robomaster_WS/build/robomaster_ros/build/lib/robomaster_ros/modules\n'}
[416.964970] (robomaster_ros) StdoutLine: {'line': b'copying robomaster_ros/modules/sensor_adapter.py -> /home/cricchetto/Robomaster_WS/build/robomaster_ros/build/lib/robomaster_ros/modules\n'}
[416.966302] (robomaster_ros) StdoutLine: {'line': b'copying robomaster_ros/modules/speaker.py -> /home/cricchetto/Robomaster_WS/build/robomaster_ros/build/lib/robomaster_ros/modules\n'}
[416.967762] (robomaster_ros) StdoutLine: {'line': b'copying robomaster_ros/modules/uart.py -> /home/cricchetto/Robomaster_WS/build/robomaster_ros/build/lib/robomaster_ros/modules\n'}
[416.969106] (robomaster_ros) StdoutLine: {'line': b'copying robomaster_ros/modules/sbus.py -> /home/cricchetto/Robomaster_WS/build/robomaster_ros/build/lib/robomaster_ros/modules\n'}
[416.970415] (robomaster_ros) StdoutLine: {'line': b'copying robomaster_ros/modules/blaster.py -> /home/cricchetto/Robomaster_WS/build/robomaster_ros/build/lib/robomaster_ros/modules\n'}
[416.971717] (robomaster_ros) StdoutLine: {'line': b'copying robomaster_ros/modules/servo.py -> /home/cricchetto/Robomaster_WS/build/robomaster_ros/build/lib/robomaster_ros/modules\n'}
[416.973454] (robomaster_ros) StdoutLine: {'line': b'copying robomaster_ros/modules/vision.py -> /home/cricchetto/Robomaster_WS/build/robomaster_ros/build/lib/robomaster_ros/modules\n'}
[416.974905] (robomaster_ros) StdoutLine: {'line': b'copying robomaster_ros/modules/led.py -> /home/cricchetto/Robomaster_WS/build/robomaster_ros/build/lib/robomaster_ros/modules\n'}
[416.976224] (robomaster_ros) StdoutLine: {'line': b'copying robomaster_ros/modules/armor.py -> /home/cricchetto/Robomaster_WS/build/robomaster_ros/build/lib/robomaster_ros/modules\n'}
[416.977510] (robomaster_ros) StdoutLine: {'line': b'copying robomaster_ros/modules/gripper.py -> /home/cricchetto/Robomaster_WS/build/robomaster_ros/build/lib/robomaster_ros/modules\n'}
[416.981820] (robomaster_ros) StdoutLine: {'line': b'running install\n'}
[416.983185] (robomaster_ros) StdoutLine: {'line': b'running install_lib\n'}
[416.987126] (robomaster_ros) StdoutLine: {'line': b'creating /home/cricchetto/Robomaster_WS/install/robomaster_ros/lib/python3.10/site-packages/robomaster_ros\n'}
[416.988035] (robomaster_ros) StdoutLine: {'line': b'creating /home/cricchetto/Robomaster_WS/install/robomaster_ros/lib/python3.10/site-packages/robomaster_ros/modules\n'}
[416.988578] (robomaster_ros) StdoutLine: {'line': b'copying /home/cricchetto/Robomaster_WS/build/robomaster_ros/build/lib/robomaster_ros/modules/chassis.py -> /home/cricchetto/Robomaster_WS/install/robomaster_ros/lib/python3.10/site-packages/robomaster_ros/modules\n'}
[416.989718] (robomaster_ros) StdoutLine: {'line': b'copying /home/cricchetto/Robomaster_WS/build/robomaster_ros/build/lib/robomaster_ros/modules/camera.py -> /home/cricchetto/Robomaster_WS/install/robomaster_ros/lib/python3.10/site-packages/robomaster_ros/modules\n'}
[416.990778] (robomaster_ros) StdoutLine: {'line': b'copying /home/cricchetto/Robomaster_WS/build/robomaster_ros/build/lib/robomaster_ros/modules/__init__.py -> /home/cricchetto/Robomaster_WS/install/robomaster_ros/lib/python3.10/site-packages/robomaster_ros/modules\n'}
[416.991760] (robomaster_ros) StdoutLine: {'line': b'copying /home/cricchetto/Robomaster_WS/build/robomaster_ros/build/lib/robomaster_ros/modules/tof.py -> /home/cricchetto/Robomaster_WS/install/robomaster_ros/lib/python3.10/site-packages/robomaster_ros/modules\n'}
[416.992884] (robomaster_ros) StdoutLine: {'line': b'copying /home/cricchetto/Robomaster_WS/build/robomaster_ros/build/lib/robomaster_ros/modules/h264_parser.py -> /home/cricchetto/Robomaster_WS/install/robomaster_ros/lib/python3.10/site-packages/robomaster_ros/modules\n'}
[416.993667] (robomaster_ros) StdoutLine: {'line': b'copying /home/cricchetto/Robomaster_WS/build/robomaster_ros/build/lib/robomaster_ros/modules/battery.py -> /home/cricchetto/Robomaster_WS/install/robomaster_ros/lib/python3.10/site-packages/robomaster_ros/modules\n'}
[416.994508] (robomaster_ros) StdoutLine: {'line': b'copying /home/cricchetto/Robomaster_WS/build/robomaster_ros/build/lib/robomaster_ros/modules/pwm.py -> /home/cricchetto/Robomaster_WS/install/robomaster_ros/lib/python3.10/site-packages/robomaster_ros/modules\n'}
[416.995255] (robomaster_ros) StdoutLine: {'line': b'copying /home/cricchetto/Robomaster_WS/build/robomaster_ros/build/lib/robomaster_ros/modules/arm.py -> /home/cricchetto/Robomaster_WS/install/robomaster_ros/lib/python3.10/site-packages/robomaster_ros/modules\n'}
[416.996109] (robomaster_ros) StdoutLine: {'line': b'copying /home/cricchetto/Robomaster_WS/build/robomaster_ros/build/lib/robomaster_ros/modules/gimbal.py -> /home/cricchetto/Robomaster_WS/install/robomaster_ros/lib/python3.10/site-packages/robomaster_ros/modules\n'}
[416.996906] (robomaster_ros) StdoutLine: {'line': b'copying /home/cricchetto/Robomaster_WS/build/robomaster_ros/build/lib/robomaster_ros/modules/sensor_adapter.py -> /home/cricchetto/Robomaster_WS/install/robomaster_ros/lib/python3.10/site-packages/robomaster_ros/modules\n'}
[416.997645] (robomaster_ros) StdoutLine: {'line': b'copying /home/cricchetto/Robomaster_WS/build/robomaster_ros/build/lib/robomaster_ros/modules/speaker.py -> /home/cricchetto/Robomaster_WS/install/robomaster_ros/lib/python3.10/site-packages/robomaster_ros/modules\n'}
[416.998387] (robomaster_ros) StdoutLine: {'line': b'copying /home/cricchetto/Robomaster_WS/build/robomaster_ros/build/lib/robomaster_ros/modules/uart.py -> /home/cricchetto/Robomaster_WS/install/robomaster_ros/lib/python3.10/site-packages/robomaster_ros/modules\n'}
[416.999094] (robomaster_ros) StdoutLine: {'line': b'copying /home/cricchetto/Robomaster_WS/build/robomaster_ros/build/lib/robomaster_ros/modules/sbus.py -> /home/cricchetto/Robomaster_WS/install/robomaster_ros/lib/python3.10/site-packages/robomaster_ros/modules\n'}
[416.999899] (robomaster_ros) StdoutLine: {'line': b'copying /home/cricchetto/Robomaster_WS/build/robomaster_ros/build/lib/robomaster_ros/modules/blaster.py -> /home/cricchetto/Robomaster_WS/install/robomaster_ros/lib/python3.10/site-packages/robomaster_ros/modules\n'}
[417.000623] (robomaster_ros) StdoutLine: {'line': b'copying /home/cricchetto/Robomaster_WS/build/robomaster_ros/build/lib/robomaster_ros/modules/servo.py -> /home/cricchetto/Robomaster_WS/install/robomaster_ros/lib/python3.10/site-packages/robomaster_ros/modules\n'}
[417.001411] (robomaster_ros) StdoutLine: {'line': b'copying /home/cricchetto/Robomaster_WS/build/robomaster_ros/build/lib/robomaster_ros/modules/vision.py -> /home/cricchetto/Robomaster_WS/install/robomaster_ros/lib/python3.10/site-packages/robomaster_ros/modules\n'}
[417.002158] (robomaster_ros) StdoutLine: {'line': b'copying /home/cricchetto/Robomaster_WS/build/robomaster_ros/build/lib/robomaster_ros/modules/led.py -> /home/cricchetto/Robomaster_WS/install/robomaster_ros/lib/python3.10/site-packages/robomaster_ros/modules\n'}
[417.002883] (robomaster_ros) StdoutLine: {'line': b'copying /home/cricchetto/Robomaster_WS/build/robomaster_ros/build/lib/robomaster_ros/modules/armor.py -> /home/cricchetto/Robomaster_WS/install/robomaster_ros/lib/python3.10/site-packages/robomaster_ros/modules\n'}
[417.003594] (robomaster_ros) StdoutLine: {'line': b'copying /home/cricchetto/Robomaster_WS/build/robomaster_ros/build/lib/robomaster_ros/modules/gripper.py -> /home/cricchetto/Robomaster_WS/install/robomaster_ros/lib/python3.10/site-packages/robomaster_ros/modules\n'}
[417.004555] (robomaster_ros) StdoutLine: {'line': b'copying /home/cricchetto/Robomaster_WS/build/robomaster_ros/build/lib/robomaster_ros/display_battery.py -> /home/cricchetto/Robomaster_WS/install/robomaster_ros/lib/python3.10/site-packages/robomaster_ros\n'}
[417.005290] (robomaster_ros) StdoutLine: {'line': b'copying /home/cricchetto/Robomaster_WS/build/robomaster_ros/build/lib/robomaster_ros/__init__.py -> /home/cricchetto/Robomaster_WS/install/robomaster_ros/lib/python3.10/site-packages/robomaster_ros\n'}
[417.006000] (robomaster_ros) StdoutLine: {'line': b'copying /home/cricchetto/Robomaster_WS/build/robomaster_ros/build/lib/robomaster_ros/utils.py -> /home/cricchetto/Robomaster_WS/install/robomaster_ros/lib/python3.10/site-packages/robomaster_ros\n'}
[417.006698] (robomaster_ros) StdoutLine: {'line': b'copying /home/cricchetto/Robomaster_WS/build/robomaster_ros/build/lib/robomaster_ros/decompress_h264.py -> /home/cricchetto/Robomaster_WS/install/robomaster_ros/lib/python3.10/site-packages/robomaster_ros\n'}
[417.007417] (robomaster_ros) StdoutLine: {'line': b'copying /home/cricchetto/Robomaster_WS/build/robomaster_ros/build/lib/robomaster_ros/ftp.py -> /home/cricchetto/Robomaster_WS/install/robomaster_ros/lib/python3.10/site-packages/robomaster_ros\n'}
[417.008154] (robomaster_ros) StdoutLine: {'line': b'copying /home/cricchetto/Robomaster_WS/build/robomaster_ros/build/lib/robomaster_ros/connect.py -> /home/cricchetto/Robomaster_WS/install/robomaster_ros/lib/python3.10/site-packages/robomaster_ros\n'}
[417.008856] (robomaster_ros) StdoutLine: {'line': b'copying /home/cricchetto/Robomaster_WS/build/robomaster_ros/build/lib/robomaster_ros/action.py -> /home/cricchetto/Robomaster_WS/install/robomaster_ros/lib/python3.10/site-packages/robomaster_ros\n'}
[417.009553] (robomaster_ros) StdoutLine: {'line': b'copying /home/cricchetto/Robomaster_WS/build/robomaster_ros/build/lib/robomaster_ros/discover.py -> /home/cricchetto/Robomaster_WS/install/robomaster_ros/lib/python3.10/site-packages/robomaster_ros\n'}
[417.010267] (robomaster_ros) StdoutLine: {'line': b'copying /home/cricchetto/Robomaster_WS/build/robomaster_ros/build/lib/robomaster_ros/robomaster_driver.py -> /home/cricchetto/Robomaster_WS/install/robomaster_ros/lib/python3.10/site-packages/robomaster_ros\n'}
[417.010977] (robomaster_ros) StdoutLine: {'line': b'copying /home/cricchetto/Robomaster_WS/build/robomaster_ros/build/lib/robomaster_ros/play_audio_opus.py -> /home/cricchetto/Robomaster_WS/install/robomaster_ros/lib/python3.10/site-packages/robomaster_ros\n'}
[417.011741] (robomaster_ros) StdoutLine: {'line': b'copying /home/cricchetto/Robomaster_WS/build/robomaster_ros/build/lib/robomaster_ros/play_audio.py -> /home/cricchetto/Robomaster_WS/install/robomaster_ros/lib/python3.10/site-packages/robomaster_ros\n'}
[417.012481] (robomaster_ros) StdoutLine: {'line': b'copying /home/cricchetto/Robomaster_WS/build/robomaster_ros/build/lib/robomaster_ros/client.py -> /home/cricchetto/Robomaster_WS/install/robomaster_ros/lib/python3.10/site-packages/robomaster_ros\n'}
[417.014946] (robomaster_ros) StdoutLine: {'line': b'byte-compiling /home/cricchetto/Robomaster_WS/install/robomaster_ros/lib/python3.10/site-packages/robomaster_ros/modules/chassis.py to chassis.cpython-310.pyc\n'}
[417.030595] (robomaster_ros) StdoutLine: {'line': b'byte-compiling /home/cricchetto/Robomaster_WS/install/robomaster_ros/lib/python3.10/site-packages/robomaster_ros/modules/camera.py to camera.cpython-310.pyc\n'}
[417.036303] (-) TimerEvent: {}
[417.042825] (robomaster_ros) StdoutLine: {'line': b'byte-compiling /home/cricchetto/Robomaster_WS/install/robomaster_ros/lib/python3.10/site-packages/robomaster_ros/modules/__init__.py to __init__.cpython-310.pyc\n'}
[417.044636] (robomaster_ros) StdoutLine: {'line': b'byte-compiling /home/cricchetto/Robomaster_WS/install/robomaster_ros/lib/python3.10/site-packages/robomaster_ros/modules/tof.py to tof.cpython-310.pyc\n'}
[417.047189] (robomaster_ros) StdoutLine: {'line': b'byte-compiling /home/cricchetto/Robomaster_WS/install/robomaster_ros/lib/python3.10/site-packages/robomaster_ros/modules/h264_parser.py to h264_parser.cpython-310.pyc\n'}
[417.049643] (robomaster_ros) StdoutLine: {'line': b'byte-compiling /home/cricchetto/Robomaster_WS/install/robomaster_ros/lib/python3.10/site-packages/robomaster_ros/modules/battery.py to battery.cpython-310.pyc\n'}
[417.051981] (robomaster_ros) StdoutLine: {'line': b'byte-compiling /home/cricchetto/Robomaster_WS/install/robomaster_ros/lib/python3.10/site-packages/robomaster_ros/modules/pwm.py to pwm.cpython-310.pyc\n'}
[417.054150] (robomaster_ros) StdoutLine: {'line': b'byte-compiling /home/cricchetto/Robomaster_WS/install/robomaster_ros/lib/python3.10/site-packages/robomaster_ros/modules/arm.py to arm.cpython-310.pyc\n'}
[417.060659] (robomaster_ros) StdoutLine: {'line': b'byte-compiling /home/cricchetto/Robomaster_WS/install/robomaster_ros/lib/python3.10/site-packages/robomaster_ros/modules/gimbal.py to gimbal.cpython-310.pyc\n'}
[417.067017] (robomaster_ros) StdoutLine: {'line': b'byte-compiling /home/cricchetto/Robomaster_WS/install/robomaster_ros/lib/python3.10/site-packages/robomaster_ros/modules/sensor_adapter.py to sensor_adapter.cpython-310.pyc\n'}
[417.069926] (robomaster_ros) StdoutLine: {'line': b'byte-compiling /home/cricchetto/Robomaster_WS/install/robomaster_ros/lib/python3.10/site-packages/robomaster_ros/modules/speaker.py to speaker.cpython-310.pyc\n'}
[417.074494] (robomaster_ros) StdoutLine: {'line': b'byte-compiling /home/cricchetto/Robomaster_WS/install/robomaster_ros/lib/python3.10/site-packages/robomaster_ros/modules/uart.py to uart.cpython-310.pyc\n'}
[417.076987] (robomaster_ros) StdoutLine: {'line': b'byte-compiling /home/cricchetto/Robomaster_WS/install/robomaster_ros/lib/python3.10/site-packages/robomaster_ros/modules/sbus.py to sbus.cpython-310.pyc\n'}
[417.079038] (robomaster_ros) StdoutLine: {'line': b'byte-compiling /home/cricchetto/Robomaster_WS/install/robomaster_ros/lib/python3.10/site-packages/robomaster_ros/modules/blaster.py to blaster.cpython-310.pyc\n'}
[417.080936] (robomaster_ros) StdoutLine: {'line': b'byte-compiling /home/cricchetto/Robomaster_WS/install/robomaster_ros/lib/python3.10/site-packages/robomaster_ros/modules/servo.py to servo.cpython-310.pyc\n'}
[417.086499] (robomaster_ros) StdoutLine: {'line': b'byte-compiling /home/cricchetto/Robomaster_WS/install/robomaster_ros/lib/python3.10/site-packages/robomaster_ros/modules/vision.py to vision.cpython-310.pyc\n'}
[417.090571] (robomaster_ros) StdoutLine: {'line': b'byte-compiling /home/cricchetto/Robomaster_WS/install/robomaster_ros/lib/python3.10/site-packages/robomaster_ros/modules/led.py to led.cpython-310.pyc\n'}
[417.093240] (robomaster_ros) StdoutLine: {'line': b'byte-compiling /home/cricchetto/Robomaster_WS/install/robomaster_ros/lib/python3.10/site-packages/robomaster_ros/modules/armor.py to armor.cpython-310.pyc\n'}
[417.095820] (robomaster_ros) StdoutLine: {'line': b'byte-compiling /home/cricchetto/Robomaster_WS/install/robomaster_ros/lib/python3.10/site-packages/robomaster_ros/modules/gripper.py to gripper.cpython-310.pyc\n'}
[417.105253] (robomaster_ros) StdoutLine: {'line': b'byte-compiling /home/cricchetto/Robomaster_WS/install/robomaster_ros/lib/python3.10/site-packages/robomaster_ros/display_battery.py to display_battery.cpython-310.pyc\n'}
[417.107855] (robomaster_ros) StdoutLine: {'line': b'byte-compiling /home/cricchetto/Robomaster_WS/install/robomaster_ros/lib/python3.10/site-packages/robomaster_ros/__init__.py to __init__.cpython-310.pyc\n'}
[417.109498] (robomaster_ros) StdoutLine: {'line': b'byte-compiling /home/cricchetto/Robomaster_WS/install/robomaster_ros/lib/python3.10/site-packages/robomaster_ros/utils.py to utils.cpython-310.pyc\n'}
[417.111712] (robomaster_ros) StdoutLine: {'line': b'byte-compiling /home/cricchetto/Robomaster_WS/install/robomaster_ros/lib/python3.10/site-packages/robomaster_ros/decompress_h264.py to decompress_h264.cpython-310.pyc\n'}
[417.114034] (robomaster_ros) StdoutLine: {'line': b'byte-compiling /home/cricchetto/Robomaster_WS/install/robomaster_ros/lib/python3.10/site-packages/robomaster_ros/ftp.py to ftp.cpython-310.pyc\n'}
[417.116312] (robomaster_ros) StdoutLine: {'line': b'byte-compiling /home/cricchetto/Robomaster_WS/install/robomaster_ros/lib/python3.10/site-packages/robomaster_ros/connect.py to connect.cpython-310.pyc\n'}
[417.118158] (robomaster_ros) StdoutLine: {'line': b'byte-compiling /home/cricchetto/Robomaster_WS/install/robomaster_ros/lib/python3.10/site-packages/robomaster_ros/action.py to action.cpython-310.pyc\n'}
[417.121177] (robomaster_ros) StdoutLine: {'line': b'byte-compiling /home/cricchetto/Robomaster_WS/install/robomaster_ros/lib/python3.10/site-packages/robomaster_ros/discover.py to discover.cpython-310.pyc\n'}
[417.124463] (robomaster_ros) StdoutLine: {'line': b'byte-compiling /home/cricchetto/Robomaster_WS/install/robomaster_ros/lib/python3.10/site-packages/robomaster_ros/robomaster_driver.py to robomaster_driver.cpython-310.pyc\n'}
[417.126716] (robomaster_ros) StdoutLine: {'line': b'byte-compiling /home/cricchetto/Robomaster_WS/install/robomaster_ros/lib/python3.10/site-packages/robomaster_ros/play_audio_opus.py to play_audio_opus.cpython-310.pyc\n'}
[417.129429] (robomaster_ros) StdoutLine: {'line': b'byte-compiling /home/cricchetto/Robomaster_WS/install/robomaster_ros/lib/python3.10/site-packages/robomaster_ros/play_audio.py to play_audio.cpython-310.pyc\n'}
[417.131352] (robomaster_ros) StdoutLine: {'line': b'byte-compiling /home/cricchetto/Robomaster_WS/install/robomaster_ros/lib/python3.10/site-packages/robomaster_ros/client.py to client.cpython-310.pyc\n'}
[417.136124] (robomaster_ros) StdoutLine: {'line': b'running install_data\n'}
[417.136650] (-) TimerEvent: {}
[417.137029] (robomaster_ros) StdoutLine: {'line': b'creating /home/cricchetto/Robomaster_WS/install/robomaster_ros/share/ament_index\n'}
[417.137649] (robomaster_ros) StdoutLine: {'line': b'creating /home/cricchetto/Robomaster_WS/install/robomaster_ros/share/ament_index/resource_index\n'}
[417.137971] (robomaster_ros) StdoutLine: {'line': b'creating /home/cricchetto/Robomaster_WS/install/robomaster_ros/share/ament_index/resource_index/packages\n'}
[417.138409] (robomaster_ros) StdoutLine: {'line': b'copying resource/robomaster_ros -> /home/cricchetto/Robomaster_WS/install/robomaster_ros/share/ament_index/resource_index/packages\n'}
[417.138716] (robomaster_ros) StdoutLine: {'line': b'copying package.xml -> /home/cricchetto/Robomaster_WS/install/robomaster_ros/share/robomaster_ros\n'}
[417.139130] (robomaster_ros) StdoutLine: {'line': b'creating /home/cricchetto/Robomaster_WS/install/robomaster_ros/share/robomaster_ros/launch\n'}
[417.139554] (robomaster_ros) StdoutLine: {'line': b'copying launch/teleop_linux.launch -> /home/cricchetto/Robomaster_WS/install/robomaster_ros/share/robomaster_ros/launch\n'}
[417.140620] (robomaster_ros) StdoutLine: {'line': b'copying launch/teleop.launch -> /home/cricchetto/Robomaster_WS/install/robomaster_ros/share/robomaster_ros/launch\n'}
[417.141706] (robomaster_ros) StdoutLine: {'line': b'copying launch/decoder.launch -> /home/cricchetto/Robomaster_WS/install/robomaster_ros/share/robomaster_ros/launch\n'}
[417.142835] (robomaster_ros) StdoutLine: {'line': b'copying launch/camera.launch -> /home/cricchetto/Robomaster_WS/install/robomaster_ros/share/robomaster_ros/launch\n'}
[417.143950] (robomaster_ros) StdoutLine: {'line': b'copying launch/main.launch -> /home/cricchetto/Robomaster_WS/install/robomaster_ros/share/robomaster_ros/launch\n'}
[417.145589] (robomaster_ros) StdoutLine: {'line': b'copying launch/s1.launch -> /home/cricchetto/Robomaster_WS/install/robomaster_ros/share/robomaster_ros/launch\n'}
[417.146723] (robomaster_ros) StdoutLine: {'line': b'copying launch/ep.launch -> /home/cricchetto/Robomaster_WS/install/robomaster_ros/share/robomaster_ros/launch\n'}
[417.148116] (robomaster_ros) StdoutLine: {'line': b'creating /home/cricchetto/Robomaster_WS/install/robomaster_ros/share/robomaster_ros/config\n'}
[417.148682] (robomaster_ros) StdoutLine: {'line': b'copying config/mapper_params_online_async(NUESTRO).yaml -> /home/cricchetto/Robomaster_WS/install/robomaster_ros/share/robomaster_ros/config\n'}
[417.149974] (robomaster_ros) StdoutLine: {'line': b'copying config/rm_camera_calibration_540_simulation.yaml -> /home/cricchetto/Robomaster_WS/install/robomaster_ros/share/robomaster_ros/config\n'}
[417.151169] (robomaster_ros) StdoutLine: {'line': b'copying config/joy_config_s1.yaml -> /home/cricchetto/Robomaster_WS/install/robomaster_ros/share/robomaster_ros/config\n'}
[417.152493] (robomaster_ros) StdoutLine: {'line': b'copying config/mapper_params_online_async.yaml -> /home/cricchetto/Robomaster_WS/install/robomaster_ros/share/robomaster_ros/config\n'}
[417.153709] (robomaster_ros) StdoutLine: {'line': b'copying config/mapper_params_online_sync.yaml -> /home/cricchetto/Robomaster_WS/install/robomaster_ros/share/robomaster_ros/config\n'}
[417.154976] (robomaster_ros) StdoutLine: {'line': b'copying config/rm_camera_calibration_360_simulation.yaml -> /home/cricchetto/Robomaster_WS/install/robomaster_ros/share/robomaster_ros/config\n'}
[417.156335] (robomaster_ros) StdoutLine: {'line': b'copying config/rm_camera_calibration_540.yaml -> /home/cricchetto/Robomaster_WS/install/robomaster_ros/share/robomaster_ros/config\n'}
[417.157480] (robomaster_ros) StdoutLine: {'line': b'copying config/localization.yaml -> /home/cricchetto/Robomaster_WS/install/robomaster_ros/share/robomaster_ros/config\n'}
[417.158833] (robomaster_ros) StdoutLine: {'line': b'copying config/rm_camera_calibration_720_simulation.yaml -> /home/cricchetto/Robomaster_WS/install/robomaster_ros/share/robomaster_ros/config\n'}
[417.160270] (robomaster_ros) StdoutLine: {'line': b'copying config/mapper_params_online_async.yaml.save -> /home/cricchetto/Robomaster_WS/install/robomaster_ros/share/robomaster_ros/config\n'}
[417.161624] (robomaster_ros) StdoutLine: {'line': b'copying config/servos.yaml -> /home/cricchetto/Robomaster_WS/install/robomaster_ros/share/robomaster_ros/config\n'}
[417.162943] (robomaster_ros) StdoutLine: {'line': b'copying config/rm_camera_calibration_720.yaml -> /home/cricchetto/Robomaster_WS/install/robomaster_ros/share/robomaster_ros/config\n'}
[417.164335] (robomaster_ros) StdoutLine: {'line': b'copying config/joy_config_ep.yaml -> /home/cricchetto/Robomaster_WS/install/robomaster_ros/share/robomaster_ros/config\n'}
[417.165691] (robomaster_ros) StdoutLine: {'line': b'copying config/localization_mapper_params_oa.yaml -> /home/cricchetto/Robomaster_WS/install/robomaster_ros/share/robomaster_ros/config\n'}
[417.167128] (robomaster_ros) StdoutLine: {'line': b'copying config/rm_camera_calibration_360.yaml -> /home/cricchetto/Robomaster_WS/install/robomaster_ros/share/robomaster_ros/config\n'}
[417.168379] (robomaster_ros) StdoutLine: {'line': b'running install_egg_info\n'}
[417.175316] (robomaster_ros) StdoutLine: {'line': b'Copying ../../../build/robomaster_ros/robomaster_ros.egg-info to /home/cricchetto/Robomaster_WS/install/robomaster_ros/lib/python3.10/site-packages/robomaster_ros-0.0.0-py3.10.egg-info\n'}
[417.181707] (robomaster_ros) StdoutLine: {'line': b'running install_scripts\n'}
[417.236816] (-) TimerEvent: {}
[417.256919] (robomaster_ros) StdoutLine: {'line': b'Installing connect script to /home/cricchetto/Robomaster_WS/install/robomaster_ros/lib/robomaster_ros\n'}
[417.257623] (robomaster_ros) StdoutLine: {'line': b'Installing discover script to /home/cricchetto/Robomaster_WS/install/robomaster_ros/lib/robomaster_ros\n'}
[417.258177] (robomaster_ros) StdoutLine: {'line': b'Installing display_battery script to /home/cricchetto/Robomaster_WS/install/robomaster_ros/lib/robomaster_ros\n'}
[417.258721] (robomaster_ros) StdoutLine: {'line': b'Installing h264_decoder script to /home/cricchetto/Robomaster_WS/install/robomaster_ros/lib/robomaster_ros\n'}
[417.259244] (robomaster_ros) StdoutLine: {'line': b'Installing move script to /home/cricchetto/Robomaster_WS/install/robomaster_ros/lib/robomaster_ros\n'}
[417.259828] (robomaster_ros) StdoutLine: {'line': b'Installing play_audio script to /home/cricchetto/Robomaster_WS/install/robomaster_ros/lib/robomaster_ros\n'}
[417.260371] (robomaster_ros) StdoutLine: {'line': b'Installing play_opus script to /home/cricchetto/Robomaster_WS/install/robomaster_ros/lib/robomaster_ros\n'}
[417.260911] (robomaster_ros) StdoutLine: {'line': b'Installing robomaster_driver script to /home/cricchetto/Robomaster_WS/install/robomaster_ros/lib/robomaster_ros\n'}
[417.261449] (robomaster_ros) StdoutLine: {'line': b'Installing state_publisher script to /home/cricchetto/Robomaster_WS/install/robomaster_ros/lib/robomaster_ros\n'}
[417.265234] (robomaster_ros) StdoutLine: {'line': b"writing list of installed files to '/home/cricchetto/Robomaster_WS/build/robomaster_ros/install.log'\n"}
[417.337116] (-) TimerEvent: {}
[417.382892] (robomaster_ros) CommandEnded: {'returncode': 0}
[417.412913] (robomaster_ros) JobEnded: {'identifier': 'robomaster_ros', 'rc': 0}
[417.415785] (-) EventReactorShutdown: {}
