[0.449s] DEBUG:colcon:Command line arguments: ['/usr/bin/colcon', 'build']
[0.449s] DEBUG:colcon:Parsed command line arguments: Namespace(log_base=None, log_level=None, verb_name='build', build_base='build', install_base='install', merge_install=False, symlink_install=False, test_result_base=None, continue_on_error=False, executor='parallel', parallel_workers=4, event_handlers=None, ignore_user_meta=False, metas=['./colcon.meta'], base_paths=['.'], packages_ignore=None, packages_ignore_regex=None, paths=None, packages_up_to=None, packages_up_to_regex=None, packages_above=None, packages_above_and_dependencies=None, packages_above_depth=None, packages_select_by_dep=None, packages_skip_by_dep=None, packages_skip_up_to=None, packages_select_build_failed=False, packages_skip_build_finished=False, packages_select_test_failures=False, packages_skip_test_passed=False, packages_select=None, packages_skip=None, packages_select_regex=None, packages_skip_regex=None, packages_start=None, packages_end=None, allow_overriding=[], cmake_args=None, cmake_target=None, cmake_target_skip_unavailable=False, cmake_clean_cache=False, cmake_clean_first=False, cmake_force_configure=False, ament_cmake_args=None, catkin_cmake_args=None, catkin_skip_building_tests=False, verb_parser=<colcon_defaults.argument_parser.defaults.DefaultArgumentsDecorator object at 0xffff8fa1bf40>, verb_extension=<colcon_core.verb.build.BuildVerb object at 0xffff8fb493f0>, main=<bound method BuildVerb.main of <colcon_core.verb.build.BuildVerb object at 0xffff8fb493f0>>)
[1.150s] Level 1:colcon.colcon_core.package_discovery:discover_packages(colcon_meta) check parameters
[1.151s] Level 1:colcon.colcon_core.package_discovery:discover_packages(recursive) check parameters
[1.151s] Level 1:colcon.colcon_core.package_discovery:discover_packages(ignore) check parameters
[1.151s] Level 1:colcon.colcon_core.package_discovery:discover_packages(path) check parameters
[1.151s] Level 1:colcon.colcon_core.package_discovery:discover_packages(colcon_meta) discover
[1.151s] Level 1:colcon.colcon_core.package_discovery:discover_packages(recursive) discover
[1.151s] INFO:colcon.colcon_core.package_discovery:Crawling recursively for packages in '/home/cricchetto/Robomaster_WS'
[1.152s] Level 1:colcon.colcon_core.package_identification:_identify(.) by extensions ['ignore', 'ignore_ament_install']
[1.152s] Level 1:colcon.colcon_core.package_identification:_identify(.) by extension 'ignore'
[1.152s] Level 1:colcon.colcon_core.package_identification:_identify(.) by extension 'ignore_ament_install'
[1.153s] Level 1:colcon.colcon_core.package_identification:_identify(.) by extensions ['colcon_pkg']
[1.153s] Level 1:colcon.colcon_core.package_identification:_identify(.) by extension 'colcon_pkg'
[1.153s] Level 1:colcon.colcon_core.package_identification:_identify(.) by extensions ['colcon_meta']
[1.153s] Level 1:colcon.colcon_core.package_identification:_identify(.) by extension 'colcon_meta'
[1.153s] Level 1:colcon.colcon_core.package_identification:_identify(.) by extensions ['ros']
[1.153s] Level 1:colcon.colcon_core.package_identification:_identify(.) by extension 'ros'
[1.203s] Level 1:colcon.colcon_core.package_identification:_identify(.) by extensions ['cmake', 'python']
[1.203s] Level 1:colcon.colcon_core.package_identification:_identify(.) by extension 'cmake'
[1.203s] Level 1:colcon.colcon_core.package_identification:_identify(.) by extension 'python'
[1.203s] Level 1:colcon.colcon_core.package_identification:_identify(.) by extensions ['python_setup_py']
[1.203s] Level 1:colcon.colcon_core.package_identification:_identify(.) by extension 'python_setup_py'
[1.204s] Level 1:colcon.colcon_core.package_identification:_identify(build) by extensions ['ignore', 'ignore_ament_install']
[1.204s] Level 1:colcon.colcon_core.package_identification:_identify(build) by extension 'ignore'
[1.205s] Level 1:colcon.colcon_core.package_identification:_identify(build) ignored
[1.205s] Level 1:colcon.colcon_core.package_identification:_identify(install) by extensions ['ignore', 'ignore_ament_install']
[1.206s] Level 1:colcon.colcon_core.package_identification:_identify(install) by extension 'ignore'
[1.206s] Level 1:colcon.colcon_core.package_identification:_identify(install) ignored
[1.206s] Level 1:colcon.colcon_core.package_identification:_identify(log) by extensions ['ignore', 'ignore_ament_install']
[1.207s] Level 1:colcon.colcon_core.package_identification:_identify(log) by extension 'ignore'
[1.207s] Level 1:colcon.colcon_core.package_identification:_identify(log) ignored
[1.207s] Level 1:colcon.colcon_core.package_identification:_identify(maps) by extensions ['ignore', 'ignore_ament_install']
[1.208s] Level 1:colcon.colcon_core.package_identification:_identify(maps) by extension 'ignore'
[1.208s] Level 1:colcon.colcon_core.package_identification:_identify(maps) by extension 'ignore_ament_install'
[1.208s] Level 1:colcon.colcon_core.package_identification:_identify(maps) by extensions ['colcon_pkg']
[1.208s] Level 1:colcon.colcon_core.package_identification:_identify(maps) by extension 'colcon_pkg'
[1.208s] Level 1:colcon.colcon_core.package_identification:_identify(maps) by extensions ['colcon_meta']
[1.208s] Level 1:colcon.colcon_core.package_identification:_identify(maps) by extension 'colcon_meta'
[1.209s] Level 1:colcon.colcon_core.package_identification:_identify(maps) by extensions ['ros']
[1.209s] Level 1:colcon.colcon_core.package_identification:_identify(maps) by extension 'ros'
[1.209s] Level 1:colcon.colcon_core.package_identification:_identify(maps) by extensions ['cmake', 'python']
[1.209s] Level 1:colcon.colcon_core.package_identification:_identify(maps) by extension 'cmake'
[1.209s] Level 1:colcon.colcon_core.package_identification:_identify(maps) by extension 'python'
[1.209s] Level 1:colcon.colcon_core.package_identification:_identify(maps) by extensions ['python_setup_py']
[1.210s] Level 1:colcon.colcon_core.package_identification:_identify(maps) by extension 'python_setup_py'
[1.210s] Level 1:colcon.colcon_core.package_identification:_identify(sound) by extensions ['ignore', 'ignore_ament_install']
[1.210s] Level 1:colcon.colcon_core.package_identification:_identify(sound) by extension 'ignore'
[1.210s] Level 1:colcon.colcon_core.package_identification:_identify(sound) by extension 'ignore_ament_install'
[1.211s] Level 1:colcon.colcon_core.package_identification:_identify(sound) by extensions ['colcon_pkg']
[1.211s] Level 1:colcon.colcon_core.package_identification:_identify(sound) by extension 'colcon_pkg'
[1.211s] Level 1:colcon.colcon_core.package_identification:_identify(sound) by extensions ['colcon_meta']
[1.211s] Level 1:colcon.colcon_core.package_identification:_identify(sound) by extension 'colcon_meta'
[1.211s] Level 1:colcon.colcon_core.package_identification:_identify(sound) by extensions ['ros']
[1.211s] Level 1:colcon.colcon_core.package_identification:_identify(sound) by extension 'ros'
[1.212s] Level 1:colcon.colcon_core.package_identification:_identify(sound) by extensions ['cmake', 'python']
[1.212s] Level 1:colcon.colcon_core.package_identification:_identify(sound) by extension 'cmake'
[1.212s] Level 1:colcon.colcon_core.package_identification:_identify(sound) by extension 'python'
[1.212s] Level 1:colcon.colcon_core.package_identification:_identify(sound) by extensions ['python_setup_py']
[1.212s] Level 1:colcon.colcon_core.package_identification:_identify(sound) by extension 'python_setup_py'
[1.213s] Level 1:colcon.colcon_core.package_identification:_identify(src) by extensions ['ignore', 'ignore_ament_install']
[1.213s] Level 1:colcon.colcon_core.package_identification:_identify(src) by extension 'ignore'
[1.213s] Level 1:colcon.colcon_core.package_identification:_identify(src) by extension 'ignore_ament_install'
[1.213s] Level 1:colcon.colcon_core.package_identification:_identify(src) by extensions ['colcon_pkg']
[1.213s] Level 1:colcon.colcon_core.package_identification:_identify(src) by extension 'colcon_pkg'
[1.214s] Level 1:colcon.colcon_core.package_identification:_identify(src) by extensions ['colcon_meta']
[1.214s] Level 1:colcon.colcon_core.package_identification:_identify(src) by extension 'colcon_meta'
[1.214s] Level 1:colcon.colcon_core.package_identification:_identify(src) by extensions ['ros']
[1.214s] Level 1:colcon.colcon_core.package_identification:_identify(src) by extension 'ros'
[1.214s] Level 1:colcon.colcon_core.package_identification:_identify(src) by extensions ['cmake', 'python']
[1.214s] Level 1:colcon.colcon_core.package_identification:_identify(src) by extension 'cmake'
[1.215s] Level 1:colcon.colcon_core.package_identification:_identify(src) by extension 'python'
[1.215s] Level 1:colcon.colcon_core.package_identification:_identify(src) by extensions ['python_setup_py']
[1.215s] Level 1:colcon.colcon_core.package_identification:_identify(src) by extension 'python_setup_py'
[1.215s] Level 1:colcon.colcon_core.package_identification:_identify(src/build) by extensions ['ignore', 'ignore_ament_install']
[1.216s] Level 1:colcon.colcon_core.package_identification:_identify(src/build) by extension 'ignore'
[1.216s] Level 1:colcon.colcon_core.package_identification:_identify(src/build) ignored
[1.216s] Level 1:colcon.colcon_core.package_identification:_identify(src/drift) by extensions ['ignore', 'ignore_ament_install']
[1.216s] Level 1:colcon.colcon_core.package_identification:_identify(src/drift) by extension 'ignore'
[1.217s] Level 1:colcon.colcon_core.package_identification:_identify(src/drift) by extension 'ignore_ament_install'
[1.217s] Level 1:colcon.colcon_core.package_identification:_identify(src/drift) by extensions ['colcon_pkg']
[1.217s] Level 1:colcon.colcon_core.package_identification:_identify(src/drift) by extension 'colcon_pkg'
[1.217s] Level 1:colcon.colcon_core.package_identification:_identify(src/drift) by extensions ['colcon_meta']
[1.217s] Level 1:colcon.colcon_core.package_identification:_identify(src/drift) by extension 'colcon_meta'
[1.217s] Level 1:colcon.colcon_core.package_identification:_identify(src/drift) by extensions ['ros']
[1.218s] Level 1:colcon.colcon_core.package_identification:_identify(src/drift) by extension 'ros'
[1.227s] DEBUG:colcon.colcon_core.package_identification:Package 'src/drift' with type 'ros.ament_python' and name 'drift'
[1.227s] Level 1:colcon.colcon_core.package_identification:_identify(src/ep_control) by extensions ['ignore', 'ignore_ament_install']
[1.228s] Level 1:colcon.colcon_core.package_identification:_identify(src/ep_control) by extension 'ignore'
[1.228s] Level 1:colcon.colcon_core.package_identification:_identify(src/ep_control) by extension 'ignore_ament_install'
[1.228s] Level 1:colcon.colcon_core.package_identification:_identify(src/ep_control) by extensions ['colcon_pkg']
[1.228s] Level 1:colcon.colcon_core.package_identification:_identify(src/ep_control) by extension 'colcon_pkg'
[1.229s] Level 1:colcon.colcon_core.package_identification:_identify(src/ep_control) by extensions ['colcon_meta']
[1.229s] Level 1:colcon.colcon_core.package_identification:_identify(src/ep_control) by extension 'colcon_meta'
[1.229s] Level 1:colcon.colcon_core.package_identification:_identify(src/ep_control) by extensions ['ros']
[1.229s] Level 1:colcon.colcon_core.package_identification:_identify(src/ep_control) by extension 'ros'
[1.232s] DEBUG:colcon.colcon_core.package_identification:Package 'src/ep_control' with type 'ros.ament_python' and name 'ep_control'
[1.232s] Level 1:colcon.colcon_core.package_identification:_identify(src/install) by extensions ['ignore', 'ignore_ament_install']
[1.233s] Level 1:colcon.colcon_core.package_identification:_identify(src/install) by extension 'ignore'
[1.233s] Level 1:colcon.colcon_core.package_identification:_identify(src/install) ignored
[1.233s] Level 1:colcon.colcon_core.package_identification:_identify(src/log) by extensions ['ignore', 'ignore_ament_install']
[1.234s] Level 1:colcon.colcon_core.package_identification:_identify(src/log) by extension 'ignore'
[1.234s] Level 1:colcon.colcon_core.package_identification:_identify(src/log) ignored
[1.234s] Level 1:colcon.colcon_core.package_identification:_identify(src/m-explore-ros2) by extensions ['ignore', 'ignore_ament_install']
[1.234s] Level 1:colcon.colcon_core.package_identification:_identify(src/m-explore-ros2) by extension 'ignore'
[1.235s] Level 1:colcon.colcon_core.package_identification:_identify(src/m-explore-ros2) by extension 'ignore_ament_install'
[1.235s] Level 1:colcon.colcon_core.package_identification:_identify(src/m-explore-ros2) by extensions ['colcon_pkg']
[1.235s] Level 1:colcon.colcon_core.package_identification:_identify(src/m-explore-ros2) by extension 'colcon_pkg'
[1.235s] Level 1:colcon.colcon_core.package_identification:_identify(src/m-explore-ros2) by extensions ['colcon_meta']
[1.235s] Level 1:colcon.colcon_core.package_identification:_identify(src/m-explore-ros2) by extension 'colcon_meta'
[1.235s] Level 1:colcon.colcon_core.package_identification:_identify(src/m-explore-ros2) by extensions ['ros']
[1.236s] Level 1:colcon.colcon_core.package_identification:_identify(src/m-explore-ros2) by extension 'ros'
[1.236s] Level 1:colcon.colcon_core.package_identification:_identify(src/m-explore-ros2) by extensions ['cmake', 'python']
[1.236s] Level 1:colcon.colcon_core.package_identification:_identify(src/m-explore-ros2) by extension 'cmake'
[1.236s] Level 1:colcon.colcon_core.package_identification:_identify(src/m-explore-ros2) by extension 'python'
[1.236s] Level 1:colcon.colcon_core.package_identification:_identify(src/m-explore-ros2) by extensions ['python_setup_py']
[1.237s] Level 1:colcon.colcon_core.package_identification:_identify(src/m-explore-ros2) by extension 'python_setup_py'
[1.237s] Level 1:colcon.colcon_core.package_identification:_identify(src/m-explore-ros2/explore) by extensions ['ignore', 'ignore_ament_install']
[1.237s] Level 1:colcon.colcon_core.package_identification:_identify(src/m-explore-ros2/explore) by extension 'ignore'
[1.238s] Level 1:colcon.colcon_core.package_identification:_identify(src/m-explore-ros2/explore) by extension 'ignore_ament_install'
[1.238s] Level 1:colcon.colcon_core.package_identification:_identify(src/m-explore-ros2/explore) by extensions ['colcon_pkg']
[1.238s] Level 1:colcon.colcon_core.package_identification:_identify(src/m-explore-ros2/explore) by extension 'colcon_pkg'
[1.238s] Level 1:colcon.colcon_core.package_identification:_identify(src/m-explore-ros2/explore) by extensions ['colcon_meta']
[1.238s] Level 1:colcon.colcon_core.package_identification:_identify(src/m-explore-ros2/explore) by extension 'colcon_meta'
[1.238s] Level 1:colcon.colcon_core.package_identification:_identify(src/m-explore-ros2/explore) by extensions ['ros']
[1.239s] Level 1:colcon.colcon_core.package_identification:_identify(src/m-explore-ros2/explore) by extension 'ros'
[1.244s] DEBUG:colcon.colcon_core.package_identification:Package 'src/m-explore-ros2/explore' with type 'ros.ament_cmake' and name 'explore_lite'
[1.245s] Level 1:colcon.colcon_core.package_identification:_identify(src/m-explore-ros2/map_merge) by extensions ['ignore', 'ignore_ament_install']
[1.245s] Level 1:colcon.colcon_core.package_identification:_identify(src/m-explore-ros2/map_merge) by extension 'ignore'
[1.245s] Level 1:colcon.colcon_core.package_identification:_identify(src/m-explore-ros2/map_merge) by extension 'ignore_ament_install'
[1.246s] Level 1:colcon.colcon_core.package_identification:_identify(src/m-explore-ros2/map_merge) by extensions ['colcon_pkg']
[1.246s] Level 1:colcon.colcon_core.package_identification:_identify(src/m-explore-ros2/map_merge) by extension 'colcon_pkg'
[1.246s] Level 1:colcon.colcon_core.package_identification:_identify(src/m-explore-ros2/map_merge) by extensions ['colcon_meta']
[1.246s] Level 1:colcon.colcon_core.package_identification:_identify(src/m-explore-ros2/map_merge) by extension 'colcon_meta'
[1.246s] Level 1:colcon.colcon_core.package_identification:_identify(src/m-explore-ros2/map_merge) by extensions ['ros']
[1.246s] Level 1:colcon.colcon_core.package_identification:_identify(src/m-explore-ros2/map_merge) by extension 'ros'
[1.250s] DEBUG:colcon.colcon_core.package_identification:Package 'src/m-explore-ros2/map_merge' with type 'ros.ament_cmake' and name 'multirobot_map_merge'
[1.251s] Level 1:colcon.colcon_core.package_identification:_identify(src/robomaster_ros) by extensions ['ignore', 'ignore_ament_install']
[1.251s] Level 1:colcon.colcon_core.package_identification:_identify(src/robomaster_ros) by extension 'ignore'
[1.252s] Level 1:colcon.colcon_core.package_identification:_identify(src/robomaster_ros) by extension 'ignore_ament_install'
[1.252s] Level 1:colcon.colcon_core.package_identification:_identify(src/robomaster_ros) by extensions ['colcon_pkg']
[1.252s] Level 1:colcon.colcon_core.package_identification:_identify(src/robomaster_ros) by extension 'colcon_pkg'
[1.252s] Level 1:colcon.colcon_core.package_identification:_identify(src/robomaster_ros) by extensions ['colcon_meta']
[1.252s] Level 1:colcon.colcon_core.package_identification:_identify(src/robomaster_ros) by extension 'colcon_meta'
[1.252s] Level 1:colcon.colcon_core.package_identification:_identify(src/robomaster_ros) by extensions ['ros']
[1.253s] Level 1:colcon.colcon_core.package_identification:_identify(src/robomaster_ros) by extension 'ros'
[1.253s] Level 1:colcon.colcon_core.package_identification:_identify(src/robomaster_ros) by extensions ['cmake', 'python']
[1.253s] Level 1:colcon.colcon_core.package_identification:_identify(src/robomaster_ros) by extension 'cmake'
[1.253s] Level 1:colcon.colcon_core.package_identification:_identify(src/robomaster_ros) by extension 'python'
[1.253s] Level 1:colcon.colcon_core.package_identification:_identify(src/robomaster_ros) by extensions ['python_setup_py']
[1.253s] Level 1:colcon.colcon_core.package_identification:_identify(src/robomaster_ros) by extension 'python_setup_py'
[1.254s] Level 1:colcon.colcon_core.package_identification:_identify(src/robomaster_ros/docker) by extensions ['ignore', 'ignore_ament_install']
[1.254s] Level 1:colcon.colcon_core.package_identification:_identify(src/robomaster_ros/docker) by extension 'ignore'
[1.254s] Level 1:colcon.colcon_core.package_identification:_identify(src/robomaster_ros/docker) by extension 'ignore_ament_install'
[1.255s] Level 1:colcon.colcon_core.package_identification:_identify(src/robomaster_ros/docker) by extensions ['colcon_pkg']
[1.255s] Level 1:colcon.colcon_core.package_identification:_identify(src/robomaster_ros/docker) by extension 'colcon_pkg'
[1.255s] Level 1:colcon.colcon_core.package_identification:_identify(src/robomaster_ros/docker) by extensions ['colcon_meta']
[1.255s] Level 1:colcon.colcon_core.package_identification:_identify(src/robomaster_ros/docker) by extension 'colcon_meta'
[1.255s] Level 1:colcon.colcon_core.package_identification:_identify(src/robomaster_ros/docker) by extensions ['ros']
[1.255s] Level 1:colcon.colcon_core.package_identification:_identify(src/robomaster_ros/docker) by extension 'ros'
[1.256s] Level 1:colcon.colcon_core.package_identification:_identify(src/robomaster_ros/docker) by extensions ['cmake', 'python']
[1.256s] Level 1:colcon.colcon_core.package_identification:_identify(src/robomaster_ros/docker) by extension 'cmake'
[1.256s] Level 1:colcon.colcon_core.package_identification:_identify(src/robomaster_ros/docker) by extension 'python'
[1.256s] Level 1:colcon.colcon_core.package_identification:_identify(src/robomaster_ros/docker) by extensions ['python_setup_py']
[1.256s] Level 1:colcon.colcon_core.package_identification:_identify(src/robomaster_ros/docker) by extension 'python_setup_py'
[1.257s] Level 1:colcon.colcon_core.package_identification:_identify(src/robomaster_ros/docker/foxy) by extensions ['ignore', 'ignore_ament_install']
[1.257s] Level 1:colcon.colcon_core.package_identification:_identify(src/robomaster_ros/docker/foxy) by extension 'ignore'
[1.257s] Level 1:colcon.colcon_core.package_identification:_identify(src/robomaster_ros/docker/foxy) by extension 'ignore_ament_install'
[1.257s] Level 1:colcon.colcon_core.package_identification:_identify(src/robomaster_ros/docker/foxy) by extensions ['colcon_pkg']
[1.257s] Level 1:colcon.colcon_core.package_identification:_identify(src/robomaster_ros/docker/foxy) by extension 'colcon_pkg'
[1.258s] Level 1:colcon.colcon_core.package_identification:_identify(src/robomaster_ros/docker/foxy) by extensions ['colcon_meta']
[1.258s] Level 1:colcon.colcon_core.package_identification:_identify(src/robomaster_ros/docker/foxy) by extension 'colcon_meta'
[1.258s] Level 1:colcon.colcon_core.package_identification:_identify(src/robomaster_ros/docker/foxy) by extensions ['ros']
[1.258s] Level 1:colcon.colcon_core.package_identification:_identify(src/robomaster_ros/docker/foxy) by extension 'ros'
[1.259s] Level 1:colcon.colcon_core.package_identification:_identify(src/robomaster_ros/docker/foxy) by extensions ['cmake', 'python']
[1.259s] Level 1:colcon.colcon_core.package_identification:_identify(src/robomaster_ros/docker/foxy) by extension 'cmake'
[1.259s] Level 1:colcon.colcon_core.package_identification:_identify(src/robomaster_ros/docker/foxy) by extension 'python'
[1.259s] Level 1:colcon.colcon_core.package_identification:_identify(src/robomaster_ros/docker/foxy) by extensions ['python_setup_py']
[1.259s] Level 1:colcon.colcon_core.package_identification:_identify(src/robomaster_ros/docker/foxy) by extension 'python_setup_py'
[1.260s] Level 1:colcon.colcon_core.package_identification:_identify(src/robomaster_ros/docker/foxy/ep) by extensions ['ignore', 'ignore_ament_install']
[1.260s] Level 1:colcon.colcon_core.package_identification:_identify(src/robomaster_ros/docker/foxy/ep) by extension 'ignore'
[1.260s] Level 1:colcon.colcon_core.package_identification:_identify(src/robomaster_ros/docker/foxy/ep) by extension 'ignore_ament_install'
[1.260s] Level 1:colcon.colcon_core.package_identification:_identify(src/robomaster_ros/docker/foxy/ep) by extensions ['colcon_pkg']
[1.260s] Level 1:colcon.colcon_core.package_identification:_identify(src/robomaster_ros/docker/foxy/ep) by extension 'colcon_pkg'
[1.261s] Level 1:colcon.colcon_core.package_identification:_identify(src/robomaster_ros/docker/foxy/ep) by extensions ['colcon_meta']
[1.261s] Level 1:colcon.colcon_core.package_identification:_identify(src/robomaster_ros/docker/foxy/ep) by extension 'colcon_meta'
[1.261s] Level 1:colcon.colcon_core.package_identification:_identify(src/robomaster_ros/docker/foxy/ep) by extensions ['ros']
[1.261s] Level 1:colcon.colcon_core.package_identification:_identify(src/robomaster_ros/docker/foxy/ep) by extension 'ros'
[1.261s] Level 1:colcon.colcon_core.package_identification:_identify(src/robomaster_ros/docker/foxy/ep) by extensions ['cmake', 'python']
[1.262s] Level 1:colcon.colcon_core.package_identification:_identify(src/robomaster_ros/docker/foxy/ep) by extension 'cmake'
[1.262s] Level 1:colcon.colcon_core.package_identification:_identify(src/robomaster_ros/docker/foxy/ep) by extension 'python'
[1.262s] Level 1:colcon.colcon_core.package_identification:_identify(src/robomaster_ros/docker/foxy/ep) by extensions ['python_setup_py']
[1.262s] Level 1:colcon.colcon_core.package_identification:_identify(src/robomaster_ros/docker/foxy/ep) by extension 'python_setup_py'
[1.262s] Level 1:colcon.colcon_core.package_identification:_identify(src/robomaster_ros/docker/foxy/s1) by extensions ['ignore', 'ignore_ament_install']
[1.263s] Level 1:colcon.colcon_core.package_identification:_identify(src/robomaster_ros/docker/foxy/s1) by extension 'ignore'
[1.263s] Level 1:colcon.colcon_core.package_identification:_identify(src/robomaster_ros/docker/foxy/s1) by extension 'ignore_ament_install'
[1.263s] Level 1:colcon.colcon_core.package_identification:_identify(src/robomaster_ros/docker/foxy/s1) by extensions ['colcon_pkg']
[1.263s] Level 1:colcon.colcon_core.package_identification:_identify(src/robomaster_ros/docker/foxy/s1) by extension 'colcon_pkg'
[1.263s] Level 1:colcon.colcon_core.package_identification:_identify(src/robomaster_ros/docker/foxy/s1) by extensions ['colcon_meta']
[1.263s] Level 1:colcon.colcon_core.package_identification:_identify(src/robomaster_ros/docker/foxy/s1) by extension 'colcon_meta'
[1.264s] Level 1:colcon.colcon_core.package_identification:_identify(src/robomaster_ros/docker/foxy/s1) by extensions ['ros']
[1.264s] Level 1:colcon.colcon_core.package_identification:_identify(src/robomaster_ros/docker/foxy/s1) by extension 'ros'
[1.264s] Level 1:colcon.colcon_core.package_identification:_identify(src/robomaster_ros/docker/foxy/s1) by extensions ['cmake', 'python']
[1.264s] Level 1:colcon.colcon_core.package_identification:_identify(src/robomaster_ros/docker/foxy/s1) by extension 'cmake'
[1.264s] Level 1:colcon.colcon_core.package_identification:_identify(src/robomaster_ros/docker/foxy/s1) by extension 'python'
[1.265s] Level 1:colcon.colcon_core.package_identification:_identify(src/robomaster_ros/docker/foxy/s1) by extensions ['python_setup_py']
[1.265s] Level 1:colcon.colcon_core.package_identification:_identify(src/robomaster_ros/docker/foxy/s1) by extension 'python_setup_py'
[1.265s] Level 1:colcon.colcon_core.package_identification:_identify(src/robomaster_ros/docker/galactic) by extensions ['ignore', 'ignore_ament_install']
[1.266s] Level 1:colcon.colcon_core.package_identification:_identify(src/robomaster_ros/docker/galactic) by extension 'ignore'
[1.266s] Level 1:colcon.colcon_core.package_identification:_identify(src/robomaster_ros/docker/galactic) by extension 'ignore_ament_install'
[1.266s] Level 1:colcon.colcon_core.package_identification:_identify(src/robomaster_ros/docker/galactic) by extensions ['colcon_pkg']
[1.266s] Level 1:colcon.colcon_core.package_identification:_identify(src/robomaster_ros/docker/galactic) by extension 'colcon_pkg'
[1.266s] Level 1:colcon.colcon_core.package_identification:_identify(src/robomaster_ros/docker/galactic) by extensions ['colcon_meta']
[1.266s] Level 1:colcon.colcon_core.package_identification:_identify(src/robomaster_ros/docker/galactic) by extension 'colcon_meta'
[1.267s] Level 1:colcon.colcon_core.package_identification:_identify(src/robomaster_ros/docker/galactic) by extensions ['ros']
[1.267s] Level 1:colcon.colcon_core.package_identification:_identify(src/robomaster_ros/docker/galactic) by extension 'ros'
[1.267s] Level 1:colcon.colcon_core.package_identification:_identify(src/robomaster_ros/docker/galactic) by extensions ['cmake', 'python']
[1.267s] Level 1:colcon.colcon_core.package_identification:_identify(src/robomaster_ros/docker/galactic) by extension 'cmake'
[1.267s] Level 1:colcon.colcon_core.package_identification:_identify(src/robomaster_ros/docker/galactic) by extension 'python'
[1.267s] Level 1:colcon.colcon_core.package_identification:_identify(src/robomaster_ros/docker/galactic) by extensions ['python_setup_py']
[1.267s] Level 1:colcon.colcon_core.package_identification:_identify(src/robomaster_ros/docker/galactic) by extension 'python_setup_py'
[1.268s] Level 1:colcon.colcon_core.package_identification:_identify(src/robomaster_ros/docker/galactic/ep) by extensions ['ignore', 'ignore_ament_install']
[1.268s] Level 1:colcon.colcon_core.package_identification:_identify(src/robomaster_ros/docker/galactic/ep) by extension 'ignore'
[1.268s] Level 1:colcon.colcon_core.package_identification:_identify(src/robomaster_ros/docker/galactic/ep) by extension 'ignore_ament_install'
[1.269s] Level 1:colcon.colcon_core.package_identification:_identify(src/robomaster_ros/docker/galactic/ep) by extensions ['colcon_pkg']
[1.269s] Level 1:colcon.colcon_core.package_identification:_identify(src/robomaster_ros/docker/galactic/ep) by extension 'colcon_pkg'
[1.269s] Level 1:colcon.colcon_core.package_identification:_identify(src/robomaster_ros/docker/galactic/ep) by extensions ['colcon_meta']
[1.269s] Level 1:colcon.colcon_core.package_identification:_identify(src/robomaster_ros/docker/galactic/ep) by extension 'colcon_meta'
[1.269s] Level 1:colcon.colcon_core.package_identification:_identify(src/robomaster_ros/docker/galactic/ep) by extensions ['ros']
[1.269s] Level 1:colcon.colcon_core.package_identification:_identify(src/robomaster_ros/docker/galactic/ep) by extension 'ros'
[1.270s] Level 1:colcon.colcon_core.package_identification:_identify(src/robomaster_ros/docker/galactic/ep) by extensions ['cmake', 'python']
[1.270s] Level 1:colcon.colcon_core.package_identification:_identify(src/robomaster_ros/docker/galactic/ep) by extension 'cmake'
[1.270s] Level 1:colcon.colcon_core.package_identification:_identify(src/robomaster_ros/docker/galactic/ep) by extension 'python'
[1.270s] Level 1:colcon.colcon_core.package_identification:_identify(src/robomaster_ros/docker/galactic/ep) by extensions ['python_setup_py']
[1.270s] Level 1:colcon.colcon_core.package_identification:_identify(src/robomaster_ros/docker/galactic/ep) by extension 'python_setup_py'
[1.271s] Level 1:colcon.colcon_core.package_identification:_identify(src/robomaster_ros/docker/galactic/s1) by extensions ['ignore', 'ignore_ament_install']
[1.271s] Level 1:colcon.colcon_core.package_identification:_identify(src/robomaster_ros/docker/galactic/s1) by extension 'ignore'
[1.271s] Level 1:colcon.colcon_core.package_identification:_identify(src/robomaster_ros/docker/galactic/s1) by extension 'ignore_ament_install'
[1.271s] Level 1:colcon.colcon_core.package_identification:_identify(src/robomaster_ros/docker/galactic/s1) by extensions ['colcon_pkg']
[1.272s] Level 1:colcon.colcon_core.package_identification:_identify(src/robomaster_ros/docker/galactic/s1) by extension 'colcon_pkg'
[1.272s] Level 1:colcon.colcon_core.package_identification:_identify(src/robomaster_ros/docker/galactic/s1) by extensions ['colcon_meta']
[1.272s] Level 1:colcon.colcon_core.package_identification:_identify(src/robomaster_ros/docker/galactic/s1) by extension 'colcon_meta'
[1.272s] Level 1:colcon.colcon_core.package_identification:_identify(src/robomaster_ros/docker/galactic/s1) by extensions ['ros']
[1.272s] Level 1:colcon.colcon_core.package_identification:_identify(src/robomaster_ros/docker/galactic/s1) by extension 'ros'
[1.273s] Level 1:colcon.colcon_core.package_identification:_identify(src/robomaster_ros/docker/galactic/s1) by extensions ['cmake', 'python']
[1.273s] Level 1:colcon.colcon_core.package_identification:_identify(src/robomaster_ros/docker/galactic/s1) by extension 'cmake'
[1.273s] Level 1:colcon.colcon_core.package_identification:_identify(src/robomaster_ros/docker/galactic/s1) by extension 'python'
[1.273s] Level 1:colcon.colcon_core.package_identification:_identify(src/robomaster_ros/docker/galactic/s1) by extensions ['python_setup_py']
[1.273s] Level 1:colcon.colcon_core.package_identification:_identify(src/robomaster_ros/docker/galactic/s1) by extension 'python_setup_py'
[1.274s] Level 1:colcon.colcon_core.package_identification:_identify(src/robomaster_ros/docker/humble) by extensions ['ignore', 'ignore_ament_install']
[1.274s] Level 1:colcon.colcon_core.package_identification:_identify(src/robomaster_ros/docker/humble) by extension 'ignore'
[1.274s] Level 1:colcon.colcon_core.package_identification:_identify(src/robomaster_ros/docker/humble) by extension 'ignore_ament_install'
[1.274s] Level 1:colcon.colcon_core.package_identification:_identify(src/robomaster_ros/docker/humble) by extensions ['colcon_pkg']
[1.274s] Level 1:colcon.colcon_core.package_identification:_identify(src/robomaster_ros/docker/humble) by extension 'colcon_pkg'
[1.275s] Level 1:colcon.colcon_core.package_identification:_identify(src/robomaster_ros/docker/humble) by extensions ['colcon_meta']
[1.275s] Level 1:colcon.colcon_core.package_identification:_identify(src/robomaster_ros/docker/humble) by extension 'colcon_meta'
[1.275s] Level 1:colcon.colcon_core.package_identification:_identify(src/robomaster_ros/docker/humble) by extensions ['ros']
[1.275s] Level 1:colcon.colcon_core.package_identification:_identify(src/robomaster_ros/docker/humble) by extension 'ros'
[1.275s] Level 1:colcon.colcon_core.package_identification:_identify(src/robomaster_ros/docker/humble) by extensions ['cmake', 'python']
[1.275s] Level 1:colcon.colcon_core.package_identification:_identify(src/robomaster_ros/docker/humble) by extension 'cmake'
[1.276s] Level 1:colcon.colcon_core.package_identification:_identify(src/robomaster_ros/docker/humble) by extension 'python'
[1.276s] Level 1:colcon.colcon_core.package_identification:_identify(src/robomaster_ros/docker/humble) by extensions ['python_setup_py']
[1.276s] Level 1:colcon.colcon_core.package_identification:_identify(src/robomaster_ros/docker/humble) by extension 'python_setup_py'
[1.276s] Level 1:colcon.colcon_core.package_identification:_identify(src/robomaster_ros/docker/humble/ep) by extensions ['ignore', 'ignore_ament_install']
[1.277s] Level 1:colcon.colcon_core.package_identification:_identify(src/robomaster_ros/docker/humble/ep) by extension 'ignore'
[1.277s] Level 1:colcon.colcon_core.package_identification:_identify(src/robomaster_ros/docker/humble/ep) by extension 'ignore_ament_install'
[1.277s] Level 1:colcon.colcon_core.package_identification:_identify(src/robomaster_ros/docker/humble/ep) by extensions ['colcon_pkg']
[1.277s] Level 1:colcon.colcon_core.package_identification:_identify(src/robomaster_ros/docker/humble/ep) by extension 'colcon_pkg'
[1.277s] Level 1:colcon.colcon_core.package_identification:_identify(src/robomaster_ros/docker/humble/ep) by extensions ['colcon_meta']
[1.277s] Level 1:colcon.colcon_core.package_identification:_identify(src/robomaster_ros/docker/humble/ep) by extension 'colcon_meta'
[1.278s] Level 1:colcon.colcon_core.package_identification:_identify(src/robomaster_ros/docker/humble/ep) by extensions ['ros']
[1.278s] Level 1:colcon.colcon_core.package_identification:_identify(src/robomaster_ros/docker/humble/ep) by extension 'ros'
[1.278s] Level 1:colcon.colcon_core.package_identification:_identify(src/robomaster_ros/docker/humble/ep) by extensions ['cmake', 'python']
[1.278s] Level 1:colcon.colcon_core.package_identification:_identify(src/robomaster_ros/docker/humble/ep) by extension 'cmake'
[1.278s] Level 1:colcon.colcon_core.package_identification:_identify(src/robomaster_ros/docker/humble/ep) by extension 'python'
[1.279s] Level 1:colcon.colcon_core.package_identification:_identify(src/robomaster_ros/docker/humble/ep) by extensions ['python_setup_py']
[1.279s] Level 1:colcon.colcon_core.package_identification:_identify(src/robomaster_ros/docker/humble/ep) by extension 'python_setup_py'
[1.279s] Level 1:colcon.colcon_core.package_identification:_identify(src/robomaster_ros/docker/humble/s1) by extensions ['ignore', 'ignore_ament_install']
[1.279s] Level 1:colcon.colcon_core.package_identification:_identify(src/robomaster_ros/docker/humble/s1) by extension 'ignore'
[1.280s] Level 1:colcon.colcon_core.package_identification:_identify(src/robomaster_ros/docker/humble/s1) by extension 'ignore_ament_install'
[1.280s] Level 1:colcon.colcon_core.package_identification:_identify(src/robomaster_ros/docker/humble/s1) by extensions ['colcon_pkg']
[1.280s] Level 1:colcon.colcon_core.package_identification:_identify(src/robomaster_ros/docker/humble/s1) by extension 'colcon_pkg'
[1.280s] Level 1:colcon.colcon_core.package_identification:_identify(src/robomaster_ros/docker/humble/s1) by extensions ['colcon_meta']
[1.280s] Level 1:colcon.colcon_core.package_identification:_identify(src/robomaster_ros/docker/humble/s1) by extension 'colcon_meta'
[1.280s] Level 1:colcon.colcon_core.package_identification:_identify(src/robomaster_ros/docker/humble/s1) by extensions ['ros']
[1.281s] Level 1:colcon.colcon_core.package_identification:_identify(src/robomaster_ros/docker/humble/s1) by extension 'ros'
[1.281s] Level 1:colcon.colcon_core.package_identification:_identify(src/robomaster_ros/docker/humble/s1) by extensions ['cmake', 'python']
[1.281s] Level 1:colcon.colcon_core.package_identification:_identify(src/robomaster_ros/docker/humble/s1) by extension 'cmake'
[1.281s] Level 1:colcon.colcon_core.package_identification:_identify(src/robomaster_ros/docker/humble/s1) by extension 'python'
[1.281s] Level 1:colcon.colcon_core.package_identification:_identify(src/robomaster_ros/docker/humble/s1) by extensions ['python_setup_py']
[1.281s] Level 1:colcon.colcon_core.package_identification:_identify(src/robomaster_ros/docker/humble/s1) by extension 'python_setup_py'
[1.282s] Level 1:colcon.colcon_core.package_identification:_identify(src/robomaster_ros/docker/iron) by extensions ['ignore', 'ignore_ament_install']
[1.282s] Level 1:colcon.colcon_core.package_identification:_identify(src/robomaster_ros/docker/iron) by extension 'ignore'
[1.282s] Level 1:colcon.colcon_core.package_identification:_identify(src/robomaster_ros/docker/iron) by extension 'ignore_ament_install'
[1.283s] Level 1:colcon.colcon_core.package_identification:_identify(src/robomaster_ros/docker/iron) by extensions ['colcon_pkg']
[1.283s] Level 1:colcon.colcon_core.package_identification:_identify(src/robomaster_ros/docker/iron) by extension 'colcon_pkg'
[1.283s] Level 1:colcon.colcon_core.package_identification:_identify(src/robomaster_ros/docker/iron) by extensions ['colcon_meta']
[1.283s] Level 1:colcon.colcon_core.package_identification:_identify(src/robomaster_ros/docker/iron) by extension 'colcon_meta'
[1.283s] Level 1:colcon.colcon_core.package_identification:_identify(src/robomaster_ros/docker/iron) by extensions ['ros']
[1.283s] Level 1:colcon.colcon_core.package_identification:_identify(src/robomaster_ros/docker/iron) by extension 'ros'
[1.284s] Level 1:colcon.colcon_core.package_identification:_identify(src/robomaster_ros/docker/iron) by extensions ['cmake', 'python']
[1.284s] Level 1:colcon.colcon_core.package_identification:_identify(src/robomaster_ros/docker/iron) by extension 'cmake'
[1.284s] Level 1:colcon.colcon_core.package_identification:_identify(src/robomaster_ros/docker/iron) by extension 'python'
[1.284s] Level 1:colcon.colcon_core.package_identification:_identify(src/robomaster_ros/docker/iron) by extensions ['python_setup_py']
[1.284s] Level 1:colcon.colcon_core.package_identification:_identify(src/robomaster_ros/docker/iron) by extension 'python_setup_py'
[1.285s] Level 1:colcon.colcon_core.package_identification:_identify(src/robomaster_ros/docker/iron/ep) by extensions ['ignore', 'ignore_ament_install']
[1.285s] Level 1:colcon.colcon_core.package_identification:_identify(src/robomaster_ros/docker/iron/ep) by extension 'ignore'
[1.285s] Level 1:colcon.colcon_core.package_identification:_identify(src/robomaster_ros/docker/iron/ep) by extension 'ignore_ament_install'
[1.285s] Level 1:colcon.colcon_core.package_identification:_identify(src/robomaster_ros/docker/iron/ep) by extensions ['colcon_pkg']
[1.286s] Level 1:colcon.colcon_core.package_identification:_identify(src/robomaster_ros/docker/iron/ep) by extension 'colcon_pkg'
[1.286s] Level 1:colcon.colcon_core.package_identification:_identify(src/robomaster_ros/docker/iron/ep) by extensions ['colcon_meta']
[1.286s] Level 1:colcon.colcon_core.package_identification:_identify(src/robomaster_ros/docker/iron/ep) by extension 'colcon_meta'
[1.286s] Level 1:colcon.colcon_core.package_identification:_identify(src/robomaster_ros/docker/iron/ep) by extensions ['ros']
[1.286s] Level 1:colcon.colcon_core.package_identification:_identify(src/robomaster_ros/docker/iron/ep) by extension 'ros'
[1.286s] Level 1:colcon.colcon_core.package_identification:_identify(src/robomaster_ros/docker/iron/ep) by extensions ['cmake', 'python']
[1.287s] Level 1:colcon.colcon_core.package_identification:_identify(src/robomaster_ros/docker/iron/ep) by extension 'cmake'
[1.287s] Level 1:colcon.colcon_core.package_identification:_identify(src/robomaster_ros/docker/iron/ep) by extension 'python'
[1.287s] Level 1:colcon.colcon_core.package_identification:_identify(src/robomaster_ros/docker/iron/ep) by extensions ['python_setup_py']
[1.287s] Level 1:colcon.colcon_core.package_identification:_identify(src/robomaster_ros/docker/iron/ep) by extension 'python_setup_py'
[1.287s] Level 1:colcon.colcon_core.package_identification:_identify(src/robomaster_ros/docker/iron/s1) by extensions ['ignore', 'ignore_ament_install']
[1.288s] Level 1:colcon.colcon_core.package_identification:_identify(src/robomaster_ros/docker/iron/s1) by extension 'ignore'
[1.288s] Level 1:colcon.colcon_core.package_identification:_identify(src/robomaster_ros/docker/iron/s1) by extension 'ignore_ament_install'
[1.288s] Level 1:colcon.colcon_core.package_identification:_identify(src/robomaster_ros/docker/iron/s1) by extensions ['colcon_pkg']
[1.288s] Level 1:colcon.colcon_core.package_identification:_identify(src/robomaster_ros/docker/iron/s1) by extension 'colcon_pkg'
[1.288s] Level 1:colcon.colcon_core.package_identification:_identify(src/robomaster_ros/docker/iron/s1) by extensions ['colcon_meta']
[1.289s] Level 1:colcon.colcon_core.package_identification:_identify(src/robomaster_ros/docker/iron/s1) by extension 'colcon_meta'
[1.289s] Level 1:colcon.colcon_core.package_identification:_identify(src/robomaster_ros/docker/iron/s1) by extensions ['ros']
[1.289s] Level 1:colcon.colcon_core.package_identification:_identify(src/robomaster_ros/docker/iron/s1) by extension 'ros'
[1.289s] Level 1:colcon.colcon_core.package_identification:_identify(src/robomaster_ros/docker/iron/s1) by extensions ['cmake', 'python']
[1.289s] Level 1:colcon.colcon_core.package_identification:_identify(src/robomaster_ros/docker/iron/s1) by extension 'cmake'
[1.290s] Level 1:colcon.colcon_core.package_identification:_identify(src/robomaster_ros/docker/iron/s1) by extension 'python'
[1.290s] Level 1:colcon.colcon_core.package_identification:_identify(src/robomaster_ros/docker/iron/s1) by extensions ['python_setup_py']
[1.290s] Level 1:colcon.colcon_core.package_identification:_identify(src/robomaster_ros/docker/iron/s1) by extension 'python_setup_py'
[1.290s] Level 1:colcon.colcon_core.package_identification:_identify(src/robomaster_ros/docs) by extensions ['ignore', 'ignore_ament_install']
[1.291s] Level 1:colcon.colcon_core.package_identification:_identify(src/robomaster_ros/docs) by extension 'ignore'
[1.291s] Level 1:colcon.colcon_core.package_identification:_identify(src/robomaster_ros/docs) by extension 'ignore_ament_install'
[1.291s] Level 1:colcon.colcon_core.package_identification:_identify(src/robomaster_ros/docs) by extensions ['colcon_pkg']
[1.291s] Level 1:colcon.colcon_core.package_identification:_identify(src/robomaster_ros/docs) by extension 'colcon_pkg'
[1.291s] Level 1:colcon.colcon_core.package_identification:_identify(src/robomaster_ros/docs) by extensions ['colcon_meta']
[1.291s] Level 1:colcon.colcon_core.package_identification:_identify(src/robomaster_ros/docs) by extension 'colcon_meta'
[1.292s] Level 1:colcon.colcon_core.package_identification:_identify(src/robomaster_ros/docs) by extensions ['ros']
[1.292s] Level 1:colcon.colcon_core.package_identification:_identify(src/robomaster_ros/docs) by extension 'ros'
[1.292s] Level 1:colcon.colcon_core.package_identification:_identify(src/robomaster_ros/docs) by extensions ['cmake', 'python']
[1.292s] Level 1:colcon.colcon_core.package_identification:_identify(src/robomaster_ros/docs) by extension 'cmake'
[1.292s] Level 1:colcon.colcon_core.package_identification:_identify(src/robomaster_ros/docs) by extension 'python'
[1.293s] Level 1:colcon.colcon_core.package_identification:_identify(src/robomaster_ros/docs) by extensions ['python_setup_py']
[1.293s] Level 1:colcon.colcon_core.package_identification:_identify(src/robomaster_ros/docs) by extension 'python_setup_py'
[1.293s] Level 1:colcon.colcon_core.package_identification:_identify(src/robomaster_ros/docs/robomaster_ros_modules) by extensions ['ignore', 'ignore_ament_install']
[1.294s] Level 1:colcon.colcon_core.package_identification:_identify(src/robomaster_ros/docs/robomaster_ros_modules) by extension 'ignore'
[1.294s] Level 1:colcon.colcon_core.package_identification:_identify(src/robomaster_ros/docs/robomaster_ros_modules) by extension 'ignore_ament_install'
[1.294s] Level 1:colcon.colcon_core.package_identification:_identify(src/robomaster_ros/docs/robomaster_ros_modules) by extensions ['colcon_pkg']
[1.294s] Level 1:colcon.colcon_core.package_identification:_identify(src/robomaster_ros/docs/robomaster_ros_modules) by extension 'colcon_pkg'
[1.294s] Level 1:colcon.colcon_core.package_identification:_identify(src/robomaster_ros/docs/robomaster_ros_modules) by extensions ['colcon_meta']
[1.294s] Level 1:colcon.colcon_core.package_identification:_identify(src/robomaster_ros/docs/robomaster_ros_modules) by extension 'colcon_meta'
[1.295s] Level 1:colcon.colcon_core.package_identification:_identify(src/robomaster_ros/docs/robomaster_ros_modules) by extensions ['ros']
[1.295s] Level 1:colcon.colcon_core.package_identification:_identify(src/robomaster_ros/docs/robomaster_ros_modules) by extension 'ros'
[1.295s] Level 1:colcon.colcon_core.package_identification:_identify(src/robomaster_ros/docs/robomaster_ros_modules) by extensions ['cmake', 'python']
[1.295s] Level 1:colcon.colcon_core.package_identification:_identify(src/robomaster_ros/docs/robomaster_ros_modules) by extension 'cmake'
[1.295s] Level 1:colcon.colcon_core.package_identification:_identify(src/robomaster_ros/docs/robomaster_ros_modules) by extension 'python'
[1.295s] Level 1:colcon.colcon_core.package_identification:_identify(src/robomaster_ros/docs/robomaster_ros_modules) by extensions ['python_setup_py']
[1.296s] Level 1:colcon.colcon_core.package_identification:_identify(src/robomaster_ros/docs/robomaster_ros_modules) by extension 'python_setup_py'
[1.296s] Level 1:colcon.colcon_core.package_identification:_identify(src/robomaster_ros/robomaster_description) by extensions ['ignore', 'ignore_ament_install']
[1.296s] Level 1:colcon.colcon_core.package_identification:_identify(src/robomaster_ros/robomaster_description) by extension 'ignore'
[1.297s] Level 1:colcon.colcon_core.package_identification:_identify(src/robomaster_ros/robomaster_description) by extension 'ignore_ament_install'
[1.297s] Level 1:colcon.colcon_core.package_identification:_identify(src/robomaster_ros/robomaster_description) by extensions ['colcon_pkg']
[1.297s] Level 1:colcon.colcon_core.package_identification:_identify(src/robomaster_ros/robomaster_description) by extension 'colcon_pkg'
[1.297s] Level 1:colcon.colcon_core.package_identification:_identify(src/robomaster_ros/robomaster_description) by extensions ['colcon_meta']
[1.297s] Level 1:colcon.colcon_core.package_identification:_identify(src/robomaster_ros/robomaster_description) by extension 'colcon_meta'
[1.297s] Level 1:colcon.colcon_core.package_identification:_identify(src/robomaster_ros/robomaster_description) by extensions ['ros']
[1.297s] Level 1:colcon.colcon_core.package_identification:_identify(src/robomaster_ros/robomaster_description) by extension 'ros'
[1.300s] DEBUG:colcon.colcon_core.package_identification:Package 'src/robomaster_ros/robomaster_description' with type 'ros.ament_cmake' and name 'robomaster_description'
[1.300s] Level 1:colcon.colcon_core.package_identification:_identify(src/robomaster_ros/robomaster_msgs) by extensions ['ignore', 'ignore_ament_install']
[1.301s] Level 1:colcon.colcon_core.package_identification:_identify(src/robomaster_ros/robomaster_msgs) by extension 'ignore'
[1.301s] Level 1:colcon.colcon_core.package_identification:_identify(src/robomaster_ros/robomaster_msgs) by extension 'ignore_ament_install'
[1.301s] Level 1:colcon.colcon_core.package_identification:_identify(src/robomaster_ros/robomaster_msgs) by extensions ['colcon_pkg']
[1.301s] Level 1:colcon.colcon_core.package_identification:_identify(src/robomaster_ros/robomaster_msgs) by extension 'colcon_pkg'
[1.301s] Level 1:colcon.colcon_core.package_identification:_identify(src/robomaster_ros/robomaster_msgs) by extensions ['colcon_meta']
[1.301s] Level 1:colcon.colcon_core.package_identification:_identify(src/robomaster_ros/robomaster_msgs) by extension 'colcon_meta'
[1.302s] Level 1:colcon.colcon_core.package_identification:_identify(src/robomaster_ros/robomaster_msgs) by extensions ['ros']
[1.302s] Level 1:colcon.colcon_core.package_identification:_identify(src/robomaster_ros/robomaster_msgs) by extension 'ros'
[1.304s] DEBUG:colcon.colcon_core.package_identification:Package 'src/robomaster_ros/robomaster_msgs' with type 'ros.ament_cmake' and name 'robomaster_msgs'
[1.304s] Level 1:colcon.colcon_core.package_identification:_identify(src/robomaster_ros/robomaster_ros) by extensions ['ignore', 'ignore_ament_install']
[1.305s] Level 1:colcon.colcon_core.package_identification:_identify(src/robomaster_ros/robomaster_ros) by extension 'ignore'
[1.305s] Level 1:colcon.colcon_core.package_identification:_identify(src/robomaster_ros/robomaster_ros) by extension 'ignore_ament_install'
[1.305s] Level 1:colcon.colcon_core.package_identification:_identify(src/robomaster_ros/robomaster_ros) by extensions ['colcon_pkg']
[1.305s] Level 1:colcon.colcon_core.package_identification:_identify(src/robomaster_ros/robomaster_ros) by extension 'colcon_pkg'
[1.306s] Level 1:colcon.colcon_core.package_identification:_identify(src/robomaster_ros/robomaster_ros) by extensions ['colcon_meta']
[1.306s] Level 1:colcon.colcon_core.package_identification:_identify(src/robomaster_ros/robomaster_ros) by extension 'colcon_meta'
[1.306s] Level 1:colcon.colcon_core.package_identification:_identify(src/robomaster_ros/robomaster_ros) by extensions ['ros']
[1.306s] Level 1:colcon.colcon_core.package_identification:_identify(src/robomaster_ros/robomaster_ros) by extension 'ros'
[1.308s] DEBUG:colcon.colcon_core.package_identification:Package 'src/robomaster_ros/robomaster_ros' with type 'ros.ament_python' and name 'robomaster_ros'
[1.309s] Level 1:colcon.colcon_core.package_identification:_identify(src/sllidar_ros2) by extensions ['ignore', 'ignore_ament_install']
[1.309s] Level 1:colcon.colcon_core.package_identification:_identify(src/sllidar_ros2) by extension 'ignore'
[1.310s] Level 1:colcon.colcon_core.package_identification:_identify(src/sllidar_ros2) by extension 'ignore_ament_install'
[1.310s] Level 1:colcon.colcon_core.package_identification:_identify(src/sllidar_ros2) by extensions ['colcon_pkg']
[1.310s] Level 1:colcon.colcon_core.package_identification:_identify(src/sllidar_ros2) by extension 'colcon_pkg'
[1.310s] Level 1:colcon.colcon_core.package_identification:_identify(src/sllidar_ros2) by extensions ['colcon_meta']
[1.310s] Level 1:colcon.colcon_core.package_identification:_identify(src/sllidar_ros2) by extension 'colcon_meta'
[1.310s] Level 1:colcon.colcon_core.package_identification:_identify(src/sllidar_ros2) by extensions ['ros']
[1.311s] Level 1:colcon.colcon_core.package_identification:_identify(src/sllidar_ros2) by extension 'ros'
[1.313s] DEBUG:colcon.colcon_core.package_identification:Package 'src/sllidar_ros2' with type 'ros.ament_cmake' and name 'sllidar_ros2'
[1.314s] Level 1:colcon.colcon_core.package_discovery:discover_packages(recursive) using defaults
[1.314s] Level 1:colcon.colcon_core.package_discovery:discover_packages(ignore) discover
[1.314s] Level 1:colcon.colcon_core.package_discovery:discover_packages(ignore) using defaults
[1.314s] Level 1:colcon.colcon_core.package_discovery:discover_packages(path) discover
[1.314s] Level 1:colcon.colcon_core.package_discovery:discover_packages(path) using defaults
[1.399s] Level 1:colcon.colcon_core.package_discovery:discover_packages(prefix_path) check parameters
[1.400s] Level 1:colcon.colcon_core.package_discovery:discover_packages(prefix_path) discover
[1.413s] DEBUG:colcon.colcon_installed_package_information.package_discovery:Found 15 installed packages in /home/cricchetto/Robomaster_WS/install
[1.422s] DEBUG:colcon.colcon_installed_package_information.package_discovery:Found 251 installed packages in /opt/ros/humble
[1.429s] Level 1:colcon.colcon_core.package_discovery:discover_packages(prefix_path) using defaults
[1.613s] Level 5:colcon.colcon_core.verb:set package 'drift' build argument 'cmake_args' from command line to 'None'
[1.613s] Level 5:colcon.colcon_core.verb:set package 'drift' build argument 'cmake_target' from command line to 'None'
[1.613s] Level 5:colcon.colcon_core.verb:set package 'drift' build argument 'cmake_target_skip_unavailable' from command line to 'False'
[1.613s] Level 5:colcon.colcon_core.verb:set package 'drift' build argument 'cmake_clean_cache' from command line to 'False'
[1.613s] Level 5:colcon.colcon_core.verb:set package 'drift' build argument 'cmake_clean_first' from command line to 'False'
[1.613s] Level 5:colcon.colcon_core.verb:set package 'drift' build argument 'cmake_force_configure' from command line to 'False'
[1.613s] Level 5:colcon.colcon_core.verb:set package 'drift' build argument 'ament_cmake_args' from command line to 'None'
[1.613s] Level 5:colcon.colcon_core.verb:set package 'drift' build argument 'catkin_cmake_args' from command line to 'None'
[1.614s] Level 5:colcon.colcon_core.verb:set package 'drift' build argument 'catkin_skip_building_tests' from command line to 'False'
[1.614s] DEBUG:colcon.colcon_core.verb:Building package 'drift' with the following arguments: {'ament_cmake_args': None, 'build_base': '/home/cricchetto/Robomaster_WS/build/drift', 'catkin_cmake_args': None, 'catkin_skip_building_tests': False, 'cmake_args': None, 'cmake_clean_cache': False, 'cmake_clean_first': False, 'cmake_force_configure': False, 'cmake_target': None, 'cmake_target_skip_unavailable': False, 'install_base': '/home/cricchetto/Robomaster_WS/install/drift', 'merge_install': False, 'path': '/home/cricchetto/Robomaster_WS/src/drift', 'symlink_install': False, 'test_result_base': None}
[1.615s] Level 5:colcon.colcon_core.verb:set package 'ep_control' build argument 'cmake_args' from command line to 'None'
[1.615s] Level 5:colcon.colcon_core.verb:set package 'ep_control' build argument 'cmake_target' from command line to 'None'
[1.615s] Level 5:colcon.colcon_core.verb:set package 'ep_control' build argument 'cmake_target_skip_unavailable' from command line to 'False'
[1.616s] Level 5:colcon.colcon_core.verb:set package 'ep_control' build argument 'cmake_clean_cache' from command line to 'False'
[1.616s] Level 5:colcon.colcon_core.verb:set package 'ep_control' build argument 'cmake_clean_first' from command line to 'False'
[1.616s] Level 5:colcon.colcon_core.verb:set package 'ep_control' build argument 'cmake_force_configure' from command line to 'False'
[1.616s] Level 5:colcon.colcon_core.verb:set package 'ep_control' build argument 'ament_cmake_args' from command line to 'None'
[1.616s] Level 5:colcon.colcon_core.verb:set package 'ep_control' build argument 'catkin_cmake_args' from command line to 'None'
[1.616s] Level 5:colcon.colcon_core.verb:set package 'ep_control' build argument 'catkin_skip_building_tests' from command line to 'False'
[1.616s] DEBUG:colcon.colcon_core.verb:Building package 'ep_control' with the following arguments: {'ament_cmake_args': None, 'build_base': '/home/cricchetto/Robomaster_WS/build/ep_control', 'catkin_cmake_args': None, 'catkin_skip_building_tests': False, 'cmake_args': None, 'cmake_clean_cache': False, 'cmake_clean_first': False, 'cmake_force_configure': False, 'cmake_target': None, 'cmake_target_skip_unavailable': False, 'install_base': '/home/cricchetto/Robomaster_WS/install/ep_control', 'merge_install': False, 'path': '/home/cricchetto/Robomaster_WS/src/ep_control', 'symlink_install': False, 'test_result_base': None}
[1.617s] Level 5:colcon.colcon_core.verb:set package 'explore_lite' build argument 'cmake_args' from command line to 'None'
[1.618s] Level 5:colcon.colcon_core.verb:set package 'explore_lite' build argument 'cmake_target' from command line to 'None'
[1.618s] Level 5:colcon.colcon_core.verb:set package 'explore_lite' build argument 'cmake_target_skip_unavailable' from command line to 'False'
[1.618s] Level 5:colcon.colcon_core.verb:set package 'explore_lite' build argument 'cmake_clean_cache' from command line to 'False'
[1.618s] Level 5:colcon.colcon_core.verb:set package 'explore_lite' build argument 'cmake_clean_first' from command line to 'False'
[1.618s] Level 5:colcon.colcon_core.verb:set package 'explore_lite' build argument 'cmake_force_configure' from command line to 'False'
[1.618s] Level 5:colcon.colcon_core.verb:set package 'explore_lite' build argument 'ament_cmake_args' from command line to 'None'
[1.618s] Level 5:colcon.colcon_core.verb:set package 'explore_lite' build argument 'catkin_cmake_args' from command line to 'None'
[1.618s] Level 5:colcon.colcon_core.verb:set package 'explore_lite' build argument 'catkin_skip_building_tests' from command line to 'False'
[1.618s] DEBUG:colcon.colcon_core.verb:Building package 'explore_lite' with the following arguments: {'ament_cmake_args': None, 'build_base': '/home/cricchetto/Robomaster_WS/build/explore_lite', 'catkin_cmake_args': None, 'catkin_skip_building_tests': False, 'cmake_args': None, 'cmake_clean_cache': False, 'cmake_clean_first': False, 'cmake_force_configure': False, 'cmake_target': None, 'cmake_target_skip_unavailable': False, 'install_base': '/home/cricchetto/Robomaster_WS/install/explore_lite', 'merge_install': False, 'path': '/home/cricchetto/Robomaster_WS/src/m-explore-ros2/explore', 'symlink_install': False, 'test_result_base': None}
[1.620s] Level 5:colcon.colcon_core.verb:set package 'multirobot_map_merge' build argument 'cmake_args' from command line to 'None'
[1.620s] Level 5:colcon.colcon_core.verb:set package 'multirobot_map_merge' build argument 'cmake_target' from command line to 'None'
[1.620s] Level 5:colcon.colcon_core.verb:set package 'multirobot_map_merge' build argument 'cmake_target_skip_unavailable' from command line to 'False'
[1.620s] Level 5:colcon.colcon_core.verb:set package 'multirobot_map_merge' build argument 'cmake_clean_cache' from command line to 'False'
[1.620s] Level 5:colcon.colcon_core.verb:set package 'multirobot_map_merge' build argument 'cmake_clean_first' from command line to 'False'
[1.621s] Level 5:colcon.colcon_core.verb:set package 'multirobot_map_merge' build argument 'cmake_force_configure' from command line to 'False'
[1.621s] Level 5:colcon.colcon_core.verb:set package 'multirobot_map_merge' build argument 'ament_cmake_args' from command line to 'None'
[1.621s] Level 5:colcon.colcon_core.verb:set package 'multirobot_map_merge' build argument 'catkin_cmake_args' from command line to 'None'
[1.621s] Level 5:colcon.colcon_core.verb:set package 'multirobot_map_merge' build argument 'catkin_skip_building_tests' from command line to 'False'
[1.621s] DEBUG:colcon.colcon_core.verb:Building package 'multirobot_map_merge' with the following arguments: {'ament_cmake_args': None, 'build_base': '/home/cricchetto/Robomaster_WS/build/multirobot_map_merge', 'catkin_cmake_args': None, 'catkin_skip_building_tests': False, 'cmake_args': None, 'cmake_clean_cache': False, 'cmake_clean_first': False, 'cmake_force_configure': False, 'cmake_target': None, 'cmake_target_skip_unavailable': False, 'install_base': '/home/cricchetto/Robomaster_WS/install/multirobot_map_merge', 'merge_install': False, 'path': '/home/cricchetto/Robomaster_WS/src/m-explore-ros2/map_merge', 'symlink_install': False, 'test_result_base': None}
[1.622s] Level 5:colcon.colcon_core.verb:set package 'robomaster_description' build argument 'cmake_args' from command line to 'None'
[1.623s] Level 5:colcon.colcon_core.verb:set package 'robomaster_description' build argument 'cmake_target' from command line to 'None'
[1.623s] Level 5:colcon.colcon_core.verb:set package 'robomaster_description' build argument 'cmake_target_skip_unavailable' from command line to 'False'
[1.623s] Level 5:colcon.colcon_core.verb:set package 'robomaster_description' build argument 'cmake_clean_cache' from command line to 'False'
[1.623s] Level 5:colcon.colcon_core.verb:set package 'robomaster_description' build argument 'cmake_clean_first' from command line to 'False'
[1.623s] Level 5:colcon.colcon_core.verb:set package 'robomaster_description' build argument 'cmake_force_configure' from command line to 'False'
[1.623s] Level 5:colcon.colcon_core.verb:set package 'robomaster_description' build argument 'ament_cmake_args' from command line to 'None'
[1.623s] Level 5:colcon.colcon_core.verb:set package 'robomaster_description' build argument 'catkin_cmake_args' from command line to 'None'
[1.623s] Level 5:colcon.colcon_core.verb:set package 'robomaster_description' build argument 'catkin_skip_building_tests' from command line to 'False'
[1.623s] DEBUG:colcon.colcon_core.verb:Building package 'robomaster_description' with the following arguments: {'ament_cmake_args': None, 'build_base': '/home/cricchetto/Robomaster_WS/build/robomaster_description', 'catkin_cmake_args': None, 'catkin_skip_building_tests': False, 'cmake_args': None, 'cmake_clean_cache': False, 'cmake_clean_first': False, 'cmake_force_configure': False, 'cmake_target': None, 'cmake_target_skip_unavailable': False, 'install_base': '/home/cricchetto/Robomaster_WS/install/robomaster_description', 'merge_install': False, 'path': '/home/cricchetto/Robomaster_WS/src/robomaster_ros/robomaster_description', 'symlink_install': False, 'test_result_base': None}
[1.625s] Level 5:colcon.colcon_core.verb:set package 'robomaster_msgs' build argument 'cmake_args' from command line to 'None'
[1.625s] Level 5:colcon.colcon_core.verb:set package 'robomaster_msgs' build argument 'cmake_target' from command line to 'None'
[1.625s] Level 5:colcon.colcon_core.verb:set package 'robomaster_msgs' build argument 'cmake_target_skip_unavailable' from command line to 'False'
[1.625s] Level 5:colcon.colcon_core.verb:set package 'robomaster_msgs' build argument 'cmake_clean_cache' from command line to 'False'
[1.625s] Level 5:colcon.colcon_core.verb:set package 'robomaster_msgs' build argument 'cmake_clean_first' from command line to 'False'
[1.625s] Level 5:colcon.colcon_core.verb:set package 'robomaster_msgs' build argument 'cmake_force_configure' from command line to 'False'
[1.626s] Level 5:colcon.colcon_core.verb:set package 'robomaster_msgs' build argument 'ament_cmake_args' from command line to 'None'
[1.626s] Level 5:colcon.colcon_core.verb:set package 'robomaster_msgs' build argument 'catkin_cmake_args' from command line to 'None'
[1.626s] Level 5:colcon.colcon_core.verb:set package 'robomaster_msgs' build argument 'catkin_skip_building_tests' from command line to 'False'
[1.626s] DEBUG:colcon.colcon_core.verb:Building package 'robomaster_msgs' with the following arguments: {'ament_cmake_args': None, 'build_base': '/home/cricchetto/Robomaster_WS/build/robomaster_msgs', 'catkin_cmake_args': None, 'catkin_skip_building_tests': False, 'cmake_args': None, 'cmake_clean_cache': False, 'cmake_clean_first': False, 'cmake_force_configure': False, 'cmake_target': None, 'cmake_target_skip_unavailable': False, 'install_base': '/home/cricchetto/Robomaster_WS/install/robomaster_msgs', 'merge_install': False, 'path': '/home/cricchetto/Robomaster_WS/src/robomaster_ros/robomaster_msgs', 'symlink_install': False, 'test_result_base': None}
[1.627s] Level 5:colcon.colcon_core.verb:set package 'sllidar_ros2' build argument 'cmake_args' from command line to 'None'
[1.627s] Level 5:colcon.colcon_core.verb:set package 'sllidar_ros2' build argument 'cmake_target' from command line to 'None'
[1.627s] Level 5:colcon.colcon_core.verb:set package 'sllidar_ros2' build argument 'cmake_target_skip_unavailable' from command line to 'False'
[1.628s] Level 5:colcon.colcon_core.verb:set package 'sllidar_ros2' build argument 'cmake_clean_cache' from command line to 'False'
[1.628s] Level 5:colcon.colcon_core.verb:set package 'sllidar_ros2' build argument 'cmake_clean_first' from command line to 'False'
[1.628s] Level 5:colcon.colcon_core.verb:set package 'sllidar_ros2' build argument 'cmake_force_configure' from command line to 'False'
[1.628s] Level 5:colcon.colcon_core.verb:set package 'sllidar_ros2' build argument 'ament_cmake_args' from command line to 'None'
[1.628s] Level 5:colcon.colcon_core.verb:set package 'sllidar_ros2' build argument 'catkin_cmake_args' from command line to 'None'
[1.628s] Level 5:colcon.colcon_core.verb:set package 'sllidar_ros2' build argument 'catkin_skip_building_tests' from command line to 'False'
[1.628s] DEBUG:colcon.colcon_core.verb:Building package 'sllidar_ros2' with the following arguments: {'ament_cmake_args': None, 'build_base': '/home/cricchetto/Robomaster_WS/build/sllidar_ros2', 'catkin_cmake_args': None, 'catkin_skip_building_tests': False, 'cmake_args': None, 'cmake_clean_cache': False, 'cmake_clean_first': False, 'cmake_force_configure': False, 'cmake_target': None, 'cmake_target_skip_unavailable': False, 'install_base': '/home/cricchetto/Robomaster_WS/install/sllidar_ros2', 'merge_install': False, 'path': '/home/cricchetto/Robomaster_WS/src/sllidar_ros2', 'symlink_install': False, 'test_result_base': None}
[1.630s] Level 5:colcon.colcon_core.verb:set package 'robomaster_ros' build argument 'cmake_args' from command line to 'None'
[1.630s] Level 5:colcon.colcon_core.verb:set package 'robomaster_ros' build argument 'cmake_target' from command line to 'None'
[1.630s] Level 5:colcon.colcon_core.verb:set package 'robomaster_ros' build argument 'cmake_target_skip_unavailable' from command line to 'False'
[1.630s] Level 5:colcon.colcon_core.verb:set package 'robomaster_ros' build argument 'cmake_clean_cache' from command line to 'False'
[1.630s] Level 5:colcon.colcon_core.verb:set package 'robomaster_ros' build argument 'cmake_clean_first' from command line to 'False'
[1.630s] Level 5:colcon.colcon_core.verb:set package 'robomaster_ros' build argument 'cmake_force_configure' from command line to 'False'
[1.630s] Level 5:colcon.colcon_core.verb:set package 'robomaster_ros' build argument 'ament_cmake_args' from command line to 'None'
[1.630s] Level 5:colcon.colcon_core.verb:set package 'robomaster_ros' build argument 'catkin_cmake_args' from command line to 'None'
[1.630s] Level 5:colcon.colcon_core.verb:set package 'robomaster_ros' build argument 'catkin_skip_building_tests' from command line to 'False'
[1.631s] DEBUG:colcon.colcon_core.verb:Building package 'robomaster_ros' with the following arguments: {'ament_cmake_args': None, 'build_base': '/home/cricchetto/Robomaster_WS/build/robomaster_ros', 'catkin_cmake_args': None, 'catkin_skip_building_tests': False, 'cmake_args': None, 'cmake_clean_cache': False, 'cmake_clean_first': False, 'cmake_force_configure': False, 'cmake_target': None, 'cmake_target_skip_unavailable': False, 'install_base': '/home/cricchetto/Robomaster_WS/install/robomaster_ros', 'merge_install': False, 'path': '/home/cricchetto/Robomaster_WS/src/robomaster_ros/robomaster_ros', 'symlink_install': False, 'test_result_base': None}
[1.631s] INFO:colcon.colcon_core.executor:Executing jobs using 'parallel' executor
[1.634s] DEBUG:colcon.colcon_parallel_executor.executor.parallel:run_until_complete
[1.636s] INFO:colcon.colcon_ros.task.ament_cmake.build:Building ROS package in '/home/cricchetto/Robomaster_WS/src/robomaster_ros/robomaster_msgs' with build type 'ament_cmake'
[1.636s] INFO:colcon.colcon_cmake.task.cmake.build:Building CMake package in '/home/cricchetto/Robomaster_WS/src/robomaster_ros/robomaster_msgs'
[1.646s] INFO:colcon.colcon_core.plugin_system:Skipping extension 'colcon_core.shell.bat': Not used on non-Windows systems
[1.647s] INFO:colcon.colcon_core.shell:Skip shell extension 'powershell' for command environment: Not usable outside of PowerShell
[1.648s] DEBUG:colcon.colcon_core.shell:Skip shell extension 'dsv' for command environment
[1.671s] INFO:colcon.colcon_ros.task.ament_python.build:Building ROS package in '/home/cricchetto/Robomaster_WS/src/drift' with build type 'ament_python'
[1.672s] Level 1:colcon.colcon_core.shell:create_environment_hook('drift', 'ament_prefix_path')
[1.673s] INFO:colcon.colcon_core.shell:Creating environment hook '/home/cricchetto/Robomaster_WS/install/drift/share/drift/hook/ament_prefix_path.ps1'
[1.676s] INFO:colcon.colcon_core.shell:Creating environment descriptor '/home/cricchetto/Robomaster_WS/install/drift/share/drift/hook/ament_prefix_path.dsv'
[1.678s] INFO:colcon.colcon_core.shell:Creating environment hook '/home/cricchetto/Robomaster_WS/install/drift/share/drift/hook/ament_prefix_path.sh'
[1.682s] INFO:colcon.colcon_core.shell:Skip shell extension 'powershell' for command environment: Not usable outside of PowerShell
[1.682s] DEBUG:colcon.colcon_core.shell:Skip shell extension 'dsv' for command environment
[1.705s] INFO:colcon.colcon_ros.task.ament_python.build:Building ROS package in '/home/cricchetto/Robomaster_WS/src/ep_control' with build type 'ament_python'
[1.706s] Level 1:colcon.colcon_core.shell:create_environment_hook('ep_control', 'ament_prefix_path')
[1.707s] INFO:colcon.colcon_core.shell:Creating environment hook '/home/cricchetto/Robomaster_WS/install/ep_control/share/ep_control/hook/ament_prefix_path.ps1'
[1.709s] INFO:colcon.colcon_core.shell:Creating environment descriptor '/home/cricchetto/Robomaster_WS/install/ep_control/share/ep_control/hook/ament_prefix_path.dsv'
[1.711s] INFO:colcon.colcon_core.shell:Creating environment hook '/home/cricchetto/Robomaster_WS/install/ep_control/share/ep_control/hook/ament_prefix_path.sh'
[1.714s] INFO:colcon.colcon_core.shell:Skip shell extension 'powershell' for command environment: Not usable outside of PowerShell
[1.715s] DEBUG:colcon.colcon_core.shell:Skip shell extension 'dsv' for command environment
[1.739s] INFO:colcon.colcon_ros.task.ament_cmake.build:Building ROS package in '/home/cricchetto/Robomaster_WS/src/m-explore-ros2/explore' with build type 'ament_cmake'
[1.739s] INFO:colcon.colcon_cmake.task.cmake.build:Building CMake package in '/home/cricchetto/Robomaster_WS/src/m-explore-ros2/explore'
[1.740s] INFO:colcon.colcon_core.shell:Skip shell extension 'powershell' for command environment: Not usable outside of PowerShell
[1.740s] DEBUG:colcon.colcon_core.shell:Skip shell extension 'dsv' for command environment
[1.780s] DEBUG:colcon.colcon_core.event_handler.log_command:Invoking command in '/home/cricchetto/Robomaster_WS/build/robomaster_msgs': CMAKE_PREFIX_PATH=${CMAKE_PREFIX_PATH}:/home/cricchetto/Robomaster_WS/install/robomaster_ros:/home/cricchetto/Robomaster_WS/install/nav2_simple_commander:/home/cricchetto/Robomaster_WS/install/ep_control:/home/cricchetto/Robomaster_WS/install/drift:/opt/ros/humble /usr/bin/cmake --build /home/cricchetto/Robomaster_WS/build/robomaster_msgs -- -j4 -l4
[3.355s] INFO:colcon.colcon_core.task.python.build:Building Python package in '/home/cricchetto/Robomaster_WS/src/drift'
[3.357s] INFO:colcon.colcon_core.shell:Skip shell extension 'powershell' for command environment: Not usable outside of PowerShell
[3.357s] DEBUG:colcon.colcon_core.shell:Skip shell extension 'dsv' for command environment
[4.616s] INFO:colcon.colcon_core.task.python.build:Building Python package in '/home/cricchetto/Robomaster_WS/src/ep_control'
[4.617s] INFO:colcon.colcon_core.shell:Skip shell extension 'powershell' for command environment: Not usable outside of PowerShell
[4.617s] DEBUG:colcon.colcon_core.shell:Skip shell extension 'dsv' for command environment
[4.676s] DEBUG:colcon.colcon_core.event_handler.log_command:Invoking command in '/home/cricchetto/Robomaster_WS/build/explore_lite': CMAKE_PREFIX_PATH=${CMAKE_PREFIX_PATH}:/home/cricchetto/Robomaster_WS/install/robomaster_ros:/home/cricchetto/Robomaster_WS/install/nav2_simple_commander:/home/cricchetto/Robomaster_WS/install/ep_control:/home/cricchetto/Robomaster_WS/install/drift:/opt/ros/humble /usr/bin/cmake --build /home/cricchetto/Robomaster_WS/build/explore_lite -- -j4 -l4
[4.678s] DEBUG:colcon.colcon_core.event_handler.log_command:Invoked command in '/home/cricchetto/Robomaster_WS/build/robomaster_msgs' returned '0': CMAKE_PREFIX_PATH=${CMAKE_PREFIX_PATH}:/home/cricchetto/Robomaster_WS/install/robomaster_ros:/home/cricchetto/Robomaster_WS/install/nav2_simple_commander:/home/cricchetto/Robomaster_WS/install/ep_control:/home/cricchetto/Robomaster_WS/install/drift:/opt/ros/humble /usr/bin/cmake --build /home/cricchetto/Robomaster_WS/build/robomaster_msgs -- -j4 -l4
[4.722s] DEBUG:colcon.colcon_core.event_handler.log_command:Invoking command in '/home/cricchetto/Robomaster_WS/build/robomaster_msgs': CMAKE_PREFIX_PATH=${CMAKE_PREFIX_PATH}:/home/cricchetto/Robomaster_WS/install/robomaster_ros:/home/cricchetto/Robomaster_WS/install/nav2_simple_commander:/home/cricchetto/Robomaster_WS/install/ep_control:/home/cricchetto/Robomaster_WS/install/drift:/opt/ros/humble /usr/bin/cmake --install /home/cricchetto/Robomaster_WS/build/robomaster_msgs
[5.479s] Level 1:colcon.colcon_core.environment:create_environment_scripts_only(explore_lite)
[5.495s] Level 1:colcon.colcon_core.environment:checking '/home/cricchetto/Robomaster_WS/install/explore_lite' for CMake module files
[5.501s] Level 1:colcon.colcon_core.environment:checking '/home/cricchetto/Robomaster_WS/install/explore_lite' for CMake config files
[5.514s] Level 1:colcon.colcon_core.shell:create_environment_hook('explore_lite', 'cmake_prefix_path')
[5.515s] INFO:colcon.colcon_core.shell:Creating environment hook '/home/cricchetto/Robomaster_WS/install/explore_lite/share/explore_lite/hook/cmake_prefix_path.ps1'
[5.518s] INFO:colcon.colcon_core.shell:Creating environment descriptor '/home/cricchetto/Robomaster_WS/install/explore_lite/share/explore_lite/hook/cmake_prefix_path.dsv'
[5.526s] INFO:colcon.colcon_core.shell:Creating environment hook '/home/cricchetto/Robomaster_WS/install/explore_lite/share/explore_lite/hook/cmake_prefix_path.sh'
[5.533s] Level 1:colcon.colcon_core.environment:checking '/home/cricchetto/Robomaster_WS/install/explore_lite/lib'
[5.534s] Level 1:colcon.colcon_core.environment:checking '/home/cricchetto/Robomaster_WS/install/explore_lite/bin'
[5.535s] Level 1:colcon.colcon_core.environment:checking '/home/cricchetto/Robomaster_WS/install/explore_lite/lib/pkgconfig/explore_lite.pc'
[5.536s] Level 1:colcon.colcon_core.environment:checking '/home/cricchetto/Robomaster_WS/install/explore_lite/lib/python3.10/site-packages'
[5.538s] Level 1:colcon.colcon_core.environment:checking '/home/cricchetto/Robomaster_WS/install/explore_lite/bin'
[5.540s] INFO:colcon.colcon_core.shell:Creating package script '/home/cricchetto/Robomaster_WS/install/explore_lite/share/explore_lite/package.ps1'
[5.546s] INFO:colcon.colcon_core.shell:Creating package descriptor '/home/cricchetto/Robomaster_WS/install/explore_lite/share/explore_lite/package.dsv'
[5.551s] INFO:colcon.colcon_core.shell:Creating package script '/home/cricchetto/Robomaster_WS/install/explore_lite/share/explore_lite/package.sh'
[5.568s] INFO:colcon.colcon_core.shell:Creating package script '/home/cricchetto/Robomaster_WS/install/explore_lite/share/explore_lite/package.bash'
[5.573s] INFO:colcon.colcon_core.shell:Creating package script '/home/cricchetto/Robomaster_WS/install/explore_lite/share/explore_lite/package.zsh'
[5.577s] Level 1:colcon.colcon_core.environment:create_file_with_runtime_dependencies(/home/cricchetto/Robomaster_WS/install/explore_lite/share/colcon-core/packages/explore_lite)
[5.581s] Level 1:colcon.colcon_core.environment:create_environment_scripts_only(explore_lite)
[5.583s] Level 1:colcon.colcon_core.environment:checking '/home/cricchetto/Robomaster_WS/install/explore_lite' for CMake module files
[5.593s] Level 1:colcon.colcon_core.environment:checking '/home/cricchetto/Robomaster_WS/install/explore_lite' for CMake config files
[5.595s] Level 1:colcon.colcon_core.shell:create_environment_hook('explore_lite', 'cmake_prefix_path')
[5.596s] INFO:colcon.colcon_core.shell:Creating environment hook '/home/cricchetto/Robomaster_WS/install/explore_lite/share/explore_lite/hook/cmake_prefix_path.ps1'
[5.599s] INFO:colcon.colcon_core.shell:Creating environment descriptor '/home/cricchetto/Robomaster_WS/install/explore_lite/share/explore_lite/hook/cmake_prefix_path.dsv'
[5.603s] INFO:colcon.colcon_core.shell:Creating environment hook '/home/cricchetto/Robomaster_WS/install/explore_lite/share/explore_lite/hook/cmake_prefix_path.sh'
[5.625s] Level 1:colcon.colcon_core.environment:checking '/home/cricchetto/Robomaster_WS/install/explore_lite/lib'
[5.626s] Level 1:colcon.colcon_core.environment:checking '/home/cricchetto/Robomaster_WS/install/explore_lite/bin'
[5.626s] Level 1:colcon.colcon_core.environment:checking '/home/cricchetto/Robomaster_WS/install/explore_lite/lib/pkgconfig/explore_lite.pc'
[5.628s] Level 1:colcon.colcon_core.environment:checking '/home/cricchetto/Robomaster_WS/install/explore_lite/lib/python3.10/site-packages'
[5.630s] Level 1:colcon.colcon_core.environment:checking '/home/cricchetto/Robomaster_WS/install/explore_lite/bin'
[5.632s] INFO:colcon.colcon_core.shell:Creating package script '/home/cricchetto/Robomaster_WS/install/explore_lite/share/explore_lite/package.ps1'
[5.653s] INFO:colcon.colcon_core.shell:Creating package descriptor '/home/cricchetto/Robomaster_WS/install/explore_lite/share/explore_lite/package.dsv'
[5.656s] INFO:colcon.colcon_core.shell:Creating package script '/home/cricchetto/Robomaster_WS/install/explore_lite/share/explore_lite/package.sh'
[5.659s] INFO:colcon.colcon_core.shell:Creating package script '/home/cricchetto/Robomaster_WS/install/explore_lite/share/explore_lite/package.bash'
[5.670s] INFO:colcon.colcon_core.shell:Creating package script '/home/cricchetto/Robomaster_WS/install/explore_lite/share/explore_lite/package.zsh'
[5.672s] Level 1:colcon.colcon_core.environment:create_file_with_runtime_dependencies(/home/cricchetto/Robomaster_WS/install/explore_lite/share/colcon-core/packages/explore_lite)
[5.678s] INFO:colcon.colcon_ros.task.ament_cmake.build:Building ROS package in '/home/cricchetto/Robomaster_WS/src/m-explore-ros2/map_merge' with build type 'ament_cmake'
[5.679s] INFO:colcon.colcon_cmake.task.cmake.build:Building CMake package in '/home/cricchetto/Robomaster_WS/src/m-explore-ros2/map_merge'
[5.680s] INFO:colcon.colcon_core.shell:Skip shell extension 'powershell' for command environment: Not usable outside of PowerShell
[5.680s] DEBUG:colcon.colcon_core.shell:Skip shell extension 'dsv' for command environment
[5.801s] DEBUG:colcon.colcon_core.event_handler.log_command:Invoked command in '/home/cricchetto/Robomaster_WS/build/explore_lite' returned '0': CMAKE_PREFIX_PATH=${CMAKE_PREFIX_PATH}:/home/cricchetto/Robomaster_WS/install/robomaster_ros:/home/cricchetto/Robomaster_WS/install/nav2_simple_commander:/home/cricchetto/Robomaster_WS/install/ep_control:/home/cricchetto/Robomaster_WS/install/drift:/opt/ros/humble /usr/bin/cmake --build /home/cricchetto/Robomaster_WS/build/explore_lite -- -j4 -l4
[5.814s] DEBUG:colcon.colcon_core.event_handler.log_command:Invoking command in '/home/cricchetto/Robomaster_WS/build/explore_lite': CMAKE_PREFIX_PATH=${CMAKE_PREFIX_PATH}:/home/cricchetto/Robomaster_WS/install/robomaster_ros:/home/cricchetto/Robomaster_WS/install/nav2_simple_commander:/home/cricchetto/Robomaster_WS/install/ep_control:/home/cricchetto/Robomaster_WS/install/drift:/opt/ros/humble /usr/bin/cmake --install /home/cricchetto/Robomaster_WS/build/explore_lite
[5.893s] Level 1:colcon.colcon_core.environment:create_environment_scripts_only(robomaster_msgs)
[5.894s] Level 1:colcon.colcon_core.environment:checking '/home/cricchetto/Robomaster_WS/install/robomaster_msgs' for CMake module files
[5.915s] Level 1:colcon.colcon_core.environment:checking '/home/cricchetto/Robomaster_WS/install/robomaster_msgs' for CMake config files
[5.925s] Level 1:colcon.colcon_core.shell:create_environment_hook('robomaster_msgs', 'cmake_prefix_path')
[5.926s] INFO:colcon.colcon_core.shell:Creating environment hook '/home/cricchetto/Robomaster_WS/install/robomaster_msgs/share/robomaster_msgs/hook/cmake_prefix_path.ps1'
[5.943s] DEBUG:colcon.colcon_core.event_handler.log_command:Invoked command in '/home/cricchetto/Robomaster_WS/build/explore_lite' returned '0': CMAKE_PREFIX_PATH=${CMAKE_PREFIX_PATH}:/home/cricchetto/Robomaster_WS/install/robomaster_ros:/home/cricchetto/Robomaster_WS/install/nav2_simple_commander:/home/cricchetto/Robomaster_WS/install/ep_control:/home/cricchetto/Robomaster_WS/install/drift:/opt/ros/humble /usr/bin/cmake --install /home/cricchetto/Robomaster_WS/build/explore_lite
[5.945s] INFO:colcon.colcon_core.shell:Creating environment descriptor '/home/cricchetto/Robomaster_WS/install/robomaster_msgs/share/robomaster_msgs/hook/cmake_prefix_path.dsv'
[5.947s] INFO:colcon.colcon_core.shell:Creating environment hook '/home/cricchetto/Robomaster_WS/install/robomaster_msgs/share/robomaster_msgs/hook/cmake_prefix_path.sh'
[5.951s] Level 1:colcon.colcon_core.environment:checking '/home/cricchetto/Robomaster_WS/install/robomaster_msgs/lib'
[5.952s] Level 1:colcon.colcon_core.shell:create_environment_hook('robomaster_msgs', 'ld_library_path_lib')
[5.953s] INFO:colcon.colcon_core.shell:Creating environment hook '/home/cricchetto/Robomaster_WS/install/robomaster_msgs/share/robomaster_msgs/hook/ld_library_path_lib.ps1'
[5.956s] INFO:colcon.colcon_core.shell:Creating environment descriptor '/home/cricchetto/Robomaster_WS/install/robomaster_msgs/share/robomaster_msgs/hook/ld_library_path_lib.dsv'
[5.959s] INFO:colcon.colcon_core.shell:Creating environment hook '/home/cricchetto/Robomaster_WS/install/robomaster_msgs/share/robomaster_msgs/hook/ld_library_path_lib.sh'
[5.963s] Level 1:colcon.colcon_core.environment:checking '/home/cricchetto/Robomaster_WS/install/robomaster_msgs/bin'
[5.964s] Level 1:colcon.colcon_core.environment:checking '/home/cricchetto/Robomaster_WS/install/robomaster_msgs/lib/pkgconfig/robomaster_msgs.pc'
[5.966s] Level 1:colcon.colcon_core.environment:checking '/home/cricchetto/Robomaster_WS/install/robomaster_msgs/lib/python3.10/site-packages'
[5.968s] Level 1:colcon.colcon_core.environment:checking '/home/cricchetto/Robomaster_WS/install/robomaster_msgs/bin'
[5.970s] INFO:colcon.colcon_core.shell:Creating package script '/home/cricchetto/Robomaster_WS/install/robomaster_msgs/share/robomaster_msgs/package.ps1'
[5.975s] INFO:colcon.colcon_core.shell:Creating package descriptor '/home/cricchetto/Robomaster_WS/install/robomaster_msgs/share/robomaster_msgs/package.dsv'
[5.980s] INFO:colcon.colcon_core.shell:Creating package script '/home/cricchetto/Robomaster_WS/install/robomaster_msgs/share/robomaster_msgs/package.sh'
[5.986s] INFO:colcon.colcon_core.shell:Creating package script '/home/cricchetto/Robomaster_WS/install/robomaster_msgs/share/robomaster_msgs/package.bash'
[5.990s] INFO:colcon.colcon_core.shell:Creating package script '/home/cricchetto/Robomaster_WS/install/robomaster_msgs/share/robomaster_msgs/package.zsh'
[5.992s] Level 1:colcon.colcon_core.environment:create_file_with_runtime_dependencies(/home/cricchetto/Robomaster_WS/install/robomaster_msgs/share/colcon-core/packages/robomaster_msgs)
[5.996s] Level 1:colcon.colcon_core.environment:create_environment_scripts_only(robomaster_msgs)
[5.997s] Level 1:colcon.colcon_core.environment:checking '/home/cricchetto/Robomaster_WS/install/robomaster_msgs' for CMake module files
[6.008s] Level 1:colcon.colcon_core.environment:checking '/home/cricchetto/Robomaster_WS/install/robomaster_msgs' for CMake config files
[6.018s] Level 1:colcon.colcon_core.shell:create_environment_hook('robomaster_msgs', 'cmake_prefix_path')
[6.019s] INFO:colcon.colcon_core.shell:Creating environment hook '/home/cricchetto/Robomaster_WS/install/robomaster_msgs/share/robomaster_msgs/hook/cmake_prefix_path.ps1'
[6.024s] INFO:colcon.colcon_core.shell:Creating environment descriptor '/home/cricchetto/Robomaster_WS/install/robomaster_msgs/share/robomaster_msgs/hook/cmake_prefix_path.dsv'
[6.027s] INFO:colcon.colcon_core.shell:Creating environment hook '/home/cricchetto/Robomaster_WS/install/robomaster_msgs/share/robomaster_msgs/hook/cmake_prefix_path.sh'
[6.030s] Level 1:colcon.colcon_core.environment:checking '/home/cricchetto/Robomaster_WS/install/robomaster_msgs/lib'
[6.031s] Level 1:colcon.colcon_core.shell:create_environment_hook('robomaster_msgs', 'ld_library_path_lib')
[6.032s] INFO:colcon.colcon_core.shell:Creating environment hook '/home/cricchetto/Robomaster_WS/install/robomaster_msgs/share/robomaster_msgs/hook/ld_library_path_lib.ps1'
[6.036s] INFO:colcon.colcon_core.shell:Creating environment descriptor '/home/cricchetto/Robomaster_WS/install/robomaster_msgs/share/robomaster_msgs/hook/ld_library_path_lib.dsv'
[6.042s] INFO:colcon.colcon_core.shell:Creating environment hook '/home/cricchetto/Robomaster_WS/install/robomaster_msgs/share/robomaster_msgs/hook/ld_library_path_lib.sh'
[6.047s] Level 1:colcon.colcon_core.environment:checking '/home/cricchetto/Robomaster_WS/install/robomaster_msgs/bin'
[6.047s] Level 1:colcon.colcon_core.environment:checking '/home/cricchetto/Robomaster_WS/install/robomaster_msgs/lib/pkgconfig/robomaster_msgs.pc'
[6.049s] Level 1:colcon.colcon_core.environment:checking '/home/cricchetto/Robomaster_WS/install/robomaster_msgs/lib/python3.10/site-packages'
[6.051s] Level 1:colcon.colcon_core.environment:checking '/home/cricchetto/Robomaster_WS/install/robomaster_msgs/bin'
[6.053s] INFO:colcon.colcon_core.shell:Creating package script '/home/cricchetto/Robomaster_WS/install/robomaster_msgs/share/robomaster_msgs/package.ps1'
[6.059s] INFO:colcon.colcon_core.shell:Creating package descriptor '/home/cricchetto/Robomaster_WS/install/robomaster_msgs/share/robomaster_msgs/package.dsv'
[6.064s] INFO:colcon.colcon_core.shell:Creating package script '/home/cricchetto/Robomaster_WS/install/robomaster_msgs/share/robomaster_msgs/package.sh'
[6.069s] INFO:colcon.colcon_core.shell:Creating package script '/home/cricchetto/Robomaster_WS/install/robomaster_msgs/share/robomaster_msgs/package.bash'
[6.074s] INFO:colcon.colcon_core.shell:Creating package script '/home/cricchetto/Robomaster_WS/install/robomaster_msgs/share/robomaster_msgs/package.zsh'
[6.077s] Level 1:colcon.colcon_core.environment:create_file_with_runtime_dependencies(/home/cricchetto/Robomaster_WS/install/robomaster_msgs/share/colcon-core/packages/robomaster_msgs)
[6.080s] INFO:colcon.colcon_ros.task.ament_cmake.build:Building ROS package in '/home/cricchetto/Robomaster_WS/src/robomaster_ros/robomaster_description' with build type 'ament_cmake'
[6.080s] INFO:colcon.colcon_cmake.task.cmake.build:Building CMake package in '/home/cricchetto/Robomaster_WS/src/robomaster_ros/robomaster_description'
[6.081s] INFO:colcon.colcon_core.shell:Skip shell extension 'powershell' for command environment: Not usable outside of PowerShell
[6.082s] DEBUG:colcon.colcon_core.shell:Skip shell extension 'dsv' for command environment
[6.110s] DEBUG:colcon.colcon_core.event_handler.log_command:Invoking command in '/home/cricchetto/Robomaster_WS/build/multirobot_map_merge': CMAKE_PREFIX_PATH=${CMAKE_PREFIX_PATH}:/home/cricchetto/Robomaster_WS/install/robomaster_ros:/home/cricchetto/Robomaster_WS/install/nav2_simple_commander:/home/cricchetto/Robomaster_WS/install/ep_control:/home/cricchetto/Robomaster_WS/install/drift:/opt/ros/humble /usr/bin/cmake --build /home/cricchetto/Robomaster_WS/build/multirobot_map_merge -- -j4 -l4
[6.157s] DEBUG:colcon.colcon_core.event_handler.log_command:Invoked command in '/home/cricchetto/Robomaster_WS/build/robomaster_msgs' returned '0': CMAKE_PREFIX_PATH=${CMAKE_PREFIX_PATH}:/home/cricchetto/Robomaster_WS/install/robomaster_ros:/home/cricchetto/Robomaster_WS/install/nav2_simple_commander:/home/cricchetto/Robomaster_WS/install/ep_control:/home/cricchetto/Robomaster_WS/install/drift:/opt/ros/humble /usr/bin/cmake --install /home/cricchetto/Robomaster_WS/build/robomaster_msgs
[6.168s] DEBUG:colcon.colcon_core.event_handler.log_command:Invoking command in '/home/cricchetto/Robomaster_WS/build/robomaster_description': CMAKE_PREFIX_PATH=${CMAKE_PREFIX_PATH}:/home/cricchetto/Robomaster_WS/install/robomaster_ros:/home/cricchetto/Robomaster_WS/install/nav2_simple_commander:/home/cricchetto/Robomaster_WS/install/ep_control:/home/cricchetto/Robomaster_WS/install/drift:/opt/ros/humble /usr/bin/cmake --build /home/cricchetto/Robomaster_WS/build/robomaster_description -- -j4 -l4
[6.467s] DEBUG:colcon.colcon_core.event_handler.log_command:Invoked command in '/home/cricchetto/Robomaster_WS/build/robomaster_description' returned '0': CMAKE_PREFIX_PATH=${CMAKE_PREFIX_PATH}:/home/cricchetto/Robomaster_WS/install/robomaster_ros:/home/cricchetto/Robomaster_WS/install/nav2_simple_commander:/home/cricchetto/Robomaster_WS/install/ep_control:/home/cricchetto/Robomaster_WS/install/drift:/opt/ros/humble /usr/bin/cmake --build /home/cricchetto/Robomaster_WS/build/robomaster_description -- -j4 -l4
[6.469s] DEBUG:colcon.colcon_core.event_handler.log_command:Invoking command in '/home/cricchetto/Robomaster_WS/build/robomaster_description': CMAKE_PREFIX_PATH=${CMAKE_PREFIX_PATH}:/home/cricchetto/Robomaster_WS/install/robomaster_ros:/home/cricchetto/Robomaster_WS/install/nav2_simple_commander:/home/cricchetto/Robomaster_WS/install/ep_control:/home/cricchetto/Robomaster_WS/install/drift:/opt/ros/humble /usr/bin/cmake --install /home/cricchetto/Robomaster_WS/build/robomaster_description
[6.585s] Level 1:colcon.colcon_core.environment:create_environment_scripts_only(robomaster_description)
[6.587s] Level 1:colcon.colcon_core.environment:checking '/home/cricchetto/Robomaster_WS/install/robomaster_description' for CMake module files
[6.590s] Level 1:colcon.colcon_core.environment:checking '/home/cricchetto/Robomaster_WS/install/robomaster_description' for CMake config files
[6.594s] Level 1:colcon.colcon_core.shell:create_environment_hook('robomaster_description', 'cmake_prefix_path')
[6.595s] INFO:colcon.colcon_core.shell:Creating environment hook '/home/cricchetto/Robomaster_WS/install/robomaster_description/share/robomaster_description/hook/cmake_prefix_path.ps1'
[6.609s] INFO:colcon.colcon_core.shell:Creating environment descriptor '/home/cricchetto/Robomaster_WS/install/robomaster_description/share/robomaster_description/hook/cmake_prefix_path.dsv'
[6.612s] INFO:colcon.colcon_core.shell:Creating environment hook '/home/cricchetto/Robomaster_WS/install/robomaster_description/share/robomaster_description/hook/cmake_prefix_path.sh'
[6.624s] Level 1:colcon.colcon_core.environment:checking '/home/cricchetto/Robomaster_WS/install/robomaster_description/bin'
[6.625s] Level 1:colcon.colcon_core.environment:checking '/home/cricchetto/Robomaster_WS/install/robomaster_description/lib/pkgconfig/robomaster_description.pc'
[6.626s] Level 1:colcon.colcon_core.environment:checking '/home/cricchetto/Robomaster_WS/install/robomaster_description/lib/python3.10/site-packages'
[6.629s] Level 1:colcon.colcon_core.environment:checking '/home/cricchetto/Robomaster_WS/install/robomaster_description/bin'
[6.630s] INFO:colcon.colcon_core.shell:Creating package script '/home/cricchetto/Robomaster_WS/install/robomaster_description/share/robomaster_description/package.ps1'
[6.645s] INFO:colcon.colcon_core.shell:Creating package descriptor '/home/cricchetto/Robomaster_WS/install/robomaster_description/share/robomaster_description/package.dsv'
[6.648s] INFO:colcon.colcon_core.shell:Creating package script '/home/cricchetto/Robomaster_WS/install/robomaster_description/share/robomaster_description/package.sh'
[6.651s] INFO:colcon.colcon_core.shell:Creating package script '/home/cricchetto/Robomaster_WS/install/robomaster_description/share/robomaster_description/package.bash'
[6.661s] INFO:colcon.colcon_core.shell:Creating package script '/home/cricchetto/Robomaster_WS/install/robomaster_description/share/robomaster_description/package.zsh'
[6.664s] Level 1:colcon.colcon_core.environment:create_file_with_runtime_dependencies(/home/cricchetto/Robomaster_WS/install/robomaster_description/share/colcon-core/packages/robomaster_description)
[6.667s] Level 1:colcon.colcon_core.environment:create_environment_scripts_only(robomaster_description)
[6.669s] Level 1:colcon.colcon_core.environment:checking '/home/cricchetto/Robomaster_WS/install/robomaster_description' for CMake module files
[6.673s] Level 1:colcon.colcon_core.environment:checking '/home/cricchetto/Robomaster_WS/install/robomaster_description' for CMake config files
[6.676s] Level 1:colcon.colcon_core.shell:create_environment_hook('robomaster_description', 'cmake_prefix_path')
[6.677s] INFO:colcon.colcon_core.shell:Creating environment hook '/home/cricchetto/Robomaster_WS/install/robomaster_description/share/robomaster_description/hook/cmake_prefix_path.ps1'
[6.701s] INFO:colcon.colcon_core.shell:Creating environment descriptor '/home/cricchetto/Robomaster_WS/install/robomaster_description/share/robomaster_description/hook/cmake_prefix_path.dsv'
[6.704s] INFO:colcon.colcon_core.shell:Creating environment hook '/home/cricchetto/Robomaster_WS/install/robomaster_description/share/robomaster_description/hook/cmake_prefix_path.sh'
[6.709s] Level 1:colcon.colcon_core.environment:checking '/home/cricchetto/Robomaster_WS/install/robomaster_description/bin'
[6.710s] Level 1:colcon.colcon_core.environment:checking '/home/cricchetto/Robomaster_WS/install/robomaster_description/lib/pkgconfig/robomaster_description.pc'
[6.711s] Level 1:colcon.colcon_core.environment:checking '/home/cricchetto/Robomaster_WS/install/robomaster_description/lib/python3.10/site-packages'
[6.714s] Level 1:colcon.colcon_core.environment:checking '/home/cricchetto/Robomaster_WS/install/robomaster_description/bin'
[6.716s] INFO:colcon.colcon_core.shell:Creating package script '/home/cricchetto/Robomaster_WS/install/robomaster_description/share/robomaster_description/package.ps1'
[6.721s] DEBUG:colcon.colcon_core.event_handler.log_command:Invoked command in '/home/cricchetto/Robomaster_WS/build/robomaster_description' returned '0': CMAKE_PREFIX_PATH=${CMAKE_PREFIX_PATH}:/home/cricchetto/Robomaster_WS/install/robomaster_ros:/home/cricchetto/Robomaster_WS/install/nav2_simple_commander:/home/cricchetto/Robomaster_WS/install/ep_control:/home/cricchetto/Robomaster_WS/install/drift:/opt/ros/humble /usr/bin/cmake --install /home/cricchetto/Robomaster_WS/build/robomaster_description
[6.731s] INFO:colcon.colcon_core.shell:Creating package descriptor '/home/cricchetto/Robomaster_WS/install/robomaster_description/share/robomaster_description/package.dsv'
[6.735s] INFO:colcon.colcon_core.shell:Creating package script '/home/cricchetto/Robomaster_WS/install/robomaster_description/share/robomaster_description/package.sh'
[6.740s] INFO:colcon.colcon_core.shell:Creating package script '/home/cricchetto/Robomaster_WS/install/robomaster_description/share/robomaster_description/package.bash'
[6.745s] INFO:colcon.colcon_core.shell:Creating package script '/home/cricchetto/Robomaster_WS/install/robomaster_description/share/robomaster_description/package.zsh'
[6.747s] Level 1:colcon.colcon_core.environment:create_file_with_runtime_dependencies(/home/cricchetto/Robomaster_WS/install/robomaster_description/share/colcon-core/packages/robomaster_description)
[6.749s] INFO:colcon.colcon_ros.task.ament_cmake.build:Building ROS package in '/home/cricchetto/Robomaster_WS/src/sllidar_ros2' with build type 'ament_cmake'
[6.750s] INFO:colcon.colcon_cmake.task.cmake.build:Building CMake package in '/home/cricchetto/Robomaster_WS/src/sllidar_ros2'
[6.752s] INFO:colcon.colcon_core.shell:Skip shell extension 'powershell' for command environment: Not usable outside of PowerShell
[6.754s] DEBUG:colcon.colcon_core.shell:Skip shell extension 'dsv' for command environment
[6.888s] DEBUG:colcon.colcon_core.event_handler.log_command:Invoking command in '/home/cricchetto/Robomaster_WS/build/sllidar_ros2': CMAKE_PREFIX_PATH=${CMAKE_PREFIX_PATH}:/home/cricchetto/Robomaster_WS/install/robomaster_ros:/home/cricchetto/Robomaster_WS/install/nav2_simple_commander:/home/cricchetto/Robomaster_WS/install/ep_control:/home/cricchetto/Robomaster_WS/install/drift:/opt/ros/humble /usr/bin/cmake --build /home/cricchetto/Robomaster_WS/build/sllidar_ros2 -- -j4 -l4
[6.906s] DEBUG:colcon.colcon_core.event_handler.log_command:Invoked command in '/home/cricchetto/Robomaster_WS/build/multirobot_map_merge' returned '0': CMAKE_PREFIX_PATH=${CMAKE_PREFIX_PATH}:/home/cricchetto/Robomaster_WS/install/robomaster_ros:/home/cricchetto/Robomaster_WS/install/nav2_simple_commander:/home/cricchetto/Robomaster_WS/install/ep_control:/home/cricchetto/Robomaster_WS/install/drift:/opt/ros/humble /usr/bin/cmake --build /home/cricchetto/Robomaster_WS/build/multirobot_map_merge -- -j4 -l4
[6.908s] DEBUG:colcon.colcon_core.event_handler.log_command:Invoking command in '/home/cricchetto/Robomaster_WS/build/multirobot_map_merge': CMAKE_PREFIX_PATH=${CMAKE_PREFIX_PATH}:/home/cricchetto/Robomaster_WS/install/robomaster_ros:/home/cricchetto/Robomaster_WS/install/nav2_simple_commander:/home/cricchetto/Robomaster_WS/install/ep_control:/home/cricchetto/Robomaster_WS/install/drift:/opt/ros/humble /usr/bin/cmake --install /home/cricchetto/Robomaster_WS/build/multirobot_map_merge
[7.014s] Level 1:colcon.colcon_core.environment:create_environment_scripts_only(multirobot_map_merge)
[7.016s] Level 1:colcon.colcon_core.environment:checking '/home/cricchetto/Robomaster_WS/install/multirobot_map_merge' for CMake module files
[7.024s] DEBUG:colcon.colcon_core.event_handler.log_command:Invoked command in '/home/cricchetto/Robomaster_WS/build/multirobot_map_merge' returned '0': CMAKE_PREFIX_PATH=${CMAKE_PREFIX_PATH}:/home/cricchetto/Robomaster_WS/install/robomaster_ros:/home/cricchetto/Robomaster_WS/install/nav2_simple_commander:/home/cricchetto/Robomaster_WS/install/ep_control:/home/cricchetto/Robomaster_WS/install/drift:/opt/ros/humble /usr/bin/cmake --install /home/cricchetto/Robomaster_WS/build/multirobot_map_merge
[7.027s] Level 1:colcon.colcon_core.environment:checking '/home/cricchetto/Robomaster_WS/install/multirobot_map_merge' for CMake config files
[7.030s] Level 1:colcon.colcon_core.shell:create_environment_hook('multirobot_map_merge', 'cmake_prefix_path')
[7.031s] INFO:colcon.colcon_core.shell:Creating environment hook '/home/cricchetto/Robomaster_WS/install/multirobot_map_merge/share/multirobot_map_merge/hook/cmake_prefix_path.ps1'
[7.037s] INFO:colcon.colcon_core.shell:Creating environment descriptor '/home/cricchetto/Robomaster_WS/install/multirobot_map_merge/share/multirobot_map_merge/hook/cmake_prefix_path.dsv'
[7.041s] INFO:colcon.colcon_core.shell:Creating environment hook '/home/cricchetto/Robomaster_WS/install/multirobot_map_merge/share/multirobot_map_merge/hook/cmake_prefix_path.sh'
[7.045s] Level 1:colcon.colcon_core.environment:checking '/home/cricchetto/Robomaster_WS/install/multirobot_map_merge/lib'
[7.045s] Level 1:colcon.colcon_core.environment:checking '/home/cricchetto/Robomaster_WS/install/multirobot_map_merge/bin'
[7.046s] Level 1:colcon.colcon_core.environment:checking '/home/cricchetto/Robomaster_WS/install/multirobot_map_merge/lib/pkgconfig/multirobot_map_merge.pc'
[7.047s] Level 1:colcon.colcon_core.environment:checking '/home/cricchetto/Robomaster_WS/install/multirobot_map_merge/lib/python3.10/site-packages'
[7.049s] Level 1:colcon.colcon_core.environment:checking '/home/cricchetto/Robomaster_WS/install/multirobot_map_merge/bin'
[7.050s] INFO:colcon.colcon_core.shell:Creating package script '/home/cricchetto/Robomaster_WS/install/multirobot_map_merge/share/multirobot_map_merge/package.ps1'
[7.053s] INFO:colcon.colcon_core.shell:Creating package descriptor '/home/cricchetto/Robomaster_WS/install/multirobot_map_merge/share/multirobot_map_merge/package.dsv'
[7.055s] INFO:colcon.colcon_core.shell:Creating package script '/home/cricchetto/Robomaster_WS/install/multirobot_map_merge/share/multirobot_map_merge/package.sh'
[7.058s] INFO:colcon.colcon_core.shell:Creating package script '/home/cricchetto/Robomaster_WS/install/multirobot_map_merge/share/multirobot_map_merge/package.bash'
[7.060s] INFO:colcon.colcon_core.shell:Creating package script '/home/cricchetto/Robomaster_WS/install/multirobot_map_merge/share/multirobot_map_merge/package.zsh'
[7.065s] Level 1:colcon.colcon_core.environment:create_file_with_runtime_dependencies(/home/cricchetto/Robomaster_WS/install/multirobot_map_merge/share/colcon-core/packages/multirobot_map_merge)
[7.068s] Level 1:colcon.colcon_core.environment:create_environment_scripts_only(multirobot_map_merge)
[7.069s] Level 1:colcon.colcon_core.environment:checking '/home/cricchetto/Robomaster_WS/install/multirobot_map_merge' for CMake module files
[7.073s] Level 1:colcon.colcon_core.environment:checking '/home/cricchetto/Robomaster_WS/install/multirobot_map_merge' for CMake config files
[7.074s] Level 1:colcon.colcon_core.shell:create_environment_hook('multirobot_map_merge', 'cmake_prefix_path')
[7.076s] INFO:colcon.colcon_core.shell:Creating environment hook '/home/cricchetto/Robomaster_WS/install/multirobot_map_merge/share/multirobot_map_merge/hook/cmake_prefix_path.ps1'
[7.078s] INFO:colcon.colcon_core.shell:Creating environment descriptor '/home/cricchetto/Robomaster_WS/install/multirobot_map_merge/share/multirobot_map_merge/hook/cmake_prefix_path.dsv'
[7.081s] INFO:colcon.colcon_core.shell:Creating environment hook '/home/cricchetto/Robomaster_WS/install/multirobot_map_merge/share/multirobot_map_merge/hook/cmake_prefix_path.sh'
[7.087s] Level 1:colcon.colcon_core.environment:checking '/home/cricchetto/Robomaster_WS/install/multirobot_map_merge/lib'
[7.088s] Level 1:colcon.colcon_core.environment:checking '/home/cricchetto/Robomaster_WS/install/multirobot_map_merge/bin'
[7.089s] Level 1:colcon.colcon_core.environment:checking '/home/cricchetto/Robomaster_WS/install/multirobot_map_merge/lib/pkgconfig/multirobot_map_merge.pc'
[7.091s] Level 1:colcon.colcon_core.environment:checking '/home/cricchetto/Robomaster_WS/install/multirobot_map_merge/lib/python3.10/site-packages'
[7.094s] Level 1:colcon.colcon_core.environment:checking '/home/cricchetto/Robomaster_WS/install/multirobot_map_merge/bin'
[7.099s] INFO:colcon.colcon_core.shell:Creating package script '/home/cricchetto/Robomaster_WS/install/multirobot_map_merge/share/multirobot_map_merge/package.ps1'
[7.106s] INFO:colcon.colcon_core.shell:Creating package descriptor '/home/cricchetto/Robomaster_WS/install/multirobot_map_merge/share/multirobot_map_merge/package.dsv'
[7.113s] INFO:colcon.colcon_core.shell:Creating package script '/home/cricchetto/Robomaster_WS/install/multirobot_map_merge/share/multirobot_map_merge/package.sh'
[7.119s] INFO:colcon.colcon_core.shell:Creating package script '/home/cricchetto/Robomaster_WS/install/multirobot_map_merge/share/multirobot_map_merge/package.bash'
[7.124s] INFO:colcon.colcon_core.shell:Creating package script '/home/cricchetto/Robomaster_WS/install/multirobot_map_merge/share/multirobot_map_merge/package.zsh'
[7.133s] Level 1:colcon.colcon_core.environment:create_file_with_runtime_dependencies(/home/cricchetto/Robomaster_WS/install/multirobot_map_merge/share/colcon-core/packages/multirobot_map_merge)
[7.139s] INFO:colcon.colcon_ros.task.ament_python.build:Building ROS package in '/home/cricchetto/Robomaster_WS/src/robomaster_ros/robomaster_ros' with build type 'ament_python'
[7.144s] Level 1:colcon.colcon_core.shell:create_environment_hook('robomaster_ros', 'ament_prefix_path')
[7.146s] INFO:colcon.colcon_core.shell:Creating environment hook '/home/cricchetto/Robomaster_WS/install/robomaster_ros/share/robomaster_ros/hook/ament_prefix_path.ps1'
[7.151s] INFO:colcon.colcon_core.shell:Creating environment descriptor '/home/cricchetto/Robomaster_WS/install/robomaster_ros/share/robomaster_ros/hook/ament_prefix_path.dsv'
[7.155s] INFO:colcon.colcon_core.shell:Creating environment hook '/home/cricchetto/Robomaster_WS/install/robomaster_ros/share/robomaster_ros/hook/ament_prefix_path.sh'
[7.161s] INFO:colcon.colcon_core.shell:Skip shell extension 'powershell' for command environment: Not usable outside of PowerShell
[7.162s] DEBUG:colcon.colcon_core.shell:Skip shell extension 'dsv' for command environment
[8.876s] INFO:colcon.colcon_core.task.python.build:Building Python package in '/home/cricchetto/Robomaster_WS/src/robomaster_ros/robomaster_ros'
[8.877s] INFO:colcon.colcon_core.shell:Skip shell extension 'powershell' for command environment: Not usable outside of PowerShell
[8.877s] DEBUG:colcon.colcon_core.shell:Skip shell extension 'dsv' for command environment
[8.916s] DEBUG:colcon.colcon_core.event_handler.log_command:Invoking command in '/home/cricchetto/Robomaster_WS/src/ep_control': PYTHONPATH=/home/cricchetto/Robomaster_WS/build/ep_control/prefix_override:/usr/lib/python3/dist-packages/colcon_core/task/python/colcon_distutils_commands:/home/cricchetto/Robomaster_WS/install/ep_control/lib/python3.10/site-packages:${PYTHONPATH} /usr/bin/python3 -W ignore:setup.py install is deprecated -W ignore:easy_install command is deprecated setup.py egg_info --egg-base ../../build/ep_control build --build-base /home/cricchetto/Robomaster_WS/build/ep_control/build install --record /home/cricchetto/Robomaster_WS/build/ep_control/install.log --single-version-externally-managed install_data
[8.932s] DEBUG:colcon.colcon_core.event_handler.log_command:Invoking command in '/home/cricchetto/Robomaster_WS/src/drift': PYTHONPATH=/home/cricchetto/Robomaster_WS/build/drift/prefix_override:/usr/lib/python3/dist-packages/colcon_core/task/python/colcon_distutils_commands:/home/cricchetto/Robomaster_WS/install/drift/lib/python3.10/site-packages:${PYTHONPATH} /usr/bin/python3 -W ignore:setup.py install is deprecated -W ignore:easy_install command is deprecated setup.py egg_info --egg-base ../../build/drift build --build-base /home/cricchetto/Robomaster_WS/build/drift/build install --record /home/cricchetto/Robomaster_WS/build/drift/install.log --single-version-externally-managed install_data
[8.936s] DEBUG:colcon.colcon_core.event_handler.log_command:Invoked command in '/home/cricchetto/Robomaster_WS/build/sllidar_ros2' returned '0': CMAKE_PREFIX_PATH=${CMAKE_PREFIX_PATH}:/home/cricchetto/Robomaster_WS/install/robomaster_ros:/home/cricchetto/Robomaster_WS/install/nav2_simple_commander:/home/cricchetto/Robomaster_WS/install/ep_control:/home/cricchetto/Robomaster_WS/install/drift:/opt/ros/humble /usr/bin/cmake --build /home/cricchetto/Robomaster_WS/build/sllidar_ros2 -- -j4 -l4
[8.947s] DEBUG:colcon.colcon_core.event_handler.log_command:Invoking command in '/home/cricchetto/Robomaster_WS/build/sllidar_ros2': CMAKE_PREFIX_PATH=${CMAKE_PREFIX_PATH}:/home/cricchetto/Robomaster_WS/install/robomaster_ros:/home/cricchetto/Robomaster_WS/install/nav2_simple_commander:/home/cricchetto/Robomaster_WS/install/ep_control:/home/cricchetto/Robomaster_WS/install/drift:/opt/ros/humble /usr/bin/cmake --install /home/cricchetto/Robomaster_WS/build/sllidar_ros2
[9.031s] Level 1:colcon.colcon_core.environment:create_environment_scripts_only(sllidar_ros2)
[9.033s] Level 1:colcon.colcon_core.environment:checking '/home/cricchetto/Robomaster_WS/install/sllidar_ros2' for CMake module files
[9.036s] Level 1:colcon.colcon_core.environment:checking '/home/cricchetto/Robomaster_WS/install/sllidar_ros2' for CMake config files
[9.039s] Level 1:colcon.colcon_core.shell:create_environment_hook('sllidar_ros2', 'cmake_prefix_path')
[9.040s] INFO:colcon.colcon_core.shell:Creating environment hook '/home/cricchetto/Robomaster_WS/install/sllidar_ros2/share/sllidar_ros2/hook/cmake_prefix_path.ps1'
[9.061s] INFO:colcon.colcon_core.shell:Creating environment descriptor '/home/cricchetto/Robomaster_WS/install/sllidar_ros2/share/sllidar_ros2/hook/cmake_prefix_path.dsv'
[9.065s] INFO:colcon.colcon_core.shell:Creating environment hook '/home/cricchetto/Robomaster_WS/install/sllidar_ros2/share/sllidar_ros2/hook/cmake_prefix_path.sh'
[9.070s] Level 1:colcon.colcon_core.environment:checking '/home/cricchetto/Robomaster_WS/install/sllidar_ros2/lib'
[9.071s] Level 1:colcon.colcon_core.environment:checking '/home/cricchetto/Robomaster_WS/install/sllidar_ros2/bin'
[9.072s] Level 1:colcon.colcon_core.environment:checking '/home/cricchetto/Robomaster_WS/install/sllidar_ros2/lib/pkgconfig/sllidar_ros2.pc'
[9.074s] Level 1:colcon.colcon_core.environment:checking '/home/cricchetto/Robomaster_WS/install/sllidar_ros2/lib/python3.10/site-packages'
[9.076s] Level 1:colcon.colcon_core.environment:checking '/home/cricchetto/Robomaster_WS/install/sllidar_ros2/bin'
[9.078s] INFO:colcon.colcon_core.shell:Creating package script '/home/cricchetto/Robomaster_WS/install/sllidar_ros2/share/sllidar_ros2/package.ps1'
[9.079s] DEBUG:colcon.colcon_core.event_handler.log_command:Invoked command in '/home/cricchetto/Robomaster_WS/build/sllidar_ros2' returned '0': CMAKE_PREFIX_PATH=${CMAKE_PREFIX_PATH}:/home/cricchetto/Robomaster_WS/install/robomaster_ros:/home/cricchetto/Robomaster_WS/install/nav2_simple_commander:/home/cricchetto/Robomaster_WS/install/ep_control:/home/cricchetto/Robomaster_WS/install/drift:/opt/ros/humble /usr/bin/cmake --install /home/cricchetto/Robomaster_WS/build/sllidar_ros2
[9.082s] INFO:colcon.colcon_core.shell:Creating package descriptor '/home/cricchetto/Robomaster_WS/install/sllidar_ros2/share/sllidar_ros2/package.dsv'
[9.085s] INFO:colcon.colcon_core.shell:Creating package script '/home/cricchetto/Robomaster_WS/install/sllidar_ros2/share/sllidar_ros2/package.sh'
[9.088s] INFO:colcon.colcon_core.shell:Creating package script '/home/cricchetto/Robomaster_WS/install/sllidar_ros2/share/sllidar_ros2/package.bash'
[9.091s] INFO:colcon.colcon_core.shell:Creating package script '/home/cricchetto/Robomaster_WS/install/sllidar_ros2/share/sllidar_ros2/package.zsh'
[9.094s] Level 1:colcon.colcon_core.environment:create_file_with_runtime_dependencies(/home/cricchetto/Robomaster_WS/install/sllidar_ros2/share/colcon-core/packages/sllidar_ros2)
[9.098s] Level 1:colcon.colcon_core.environment:create_environment_scripts_only(sllidar_ros2)
[9.099s] Level 1:colcon.colcon_core.environment:checking '/home/cricchetto/Robomaster_WS/install/sllidar_ros2' for CMake module files
[9.103s] Level 1:colcon.colcon_core.environment:checking '/home/cricchetto/Robomaster_WS/install/sllidar_ros2' for CMake config files
[9.105s] Level 1:colcon.colcon_core.shell:create_environment_hook('sllidar_ros2', 'cmake_prefix_path')
[9.106s] INFO:colcon.colcon_core.shell:Creating environment hook '/home/cricchetto/Robomaster_WS/install/sllidar_ros2/share/sllidar_ros2/hook/cmake_prefix_path.ps1'
[9.109s] INFO:colcon.colcon_core.shell:Creating environment descriptor '/home/cricchetto/Robomaster_WS/install/sllidar_ros2/share/sllidar_ros2/hook/cmake_prefix_path.dsv'
[9.112s] INFO:colcon.colcon_core.shell:Creating environment hook '/home/cricchetto/Robomaster_WS/install/sllidar_ros2/share/sllidar_ros2/hook/cmake_prefix_path.sh'
[9.116s] Level 1:colcon.colcon_core.environment:checking '/home/cricchetto/Robomaster_WS/install/sllidar_ros2/lib'
[9.117s] Level 1:colcon.colcon_core.environment:checking '/home/cricchetto/Robomaster_WS/install/sllidar_ros2/bin'
[9.117s] Level 1:colcon.colcon_core.environment:checking '/home/cricchetto/Robomaster_WS/install/sllidar_ros2/lib/pkgconfig/sllidar_ros2.pc'
[9.119s] Level 1:colcon.colcon_core.environment:checking '/home/cricchetto/Robomaster_WS/install/sllidar_ros2/lib/python3.10/site-packages'
[9.121s] Level 1:colcon.colcon_core.environment:checking '/home/cricchetto/Robomaster_WS/install/sllidar_ros2/bin'
[9.122s] INFO:colcon.colcon_core.shell:Creating package script '/home/cricchetto/Robomaster_WS/install/sllidar_ros2/share/sllidar_ros2/package.ps1'
[9.127s] INFO:colcon.colcon_core.shell:Creating package descriptor '/home/cricchetto/Robomaster_WS/install/sllidar_ros2/share/sllidar_ros2/package.dsv'
[9.131s] INFO:colcon.colcon_core.shell:Creating package script '/home/cricchetto/Robomaster_WS/install/sllidar_ros2/share/sllidar_ros2/package.sh'
[9.135s] INFO:colcon.colcon_core.shell:Creating package script '/home/cricchetto/Robomaster_WS/install/sllidar_ros2/share/sllidar_ros2/package.bash'
[9.138s] INFO:colcon.colcon_core.shell:Creating package script '/home/cricchetto/Robomaster_WS/install/sllidar_ros2/share/sllidar_ros2/package.zsh'
[9.141s] Level 1:colcon.colcon_core.environment:create_file_with_runtime_dependencies(/home/cricchetto/Robomaster_WS/install/sllidar_ros2/share/colcon-core/packages/sllidar_ros2)
[10.833s] Level 1:colcon.colcon_core.environment:checking '/home/cricchetto/Robomaster_WS/install/ep_control' for CMake module files
[10.836s] Level 1:colcon.colcon_core.environment:checking '/home/cricchetto/Robomaster_WS/install/ep_control' for CMake config files
[10.840s] Level 1:colcon.colcon_core.environment:checking '/home/cricchetto/Robomaster_WS/install/ep_control/lib'
[10.842s] DEBUG:colcon.colcon_core.event_handler.log_command:Invoked command in '/home/cricchetto/Robomaster_WS/src/ep_control' returned '0': PYTHONPATH=/home/cricchetto/Robomaster_WS/build/ep_control/prefix_override:/usr/lib/python3/dist-packages/colcon_core/task/python/colcon_distutils_commands:/home/cricchetto/Robomaster_WS/install/ep_control/lib/python3.10/site-packages:${PYTHONPATH} /usr/bin/python3 -W ignore:setup.py install is deprecated -W ignore:easy_install command is deprecated setup.py egg_info --egg-base ../../build/ep_control build --build-base /home/cricchetto/Robomaster_WS/build/ep_control/build install --record /home/cricchetto/Robomaster_WS/build/ep_control/install.log --single-version-externally-managed install_data
[10.844s] Level 1:colcon.colcon_core.environment:checking '/home/cricchetto/Robomaster_WS/install/ep_control/bin'
[10.845s] Level 1:colcon.colcon_core.environment:checking '/home/cricchetto/Robomaster_WS/install/ep_control/lib/pkgconfig/ep_control.pc'
[10.846s] Level 1:colcon.colcon_core.environment:checking '/home/cricchetto/Robomaster_WS/install/ep_control/lib/python3.10/site-packages'
[10.847s] Level 1:colcon.colcon_core.shell:create_environment_hook('ep_control', 'pythonpath')
[10.848s] INFO:colcon.colcon_core.shell:Creating environment hook '/home/cricchetto/Robomaster_WS/install/ep_control/share/ep_control/hook/pythonpath.ps1'
[10.851s] INFO:colcon.colcon_core.shell:Creating environment descriptor '/home/cricchetto/Robomaster_WS/install/ep_control/share/ep_control/hook/pythonpath.dsv'
[10.853s] INFO:colcon.colcon_core.shell:Creating environment hook '/home/cricchetto/Robomaster_WS/install/ep_control/share/ep_control/hook/pythonpath.sh'
[10.857s] Level 1:colcon.colcon_core.environment:checking '/home/cricchetto/Robomaster_WS/install/ep_control/bin'
[10.858s] Level 1:colcon.colcon_core.environment:create_environment_scripts_only(ep_control)
[10.859s] INFO:colcon.colcon_core.shell:Creating package script '/home/cricchetto/Robomaster_WS/install/ep_control/share/ep_control/package.ps1'
[10.867s] INFO:colcon.colcon_core.shell:Creating package descriptor '/home/cricchetto/Robomaster_WS/install/ep_control/share/ep_control/package.dsv'
[10.874s] INFO:colcon.colcon_core.shell:Creating package script '/home/cricchetto/Robomaster_WS/install/ep_control/share/ep_control/package.sh'
[10.879s] INFO:colcon.colcon_core.shell:Creating package script '/home/cricchetto/Robomaster_WS/install/ep_control/share/ep_control/package.bash'
[10.882s] INFO:colcon.colcon_core.shell:Creating package script '/home/cricchetto/Robomaster_WS/install/ep_control/share/ep_control/package.zsh'
[10.886s] Level 1:colcon.colcon_core.environment:create_file_with_runtime_dependencies(/home/cricchetto/Robomaster_WS/install/ep_control/share/colcon-core/packages/ep_control)
[11.055s] Level 1:colcon.colcon_core.environment:checking '/home/cricchetto/Robomaster_WS/install/drift' for CMake module files
[11.059s] Level 1:colcon.colcon_core.environment:checking '/home/cricchetto/Robomaster_WS/install/drift' for CMake config files
[11.063s] Level 1:colcon.colcon_core.environment:checking '/home/cricchetto/Robomaster_WS/install/drift/lib'
[11.064s] Level 1:colcon.colcon_core.environment:checking '/home/cricchetto/Robomaster_WS/install/drift/bin'
[11.065s] Level 1:colcon.colcon_core.environment:checking '/home/cricchetto/Robomaster_WS/install/drift/lib/pkgconfig/drift.pc'
[11.066s] Level 1:colcon.colcon_core.environment:checking '/home/cricchetto/Robomaster_WS/install/drift/lib/python3.10/site-packages'
[11.066s] Level 1:colcon.colcon_core.shell:create_environment_hook('drift', 'pythonpath')
[11.067s] INFO:colcon.colcon_core.shell:Creating environment hook '/home/cricchetto/Robomaster_WS/install/drift/share/drift/hook/pythonpath.ps1'
[11.057s] DEBUG:colcon.colcon_core.event_handler.log_command:Invoked command in '/home/cricchetto/Robomaster_WS/src/drift' returned '0': PYTHONPATH=/home/cricchetto/Robomaster_WS/build/drift/prefix_override:/usr/lib/python3/dist-packages/colcon_core/task/python/colcon_distutils_commands:/home/cricchetto/Robomaster_WS/install/drift/lib/python3.10/site-packages:${PYTHONPATH} /usr/bin/python3 -W ignore:setup.py install is deprecated -W ignore:easy_install command is deprecated setup.py egg_info --egg-base ../../build/drift build --build-base /home/cricchetto/Robomaster_WS/build/drift/build install --record /home/cricchetto/Robomaster_WS/build/drift/install.log --single-version-externally-managed install_data
[11.072s] INFO:colcon.colcon_core.shell:Creating environment descriptor '/home/cricchetto/Robomaster_WS/install/drift/share/drift/hook/pythonpath.dsv'
[11.075s] INFO:colcon.colcon_core.shell:Creating environment hook '/home/cricchetto/Robomaster_WS/install/drift/share/drift/hook/pythonpath.sh'
[11.079s] Level 1:colcon.colcon_core.environment:checking '/home/cricchetto/Robomaster_WS/install/drift/bin'
[11.079s] Level 1:colcon.colcon_core.environment:create_environment_scripts_only(drift)
[11.082s] INFO:colcon.colcon_core.shell:Creating package script '/home/cricchetto/Robomaster_WS/install/drift/share/drift/package.ps1'
[11.088s] INFO:colcon.colcon_core.shell:Creating package descriptor '/home/cricchetto/Robomaster_WS/install/drift/share/drift/package.dsv'
[11.093s] INFO:colcon.colcon_core.shell:Creating package script '/home/cricchetto/Robomaster_WS/install/drift/share/drift/package.sh'
[11.097s] INFO:colcon.colcon_core.shell:Creating package script '/home/cricchetto/Robomaster_WS/install/drift/share/drift/package.bash'
[11.101s] INFO:colcon.colcon_core.shell:Creating package script '/home/cricchetto/Robomaster_WS/install/drift/share/drift/package.zsh'
[11.105s] Level 1:colcon.colcon_core.environment:create_file_with_runtime_dependencies(/home/cricchetto/Robomaster_WS/install/drift/share/colcon-core/packages/drift)
[11.364s] DEBUG:colcon.colcon_core.event_handler.log_command:Invoking command in '/home/cricchetto/Robomaster_WS/src/robomaster_ros/robomaster_ros': CMAKE_PREFIX_PATH=/home/cricchetto/Robomaster_WS/install/robomaster_msgs:/home/cricchetto/Robomaster_WS/install/sllidar_ros2:/home/cricchetto/Robomaster_WS/install/robomaster_description:/home/cricchetto/Robomaster_WS/install/dwb_msgs:/home/cricchetto/Robomaster_WS/install/nav_2d_msgs:/home/cricchetto/Robomaster_WS/install/nav2_voxel_grid:/home/cricchetto/Robomaster_WS/install/explore_lite:/home/cricchetto/Robomaster_WS/install/nav2_msgs:/home/cricchetto/Robomaster_WS/install/nav2_common:/home/cricchetto/Robomaster_WS/install/multirobot_map_merge PYTHONPATH=/home/cricchetto/Robomaster_WS/build/robomaster_ros/prefix_override:/usr/lib/python3/dist-packages/colcon_core/task/python/colcon_distutils_commands:/home/cricchetto/Robomaster_WS/install/robomaster_ros/lib/python3.10/site-packages:${PYTHONPATH} /usr/bin/python3 -W ignore:setup.py install is deprecated -W ignore:easy_install command is deprecated setup.py egg_info --egg-base ../../../build/robomaster_ros build --build-base /home/cricchetto/Robomaster_WS/build/robomaster_ros/build install --record /home/cricchetto/Robomaster_WS/build/robomaster_ros/install.log --single-version-externally-managed install_data
[12.699s] Level 1:colcon.colcon_core.environment:checking '/home/cricchetto/Robomaster_WS/install/robomaster_ros' for CMake module files
[12.701s] DEBUG:colcon.colcon_core.event_handler.log_command:Invoked command in '/home/cricchetto/Robomaster_WS/src/robomaster_ros/robomaster_ros' returned '0': CMAKE_PREFIX_PATH=/home/cricchetto/Robomaster_WS/install/robomaster_msgs:/home/cricchetto/Robomaster_WS/install/sllidar_ros2:/home/cricchetto/Robomaster_WS/install/robomaster_description:/home/cricchetto/Robomaster_WS/install/dwb_msgs:/home/cricchetto/Robomaster_WS/install/nav_2d_msgs:/home/cricchetto/Robomaster_WS/install/nav2_voxel_grid:/home/cricchetto/Robomaster_WS/install/explore_lite:/home/cricchetto/Robomaster_WS/install/nav2_msgs:/home/cricchetto/Robomaster_WS/install/nav2_common:/home/cricchetto/Robomaster_WS/install/multirobot_map_merge PYTHONPATH=/home/cricchetto/Robomaster_WS/build/robomaster_ros/prefix_override:/usr/lib/python3/dist-packages/colcon_core/task/python/colcon_distutils_commands:/home/cricchetto/Robomaster_WS/install/robomaster_ros/lib/python3.10/site-packages:${PYTHONPATH} /usr/bin/python3 -W ignore:setup.py install is deprecated -W ignore:easy_install command is deprecated setup.py egg_info --egg-base ../../../build/robomaster_ros build --build-base /home/cricchetto/Robomaster_WS/build/robomaster_ros/build install --record /home/cricchetto/Robomaster_WS/build/robomaster_ros/install.log --single-version-externally-managed install_data
[12.703s] Level 1:colcon.colcon_core.environment:checking '/home/cricchetto/Robomaster_WS/install/robomaster_ros' for CMake config files
[12.708s] Level 1:colcon.colcon_core.environment:checking '/home/cricchetto/Robomaster_WS/install/robomaster_ros/lib'
[12.708s] Level 1:colcon.colcon_core.environment:checking '/home/cricchetto/Robomaster_WS/install/robomaster_ros/bin'
[12.708s] Level 1:colcon.colcon_core.environment:checking '/home/cricchetto/Robomaster_WS/install/robomaster_ros/lib/pkgconfig/robomaster_ros.pc'
[12.709s] Level 1:colcon.colcon_core.environment:checking '/home/cricchetto/Robomaster_WS/install/robomaster_ros/lib/python3.10/site-packages'
[12.709s] Level 1:colcon.colcon_core.shell:create_environment_hook('robomaster_ros', 'pythonpath')
[12.710s] INFO:colcon.colcon_core.shell:Creating environment hook '/home/cricchetto/Robomaster_WS/install/robomaster_ros/share/robomaster_ros/hook/pythonpath.ps1'
[12.712s] INFO:colcon.colcon_core.shell:Creating environment descriptor '/home/cricchetto/Robomaster_WS/install/robomaster_ros/share/robomaster_ros/hook/pythonpath.dsv'
[12.714s] INFO:colcon.colcon_core.shell:Creating environment hook '/home/cricchetto/Robomaster_WS/install/robomaster_ros/share/robomaster_ros/hook/pythonpath.sh'
[12.718s] Level 1:colcon.colcon_core.environment:checking '/home/cricchetto/Robomaster_WS/install/robomaster_ros/bin'
[12.718s] Level 1:colcon.colcon_core.environment:create_environment_scripts_only(robomaster_ros)
[12.720s] INFO:colcon.colcon_core.shell:Creating package script '/home/cricchetto/Robomaster_WS/install/robomaster_ros/share/robomaster_ros/package.ps1'
[12.722s] INFO:colcon.colcon_core.shell:Creating package descriptor '/home/cricchetto/Robomaster_WS/install/robomaster_ros/share/robomaster_ros/package.dsv'
[12.725s] INFO:colcon.colcon_core.shell:Creating package script '/home/cricchetto/Robomaster_WS/install/robomaster_ros/share/robomaster_ros/package.sh'
[12.727s] INFO:colcon.colcon_core.shell:Creating package script '/home/cricchetto/Robomaster_WS/install/robomaster_ros/share/robomaster_ros/package.bash'
[12.729s] INFO:colcon.colcon_core.shell:Creating package script '/home/cricchetto/Robomaster_WS/install/robomaster_ros/share/robomaster_ros/package.zsh'
[12.731s] Level 1:colcon.colcon_core.environment:create_file_with_runtime_dependencies(/home/cricchetto/Robomaster_WS/install/robomaster_ros/share/colcon-core/packages/robomaster_ros)
[12.732s] DEBUG:colcon.colcon_parallel_executor.executor.parallel:closing loop
[12.733s] DEBUG:colcon.colcon_parallel_executor.executor.parallel:loop closed
[12.734s] DEBUG:colcon.colcon_parallel_executor.executor.parallel:run_until_complete finished with '0'
[12.734s] DEBUG:colcon.colcon_core.event_reactor:joining thread
[12.758s] INFO:colcon.colcon_core.plugin_system:Skipping extension 'colcon_notification.desktop_notification.notify_send': Could not find 'notify-send'
[12.759s] INFO:colcon.colcon_core.plugin_system:Skipping extension 'colcon_notification.desktop_notification.terminal_notifier': Not used on non-Darwin systems
[12.759s] INFO:colcon.colcon_core.plugin_system:Skipping extension 'colcon_notification.desktop_notification.win32': Not used on non-Windows systems
[12.759s] INFO:colcon.colcon_notification.desktop_notification:Sending desktop notification using 'notify2'
[12.762s] DEBUG:colcon.colcon_notification.desktop_notification.notify2:Failed to initialize notify2: org.freedesktop.DBus.Error.ServiceUnknown: The name org.freedesktop.Notifications was not provided by any .service files
[12.762s] DEBUG:colcon.colcon_core.event_reactor:joined thread
[12.763s] INFO:colcon.colcon_core.shell:Creating prefix script '/home/cricchetto/Robomaster_WS/install/local_setup.ps1'
[12.767s] INFO:colcon.colcon_core.shell:Creating prefix util module '/home/cricchetto/Robomaster_WS/install/_local_setup_util_ps1.py'
[12.774s] INFO:colcon.colcon_core.shell:Creating prefix chain script '/home/cricchetto/Robomaster_WS/install/setup.ps1'
[12.785s] INFO:colcon.colcon_core.shell:Creating prefix script '/home/cricchetto/Robomaster_WS/install/local_setup.sh'
[12.787s] INFO:colcon.colcon_core.shell:Creating prefix util module '/home/cricchetto/Robomaster_WS/install/_local_setup_util_sh.py'
[12.790s] INFO:colcon.colcon_core.shell:Creating prefix chain script '/home/cricchetto/Robomaster_WS/install/setup.sh'
[12.798s] INFO:colcon.colcon_core.shell:Creating prefix script '/home/cricchetto/Robomaster_WS/install/local_setup.bash'
[12.801s] INFO:colcon.colcon_core.shell:Creating prefix chain script '/home/cricchetto/Robomaster_WS/install/setup.bash'
[12.809s] INFO:colcon.colcon_core.shell:Creating prefix script '/home/cricchetto/Robomaster_WS/install/local_setup.zsh'
[12.811s] INFO:colcon.colcon_core.shell:Creating prefix chain script '/home/cricchetto/Robomaster_WS/install/setup.zsh'
