[0.445s] DEBUG:colcon:Command line arguments: ['/usr/bin/colcon', 'build']
[0.445s] DEBUG:colcon:Parsed command line arguments: Namespace(log_base=None, log_level=None, verb_name='build', build_base='build', install_base='install', merge_install=False, symlink_install=False, test_result_base=None, continue_on_error=False, executor='parallel', parallel_workers=4, event_handlers=None, ignore_user_meta=False, metas=['./colcon.meta'], base_paths=['.'], packages_ignore=None, packages_ignore_regex=None, paths=None, packages_up_to=None, packages_up_to_regex=None, packages_above=None, packages_above_and_dependencies=None, packages_above_depth=None, packages_select_by_dep=None, packages_skip_by_dep=None, packages_skip_up_to=None, packages_select_build_failed=False, packages_skip_build_finished=False, packages_select_test_failures=False, packages_skip_test_passed=False, packages_select=None, packages_skip=None, packages_select_regex=None, packages_skip_regex=None, packages_start=None, packages_end=None, allow_overriding=[], cmake_args=None, cmake_target=None, cmake_target_skip_unavailable=False, cmake_clean_cache=False, cmake_clean_first=False, cmake_force_configure=False, ament_cmake_args=None, catkin_cmake_args=None, catkin_skip_building_tests=False, verb_parser=<colcon_defaults.argument_parser.defaults.DefaultArgumentsDecorator object at 0xffff92b2bf40>, verb_extension=<colcon_core.verb.build.BuildVerb object at 0xffff92c5d3f0>, main=<bound method BuildVerb.main of <colcon_core.verb.build.BuildVerb object at 0xffff92c5d3f0>>)
[1.141s] Level 1:colcon.colcon_core.package_discovery:discover_packages(colcon_meta) check parameters
[1.141s] Level 1:colcon.colcon_core.package_discovery:discover_packages(recursive) check parameters
[1.141s] Level 1:colcon.colcon_core.package_discovery:discover_packages(ignore) check parameters
[1.141s] Level 1:colcon.colcon_core.package_discovery:discover_packages(path) check parameters
[1.142s] Level 1:colcon.colcon_core.package_discovery:discover_packages(colcon_meta) discover
[1.142s] Level 1:colcon.colcon_core.package_discovery:discover_packages(recursive) discover
[1.142s] INFO:colcon.colcon_core.package_discovery:Crawling recursively for packages in '/home/cricchetto/Robomaster_WS'
[1.142s] Level 1:colcon.colcon_core.package_identification:_identify(.) by extensions ['ignore', 'ignore_ament_install']
[1.143s] Level 1:colcon.colcon_core.package_identification:_identify(.) by extension 'ignore'
[1.143s] Level 1:colcon.colcon_core.package_identification:_identify(.) by extension 'ignore_ament_install'
[1.143s] Level 1:colcon.colcon_core.package_identification:_identify(.) by extensions ['colcon_pkg']
[1.143s] Level 1:colcon.colcon_core.package_identification:_identify(.) by extension 'colcon_pkg'
[1.144s] Level 1:colcon.colcon_core.package_identification:_identify(.) by extensions ['colcon_meta']
[1.144s] Level 1:colcon.colcon_core.package_identification:_identify(.) by extension 'colcon_meta'
[1.144s] Level 1:colcon.colcon_core.package_identification:_identify(.) by extensions ['ros']
[1.144s] Level 1:colcon.colcon_core.package_identification:_identify(.) by extension 'ros'
[1.193s] Level 1:colcon.colcon_core.package_identification:_identify(.) by extensions ['cmake', 'python']
[1.193s] Level 1:colcon.colcon_core.package_identification:_identify(.) by extension 'cmake'
[1.193s] Level 1:colcon.colcon_core.package_identification:_identify(.) by extension 'python'
[1.193s] Level 1:colcon.colcon_core.package_identification:_identify(.) by extensions ['python_setup_py']
[1.193s] Level 1:colcon.colcon_core.package_identification:_identify(.) by extension 'python_setup_py'
[1.194s] Level 1:colcon.colcon_core.package_identification:_identify(build) by extensions ['ignore', 'ignore_ament_install']
[1.194s] Level 1:colcon.colcon_core.package_identification:_identify(build) by extension 'ignore'
[1.194s] Level 1:colcon.colcon_core.package_identification:_identify(build) ignored
[1.195s] Level 1:colcon.colcon_core.package_identification:_identify(install) by extensions ['ignore', 'ignore_ament_install']
[1.196s] Level 1:colcon.colcon_core.package_identification:_identify(install) by extension 'ignore'
[1.196s] Level 1:colcon.colcon_core.package_identification:_identify(install) ignored
[1.197s] Level 1:colcon.colcon_core.package_identification:_identify(log) by extensions ['ignore', 'ignore_ament_install']
[1.197s] Level 1:colcon.colcon_core.package_identification:_identify(log) by extension 'ignore'
[1.197s] Level 1:colcon.colcon_core.package_identification:_identify(log) ignored
[1.198s] Level 1:colcon.colcon_core.package_identification:_identify(maps) by extensions ['ignore', 'ignore_ament_install']
[1.198s] Level 1:colcon.colcon_core.package_identification:_identify(maps) by extension 'ignore'
[1.198s] Level 1:colcon.colcon_core.package_identification:_identify(maps) by extension 'ignore_ament_install'
[1.198s] Level 1:colcon.colcon_core.package_identification:_identify(maps) by extensions ['colcon_pkg']
[1.198s] Level 1:colcon.colcon_core.package_identification:_identify(maps) by extension 'colcon_pkg'
[1.198s] Level 1:colcon.colcon_core.package_identification:_identify(maps) by extensions ['colcon_meta']
[1.199s] Level 1:colcon.colcon_core.package_identification:_identify(maps) by extension 'colcon_meta'
[1.199s] Level 1:colcon.colcon_core.package_identification:_identify(maps) by extensions ['ros']
[1.199s] Level 1:colcon.colcon_core.package_identification:_identify(maps) by extension 'ros'
[1.199s] Level 1:colcon.colcon_core.package_identification:_identify(maps) by extensions ['cmake', 'python']
[1.199s] Level 1:colcon.colcon_core.package_identification:_identify(maps) by extension 'cmake'
[1.200s] Level 1:colcon.colcon_core.package_identification:_identify(maps) by extension 'python'
[1.200s] Level 1:colcon.colcon_core.package_identification:_identify(maps) by extensions ['python_setup_py']
[1.200s] Level 1:colcon.colcon_core.package_identification:_identify(maps) by extension 'python_setup_py'
[1.200s] Level 1:colcon.colcon_core.package_identification:_identify(params) by extensions ['ignore', 'ignore_ament_install']
[1.200s] Level 1:colcon.colcon_core.package_identification:_identify(params) by extension 'ignore'
[1.201s] Level 1:colcon.colcon_core.package_identification:_identify(params) by extension 'ignore_ament_install'
[1.201s] Level 1:colcon.colcon_core.package_identification:_identify(params) by extensions ['colcon_pkg']
[1.201s] Level 1:colcon.colcon_core.package_identification:_identify(params) by extension 'colcon_pkg'
[1.201s] Level 1:colcon.colcon_core.package_identification:_identify(params) by extensions ['colcon_meta']
[1.201s] Level 1:colcon.colcon_core.package_identification:_identify(params) by extension 'colcon_meta'
[1.201s] Level 1:colcon.colcon_core.package_identification:_identify(params) by extensions ['ros']
[1.202s] Level 1:colcon.colcon_core.package_identification:_identify(params) by extension 'ros'
[1.202s] Level 1:colcon.colcon_core.package_identification:_identify(params) by extensions ['cmake', 'python']
[1.202s] Level 1:colcon.colcon_core.package_identification:_identify(params) by extension 'cmake'
[1.202s] Level 1:colcon.colcon_core.package_identification:_identify(params) by extension 'python'
[1.202s] Level 1:colcon.colcon_core.package_identification:_identify(params) by extensions ['python_setup_py']
[1.202s] Level 1:colcon.colcon_core.package_identification:_identify(params) by extension 'python_setup_py'
[1.203s] Level 1:colcon.colcon_core.package_identification:_identify(sound) by extensions ['ignore', 'ignore_ament_install']
[1.203s] Level 1:colcon.colcon_core.package_identification:_identify(sound) by extension 'ignore'
[1.203s] Level 1:colcon.colcon_core.package_identification:_identify(sound) by extension 'ignore_ament_install'
[1.203s] Level 1:colcon.colcon_core.package_identification:_identify(sound) by extensions ['colcon_pkg']
[1.204s] Level 1:colcon.colcon_core.package_identification:_identify(sound) by extension 'colcon_pkg'
[1.204s] Level 1:colcon.colcon_core.package_identification:_identify(sound) by extensions ['colcon_meta']
[1.204s] Level 1:colcon.colcon_core.package_identification:_identify(sound) by extension 'colcon_meta'
[1.204s] Level 1:colcon.colcon_core.package_identification:_identify(sound) by extensions ['ros']
[1.204s] Level 1:colcon.colcon_core.package_identification:_identify(sound) by extension 'ros'
[1.204s] Level 1:colcon.colcon_core.package_identification:_identify(sound) by extensions ['cmake', 'python']
[1.205s] Level 1:colcon.colcon_core.package_identification:_identify(sound) by extension 'cmake'
[1.205s] Level 1:colcon.colcon_core.package_identification:_identify(sound) by extension 'python'
[1.205s] Level 1:colcon.colcon_core.package_identification:_identify(sound) by extensions ['python_setup_py']
[1.205s] Level 1:colcon.colcon_core.package_identification:_identify(sound) by extension 'python_setup_py'
[1.205s] Level 1:colcon.colcon_core.package_identification:_identify(src) by extensions ['ignore', 'ignore_ament_install']
[1.206s] Level 1:colcon.colcon_core.package_identification:_identify(src) by extension 'ignore'
[1.206s] Level 1:colcon.colcon_core.package_identification:_identify(src) by extension 'ignore_ament_install'
[1.206s] Level 1:colcon.colcon_core.package_identification:_identify(src) by extensions ['colcon_pkg']
[1.206s] Level 1:colcon.colcon_core.package_identification:_identify(src) by extension 'colcon_pkg'
[1.206s] Level 1:colcon.colcon_core.package_identification:_identify(src) by extensions ['colcon_meta']
[1.206s] Level 1:colcon.colcon_core.package_identification:_identify(src) by extension 'colcon_meta'
[1.207s] Level 1:colcon.colcon_core.package_identification:_identify(src) by extensions ['ros']
[1.207s] Level 1:colcon.colcon_core.package_identification:_identify(src) by extension 'ros'
[1.207s] Level 1:colcon.colcon_core.package_identification:_identify(src) by extensions ['cmake', 'python']
[1.207s] Level 1:colcon.colcon_core.package_identification:_identify(src) by extension 'cmake'
[1.207s] Level 1:colcon.colcon_core.package_identification:_identify(src) by extension 'python'
[1.207s] Level 1:colcon.colcon_core.package_identification:_identify(src) by extensions ['python_setup_py']
[1.208s] Level 1:colcon.colcon_core.package_identification:_identify(src) by extension 'python_setup_py'
[1.208s] Level 1:colcon.colcon_core.package_identification:_identify(src/build) by extensions ['ignore', 'ignore_ament_install']
[1.208s] Level 1:colcon.colcon_core.package_identification:_identify(src/build) by extension 'ignore'
[1.209s] Level 1:colcon.colcon_core.package_identification:_identify(src/build) ignored
[1.209s] Level 1:colcon.colcon_core.package_identification:_identify(src/drift) by extensions ['ignore', 'ignore_ament_install']
[1.209s] Level 1:colcon.colcon_core.package_identification:_identify(src/drift) by extension 'ignore'
[1.209s] Level 1:colcon.colcon_core.package_identification:_identify(src/drift) by extension 'ignore_ament_install'
[1.210s] Level 1:colcon.colcon_core.package_identification:_identify(src/drift) by extensions ['colcon_pkg']
[1.210s] Level 1:colcon.colcon_core.package_identification:_identify(src/drift) by extension 'colcon_pkg'
[1.210s] Level 1:colcon.colcon_core.package_identification:_identify(src/drift) by extensions ['colcon_meta']
[1.210s] Level 1:colcon.colcon_core.package_identification:_identify(src/drift) by extension 'colcon_meta'
[1.210s] Level 1:colcon.colcon_core.package_identification:_identify(src/drift) by extensions ['ros']
[1.210s] Level 1:colcon.colcon_core.package_identification:_identify(src/drift) by extension 'ros'
[1.219s] DEBUG:colcon.colcon_core.package_identification:Package 'src/drift' with type 'ros.ament_python' and name 'drift'
[1.220s] Level 1:colcon.colcon_core.package_identification:_identify(src/ep_control) by extensions ['ignore', 'ignore_ament_install']
[1.220s] Level 1:colcon.colcon_core.package_identification:_identify(src/ep_control) by extension 'ignore'
[1.221s] Level 1:colcon.colcon_core.package_identification:_identify(src/ep_control) by extension 'ignore_ament_install'
[1.221s] Level 1:colcon.colcon_core.package_identification:_identify(src/ep_control) by extensions ['colcon_pkg']
[1.221s] Level 1:colcon.colcon_core.package_identification:_identify(src/ep_control) by extension 'colcon_pkg'
[1.221s] Level 1:colcon.colcon_core.package_identification:_identify(src/ep_control) by extensions ['colcon_meta']
[1.221s] Level 1:colcon.colcon_core.package_identification:_identify(src/ep_control) by extension 'colcon_meta'
[1.221s] Level 1:colcon.colcon_core.package_identification:_identify(src/ep_control) by extensions ['ros']
[1.222s] Level 1:colcon.colcon_core.package_identification:_identify(src/ep_control) by extension 'ros'
[1.224s] DEBUG:colcon.colcon_core.package_identification:Package 'src/ep_control' with type 'ros.ament_python' and name 'ep_control'
[1.225s] Level 1:colcon.colcon_core.package_identification:_identify(src/install) by extensions ['ignore', 'ignore_ament_install']
[1.225s] Level 1:colcon.colcon_core.package_identification:_identify(src/install) by extension 'ignore'
[1.225s] Level 1:colcon.colcon_core.package_identification:_identify(src/install) ignored
[1.226s] Level 1:colcon.colcon_core.package_identification:_identify(src/log) by extensions ['ignore', 'ignore_ament_install']
[1.226s] Level 1:colcon.colcon_core.package_identification:_identify(src/log) by extension 'ignore'
[1.226s] Level 1:colcon.colcon_core.package_identification:_identify(src/log) ignored
[1.227s] Level 1:colcon.colcon_core.package_identification:_identify(src/m-explore-ros2) by extensions ['ignore', 'ignore_ament_install']
[1.227s] Level 1:colcon.colcon_core.package_identification:_identify(src/m-explore-ros2) by extension 'ignore'
[1.227s] Level 1:colcon.colcon_core.package_identification:_identify(src/m-explore-ros2) by extension 'ignore_ament_install'
[1.227s] Level 1:colcon.colcon_core.package_identification:_identify(src/m-explore-ros2) by extensions ['colcon_pkg']
[1.228s] Level 1:colcon.colcon_core.package_identification:_identify(src/m-explore-ros2) by extension 'colcon_pkg'
[1.228s] Level 1:colcon.colcon_core.package_identification:_identify(src/m-explore-ros2) by extensions ['colcon_meta']
[1.228s] Level 1:colcon.colcon_core.package_identification:_identify(src/m-explore-ros2) by extension 'colcon_meta'
[1.228s] Level 1:colcon.colcon_core.package_identification:_identify(src/m-explore-ros2) by extensions ['ros']
[1.228s] Level 1:colcon.colcon_core.package_identification:_identify(src/m-explore-ros2) by extension 'ros'
[1.228s] Level 1:colcon.colcon_core.package_identification:_identify(src/m-explore-ros2) by extensions ['cmake', 'python']
[1.229s] Level 1:colcon.colcon_core.package_identification:_identify(src/m-explore-ros2) by extension 'cmake'
[1.229s] Level 1:colcon.colcon_core.package_identification:_identify(src/m-explore-ros2) by extension 'python'
[1.229s] Level 1:colcon.colcon_core.package_identification:_identify(src/m-explore-ros2) by extensions ['python_setup_py']
[1.229s] Level 1:colcon.colcon_core.package_identification:_identify(src/m-explore-ros2) by extension 'python_setup_py'
[1.230s] Level 1:colcon.colcon_core.package_identification:_identify(src/m-explore-ros2/explore) by extensions ['ignore', 'ignore_ament_install']
[1.230s] Level 1:colcon.colcon_core.package_identification:_identify(src/m-explore-ros2/explore) by extension 'ignore'
[1.230s] Level 1:colcon.colcon_core.package_identification:_identify(src/m-explore-ros2/explore) by extension 'ignore_ament_install'
[1.230s] Level 1:colcon.colcon_core.package_identification:_identify(src/m-explore-ros2/explore) by extensions ['colcon_pkg']
[1.230s] Level 1:colcon.colcon_core.package_identification:_identify(src/m-explore-ros2/explore) by extension 'colcon_pkg'
[1.230s] Level 1:colcon.colcon_core.package_identification:_identify(src/m-explore-ros2/explore) by extensions ['colcon_meta']
[1.231s] Level 1:colcon.colcon_core.package_identification:_identify(src/m-explore-ros2/explore) by extension 'colcon_meta'
[1.231s] Level 1:colcon.colcon_core.package_identification:_identify(src/m-explore-ros2/explore) by extensions ['ros']
[1.231s] Level 1:colcon.colcon_core.package_identification:_identify(src/m-explore-ros2/explore) by extension 'ros'
[1.237s] DEBUG:colcon.colcon_core.package_identification:Package 'src/m-explore-ros2/explore' with type 'ros.ament_cmake' and name 'explore_lite'
[1.237s] Level 1:colcon.colcon_core.package_identification:_identify(src/m-explore-ros2/map_merge) by extensions ['ignore', 'ignore_ament_install']
[1.238s] Level 1:colcon.colcon_core.package_identification:_identify(src/m-explore-ros2/map_merge) by extension 'ignore'
[1.238s] Level 1:colcon.colcon_core.package_identification:_identify(src/m-explore-ros2/map_merge) by extension 'ignore_ament_install'
[1.238s] Level 1:colcon.colcon_core.package_identification:_identify(src/m-explore-ros2/map_merge) by extensions ['colcon_pkg']
[1.238s] Level 1:colcon.colcon_core.package_identification:_identify(src/m-explore-ros2/map_merge) by extension 'colcon_pkg'
[1.238s] Level 1:colcon.colcon_core.package_identification:_identify(src/m-explore-ros2/map_merge) by extensions ['colcon_meta']
[1.238s] Level 1:colcon.colcon_core.package_identification:_identify(src/m-explore-ros2/map_merge) by extension 'colcon_meta'
[1.239s] Level 1:colcon.colcon_core.package_identification:_identify(src/m-explore-ros2/map_merge) by extensions ['ros']
[1.239s] Level 1:colcon.colcon_core.package_identification:_identify(src/m-explore-ros2/map_merge) by extension 'ros'
[1.243s] DEBUG:colcon.colcon_core.package_identification:Package 'src/m-explore-ros2/map_merge' with type 'ros.ament_cmake' and name 'multirobot_map_merge'
[1.244s] Level 1:colcon.colcon_core.package_identification:_identify(src/robomaster_ros) by extensions ['ignore', 'ignore_ament_install']
[1.244s] Level 1:colcon.colcon_core.package_identification:_identify(src/robomaster_ros) by extension 'ignore'
[1.244s] Level 1:colcon.colcon_core.package_identification:_identify(src/robomaster_ros) by extension 'ignore_ament_install'
[1.244s] Level 1:colcon.colcon_core.package_identification:_identify(src/robomaster_ros) by extensions ['colcon_pkg']
[1.244s] Level 1:colcon.colcon_core.package_identification:_identify(src/robomaster_ros) by extension 'colcon_pkg'
[1.245s] Level 1:colcon.colcon_core.package_identification:_identify(src/robomaster_ros) by extensions ['colcon_meta']
[1.245s] Level 1:colcon.colcon_core.package_identification:_identify(src/robomaster_ros) by extension 'colcon_meta'
[1.245s] Level 1:colcon.colcon_core.package_identification:_identify(src/robomaster_ros) by extensions ['ros']
[1.245s] Level 1:colcon.colcon_core.package_identification:_identify(src/robomaster_ros) by extension 'ros'
[1.245s] Level 1:colcon.colcon_core.package_identification:_identify(src/robomaster_ros) by extensions ['cmake', 'python']
[1.245s] Level 1:colcon.colcon_core.package_identification:_identify(src/robomaster_ros) by extension 'cmake'
[1.246s] Level 1:colcon.colcon_core.package_identification:_identify(src/robomaster_ros) by extension 'python'
[1.246s] Level 1:colcon.colcon_core.package_identification:_identify(src/robomaster_ros) by extensions ['python_setup_py']
[1.246s] Level 1:colcon.colcon_core.package_identification:_identify(src/robomaster_ros) by extension 'python_setup_py'
[1.246s] Level 1:colcon.colcon_core.package_identification:_identify(src/robomaster_ros/docker) by extensions ['ignore', 'ignore_ament_install']
[1.247s] Level 1:colcon.colcon_core.package_identification:_identify(src/robomaster_ros/docker) by extension 'ignore'
[1.247s] Level 1:colcon.colcon_core.package_identification:_identify(src/robomaster_ros/docker) by extension 'ignore_ament_install'
[1.247s] Level 1:colcon.colcon_core.package_identification:_identify(src/robomaster_ros/docker) by extensions ['colcon_pkg']
[1.247s] Level 1:colcon.colcon_core.package_identification:_identify(src/robomaster_ros/docker) by extension 'colcon_pkg'
[1.247s] Level 1:colcon.colcon_core.package_identification:_identify(src/robomaster_ros/docker) by extensions ['colcon_meta']
[1.248s] Level 1:colcon.colcon_core.package_identification:_identify(src/robomaster_ros/docker) by extension 'colcon_meta'
[1.248s] Level 1:colcon.colcon_core.package_identification:_identify(src/robomaster_ros/docker) by extensions ['ros']
[1.248s] Level 1:colcon.colcon_core.package_identification:_identify(src/robomaster_ros/docker) by extension 'ros'
[1.248s] Level 1:colcon.colcon_core.package_identification:_identify(src/robomaster_ros/docker) by extensions ['cmake', 'python']
[1.248s] Level 1:colcon.colcon_core.package_identification:_identify(src/robomaster_ros/docker) by extension 'cmake'
[1.249s] Level 1:colcon.colcon_core.package_identification:_identify(src/robomaster_ros/docker) by extension 'python'
[1.249s] Level 1:colcon.colcon_core.package_identification:_identify(src/robomaster_ros/docker) by extensions ['python_setup_py']
[1.249s] Level 1:colcon.colcon_core.package_identification:_identify(src/robomaster_ros/docker) by extension 'python_setup_py'
[1.249s] Level 1:colcon.colcon_core.package_identification:_identify(src/robomaster_ros/docker/foxy) by extensions ['ignore', 'ignore_ament_install']
[1.250s] Level 1:colcon.colcon_core.package_identification:_identify(src/robomaster_ros/docker/foxy) by extension 'ignore'
[1.250s] Level 1:colcon.colcon_core.package_identification:_identify(src/robomaster_ros/docker/foxy) by extension 'ignore_ament_install'
[1.250s] Level 1:colcon.colcon_core.package_identification:_identify(src/robomaster_ros/docker/foxy) by extensions ['colcon_pkg']
[1.250s] Level 1:colcon.colcon_core.package_identification:_identify(src/robomaster_ros/docker/foxy) by extension 'colcon_pkg'
[1.250s] Level 1:colcon.colcon_core.package_identification:_identify(src/robomaster_ros/docker/foxy) by extensions ['colcon_meta']
[1.250s] Level 1:colcon.colcon_core.package_identification:_identify(src/robomaster_ros/docker/foxy) by extension 'colcon_meta'
[1.251s] Level 1:colcon.colcon_core.package_identification:_identify(src/robomaster_ros/docker/foxy) by extensions ['ros']
[1.251s] Level 1:colcon.colcon_core.package_identification:_identify(src/robomaster_ros/docker/foxy) by extension 'ros'
[1.251s] Level 1:colcon.colcon_core.package_identification:_identify(src/robomaster_ros/docker/foxy) by extensions ['cmake', 'python']
[1.251s] Level 1:colcon.colcon_core.package_identification:_identify(src/robomaster_ros/docker/foxy) by extension 'cmake'
[1.251s] Level 1:colcon.colcon_core.package_identification:_identify(src/robomaster_ros/docker/foxy) by extension 'python'
[1.252s] Level 1:colcon.colcon_core.package_identification:_identify(src/robomaster_ros/docker/foxy) by extensions ['python_setup_py']
[1.252s] Level 1:colcon.colcon_core.package_identification:_identify(src/robomaster_ros/docker/foxy) by extension 'python_setup_py'
[1.252s] Level 1:colcon.colcon_core.package_identification:_identify(src/robomaster_ros/docker/foxy/ep) by extensions ['ignore', 'ignore_ament_install']
[1.252s] Level 1:colcon.colcon_core.package_identification:_identify(src/robomaster_ros/docker/foxy/ep) by extension 'ignore'
[1.253s] Level 1:colcon.colcon_core.package_identification:_identify(src/robomaster_ros/docker/foxy/ep) by extension 'ignore_ament_install'
[1.253s] Level 1:colcon.colcon_core.package_identification:_identify(src/robomaster_ros/docker/foxy/ep) by extensions ['colcon_pkg']
[1.253s] Level 1:colcon.colcon_core.package_identification:_identify(src/robomaster_ros/docker/foxy/ep) by extension 'colcon_pkg'
[1.253s] Level 1:colcon.colcon_core.package_identification:_identify(src/robomaster_ros/docker/foxy/ep) by extensions ['colcon_meta']
[1.253s] Level 1:colcon.colcon_core.package_identification:_identify(src/robomaster_ros/docker/foxy/ep) by extension 'colcon_meta'
[1.253s] Level 1:colcon.colcon_core.package_identification:_identify(src/robomaster_ros/docker/foxy/ep) by extensions ['ros']
[1.254s] Level 1:colcon.colcon_core.package_identification:_identify(src/robomaster_ros/docker/foxy/ep) by extension 'ros'
[1.254s] Level 1:colcon.colcon_core.package_identification:_identify(src/robomaster_ros/docker/foxy/ep) by extensions ['cmake', 'python']
[1.254s] Level 1:colcon.colcon_core.package_identification:_identify(src/robomaster_ros/docker/foxy/ep) by extension 'cmake'
[1.254s] Level 1:colcon.colcon_core.package_identification:_identify(src/robomaster_ros/docker/foxy/ep) by extension 'python'
[1.254s] Level 1:colcon.colcon_core.package_identification:_identify(src/robomaster_ros/docker/foxy/ep) by extensions ['python_setup_py']
[1.254s] Level 1:colcon.colcon_core.package_identification:_identify(src/robomaster_ros/docker/foxy/ep) by extension 'python_setup_py'
[1.255s] Level 1:colcon.colcon_core.package_identification:_identify(src/robomaster_ros/docker/foxy/s1) by extensions ['ignore', 'ignore_ament_install']
[1.255s] Level 1:colcon.colcon_core.package_identification:_identify(src/robomaster_ros/docker/foxy/s1) by extension 'ignore'
[1.255s] Level 1:colcon.colcon_core.package_identification:_identify(src/robomaster_ros/docker/foxy/s1) by extension 'ignore_ament_install'
[1.256s] Level 1:colcon.colcon_core.package_identification:_identify(src/robomaster_ros/docker/foxy/s1) by extensions ['colcon_pkg']
[1.256s] Level 1:colcon.colcon_core.package_identification:_identify(src/robomaster_ros/docker/foxy/s1) by extension 'colcon_pkg'
[1.256s] Level 1:colcon.colcon_core.package_identification:_identify(src/robomaster_ros/docker/foxy/s1) by extensions ['colcon_meta']
[1.256s] Level 1:colcon.colcon_core.package_identification:_identify(src/robomaster_ros/docker/foxy/s1) by extension 'colcon_meta'
[1.256s] Level 1:colcon.colcon_core.package_identification:_identify(src/robomaster_ros/docker/foxy/s1) by extensions ['ros']
[1.256s] Level 1:colcon.colcon_core.package_identification:_identify(src/robomaster_ros/docker/foxy/s1) by extension 'ros'
[1.257s] Level 1:colcon.colcon_core.package_identification:_identify(src/robomaster_ros/docker/foxy/s1) by extensions ['cmake', 'python']
[1.257s] Level 1:colcon.colcon_core.package_identification:_identify(src/robomaster_ros/docker/foxy/s1) by extension 'cmake'
[1.257s] Level 1:colcon.colcon_core.package_identification:_identify(src/robomaster_ros/docker/foxy/s1) by extension 'python'
[1.257s] Level 1:colcon.colcon_core.package_identification:_identify(src/robomaster_ros/docker/foxy/s1) by extensions ['python_setup_py']
[1.257s] Level 1:colcon.colcon_core.package_identification:_identify(src/robomaster_ros/docker/foxy/s1) by extension 'python_setup_py'
[1.258s] Level 1:colcon.colcon_core.package_identification:_identify(src/robomaster_ros/docker/galactic) by extensions ['ignore', 'ignore_ament_install']
[1.258s] Level 1:colcon.colcon_core.package_identification:_identify(src/robomaster_ros/docker/galactic) by extension 'ignore'
[1.258s] Level 1:colcon.colcon_core.package_identification:_identify(src/robomaster_ros/docker/galactic) by extension 'ignore_ament_install'
[1.258s] Level 1:colcon.colcon_core.package_identification:_identify(src/robomaster_ros/docker/galactic) by extensions ['colcon_pkg']
[1.258s] Level 1:colcon.colcon_core.package_identification:_identify(src/robomaster_ros/docker/galactic) by extension 'colcon_pkg'
[1.259s] Level 1:colcon.colcon_core.package_identification:_identify(src/robomaster_ros/docker/galactic) by extensions ['colcon_meta']
[1.259s] Level 1:colcon.colcon_core.package_identification:_identify(src/robomaster_ros/docker/galactic) by extension 'colcon_meta'
[1.259s] Level 1:colcon.colcon_core.package_identification:_identify(src/robomaster_ros/docker/galactic) by extensions ['ros']
[1.259s] Level 1:colcon.colcon_core.package_identification:_identify(src/robomaster_ros/docker/galactic) by extension 'ros'
[1.260s] Level 1:colcon.colcon_core.package_identification:_identify(src/robomaster_ros/docker/galactic) by extensions ['cmake', 'python']
[1.260s] Level 1:colcon.colcon_core.package_identification:_identify(src/robomaster_ros/docker/galactic) by extension 'cmake'
[1.260s] Level 1:colcon.colcon_core.package_identification:_identify(src/robomaster_ros/docker/galactic) by extension 'python'
[1.260s] Level 1:colcon.colcon_core.package_identification:_identify(src/robomaster_ros/docker/galactic) by extensions ['python_setup_py']
[1.260s] Level 1:colcon.colcon_core.package_identification:_identify(src/robomaster_ros/docker/galactic) by extension 'python_setup_py'
[1.261s] Level 1:colcon.colcon_core.package_identification:_identify(src/robomaster_ros/docker/galactic/ep) by extensions ['ignore', 'ignore_ament_install']
[1.261s] Level 1:colcon.colcon_core.package_identification:_identify(src/robomaster_ros/docker/galactic/ep) by extension 'ignore'
[1.261s] Level 1:colcon.colcon_core.package_identification:_identify(src/robomaster_ros/docker/galactic/ep) by extension 'ignore_ament_install'
[1.261s] Level 1:colcon.colcon_core.package_identification:_identify(src/robomaster_ros/docker/galactic/ep) by extensions ['colcon_pkg']
[1.261s] Level 1:colcon.colcon_core.package_identification:_identify(src/robomaster_ros/docker/galactic/ep) by extension 'colcon_pkg'
[1.262s] Level 1:colcon.colcon_core.package_identification:_identify(src/robomaster_ros/docker/galactic/ep) by extensions ['colcon_meta']
[1.262s] Level 1:colcon.colcon_core.package_identification:_identify(src/robomaster_ros/docker/galactic/ep) by extension 'colcon_meta'
[1.262s] Level 1:colcon.colcon_core.package_identification:_identify(src/robomaster_ros/docker/galactic/ep) by extensions ['ros']
[1.262s] Level 1:colcon.colcon_core.package_identification:_identify(src/robomaster_ros/docker/galactic/ep) by extension 'ros'
[1.262s] Level 1:colcon.colcon_core.package_identification:_identify(src/robomaster_ros/docker/galactic/ep) by extensions ['cmake', 'python']
[1.262s] Level 1:colcon.colcon_core.package_identification:_identify(src/robomaster_ros/docker/galactic/ep) by extension 'cmake'
[1.263s] Level 1:colcon.colcon_core.package_identification:_identify(src/robomaster_ros/docker/galactic/ep) by extension 'python'
[1.263s] Level 1:colcon.colcon_core.package_identification:_identify(src/robomaster_ros/docker/galactic/ep) by extensions ['python_setup_py']
[1.263s] Level 1:colcon.colcon_core.package_identification:_identify(src/robomaster_ros/docker/galactic/ep) by extension 'python_setup_py'
[1.263s] Level 1:colcon.colcon_core.package_identification:_identify(src/robomaster_ros/docker/galactic/s1) by extensions ['ignore', 'ignore_ament_install']
[1.264s] Level 1:colcon.colcon_core.package_identification:_identify(src/robomaster_ros/docker/galactic/s1) by extension 'ignore'
[1.264s] Level 1:colcon.colcon_core.package_identification:_identify(src/robomaster_ros/docker/galactic/s1) by extension 'ignore_ament_install'
[1.264s] Level 1:colcon.colcon_core.package_identification:_identify(src/robomaster_ros/docker/galactic/s1) by extensions ['colcon_pkg']
[1.264s] Level 1:colcon.colcon_core.package_identification:_identify(src/robomaster_ros/docker/galactic/s1) by extension 'colcon_pkg'
[1.264s] Level 1:colcon.colcon_core.package_identification:_identify(src/robomaster_ros/docker/galactic/s1) by extensions ['colcon_meta']
[1.264s] Level 1:colcon.colcon_core.package_identification:_identify(src/robomaster_ros/docker/galactic/s1) by extension 'colcon_meta'
[1.265s] Level 1:colcon.colcon_core.package_identification:_identify(src/robomaster_ros/docker/galactic/s1) by extensions ['ros']
[1.265s] Level 1:colcon.colcon_core.package_identification:_identify(src/robomaster_ros/docker/galactic/s1) by extension 'ros'
[1.265s] Level 1:colcon.colcon_core.package_identification:_identify(src/robomaster_ros/docker/galactic/s1) by extensions ['cmake', 'python']
[1.265s] Level 1:colcon.colcon_core.package_identification:_identify(src/robomaster_ros/docker/galactic/s1) by extension 'cmake'
[1.265s] Level 1:colcon.colcon_core.package_identification:_identify(src/robomaster_ros/docker/galactic/s1) by extension 'python'
[1.266s] Level 1:colcon.colcon_core.package_identification:_identify(src/robomaster_ros/docker/galactic/s1) by extensions ['python_setup_py']
[1.266s] Level 1:colcon.colcon_core.package_identification:_identify(src/robomaster_ros/docker/galactic/s1) by extension 'python_setup_py'
[1.266s] Level 1:colcon.colcon_core.package_identification:_identify(src/robomaster_ros/docker/humble) by extensions ['ignore', 'ignore_ament_install']
[1.266s] Level 1:colcon.colcon_core.package_identification:_identify(src/robomaster_ros/docker/humble) by extension 'ignore'
[1.267s] Level 1:colcon.colcon_core.package_identification:_identify(src/robomaster_ros/docker/humble) by extension 'ignore_ament_install'
[1.267s] Level 1:colcon.colcon_core.package_identification:_identify(src/robomaster_ros/docker/humble) by extensions ['colcon_pkg']
[1.267s] Level 1:colcon.colcon_core.package_identification:_identify(src/robomaster_ros/docker/humble) by extension 'colcon_pkg'
[1.267s] Level 1:colcon.colcon_core.package_identification:_identify(src/robomaster_ros/docker/humble) by extensions ['colcon_meta']
[1.267s] Level 1:colcon.colcon_core.package_identification:_identify(src/robomaster_ros/docker/humble) by extension 'colcon_meta'
[1.267s] Level 1:colcon.colcon_core.package_identification:_identify(src/robomaster_ros/docker/humble) by extensions ['ros']
[1.268s] Level 1:colcon.colcon_core.package_identification:_identify(src/robomaster_ros/docker/humble) by extension 'ros'
[1.268s] Level 1:colcon.colcon_core.package_identification:_identify(src/robomaster_ros/docker/humble) by extensions ['cmake', 'python']
[1.268s] Level 1:colcon.colcon_core.package_identification:_identify(src/robomaster_ros/docker/humble) by extension 'cmake'
[1.268s] Level 1:colcon.colcon_core.package_identification:_identify(src/robomaster_ros/docker/humble) by extension 'python'
[1.268s] Level 1:colcon.colcon_core.package_identification:_identify(src/robomaster_ros/docker/humble) by extensions ['python_setup_py']
[1.268s] Level 1:colcon.colcon_core.package_identification:_identify(src/robomaster_ros/docker/humble) by extension 'python_setup_py'
[1.269s] Level 1:colcon.colcon_core.package_identification:_identify(src/robomaster_ros/docker/humble/ep) by extensions ['ignore', 'ignore_ament_install']
[1.269s] Level 1:colcon.colcon_core.package_identification:_identify(src/robomaster_ros/docker/humble/ep) by extension 'ignore'
[1.269s] Level 1:colcon.colcon_core.package_identification:_identify(src/robomaster_ros/docker/humble/ep) by extension 'ignore_ament_install'
[1.270s] Level 1:colcon.colcon_core.package_identification:_identify(src/robomaster_ros/docker/humble/ep) by extensions ['colcon_pkg']
[1.270s] Level 1:colcon.colcon_core.package_identification:_identify(src/robomaster_ros/docker/humble/ep) by extension 'colcon_pkg'
[1.270s] Level 1:colcon.colcon_core.package_identification:_identify(src/robomaster_ros/docker/humble/ep) by extensions ['colcon_meta']
[1.270s] Level 1:colcon.colcon_core.package_identification:_identify(src/robomaster_ros/docker/humble/ep) by extension 'colcon_meta'
[1.270s] Level 1:colcon.colcon_core.package_identification:_identify(src/robomaster_ros/docker/humble/ep) by extensions ['ros']
[1.270s] Level 1:colcon.colcon_core.package_identification:_identify(src/robomaster_ros/docker/humble/ep) by extension 'ros'
[1.271s] Level 1:colcon.colcon_core.package_identification:_identify(src/robomaster_ros/docker/humble/ep) by extensions ['cmake', 'python']
[1.271s] Level 1:colcon.colcon_core.package_identification:_identify(src/robomaster_ros/docker/humble/ep) by extension 'cmake'
[1.271s] Level 1:colcon.colcon_core.package_identification:_identify(src/robomaster_ros/docker/humble/ep) by extension 'python'
[1.271s] Level 1:colcon.colcon_core.package_identification:_identify(src/robomaster_ros/docker/humble/ep) by extensions ['python_setup_py']
[1.271s] Level 1:colcon.colcon_core.package_identification:_identify(src/robomaster_ros/docker/humble/ep) by extension 'python_setup_py'
[1.272s] Level 1:colcon.colcon_core.package_identification:_identify(src/robomaster_ros/docker/humble/s1) by extensions ['ignore', 'ignore_ament_install']
[1.272s] Level 1:colcon.colcon_core.package_identification:_identify(src/robomaster_ros/docker/humble/s1) by extension 'ignore'
[1.272s] Level 1:colcon.colcon_core.package_identification:_identify(src/robomaster_ros/docker/humble/s1) by extension 'ignore_ament_install'
[1.272s] Level 1:colcon.colcon_core.package_identification:_identify(src/robomaster_ros/docker/humble/s1) by extensions ['colcon_pkg']
[1.273s] Level 1:colcon.colcon_core.package_identification:_identify(src/robomaster_ros/docker/humble/s1) by extension 'colcon_pkg'
[1.273s] Level 1:colcon.colcon_core.package_identification:_identify(src/robomaster_ros/docker/humble/s1) by extensions ['colcon_meta']
[1.273s] Level 1:colcon.colcon_core.package_identification:_identify(src/robomaster_ros/docker/humble/s1) by extension 'colcon_meta'
[1.273s] Level 1:colcon.colcon_core.package_identification:_identify(src/robomaster_ros/docker/humble/s1) by extensions ['ros']
[1.273s] Level 1:colcon.colcon_core.package_identification:_identify(src/robomaster_ros/docker/humble/s1) by extension 'ros'
[1.274s] Level 1:colcon.colcon_core.package_identification:_identify(src/robomaster_ros/docker/humble/s1) by extensions ['cmake', 'python']
[1.274s] Level 1:colcon.colcon_core.package_identification:_identify(src/robomaster_ros/docker/humble/s1) by extension 'cmake'
[1.274s] Level 1:colcon.colcon_core.package_identification:_identify(src/robomaster_ros/docker/humble/s1) by extension 'python'
[1.274s] Level 1:colcon.colcon_core.package_identification:_identify(src/robomaster_ros/docker/humble/s1) by extensions ['python_setup_py']
[1.274s] Level 1:colcon.colcon_core.package_identification:_identify(src/robomaster_ros/docker/humble/s1) by extension 'python_setup_py'
[1.275s] Level 1:colcon.colcon_core.package_identification:_identify(src/robomaster_ros/docker/iron) by extensions ['ignore', 'ignore_ament_install']
[1.275s] Level 1:colcon.colcon_core.package_identification:_identify(src/robomaster_ros/docker/iron) by extension 'ignore'
[1.275s] Level 1:colcon.colcon_core.package_identification:_identify(src/robomaster_ros/docker/iron) by extension 'ignore_ament_install'
[1.275s] Level 1:colcon.colcon_core.package_identification:_identify(src/robomaster_ros/docker/iron) by extensions ['colcon_pkg']
[1.275s] Level 1:colcon.colcon_core.package_identification:_identify(src/robomaster_ros/docker/iron) by extension 'colcon_pkg'
[1.276s] Level 1:colcon.colcon_core.package_identification:_identify(src/robomaster_ros/docker/iron) by extensions ['colcon_meta']
[1.276s] Level 1:colcon.colcon_core.package_identification:_identify(src/robomaster_ros/docker/iron) by extension 'colcon_meta'
[1.276s] Level 1:colcon.colcon_core.package_identification:_identify(src/robomaster_ros/docker/iron) by extensions ['ros']
[1.276s] Level 1:colcon.colcon_core.package_identification:_identify(src/robomaster_ros/docker/iron) by extension 'ros'
[1.276s] Level 1:colcon.colcon_core.package_identification:_identify(src/robomaster_ros/docker/iron) by extensions ['cmake', 'python']
[1.276s] Level 1:colcon.colcon_core.package_identification:_identify(src/robomaster_ros/docker/iron) by extension 'cmake'
[1.277s] Level 1:colcon.colcon_core.package_identification:_identify(src/robomaster_ros/docker/iron) by extension 'python'
[1.277s] Level 1:colcon.colcon_core.package_identification:_identify(src/robomaster_ros/docker/iron) by extensions ['python_setup_py']
[1.277s] Level 1:colcon.colcon_core.package_identification:_identify(src/robomaster_ros/docker/iron) by extension 'python_setup_py'
[1.277s] Level 1:colcon.colcon_core.package_identification:_identify(src/robomaster_ros/docker/iron/ep) by extensions ['ignore', 'ignore_ament_install']
[1.278s] Level 1:colcon.colcon_core.package_identification:_identify(src/robomaster_ros/docker/iron/ep) by extension 'ignore'
[1.278s] Level 1:colcon.colcon_core.package_identification:_identify(src/robomaster_ros/docker/iron/ep) by extension 'ignore_ament_install'
[1.278s] Level 1:colcon.colcon_core.package_identification:_identify(src/robomaster_ros/docker/iron/ep) by extensions ['colcon_pkg']
[1.278s] Level 1:colcon.colcon_core.package_identification:_identify(src/robomaster_ros/docker/iron/ep) by extension 'colcon_pkg'
[1.278s] Level 1:colcon.colcon_core.package_identification:_identify(src/robomaster_ros/docker/iron/ep) by extensions ['colcon_meta']
[1.278s] Level 1:colcon.colcon_core.package_identification:_identify(src/robomaster_ros/docker/iron/ep) by extension 'colcon_meta'
[1.279s] Level 1:colcon.colcon_core.package_identification:_identify(src/robomaster_ros/docker/iron/ep) by extensions ['ros']
[1.279s] Level 1:colcon.colcon_core.package_identification:_identify(src/robomaster_ros/docker/iron/ep) by extension 'ros'
[1.279s] Level 1:colcon.colcon_core.package_identification:_identify(src/robomaster_ros/docker/iron/ep) by extensions ['cmake', 'python']
[1.279s] Level 1:colcon.colcon_core.package_identification:_identify(src/robomaster_ros/docker/iron/ep) by extension 'cmake'
[1.279s] Level 1:colcon.colcon_core.package_identification:_identify(src/robomaster_ros/docker/iron/ep) by extension 'python'
[1.280s] Level 1:colcon.colcon_core.package_identification:_identify(src/robomaster_ros/docker/iron/ep) by extensions ['python_setup_py']
[1.280s] Level 1:colcon.colcon_core.package_identification:_identify(src/robomaster_ros/docker/iron/ep) by extension 'python_setup_py'
[1.280s] Level 1:colcon.colcon_core.package_identification:_identify(src/robomaster_ros/docker/iron/s1) by extensions ['ignore', 'ignore_ament_install']
[1.280s] Level 1:colcon.colcon_core.package_identification:_identify(src/robomaster_ros/docker/iron/s1) by extension 'ignore'
[1.281s] Level 1:colcon.colcon_core.package_identification:_identify(src/robomaster_ros/docker/iron/s1) by extension 'ignore_ament_install'
[1.281s] Level 1:colcon.colcon_core.package_identification:_identify(src/robomaster_ros/docker/iron/s1) by extensions ['colcon_pkg']
[1.281s] Level 1:colcon.colcon_core.package_identification:_identify(src/robomaster_ros/docker/iron/s1) by extension 'colcon_pkg'
[1.281s] Level 1:colcon.colcon_core.package_identification:_identify(src/robomaster_ros/docker/iron/s1) by extensions ['colcon_meta']
[1.281s] Level 1:colcon.colcon_core.package_identification:_identify(src/robomaster_ros/docker/iron/s1) by extension 'colcon_meta'
[1.281s] Level 1:colcon.colcon_core.package_identification:_identify(src/robomaster_ros/docker/iron/s1) by extensions ['ros']
[1.282s] Level 1:colcon.colcon_core.package_identification:_identify(src/robomaster_ros/docker/iron/s1) by extension 'ros'
[1.282s] Level 1:colcon.colcon_core.package_identification:_identify(src/robomaster_ros/docker/iron/s1) by extensions ['cmake', 'python']
[1.282s] Level 1:colcon.colcon_core.package_identification:_identify(src/robomaster_ros/docker/iron/s1) by extension 'cmake'
[1.282s] Level 1:colcon.colcon_core.package_identification:_identify(src/robomaster_ros/docker/iron/s1) by extension 'python'
[1.282s] Level 1:colcon.colcon_core.package_identification:_identify(src/robomaster_ros/docker/iron/s1) by extensions ['python_setup_py']
[1.282s] Level 1:colcon.colcon_core.package_identification:_identify(src/robomaster_ros/docker/iron/s1) by extension 'python_setup_py'
[1.283s] Level 1:colcon.colcon_core.package_identification:_identify(src/robomaster_ros/docs) by extensions ['ignore', 'ignore_ament_install']
[1.283s] Level 1:colcon.colcon_core.package_identification:_identify(src/robomaster_ros/docs) by extension 'ignore'
[1.284s] Level 1:colcon.colcon_core.package_identification:_identify(src/robomaster_ros/docs) by extension 'ignore_ament_install'
[1.284s] Level 1:colcon.colcon_core.package_identification:_identify(src/robomaster_ros/docs) by extensions ['colcon_pkg']
[1.284s] Level 1:colcon.colcon_core.package_identification:_identify(src/robomaster_ros/docs) by extension 'colcon_pkg'
[1.284s] Level 1:colcon.colcon_core.package_identification:_identify(src/robomaster_ros/docs) by extensions ['colcon_meta']
[1.284s] Level 1:colcon.colcon_core.package_identification:_identify(src/robomaster_ros/docs) by extension 'colcon_meta'
[1.284s] Level 1:colcon.colcon_core.package_identification:_identify(src/robomaster_ros/docs) by extensions ['ros']
[1.285s] Level 1:colcon.colcon_core.package_identification:_identify(src/robomaster_ros/docs) by extension 'ros'
[1.285s] Level 1:colcon.colcon_core.package_identification:_identify(src/robomaster_ros/docs) by extensions ['cmake', 'python']
[1.285s] Level 1:colcon.colcon_core.package_identification:_identify(src/robomaster_ros/docs) by extension 'cmake'
[1.285s] Level 1:colcon.colcon_core.package_identification:_identify(src/robomaster_ros/docs) by extension 'python'
[1.285s] Level 1:colcon.colcon_core.package_identification:_identify(src/robomaster_ros/docs) by extensions ['python_setup_py']
[1.285s] Level 1:colcon.colcon_core.package_identification:_identify(src/robomaster_ros/docs) by extension 'python_setup_py'
[1.286s] Level 1:colcon.colcon_core.package_identification:_identify(src/robomaster_ros/docs/robomaster_ros_modules) by extensions ['ignore', 'ignore_ament_install']
[1.286s] Level 1:colcon.colcon_core.package_identification:_identify(src/robomaster_ros/docs/robomaster_ros_modules) by extension 'ignore'
[1.287s] Level 1:colcon.colcon_core.package_identification:_identify(src/robomaster_ros/docs/robomaster_ros_modules) by extension 'ignore_ament_install'
[1.287s] Level 1:colcon.colcon_core.package_identification:_identify(src/robomaster_ros/docs/robomaster_ros_modules) by extensions ['colcon_pkg']
[1.287s] Level 1:colcon.colcon_core.package_identification:_identify(src/robomaster_ros/docs/robomaster_ros_modules) by extension 'colcon_pkg'
[1.287s] Level 1:colcon.colcon_core.package_identification:_identify(src/robomaster_ros/docs/robomaster_ros_modules) by extensions ['colcon_meta']
[1.287s] Level 1:colcon.colcon_core.package_identification:_identify(src/robomaster_ros/docs/robomaster_ros_modules) by extension 'colcon_meta'
[1.287s] Level 1:colcon.colcon_core.package_identification:_identify(src/robomaster_ros/docs/robomaster_ros_modules) by extensions ['ros']
[1.288s] Level 1:colcon.colcon_core.package_identification:_identify(src/robomaster_ros/docs/robomaster_ros_modules) by extension 'ros'
[1.288s] Level 1:colcon.colcon_core.package_identification:_identify(src/robomaster_ros/docs/robomaster_ros_modules) by extensions ['cmake', 'python']
[1.288s] Level 1:colcon.colcon_core.package_identification:_identify(src/robomaster_ros/docs/robomaster_ros_modules) by extension 'cmake'
[1.288s] Level 1:colcon.colcon_core.package_identification:_identify(src/robomaster_ros/docs/robomaster_ros_modules) by extension 'python'
[1.288s] Level 1:colcon.colcon_core.package_identification:_identify(src/robomaster_ros/docs/robomaster_ros_modules) by extensions ['python_setup_py']
[1.288s] Level 1:colcon.colcon_core.package_identification:_identify(src/robomaster_ros/docs/robomaster_ros_modules) by extension 'python_setup_py'
[1.289s] Level 1:colcon.colcon_core.package_identification:_identify(src/robomaster_ros/robomaster_description) by extensions ['ignore', 'ignore_ament_install']
[1.289s] Level 1:colcon.colcon_core.package_identification:_identify(src/robomaster_ros/robomaster_description) by extension 'ignore'
[1.289s] Level 1:colcon.colcon_core.package_identification:_identify(src/robomaster_ros/robomaster_description) by extension 'ignore_ament_install'
[1.290s] Level 1:colcon.colcon_core.package_identification:_identify(src/robomaster_ros/robomaster_description) by extensions ['colcon_pkg']
[1.290s] Level 1:colcon.colcon_core.package_identification:_identify(src/robomaster_ros/robomaster_description) by extension 'colcon_pkg'
[1.290s] Level 1:colcon.colcon_core.package_identification:_identify(src/robomaster_ros/robomaster_description) by extensions ['colcon_meta']
[1.290s] Level 1:colcon.colcon_core.package_identification:_identify(src/robomaster_ros/robomaster_description) by extension 'colcon_meta'
[1.290s] Level 1:colcon.colcon_core.package_identification:_identify(src/robomaster_ros/robomaster_description) by extensions ['ros']
[1.290s] Level 1:colcon.colcon_core.package_identification:_identify(src/robomaster_ros/robomaster_description) by extension 'ros'
[1.292s] DEBUG:colcon.colcon_core.package_identification:Package 'src/robomaster_ros/robomaster_description' with type 'ros.ament_cmake' and name 'robomaster_description'
[1.293s] Level 1:colcon.colcon_core.package_identification:_identify(src/robomaster_ros/robomaster_msgs) by extensions ['ignore', 'ignore_ament_install']
[1.293s] Level 1:colcon.colcon_core.package_identification:_identify(src/robomaster_ros/robomaster_msgs) by extension 'ignore'
[1.293s] Level 1:colcon.colcon_core.package_identification:_identify(src/robomaster_ros/robomaster_msgs) by extension 'ignore_ament_install'
[1.294s] Level 1:colcon.colcon_core.package_identification:_identify(src/robomaster_ros/robomaster_msgs) by extensions ['colcon_pkg']
[1.294s] Level 1:colcon.colcon_core.package_identification:_identify(src/robomaster_ros/robomaster_msgs) by extension 'colcon_pkg'
[1.294s] Level 1:colcon.colcon_core.package_identification:_identify(src/robomaster_ros/robomaster_msgs) by extensions ['colcon_meta']
[1.294s] Level 1:colcon.colcon_core.package_identification:_identify(src/robomaster_ros/robomaster_msgs) by extension 'colcon_meta'
[1.294s] Level 1:colcon.colcon_core.package_identification:_identify(src/robomaster_ros/robomaster_msgs) by extensions ['ros']
[1.294s] Level 1:colcon.colcon_core.package_identification:_identify(src/robomaster_ros/robomaster_msgs) by extension 'ros'
[1.297s] DEBUG:colcon.colcon_core.package_identification:Package 'src/robomaster_ros/robomaster_msgs' with type 'ros.ament_cmake' and name 'robomaster_msgs'
[1.297s] Level 1:colcon.colcon_core.package_identification:_identify(src/robomaster_ros/robomaster_ros) by extensions ['ignore', 'ignore_ament_install']
[1.298s] Level 1:colcon.colcon_core.package_identification:_identify(src/robomaster_ros/robomaster_ros) by extension 'ignore'
[1.298s] Level 1:colcon.colcon_core.package_identification:_identify(src/robomaster_ros/robomaster_ros) by extension 'ignore_ament_install'
[1.298s] Level 1:colcon.colcon_core.package_identification:_identify(src/robomaster_ros/robomaster_ros) by extensions ['colcon_pkg']
[1.298s] Level 1:colcon.colcon_core.package_identification:_identify(src/robomaster_ros/robomaster_ros) by extension 'colcon_pkg'
[1.298s] Level 1:colcon.colcon_core.package_identification:_identify(src/robomaster_ros/robomaster_ros) by extensions ['colcon_meta']
[1.298s] Level 1:colcon.colcon_core.package_identification:_identify(src/robomaster_ros/robomaster_ros) by extension 'colcon_meta'
[1.299s] Level 1:colcon.colcon_core.package_identification:_identify(src/robomaster_ros/robomaster_ros) by extensions ['ros']
[1.299s] Level 1:colcon.colcon_core.package_identification:_identify(src/robomaster_ros/robomaster_ros) by extension 'ros'
[1.301s] DEBUG:colcon.colcon_core.package_identification:Package 'src/robomaster_ros/robomaster_ros' with type 'ros.ament_python' and name 'robomaster_ros'
[1.302s] Level 1:colcon.colcon_core.package_identification:_identify(src/sllidar_ros2) by extensions ['ignore', 'ignore_ament_install']
[1.302s] Level 1:colcon.colcon_core.package_identification:_identify(src/sllidar_ros2) by extension 'ignore'
[1.302s] Level 1:colcon.colcon_core.package_identification:_identify(src/sllidar_ros2) by extension 'ignore_ament_install'
[1.303s] Level 1:colcon.colcon_core.package_identification:_identify(src/sllidar_ros2) by extensions ['colcon_pkg']
[1.303s] Level 1:colcon.colcon_core.package_identification:_identify(src/sllidar_ros2) by extension 'colcon_pkg'
[1.303s] Level 1:colcon.colcon_core.package_identification:_identify(src/sllidar_ros2) by extensions ['colcon_meta']
[1.303s] Level 1:colcon.colcon_core.package_identification:_identify(src/sllidar_ros2) by extension 'colcon_meta'
[1.303s] Level 1:colcon.colcon_core.package_identification:_identify(src/sllidar_ros2) by extensions ['ros']
[1.303s] Level 1:colcon.colcon_core.package_identification:_identify(src/sllidar_ros2) by extension 'ros'
[1.306s] DEBUG:colcon.colcon_core.package_identification:Package 'src/sllidar_ros2' with type 'ros.ament_cmake' and name 'sllidar_ros2'
[1.306s] Level 1:colcon.colcon_core.package_discovery:discover_packages(recursive) using defaults
[1.307s] Level 1:colcon.colcon_core.package_discovery:discover_packages(ignore) discover
[1.307s] Level 1:colcon.colcon_core.package_discovery:discover_packages(ignore) using defaults
[1.307s] Level 1:colcon.colcon_core.package_discovery:discover_packages(path) discover
[1.307s] Level 1:colcon.colcon_core.package_discovery:discover_packages(path) using defaults
[1.392s] Level 1:colcon.colcon_core.package_discovery:discover_packages(prefix_path) check parameters
[1.392s] Level 1:colcon.colcon_core.package_discovery:discover_packages(prefix_path) discover
[1.406s] DEBUG:colcon.colcon_installed_package_information.package_discovery:Found 15 installed packages in /home/cricchetto/Robomaster_WS/install
[1.414s] DEBUG:colcon.colcon_installed_package_information.package_discovery:Found 251 installed packages in /opt/ros/humble
[1.422s] Level 1:colcon.colcon_core.package_discovery:discover_packages(prefix_path) using defaults
[1.605s] Level 5:colcon.colcon_core.verb:set package 'drift' build argument 'cmake_args' from command line to 'None'
[1.606s] Level 5:colcon.colcon_core.verb:set package 'drift' build argument 'cmake_target' from command line to 'None'
[1.606s] Level 5:colcon.colcon_core.verb:set package 'drift' build argument 'cmake_target_skip_unavailable' from command line to 'False'
[1.606s] Level 5:colcon.colcon_core.verb:set package 'drift' build argument 'cmake_clean_cache' from command line to 'False'
[1.606s] Level 5:colcon.colcon_core.verb:set package 'drift' build argument 'cmake_clean_first' from command line to 'False'
[1.606s] Level 5:colcon.colcon_core.verb:set package 'drift' build argument 'cmake_force_configure' from command line to 'False'
[1.606s] Level 5:colcon.colcon_core.verb:set package 'drift' build argument 'ament_cmake_args' from command line to 'None'
[1.606s] Level 5:colcon.colcon_core.verb:set package 'drift' build argument 'catkin_cmake_args' from command line to 'None'
[1.606s] Level 5:colcon.colcon_core.verb:set package 'drift' build argument 'catkin_skip_building_tests' from command line to 'False'
[1.607s] DEBUG:colcon.colcon_core.verb:Building package 'drift' with the following arguments: {'ament_cmake_args': None, 'build_base': '/home/cricchetto/Robomaster_WS/build/drift', 'catkin_cmake_args': None, 'catkin_skip_building_tests': False, 'cmake_args': None, 'cmake_clean_cache': False, 'cmake_clean_first': False, 'cmake_force_configure': False, 'cmake_target': None, 'cmake_target_skip_unavailable': False, 'install_base': '/home/cricchetto/Robomaster_WS/install/drift', 'merge_install': False, 'path': '/home/cricchetto/Robomaster_WS/src/drift', 'symlink_install': False, 'test_result_base': None}
[1.608s] Level 5:colcon.colcon_core.verb:set package 'ep_control' build argument 'cmake_args' from command line to 'None'
[1.608s] Level 5:colcon.colcon_core.verb:set package 'ep_control' build argument 'cmake_target' from command line to 'None'
[1.608s] Level 5:colcon.colcon_core.verb:set package 'ep_control' build argument 'cmake_target_skip_unavailable' from command line to 'False'
[1.608s] Level 5:colcon.colcon_core.verb:set package 'ep_control' build argument 'cmake_clean_cache' from command line to 'False'
[1.609s] Level 5:colcon.colcon_core.verb:set package 'ep_control' build argument 'cmake_clean_first' from command line to 'False'
[1.609s] Level 5:colcon.colcon_core.verb:set package 'ep_control' build argument 'cmake_force_configure' from command line to 'False'
[1.609s] Level 5:colcon.colcon_core.verb:set package 'ep_control' build argument 'ament_cmake_args' from command line to 'None'
[1.609s] Level 5:colcon.colcon_core.verb:set package 'ep_control' build argument 'catkin_cmake_args' from command line to 'None'
[1.609s] Level 5:colcon.colcon_core.verb:set package 'ep_control' build argument 'catkin_skip_building_tests' from command line to 'False'
[1.609s] DEBUG:colcon.colcon_core.verb:Building package 'ep_control' with the following arguments: {'ament_cmake_args': None, 'build_base': '/home/cricchetto/Robomaster_WS/build/ep_control', 'catkin_cmake_args': None, 'catkin_skip_building_tests': False, 'cmake_args': None, 'cmake_clean_cache': False, 'cmake_clean_first': False, 'cmake_force_configure': False, 'cmake_target': None, 'cmake_target_skip_unavailable': False, 'install_base': '/home/cricchetto/Robomaster_WS/install/ep_control', 'merge_install': False, 'path': '/home/cricchetto/Robomaster_WS/src/ep_control', 'symlink_install': False, 'test_result_base': None}
[1.610s] Level 5:colcon.colcon_core.verb:set package 'explore_lite' build argument 'cmake_args' from command line to 'None'
[1.611s] Level 5:colcon.colcon_core.verb:set package 'explore_lite' build argument 'cmake_target' from command line to 'None'
[1.611s] Level 5:colcon.colcon_core.verb:set package 'explore_lite' build argument 'cmake_target_skip_unavailable' from command line to 'False'
[1.611s] Level 5:colcon.colcon_core.verb:set package 'explore_lite' build argument 'cmake_clean_cache' from command line to 'False'
[1.611s] Level 5:colcon.colcon_core.verb:set package 'explore_lite' build argument 'cmake_clean_first' from command line to 'False'
[1.611s] Level 5:colcon.colcon_core.verb:set package 'explore_lite' build argument 'cmake_force_configure' from command line to 'False'
[1.611s] Level 5:colcon.colcon_core.verb:set package 'explore_lite' build argument 'ament_cmake_args' from command line to 'None'
[1.611s] Level 5:colcon.colcon_core.verb:set package 'explore_lite' build argument 'catkin_cmake_args' from command line to 'None'
[1.611s] Level 5:colcon.colcon_core.verb:set package 'explore_lite' build argument 'catkin_skip_building_tests' from command line to 'False'
[1.611s] DEBUG:colcon.colcon_core.verb:Building package 'explore_lite' with the following arguments: {'ament_cmake_args': None, 'build_base': '/home/cricchetto/Robomaster_WS/build/explore_lite', 'catkin_cmake_args': None, 'catkin_skip_building_tests': False, 'cmake_args': None, 'cmake_clean_cache': False, 'cmake_clean_first': False, 'cmake_force_configure': False, 'cmake_target': None, 'cmake_target_skip_unavailable': False, 'install_base': '/home/cricchetto/Robomaster_WS/install/explore_lite', 'merge_install': False, 'path': '/home/cricchetto/Robomaster_WS/src/m-explore-ros2/explore', 'symlink_install': False, 'test_result_base': None}
[1.613s] Level 5:colcon.colcon_core.verb:set package 'multirobot_map_merge' build argument 'cmake_args' from command line to 'None'
[1.613s] Level 5:colcon.colcon_core.verb:set package 'multirobot_map_merge' build argument 'cmake_target' from command line to 'None'
[1.613s] Level 5:colcon.colcon_core.verb:set package 'multirobot_map_merge' build argument 'cmake_target_skip_unavailable' from command line to 'False'
[1.613s] Level 5:colcon.colcon_core.verb:set package 'multirobot_map_merge' build argument 'cmake_clean_cache' from command line to 'False'
[1.613s] Level 5:colcon.colcon_core.verb:set package 'multirobot_map_merge' build argument 'cmake_clean_first' from command line to 'False'
[1.613s] Level 5:colcon.colcon_core.verb:set package 'multirobot_map_merge' build argument 'cmake_force_configure' from command line to 'False'
[1.613s] Level 5:colcon.colcon_core.verb:set package 'multirobot_map_merge' build argument 'ament_cmake_args' from command line to 'None'
[1.613s] Level 5:colcon.colcon_core.verb:set package 'multirobot_map_merge' build argument 'catkin_cmake_args' from command line to 'None'
[1.614s] Level 5:colcon.colcon_core.verb:set package 'multirobot_map_merge' build argument 'catkin_skip_building_tests' from command line to 'False'
[1.614s] DEBUG:colcon.colcon_core.verb:Building package 'multirobot_map_merge' with the following arguments: {'ament_cmake_args': None, 'build_base': '/home/cricchetto/Robomaster_WS/build/multirobot_map_merge', 'catkin_cmake_args': None, 'catkin_skip_building_tests': False, 'cmake_args': None, 'cmake_clean_cache': False, 'cmake_clean_first': False, 'cmake_force_configure': False, 'cmake_target': None, 'cmake_target_skip_unavailable': False, 'install_base': '/home/cricchetto/Robomaster_WS/install/multirobot_map_merge', 'merge_install': False, 'path': '/home/cricchetto/Robomaster_WS/src/m-explore-ros2/map_merge', 'symlink_install': False, 'test_result_base': None}
[1.615s] Level 5:colcon.colcon_core.verb:set package 'robomaster_description' build argument 'cmake_args' from command line to 'None'
[1.615s] Level 5:colcon.colcon_core.verb:set package 'robomaster_description' build argument 'cmake_target' from command line to 'None'
[1.615s] Level 5:colcon.colcon_core.verb:set package 'robomaster_description' build argument 'cmake_target_skip_unavailable' from command line to 'False'
[1.615s] Level 5:colcon.colcon_core.verb:set package 'robomaster_description' build argument 'cmake_clean_cache' from command line to 'False'
[1.616s] Level 5:colcon.colcon_core.verb:set package 'robomaster_description' build argument 'cmake_clean_first' from command line to 'False'
[1.616s] Level 5:colcon.colcon_core.verb:set package 'robomaster_description' build argument 'cmake_force_configure' from command line to 'False'
[1.616s] Level 5:colcon.colcon_core.verb:set package 'robomaster_description' build argument 'ament_cmake_args' from command line to 'None'
[1.616s] Level 5:colcon.colcon_core.verb:set package 'robomaster_description' build argument 'catkin_cmake_args' from command line to 'None'
[1.616s] Level 5:colcon.colcon_core.verb:set package 'robomaster_description' build argument 'catkin_skip_building_tests' from command line to 'False'
[1.616s] DEBUG:colcon.colcon_core.verb:Building package 'robomaster_description' with the following arguments: {'ament_cmake_args': None, 'build_base': '/home/cricchetto/Robomaster_WS/build/robomaster_description', 'catkin_cmake_args': None, 'catkin_skip_building_tests': False, 'cmake_args': None, 'cmake_clean_cache': False, 'cmake_clean_first': False, 'cmake_force_configure': False, 'cmake_target': None, 'cmake_target_skip_unavailable': False, 'install_base': '/home/cricchetto/Robomaster_WS/install/robomaster_description', 'merge_install': False, 'path': '/home/cricchetto/Robomaster_WS/src/robomaster_ros/robomaster_description', 'symlink_install': False, 'test_result_base': None}
[1.617s] Level 5:colcon.colcon_core.verb:set package 'robomaster_msgs' build argument 'cmake_args' from command line to 'None'
[1.618s] Level 5:colcon.colcon_core.verb:set package 'robomaster_msgs' build argument 'cmake_target' from command line to 'None'
[1.618s] Level 5:colcon.colcon_core.verb:set package 'robomaster_msgs' build argument 'cmake_target_skip_unavailable' from command line to 'False'
[1.618s] Level 5:colcon.colcon_core.verb:set package 'robomaster_msgs' build argument 'cmake_clean_cache' from command line to 'False'
[1.618s] Level 5:colcon.colcon_core.verb:set package 'robomaster_msgs' build argument 'cmake_clean_first' from command line to 'False'
[1.618s] Level 5:colcon.colcon_core.verb:set package 'robomaster_msgs' build argument 'cmake_force_configure' from command line to 'False'
[1.618s] Level 5:colcon.colcon_core.verb:set package 'robomaster_msgs' build argument 'ament_cmake_args' from command line to 'None'
[1.618s] Level 5:colcon.colcon_core.verb:set package 'robomaster_msgs' build argument 'catkin_cmake_args' from command line to 'None'
[1.618s] Level 5:colcon.colcon_core.verb:set package 'robomaster_msgs' build argument 'catkin_skip_building_tests' from command line to 'False'
[1.618s] DEBUG:colcon.colcon_core.verb:Building package 'robomaster_msgs' with the following arguments: {'ament_cmake_args': None, 'build_base': '/home/cricchetto/Robomaster_WS/build/robomaster_msgs', 'catkin_cmake_args': None, 'catkin_skip_building_tests': False, 'cmake_args': None, 'cmake_clean_cache': False, 'cmake_clean_first': False, 'cmake_force_configure': False, 'cmake_target': None, 'cmake_target_skip_unavailable': False, 'install_base': '/home/cricchetto/Robomaster_WS/install/robomaster_msgs', 'merge_install': False, 'path': '/home/cricchetto/Robomaster_WS/src/robomaster_ros/robomaster_msgs', 'symlink_install': False, 'test_result_base': None}
[1.620s] Level 5:colcon.colcon_core.verb:set package 'sllidar_ros2' build argument 'cmake_args' from command line to 'None'
[1.620s] Level 5:colcon.colcon_core.verb:set package 'sllidar_ros2' build argument 'cmake_target' from command line to 'None'
[1.620s] Level 5:colcon.colcon_core.verb:set package 'sllidar_ros2' build argument 'cmake_target_skip_unavailable' from command line to 'False'
[1.620s] Level 5:colcon.colcon_core.verb:set package 'sllidar_ros2' build argument 'cmake_clean_cache' from command line to 'False'
[1.620s] Level 5:colcon.colcon_core.verb:set package 'sllidar_ros2' build argument 'cmake_clean_first' from command line to 'False'
[1.620s] Level 5:colcon.colcon_core.verb:set package 'sllidar_ros2' build argument 'cmake_force_configure' from command line to 'False'
[1.621s] Level 5:colcon.colcon_core.verb:set package 'sllidar_ros2' build argument 'ament_cmake_args' from command line to 'None'
[1.621s] Level 5:colcon.colcon_core.verb:set package 'sllidar_ros2' build argument 'catkin_cmake_args' from command line to 'None'
[1.621s] Level 5:colcon.colcon_core.verb:set package 'sllidar_ros2' build argument 'catkin_skip_building_tests' from command line to 'False'
[1.621s] DEBUG:colcon.colcon_core.verb:Building package 'sllidar_ros2' with the following arguments: {'ament_cmake_args': None, 'build_base': '/home/cricchetto/Robomaster_WS/build/sllidar_ros2', 'catkin_cmake_args': None, 'catkin_skip_building_tests': False, 'cmake_args': None, 'cmake_clean_cache': False, 'cmake_clean_first': False, 'cmake_force_configure': False, 'cmake_target': None, 'cmake_target_skip_unavailable': False, 'install_base': '/home/cricchetto/Robomaster_WS/install/sllidar_ros2', 'merge_install': False, 'path': '/home/cricchetto/Robomaster_WS/src/sllidar_ros2', 'symlink_install': False, 'test_result_base': None}
[1.622s] Level 5:colcon.colcon_core.verb:set package 'robomaster_ros' build argument 'cmake_args' from command line to 'None'
[1.622s] Level 5:colcon.colcon_core.verb:set package 'robomaster_ros' build argument 'cmake_target' from command line to 'None'
[1.622s] Level 5:colcon.colcon_core.verb:set package 'robomaster_ros' build argument 'cmake_target_skip_unavailable' from command line to 'False'
[1.623s] Level 5:colcon.colcon_core.verb:set package 'robomaster_ros' build argument 'cmake_clean_cache' from command line to 'False'
[1.623s] Level 5:colcon.colcon_core.verb:set package 'robomaster_ros' build argument 'cmake_clean_first' from command line to 'False'
[1.623s] Level 5:colcon.colcon_core.verb:set package 'robomaster_ros' build argument 'cmake_force_configure' from command line to 'False'
[1.623s] Level 5:colcon.colcon_core.verb:set package 'robomaster_ros' build argument 'ament_cmake_args' from command line to 'None'
[1.623s] Level 5:colcon.colcon_core.verb:set package 'robomaster_ros' build argument 'catkin_cmake_args' from command line to 'None'
[1.623s] Level 5:colcon.colcon_core.verb:set package 'robomaster_ros' build argument 'catkin_skip_building_tests' from command line to 'False'
[1.623s] DEBUG:colcon.colcon_core.verb:Building package 'robomaster_ros' with the following arguments: {'ament_cmake_args': None, 'build_base': '/home/cricchetto/Robomaster_WS/build/robomaster_ros', 'catkin_cmake_args': None, 'catkin_skip_building_tests': False, 'cmake_args': None, 'cmake_clean_cache': False, 'cmake_clean_first': False, 'cmake_force_configure': False, 'cmake_target': None, 'cmake_target_skip_unavailable': False, 'install_base': '/home/cricchetto/Robomaster_WS/install/robomaster_ros', 'merge_install': False, 'path': '/home/cricchetto/Robomaster_WS/src/robomaster_ros/robomaster_ros', 'symlink_install': False, 'test_result_base': None}
[1.624s] INFO:colcon.colcon_core.executor:Executing jobs using 'parallel' executor
[1.627s] DEBUG:colcon.colcon_parallel_executor.executor.parallel:run_until_complete
[1.628s] INFO:colcon.colcon_ros.task.ament_cmake.build:Building ROS package in '/home/cricchetto/Robomaster_WS/src/robomaster_ros/robomaster_msgs' with build type 'ament_cmake'
[1.628s] INFO:colcon.colcon_cmake.task.cmake.build:Building CMake package in '/home/cricchetto/Robomaster_WS/src/robomaster_ros/robomaster_msgs'
[1.640s] INFO:colcon.colcon_core.plugin_system:Skipping extension 'colcon_core.shell.bat': Not used on non-Windows systems
[1.641s] INFO:colcon.colcon_core.shell:Skip shell extension 'powershell' for command environment: Not usable outside of PowerShell
[1.641s] DEBUG:colcon.colcon_core.shell:Skip shell extension 'dsv' for command environment
[1.664s] INFO:colcon.colcon_ros.task.ament_python.build:Building ROS package in '/home/cricchetto/Robomaster_WS/src/drift' with build type 'ament_python'
[1.665s] Level 1:colcon.colcon_core.shell:create_environment_hook('drift', 'ament_prefix_path')
[1.666s] INFO:colcon.colcon_core.shell:Creating environment hook '/home/cricchetto/Robomaster_WS/install/drift/share/drift/hook/ament_prefix_path.ps1'
[1.669s] INFO:colcon.colcon_core.shell:Creating environment descriptor '/home/cricchetto/Robomaster_WS/install/drift/share/drift/hook/ament_prefix_path.dsv'
[1.672s] INFO:colcon.colcon_core.shell:Creating environment hook '/home/cricchetto/Robomaster_WS/install/drift/share/drift/hook/ament_prefix_path.sh'
[1.676s] INFO:colcon.colcon_core.shell:Skip shell extension 'powershell' for command environment: Not usable outside of PowerShell
[1.676s] DEBUG:colcon.colcon_core.shell:Skip shell extension 'dsv' for command environment
[1.698s] INFO:colcon.colcon_ros.task.ament_python.build:Building ROS package in '/home/cricchetto/Robomaster_WS/src/ep_control' with build type 'ament_python'
[1.699s] Level 1:colcon.colcon_core.shell:create_environment_hook('ep_control', 'ament_prefix_path')
[1.700s] INFO:colcon.colcon_core.shell:Creating environment hook '/home/cricchetto/Robomaster_WS/install/ep_control/share/ep_control/hook/ament_prefix_path.ps1'
[1.702s] INFO:colcon.colcon_core.shell:Creating environment descriptor '/home/cricchetto/Robomaster_WS/install/ep_control/share/ep_control/hook/ament_prefix_path.dsv'
[1.704s] INFO:colcon.colcon_core.shell:Creating environment hook '/home/cricchetto/Robomaster_WS/install/ep_control/share/ep_control/hook/ament_prefix_path.sh'
[1.708s] INFO:colcon.colcon_core.shell:Skip shell extension 'powershell' for command environment: Not usable outside of PowerShell
[1.708s] DEBUG:colcon.colcon_core.shell:Skip shell extension 'dsv' for command environment
[1.731s] INFO:colcon.colcon_ros.task.ament_cmake.build:Building ROS package in '/home/cricchetto/Robomaster_WS/src/m-explore-ros2/explore' with build type 'ament_cmake'
[1.732s] INFO:colcon.colcon_cmake.task.cmake.build:Building CMake package in '/home/cricchetto/Robomaster_WS/src/m-explore-ros2/explore'
[1.733s] INFO:colcon.colcon_core.shell:Skip shell extension 'powershell' for command environment: Not usable outside of PowerShell
[1.733s] DEBUG:colcon.colcon_core.shell:Skip shell extension 'dsv' for command environment
[1.774s] DEBUG:colcon.colcon_core.event_handler.log_command:Invoking command in '/home/cricchetto/Robomaster_WS/build/robomaster_msgs': CMAKE_PREFIX_PATH=${CMAKE_PREFIX_PATH}:/home/cricchetto/Robomaster_WS/install/robomaster_ros:/home/cricchetto/Robomaster_WS/install/nav2_simple_commander:/home/cricchetto/Robomaster_WS/install/ep_control:/home/cricchetto/Robomaster_WS/install/drift:/opt/ros/humble /usr/bin/cmake --build /home/cricchetto/Robomaster_WS/build/robomaster_msgs -- -j4 -l4
[3.340s] INFO:colcon.colcon_core.task.python.build:Building Python package in '/home/cricchetto/Robomaster_WS/src/drift'
[3.341s] INFO:colcon.colcon_core.shell:Skip shell extension 'powershell' for command environment: Not usable outside of PowerShell
[3.341s] DEBUG:colcon.colcon_core.shell:Skip shell extension 'dsv' for command environment
[4.588s] INFO:colcon.colcon_core.task.python.build:Building Python package in '/home/cricchetto/Robomaster_WS/src/ep_control'
[4.589s] INFO:colcon.colcon_core.shell:Skip shell extension 'powershell' for command environment: Not usable outside of PowerShell
[4.590s] DEBUG:colcon.colcon_core.shell:Skip shell extension 'dsv' for command environment
[4.643s] DEBUG:colcon.colcon_core.event_handler.log_command:Invoking command in '/home/cricchetto/Robomaster_WS/build/explore_lite': CMAKE_PREFIX_PATH=${CMAKE_PREFIX_PATH}:/home/cricchetto/Robomaster_WS/install/robomaster_ros:/home/cricchetto/Robomaster_WS/install/nav2_simple_commander:/home/cricchetto/Robomaster_WS/install/ep_control:/home/cricchetto/Robomaster_WS/install/drift:/opt/ros/humble /usr/bin/cmake --build /home/cricchetto/Robomaster_WS/build/explore_lite -- -j4 -l4
[4.645s] DEBUG:colcon.colcon_core.event_handler.log_command:Invoked command in '/home/cricchetto/Robomaster_WS/build/robomaster_msgs' returned '0': CMAKE_PREFIX_PATH=${CMAKE_PREFIX_PATH}:/home/cricchetto/Robomaster_WS/install/robomaster_ros:/home/cricchetto/Robomaster_WS/install/nav2_simple_commander:/home/cricchetto/Robomaster_WS/install/ep_control:/home/cricchetto/Robomaster_WS/install/drift:/opt/ros/humble /usr/bin/cmake --build /home/cricchetto/Robomaster_WS/build/robomaster_msgs -- -j4 -l4
[4.695s] DEBUG:colcon.colcon_core.event_handler.log_command:Invoking command in '/home/cricchetto/Robomaster_WS/build/robomaster_msgs': CMAKE_PREFIX_PATH=${CMAKE_PREFIX_PATH}:/home/cricchetto/Robomaster_WS/install/robomaster_ros:/home/cricchetto/Robomaster_WS/install/nav2_simple_commander:/home/cricchetto/Robomaster_WS/install/ep_control:/home/cricchetto/Robomaster_WS/install/drift:/opt/ros/humble /usr/bin/cmake --install /home/cricchetto/Robomaster_WS/build/robomaster_msgs
[5.555s] Level 1:colcon.colcon_core.environment:create_environment_scripts_only(explore_lite)
[5.577s] Level 1:colcon.colcon_core.environment:checking '/home/cricchetto/Robomaster_WS/install/explore_lite' for CMake module files
[5.581s] Level 1:colcon.colcon_core.environment:checking '/home/cricchetto/Robomaster_WS/install/explore_lite' for CMake config files
[5.595s] DEBUG:colcon.colcon_core.event_handler.log_command:Invoked command in '/home/cricchetto/Robomaster_WS/build/explore_lite' returned '0': CMAKE_PREFIX_PATH=${CMAKE_PREFIX_PATH}:/home/cricchetto/Robomaster_WS/install/robomaster_ros:/home/cricchetto/Robomaster_WS/install/nav2_simple_commander:/home/cricchetto/Robomaster_WS/install/ep_control:/home/cricchetto/Robomaster_WS/install/drift:/opt/ros/humble /usr/bin/cmake --build /home/cricchetto/Robomaster_WS/build/explore_lite -- -j4 -l4
[5.596s] Level 1:colcon.colcon_core.shell:create_environment_hook('explore_lite', 'cmake_prefix_path')
[5.598s] INFO:colcon.colcon_core.shell:Creating environment hook '/home/cricchetto/Robomaster_WS/install/explore_lite/share/explore_lite/hook/cmake_prefix_path.ps1'
[5.601s] INFO:colcon.colcon_core.shell:Creating environment descriptor '/home/cricchetto/Robomaster_WS/install/explore_lite/share/explore_lite/hook/cmake_prefix_path.dsv'
[5.603s] INFO:colcon.colcon_core.shell:Creating environment hook '/home/cricchetto/Robomaster_WS/install/explore_lite/share/explore_lite/hook/cmake_prefix_path.sh'
[5.605s] DEBUG:colcon.colcon_core.event_handler.log_command:Invoking command in '/home/cricchetto/Robomaster_WS/build/explore_lite': CMAKE_PREFIX_PATH=${CMAKE_PREFIX_PATH}:/home/cricchetto/Robomaster_WS/install/robomaster_ros:/home/cricchetto/Robomaster_WS/install/nav2_simple_commander:/home/cricchetto/Robomaster_WS/install/ep_control:/home/cricchetto/Robomaster_WS/install/drift:/opt/ros/humble /usr/bin/cmake --install /home/cricchetto/Robomaster_WS/build/explore_lite
[5.621s] Level 1:colcon.colcon_core.environment:checking '/home/cricchetto/Robomaster_WS/install/explore_lite/lib'
[5.622s] Level 1:colcon.colcon_core.environment:checking '/home/cricchetto/Robomaster_WS/install/explore_lite/bin'
[5.622s] Level 1:colcon.colcon_core.environment:checking '/home/cricchetto/Robomaster_WS/install/explore_lite/lib/pkgconfig/explore_lite.pc'
[5.624s] Level 1:colcon.colcon_core.environment:checking '/home/cricchetto/Robomaster_WS/install/explore_lite/lib/python3.10/site-packages'
[5.626s] Level 1:colcon.colcon_core.environment:checking '/home/cricchetto/Robomaster_WS/install/explore_lite/bin'
[5.629s] INFO:colcon.colcon_core.shell:Creating package script '/home/cricchetto/Robomaster_WS/install/explore_lite/share/explore_lite/package.ps1'
[5.637s] DEBUG:colcon.colcon_core.event_handler.log_command:Invoked command in '/home/cricchetto/Robomaster_WS/build/explore_lite' returned '0': CMAKE_PREFIX_PATH=${CMAKE_PREFIX_PATH}:/home/cricchetto/Robomaster_WS/install/robomaster_ros:/home/cricchetto/Robomaster_WS/install/nav2_simple_commander:/home/cricchetto/Robomaster_WS/install/ep_control:/home/cricchetto/Robomaster_WS/install/drift:/opt/ros/humble /usr/bin/cmake --install /home/cricchetto/Robomaster_WS/build/explore_lite
[5.649s] INFO:colcon.colcon_core.shell:Creating package descriptor '/home/cricchetto/Robomaster_WS/install/explore_lite/share/explore_lite/package.dsv'
[5.653s] INFO:colcon.colcon_core.shell:Creating package script '/home/cricchetto/Robomaster_WS/install/explore_lite/share/explore_lite/package.sh'
[5.660s] INFO:colcon.colcon_core.shell:Creating package script '/home/cricchetto/Robomaster_WS/install/explore_lite/share/explore_lite/package.bash'
[5.667s] INFO:colcon.colcon_core.shell:Creating package script '/home/cricchetto/Robomaster_WS/install/explore_lite/share/explore_lite/package.zsh'
[5.671s] Level 1:colcon.colcon_core.environment:create_file_with_runtime_dependencies(/home/cricchetto/Robomaster_WS/install/explore_lite/share/colcon-core/packages/explore_lite)
[5.676s] Level 1:colcon.colcon_core.environment:create_environment_scripts_only(explore_lite)
[5.677s] Level 1:colcon.colcon_core.environment:checking '/home/cricchetto/Robomaster_WS/install/explore_lite' for CMake module files
[5.686s] Level 1:colcon.colcon_core.environment:checking '/home/cricchetto/Robomaster_WS/install/explore_lite' for CMake config files
[5.687s] Level 1:colcon.colcon_core.shell:create_environment_hook('explore_lite', 'cmake_prefix_path')
[5.688s] INFO:colcon.colcon_core.shell:Creating environment hook '/home/cricchetto/Robomaster_WS/install/explore_lite/share/explore_lite/hook/cmake_prefix_path.ps1'
[5.695s] INFO:colcon.colcon_core.shell:Creating environment descriptor '/home/cricchetto/Robomaster_WS/install/explore_lite/share/explore_lite/hook/cmake_prefix_path.dsv'
[5.699s] INFO:colcon.colcon_core.shell:Creating environment hook '/home/cricchetto/Robomaster_WS/install/explore_lite/share/explore_lite/hook/cmake_prefix_path.sh'
[5.705s] Level 1:colcon.colcon_core.environment:checking '/home/cricchetto/Robomaster_WS/install/explore_lite/lib'
[5.706s] Level 1:colcon.colcon_core.environment:checking '/home/cricchetto/Robomaster_WS/install/explore_lite/bin'
[5.707s] Level 1:colcon.colcon_core.environment:checking '/home/cricchetto/Robomaster_WS/install/explore_lite/lib/pkgconfig/explore_lite.pc'
[5.708s] Level 1:colcon.colcon_core.environment:checking '/home/cricchetto/Robomaster_WS/install/explore_lite/lib/python3.10/site-packages'
[5.711s] Level 1:colcon.colcon_core.environment:checking '/home/cricchetto/Robomaster_WS/install/explore_lite/bin'
[5.714s] INFO:colcon.colcon_core.shell:Creating package script '/home/cricchetto/Robomaster_WS/install/explore_lite/share/explore_lite/package.ps1'
[5.720s] INFO:colcon.colcon_core.shell:Creating package descriptor '/home/cricchetto/Robomaster_WS/install/explore_lite/share/explore_lite/package.dsv'
[5.727s] INFO:colcon.colcon_core.shell:Creating package script '/home/cricchetto/Robomaster_WS/install/explore_lite/share/explore_lite/package.sh'
[5.732s] INFO:colcon.colcon_core.shell:Creating package script '/home/cricchetto/Robomaster_WS/install/explore_lite/share/explore_lite/package.bash'
[5.738s] INFO:colcon.colcon_core.shell:Creating package script '/home/cricchetto/Robomaster_WS/install/explore_lite/share/explore_lite/package.zsh'
[5.742s] Level 1:colcon.colcon_core.environment:create_file_with_runtime_dependencies(/home/cricchetto/Robomaster_WS/install/explore_lite/share/colcon-core/packages/explore_lite)
[5.754s] INFO:colcon.colcon_ros.task.ament_cmake.build:Building ROS package in '/home/cricchetto/Robomaster_WS/src/m-explore-ros2/map_merge' with build type 'ament_cmake'
[5.755s] INFO:colcon.colcon_cmake.task.cmake.build:Building CMake package in '/home/cricchetto/Robomaster_WS/src/m-explore-ros2/map_merge'
[5.757s] INFO:colcon.colcon_core.shell:Skip shell extension 'powershell' for command environment: Not usable outside of PowerShell
[5.757s] DEBUG:colcon.colcon_core.shell:Skip shell extension 'dsv' for command environment
[5.877s] DEBUG:colcon.colcon_core.event_handler.log_command:Invoking command in '/home/cricchetto/Robomaster_WS/build/multirobot_map_merge': CMAKE_PREFIX_PATH=${CMAKE_PREFIX_PATH}:/home/cricchetto/Robomaster_WS/install/robomaster_ros:/home/cricchetto/Robomaster_WS/install/nav2_simple_commander:/home/cricchetto/Robomaster_WS/install/ep_control:/home/cricchetto/Robomaster_WS/install/drift:/opt/ros/humble /usr/bin/cmake --build /home/cricchetto/Robomaster_WS/build/multirobot_map_merge -- -j4 -l4
[5.918s] Level 1:colcon.colcon_core.environment:create_environment_scripts_only(robomaster_msgs)
[5.919s] Level 1:colcon.colcon_core.environment:checking '/home/cricchetto/Robomaster_WS/install/robomaster_msgs' for CMake module files
[5.924s] DEBUG:colcon.colcon_core.event_handler.log_command:Invoked command in '/home/cricchetto/Robomaster_WS/build/robomaster_msgs' returned '0': CMAKE_PREFIX_PATH=${CMAKE_PREFIX_PATH}:/home/cricchetto/Robomaster_WS/install/robomaster_ros:/home/cricchetto/Robomaster_WS/install/nav2_simple_commander:/home/cricchetto/Robomaster_WS/install/ep_control:/home/cricchetto/Robomaster_WS/install/drift:/opt/ros/humble /usr/bin/cmake --install /home/cricchetto/Robomaster_WS/build/robomaster_msgs
[5.925s] Level 1:colcon.colcon_core.environment:checking '/home/cricchetto/Robomaster_WS/install/robomaster_msgs' for CMake config files
[5.931s] Level 1:colcon.colcon_core.shell:create_environment_hook('robomaster_msgs', 'cmake_prefix_path')
[5.932s] INFO:colcon.colcon_core.shell:Creating environment hook '/home/cricchetto/Robomaster_WS/install/robomaster_msgs/share/robomaster_msgs/hook/cmake_prefix_path.ps1'
[5.935s] INFO:colcon.colcon_core.shell:Creating environment descriptor '/home/cricchetto/Robomaster_WS/install/robomaster_msgs/share/robomaster_msgs/hook/cmake_prefix_path.dsv'
[5.937s] INFO:colcon.colcon_core.shell:Creating environment hook '/home/cricchetto/Robomaster_WS/install/robomaster_msgs/share/robomaster_msgs/hook/cmake_prefix_path.sh'
[5.941s] Level 1:colcon.colcon_core.environment:checking '/home/cricchetto/Robomaster_WS/install/robomaster_msgs/lib'
[5.941s] Level 1:colcon.colcon_core.shell:create_environment_hook('robomaster_msgs', 'ld_library_path_lib')
[5.942s] INFO:colcon.colcon_core.shell:Creating environment hook '/home/cricchetto/Robomaster_WS/install/robomaster_msgs/share/robomaster_msgs/hook/ld_library_path_lib.ps1'
[5.946s] INFO:colcon.colcon_core.shell:Creating environment descriptor '/home/cricchetto/Robomaster_WS/install/robomaster_msgs/share/robomaster_msgs/hook/ld_library_path_lib.dsv'
[5.948s] INFO:colcon.colcon_core.shell:Creating environment hook '/home/cricchetto/Robomaster_WS/install/robomaster_msgs/share/robomaster_msgs/hook/ld_library_path_lib.sh'
[5.951s] Level 1:colcon.colcon_core.environment:checking '/home/cricchetto/Robomaster_WS/install/robomaster_msgs/bin'
[5.952s] Level 1:colcon.colcon_core.environment:checking '/home/cricchetto/Robomaster_WS/install/robomaster_msgs/lib/pkgconfig/robomaster_msgs.pc'
[5.953s] Level 1:colcon.colcon_core.environment:checking '/home/cricchetto/Robomaster_WS/install/robomaster_msgs/lib/python3.10/site-packages'
[5.956s] Level 1:colcon.colcon_core.environment:checking '/home/cricchetto/Robomaster_WS/install/robomaster_msgs/bin'
[5.958s] INFO:colcon.colcon_core.shell:Creating package script '/home/cricchetto/Robomaster_WS/install/robomaster_msgs/share/robomaster_msgs/package.ps1'
[5.961s] INFO:colcon.colcon_core.shell:Creating package descriptor '/home/cricchetto/Robomaster_WS/install/robomaster_msgs/share/robomaster_msgs/package.dsv'
[5.964s] INFO:colcon.colcon_core.shell:Creating package script '/home/cricchetto/Robomaster_WS/install/robomaster_msgs/share/robomaster_msgs/package.sh'
[5.967s] INFO:colcon.colcon_core.shell:Creating package script '/home/cricchetto/Robomaster_WS/install/robomaster_msgs/share/robomaster_msgs/package.bash'
[5.970s] INFO:colcon.colcon_core.shell:Creating package script '/home/cricchetto/Robomaster_WS/install/robomaster_msgs/share/robomaster_msgs/package.zsh'
[5.972s] Level 1:colcon.colcon_core.environment:create_file_with_runtime_dependencies(/home/cricchetto/Robomaster_WS/install/robomaster_msgs/share/colcon-core/packages/robomaster_msgs)
[5.976s] Level 1:colcon.colcon_core.environment:create_environment_scripts_only(robomaster_msgs)
[5.977s] Level 1:colcon.colcon_core.environment:checking '/home/cricchetto/Robomaster_WS/install/robomaster_msgs' for CMake module files
[5.981s] Level 1:colcon.colcon_core.environment:checking '/home/cricchetto/Robomaster_WS/install/robomaster_msgs' for CMake config files
[5.988s] Level 1:colcon.colcon_core.shell:create_environment_hook('robomaster_msgs', 'cmake_prefix_path')
[5.989s] INFO:colcon.colcon_core.shell:Creating environment hook '/home/cricchetto/Robomaster_WS/install/robomaster_msgs/share/robomaster_msgs/hook/cmake_prefix_path.ps1'
[5.991s] INFO:colcon.colcon_core.shell:Creating environment descriptor '/home/cricchetto/Robomaster_WS/install/robomaster_msgs/share/robomaster_msgs/hook/cmake_prefix_path.dsv'
[5.994s] INFO:colcon.colcon_core.shell:Creating environment hook '/home/cricchetto/Robomaster_WS/install/robomaster_msgs/share/robomaster_msgs/hook/cmake_prefix_path.sh'
[5.997s] Level 1:colcon.colcon_core.environment:checking '/home/cricchetto/Robomaster_WS/install/robomaster_msgs/lib'
[5.997s] Level 1:colcon.colcon_core.shell:create_environment_hook('robomaster_msgs', 'ld_library_path_lib')
[5.998s] INFO:colcon.colcon_core.shell:Creating environment hook '/home/cricchetto/Robomaster_WS/install/robomaster_msgs/share/robomaster_msgs/hook/ld_library_path_lib.ps1'
[6.001s] INFO:colcon.colcon_core.shell:Creating environment descriptor '/home/cricchetto/Robomaster_WS/install/robomaster_msgs/share/robomaster_msgs/hook/ld_library_path_lib.dsv'
[6.004s] INFO:colcon.colcon_core.shell:Creating environment hook '/home/cricchetto/Robomaster_WS/install/robomaster_msgs/share/robomaster_msgs/hook/ld_library_path_lib.sh'
[6.007s] Level 1:colcon.colcon_core.environment:checking '/home/cricchetto/Robomaster_WS/install/robomaster_msgs/bin'
[6.007s] Level 1:colcon.colcon_core.environment:checking '/home/cricchetto/Robomaster_WS/install/robomaster_msgs/lib/pkgconfig/robomaster_msgs.pc'
[6.008s] Level 1:colcon.colcon_core.environment:checking '/home/cricchetto/Robomaster_WS/install/robomaster_msgs/lib/python3.10/site-packages'
[6.010s] Level 1:colcon.colcon_core.environment:checking '/home/cricchetto/Robomaster_WS/install/robomaster_msgs/bin'
[6.012s] INFO:colcon.colcon_core.shell:Creating package script '/home/cricchetto/Robomaster_WS/install/robomaster_msgs/share/robomaster_msgs/package.ps1'
[6.015s] INFO:colcon.colcon_core.shell:Creating package descriptor '/home/cricchetto/Robomaster_WS/install/robomaster_msgs/share/robomaster_msgs/package.dsv'
[6.018s] INFO:colcon.colcon_core.shell:Creating package script '/home/cricchetto/Robomaster_WS/install/robomaster_msgs/share/robomaster_msgs/package.sh'
[6.021s] INFO:colcon.colcon_core.shell:Creating package script '/home/cricchetto/Robomaster_WS/install/robomaster_msgs/share/robomaster_msgs/package.bash'
[6.025s] INFO:colcon.colcon_core.shell:Creating package script '/home/cricchetto/Robomaster_WS/install/robomaster_msgs/share/robomaster_msgs/package.zsh'
[6.028s] Level 1:colcon.colcon_core.environment:create_file_with_runtime_dependencies(/home/cricchetto/Robomaster_WS/install/robomaster_msgs/share/colcon-core/packages/robomaster_msgs)
[6.033s] INFO:colcon.colcon_ros.task.ament_cmake.build:Building ROS package in '/home/cricchetto/Robomaster_WS/src/robomaster_ros/robomaster_description' with build type 'ament_cmake'
[6.034s] INFO:colcon.colcon_cmake.task.cmake.build:Building CMake package in '/home/cricchetto/Robomaster_WS/src/robomaster_ros/robomaster_description'
[6.036s] INFO:colcon.colcon_core.shell:Skip shell extension 'powershell' for command environment: Not usable outside of PowerShell
[6.036s] DEBUG:colcon.colcon_core.shell:Skip shell extension 'dsv' for command environment
[6.097s] DEBUG:colcon.colcon_core.event_handler.log_command:Invoking command in '/home/cricchetto/Robomaster_WS/build/robomaster_description': CMAKE_PREFIX_PATH=${CMAKE_PREFIX_PATH}:/home/cricchetto/Robomaster_WS/install/robomaster_ros:/home/cricchetto/Robomaster_WS/install/nav2_simple_commander:/home/cricchetto/Robomaster_WS/install/ep_control:/home/cricchetto/Robomaster_WS/install/drift:/opt/ros/humble /usr/bin/cmake --build /home/cricchetto/Robomaster_WS/build/robomaster_description -- -j4 -l4
[6.474s] DEBUG:colcon.colcon_core.event_handler.log_command:Invoked command in '/home/cricchetto/Robomaster_WS/build/robomaster_description' returned '0': CMAKE_PREFIX_PATH=${CMAKE_PREFIX_PATH}:/home/cricchetto/Robomaster_WS/install/robomaster_ros:/home/cricchetto/Robomaster_WS/install/nav2_simple_commander:/home/cricchetto/Robomaster_WS/install/ep_control:/home/cricchetto/Robomaster_WS/install/drift:/opt/ros/humble /usr/bin/cmake --build /home/cricchetto/Robomaster_WS/build/robomaster_description -- -j4 -l4
[6.476s] DEBUG:colcon.colcon_core.event_handler.log_command:Invoking command in '/home/cricchetto/Robomaster_WS/build/robomaster_description': CMAKE_PREFIX_PATH=${CMAKE_PREFIX_PATH}:/home/cricchetto/Robomaster_WS/install/robomaster_ros:/home/cricchetto/Robomaster_WS/install/nav2_simple_commander:/home/cricchetto/Robomaster_WS/install/ep_control:/home/cricchetto/Robomaster_WS/install/drift:/opt/ros/humble /usr/bin/cmake --install /home/cricchetto/Robomaster_WS/build/robomaster_description
[6.613s] Level 1:colcon.colcon_core.environment:create_environment_scripts_only(robomaster_description)
[6.615s] Level 1:colcon.colcon_core.environment:checking '/home/cricchetto/Robomaster_WS/install/robomaster_description' for CMake module files
[6.618s] Level 1:colcon.colcon_core.environment:checking '/home/cricchetto/Robomaster_WS/install/robomaster_description' for CMake config files
[6.622s] Level 1:colcon.colcon_core.shell:create_environment_hook('robomaster_description', 'cmake_prefix_path')
[6.623s] INFO:colcon.colcon_core.shell:Creating environment hook '/home/cricchetto/Robomaster_WS/install/robomaster_description/share/robomaster_description/hook/cmake_prefix_path.ps1'
[6.639s] INFO:colcon.colcon_core.shell:Creating environment descriptor '/home/cricchetto/Robomaster_WS/install/robomaster_description/share/robomaster_description/hook/cmake_prefix_path.dsv'
[6.642s] INFO:colcon.colcon_core.shell:Creating environment hook '/home/cricchetto/Robomaster_WS/install/robomaster_description/share/robomaster_description/hook/cmake_prefix_path.sh'
[6.656s] Level 1:colcon.colcon_core.environment:checking '/home/cricchetto/Robomaster_WS/install/robomaster_description/bin'
[6.657s] Level 1:colcon.colcon_core.environment:checking '/home/cricchetto/Robomaster_WS/install/robomaster_description/lib/pkgconfig/robomaster_description.pc'
[6.658s] Level 1:colcon.colcon_core.environment:checking '/home/cricchetto/Robomaster_WS/install/robomaster_description/lib/python3.10/site-packages'
[6.660s] Level 1:colcon.colcon_core.environment:checking '/home/cricchetto/Robomaster_WS/install/robomaster_description/bin'
[6.661s] INFO:colcon.colcon_core.shell:Creating package script '/home/cricchetto/Robomaster_WS/install/robomaster_description/share/robomaster_description/package.ps1'
[6.675s] INFO:colcon.colcon_core.shell:Creating package descriptor '/home/cricchetto/Robomaster_WS/install/robomaster_description/share/robomaster_description/package.dsv'
[6.679s] INFO:colcon.colcon_core.shell:Creating package script '/home/cricchetto/Robomaster_WS/install/robomaster_description/share/robomaster_description/package.sh'
[6.683s] INFO:colcon.colcon_core.shell:Creating package script '/home/cricchetto/Robomaster_WS/install/robomaster_description/share/robomaster_description/package.bash'
[6.690s] INFO:colcon.colcon_core.shell:Creating package script '/home/cricchetto/Robomaster_WS/install/robomaster_description/share/robomaster_description/package.zsh'
[6.692s] Level 1:colcon.colcon_core.environment:create_file_with_runtime_dependencies(/home/cricchetto/Robomaster_WS/install/robomaster_description/share/colcon-core/packages/robomaster_description)
[6.695s] Level 1:colcon.colcon_core.environment:create_environment_scripts_only(robomaster_description)
[6.697s] Level 1:colcon.colcon_core.environment:checking '/home/cricchetto/Robomaster_WS/install/robomaster_description' for CMake module files
[6.700s] Level 1:colcon.colcon_core.environment:checking '/home/cricchetto/Robomaster_WS/install/robomaster_description' for CMake config files
[6.704s] Level 1:colcon.colcon_core.shell:create_environment_hook('robomaster_description', 'cmake_prefix_path')
[6.706s] INFO:colcon.colcon_core.shell:Creating environment hook '/home/cricchetto/Robomaster_WS/install/robomaster_description/share/robomaster_description/hook/cmake_prefix_path.ps1'
[6.710s] INFO:colcon.colcon_core.shell:Creating environment descriptor '/home/cricchetto/Robomaster_WS/install/robomaster_description/share/robomaster_description/hook/cmake_prefix_path.dsv'
[6.714s] INFO:colcon.colcon_core.shell:Creating environment hook '/home/cricchetto/Robomaster_WS/install/robomaster_description/share/robomaster_description/hook/cmake_prefix_path.sh'
[6.720s] Level 1:colcon.colcon_core.environment:checking '/home/cricchetto/Robomaster_WS/install/robomaster_description/bin'
[6.721s] Level 1:colcon.colcon_core.environment:checking '/home/cricchetto/Robomaster_WS/install/robomaster_description/lib/pkgconfig/robomaster_description.pc'
[6.722s] Level 1:colcon.colcon_core.environment:checking '/home/cricchetto/Robomaster_WS/install/robomaster_description/lib/python3.10/site-packages'
[6.724s] Level 1:colcon.colcon_core.environment:checking '/home/cricchetto/Robomaster_WS/install/robomaster_description/bin'
[6.726s] INFO:colcon.colcon_core.shell:Creating package script '/home/cricchetto/Robomaster_WS/install/robomaster_description/share/robomaster_description/package.ps1'
[6.730s] INFO:colcon.colcon_core.shell:Creating package descriptor '/home/cricchetto/Robomaster_WS/install/robomaster_description/share/robomaster_description/package.dsv'
[6.735s] INFO:colcon.colcon_core.shell:Creating package script '/home/cricchetto/Robomaster_WS/install/robomaster_description/share/robomaster_description/package.sh'
[6.739s] INFO:colcon.colcon_core.shell:Creating package script '/home/cricchetto/Robomaster_WS/install/robomaster_description/share/robomaster_description/package.bash'
[6.743s] INFO:colcon.colcon_core.shell:Creating package script '/home/cricchetto/Robomaster_WS/install/robomaster_description/share/robomaster_description/package.zsh'
[6.747s] Level 1:colcon.colcon_core.environment:create_file_with_runtime_dependencies(/home/cricchetto/Robomaster_WS/install/robomaster_description/share/colcon-core/packages/robomaster_description)
[6.750s] INFO:colcon.colcon_ros.task.ament_cmake.build:Building ROS package in '/home/cricchetto/Robomaster_WS/src/sllidar_ros2' with build type 'ament_cmake'
[6.751s] INFO:colcon.colcon_cmake.task.cmake.build:Building CMake package in '/home/cricchetto/Robomaster_WS/src/sllidar_ros2'
[6.752s] INFO:colcon.colcon_core.shell:Skip shell extension 'powershell' for command environment: Not usable outside of PowerShell
[6.753s] DEBUG:colcon.colcon_core.shell:Skip shell extension 'dsv' for command environment
[6.760s] DEBUG:colcon.colcon_core.event_handler.log_command:Invoked command in '/home/cricchetto/Robomaster_WS/build/robomaster_description' returned '0': CMAKE_PREFIX_PATH=${CMAKE_PREFIX_PATH}:/home/cricchetto/Robomaster_WS/install/robomaster_ros:/home/cricchetto/Robomaster_WS/install/nav2_simple_commander:/home/cricchetto/Robomaster_WS/install/ep_control:/home/cricchetto/Robomaster_WS/install/drift:/opt/ros/humble /usr/bin/cmake --install /home/cricchetto/Robomaster_WS/build/robomaster_description
[6.798s] DEBUG:colcon.colcon_core.event_handler.log_command:Invoked command in '/home/cricchetto/Robomaster_WS/build/multirobot_map_merge' returned '0': CMAKE_PREFIX_PATH=${CMAKE_PREFIX_PATH}:/home/cricchetto/Robomaster_WS/install/robomaster_ros:/home/cricchetto/Robomaster_WS/install/nav2_simple_commander:/home/cricchetto/Robomaster_WS/install/ep_control:/home/cricchetto/Robomaster_WS/install/drift:/opt/ros/humble /usr/bin/cmake --build /home/cricchetto/Robomaster_WS/build/multirobot_map_merge -- -j4 -l4
[6.801s] DEBUG:colcon.colcon_core.event_handler.log_command:Invoking command in '/home/cricchetto/Robomaster_WS/build/multirobot_map_merge': CMAKE_PREFIX_PATH=${CMAKE_PREFIX_PATH}:/home/cricchetto/Robomaster_WS/install/robomaster_ros:/home/cricchetto/Robomaster_WS/install/nav2_simple_commander:/home/cricchetto/Robomaster_WS/install/ep_control:/home/cricchetto/Robomaster_WS/install/drift:/opt/ros/humble /usr/bin/cmake --install /home/cricchetto/Robomaster_WS/build/multirobot_map_merge
[6.829s] DEBUG:colcon.colcon_core.event_handler.log_command:Invoking command in '/home/cricchetto/Robomaster_WS/build/sllidar_ros2': CMAKE_PREFIX_PATH=${CMAKE_PREFIX_PATH}:/home/cricchetto/Robomaster_WS/install/robomaster_ros:/home/cricchetto/Robomaster_WS/install/nav2_simple_commander:/home/cricchetto/Robomaster_WS/install/ep_control:/home/cricchetto/Robomaster_WS/install/drift:/opt/ros/humble /usr/bin/cmake --build /home/cricchetto/Robomaster_WS/build/sllidar_ros2 -- -j4 -l4
[6.874s] Level 1:colcon.colcon_core.environment:create_environment_scripts_only(multirobot_map_merge)
[6.876s] Level 1:colcon.colcon_core.environment:checking '/home/cricchetto/Robomaster_WS/install/multirobot_map_merge' for CMake module files
[6.891s] Level 1:colcon.colcon_core.environment:checking '/home/cricchetto/Robomaster_WS/install/multirobot_map_merge' for CMake config files
[6.900s] Level 1:colcon.colcon_core.shell:create_environment_hook('multirobot_map_merge', 'cmake_prefix_path')
[6.901s] INFO:colcon.colcon_core.shell:Creating environment hook '/home/cricchetto/Robomaster_WS/install/multirobot_map_merge/share/multirobot_map_merge/hook/cmake_prefix_path.ps1'
[6.906s] DEBUG:colcon.colcon_core.event_handler.log_command:Invoked command in '/home/cricchetto/Robomaster_WS/build/multirobot_map_merge' returned '0': CMAKE_PREFIX_PATH=${CMAKE_PREFIX_PATH}:/home/cricchetto/Robomaster_WS/install/robomaster_ros:/home/cricchetto/Robomaster_WS/install/nav2_simple_commander:/home/cricchetto/Robomaster_WS/install/ep_control:/home/cricchetto/Robomaster_WS/install/drift:/opt/ros/humble /usr/bin/cmake --install /home/cricchetto/Robomaster_WS/build/multirobot_map_merge
[6.907s] INFO:colcon.colcon_core.shell:Creating environment descriptor '/home/cricchetto/Robomaster_WS/install/multirobot_map_merge/share/multirobot_map_merge/hook/cmake_prefix_path.dsv'
[6.909s] INFO:colcon.colcon_core.shell:Creating environment hook '/home/cricchetto/Robomaster_WS/install/multirobot_map_merge/share/multirobot_map_merge/hook/cmake_prefix_path.sh'
[6.913s] Level 1:colcon.colcon_core.environment:checking '/home/cricchetto/Robomaster_WS/install/multirobot_map_merge/lib'
[6.914s] Level 1:colcon.colcon_core.environment:checking '/home/cricchetto/Robomaster_WS/install/multirobot_map_merge/bin'
[6.914s] Level 1:colcon.colcon_core.environment:checking '/home/cricchetto/Robomaster_WS/install/multirobot_map_merge/lib/pkgconfig/multirobot_map_merge.pc'
[6.916s] Level 1:colcon.colcon_core.environment:checking '/home/cricchetto/Robomaster_WS/install/multirobot_map_merge/lib/python3.10/site-packages'
[6.918s] Level 1:colcon.colcon_core.environment:checking '/home/cricchetto/Robomaster_WS/install/multirobot_map_merge/bin'
[6.919s] INFO:colcon.colcon_core.shell:Creating package script '/home/cricchetto/Robomaster_WS/install/multirobot_map_merge/share/multirobot_map_merge/package.ps1'
[6.923s] INFO:colcon.colcon_core.shell:Creating package descriptor '/home/cricchetto/Robomaster_WS/install/multirobot_map_merge/share/multirobot_map_merge/package.dsv'
[6.927s] INFO:colcon.colcon_core.shell:Creating package script '/home/cricchetto/Robomaster_WS/install/multirobot_map_merge/share/multirobot_map_merge/package.sh'
[6.930s] INFO:colcon.colcon_core.shell:Creating package script '/home/cricchetto/Robomaster_WS/install/multirobot_map_merge/share/multirobot_map_merge/package.bash'
[6.934s] INFO:colcon.colcon_core.shell:Creating package script '/home/cricchetto/Robomaster_WS/install/multirobot_map_merge/share/multirobot_map_merge/package.zsh'
[6.937s] Level 1:colcon.colcon_core.environment:create_file_with_runtime_dependencies(/home/cricchetto/Robomaster_WS/install/multirobot_map_merge/share/colcon-core/packages/multirobot_map_merge)
[6.941s] Level 1:colcon.colcon_core.environment:create_environment_scripts_only(multirobot_map_merge)
[6.943s] Level 1:colcon.colcon_core.environment:checking '/home/cricchetto/Robomaster_WS/install/multirobot_map_merge' for CMake module files
[6.947s] Level 1:colcon.colcon_core.environment:checking '/home/cricchetto/Robomaster_WS/install/multirobot_map_merge' for CMake config files
[6.949s] Level 1:colcon.colcon_core.shell:create_environment_hook('multirobot_map_merge', 'cmake_prefix_path')
[6.950s] INFO:colcon.colcon_core.shell:Creating environment hook '/home/cricchetto/Robomaster_WS/install/multirobot_map_merge/share/multirobot_map_merge/hook/cmake_prefix_path.ps1'
[6.953s] INFO:colcon.colcon_core.shell:Creating environment descriptor '/home/cricchetto/Robomaster_WS/install/multirobot_map_merge/share/multirobot_map_merge/hook/cmake_prefix_path.dsv'
[6.955s] INFO:colcon.colcon_core.shell:Creating environment hook '/home/cricchetto/Robomaster_WS/install/multirobot_map_merge/share/multirobot_map_merge/hook/cmake_prefix_path.sh'
[6.959s] Level 1:colcon.colcon_core.environment:checking '/home/cricchetto/Robomaster_WS/install/multirobot_map_merge/lib'
[6.960s] Level 1:colcon.colcon_core.environment:checking '/home/cricchetto/Robomaster_WS/install/multirobot_map_merge/bin'
[6.960s] Level 1:colcon.colcon_core.environment:checking '/home/cricchetto/Robomaster_WS/install/multirobot_map_merge/lib/pkgconfig/multirobot_map_merge.pc'
[6.961s] Level 1:colcon.colcon_core.environment:checking '/home/cricchetto/Robomaster_WS/install/multirobot_map_merge/lib/python3.10/site-packages'
[6.963s] Level 1:colcon.colcon_core.environment:checking '/home/cricchetto/Robomaster_WS/install/multirobot_map_merge/bin'
[6.965s] INFO:colcon.colcon_core.shell:Creating package script '/home/cricchetto/Robomaster_WS/install/multirobot_map_merge/share/multirobot_map_merge/package.ps1'
[6.968s] INFO:colcon.colcon_core.shell:Creating package descriptor '/home/cricchetto/Robomaster_WS/install/multirobot_map_merge/share/multirobot_map_merge/package.dsv'
[6.973s] INFO:colcon.colcon_core.shell:Creating package script '/home/cricchetto/Robomaster_WS/install/multirobot_map_merge/share/multirobot_map_merge/package.sh'
[6.979s] INFO:colcon.colcon_core.shell:Creating package script '/home/cricchetto/Robomaster_WS/install/multirobot_map_merge/share/multirobot_map_merge/package.bash'
[6.985s] INFO:colcon.colcon_core.shell:Creating package script '/home/cricchetto/Robomaster_WS/install/multirobot_map_merge/share/multirobot_map_merge/package.zsh'
[6.991s] Level 1:colcon.colcon_core.environment:create_file_with_runtime_dependencies(/home/cricchetto/Robomaster_WS/install/multirobot_map_merge/share/colcon-core/packages/multirobot_map_merge)
[6.998s] INFO:colcon.colcon_ros.task.ament_python.build:Building ROS package in '/home/cricchetto/Robomaster_WS/src/robomaster_ros/robomaster_ros' with build type 'ament_python'
[7.000s] Level 1:colcon.colcon_core.shell:create_environment_hook('robomaster_ros', 'ament_prefix_path')
[7.003s] INFO:colcon.colcon_core.shell:Creating environment hook '/home/cricchetto/Robomaster_WS/install/robomaster_ros/share/robomaster_ros/hook/ament_prefix_path.ps1'
[7.007s] INFO:colcon.colcon_core.shell:Creating environment descriptor '/home/cricchetto/Robomaster_WS/install/robomaster_ros/share/robomaster_ros/hook/ament_prefix_path.dsv'
[7.012s] INFO:colcon.colcon_core.shell:Creating environment hook '/home/cricchetto/Robomaster_WS/install/robomaster_ros/share/robomaster_ros/hook/ament_prefix_path.sh'
[7.018s] INFO:colcon.colcon_core.shell:Skip shell extension 'powershell' for command environment: Not usable outside of PowerShell
[7.019s] DEBUG:colcon.colcon_core.shell:Skip shell extension 'dsv' for command environment
[8.345s] INFO:colcon.colcon_core.task.python.build:Building Python package in '/home/cricchetto/Robomaster_WS/src/robomaster_ros/robomaster_ros'
[8.346s] INFO:colcon.colcon_core.shell:Skip shell extension 'powershell' for command environment: Not usable outside of PowerShell
[8.346s] DEBUG:colcon.colcon_core.shell:Skip shell extension 'dsv' for command environment
[8.381s] DEBUG:colcon.colcon_core.event_handler.log_command:Invoking command in '/home/cricchetto/Robomaster_WS/src/drift': PYTHONPATH=/home/cricchetto/Robomaster_WS/build/drift/prefix_override:/usr/lib/python3/dist-packages/colcon_core/task/python/colcon_distutils_commands:/home/cricchetto/Robomaster_WS/install/drift/lib/python3.10/site-packages:${PYTHONPATH} /usr/bin/python3 -W ignore:setup.py install is deprecated -W ignore:easy_install command is deprecated setup.py egg_info --egg-base ../../build/drift build --build-base /home/cricchetto/Robomaster_WS/build/drift/build install --record /home/cricchetto/Robomaster_WS/build/drift/install.log --single-version-externally-managed install_data
[8.395s] DEBUG:colcon.colcon_core.event_handler.log_command:Invoking command in '/home/cricchetto/Robomaster_WS/src/ep_control': PYTHONPATH=/home/cricchetto/Robomaster_WS/build/ep_control/prefix_override:/usr/lib/python3/dist-packages/colcon_core/task/python/colcon_distutils_commands:/home/cricchetto/Robomaster_WS/install/ep_control/lib/python3.10/site-packages:${PYTHONPATH} /usr/bin/python3 -W ignore:setup.py install is deprecated -W ignore:easy_install command is deprecated setup.py egg_info --egg-base ../../build/ep_control build --build-base /home/cricchetto/Robomaster_WS/build/ep_control/build install --record /home/cricchetto/Robomaster_WS/build/ep_control/install.log --single-version-externally-managed install_data
[8.400s] DEBUG:colcon.colcon_core.event_handler.log_command:Invoked command in '/home/cricchetto/Robomaster_WS/build/sllidar_ros2' returned '0': CMAKE_PREFIX_PATH=${CMAKE_PREFIX_PATH}:/home/cricchetto/Robomaster_WS/install/robomaster_ros:/home/cricchetto/Robomaster_WS/install/nav2_simple_commander:/home/cricchetto/Robomaster_WS/install/ep_control:/home/cricchetto/Robomaster_WS/install/drift:/opt/ros/humble /usr/bin/cmake --build /home/cricchetto/Robomaster_WS/build/sllidar_ros2 -- -j4 -l4
[8.410s] DEBUG:colcon.colcon_core.event_handler.log_command:Invoking command in '/home/cricchetto/Robomaster_WS/build/sllidar_ros2': CMAKE_PREFIX_PATH=${CMAKE_PREFIX_PATH}:/home/cricchetto/Robomaster_WS/install/robomaster_ros:/home/cricchetto/Robomaster_WS/install/nav2_simple_commander:/home/cricchetto/Robomaster_WS/install/ep_control:/home/cricchetto/Robomaster_WS/install/drift:/opt/ros/humble /usr/bin/cmake --install /home/cricchetto/Robomaster_WS/build/sllidar_ros2
[8.542s] Level 1:colcon.colcon_core.environment:create_environment_scripts_only(sllidar_ros2)
[8.544s] Level 1:colcon.colcon_core.environment:checking '/home/cricchetto/Robomaster_WS/install/sllidar_ros2' for CMake module files
[8.547s] Level 1:colcon.colcon_core.environment:checking '/home/cricchetto/Robomaster_WS/install/sllidar_ros2' for CMake config files
[8.549s] Level 1:colcon.colcon_core.shell:create_environment_hook('sllidar_ros2', 'cmake_prefix_path')
[8.550s] INFO:colcon.colcon_core.shell:Creating environment hook '/home/cricchetto/Robomaster_WS/install/sllidar_ros2/share/sllidar_ros2/hook/cmake_prefix_path.ps1'
[8.552s] DEBUG:colcon.colcon_core.event_handler.log_command:Invoked command in '/home/cricchetto/Robomaster_WS/build/sllidar_ros2' returned '0': CMAKE_PREFIX_PATH=${CMAKE_PREFIX_PATH}:/home/cricchetto/Robomaster_WS/install/robomaster_ros:/home/cricchetto/Robomaster_WS/install/nav2_simple_commander:/home/cricchetto/Robomaster_WS/install/ep_control:/home/cricchetto/Robomaster_WS/install/drift:/opt/ros/humble /usr/bin/cmake --install /home/cricchetto/Robomaster_WS/build/sllidar_ros2
[8.555s] INFO:colcon.colcon_core.shell:Creating environment descriptor '/home/cricchetto/Robomaster_WS/install/sllidar_ros2/share/sllidar_ros2/hook/cmake_prefix_path.dsv'
[8.558s] INFO:colcon.colcon_core.shell:Creating environment hook '/home/cricchetto/Robomaster_WS/install/sllidar_ros2/share/sllidar_ros2/hook/cmake_prefix_path.sh'
[8.562s] Level 1:colcon.colcon_core.environment:checking '/home/cricchetto/Robomaster_WS/install/sllidar_ros2/lib'
[8.562s] Level 1:colcon.colcon_core.environment:checking '/home/cricchetto/Robomaster_WS/install/sllidar_ros2/bin'
[8.563s] Level 1:colcon.colcon_core.environment:checking '/home/cricchetto/Robomaster_WS/install/sllidar_ros2/lib/pkgconfig/sllidar_ros2.pc'
[8.564s] Level 1:colcon.colcon_core.environment:checking '/home/cricchetto/Robomaster_WS/install/sllidar_ros2/lib/python3.10/site-packages'
[8.566s] Level 1:colcon.colcon_core.environment:checking '/home/cricchetto/Robomaster_WS/install/sllidar_ros2/bin'
[8.568s] INFO:colcon.colcon_core.shell:Creating package script '/home/cricchetto/Robomaster_WS/install/sllidar_ros2/share/sllidar_ros2/package.ps1'
[8.571s] INFO:colcon.colcon_core.shell:Creating package descriptor '/home/cricchetto/Robomaster_WS/install/sllidar_ros2/share/sllidar_ros2/package.dsv'
[8.574s] INFO:colcon.colcon_core.shell:Creating package script '/home/cricchetto/Robomaster_WS/install/sllidar_ros2/share/sllidar_ros2/package.sh'
[8.577s] INFO:colcon.colcon_core.shell:Creating package script '/home/cricchetto/Robomaster_WS/install/sllidar_ros2/share/sllidar_ros2/package.bash'
[8.580s] INFO:colcon.colcon_core.shell:Creating package script '/home/cricchetto/Robomaster_WS/install/sllidar_ros2/share/sllidar_ros2/package.zsh'
[8.583s] Level 1:colcon.colcon_core.environment:create_file_with_runtime_dependencies(/home/cricchetto/Robomaster_WS/install/sllidar_ros2/share/colcon-core/packages/sllidar_ros2)
[8.586s] Level 1:colcon.colcon_core.environment:create_environment_scripts_only(sllidar_ros2)
[8.588s] Level 1:colcon.colcon_core.environment:checking '/home/cricchetto/Robomaster_WS/install/sllidar_ros2' for CMake module files
[8.592s] Level 1:colcon.colcon_core.environment:checking '/home/cricchetto/Robomaster_WS/install/sllidar_ros2' for CMake config files
[8.593s] Level 1:colcon.colcon_core.shell:create_environment_hook('sllidar_ros2', 'cmake_prefix_path')
[8.595s] INFO:colcon.colcon_core.shell:Creating environment hook '/home/cricchetto/Robomaster_WS/install/sllidar_ros2/share/sllidar_ros2/hook/cmake_prefix_path.ps1'
[8.597s] INFO:colcon.colcon_core.shell:Creating environment descriptor '/home/cricchetto/Robomaster_WS/install/sllidar_ros2/share/sllidar_ros2/hook/cmake_prefix_path.dsv'
[8.600s] INFO:colcon.colcon_core.shell:Creating environment hook '/home/cricchetto/Robomaster_WS/install/sllidar_ros2/share/sllidar_ros2/hook/cmake_prefix_path.sh'
[8.604s] Level 1:colcon.colcon_core.environment:checking '/home/cricchetto/Robomaster_WS/install/sllidar_ros2/lib'
[8.605s] Level 1:colcon.colcon_core.environment:checking '/home/cricchetto/Robomaster_WS/install/sllidar_ros2/bin'
[8.605s] Level 1:colcon.colcon_core.environment:checking '/home/cricchetto/Robomaster_WS/install/sllidar_ros2/lib/pkgconfig/sllidar_ros2.pc'
[8.607s] Level 1:colcon.colcon_core.environment:checking '/home/cricchetto/Robomaster_WS/install/sllidar_ros2/lib/python3.10/site-packages'
[8.609s] Level 1:colcon.colcon_core.environment:checking '/home/cricchetto/Robomaster_WS/install/sllidar_ros2/bin'
[8.610s] INFO:colcon.colcon_core.shell:Creating package script '/home/cricchetto/Robomaster_WS/install/sllidar_ros2/share/sllidar_ros2/package.ps1'
[8.613s] INFO:colcon.colcon_core.shell:Creating package descriptor '/home/cricchetto/Robomaster_WS/install/sllidar_ros2/share/sllidar_ros2/package.dsv'
[8.618s] INFO:colcon.colcon_core.shell:Creating package script '/home/cricchetto/Robomaster_WS/install/sllidar_ros2/share/sllidar_ros2/package.sh'
[8.621s] INFO:colcon.colcon_core.shell:Creating package script '/home/cricchetto/Robomaster_WS/install/sllidar_ros2/share/sllidar_ros2/package.bash'
[8.626s] INFO:colcon.colcon_core.shell:Creating package script '/home/cricchetto/Robomaster_WS/install/sllidar_ros2/share/sllidar_ros2/package.zsh'
[8.630s] Level 1:colcon.colcon_core.environment:create_file_with_runtime_dependencies(/home/cricchetto/Robomaster_WS/install/sllidar_ros2/share/colcon-core/packages/sllidar_ros2)
[10.087s] Level 1:colcon.colcon_core.environment:checking '/home/cricchetto/Robomaster_WS/install/drift' for CMake module files
[10.090s] Level 1:colcon.colcon_core.environment:checking '/home/cricchetto/Robomaster_WS/install/drift' for CMake config files
[10.095s] Level 1:colcon.colcon_core.environment:checking '/home/cricchetto/Robomaster_WS/install/drift/lib'
[10.096s] Level 1:colcon.colcon_core.environment:checking '/home/cricchetto/Robomaster_WS/install/drift/bin'
[10.097s] Level 1:colcon.colcon_core.environment:checking '/home/cricchetto/Robomaster_WS/install/drift/lib/pkgconfig/drift.pc'
[10.098s] Level 1:colcon.colcon_core.environment:checking '/home/cricchetto/Robomaster_WS/install/drift/lib/python3.10/site-packages'
[10.099s] Level 1:colcon.colcon_core.shell:create_environment_hook('drift', 'pythonpath')
[10.100s] INFO:colcon.colcon_core.shell:Creating environment hook '/home/cricchetto/Robomaster_WS/install/drift/share/drift/hook/pythonpath.ps1'
[10.105s] DEBUG:colcon.colcon_core.event_handler.log_command:Invoked command in '/home/cricchetto/Robomaster_WS/src/drift' returned '0': PYTHONPATH=/home/cricchetto/Robomaster_WS/build/drift/prefix_override:/usr/lib/python3/dist-packages/colcon_core/task/python/colcon_distutils_commands:/home/cricchetto/Robomaster_WS/install/drift/lib/python3.10/site-packages:${PYTHONPATH} /usr/bin/python3 -W ignore:setup.py install is deprecated -W ignore:easy_install command is deprecated setup.py egg_info --egg-base ../../build/drift build --build-base /home/cricchetto/Robomaster_WS/build/drift/build install --record /home/cricchetto/Robomaster_WS/build/drift/install.log --single-version-externally-managed install_data
[10.107s] INFO:colcon.colcon_core.shell:Creating environment descriptor '/home/cricchetto/Robomaster_WS/install/drift/share/drift/hook/pythonpath.dsv'
[10.109s] INFO:colcon.colcon_core.shell:Creating environment hook '/home/cricchetto/Robomaster_WS/install/drift/share/drift/hook/pythonpath.sh'
[10.114s] Level 1:colcon.colcon_core.environment:checking '/home/cricchetto/Robomaster_WS/install/drift/bin'
[10.115s] Level 1:colcon.colcon_core.environment:create_environment_scripts_only(drift)
[10.116s] INFO:colcon.colcon_core.shell:Creating package script '/home/cricchetto/Robomaster_WS/install/drift/share/drift/package.ps1'
[10.120s] INFO:colcon.colcon_core.shell:Creating package descriptor '/home/cricchetto/Robomaster_WS/install/drift/share/drift/package.dsv'
[10.122s] INFO:colcon.colcon_core.shell:Creating package script '/home/cricchetto/Robomaster_WS/install/drift/share/drift/package.sh'
[10.124s] INFO:colcon.colcon_core.shell:Creating package script '/home/cricchetto/Robomaster_WS/install/drift/share/drift/package.bash'
[10.126s] INFO:colcon.colcon_core.shell:Creating package script '/home/cricchetto/Robomaster_WS/install/drift/share/drift/package.zsh'
[10.128s] Level 1:colcon.colcon_core.environment:create_file_with_runtime_dependencies(/home/cricchetto/Robomaster_WS/install/drift/share/colcon-core/packages/drift)
[10.133s] Level 1:colcon.colcon_core.environment:checking '/home/cricchetto/Robomaster_WS/install/ep_control' for CMake module files
[10.135s] DEBUG:colcon.colcon_core.event_handler.log_command:Invoked command in '/home/cricchetto/Robomaster_WS/src/ep_control' returned '0': PYTHONPATH=/home/cricchetto/Robomaster_WS/build/ep_control/prefix_override:/usr/lib/python3/dist-packages/colcon_core/task/python/colcon_distutils_commands:/home/cricchetto/Robomaster_WS/install/ep_control/lib/python3.10/site-packages:${PYTHONPATH} /usr/bin/python3 -W ignore:setup.py install is deprecated -W ignore:easy_install command is deprecated setup.py egg_info --egg-base ../../build/ep_control build --build-base /home/cricchetto/Robomaster_WS/build/ep_control/build install --record /home/cricchetto/Robomaster_WS/build/ep_control/install.log --single-version-externally-managed install_data
[10.137s] Level 1:colcon.colcon_core.environment:checking '/home/cricchetto/Robomaster_WS/install/ep_control' for CMake config files
[10.141s] Level 1:colcon.colcon_core.environment:checking '/home/cricchetto/Robomaster_WS/install/ep_control/lib'
[10.142s] Level 1:colcon.colcon_core.environment:checking '/home/cricchetto/Robomaster_WS/install/ep_control/bin'
[10.142s] Level 1:colcon.colcon_core.environment:checking '/home/cricchetto/Robomaster_WS/install/ep_control/lib/pkgconfig/ep_control.pc'
[10.143s] Level 1:colcon.colcon_core.environment:checking '/home/cricchetto/Robomaster_WS/install/ep_control/lib/python3.10/site-packages'
[10.143s] Level 1:colcon.colcon_core.shell:create_environment_hook('ep_control', 'pythonpath')
[10.144s] INFO:colcon.colcon_core.shell:Creating environment hook '/home/cricchetto/Robomaster_WS/install/ep_control/share/ep_control/hook/pythonpath.ps1'
[10.146s] INFO:colcon.colcon_core.shell:Creating environment descriptor '/home/cricchetto/Robomaster_WS/install/ep_control/share/ep_control/hook/pythonpath.dsv'
[10.148s] INFO:colcon.colcon_core.shell:Creating environment hook '/home/cricchetto/Robomaster_WS/install/ep_control/share/ep_control/hook/pythonpath.sh'
[10.152s] Level 1:colcon.colcon_core.environment:checking '/home/cricchetto/Robomaster_WS/install/ep_control/bin'
[10.152s] Level 1:colcon.colcon_core.environment:create_environment_scripts_only(ep_control)
[10.153s] INFO:colcon.colcon_core.shell:Creating package script '/home/cricchetto/Robomaster_WS/install/ep_control/share/ep_control/package.ps1'
[10.155s] INFO:colcon.colcon_core.shell:Creating package descriptor '/home/cricchetto/Robomaster_WS/install/ep_control/share/ep_control/package.dsv'
[10.158s] INFO:colcon.colcon_core.shell:Creating package script '/home/cricchetto/Robomaster_WS/install/ep_control/share/ep_control/package.sh'
[10.160s] INFO:colcon.colcon_core.shell:Creating package script '/home/cricchetto/Robomaster_WS/install/ep_control/share/ep_control/package.bash'
[10.162s] INFO:colcon.colcon_core.shell:Creating package script '/home/cricchetto/Robomaster_WS/install/ep_control/share/ep_control/package.zsh'
[10.164s] Level 1:colcon.colcon_core.environment:create_file_with_runtime_dependencies(/home/cricchetto/Robomaster_WS/install/ep_control/share/colcon-core/packages/ep_control)
[10.488s] DEBUG:colcon.colcon_core.event_handler.log_command:Invoking command in '/home/cricchetto/Robomaster_WS/src/robomaster_ros/robomaster_ros': CMAKE_PREFIX_PATH=/home/cricchetto/Robomaster_WS/install/robomaster_msgs:/home/cricchetto/Robomaster_WS/install/sllidar_ros2:/home/cricchetto/Robomaster_WS/install/robomaster_description:/home/cricchetto/Robomaster_WS/install/dwb_msgs:/home/cricchetto/Robomaster_WS/install/nav_2d_msgs:/home/cricchetto/Robomaster_WS/install/nav2_voxel_grid:/home/cricchetto/Robomaster_WS/install/explore_lite:/home/cricchetto/Robomaster_WS/install/nav2_msgs:/home/cricchetto/Robomaster_WS/install/nav2_common:/home/cricchetto/Robomaster_WS/install/multirobot_map_merge PYTHONPATH=/home/cricchetto/Robomaster_WS/build/robomaster_ros/prefix_override:/usr/lib/python3/dist-packages/colcon_core/task/python/colcon_distutils_commands:/home/cricchetto/Robomaster_WS/install/robomaster_ros/lib/python3.10/site-packages:${PYTHONPATH} /usr/bin/python3 -W ignore:setup.py install is deprecated -W ignore:easy_install command is deprecated setup.py egg_info --egg-base ../../../build/robomaster_ros build --build-base /home/cricchetto/Robomaster_WS/build/robomaster_ros/build install --record /home/cricchetto/Robomaster_WS/build/robomaster_ros/install.log --single-version-externally-managed install_data
[11.784s] Level 1:colcon.colcon_core.environment:checking '/home/cricchetto/Robomaster_WS/install/robomaster_ros' for CMake module files
[11.785s] DEBUG:colcon.colcon_core.event_handler.log_command:Invoked command in '/home/cricchetto/Robomaster_WS/src/robomaster_ros/robomaster_ros' returned '0': CMAKE_PREFIX_PATH=/home/cricchetto/Robomaster_WS/install/robomaster_msgs:/home/cricchetto/Robomaster_WS/install/sllidar_ros2:/home/cricchetto/Robomaster_WS/install/robomaster_description:/home/cricchetto/Robomaster_WS/install/dwb_msgs:/home/cricchetto/Robomaster_WS/install/nav_2d_msgs:/home/cricchetto/Robomaster_WS/install/nav2_voxel_grid:/home/cricchetto/Robomaster_WS/install/explore_lite:/home/cricchetto/Robomaster_WS/install/nav2_msgs:/home/cricchetto/Robomaster_WS/install/nav2_common:/home/cricchetto/Robomaster_WS/install/multirobot_map_merge PYTHONPATH=/home/cricchetto/Robomaster_WS/build/robomaster_ros/prefix_override:/usr/lib/python3/dist-packages/colcon_core/task/python/colcon_distutils_commands:/home/cricchetto/Robomaster_WS/install/robomaster_ros/lib/python3.10/site-packages:${PYTHONPATH} /usr/bin/python3 -W ignore:setup.py install is deprecated -W ignore:easy_install command is deprecated setup.py egg_info --egg-base ../../../build/robomaster_ros build --build-base /home/cricchetto/Robomaster_WS/build/robomaster_ros/build install --record /home/cricchetto/Robomaster_WS/build/robomaster_ros/install.log --single-version-externally-managed install_data
[11.788s] Level 1:colcon.colcon_core.environment:checking '/home/cricchetto/Robomaster_WS/install/robomaster_ros' for CMake config files
[11.794s] Level 1:colcon.colcon_core.environment:checking '/home/cricchetto/Robomaster_WS/install/robomaster_ros/lib'
[11.794s] Level 1:colcon.colcon_core.environment:checking '/home/cricchetto/Robomaster_WS/install/robomaster_ros/bin'
[11.794s] Level 1:colcon.colcon_core.environment:checking '/home/cricchetto/Robomaster_WS/install/robomaster_ros/lib/pkgconfig/robomaster_ros.pc'
[11.795s] Level 1:colcon.colcon_core.environment:checking '/home/cricchetto/Robomaster_WS/install/robomaster_ros/lib/python3.10/site-packages'
[11.796s] Level 1:colcon.colcon_core.shell:create_environment_hook('robomaster_ros', 'pythonpath')
[11.797s] INFO:colcon.colcon_core.shell:Creating environment hook '/home/cricchetto/Robomaster_WS/install/robomaster_ros/share/robomaster_ros/hook/pythonpath.ps1'
[11.799s] INFO:colcon.colcon_core.shell:Creating environment descriptor '/home/cricchetto/Robomaster_WS/install/robomaster_ros/share/robomaster_ros/hook/pythonpath.dsv'
[11.801s] INFO:colcon.colcon_core.shell:Creating environment hook '/home/cricchetto/Robomaster_WS/install/robomaster_ros/share/robomaster_ros/hook/pythonpath.sh'
[11.805s] Level 1:colcon.colcon_core.environment:checking '/home/cricchetto/Robomaster_WS/install/robomaster_ros/bin'
[11.805s] Level 1:colcon.colcon_core.environment:create_environment_scripts_only(robomaster_ros)
[11.806s] INFO:colcon.colcon_core.shell:Creating package script '/home/cricchetto/Robomaster_WS/install/robomaster_ros/share/robomaster_ros/package.ps1'
[11.809s] INFO:colcon.colcon_core.shell:Creating package descriptor '/home/cricchetto/Robomaster_WS/install/robomaster_ros/share/robomaster_ros/package.dsv'
[11.811s] INFO:colcon.colcon_core.shell:Creating package script '/home/cricchetto/Robomaster_WS/install/robomaster_ros/share/robomaster_ros/package.sh'
[11.813s] INFO:colcon.colcon_core.shell:Creating package script '/home/cricchetto/Robomaster_WS/install/robomaster_ros/share/robomaster_ros/package.bash'
[11.815s] INFO:colcon.colcon_core.shell:Creating package script '/home/cricchetto/Robomaster_WS/install/robomaster_ros/share/robomaster_ros/package.zsh'
[11.817s] Level 1:colcon.colcon_core.environment:create_file_with_runtime_dependencies(/home/cricchetto/Robomaster_WS/install/robomaster_ros/share/colcon-core/packages/robomaster_ros)
[11.818s] DEBUG:colcon.colcon_parallel_executor.executor.parallel:closing loop
[11.820s] DEBUG:colcon.colcon_parallel_executor.executor.parallel:loop closed
[11.820s] DEBUG:colcon.colcon_parallel_executor.executor.parallel:run_until_complete finished with '0'
[11.820s] DEBUG:colcon.colcon_core.event_reactor:joining thread
[11.844s] INFO:colcon.colcon_core.plugin_system:Skipping extension 'colcon_notification.desktop_notification.notify_send': Could not find 'notify-send'
[11.844s] INFO:colcon.colcon_core.plugin_system:Skipping extension 'colcon_notification.desktop_notification.terminal_notifier': Not used on non-Darwin systems
[11.844s] INFO:colcon.colcon_core.plugin_system:Skipping extension 'colcon_notification.desktop_notification.win32': Not used on non-Windows systems
[11.845s] INFO:colcon.colcon_notification.desktop_notification:Sending desktop notification using 'notify2'
[11.847s] DEBUG:colcon.colcon_notification.desktop_notification.notify2:Failed to initialize notify2: org.freedesktop.DBus.Error.ServiceUnknown: The name org.freedesktop.Notifications was not provided by any .service files
[11.847s] DEBUG:colcon.colcon_core.event_reactor:joined thread
[11.848s] INFO:colcon.colcon_core.shell:Creating prefix script '/home/cricchetto/Robomaster_WS/install/local_setup.ps1'
[11.852s] INFO:colcon.colcon_core.shell:Creating prefix util module '/home/cricchetto/Robomaster_WS/install/_local_setup_util_ps1.py'
[11.858s] INFO:colcon.colcon_core.shell:Creating prefix chain script '/home/cricchetto/Robomaster_WS/install/setup.ps1'
[11.868s] INFO:colcon.colcon_core.shell:Creating prefix script '/home/cricchetto/Robomaster_WS/install/local_setup.sh'
[11.871s] INFO:colcon.colcon_core.shell:Creating prefix util module '/home/cricchetto/Robomaster_WS/install/_local_setup_util_sh.py'
[11.874s] INFO:colcon.colcon_core.shell:Creating prefix chain script '/home/cricchetto/Robomaster_WS/install/setup.sh'
[11.882s] INFO:colcon.colcon_core.shell:Creating prefix script '/home/cricchetto/Robomaster_WS/install/local_setup.bash'
[11.884s] INFO:colcon.colcon_core.shell:Creating prefix chain script '/home/cricchetto/Robomaster_WS/install/setup.bash'
[11.892s] INFO:colcon.colcon_core.shell:Creating prefix script '/home/cricchetto/Robomaster_WS/install/local_setup.zsh'
[11.895s] INFO:colcon.colcon_core.shell:Creating prefix chain script '/home/cricchetto/Robomaster_WS/install/setup.zsh'
