[0.431s] DEBUG:colcon:Command line arguments: ['/usr/bin/colcon', 'build']
[0.431s] DEBUG:colcon:Parsed command line arguments: Namespace(log_base=None, log_level=None, verb_name='build', build_base='build', install_base='install', merge_install=False, symlink_install=False, test_result_base=None, continue_on_error=False, executor='parallel', parallel_workers=4, event_handlers=None, ignore_user_meta=False, metas=['./colcon.meta'], base_paths=['.'], packages_ignore=None, packages_ignore_regex=None, paths=None, packages_up_to=None, packages_up_to_regex=None, packages_above=None, packages_above_and_dependencies=None, packages_above_depth=None, packages_select_by_dep=None, packages_skip_by_dep=None, packages_skip_up_to=None, packages_select_build_failed=False, packages_skip_build_finished=False, packages_select_test_failures=False, packages_skip_test_passed=False, packages_select=None, packages_skip=None, packages_select_regex=None, packages_skip_regex=None, packages_start=None, packages_end=None, allow_overriding=[], cmake_args=None, cmake_target=None, cmake_target_skip_unavailable=False, cmake_clean_cache=False, cmake_clean_first=False, cmake_force_configure=False, ament_cmake_args=None, catkin_cmake_args=None, catkin_skip_building_tests=False, verb_parser=<colcon_defaults.argument_parser.defaults.DefaultArgumentsDecorator object at 0xffff87943400>, verb_extension=<colcon_core.verb.build.BuildVerb object at 0xffff87a88790>, main=<bound method BuildVerb.main of <colcon_core.verb.build.BuildVerb object at 0xffff87a88790>>)
[1.118s] Level 1:colcon.colcon_core.package_discovery:discover_packages(colcon_meta) check parameters
[1.118s] Level 1:colcon.colcon_core.package_discovery:discover_packages(recursive) check parameters
[1.118s] Level 1:colcon.colcon_core.package_discovery:discover_packages(ignore) check parameters
[1.119s] Level 1:colcon.colcon_core.package_discovery:discover_packages(path) check parameters
[1.119s] Level 1:colcon.colcon_core.package_discovery:discover_packages(colcon_meta) discover
[1.119s] Level 1:colcon.colcon_core.package_discovery:discover_packages(recursive) discover
[1.119s] INFO:colcon.colcon_core.package_discovery:Crawling recursively for packages in '/home/cricchetto/Robomaster_WS'
[1.119s] Level 1:colcon.colcon_core.package_identification:_identify(.) by extensions ['ignore', 'ignore_ament_install']
[1.120s] Level 1:colcon.colcon_core.package_identification:_identify(.) by extension 'ignore'
[1.120s] Level 1:colcon.colcon_core.package_identification:_identify(.) by extension 'ignore_ament_install'
[1.120s] Level 1:colcon.colcon_core.package_identification:_identify(.) by extensions ['colcon_pkg']
[1.120s] Level 1:colcon.colcon_core.package_identification:_identify(.) by extension 'colcon_pkg'
[1.121s] Level 1:colcon.colcon_core.package_identification:_identify(.) by extensions ['colcon_meta']
[1.121s] Level 1:colcon.colcon_core.package_identification:_identify(.) by extension 'colcon_meta'
[1.121s] Level 1:colcon.colcon_core.package_identification:_identify(.) by extensions ['ros']
[1.121s] Level 1:colcon.colcon_core.package_identification:_identify(.) by extension 'ros'
[1.172s] Level 1:colcon.colcon_core.package_identification:_identify(.) by extensions ['cmake', 'python']
[1.172s] Level 1:colcon.colcon_core.package_identification:_identify(.) by extension 'cmake'
[1.173s] Level 1:colcon.colcon_core.package_identification:_identify(.) by extension 'python'
[1.173s] Level 1:colcon.colcon_core.package_identification:_identify(.) by extensions ['python_setup_py']
[1.173s] Level 1:colcon.colcon_core.package_identification:_identify(.) by extension 'python_setup_py'
[1.174s] Level 1:colcon.colcon_core.package_identification:_identify(build) by extensions ['ignore', 'ignore_ament_install']
[1.174s] Level 1:colcon.colcon_core.package_identification:_identify(build) by extension 'ignore'
[1.174s] Level 1:colcon.colcon_core.package_identification:_identify(build) ignored
[1.175s] Level 1:colcon.colcon_core.package_identification:_identify(install) by extensions ['ignore', 'ignore_ament_install']
[1.175s] Level 1:colcon.colcon_core.package_identification:_identify(install) by extension 'ignore'
[1.176s] Level 1:colcon.colcon_core.package_identification:_identify(install) ignored
[1.176s] Level 1:colcon.colcon_core.package_identification:_identify(log) by extensions ['ignore', 'ignore_ament_install']
[1.177s] Level 1:colcon.colcon_core.package_identification:_identify(log) by extension 'ignore'
[1.177s] Level 1:colcon.colcon_core.package_identification:_identify(log) ignored
[1.177s] Level 1:colcon.colcon_core.package_identification:_identify(maps) by extensions ['ignore', 'ignore_ament_install']
[1.178s] Level 1:colcon.colcon_core.package_identification:_identify(maps) by extension 'ignore'
[1.178s] Level 1:colcon.colcon_core.package_identification:_identify(maps) by extension 'ignore_ament_install'
[1.178s] Level 1:colcon.colcon_core.package_identification:_identify(maps) by extensions ['colcon_pkg']
[1.179s] Level 1:colcon.colcon_core.package_identification:_identify(maps) by extension 'colcon_pkg'
[1.179s] Level 1:colcon.colcon_core.package_identification:_identify(maps) by extensions ['colcon_meta']
[1.179s] Level 1:colcon.colcon_core.package_identification:_identify(maps) by extension 'colcon_meta'
[1.179s] Level 1:colcon.colcon_core.package_identification:_identify(maps) by extensions ['ros']
[1.179s] Level 1:colcon.colcon_core.package_identification:_identify(maps) by extension 'ros'
[1.180s] Level 1:colcon.colcon_core.package_identification:_identify(maps) by extensions ['cmake', 'python']
[1.180s] Level 1:colcon.colcon_core.package_identification:_identify(maps) by extension 'cmake'
[1.180s] Level 1:colcon.colcon_core.package_identification:_identify(maps) by extension 'python'
[1.180s] Level 1:colcon.colcon_core.package_identification:_identify(maps) by extensions ['python_setup_py']
[1.180s] Level 1:colcon.colcon_core.package_identification:_identify(maps) by extension 'python_setup_py'
[1.181s] Level 1:colcon.colcon_core.package_identification:_identify(sound) by extensions ['ignore', 'ignore_ament_install']
[1.181s] Level 1:colcon.colcon_core.package_identification:_identify(sound) by extension 'ignore'
[1.181s] Level 1:colcon.colcon_core.package_identification:_identify(sound) by extension 'ignore_ament_install'
[1.182s] Level 1:colcon.colcon_core.package_identification:_identify(sound) by extensions ['colcon_pkg']
[1.182s] Level 1:colcon.colcon_core.package_identification:_identify(sound) by extension 'colcon_pkg'
[1.182s] Level 1:colcon.colcon_core.package_identification:_identify(sound) by extensions ['colcon_meta']
[1.182s] Level 1:colcon.colcon_core.package_identification:_identify(sound) by extension 'colcon_meta'
[1.182s] Level 1:colcon.colcon_core.package_identification:_identify(sound) by extensions ['ros']
[1.182s] Level 1:colcon.colcon_core.package_identification:_identify(sound) by extension 'ros'
[1.183s] Level 1:colcon.colcon_core.package_identification:_identify(sound) by extensions ['cmake', 'python']
[1.183s] Level 1:colcon.colcon_core.package_identification:_identify(sound) by extension 'cmake'
[1.183s] Level 1:colcon.colcon_core.package_identification:_identify(sound) by extension 'python'
[1.183s] Level 1:colcon.colcon_core.package_identification:_identify(sound) by extensions ['python_setup_py']
[1.183s] Level 1:colcon.colcon_core.package_identification:_identify(sound) by extension 'python_setup_py'
[1.184s] Level 1:colcon.colcon_core.package_identification:_identify(src) by extensions ['ignore', 'ignore_ament_install']
[1.184s] Level 1:colcon.colcon_core.package_identification:_identify(src) by extension 'ignore'
[1.184s] Level 1:colcon.colcon_core.package_identification:_identify(src) by extension 'ignore_ament_install'
[1.184s] Level 1:colcon.colcon_core.package_identification:_identify(src) by extensions ['colcon_pkg']
[1.184s] Level 1:colcon.colcon_core.package_identification:_identify(src) by extension 'colcon_pkg'
[1.185s] Level 1:colcon.colcon_core.package_identification:_identify(src) by extensions ['colcon_meta']
[1.185s] Level 1:colcon.colcon_core.package_identification:_identify(src) by extension 'colcon_meta'
[1.185s] Level 1:colcon.colcon_core.package_identification:_identify(src) by extensions ['ros']
[1.185s] Level 1:colcon.colcon_core.package_identification:_identify(src) by extension 'ros'
[1.185s] Level 1:colcon.colcon_core.package_identification:_identify(src) by extensions ['cmake', 'python']
[1.186s] Level 1:colcon.colcon_core.package_identification:_identify(src) by extension 'cmake'
[1.186s] Level 1:colcon.colcon_core.package_identification:_identify(src) by extension 'python'
[1.186s] Level 1:colcon.colcon_core.package_identification:_identify(src) by extensions ['python_setup_py']
[1.186s] Level 1:colcon.colcon_core.package_identification:_identify(src) by extension 'python_setup_py'
[1.187s] Level 1:colcon.colcon_core.package_identification:_identify(src/build) by extensions ['ignore', 'ignore_ament_install']
[1.187s] Level 1:colcon.colcon_core.package_identification:_identify(src/build) by extension 'ignore'
[1.187s] Level 1:colcon.colcon_core.package_identification:_identify(src/build) ignored
[1.187s] Level 1:colcon.colcon_core.package_identification:_identify(src/drift) by extensions ['ignore', 'ignore_ament_install']
[1.188s] Level 1:colcon.colcon_core.package_identification:_identify(src/drift) by extension 'ignore'
[1.188s] Level 1:colcon.colcon_core.package_identification:_identify(src/drift) by extension 'ignore_ament_install'
[1.188s] Level 1:colcon.colcon_core.package_identification:_identify(src/drift) by extensions ['colcon_pkg']
[1.188s] Level 1:colcon.colcon_core.package_identification:_identify(src/drift) by extension 'colcon_pkg'
[1.188s] Level 1:colcon.colcon_core.package_identification:_identify(src/drift) by extensions ['colcon_meta']
[1.188s] Level 1:colcon.colcon_core.package_identification:_identify(src/drift) by extension 'colcon_meta'
[1.189s] Level 1:colcon.colcon_core.package_identification:_identify(src/drift) by extensions ['ros']
[1.189s] Level 1:colcon.colcon_core.package_identification:_identify(src/drift) by extension 'ros'
[1.198s] DEBUG:colcon.colcon_core.package_identification:Package 'src/drift' with type 'ros.ament_python' and name 'drift'
[1.199s] Level 1:colcon.colcon_core.package_identification:_identify(src/ep_control) by extensions ['ignore', 'ignore_ament_install']
[1.199s] Level 1:colcon.colcon_core.package_identification:_identify(src/ep_control) by extension 'ignore'
[1.200s] Level 1:colcon.colcon_core.package_identification:_identify(src/ep_control) by extension 'ignore_ament_install'
[1.200s] Level 1:colcon.colcon_core.package_identification:_identify(src/ep_control) by extensions ['colcon_pkg']
[1.200s] Level 1:colcon.colcon_core.package_identification:_identify(src/ep_control) by extension 'colcon_pkg'
[1.200s] Level 1:colcon.colcon_core.package_identification:_identify(src/ep_control) by extensions ['colcon_meta']
[1.200s] Level 1:colcon.colcon_core.package_identification:_identify(src/ep_control) by extension 'colcon_meta'
[1.201s] Level 1:colcon.colcon_core.package_identification:_identify(src/ep_control) by extensions ['ros']
[1.201s] Level 1:colcon.colcon_core.package_identification:_identify(src/ep_control) by extension 'ros'
[1.203s] DEBUG:colcon.colcon_core.package_identification:Package 'src/ep_control' with type 'ros.ament_python' and name 'ep_control'
[1.204s] Level 1:colcon.colcon_core.package_identification:_identify(src/install) by extensions ['ignore', 'ignore_ament_install']
[1.204s] Level 1:colcon.colcon_core.package_identification:_identify(src/install) by extension 'ignore'
[1.204s] Level 1:colcon.colcon_core.package_identification:_identify(src/install) ignored
[1.205s] Level 1:colcon.colcon_core.package_identification:_identify(src/log) by extensions ['ignore', 'ignore_ament_install']
[1.205s] Level 1:colcon.colcon_core.package_identification:_identify(src/log) by extension 'ignore'
[1.205s] Level 1:colcon.colcon_core.package_identification:_identify(src/log) ignored
[1.206s] Level 1:colcon.colcon_core.package_identification:_identify(src/m-explore-ros2) by extensions ['ignore', 'ignore_ament_install']
[1.206s] Level 1:colcon.colcon_core.package_identification:_identify(src/m-explore-ros2) by extension 'ignore'
[1.206s] Level 1:colcon.colcon_core.package_identification:_identify(src/m-explore-ros2) by extension 'ignore_ament_install'
[1.207s] Level 1:colcon.colcon_core.package_identification:_identify(src/m-explore-ros2) by extensions ['colcon_pkg']
[1.207s] Level 1:colcon.colcon_core.package_identification:_identify(src/m-explore-ros2) by extension 'colcon_pkg'
[1.207s] Level 1:colcon.colcon_core.package_identification:_identify(src/m-explore-ros2) by extensions ['colcon_meta']
[1.207s] Level 1:colcon.colcon_core.package_identification:_identify(src/m-explore-ros2) by extension 'colcon_meta'
[1.207s] Level 1:colcon.colcon_core.package_identification:_identify(src/m-explore-ros2) by extensions ['ros']
[1.207s] Level 1:colcon.colcon_core.package_identification:_identify(src/m-explore-ros2) by extension 'ros'
[1.208s] Level 1:colcon.colcon_core.package_identification:_identify(src/m-explore-ros2) by extensions ['cmake', 'python']
[1.208s] Level 1:colcon.colcon_core.package_identification:_identify(src/m-explore-ros2) by extension 'cmake'
[1.208s] Level 1:colcon.colcon_core.package_identification:_identify(src/m-explore-ros2) by extension 'python'
[1.208s] Level 1:colcon.colcon_core.package_identification:_identify(src/m-explore-ros2) by extensions ['python_setup_py']
[1.208s] Level 1:colcon.colcon_core.package_identification:_identify(src/m-explore-ros2) by extension 'python_setup_py'
[1.209s] Level 1:colcon.colcon_core.package_identification:_identify(src/m-explore-ros2/explore) by extensions ['ignore', 'ignore_ament_install']
[1.209s] Level 1:colcon.colcon_core.package_identification:_identify(src/m-explore-ros2/explore) by extension 'ignore'
[1.209s] Level 1:colcon.colcon_core.package_identification:_identify(src/m-explore-ros2/explore) by extension 'ignore_ament_install'
[1.209s] Level 1:colcon.colcon_core.package_identification:_identify(src/m-explore-ros2/explore) by extensions ['colcon_pkg']
[1.210s] Level 1:colcon.colcon_core.package_identification:_identify(src/m-explore-ros2/explore) by extension 'colcon_pkg'
[1.210s] Level 1:colcon.colcon_core.package_identification:_identify(src/m-explore-ros2/explore) by extensions ['colcon_meta']
[1.210s] Level 1:colcon.colcon_core.package_identification:_identify(src/m-explore-ros2/explore) by extension 'colcon_meta'
[1.210s] Level 1:colcon.colcon_core.package_identification:_identify(src/m-explore-ros2/explore) by extensions ['ros']
[1.210s] Level 1:colcon.colcon_core.package_identification:_identify(src/m-explore-ros2/explore) by extension 'ros'
[1.216s] DEBUG:colcon.colcon_core.package_identification:Package 'src/m-explore-ros2/explore' with type 'ros.ament_cmake' and name 'explore_lite'
[1.217s] Level 1:colcon.colcon_core.package_identification:_identify(src/m-explore-ros2/map_merge) by extensions ['ignore', 'ignore_ament_install']
[1.217s] Level 1:colcon.colcon_core.package_identification:_identify(src/m-explore-ros2/map_merge) by extension 'ignore'
[1.217s] Level 1:colcon.colcon_core.package_identification:_identify(src/m-explore-ros2/map_merge) by extension 'ignore_ament_install'
[1.217s] Level 1:colcon.colcon_core.package_identification:_identify(src/m-explore-ros2/map_merge) by extensions ['colcon_pkg']
[1.218s] Level 1:colcon.colcon_core.package_identification:_identify(src/m-explore-ros2/map_merge) by extension 'colcon_pkg'
[1.218s] Level 1:colcon.colcon_core.package_identification:_identify(src/m-explore-ros2/map_merge) by extensions ['colcon_meta']
[1.218s] Level 1:colcon.colcon_core.package_identification:_identify(src/m-explore-ros2/map_merge) by extension 'colcon_meta'
[1.218s] Level 1:colcon.colcon_core.package_identification:_identify(src/m-explore-ros2/map_merge) by extensions ['ros']
[1.218s] Level 1:colcon.colcon_core.package_identification:_identify(src/m-explore-ros2/map_merge) by extension 'ros'
[1.222s] DEBUG:colcon.colcon_core.package_identification:Package 'src/m-explore-ros2/map_merge' with type 'ros.ament_cmake' and name 'multirobot_map_merge'
[1.223s] Level 1:colcon.colcon_core.package_identification:_identify(src/robomaster_ros) by extensions ['ignore', 'ignore_ament_install']
[1.223s] Level 1:colcon.colcon_core.package_identification:_identify(src/robomaster_ros) by extension 'ignore'
[1.224s] Level 1:colcon.colcon_core.package_identification:_identify(src/robomaster_ros) by extension 'ignore_ament_install'
[1.224s] Level 1:colcon.colcon_core.package_identification:_identify(src/robomaster_ros) by extensions ['colcon_pkg']
[1.224s] Level 1:colcon.colcon_core.package_identification:_identify(src/robomaster_ros) by extension 'colcon_pkg'
[1.224s] Level 1:colcon.colcon_core.package_identification:_identify(src/robomaster_ros) by extensions ['colcon_meta']
[1.224s] Level 1:colcon.colcon_core.package_identification:_identify(src/robomaster_ros) by extension 'colcon_meta'
[1.224s] Level 1:colcon.colcon_core.package_identification:_identify(src/robomaster_ros) by extensions ['ros']
[1.224s] Level 1:colcon.colcon_core.package_identification:_identify(src/robomaster_ros) by extension 'ros'
[1.225s] Level 1:colcon.colcon_core.package_identification:_identify(src/robomaster_ros) by extensions ['cmake', 'python']
[1.225s] Level 1:colcon.colcon_core.package_identification:_identify(src/robomaster_ros) by extension 'cmake'
[1.225s] Level 1:colcon.colcon_core.package_identification:_identify(src/robomaster_ros) by extension 'python'
[1.225s] Level 1:colcon.colcon_core.package_identification:_identify(src/robomaster_ros) by extensions ['python_setup_py']
[1.225s] Level 1:colcon.colcon_core.package_identification:_identify(src/robomaster_ros) by extension 'python_setup_py'
[1.226s] Level 1:colcon.colcon_core.package_identification:_identify(src/robomaster_ros/docker) by extensions ['ignore', 'ignore_ament_install']
[1.226s] Level 1:colcon.colcon_core.package_identification:_identify(src/robomaster_ros/docker) by extension 'ignore'
[1.226s] Level 1:colcon.colcon_core.package_identification:_identify(src/robomaster_ros/docker) by extension 'ignore_ament_install'
[1.227s] Level 1:colcon.colcon_core.package_identification:_identify(src/robomaster_ros/docker) by extensions ['colcon_pkg']
[1.227s] Level 1:colcon.colcon_core.package_identification:_identify(src/robomaster_ros/docker) by extension 'colcon_pkg'
[1.227s] Level 1:colcon.colcon_core.package_identification:_identify(src/robomaster_ros/docker) by extensions ['colcon_meta']
[1.227s] Level 1:colcon.colcon_core.package_identification:_identify(src/robomaster_ros/docker) by extension 'colcon_meta'
[1.227s] Level 1:colcon.colcon_core.package_identification:_identify(src/robomaster_ros/docker) by extensions ['ros']
[1.227s] Level 1:colcon.colcon_core.package_identification:_identify(src/robomaster_ros/docker) by extension 'ros'
[1.228s] Level 1:colcon.colcon_core.package_identification:_identify(src/robomaster_ros/docker) by extensions ['cmake', 'python']
[1.228s] Level 1:colcon.colcon_core.package_identification:_identify(src/robomaster_ros/docker) by extension 'cmake'
[1.228s] Level 1:colcon.colcon_core.package_identification:_identify(src/robomaster_ros/docker) by extension 'python'
[1.228s] Level 1:colcon.colcon_core.package_identification:_identify(src/robomaster_ros/docker) by extensions ['python_setup_py']
[1.228s] Level 1:colcon.colcon_core.package_identification:_identify(src/robomaster_ros/docker) by extension 'python_setup_py'
[1.229s] Level 1:colcon.colcon_core.package_identification:_identify(src/robomaster_ros/docker/foxy) by extensions ['ignore', 'ignore_ament_install']
[1.229s] Level 1:colcon.colcon_core.package_identification:_identify(src/robomaster_ros/docker/foxy) by extension 'ignore'
[1.229s] Level 1:colcon.colcon_core.package_identification:_identify(src/robomaster_ros/docker/foxy) by extension 'ignore_ament_install'
[1.229s] Level 1:colcon.colcon_core.package_identification:_identify(src/robomaster_ros/docker/foxy) by extensions ['colcon_pkg']
[1.230s] Level 1:colcon.colcon_core.package_identification:_identify(src/robomaster_ros/docker/foxy) by extension 'colcon_pkg'
[1.230s] Level 1:colcon.colcon_core.package_identification:_identify(src/robomaster_ros/docker/foxy) by extensions ['colcon_meta']
[1.230s] Level 1:colcon.colcon_core.package_identification:_identify(src/robomaster_ros/docker/foxy) by extension 'colcon_meta'
[1.230s] Level 1:colcon.colcon_core.package_identification:_identify(src/robomaster_ros/docker/foxy) by extensions ['ros']
[1.230s] Level 1:colcon.colcon_core.package_identification:_identify(src/robomaster_ros/docker/foxy) by extension 'ros'
[1.231s] Level 1:colcon.colcon_core.package_identification:_identify(src/robomaster_ros/docker/foxy) by extensions ['cmake', 'python']
[1.231s] Level 1:colcon.colcon_core.package_identification:_identify(src/robomaster_ros/docker/foxy) by extension 'cmake'
[1.231s] Level 1:colcon.colcon_core.package_identification:_identify(src/robomaster_ros/docker/foxy) by extension 'python'
[1.231s] Level 1:colcon.colcon_core.package_identification:_identify(src/robomaster_ros/docker/foxy) by extensions ['python_setup_py']
[1.231s] Level 1:colcon.colcon_core.package_identification:_identify(src/robomaster_ros/docker/foxy) by extension 'python_setup_py'
[1.232s] Level 1:colcon.colcon_core.package_identification:_identify(src/robomaster_ros/docker/foxy/ep) by extensions ['ignore', 'ignore_ament_install']
[1.232s] Level 1:colcon.colcon_core.package_identification:_identify(src/robomaster_ros/docker/foxy/ep) by extension 'ignore'
[1.232s] Level 1:colcon.colcon_core.package_identification:_identify(src/robomaster_ros/docker/foxy/ep) by extension 'ignore_ament_install'
[1.232s] Level 1:colcon.colcon_core.package_identification:_identify(src/robomaster_ros/docker/foxy/ep) by extensions ['colcon_pkg']
[1.232s] Level 1:colcon.colcon_core.package_identification:_identify(src/robomaster_ros/docker/foxy/ep) by extension 'colcon_pkg'
[1.233s] Level 1:colcon.colcon_core.package_identification:_identify(src/robomaster_ros/docker/foxy/ep) by extensions ['colcon_meta']
[1.233s] Level 1:colcon.colcon_core.package_identification:_identify(src/robomaster_ros/docker/foxy/ep) by extension 'colcon_meta'
[1.233s] Level 1:colcon.colcon_core.package_identification:_identify(src/robomaster_ros/docker/foxy/ep) by extensions ['ros']
[1.233s] Level 1:colcon.colcon_core.package_identification:_identify(src/robomaster_ros/docker/foxy/ep) by extension 'ros'
[1.233s] Level 1:colcon.colcon_core.package_identification:_identify(src/robomaster_ros/docker/foxy/ep) by extensions ['cmake', 'python']
[1.234s] Level 1:colcon.colcon_core.package_identification:_identify(src/robomaster_ros/docker/foxy/ep) by extension 'cmake'
[1.234s] Level 1:colcon.colcon_core.package_identification:_identify(src/robomaster_ros/docker/foxy/ep) by extension 'python'
[1.234s] Level 1:colcon.colcon_core.package_identification:_identify(src/robomaster_ros/docker/foxy/ep) by extensions ['python_setup_py']
[1.234s] Level 1:colcon.colcon_core.package_identification:_identify(src/robomaster_ros/docker/foxy/ep) by extension 'python_setup_py'
[1.235s] Level 1:colcon.colcon_core.package_identification:_identify(src/robomaster_ros/docker/foxy/s1) by extensions ['ignore', 'ignore_ament_install']
[1.235s] Level 1:colcon.colcon_core.package_identification:_identify(src/robomaster_ros/docker/foxy/s1) by extension 'ignore'
[1.235s] Level 1:colcon.colcon_core.package_identification:_identify(src/robomaster_ros/docker/foxy/s1) by extension 'ignore_ament_install'
[1.235s] Level 1:colcon.colcon_core.package_identification:_identify(src/robomaster_ros/docker/foxy/s1) by extensions ['colcon_pkg']
[1.235s] Level 1:colcon.colcon_core.package_identification:_identify(src/robomaster_ros/docker/foxy/s1) by extension 'colcon_pkg'
[1.235s] Level 1:colcon.colcon_core.package_identification:_identify(src/robomaster_ros/docker/foxy/s1) by extensions ['colcon_meta']
[1.236s] Level 1:colcon.colcon_core.package_identification:_identify(src/robomaster_ros/docker/foxy/s1) by extension 'colcon_meta'
[1.236s] Level 1:colcon.colcon_core.package_identification:_identify(src/robomaster_ros/docker/foxy/s1) by extensions ['ros']
[1.236s] Level 1:colcon.colcon_core.package_identification:_identify(src/robomaster_ros/docker/foxy/s1) by extension 'ros'
[1.236s] Level 1:colcon.colcon_core.package_identification:_identify(src/robomaster_ros/docker/foxy/s1) by extensions ['cmake', 'python']
[1.236s] Level 1:colcon.colcon_core.package_identification:_identify(src/robomaster_ros/docker/foxy/s1) by extension 'cmake'
[1.237s] Level 1:colcon.colcon_core.package_identification:_identify(src/robomaster_ros/docker/foxy/s1) by extension 'python'
[1.237s] Level 1:colcon.colcon_core.package_identification:_identify(src/robomaster_ros/docker/foxy/s1) by extensions ['python_setup_py']
[1.237s] Level 1:colcon.colcon_core.package_identification:_identify(src/robomaster_ros/docker/foxy/s1) by extension 'python_setup_py'
[1.237s] Level 1:colcon.colcon_core.package_identification:_identify(src/robomaster_ros/docker/galactic) by extensions ['ignore', 'ignore_ament_install']
[1.238s] Level 1:colcon.colcon_core.package_identification:_identify(src/robomaster_ros/docker/galactic) by extension 'ignore'
[1.238s] Level 1:colcon.colcon_core.package_identification:_identify(src/robomaster_ros/docker/galactic) by extension 'ignore_ament_install'
[1.238s] Level 1:colcon.colcon_core.package_identification:_identify(src/robomaster_ros/docker/galactic) by extensions ['colcon_pkg']
[1.238s] Level 1:colcon.colcon_core.package_identification:_identify(src/robomaster_ros/docker/galactic) by extension 'colcon_pkg'
[1.238s] Level 1:colcon.colcon_core.package_identification:_identify(src/robomaster_ros/docker/galactic) by extensions ['colcon_meta']
[1.239s] Level 1:colcon.colcon_core.package_identification:_identify(src/robomaster_ros/docker/galactic) by extension 'colcon_meta'
[1.239s] Level 1:colcon.colcon_core.package_identification:_identify(src/robomaster_ros/docker/galactic) by extensions ['ros']
[1.239s] Level 1:colcon.colcon_core.package_identification:_identify(src/robomaster_ros/docker/galactic) by extension 'ros'
[1.239s] Level 1:colcon.colcon_core.package_identification:_identify(src/robomaster_ros/docker/galactic) by extensions ['cmake', 'python']
[1.239s] Level 1:colcon.colcon_core.package_identification:_identify(src/robomaster_ros/docker/galactic) by extension 'cmake'
[1.239s] Level 1:colcon.colcon_core.package_identification:_identify(src/robomaster_ros/docker/galactic) by extension 'python'
[1.240s] Level 1:colcon.colcon_core.package_identification:_identify(src/robomaster_ros/docker/galactic) by extensions ['python_setup_py']
[1.240s] Level 1:colcon.colcon_core.package_identification:_identify(src/robomaster_ros/docker/galactic) by extension 'python_setup_py'
[1.240s] Level 1:colcon.colcon_core.package_identification:_identify(src/robomaster_ros/docker/galactic/ep) by extensions ['ignore', 'ignore_ament_install']
[1.241s] Level 1:colcon.colcon_core.package_identification:_identify(src/robomaster_ros/docker/galactic/ep) by extension 'ignore'
[1.241s] Level 1:colcon.colcon_core.package_identification:_identify(src/robomaster_ros/docker/galactic/ep) by extension 'ignore_ament_install'
[1.241s] Level 1:colcon.colcon_core.package_identification:_identify(src/robomaster_ros/docker/galactic/ep) by extensions ['colcon_pkg']
[1.241s] Level 1:colcon.colcon_core.package_identification:_identify(src/robomaster_ros/docker/galactic/ep) by extension 'colcon_pkg'
[1.241s] Level 1:colcon.colcon_core.package_identification:_identify(src/robomaster_ros/docker/galactic/ep) by extensions ['colcon_meta']
[1.241s] Level 1:colcon.colcon_core.package_identification:_identify(src/robomaster_ros/docker/galactic/ep) by extension 'colcon_meta'
[1.242s] Level 1:colcon.colcon_core.package_identification:_identify(src/robomaster_ros/docker/galactic/ep) by extensions ['ros']
[1.242s] Level 1:colcon.colcon_core.package_identification:_identify(src/robomaster_ros/docker/galactic/ep) by extension 'ros'
[1.242s] Level 1:colcon.colcon_core.package_identification:_identify(src/robomaster_ros/docker/galactic/ep) by extensions ['cmake', 'python']
[1.242s] Level 1:colcon.colcon_core.package_identification:_identify(src/robomaster_ros/docker/galactic/ep) by extension 'cmake'
[1.242s] Level 1:colcon.colcon_core.package_identification:_identify(src/robomaster_ros/docker/galactic/ep) by extension 'python'
[1.243s] Level 1:colcon.colcon_core.package_identification:_identify(src/robomaster_ros/docker/galactic/ep) by extensions ['python_setup_py']
[1.243s] Level 1:colcon.colcon_core.package_identification:_identify(src/robomaster_ros/docker/galactic/ep) by extension 'python_setup_py'
[1.243s] Level 1:colcon.colcon_core.package_identification:_identify(src/robomaster_ros/docker/galactic/s1) by extensions ['ignore', 'ignore_ament_install']
[1.243s] Level 1:colcon.colcon_core.package_identification:_identify(src/robomaster_ros/docker/galactic/s1) by extension 'ignore'
[1.244s] Level 1:colcon.colcon_core.package_identification:_identify(src/robomaster_ros/docker/galactic/s1) by extension 'ignore_ament_install'
[1.244s] Level 1:colcon.colcon_core.package_identification:_identify(src/robomaster_ros/docker/galactic/s1) by extensions ['colcon_pkg']
[1.244s] Level 1:colcon.colcon_core.package_identification:_identify(src/robomaster_ros/docker/galactic/s1) by extension 'colcon_pkg'
[1.244s] Level 1:colcon.colcon_core.package_identification:_identify(src/robomaster_ros/docker/galactic/s1) by extensions ['colcon_meta']
[1.244s] Level 1:colcon.colcon_core.package_identification:_identify(src/robomaster_ros/docker/galactic/s1) by extension 'colcon_meta'
[1.244s] Level 1:colcon.colcon_core.package_identification:_identify(src/robomaster_ros/docker/galactic/s1) by extensions ['ros']
[1.245s] Level 1:colcon.colcon_core.package_identification:_identify(src/robomaster_ros/docker/galactic/s1) by extension 'ros'
[1.245s] Level 1:colcon.colcon_core.package_identification:_identify(src/robomaster_ros/docker/galactic/s1) by extensions ['cmake', 'python']
[1.245s] Level 1:colcon.colcon_core.package_identification:_identify(src/robomaster_ros/docker/galactic/s1) by extension 'cmake'
[1.245s] Level 1:colcon.colcon_core.package_identification:_identify(src/robomaster_ros/docker/galactic/s1) by extension 'python'
[1.245s] Level 1:colcon.colcon_core.package_identification:_identify(src/robomaster_ros/docker/galactic/s1) by extensions ['python_setup_py']
[1.246s] Level 1:colcon.colcon_core.package_identification:_identify(src/robomaster_ros/docker/galactic/s1) by extension 'python_setup_py'
[1.246s] Level 1:colcon.colcon_core.package_identification:_identify(src/robomaster_ros/docker/humble) by extensions ['ignore', 'ignore_ament_install']
[1.246s] Level 1:colcon.colcon_core.package_identification:_identify(src/robomaster_ros/docker/humble) by extension 'ignore'
[1.247s] Level 1:colcon.colcon_core.package_identification:_identify(src/robomaster_ros/docker/humble) by extension 'ignore_ament_install'
[1.247s] Level 1:colcon.colcon_core.package_identification:_identify(src/robomaster_ros/docker/humble) by extensions ['colcon_pkg']
[1.247s] Level 1:colcon.colcon_core.package_identification:_identify(src/robomaster_ros/docker/humble) by extension 'colcon_pkg'
[1.247s] Level 1:colcon.colcon_core.package_identification:_identify(src/robomaster_ros/docker/humble) by extensions ['colcon_meta']
[1.247s] Level 1:colcon.colcon_core.package_identification:_identify(src/robomaster_ros/docker/humble) by extension 'colcon_meta'
[1.247s] Level 1:colcon.colcon_core.package_identification:_identify(src/robomaster_ros/docker/humble) by extensions ['ros']
[1.248s] Level 1:colcon.colcon_core.package_identification:_identify(src/robomaster_ros/docker/humble) by extension 'ros'
[1.248s] Level 1:colcon.colcon_core.package_identification:_identify(src/robomaster_ros/docker/humble) by extensions ['cmake', 'python']
[1.248s] Level 1:colcon.colcon_core.package_identification:_identify(src/robomaster_ros/docker/humble) by extension 'cmake'
[1.248s] Level 1:colcon.colcon_core.package_identification:_identify(src/robomaster_ros/docker/humble) by extension 'python'
[1.248s] Level 1:colcon.colcon_core.package_identification:_identify(src/robomaster_ros/docker/humble) by extensions ['python_setup_py']
[1.248s] Level 1:colcon.colcon_core.package_identification:_identify(src/robomaster_ros/docker/humble) by extension 'python_setup_py'
[1.249s] Level 1:colcon.colcon_core.package_identification:_identify(src/robomaster_ros/docker/humble/ep) by extensions ['ignore', 'ignore_ament_install']
[1.249s] Level 1:colcon.colcon_core.package_identification:_identify(src/robomaster_ros/docker/humble/ep) by extension 'ignore'
[1.250s] Level 1:colcon.colcon_core.package_identification:_identify(src/robomaster_ros/docker/humble/ep) by extension 'ignore_ament_install'
[1.250s] Level 1:colcon.colcon_core.package_identification:_identify(src/robomaster_ros/docker/humble/ep) by extensions ['colcon_pkg']
[1.250s] Level 1:colcon.colcon_core.package_identification:_identify(src/robomaster_ros/docker/humble/ep) by extension 'colcon_pkg'
[1.250s] Level 1:colcon.colcon_core.package_identification:_identify(src/robomaster_ros/docker/humble/ep) by extensions ['colcon_meta']
[1.250s] Level 1:colcon.colcon_core.package_identification:_identify(src/robomaster_ros/docker/humble/ep) by extension 'colcon_meta'
[1.250s] Level 1:colcon.colcon_core.package_identification:_identify(src/robomaster_ros/docker/humble/ep) by extensions ['ros']
[1.251s] Level 1:colcon.colcon_core.package_identification:_identify(src/robomaster_ros/docker/humble/ep) by extension 'ros'
[1.251s] Level 1:colcon.colcon_core.package_identification:_identify(src/robomaster_ros/docker/humble/ep) by extensions ['cmake', 'python']
[1.251s] Level 1:colcon.colcon_core.package_identification:_identify(src/robomaster_ros/docker/humble/ep) by extension 'cmake'
[1.251s] Level 1:colcon.colcon_core.package_identification:_identify(src/robomaster_ros/docker/humble/ep) by extension 'python'
[1.251s] Level 1:colcon.colcon_core.package_identification:_identify(src/robomaster_ros/docker/humble/ep) by extensions ['python_setup_py']
[1.251s] Level 1:colcon.colcon_core.package_identification:_identify(src/robomaster_ros/docker/humble/ep) by extension 'python_setup_py'
[1.252s] Level 1:colcon.colcon_core.package_identification:_identify(src/robomaster_ros/docker/humble/s1) by extensions ['ignore', 'ignore_ament_install']
[1.252s] Level 1:colcon.colcon_core.package_identification:_identify(src/robomaster_ros/docker/humble/s1) by extension 'ignore'
[1.252s] Level 1:colcon.colcon_core.package_identification:_identify(src/robomaster_ros/docker/humble/s1) by extension 'ignore_ament_install'
[1.253s] Level 1:colcon.colcon_core.package_identification:_identify(src/robomaster_ros/docker/humble/s1) by extensions ['colcon_pkg']
[1.253s] Level 1:colcon.colcon_core.package_identification:_identify(src/robomaster_ros/docker/humble/s1) by extension 'colcon_pkg'
[1.253s] Level 1:colcon.colcon_core.package_identification:_identify(src/robomaster_ros/docker/humble/s1) by extensions ['colcon_meta']
[1.253s] Level 1:colcon.colcon_core.package_identification:_identify(src/robomaster_ros/docker/humble/s1) by extension 'colcon_meta'
[1.253s] Level 1:colcon.colcon_core.package_identification:_identify(src/robomaster_ros/docker/humble/s1) by extensions ['ros']
[1.253s] Level 1:colcon.colcon_core.package_identification:_identify(src/robomaster_ros/docker/humble/s1) by extension 'ros'
[1.254s] Level 1:colcon.colcon_core.package_identification:_identify(src/robomaster_ros/docker/humble/s1) by extensions ['cmake', 'python']
[1.254s] Level 1:colcon.colcon_core.package_identification:_identify(src/robomaster_ros/docker/humble/s1) by extension 'cmake'
[1.254s] Level 1:colcon.colcon_core.package_identification:_identify(src/robomaster_ros/docker/humble/s1) by extension 'python'
[1.254s] Level 1:colcon.colcon_core.package_identification:_identify(src/robomaster_ros/docker/humble/s1) by extensions ['python_setup_py']
[1.255s] Level 1:colcon.colcon_core.package_identification:_identify(src/robomaster_ros/docker/humble/s1) by extension 'python_setup_py'
[1.255s] Level 1:colcon.colcon_core.package_identification:_identify(src/robomaster_ros/docker/iron) by extensions ['ignore', 'ignore_ament_install']
[1.256s] Level 1:colcon.colcon_core.package_identification:_identify(src/robomaster_ros/docker/iron) by extension 'ignore'
[1.256s] Level 1:colcon.colcon_core.package_identification:_identify(src/robomaster_ros/docker/iron) by extension 'ignore_ament_install'
[1.256s] Level 1:colcon.colcon_core.package_identification:_identify(src/robomaster_ros/docker/iron) by extensions ['colcon_pkg']
[1.256s] Level 1:colcon.colcon_core.package_identification:_identify(src/robomaster_ros/docker/iron) by extension 'colcon_pkg'
[1.256s] Level 1:colcon.colcon_core.package_identification:_identify(src/robomaster_ros/docker/iron) by extensions ['colcon_meta']
[1.256s] Level 1:colcon.colcon_core.package_identification:_identify(src/robomaster_ros/docker/iron) by extension 'colcon_meta'
[1.257s] Level 1:colcon.colcon_core.package_identification:_identify(src/robomaster_ros/docker/iron) by extensions ['ros']
[1.257s] Level 1:colcon.colcon_core.package_identification:_identify(src/robomaster_ros/docker/iron) by extension 'ros'
[1.257s] Level 1:colcon.colcon_core.package_identification:_identify(src/robomaster_ros/docker/iron) by extensions ['cmake', 'python']
[1.258s] Level 1:colcon.colcon_core.package_identification:_identify(src/robomaster_ros/docker/iron) by extension 'cmake'
[1.258s] Level 1:colcon.colcon_core.package_identification:_identify(src/robomaster_ros/docker/iron) by extension 'python'
[1.258s] Level 1:colcon.colcon_core.package_identification:_identify(src/robomaster_ros/docker/iron) by extensions ['python_setup_py']
[1.258s] Level 1:colcon.colcon_core.package_identification:_identify(src/robomaster_ros/docker/iron) by extension 'python_setup_py'
[1.259s] Level 1:colcon.colcon_core.package_identification:_identify(src/robomaster_ros/docker/iron/ep) by extensions ['ignore', 'ignore_ament_install']
[1.259s] Level 1:colcon.colcon_core.package_identification:_identify(src/robomaster_ros/docker/iron/ep) by extension 'ignore'
[1.259s] Level 1:colcon.colcon_core.package_identification:_identify(src/robomaster_ros/docker/iron/ep) by extension 'ignore_ament_install'
[1.259s] Level 1:colcon.colcon_core.package_identification:_identify(src/robomaster_ros/docker/iron/ep) by extensions ['colcon_pkg']
[1.260s] Level 1:colcon.colcon_core.package_identification:_identify(src/robomaster_ros/docker/iron/ep) by extension 'colcon_pkg'
[1.260s] Level 1:colcon.colcon_core.package_identification:_identify(src/robomaster_ros/docker/iron/ep) by extensions ['colcon_meta']
[1.260s] Level 1:colcon.colcon_core.package_identification:_identify(src/robomaster_ros/docker/iron/ep) by extension 'colcon_meta'
[1.260s] Level 1:colcon.colcon_core.package_identification:_identify(src/robomaster_ros/docker/iron/ep) by extensions ['ros']
[1.260s] Level 1:colcon.colcon_core.package_identification:_identify(src/robomaster_ros/docker/iron/ep) by extension 'ros'
[1.261s] Level 1:colcon.colcon_core.package_identification:_identify(src/robomaster_ros/docker/iron/ep) by extensions ['cmake', 'python']
[1.261s] Level 1:colcon.colcon_core.package_identification:_identify(src/robomaster_ros/docker/iron/ep) by extension 'cmake'
[1.261s] Level 1:colcon.colcon_core.package_identification:_identify(src/robomaster_ros/docker/iron/ep) by extension 'python'
[1.261s] Level 1:colcon.colcon_core.package_identification:_identify(src/robomaster_ros/docker/iron/ep) by extensions ['python_setup_py']
[1.261s] Level 1:colcon.colcon_core.package_identification:_identify(src/robomaster_ros/docker/iron/ep) by extension 'python_setup_py'
[1.262s] Level 1:colcon.colcon_core.package_identification:_identify(src/robomaster_ros/docker/iron/s1) by extensions ['ignore', 'ignore_ament_install']
[1.262s] Level 1:colcon.colcon_core.package_identification:_identify(src/robomaster_ros/docker/iron/s1) by extension 'ignore'
[1.262s] Level 1:colcon.colcon_core.package_identification:_identify(src/robomaster_ros/docker/iron/s1) by extension 'ignore_ament_install'
[1.262s] Level 1:colcon.colcon_core.package_identification:_identify(src/robomaster_ros/docker/iron/s1) by extensions ['colcon_pkg']
[1.262s] Level 1:colcon.colcon_core.package_identification:_identify(src/robomaster_ros/docker/iron/s1) by extension 'colcon_pkg'
[1.263s] Level 1:colcon.colcon_core.package_identification:_identify(src/robomaster_ros/docker/iron/s1) by extensions ['colcon_meta']
[1.263s] Level 1:colcon.colcon_core.package_identification:_identify(src/robomaster_ros/docker/iron/s1) by extension 'colcon_meta'
[1.263s] Level 1:colcon.colcon_core.package_identification:_identify(src/robomaster_ros/docker/iron/s1) by extensions ['ros']
[1.263s] Level 1:colcon.colcon_core.package_identification:_identify(src/robomaster_ros/docker/iron/s1) by extension 'ros'
[1.263s] Level 1:colcon.colcon_core.package_identification:_identify(src/robomaster_ros/docker/iron/s1) by extensions ['cmake', 'python']
[1.264s] Level 1:colcon.colcon_core.package_identification:_identify(src/robomaster_ros/docker/iron/s1) by extension 'cmake'
[1.264s] Level 1:colcon.colcon_core.package_identification:_identify(src/robomaster_ros/docker/iron/s1) by extension 'python'
[1.264s] Level 1:colcon.colcon_core.package_identification:_identify(src/robomaster_ros/docker/iron/s1) by extensions ['python_setup_py']
[1.264s] Level 1:colcon.colcon_core.package_identification:_identify(src/robomaster_ros/docker/iron/s1) by extension 'python_setup_py'
[1.265s] Level 1:colcon.colcon_core.package_identification:_identify(src/robomaster_ros/docs) by extensions ['ignore', 'ignore_ament_install']
[1.265s] Level 1:colcon.colcon_core.package_identification:_identify(src/robomaster_ros/docs) by extension 'ignore'
[1.265s] Level 1:colcon.colcon_core.package_identification:_identify(src/robomaster_ros/docs) by extension 'ignore_ament_install'
[1.266s] Level 1:colcon.colcon_core.package_identification:_identify(src/robomaster_ros/docs) by extensions ['colcon_pkg']
[1.266s] Level 1:colcon.colcon_core.package_identification:_identify(src/robomaster_ros/docs) by extension 'colcon_pkg'
[1.266s] Level 1:colcon.colcon_core.package_identification:_identify(src/robomaster_ros/docs) by extensions ['colcon_meta']
[1.266s] Level 1:colcon.colcon_core.package_identification:_identify(src/robomaster_ros/docs) by extension 'colcon_meta'
[1.266s] Level 1:colcon.colcon_core.package_identification:_identify(src/robomaster_ros/docs) by extensions ['ros']
[1.266s] Level 1:colcon.colcon_core.package_identification:_identify(src/robomaster_ros/docs) by extension 'ros'
[1.267s] Level 1:colcon.colcon_core.package_identification:_identify(src/robomaster_ros/docs) by extensions ['cmake', 'python']
[1.267s] Level 1:colcon.colcon_core.package_identification:_identify(src/robomaster_ros/docs) by extension 'cmake'
[1.267s] Level 1:colcon.colcon_core.package_identification:_identify(src/robomaster_ros/docs) by extension 'python'
[1.267s] Level 1:colcon.colcon_core.package_identification:_identify(src/robomaster_ros/docs) by extensions ['python_setup_py']
[1.267s] Level 1:colcon.colcon_core.package_identification:_identify(src/robomaster_ros/docs) by extension 'python_setup_py'
[1.268s] Level 1:colcon.colcon_core.package_identification:_identify(src/robomaster_ros/docs/robomaster_ros_modules) by extensions ['ignore', 'ignore_ament_install']
[1.268s] Level 1:colcon.colcon_core.package_identification:_identify(src/robomaster_ros/docs/robomaster_ros_modules) by extension 'ignore'
[1.269s] Level 1:colcon.colcon_core.package_identification:_identify(src/robomaster_ros/docs/robomaster_ros_modules) by extension 'ignore_ament_install'
[1.269s] Level 1:colcon.colcon_core.package_identification:_identify(src/robomaster_ros/docs/robomaster_ros_modules) by extensions ['colcon_pkg']
[1.269s] Level 1:colcon.colcon_core.package_identification:_identify(src/robomaster_ros/docs/robomaster_ros_modules) by extension 'colcon_pkg'
[1.269s] Level 1:colcon.colcon_core.package_identification:_identify(src/robomaster_ros/docs/robomaster_ros_modules) by extensions ['colcon_meta']
[1.269s] Level 1:colcon.colcon_core.package_identification:_identify(src/robomaster_ros/docs/robomaster_ros_modules) by extension 'colcon_meta'
[1.270s] Level 1:colcon.colcon_core.package_identification:_identify(src/robomaster_ros/docs/robomaster_ros_modules) by extensions ['ros']
[1.270s] Level 1:colcon.colcon_core.package_identification:_identify(src/robomaster_ros/docs/robomaster_ros_modules) by extension 'ros'
[1.270s] Level 1:colcon.colcon_core.package_identification:_identify(src/robomaster_ros/docs/robomaster_ros_modules) by extensions ['cmake', 'python']
[1.270s] Level 1:colcon.colcon_core.package_identification:_identify(src/robomaster_ros/docs/robomaster_ros_modules) by extension 'cmake'
[1.270s] Level 1:colcon.colcon_core.package_identification:_identify(src/robomaster_ros/docs/robomaster_ros_modules) by extension 'python'
[1.271s] Level 1:colcon.colcon_core.package_identification:_identify(src/robomaster_ros/docs/robomaster_ros_modules) by extensions ['python_setup_py']
[1.271s] Level 1:colcon.colcon_core.package_identification:_identify(src/robomaster_ros/docs/robomaster_ros_modules) by extension 'python_setup_py'
[1.271s] Level 1:colcon.colcon_core.package_identification:_identify(src/robomaster_ros/robomaster_description) by extensions ['ignore', 'ignore_ament_install']
[1.271s] Level 1:colcon.colcon_core.package_identification:_identify(src/robomaster_ros/robomaster_description) by extension 'ignore'
[1.272s] Level 1:colcon.colcon_core.package_identification:_identify(src/robomaster_ros/robomaster_description) by extension 'ignore_ament_install'
[1.272s] Level 1:colcon.colcon_core.package_identification:_identify(src/robomaster_ros/robomaster_description) by extensions ['colcon_pkg']
[1.272s] Level 1:colcon.colcon_core.package_identification:_identify(src/robomaster_ros/robomaster_description) by extension 'colcon_pkg'
[1.272s] Level 1:colcon.colcon_core.package_identification:_identify(src/robomaster_ros/robomaster_description) by extensions ['colcon_meta']
[1.272s] Level 1:colcon.colcon_core.package_identification:_identify(src/robomaster_ros/robomaster_description) by extension 'colcon_meta'
[1.272s] Level 1:colcon.colcon_core.package_identification:_identify(src/robomaster_ros/robomaster_description) by extensions ['ros']
[1.273s] Level 1:colcon.colcon_core.package_identification:_identify(src/robomaster_ros/robomaster_description) by extension 'ros'
[1.275s] DEBUG:colcon.colcon_core.package_identification:Package 'src/robomaster_ros/robomaster_description' with type 'ros.ament_cmake' and name 'robomaster_description'
[1.275s] Level 1:colcon.colcon_core.package_identification:_identify(src/robomaster_ros/robomaster_msgs) by extensions ['ignore', 'ignore_ament_install']
[1.276s] Level 1:colcon.colcon_core.package_identification:_identify(src/robomaster_ros/robomaster_msgs) by extension 'ignore'
[1.276s] Level 1:colcon.colcon_core.package_identification:_identify(src/robomaster_ros/robomaster_msgs) by extension 'ignore_ament_install'
[1.276s] Level 1:colcon.colcon_core.package_identification:_identify(src/robomaster_ros/robomaster_msgs) by extensions ['colcon_pkg']
[1.276s] Level 1:colcon.colcon_core.package_identification:_identify(src/robomaster_ros/robomaster_msgs) by extension 'colcon_pkg'
[1.276s] Level 1:colcon.colcon_core.package_identification:_identify(src/robomaster_ros/robomaster_msgs) by extensions ['colcon_meta']
[1.277s] Level 1:colcon.colcon_core.package_identification:_identify(src/robomaster_ros/robomaster_msgs) by extension 'colcon_meta'
[1.277s] Level 1:colcon.colcon_core.package_identification:_identify(src/robomaster_ros/robomaster_msgs) by extensions ['ros']
[1.277s] Level 1:colcon.colcon_core.package_identification:_identify(src/robomaster_ros/robomaster_msgs) by extension 'ros'
[1.279s] DEBUG:colcon.colcon_core.package_identification:Package 'src/robomaster_ros/robomaster_msgs' with type 'ros.ament_cmake' and name 'robomaster_msgs'
[1.280s] Level 1:colcon.colcon_core.package_identification:_identify(src/robomaster_ros/robomaster_ros) by extensions ['ignore', 'ignore_ament_install']
[1.280s] Level 1:colcon.colcon_core.package_identification:_identify(src/robomaster_ros/robomaster_ros) by extension 'ignore'
[1.281s] Level 1:colcon.colcon_core.package_identification:_identify(src/robomaster_ros/robomaster_ros) by extension 'ignore_ament_install'
[1.281s] Level 1:colcon.colcon_core.package_identification:_identify(src/robomaster_ros/robomaster_ros) by extensions ['colcon_pkg']
[1.281s] Level 1:colcon.colcon_core.package_identification:_identify(src/robomaster_ros/robomaster_ros) by extension 'colcon_pkg'
[1.281s] Level 1:colcon.colcon_core.package_identification:_identify(src/robomaster_ros/robomaster_ros) by extensions ['colcon_meta']
[1.282s] Level 1:colcon.colcon_core.package_identification:_identify(src/robomaster_ros/robomaster_ros) by extension 'colcon_meta'
[1.282s] Level 1:colcon.colcon_core.package_identification:_identify(src/robomaster_ros/robomaster_ros) by extensions ['ros']
[1.282s] Level 1:colcon.colcon_core.package_identification:_identify(src/robomaster_ros/robomaster_ros) by extension 'ros'
[1.284s] DEBUG:colcon.colcon_core.package_identification:Package 'src/robomaster_ros/robomaster_ros' with type 'ros.ament_python' and name 'robomaster_ros'
[1.285s] Level 1:colcon.colcon_core.package_identification:_identify(src/sllidar_ros2) by extensions ['ignore', 'ignore_ament_install']
[1.286s] Level 1:colcon.colcon_core.package_identification:_identify(src/sllidar_ros2) by extension 'ignore'
[1.286s] Level 1:colcon.colcon_core.package_identification:_identify(src/sllidar_ros2) by extension 'ignore_ament_install'
[1.286s] Level 1:colcon.colcon_core.package_identification:_identify(src/sllidar_ros2) by extensions ['colcon_pkg']
[1.286s] Level 1:colcon.colcon_core.package_identification:_identify(src/sllidar_ros2) by extension 'colcon_pkg'
[1.286s] Level 1:colcon.colcon_core.package_identification:_identify(src/sllidar_ros2) by extensions ['colcon_meta']
[1.287s] Level 1:colcon.colcon_core.package_identification:_identify(src/sllidar_ros2) by extension 'colcon_meta'
[1.287s] Level 1:colcon.colcon_core.package_identification:_identify(src/sllidar_ros2) by extensions ['ros']
[1.287s] Level 1:colcon.colcon_core.package_identification:_identify(src/sllidar_ros2) by extension 'ros'
[1.290s] DEBUG:colcon.colcon_core.package_identification:Package 'src/sllidar_ros2' with type 'ros.ament_cmake' and name 'sllidar_ros2'
[1.290s] Level 1:colcon.colcon_core.package_discovery:discover_packages(recursive) using defaults
[1.290s] Level 1:colcon.colcon_core.package_discovery:discover_packages(ignore) discover
[1.291s] Level 1:colcon.colcon_core.package_discovery:discover_packages(ignore) using defaults
[1.291s] Level 1:colcon.colcon_core.package_discovery:discover_packages(path) discover
[1.291s] Level 1:colcon.colcon_core.package_discovery:discover_packages(path) using defaults
[1.376s] Level 1:colcon.colcon_core.package_discovery:discover_packages(prefix_path) check parameters
[1.376s] Level 1:colcon.colcon_core.package_discovery:discover_packages(prefix_path) discover
[1.387s] DEBUG:colcon.colcon_installed_package_information.package_discovery:Found 8 installed packages in /home/cricchetto/Robomaster_WS/install
[1.396s] DEBUG:colcon.colcon_installed_package_information.package_discovery:Found 251 installed packages in /opt/ros/humble
[1.402s] Level 1:colcon.colcon_core.package_discovery:discover_packages(prefix_path) using defaults
[1.585s] Level 5:colcon.colcon_core.verb:set package 'drift' build argument 'cmake_args' from command line to 'None'
[1.585s] Level 5:colcon.colcon_core.verb:set package 'drift' build argument 'cmake_target' from command line to 'None'
[1.585s] Level 5:colcon.colcon_core.verb:set package 'drift' build argument 'cmake_target_skip_unavailable' from command line to 'False'
[1.585s] Level 5:colcon.colcon_core.verb:set package 'drift' build argument 'cmake_clean_cache' from command line to 'False'
[1.585s] Level 5:colcon.colcon_core.verb:set package 'drift' build argument 'cmake_clean_first' from command line to 'False'
[1.585s] Level 5:colcon.colcon_core.verb:set package 'drift' build argument 'cmake_force_configure' from command line to 'False'
[1.585s] Level 5:colcon.colcon_core.verb:set package 'drift' build argument 'ament_cmake_args' from command line to 'None'
[1.586s] Level 5:colcon.colcon_core.verb:set package 'drift' build argument 'catkin_cmake_args' from command line to 'None'
[1.586s] Level 5:colcon.colcon_core.verb:set package 'drift' build argument 'catkin_skip_building_tests' from command line to 'False'
[1.586s] DEBUG:colcon.colcon_core.verb:Building package 'drift' with the following arguments: {'ament_cmake_args': None, 'build_base': '/home/cricchetto/Robomaster_WS/build/drift', 'catkin_cmake_args': None, 'catkin_skip_building_tests': False, 'cmake_args': None, 'cmake_clean_cache': False, 'cmake_clean_first': False, 'cmake_force_configure': False, 'cmake_target': None, 'cmake_target_skip_unavailable': False, 'install_base': '/home/cricchetto/Robomaster_WS/install/drift', 'merge_install': False, 'path': '/home/cricchetto/Robomaster_WS/src/drift', 'symlink_install': False, 'test_result_base': None}
[1.587s] Level 5:colcon.colcon_core.verb:set package 'ep_control' build argument 'cmake_args' from command line to 'None'
[1.587s] Level 5:colcon.colcon_core.verb:set package 'ep_control' build argument 'cmake_target' from command line to 'None'
[1.588s] Level 5:colcon.colcon_core.verb:set package 'ep_control' build argument 'cmake_target_skip_unavailable' from command line to 'False'
[1.588s] Level 5:colcon.colcon_core.verb:set package 'ep_control' build argument 'cmake_clean_cache' from command line to 'False'
[1.588s] Level 5:colcon.colcon_core.verb:set package 'ep_control' build argument 'cmake_clean_first' from command line to 'False'
[1.588s] Level 5:colcon.colcon_core.verb:set package 'ep_control' build argument 'cmake_force_configure' from command line to 'False'
[1.588s] Level 5:colcon.colcon_core.verb:set package 'ep_control' build argument 'ament_cmake_args' from command line to 'None'
[1.588s] Level 5:colcon.colcon_core.verb:set package 'ep_control' build argument 'catkin_cmake_args' from command line to 'None'
[1.588s] Level 5:colcon.colcon_core.verb:set package 'ep_control' build argument 'catkin_skip_building_tests' from command line to 'False'
[1.588s] DEBUG:colcon.colcon_core.verb:Building package 'ep_control' with the following arguments: {'ament_cmake_args': None, 'build_base': '/home/cricchetto/Robomaster_WS/build/ep_control', 'catkin_cmake_args': None, 'catkin_skip_building_tests': False, 'cmake_args': None, 'cmake_clean_cache': False, 'cmake_clean_first': False, 'cmake_force_configure': False, 'cmake_target': None, 'cmake_target_skip_unavailable': False, 'install_base': '/home/cricchetto/Robomaster_WS/install/ep_control', 'merge_install': False, 'path': '/home/cricchetto/Robomaster_WS/src/ep_control', 'symlink_install': False, 'test_result_base': None}
[1.590s] Level 5:colcon.colcon_core.verb:set package 'explore_lite' build argument 'cmake_args' from command line to 'None'
[1.590s] Level 5:colcon.colcon_core.verb:set package 'explore_lite' build argument 'cmake_target' from command line to 'None'
[1.590s] Level 5:colcon.colcon_core.verb:set package 'explore_lite' build argument 'cmake_target_skip_unavailable' from command line to 'False'
[1.590s] Level 5:colcon.colcon_core.verb:set package 'explore_lite' build argument 'cmake_clean_cache' from command line to 'False'
[1.590s] Level 5:colcon.colcon_core.verb:set package 'explore_lite' build argument 'cmake_clean_first' from command line to 'False'
[1.590s] Level 5:colcon.colcon_core.verb:set package 'explore_lite' build argument 'cmake_force_configure' from command line to 'False'
[1.590s] Level 5:colcon.colcon_core.verb:set package 'explore_lite' build argument 'ament_cmake_args' from command line to 'None'
[1.590s] Level 5:colcon.colcon_core.verb:set package 'explore_lite' build argument 'catkin_cmake_args' from command line to 'None'
[1.590s] Level 5:colcon.colcon_core.verb:set package 'explore_lite' build argument 'catkin_skip_building_tests' from command line to 'False'
[1.591s] DEBUG:colcon.colcon_core.verb:Building package 'explore_lite' with the following arguments: {'ament_cmake_args': None, 'build_base': '/home/cricchetto/Robomaster_WS/build/explore_lite', 'catkin_cmake_args': None, 'catkin_skip_building_tests': False, 'cmake_args': None, 'cmake_clean_cache': False, 'cmake_clean_first': False, 'cmake_force_configure': False, 'cmake_target': None, 'cmake_target_skip_unavailable': False, 'install_base': '/home/cricchetto/Robomaster_WS/install/explore_lite', 'merge_install': False, 'path': '/home/cricchetto/Robomaster_WS/src/m-explore-ros2/explore', 'symlink_install': False, 'test_result_base': None}
[1.592s] Level 5:colcon.colcon_core.verb:set package 'multirobot_map_merge' build argument 'cmake_args' from command line to 'None'
[1.592s] Level 5:colcon.colcon_core.verb:set package 'multirobot_map_merge' build argument 'cmake_target' from command line to 'None'
[1.592s] Level 5:colcon.colcon_core.verb:set package 'multirobot_map_merge' build argument 'cmake_target_skip_unavailable' from command line to 'False'
[1.592s] Level 5:colcon.colcon_core.verb:set package 'multirobot_map_merge' build argument 'cmake_clean_cache' from command line to 'False'
[1.592s] Level 5:colcon.colcon_core.verb:set package 'multirobot_map_merge' build argument 'cmake_clean_first' from command line to 'False'
[1.593s] Level 5:colcon.colcon_core.verb:set package 'multirobot_map_merge' build argument 'cmake_force_configure' from command line to 'False'
[1.593s] Level 5:colcon.colcon_core.verb:set package 'multirobot_map_merge' build argument 'ament_cmake_args' from command line to 'None'
[1.593s] Level 5:colcon.colcon_core.verb:set package 'multirobot_map_merge' build argument 'catkin_cmake_args' from command line to 'None'
[1.593s] Level 5:colcon.colcon_core.verb:set package 'multirobot_map_merge' build argument 'catkin_skip_building_tests' from command line to 'False'
[1.593s] DEBUG:colcon.colcon_core.verb:Building package 'multirobot_map_merge' with the following arguments: {'ament_cmake_args': None, 'build_base': '/home/cricchetto/Robomaster_WS/build/multirobot_map_merge', 'catkin_cmake_args': None, 'catkin_skip_building_tests': False, 'cmake_args': None, 'cmake_clean_cache': False, 'cmake_clean_first': False, 'cmake_force_configure': False, 'cmake_target': None, 'cmake_target_skip_unavailable': False, 'install_base': '/home/cricchetto/Robomaster_WS/install/multirobot_map_merge', 'merge_install': False, 'path': '/home/cricchetto/Robomaster_WS/src/m-explore-ros2/map_merge', 'symlink_install': False, 'test_result_base': None}
[1.594s] Level 5:colcon.colcon_core.verb:set package 'robomaster_description' build argument 'cmake_args' from command line to 'None'
[1.594s] Level 5:colcon.colcon_core.verb:set package 'robomaster_description' build argument 'cmake_target' from command line to 'None'
[1.595s] Level 5:colcon.colcon_core.verb:set package 'robomaster_description' build argument 'cmake_target_skip_unavailable' from command line to 'False'
[1.595s] Level 5:colcon.colcon_core.verb:set package 'robomaster_description' build argument 'cmake_clean_cache' from command line to 'False'
[1.595s] Level 5:colcon.colcon_core.verb:set package 'robomaster_description' build argument 'cmake_clean_first' from command line to 'False'
[1.595s] Level 5:colcon.colcon_core.verb:set package 'robomaster_description' build argument 'cmake_force_configure' from command line to 'False'
[1.595s] Level 5:colcon.colcon_core.verb:set package 'robomaster_description' build argument 'ament_cmake_args' from command line to 'None'
[1.595s] Level 5:colcon.colcon_core.verb:set package 'robomaster_description' build argument 'catkin_cmake_args' from command line to 'None'
[1.595s] Level 5:colcon.colcon_core.verb:set package 'robomaster_description' build argument 'catkin_skip_building_tests' from command line to 'False'
[1.595s] DEBUG:colcon.colcon_core.verb:Building package 'robomaster_description' with the following arguments: {'ament_cmake_args': None, 'build_base': '/home/cricchetto/Robomaster_WS/build/robomaster_description', 'catkin_cmake_args': None, 'catkin_skip_building_tests': False, 'cmake_args': None, 'cmake_clean_cache': False, 'cmake_clean_first': False, 'cmake_force_configure': False, 'cmake_target': None, 'cmake_target_skip_unavailable': False, 'install_base': '/home/cricchetto/Robomaster_WS/install/robomaster_description', 'merge_install': False, 'path': '/home/cricchetto/Robomaster_WS/src/robomaster_ros/robomaster_description', 'symlink_install': False, 'test_result_base': None}
[1.597s] Level 5:colcon.colcon_core.verb:set package 'robomaster_msgs' build argument 'cmake_args' from command line to 'None'
[1.597s] Level 5:colcon.colcon_core.verb:set package 'robomaster_msgs' build argument 'cmake_target' from command line to 'None'
[1.597s] Level 5:colcon.colcon_core.verb:set package 'robomaster_msgs' build argument 'cmake_target_skip_unavailable' from command line to 'False'
[1.597s] Level 5:colcon.colcon_core.verb:set package 'robomaster_msgs' build argument 'cmake_clean_cache' from command line to 'False'
[1.597s] Level 5:colcon.colcon_core.verb:set package 'robomaster_msgs' build argument 'cmake_clean_first' from command line to 'False'
[1.597s] Level 5:colcon.colcon_core.verb:set package 'robomaster_msgs' build argument 'cmake_force_configure' from command line to 'False'
[1.597s] Level 5:colcon.colcon_core.verb:set package 'robomaster_msgs' build argument 'ament_cmake_args' from command line to 'None'
[1.597s] Level 5:colcon.colcon_core.verb:set package 'robomaster_msgs' build argument 'catkin_cmake_args' from command line to 'None'
[1.598s] Level 5:colcon.colcon_core.verb:set package 'robomaster_msgs' build argument 'catkin_skip_building_tests' from command line to 'False'
[1.598s] DEBUG:colcon.colcon_core.verb:Building package 'robomaster_msgs' with the following arguments: {'ament_cmake_args': None, 'build_base': '/home/cricchetto/Robomaster_WS/build/robomaster_msgs', 'catkin_cmake_args': None, 'catkin_skip_building_tests': False, 'cmake_args': None, 'cmake_clean_cache': False, 'cmake_clean_first': False, 'cmake_force_configure': False, 'cmake_target': None, 'cmake_target_skip_unavailable': False, 'install_base': '/home/cricchetto/Robomaster_WS/install/robomaster_msgs', 'merge_install': False, 'path': '/home/cricchetto/Robomaster_WS/src/robomaster_ros/robomaster_msgs', 'symlink_install': False, 'test_result_base': None}
[1.599s] Level 5:colcon.colcon_core.verb:set package 'sllidar_ros2' build argument 'cmake_args' from command line to 'None'
[1.599s] Level 5:colcon.colcon_core.verb:set package 'sllidar_ros2' build argument 'cmake_target' from command line to 'None'
[1.599s] Level 5:colcon.colcon_core.verb:set package 'sllidar_ros2' build argument 'cmake_target_skip_unavailable' from command line to 'False'
[1.599s] Level 5:colcon.colcon_core.verb:set package 'sllidar_ros2' build argument 'cmake_clean_cache' from command line to 'False'
[1.600s] Level 5:colcon.colcon_core.verb:set package 'sllidar_ros2' build argument 'cmake_clean_first' from command line to 'False'
[1.600s] Level 5:colcon.colcon_core.verb:set package 'sllidar_ros2' build argument 'cmake_force_configure' from command line to 'False'
[1.600s] Level 5:colcon.colcon_core.verb:set package 'sllidar_ros2' build argument 'ament_cmake_args' from command line to 'None'
[1.600s] Level 5:colcon.colcon_core.verb:set package 'sllidar_ros2' build argument 'catkin_cmake_args' from command line to 'None'
[1.600s] Level 5:colcon.colcon_core.verb:set package 'sllidar_ros2' build argument 'catkin_skip_building_tests' from command line to 'False'
[1.600s] DEBUG:colcon.colcon_core.verb:Building package 'sllidar_ros2' with the following arguments: {'ament_cmake_args': None, 'build_base': '/home/cricchetto/Robomaster_WS/build/sllidar_ros2', 'catkin_cmake_args': None, 'catkin_skip_building_tests': False, 'cmake_args': None, 'cmake_clean_cache': False, 'cmake_clean_first': False, 'cmake_force_configure': False, 'cmake_target': None, 'cmake_target_skip_unavailable': False, 'install_base': '/home/cricchetto/Robomaster_WS/install/sllidar_ros2', 'merge_install': False, 'path': '/home/cricchetto/Robomaster_WS/src/sllidar_ros2', 'symlink_install': False, 'test_result_base': None}
[1.601s] Level 5:colcon.colcon_core.verb:set package 'robomaster_ros' build argument 'cmake_args' from command line to 'None'
[1.602s] Level 5:colcon.colcon_core.verb:set package 'robomaster_ros' build argument 'cmake_target' from command line to 'None'
[1.602s] Level 5:colcon.colcon_core.verb:set package 'robomaster_ros' build argument 'cmake_target_skip_unavailable' from command line to 'False'
[1.602s] Level 5:colcon.colcon_core.verb:set package 'robomaster_ros' build argument 'cmake_clean_cache' from command line to 'False'
[1.602s] Level 5:colcon.colcon_core.verb:set package 'robomaster_ros' build argument 'cmake_clean_first' from command line to 'False'
[1.602s] Level 5:colcon.colcon_core.verb:set package 'robomaster_ros' build argument 'cmake_force_configure' from command line to 'False'
[1.602s] Level 5:colcon.colcon_core.verb:set package 'robomaster_ros' build argument 'ament_cmake_args' from command line to 'None'
[1.602s] Level 5:colcon.colcon_core.verb:set package 'robomaster_ros' build argument 'catkin_cmake_args' from command line to 'None'
[1.602s] Level 5:colcon.colcon_core.verb:set package 'robomaster_ros' build argument 'catkin_skip_building_tests' from command line to 'False'
[1.602s] DEBUG:colcon.colcon_core.verb:Building package 'robomaster_ros' with the following arguments: {'ament_cmake_args': None, 'build_base': '/home/cricchetto/Robomaster_WS/build/robomaster_ros', 'catkin_cmake_args': None, 'catkin_skip_building_tests': False, 'cmake_args': None, 'cmake_clean_cache': False, 'cmake_clean_first': False, 'cmake_force_configure': False, 'cmake_target': None, 'cmake_target_skip_unavailable': False, 'install_base': '/home/cricchetto/Robomaster_WS/install/robomaster_ros', 'merge_install': False, 'path': '/home/cricchetto/Robomaster_WS/src/robomaster_ros/robomaster_ros', 'symlink_install': False, 'test_result_base': None}
[1.603s] INFO:colcon.colcon_core.executor:Executing jobs using 'parallel' executor
[1.606s] DEBUG:colcon.colcon_parallel_executor.executor.parallel:run_until_complete
[1.607s] INFO:colcon.colcon_ros.task.ament_cmake.build:Building ROS package in '/home/cricchetto/Robomaster_WS/src/robomaster_ros/robomaster_msgs' with build type 'ament_cmake'
[1.608s] INFO:colcon.colcon_cmake.task.cmake.build:Building CMake package in '/home/cricchetto/Robomaster_WS/src/robomaster_ros/robomaster_msgs'
[1.618s] INFO:colcon.colcon_core.plugin_system:Skipping extension 'colcon_core.shell.bat': Not used on non-Windows systems
[1.619s] INFO:colcon.colcon_core.shell:Skip shell extension 'powershell' for command environment: Not usable outside of PowerShell
[1.619s] DEBUG:colcon.colcon_core.shell:Skip shell extension 'dsv' for command environment
[1.640s] INFO:colcon.colcon_ros.task.ament_python.build:Building ROS package in '/home/cricchetto/Robomaster_WS/src/drift' with build type 'ament_python'
[1.640s] Level 1:colcon.colcon_core.shell:create_environment_hook('drift', 'ament_prefix_path')
[1.641s] INFO:colcon.colcon_core.shell:Creating environment hook '/home/cricchetto/Robomaster_WS/install/drift/share/drift/hook/ament_prefix_path.ps1'
[1.644s] INFO:colcon.colcon_core.shell:Creating environment descriptor '/home/cricchetto/Robomaster_WS/install/drift/share/drift/hook/ament_prefix_path.dsv'
[1.647s] INFO:colcon.colcon_core.shell:Creating environment hook '/home/cricchetto/Robomaster_WS/install/drift/share/drift/hook/ament_prefix_path.sh'
[1.651s] INFO:colcon.colcon_core.shell:Skip shell extension 'powershell' for command environment: Not usable outside of PowerShell
[1.651s] DEBUG:colcon.colcon_core.shell:Skip shell extension 'dsv' for command environment
[1.671s] INFO:colcon.colcon_ros.task.ament_python.build:Building ROS package in '/home/cricchetto/Robomaster_WS/src/ep_control' with build type 'ament_python'
[1.671s] Level 1:colcon.colcon_core.shell:create_environment_hook('ep_control', 'ament_prefix_path')
[1.672s] INFO:colcon.colcon_core.shell:Creating environment hook '/home/cricchetto/Robomaster_WS/install/ep_control/share/ep_control/hook/ament_prefix_path.ps1'
[1.675s] INFO:colcon.colcon_core.shell:Creating environment descriptor '/home/cricchetto/Robomaster_WS/install/ep_control/share/ep_control/hook/ament_prefix_path.dsv'
[1.677s] INFO:colcon.colcon_core.shell:Creating environment hook '/home/cricchetto/Robomaster_WS/install/ep_control/share/ep_control/hook/ament_prefix_path.sh'
[1.680s] INFO:colcon.colcon_core.shell:Skip shell extension 'powershell' for command environment: Not usable outside of PowerShell
[1.680s] DEBUG:colcon.colcon_core.shell:Skip shell extension 'dsv' for command environment
[1.700s] INFO:colcon.colcon_ros.task.ament_cmake.build:Building ROS package in '/home/cricchetto/Robomaster_WS/src/m-explore-ros2/explore' with build type 'ament_cmake'
[1.701s] INFO:colcon.colcon_cmake.task.cmake.build:Building CMake package in '/home/cricchetto/Robomaster_WS/src/m-explore-ros2/explore'
[1.702s] INFO:colcon.colcon_core.shell:Skip shell extension 'powershell' for command environment: Not usable outside of PowerShell
[1.703s] DEBUG:colcon.colcon_core.shell:Skip shell extension 'dsv' for command environment
[1.741s] DEBUG:colcon.colcon_core.event_handler.log_command:Invoking command in '/home/cricchetto/Robomaster_WS/build/robomaster_msgs': CMAKE_PREFIX_PATH=${CMAKE_PREFIX_PATH}:/home/cricchetto/Robomaster_WS/install/robomaster_ros:/home/cricchetto/Robomaster_WS/install/ep_control:/home/cricchetto/Robomaster_WS/install/drift:/opt/ros/humble /usr/bin/cmake --build /home/cricchetto/Robomaster_WS/build/robomaster_msgs -- -j4 -l4
[3.262s] INFO:colcon.colcon_core.task.python.build:Building Python package in '/home/cricchetto/Robomaster_WS/src/drift'
[3.263s] INFO:colcon.colcon_core.shell:Skip shell extension 'powershell' for command environment: Not usable outside of PowerShell
[3.264s] DEBUG:colcon.colcon_core.shell:Skip shell extension 'dsv' for command environment
[4.463s] INFO:colcon.colcon_core.task.python.build:Building Python package in '/home/cricchetto/Robomaster_WS/src/ep_control'
[4.464s] INFO:colcon.colcon_core.shell:Skip shell extension 'powershell' for command environment: Not usable outside of PowerShell
[4.464s] DEBUG:colcon.colcon_core.shell:Skip shell extension 'dsv' for command environment
[4.523s] DEBUG:colcon.colcon_core.event_handler.log_command:Invoking command in '/home/cricchetto/Robomaster_WS/build/explore_lite': CMAKE_PREFIX_PATH=${CMAKE_PREFIX_PATH}:/home/cricchetto/Robomaster_WS/install/robomaster_ros:/home/cricchetto/Robomaster_WS/install/ep_control:/home/cricchetto/Robomaster_WS/install/drift:/opt/ros/humble /usr/bin/cmake --build /home/cricchetto/Robomaster_WS/build/explore_lite -- -j4 -l4
[4.524s] DEBUG:colcon.colcon_core.event_handler.log_command:Invoked command in '/home/cricchetto/Robomaster_WS/build/robomaster_msgs' returned '0': CMAKE_PREFIX_PATH=${CMAKE_PREFIX_PATH}:/home/cricchetto/Robomaster_WS/install/robomaster_ros:/home/cricchetto/Robomaster_WS/install/ep_control:/home/cricchetto/Robomaster_WS/install/drift:/opt/ros/humble /usr/bin/cmake --build /home/cricchetto/Robomaster_WS/build/robomaster_msgs -- -j4 -l4
[4.562s] DEBUG:colcon.colcon_core.event_handler.log_command:Invoking command in '/home/cricchetto/Robomaster_WS/build/robomaster_msgs': CMAKE_PREFIX_PATH=${CMAKE_PREFIX_PATH}:/home/cricchetto/Robomaster_WS/install/robomaster_ros:/home/cricchetto/Robomaster_WS/install/ep_control:/home/cricchetto/Robomaster_WS/install/drift:/opt/ros/humble /usr/bin/cmake --install /home/cricchetto/Robomaster_WS/build/robomaster_msgs
[5.405s] Level 1:colcon.colcon_core.environment:create_environment_scripts_only(explore_lite)
[5.436s] Level 1:colcon.colcon_core.environment:checking '/home/cricchetto/Robomaster_WS/install/explore_lite' for CMake module files
[5.440s] Level 1:colcon.colcon_core.environment:checking '/home/cricchetto/Robomaster_WS/install/explore_lite' for CMake config files
[5.441s] Level 1:colcon.colcon_core.shell:create_environment_hook('explore_lite', 'cmake_prefix_path')
[5.443s] INFO:colcon.colcon_core.shell:Creating environment hook '/home/cricchetto/Robomaster_WS/install/explore_lite/share/explore_lite/hook/cmake_prefix_path.ps1'
[5.458s] INFO:colcon.colcon_core.shell:Creating environment descriptor '/home/cricchetto/Robomaster_WS/install/explore_lite/share/explore_lite/hook/cmake_prefix_path.dsv'
[5.461s] INFO:colcon.colcon_core.shell:Creating environment hook '/home/cricchetto/Robomaster_WS/install/explore_lite/share/explore_lite/hook/cmake_prefix_path.sh'
[5.475s] Level 1:colcon.colcon_core.environment:checking '/home/cricchetto/Robomaster_WS/install/explore_lite/lib'
[5.476s] Level 1:colcon.colcon_core.environment:checking '/home/cricchetto/Robomaster_WS/install/explore_lite/bin'
[5.476s] Level 1:colcon.colcon_core.environment:checking '/home/cricchetto/Robomaster_WS/install/explore_lite/lib/pkgconfig/explore_lite.pc'
[5.477s] Level 1:colcon.colcon_core.environment:checking '/home/cricchetto/Robomaster_WS/install/explore_lite/lib/python3.10/site-packages'
[5.479s] Level 1:colcon.colcon_core.environment:checking '/home/cricchetto/Robomaster_WS/install/explore_lite/bin'
[5.481s] INFO:colcon.colcon_core.shell:Creating package script '/home/cricchetto/Robomaster_WS/install/explore_lite/share/explore_lite/package.ps1'
[5.503s] INFO:colcon.colcon_core.shell:Creating package descriptor '/home/cricchetto/Robomaster_WS/install/explore_lite/share/explore_lite/package.dsv'
[5.509s] INFO:colcon.colcon_core.shell:Creating package script '/home/cricchetto/Robomaster_WS/install/explore_lite/share/explore_lite/package.sh'
[5.526s] INFO:colcon.colcon_core.shell:Creating package script '/home/cricchetto/Robomaster_WS/install/explore_lite/share/explore_lite/package.bash'
[5.532s] INFO:colcon.colcon_core.shell:Creating package script '/home/cricchetto/Robomaster_WS/install/explore_lite/share/explore_lite/package.zsh'
[5.541s] Level 1:colcon.colcon_core.environment:create_file_with_runtime_dependencies(/home/cricchetto/Robomaster_WS/install/explore_lite/share/colcon-core/packages/explore_lite)
[5.546s] Level 1:colcon.colcon_core.environment:create_environment_scripts_only(explore_lite)
[5.551s] Level 1:colcon.colcon_core.environment:checking '/home/cricchetto/Robomaster_WS/install/explore_lite' for CMake module files
[5.557s] Level 1:colcon.colcon_core.environment:checking '/home/cricchetto/Robomaster_WS/install/explore_lite' for CMake config files
[5.560s] Level 1:colcon.colcon_core.shell:create_environment_hook('explore_lite', 'cmake_prefix_path')
[5.561s] INFO:colcon.colcon_core.shell:Creating environment hook '/home/cricchetto/Robomaster_WS/install/explore_lite/share/explore_lite/hook/cmake_prefix_path.ps1'
[5.566s] INFO:colcon.colcon_core.shell:Creating environment descriptor '/home/cricchetto/Robomaster_WS/install/explore_lite/share/explore_lite/hook/cmake_prefix_path.dsv'
[5.571s] INFO:colcon.colcon_core.shell:Creating environment hook '/home/cricchetto/Robomaster_WS/install/explore_lite/share/explore_lite/hook/cmake_prefix_path.sh'
[5.577s] Level 1:colcon.colcon_core.environment:checking '/home/cricchetto/Robomaster_WS/install/explore_lite/lib'
[5.578s] Level 1:colcon.colcon_core.environment:checking '/home/cricchetto/Robomaster_WS/install/explore_lite/bin'
[5.579s] Level 1:colcon.colcon_core.environment:checking '/home/cricchetto/Robomaster_WS/install/explore_lite/lib/pkgconfig/explore_lite.pc'
[5.581s] Level 1:colcon.colcon_core.environment:checking '/home/cricchetto/Robomaster_WS/install/explore_lite/lib/python3.10/site-packages'
[5.584s] Level 1:colcon.colcon_core.environment:checking '/home/cricchetto/Robomaster_WS/install/explore_lite/bin'
[5.586s] INFO:colcon.colcon_core.shell:Creating package script '/home/cricchetto/Robomaster_WS/install/explore_lite/share/explore_lite/package.ps1'
[5.592s] INFO:colcon.colcon_core.shell:Creating package descriptor '/home/cricchetto/Robomaster_WS/install/explore_lite/share/explore_lite/package.dsv'
[5.598s] INFO:colcon.colcon_core.shell:Creating package script '/home/cricchetto/Robomaster_WS/install/explore_lite/share/explore_lite/package.sh'
[5.603s] INFO:colcon.colcon_core.shell:Creating package script '/home/cricchetto/Robomaster_WS/install/explore_lite/share/explore_lite/package.bash'
[5.609s] INFO:colcon.colcon_core.shell:Creating package script '/home/cricchetto/Robomaster_WS/install/explore_lite/share/explore_lite/package.zsh'
[5.614s] Level 1:colcon.colcon_core.environment:create_file_with_runtime_dependencies(/home/cricchetto/Robomaster_WS/install/explore_lite/share/colcon-core/packages/explore_lite)
[5.617s] INFO:colcon.colcon_ros.task.ament_cmake.build:Building ROS package in '/home/cricchetto/Robomaster_WS/src/m-explore-ros2/map_merge' with build type 'ament_cmake'
[5.618s] INFO:colcon.colcon_cmake.task.cmake.build:Building CMake package in '/home/cricchetto/Robomaster_WS/src/m-explore-ros2/map_merge'
[5.620s] INFO:colcon.colcon_core.shell:Skip shell extension 'powershell' for command environment: Not usable outside of PowerShell
[5.621s] DEBUG:colcon.colcon_core.shell:Skip shell extension 'dsv' for command environment
[5.718s] DEBUG:colcon.colcon_core.event_handler.log_command:Invoked command in '/home/cricchetto/Robomaster_WS/build/explore_lite' returned '0': CMAKE_PREFIX_PATH=${CMAKE_PREFIX_PATH}:/home/cricchetto/Robomaster_WS/install/robomaster_ros:/home/cricchetto/Robomaster_WS/install/ep_control:/home/cricchetto/Robomaster_WS/install/drift:/opt/ros/humble /usr/bin/cmake --build /home/cricchetto/Robomaster_WS/build/explore_lite -- -j4 -l4
[5.723s] DEBUG:colcon.colcon_core.event_handler.log_command:Invoking command in '/home/cricchetto/Robomaster_WS/build/explore_lite': CMAKE_PREFIX_PATH=${CMAKE_PREFIX_PATH}:/home/cricchetto/Robomaster_WS/install/robomaster_ros:/home/cricchetto/Robomaster_WS/install/ep_control:/home/cricchetto/Robomaster_WS/install/drift:/opt/ros/humble /usr/bin/cmake --install /home/cricchetto/Robomaster_WS/build/explore_lite
[5.749s] Level 1:colcon.colcon_core.environment:create_environment_scripts_only(robomaster_msgs)
[5.750s] Level 1:colcon.colcon_core.environment:checking '/home/cricchetto/Robomaster_WS/install/robomaster_msgs' for CMake module files
[5.761s] Level 1:colcon.colcon_core.environment:checking '/home/cricchetto/Robomaster_WS/install/robomaster_msgs' for CMake config files
[5.768s] Level 1:colcon.colcon_core.shell:create_environment_hook('robomaster_msgs', 'cmake_prefix_path')
[5.769s] INFO:colcon.colcon_core.shell:Creating environment hook '/home/cricchetto/Robomaster_WS/install/robomaster_msgs/share/robomaster_msgs/hook/cmake_prefix_path.ps1'
[5.772s] DEBUG:colcon.colcon_core.event_handler.log_command:Invoked command in '/home/cricchetto/Robomaster_WS/build/explore_lite' returned '0': CMAKE_PREFIX_PATH=${CMAKE_PREFIX_PATH}:/home/cricchetto/Robomaster_WS/install/robomaster_ros:/home/cricchetto/Robomaster_WS/install/ep_control:/home/cricchetto/Robomaster_WS/install/drift:/opt/ros/humble /usr/bin/cmake --install /home/cricchetto/Robomaster_WS/build/explore_lite
[5.775s] INFO:colcon.colcon_core.shell:Creating environment descriptor '/home/cricchetto/Robomaster_WS/install/robomaster_msgs/share/robomaster_msgs/hook/cmake_prefix_path.dsv'
[5.780s] INFO:colcon.colcon_core.shell:Creating environment hook '/home/cricchetto/Robomaster_WS/install/robomaster_msgs/share/robomaster_msgs/hook/cmake_prefix_path.sh'
[5.787s] Level 1:colcon.colcon_core.environment:checking '/home/cricchetto/Robomaster_WS/install/robomaster_msgs/lib'
[5.788s] Level 1:colcon.colcon_core.shell:create_environment_hook('robomaster_msgs', 'ld_library_path_lib')
[5.790s] INFO:colcon.colcon_core.shell:Creating environment hook '/home/cricchetto/Robomaster_WS/install/robomaster_msgs/share/robomaster_msgs/hook/ld_library_path_lib.ps1'
[5.795s] INFO:colcon.colcon_core.shell:Creating environment descriptor '/home/cricchetto/Robomaster_WS/install/robomaster_msgs/share/robomaster_msgs/hook/ld_library_path_lib.dsv'
[5.798s] INFO:colcon.colcon_core.shell:Creating environment hook '/home/cricchetto/Robomaster_WS/install/robomaster_msgs/share/robomaster_msgs/hook/ld_library_path_lib.sh'
[5.801s] Level 1:colcon.colcon_core.environment:checking '/home/cricchetto/Robomaster_WS/install/robomaster_msgs/bin'
[5.802s] Level 1:colcon.colcon_core.environment:checking '/home/cricchetto/Robomaster_WS/install/robomaster_msgs/lib/pkgconfig/robomaster_msgs.pc'
[5.804s] Level 1:colcon.colcon_core.environment:checking '/home/cricchetto/Robomaster_WS/install/robomaster_msgs/lib/python3.10/site-packages'
[5.807s] Level 1:colcon.colcon_core.environment:checking '/home/cricchetto/Robomaster_WS/install/robomaster_msgs/bin'
[5.809s] INFO:colcon.colcon_core.shell:Creating package script '/home/cricchetto/Robomaster_WS/install/robomaster_msgs/share/robomaster_msgs/package.ps1'
[5.815s] INFO:colcon.colcon_core.shell:Creating package descriptor '/home/cricchetto/Robomaster_WS/install/robomaster_msgs/share/robomaster_msgs/package.dsv'
[5.821s] INFO:colcon.colcon_core.shell:Creating package script '/home/cricchetto/Robomaster_WS/install/robomaster_msgs/share/robomaster_msgs/package.sh'
[5.824s] INFO:colcon.colcon_core.shell:Creating package script '/home/cricchetto/Robomaster_WS/install/robomaster_msgs/share/robomaster_msgs/package.bash'
[5.833s] INFO:colcon.colcon_core.shell:Creating package script '/home/cricchetto/Robomaster_WS/install/robomaster_msgs/share/robomaster_msgs/package.zsh'
[5.836s] Level 1:colcon.colcon_core.environment:create_file_with_runtime_dependencies(/home/cricchetto/Robomaster_WS/install/robomaster_msgs/share/colcon-core/packages/robomaster_msgs)
[5.840s] Level 1:colcon.colcon_core.environment:create_environment_scripts_only(robomaster_msgs)
[5.842s] Level 1:colcon.colcon_core.environment:checking '/home/cricchetto/Robomaster_WS/install/robomaster_msgs' for CMake module files
[5.847s] Level 1:colcon.colcon_core.environment:checking '/home/cricchetto/Robomaster_WS/install/robomaster_msgs' for CMake config files
[5.869s] Level 1:colcon.colcon_core.shell:create_environment_hook('robomaster_msgs', 'cmake_prefix_path')
[5.870s] INFO:colcon.colcon_core.shell:Creating environment hook '/home/cricchetto/Robomaster_WS/install/robomaster_msgs/share/robomaster_msgs/hook/cmake_prefix_path.ps1'
[5.886s] INFO:colcon.colcon_core.shell:Creating environment descriptor '/home/cricchetto/Robomaster_WS/install/robomaster_msgs/share/robomaster_msgs/hook/cmake_prefix_path.dsv'
[5.888s] INFO:colcon.colcon_core.shell:Creating environment hook '/home/cricchetto/Robomaster_WS/install/robomaster_msgs/share/robomaster_msgs/hook/cmake_prefix_path.sh'
[5.891s] Level 1:colcon.colcon_core.environment:checking '/home/cricchetto/Robomaster_WS/install/robomaster_msgs/lib'
[5.892s] Level 1:colcon.colcon_core.shell:create_environment_hook('robomaster_msgs', 'ld_library_path_lib')
[5.893s] INFO:colcon.colcon_core.shell:Creating environment hook '/home/cricchetto/Robomaster_WS/install/robomaster_msgs/share/robomaster_msgs/hook/ld_library_path_lib.ps1'
[5.905s] INFO:colcon.colcon_core.shell:Creating environment descriptor '/home/cricchetto/Robomaster_WS/install/robomaster_msgs/share/robomaster_msgs/hook/ld_library_path_lib.dsv'
[5.908s] INFO:colcon.colcon_core.shell:Creating environment hook '/home/cricchetto/Robomaster_WS/install/robomaster_msgs/share/robomaster_msgs/hook/ld_library_path_lib.sh'
[5.918s] Level 1:colcon.colcon_core.environment:checking '/home/cricchetto/Robomaster_WS/install/robomaster_msgs/bin'
[5.919s] Level 1:colcon.colcon_core.environment:checking '/home/cricchetto/Robomaster_WS/install/robomaster_msgs/lib/pkgconfig/robomaster_msgs.pc'
[5.920s] Level 1:colcon.colcon_core.environment:checking '/home/cricchetto/Robomaster_WS/install/robomaster_msgs/lib/python3.10/site-packages'
[5.922s] Level 1:colcon.colcon_core.environment:checking '/home/cricchetto/Robomaster_WS/install/robomaster_msgs/bin'
[5.924s] INFO:colcon.colcon_core.shell:Creating package script '/home/cricchetto/Robomaster_WS/install/robomaster_msgs/share/robomaster_msgs/package.ps1'
[5.931s] DEBUG:colcon.colcon_core.event_handler.log_command:Invoking command in '/home/cricchetto/Robomaster_WS/build/multirobot_map_merge': CMAKE_PREFIX_PATH=${CMAKE_PREFIX_PATH}:/home/cricchetto/Robomaster_WS/install/robomaster_ros:/home/cricchetto/Robomaster_WS/install/ep_control:/home/cricchetto/Robomaster_WS/install/drift:/opt/ros/humble /usr/bin/cmake --build /home/cricchetto/Robomaster_WS/build/multirobot_map_merge -- -j4 -l4
[5.941s] DEBUG:colcon.colcon_core.event_handler.log_command:Invoked command in '/home/cricchetto/Robomaster_WS/build/robomaster_msgs' returned '0': CMAKE_PREFIX_PATH=${CMAKE_PREFIX_PATH}:/home/cricchetto/Robomaster_WS/install/robomaster_ros:/home/cricchetto/Robomaster_WS/install/ep_control:/home/cricchetto/Robomaster_WS/install/drift:/opt/ros/humble /usr/bin/cmake --install /home/cricchetto/Robomaster_WS/build/robomaster_msgs
[5.942s] INFO:colcon.colcon_core.shell:Creating package descriptor '/home/cricchetto/Robomaster_WS/install/robomaster_msgs/share/robomaster_msgs/package.dsv'
[5.946s] INFO:colcon.colcon_core.shell:Creating package script '/home/cricchetto/Robomaster_WS/install/robomaster_msgs/share/robomaster_msgs/package.sh'
[5.950s] INFO:colcon.colcon_core.shell:Creating package script '/home/cricchetto/Robomaster_WS/install/robomaster_msgs/share/robomaster_msgs/package.bash'
[5.954s] INFO:colcon.colcon_core.shell:Creating package script '/home/cricchetto/Robomaster_WS/install/robomaster_msgs/share/robomaster_msgs/package.zsh'
[5.957s] Level 1:colcon.colcon_core.environment:create_file_with_runtime_dependencies(/home/cricchetto/Robomaster_WS/install/robomaster_msgs/share/colcon-core/packages/robomaster_msgs)
[5.962s] INFO:colcon.colcon_ros.task.ament_cmake.build:Building ROS package in '/home/cricchetto/Robomaster_WS/src/robomaster_ros/robomaster_description' with build type 'ament_cmake'
[5.963s] INFO:colcon.colcon_cmake.task.cmake.build:Building CMake package in '/home/cricchetto/Robomaster_WS/src/robomaster_ros/robomaster_description'
[5.964s] INFO:colcon.colcon_core.shell:Skip shell extension 'powershell' for command environment: Not usable outside of PowerShell
[5.965s] DEBUG:colcon.colcon_core.shell:Skip shell extension 'dsv' for command environment
[6.042s] DEBUG:colcon.colcon_core.event_handler.log_command:Invoking command in '/home/cricchetto/Robomaster_WS/build/robomaster_description': CMAKE_PREFIX_PATH=${CMAKE_PREFIX_PATH}:/home/cricchetto/Robomaster_WS/install/robomaster_ros:/home/cricchetto/Robomaster_WS/install/ep_control:/home/cricchetto/Robomaster_WS/install/drift:/opt/ros/humble /usr/bin/cmake --build /home/cricchetto/Robomaster_WS/build/robomaster_description -- -j4 -l4
[6.398s] DEBUG:colcon.colcon_core.event_handler.log_command:Invoked command in '/home/cricchetto/Robomaster_WS/build/robomaster_description' returned '0': CMAKE_PREFIX_PATH=${CMAKE_PREFIX_PATH}:/home/cricchetto/Robomaster_WS/install/robomaster_ros:/home/cricchetto/Robomaster_WS/install/ep_control:/home/cricchetto/Robomaster_WS/install/drift:/opt/ros/humble /usr/bin/cmake --build /home/cricchetto/Robomaster_WS/build/robomaster_description -- -j4 -l4
[6.412s] DEBUG:colcon.colcon_core.event_handler.log_command:Invoking command in '/home/cricchetto/Robomaster_WS/build/robomaster_description': CMAKE_PREFIX_PATH=${CMAKE_PREFIX_PATH}:/home/cricchetto/Robomaster_WS/install/robomaster_ros:/home/cricchetto/Robomaster_WS/install/ep_control:/home/cricchetto/Robomaster_WS/install/drift:/opt/ros/humble /usr/bin/cmake --install /home/cricchetto/Robomaster_WS/build/robomaster_description
[6.545s] Level 1:colcon.colcon_core.environment:create_environment_scripts_only(robomaster_description)
[6.547s] Level 1:colcon.colcon_core.environment:checking '/home/cricchetto/Robomaster_WS/install/robomaster_description' for CMake module files
[6.550s] Level 1:colcon.colcon_core.environment:checking '/home/cricchetto/Robomaster_WS/install/robomaster_description' for CMake config files
[6.554s] Level 1:colcon.colcon_core.shell:create_environment_hook('robomaster_description', 'cmake_prefix_path')
[6.556s] INFO:colcon.colcon_core.shell:Creating environment hook '/home/cricchetto/Robomaster_WS/install/robomaster_description/share/robomaster_description/hook/cmake_prefix_path.ps1'
[6.570s] INFO:colcon.colcon_core.shell:Creating environment descriptor '/home/cricchetto/Robomaster_WS/install/robomaster_description/share/robomaster_description/hook/cmake_prefix_path.dsv'
[6.574s] INFO:colcon.colcon_core.shell:Creating environment hook '/home/cricchetto/Robomaster_WS/install/robomaster_description/share/robomaster_description/hook/cmake_prefix_path.sh'
[6.580s] Level 1:colcon.colcon_core.environment:checking '/home/cricchetto/Robomaster_WS/install/robomaster_description/bin'
[6.580s] Level 1:colcon.colcon_core.environment:checking '/home/cricchetto/Robomaster_WS/install/robomaster_description/lib/pkgconfig/robomaster_description.pc'
[6.582s] Level 1:colcon.colcon_core.environment:checking '/home/cricchetto/Robomaster_WS/install/robomaster_description/lib/python3.10/site-packages'
[6.586s] Level 1:colcon.colcon_core.environment:checking '/home/cricchetto/Robomaster_WS/install/robomaster_description/bin'
[6.588s] INFO:colcon.colcon_core.shell:Creating package script '/home/cricchetto/Robomaster_WS/install/robomaster_description/share/robomaster_description/package.ps1'
[6.593s] INFO:colcon.colcon_core.shell:Creating package descriptor '/home/cricchetto/Robomaster_WS/install/robomaster_description/share/robomaster_description/package.dsv'
[6.597s] INFO:colcon.colcon_core.shell:Creating package script '/home/cricchetto/Robomaster_WS/install/robomaster_description/share/robomaster_description/package.sh'
[6.600s] INFO:colcon.colcon_core.shell:Creating package script '/home/cricchetto/Robomaster_WS/install/robomaster_description/share/robomaster_description/package.bash'
[6.605s] INFO:colcon.colcon_core.shell:Creating package script '/home/cricchetto/Robomaster_WS/install/robomaster_description/share/robomaster_description/package.zsh'
[6.608s] Level 1:colcon.colcon_core.environment:create_file_with_runtime_dependencies(/home/cricchetto/Robomaster_WS/install/robomaster_description/share/colcon-core/packages/robomaster_description)
[6.614s] Level 1:colcon.colcon_core.environment:create_environment_scripts_only(robomaster_description)
[6.615s] Level 1:colcon.colcon_core.environment:checking '/home/cricchetto/Robomaster_WS/install/robomaster_description' for CMake module files
[6.624s] Level 1:colcon.colcon_core.environment:checking '/home/cricchetto/Robomaster_WS/install/robomaster_description' for CMake config files
[6.628s] Level 1:colcon.colcon_core.shell:create_environment_hook('robomaster_description', 'cmake_prefix_path')
[6.630s] INFO:colcon.colcon_core.shell:Creating environment hook '/home/cricchetto/Robomaster_WS/install/robomaster_description/share/robomaster_description/hook/cmake_prefix_path.ps1'
[6.635s] INFO:colcon.colcon_core.shell:Creating environment descriptor '/home/cricchetto/Robomaster_WS/install/robomaster_description/share/robomaster_description/hook/cmake_prefix_path.dsv'
[6.642s] INFO:colcon.colcon_core.shell:Creating environment hook '/home/cricchetto/Robomaster_WS/install/robomaster_description/share/robomaster_description/hook/cmake_prefix_path.sh'
[6.651s] Level 1:colcon.colcon_core.environment:checking '/home/cricchetto/Robomaster_WS/install/robomaster_description/bin'
[6.653s] Level 1:colcon.colcon_core.environment:checking '/home/cricchetto/Robomaster_WS/install/robomaster_description/lib/pkgconfig/robomaster_description.pc'
[6.655s] Level 1:colcon.colcon_core.environment:checking '/home/cricchetto/Robomaster_WS/install/robomaster_description/lib/python3.10/site-packages'
[6.658s] Level 1:colcon.colcon_core.environment:checking '/home/cricchetto/Robomaster_WS/install/robomaster_description/bin'
[6.660s] INFO:colcon.colcon_core.shell:Creating package script '/home/cricchetto/Robomaster_WS/install/robomaster_description/share/robomaster_description/package.ps1'
[6.670s] INFO:colcon.colcon_core.shell:Creating package descriptor '/home/cricchetto/Robomaster_WS/install/robomaster_description/share/robomaster_description/package.dsv'
[6.678s] INFO:colcon.colcon_core.shell:Creating package script '/home/cricchetto/Robomaster_WS/install/robomaster_description/share/robomaster_description/package.sh'
[6.687s] INFO:colcon.colcon_core.shell:Creating package script '/home/cricchetto/Robomaster_WS/install/robomaster_description/share/robomaster_description/package.bash'
[6.694s] INFO:colcon.colcon_core.shell:Creating package script '/home/cricchetto/Robomaster_WS/install/robomaster_description/share/robomaster_description/package.zsh'
[6.702s] Level 1:colcon.colcon_core.environment:create_file_with_runtime_dependencies(/home/cricchetto/Robomaster_WS/install/robomaster_description/share/colcon-core/packages/robomaster_description)
[6.709s] INFO:colcon.colcon_ros.task.ament_cmake.build:Building ROS package in '/home/cricchetto/Robomaster_WS/src/sllidar_ros2' with build type 'ament_cmake'
[6.710s] INFO:colcon.colcon_cmake.task.cmake.build:Building CMake package in '/home/cricchetto/Robomaster_WS/src/sllidar_ros2'
[6.712s] INFO:colcon.colcon_core.shell:Skip shell extension 'powershell' for command environment: Not usable outside of PowerShell
[6.712s] DEBUG:colcon.colcon_core.shell:Skip shell extension 'dsv' for command environment
[6.760s] DEBUG:colcon.colcon_core.event_handler.log_command:Invoked command in '/home/cricchetto/Robomaster_WS/build/robomaster_description' returned '0': CMAKE_PREFIX_PATH=${CMAKE_PREFIX_PATH}:/home/cricchetto/Robomaster_WS/install/robomaster_ros:/home/cricchetto/Robomaster_WS/install/ep_control:/home/cricchetto/Robomaster_WS/install/drift:/opt/ros/humble /usr/bin/cmake --install /home/cricchetto/Robomaster_WS/build/robomaster_description
[6.787s] DEBUG:colcon.colcon_core.event_handler.log_command:Invoked command in '/home/cricchetto/Robomaster_WS/build/multirobot_map_merge' returned '0': CMAKE_PREFIX_PATH=${CMAKE_PREFIX_PATH}:/home/cricchetto/Robomaster_WS/install/robomaster_ros:/home/cricchetto/Robomaster_WS/install/ep_control:/home/cricchetto/Robomaster_WS/install/drift:/opt/ros/humble /usr/bin/cmake --build /home/cricchetto/Robomaster_WS/build/multirobot_map_merge -- -j4 -l4
[6.796s] DEBUG:colcon.colcon_core.event_handler.log_command:Invoking command in '/home/cricchetto/Robomaster_WS/build/multirobot_map_merge': CMAKE_PREFIX_PATH=${CMAKE_PREFIX_PATH}:/home/cricchetto/Robomaster_WS/install/robomaster_ros:/home/cricchetto/Robomaster_WS/install/ep_control:/home/cricchetto/Robomaster_WS/install/drift:/opt/ros/humble /usr/bin/cmake --install /home/cricchetto/Robomaster_WS/build/multirobot_map_merge
[6.828s] DEBUG:colcon.colcon_core.event_handler.log_command:Invoking command in '/home/cricchetto/Robomaster_WS/src/drift': PYTHONPATH=/home/cricchetto/Robomaster_WS/build/drift/prefix_override:/usr/lib/python3/dist-packages/colcon_core/task/python/colcon_distutils_commands:/home/cricchetto/Robomaster_WS/install/drift/lib/python3.10/site-packages:${PYTHONPATH} /usr/bin/python3 -W ignore:setup.py install is deprecated -W ignore:easy_install command is deprecated setup.py egg_info --egg-base ../../build/drift build --build-base /home/cricchetto/Robomaster_WS/build/drift/build install --record /home/cricchetto/Robomaster_WS/build/drift/install.log --single-version-externally-managed install_data
[6.884s] DEBUG:colcon.colcon_core.event_handler.log_command:Invoking command in '/home/cricchetto/Robomaster_WS/build/sllidar_ros2': CMAKE_PREFIX_PATH=${CMAKE_PREFIX_PATH}:/home/cricchetto/Robomaster_WS/install/robomaster_ros:/home/cricchetto/Robomaster_WS/install/ep_control:/home/cricchetto/Robomaster_WS/install/drift:/opt/ros/humble /usr/bin/cmake --build /home/cricchetto/Robomaster_WS/build/sllidar_ros2 -- -j4 -l4
[6.892s] Level 1:colcon.colcon_core.environment:create_environment_scripts_only(multirobot_map_merge)
[6.894s] Level 1:colcon.colcon_core.environment:checking '/home/cricchetto/Robomaster_WS/install/multirobot_map_merge' for CMake module files
[6.899s] Level 1:colcon.colcon_core.environment:checking '/home/cricchetto/Robomaster_WS/install/multirobot_map_merge' for CMake config files
[6.903s] DEBUG:colcon.colcon_core.event_handler.log_command:Invoked command in '/home/cricchetto/Robomaster_WS/build/multirobot_map_merge' returned '0': CMAKE_PREFIX_PATH=${CMAKE_PREFIX_PATH}:/home/cricchetto/Robomaster_WS/install/robomaster_ros:/home/cricchetto/Robomaster_WS/install/ep_control:/home/cricchetto/Robomaster_WS/install/drift:/opt/ros/humble /usr/bin/cmake --install /home/cricchetto/Robomaster_WS/build/multirobot_map_merge
[6.906s] Level 1:colcon.colcon_core.shell:create_environment_hook('multirobot_map_merge', 'cmake_prefix_path')
[6.908s] INFO:colcon.colcon_core.shell:Creating environment hook '/home/cricchetto/Robomaster_WS/install/multirobot_map_merge/share/multirobot_map_merge/hook/cmake_prefix_path.ps1'
[6.911s] INFO:colcon.colcon_core.shell:Creating environment descriptor '/home/cricchetto/Robomaster_WS/install/multirobot_map_merge/share/multirobot_map_merge/hook/cmake_prefix_path.dsv'
[6.914s] INFO:colcon.colcon_core.shell:Creating environment hook '/home/cricchetto/Robomaster_WS/install/multirobot_map_merge/share/multirobot_map_merge/hook/cmake_prefix_path.sh'
[6.918s] Level 1:colcon.colcon_core.environment:checking '/home/cricchetto/Robomaster_WS/install/multirobot_map_merge/lib'
[6.919s] Level 1:colcon.colcon_core.environment:checking '/home/cricchetto/Robomaster_WS/install/multirobot_map_merge/bin'
[6.919s] Level 1:colcon.colcon_core.environment:checking '/home/cricchetto/Robomaster_WS/install/multirobot_map_merge/lib/pkgconfig/multirobot_map_merge.pc'
[6.920s] Level 1:colcon.colcon_core.environment:checking '/home/cricchetto/Robomaster_WS/install/multirobot_map_merge/lib/python3.10/site-packages'
[6.923s] Level 1:colcon.colcon_core.environment:checking '/home/cricchetto/Robomaster_WS/install/multirobot_map_merge/bin'
[6.924s] INFO:colcon.colcon_core.shell:Creating package script '/home/cricchetto/Robomaster_WS/install/multirobot_map_merge/share/multirobot_map_merge/package.ps1'
[6.927s] INFO:colcon.colcon_core.shell:Creating package descriptor '/home/cricchetto/Robomaster_WS/install/multirobot_map_merge/share/multirobot_map_merge/package.dsv'
[6.929s] INFO:colcon.colcon_core.shell:Creating package script '/home/cricchetto/Robomaster_WS/install/multirobot_map_merge/share/multirobot_map_merge/package.sh'
[6.933s] INFO:colcon.colcon_core.shell:Creating package script '/home/cricchetto/Robomaster_WS/install/multirobot_map_merge/share/multirobot_map_merge/package.bash'
[6.935s] INFO:colcon.colcon_core.shell:Creating package script '/home/cricchetto/Robomaster_WS/install/multirobot_map_merge/share/multirobot_map_merge/package.zsh'
[6.938s] Level 1:colcon.colcon_core.environment:create_file_with_runtime_dependencies(/home/cricchetto/Robomaster_WS/install/multirobot_map_merge/share/colcon-core/packages/multirobot_map_merge)
[6.941s] Level 1:colcon.colcon_core.environment:create_environment_scripts_only(multirobot_map_merge)
[6.943s] Level 1:colcon.colcon_core.environment:checking '/home/cricchetto/Robomaster_WS/install/multirobot_map_merge' for CMake module files
[6.946s] Level 1:colcon.colcon_core.environment:checking '/home/cricchetto/Robomaster_WS/install/multirobot_map_merge' for CMake config files
[6.950s] Level 1:colcon.colcon_core.shell:create_environment_hook('multirobot_map_merge', 'cmake_prefix_path')
[6.952s] INFO:colcon.colcon_core.shell:Creating environment hook '/home/cricchetto/Robomaster_WS/install/multirobot_map_merge/share/multirobot_map_merge/hook/cmake_prefix_path.ps1'
[6.958s] INFO:colcon.colcon_core.shell:Creating environment descriptor '/home/cricchetto/Robomaster_WS/install/multirobot_map_merge/share/multirobot_map_merge/hook/cmake_prefix_path.dsv'
[6.962s] INFO:colcon.colcon_core.shell:Creating environment hook '/home/cricchetto/Robomaster_WS/install/multirobot_map_merge/share/multirobot_map_merge/hook/cmake_prefix_path.sh'
[6.969s] Level 1:colcon.colcon_core.environment:checking '/home/cricchetto/Robomaster_WS/install/multirobot_map_merge/lib'
[6.971s] Level 1:colcon.colcon_core.environment:checking '/home/cricchetto/Robomaster_WS/install/multirobot_map_merge/bin'
[6.972s] Level 1:colcon.colcon_core.environment:checking '/home/cricchetto/Robomaster_WS/install/multirobot_map_merge/lib/pkgconfig/multirobot_map_merge.pc'
[6.974s] Level 1:colcon.colcon_core.environment:checking '/home/cricchetto/Robomaster_WS/install/multirobot_map_merge/lib/python3.10/site-packages'
[6.977s] Level 1:colcon.colcon_core.environment:checking '/home/cricchetto/Robomaster_WS/install/multirobot_map_merge/bin'
[6.980s] INFO:colcon.colcon_core.shell:Creating package script '/home/cricchetto/Robomaster_WS/install/multirobot_map_merge/share/multirobot_map_merge/package.ps1'
[6.986s] INFO:colcon.colcon_core.shell:Creating package descriptor '/home/cricchetto/Robomaster_WS/install/multirobot_map_merge/share/multirobot_map_merge/package.dsv'
[6.991s] INFO:colcon.colcon_core.shell:Creating package script '/home/cricchetto/Robomaster_WS/install/multirobot_map_merge/share/multirobot_map_merge/package.sh'
[6.995s] INFO:colcon.colcon_core.shell:Creating package script '/home/cricchetto/Robomaster_WS/install/multirobot_map_merge/share/multirobot_map_merge/package.bash'
[7.001s] INFO:colcon.colcon_core.shell:Creating package script '/home/cricchetto/Robomaster_WS/install/multirobot_map_merge/share/multirobot_map_merge/package.zsh'
[7.005s] Level 1:colcon.colcon_core.environment:create_file_with_runtime_dependencies(/home/cricchetto/Robomaster_WS/install/multirobot_map_merge/share/colcon-core/packages/multirobot_map_merge)
[7.014s] INFO:colcon.colcon_ros.task.ament_python.build:Building ROS package in '/home/cricchetto/Robomaster_WS/src/robomaster_ros/robomaster_ros' with build type 'ament_python'
[7.016s] Level 1:colcon.colcon_core.shell:create_environment_hook('robomaster_ros', 'ament_prefix_path')
[7.017s] INFO:colcon.colcon_core.shell:Creating environment hook '/home/cricchetto/Robomaster_WS/install/robomaster_ros/share/robomaster_ros/hook/ament_prefix_path.ps1'
[7.022s] INFO:colcon.colcon_core.shell:Creating environment descriptor '/home/cricchetto/Robomaster_WS/install/robomaster_ros/share/robomaster_ros/hook/ament_prefix_path.dsv'
[7.027s] INFO:colcon.colcon_core.shell:Creating environment hook '/home/cricchetto/Robomaster_WS/install/robomaster_ros/share/robomaster_ros/hook/ament_prefix_path.sh'
[7.032s] INFO:colcon.colcon_core.shell:Skip shell extension 'powershell' for command environment: Not usable outside of PowerShell
[7.033s] DEBUG:colcon.colcon_core.shell:Skip shell extension 'dsv' for command environment
[8.446s] INFO:colcon.colcon_core.task.python.build:Building Python package in '/home/cricchetto/Robomaster_WS/src/robomaster_ros/robomaster_ros'
[8.447s] INFO:colcon.colcon_core.shell:Skip shell extension 'powershell' for command environment: Not usable outside of PowerShell
[8.447s] DEBUG:colcon.colcon_core.shell:Skip shell extension 'dsv' for command environment
[8.488s] DEBUG:colcon.colcon_core.event_handler.log_command:Invoking command in '/home/cricchetto/Robomaster_WS/src/ep_control': PYTHONPATH=/home/cricchetto/Robomaster_WS/build/ep_control/prefix_override:/usr/lib/python3/dist-packages/colcon_core/task/python/colcon_distutils_commands:/home/cricchetto/Robomaster_WS/install/ep_control/lib/python3.10/site-packages:${PYTHONPATH} /usr/bin/python3 -W ignore:setup.py install is deprecated -W ignore:easy_install command is deprecated setup.py egg_info --egg-base ../../build/ep_control build --build-base /home/cricchetto/Robomaster_WS/build/ep_control/build install --record /home/cricchetto/Robomaster_WS/build/ep_control/install.log --single-version-externally-managed install_data
[8.490s] DEBUG:colcon.colcon_core.event_handler.log_command:Invoked command in '/home/cricchetto/Robomaster_WS/build/sllidar_ros2' returned '0': CMAKE_PREFIX_PATH=${CMAKE_PREFIX_PATH}:/home/cricchetto/Robomaster_WS/install/robomaster_ros:/home/cricchetto/Robomaster_WS/install/ep_control:/home/cricchetto/Robomaster_WS/install/drift:/opt/ros/humble /usr/bin/cmake --build /home/cricchetto/Robomaster_WS/build/sllidar_ros2 -- -j4 -l4
[8.500s] DEBUG:colcon.colcon_core.event_handler.log_command:Invoking command in '/home/cricchetto/Robomaster_WS/build/sllidar_ros2': CMAKE_PREFIX_PATH=${CMAKE_PREFIX_PATH}:/home/cricchetto/Robomaster_WS/install/robomaster_ros:/home/cricchetto/Robomaster_WS/install/ep_control:/home/cricchetto/Robomaster_WS/install/drift:/opt/ros/humble /usr/bin/cmake --install /home/cricchetto/Robomaster_WS/build/sllidar_ros2
[8.504s] Level 1:colcon.colcon_core.environment:checking '/home/cricchetto/Robomaster_WS/install/drift' for CMake module files
[8.506s] DEBUG:colcon.colcon_core.event_handler.log_command:Invoked command in '/home/cricchetto/Robomaster_WS/src/drift' returned '0': PYTHONPATH=/home/cricchetto/Robomaster_WS/build/drift/prefix_override:/usr/lib/python3/dist-packages/colcon_core/task/python/colcon_distutils_commands:/home/cricchetto/Robomaster_WS/install/drift/lib/python3.10/site-packages:${PYTHONPATH} /usr/bin/python3 -W ignore:setup.py install is deprecated -W ignore:easy_install command is deprecated setup.py egg_info --egg-base ../../build/drift build --build-base /home/cricchetto/Robomaster_WS/build/drift/build install --record /home/cricchetto/Robomaster_WS/build/drift/install.log --single-version-externally-managed install_data
[8.508s] Level 1:colcon.colcon_core.environment:checking '/home/cricchetto/Robomaster_WS/install/drift' for CMake config files
[8.512s] Level 1:colcon.colcon_core.environment:checking '/home/cricchetto/Robomaster_WS/install/drift/lib'
[8.513s] Level 1:colcon.colcon_core.environment:checking '/home/cricchetto/Robomaster_WS/install/drift/bin'
[8.514s] Level 1:colcon.colcon_core.environment:checking '/home/cricchetto/Robomaster_WS/install/drift/lib/pkgconfig/drift.pc'
[8.515s] Level 1:colcon.colcon_core.environment:checking '/home/cricchetto/Robomaster_WS/install/drift/lib/python3.10/site-packages'
[8.515s] Level 1:colcon.colcon_core.shell:create_environment_hook('drift', 'pythonpath')
[8.516s] INFO:colcon.colcon_core.shell:Creating environment hook '/home/cricchetto/Robomaster_WS/install/drift/share/drift/hook/pythonpath.ps1'
[8.519s] INFO:colcon.colcon_core.shell:Creating environment descriptor '/home/cricchetto/Robomaster_WS/install/drift/share/drift/hook/pythonpath.dsv'
[8.522s] INFO:colcon.colcon_core.shell:Creating environment hook '/home/cricchetto/Robomaster_WS/install/drift/share/drift/hook/pythonpath.sh'
[8.526s] Level 1:colcon.colcon_core.environment:checking '/home/cricchetto/Robomaster_WS/install/drift/bin'
[8.527s] Level 1:colcon.colcon_core.environment:create_environment_scripts_only(drift)
[8.528s] INFO:colcon.colcon_core.shell:Creating package script '/home/cricchetto/Robomaster_WS/install/drift/share/drift/package.ps1'
[8.531s] INFO:colcon.colcon_core.shell:Creating package descriptor '/home/cricchetto/Robomaster_WS/install/drift/share/drift/package.dsv'
[8.534s] INFO:colcon.colcon_core.shell:Creating package script '/home/cricchetto/Robomaster_WS/install/drift/share/drift/package.sh'
[8.536s] INFO:colcon.colcon_core.shell:Creating package script '/home/cricchetto/Robomaster_WS/install/drift/share/drift/package.bash'
[8.538s] INFO:colcon.colcon_core.shell:Creating package script '/home/cricchetto/Robomaster_WS/install/drift/share/drift/package.zsh'
[8.541s] Level 1:colcon.colcon_core.environment:create_file_with_runtime_dependencies(/home/cricchetto/Robomaster_WS/install/drift/share/colcon-core/packages/drift)
[8.579s] Level 1:colcon.colcon_core.environment:create_environment_scripts_only(sllidar_ros2)
[8.580s] Level 1:colcon.colcon_core.environment:checking '/home/cricchetto/Robomaster_WS/install/sllidar_ros2' for CMake module files
[8.590s] Level 1:colcon.colcon_core.environment:checking '/home/cricchetto/Robomaster_WS/install/sllidar_ros2' for CMake config files
[8.593s] DEBUG:colcon.colcon_core.event_handler.log_command:Invoked command in '/home/cricchetto/Robomaster_WS/build/sllidar_ros2' returned '0': CMAKE_PREFIX_PATH=${CMAKE_PREFIX_PATH}:/home/cricchetto/Robomaster_WS/install/robomaster_ros:/home/cricchetto/Robomaster_WS/install/ep_control:/home/cricchetto/Robomaster_WS/install/drift:/opt/ros/humble /usr/bin/cmake --install /home/cricchetto/Robomaster_WS/build/sllidar_ros2
[8.594s] Level 1:colcon.colcon_core.shell:create_environment_hook('sllidar_ros2', 'cmake_prefix_path')
[8.595s] INFO:colcon.colcon_core.shell:Creating environment hook '/home/cricchetto/Robomaster_WS/install/sllidar_ros2/share/sllidar_ros2/hook/cmake_prefix_path.ps1'
[8.598s] INFO:colcon.colcon_core.shell:Creating environment descriptor '/home/cricchetto/Robomaster_WS/install/sllidar_ros2/share/sllidar_ros2/hook/cmake_prefix_path.dsv'
[8.600s] INFO:colcon.colcon_core.shell:Creating environment hook '/home/cricchetto/Robomaster_WS/install/sllidar_ros2/share/sllidar_ros2/hook/cmake_prefix_path.sh'
[8.605s] Level 1:colcon.colcon_core.environment:checking '/home/cricchetto/Robomaster_WS/install/sllidar_ros2/lib'
[8.606s] Level 1:colcon.colcon_core.environment:checking '/home/cricchetto/Robomaster_WS/install/sllidar_ros2/bin'
[8.606s] Level 1:colcon.colcon_core.environment:checking '/home/cricchetto/Robomaster_WS/install/sllidar_ros2/lib/pkgconfig/sllidar_ros2.pc'
[8.607s] Level 1:colcon.colcon_core.environment:checking '/home/cricchetto/Robomaster_WS/install/sllidar_ros2/lib/python3.10/site-packages'
[8.609s] Level 1:colcon.colcon_core.environment:checking '/home/cricchetto/Robomaster_WS/install/sllidar_ros2/bin'
[8.611s] INFO:colcon.colcon_core.shell:Creating package script '/home/cricchetto/Robomaster_WS/install/sllidar_ros2/share/sllidar_ros2/package.ps1'
[8.614s] INFO:colcon.colcon_core.shell:Creating package descriptor '/home/cricchetto/Robomaster_WS/install/sllidar_ros2/share/sllidar_ros2/package.dsv'
[8.616s] INFO:colcon.colcon_core.shell:Creating package script '/home/cricchetto/Robomaster_WS/install/sllidar_ros2/share/sllidar_ros2/package.sh'
[8.619s] INFO:colcon.colcon_core.shell:Creating package script '/home/cricchetto/Robomaster_WS/install/sllidar_ros2/share/sllidar_ros2/package.bash'
[8.622s] INFO:colcon.colcon_core.shell:Creating package script '/home/cricchetto/Robomaster_WS/install/sllidar_ros2/share/sllidar_ros2/package.zsh'
[8.626s] Level 1:colcon.colcon_core.environment:create_file_with_runtime_dependencies(/home/cricchetto/Robomaster_WS/install/sllidar_ros2/share/colcon-core/packages/sllidar_ros2)
[8.630s] Level 1:colcon.colcon_core.environment:create_environment_scripts_only(sllidar_ros2)
[8.631s] Level 1:colcon.colcon_core.environment:checking '/home/cricchetto/Robomaster_WS/install/sllidar_ros2' for CMake module files
[8.635s] Level 1:colcon.colcon_core.environment:checking '/home/cricchetto/Robomaster_WS/install/sllidar_ros2' for CMake config files
[8.637s] Level 1:colcon.colcon_core.shell:create_environment_hook('sllidar_ros2', 'cmake_prefix_path')
[8.638s] INFO:colcon.colcon_core.shell:Creating environment hook '/home/cricchetto/Robomaster_WS/install/sllidar_ros2/share/sllidar_ros2/hook/cmake_prefix_path.ps1'
[8.641s] INFO:colcon.colcon_core.shell:Creating environment descriptor '/home/cricchetto/Robomaster_WS/install/sllidar_ros2/share/sllidar_ros2/hook/cmake_prefix_path.dsv'
[8.643s] INFO:colcon.colcon_core.shell:Creating environment hook '/home/cricchetto/Robomaster_WS/install/sllidar_ros2/share/sllidar_ros2/hook/cmake_prefix_path.sh'
[8.647s] Level 1:colcon.colcon_core.environment:checking '/home/cricchetto/Robomaster_WS/install/sllidar_ros2/lib'
[8.648s] Level 1:colcon.colcon_core.environment:checking '/home/cricchetto/Robomaster_WS/install/sllidar_ros2/bin'
[8.648s] Level 1:colcon.colcon_core.environment:checking '/home/cricchetto/Robomaster_WS/install/sllidar_ros2/lib/pkgconfig/sllidar_ros2.pc'
[8.650s] Level 1:colcon.colcon_core.environment:checking '/home/cricchetto/Robomaster_WS/install/sllidar_ros2/lib/python3.10/site-packages'
[8.651s] Level 1:colcon.colcon_core.environment:checking '/home/cricchetto/Robomaster_WS/install/sllidar_ros2/bin'
[8.653s] INFO:colcon.colcon_core.shell:Creating package script '/home/cricchetto/Robomaster_WS/install/sllidar_ros2/share/sllidar_ros2/package.ps1'
[8.656s] INFO:colcon.colcon_core.shell:Creating package descriptor '/home/cricchetto/Robomaster_WS/install/sllidar_ros2/share/sllidar_ros2/package.dsv'
[8.659s] INFO:colcon.colcon_core.shell:Creating package script '/home/cricchetto/Robomaster_WS/install/sllidar_ros2/share/sllidar_ros2/package.sh'
[8.662s] INFO:colcon.colcon_core.shell:Creating package script '/home/cricchetto/Robomaster_WS/install/sllidar_ros2/share/sllidar_ros2/package.bash'
[8.665s] INFO:colcon.colcon_core.shell:Creating package script '/home/cricchetto/Robomaster_WS/install/sllidar_ros2/share/sllidar_ros2/package.zsh'
[8.668s] Level 1:colcon.colcon_core.environment:create_file_with_runtime_dependencies(/home/cricchetto/Robomaster_WS/install/sllidar_ros2/share/colcon-core/packages/sllidar_ros2)
[9.885s] Level 1:colcon.colcon_core.environment:checking '/home/cricchetto/Robomaster_WS/install/ep_control' for CMake module files
[9.887s] DEBUG:colcon.colcon_core.event_handler.log_command:Invoked command in '/home/cricchetto/Robomaster_WS/src/ep_control' returned '0': PYTHONPATH=/home/cricchetto/Robomaster_WS/build/ep_control/prefix_override:/usr/lib/python3/dist-packages/colcon_core/task/python/colcon_distutils_commands:/home/cricchetto/Robomaster_WS/install/ep_control/lib/python3.10/site-packages:${PYTHONPATH} /usr/bin/python3 -W ignore:setup.py install is deprecated -W ignore:easy_install command is deprecated setup.py egg_info --egg-base ../../build/ep_control build --build-base /home/cricchetto/Robomaster_WS/build/ep_control/build install --record /home/cricchetto/Robomaster_WS/build/ep_control/install.log --single-version-externally-managed install_data
[9.889s] Level 1:colcon.colcon_core.environment:checking '/home/cricchetto/Robomaster_WS/install/ep_control' for CMake config files
[9.892s] Level 1:colcon.colcon_core.environment:checking '/home/cricchetto/Robomaster_WS/install/ep_control/lib'
[9.893s] Level 1:colcon.colcon_core.environment:checking '/home/cricchetto/Robomaster_WS/install/ep_control/bin'
[9.893s] Level 1:colcon.colcon_core.environment:checking '/home/cricchetto/Robomaster_WS/install/ep_control/lib/pkgconfig/ep_control.pc'
[9.894s] Level 1:colcon.colcon_core.environment:checking '/home/cricchetto/Robomaster_WS/install/ep_control/lib/python3.10/site-packages'
[9.894s] Level 1:colcon.colcon_core.shell:create_environment_hook('ep_control', 'pythonpath')
[9.895s] INFO:colcon.colcon_core.shell:Creating environment hook '/home/cricchetto/Robomaster_WS/install/ep_control/share/ep_control/hook/pythonpath.ps1'
[9.898s] INFO:colcon.colcon_core.shell:Creating environment descriptor '/home/cricchetto/Robomaster_WS/install/ep_control/share/ep_control/hook/pythonpath.dsv'
[9.900s] INFO:colcon.colcon_core.shell:Creating environment hook '/home/cricchetto/Robomaster_WS/install/ep_control/share/ep_control/hook/pythonpath.sh'
[9.904s] Level 1:colcon.colcon_core.environment:checking '/home/cricchetto/Robomaster_WS/install/ep_control/bin'
[9.904s] Level 1:colcon.colcon_core.environment:create_environment_scripts_only(ep_control)
[9.906s] INFO:colcon.colcon_core.shell:Creating package script '/home/cricchetto/Robomaster_WS/install/ep_control/share/ep_control/package.ps1'
[9.909s] INFO:colcon.colcon_core.shell:Creating package descriptor '/home/cricchetto/Robomaster_WS/install/ep_control/share/ep_control/package.dsv'
[9.911s] INFO:colcon.colcon_core.shell:Creating package script '/home/cricchetto/Robomaster_WS/install/ep_control/share/ep_control/package.sh'
[9.915s] INFO:colcon.colcon_core.shell:Creating package script '/home/cricchetto/Robomaster_WS/install/ep_control/share/ep_control/package.bash'
[9.918s] INFO:colcon.colcon_core.shell:Creating package script '/home/cricchetto/Robomaster_WS/install/ep_control/share/ep_control/package.zsh'
[9.920s] Level 1:colcon.colcon_core.environment:create_file_with_runtime_dependencies(/home/cricchetto/Robomaster_WS/install/ep_control/share/colcon-core/packages/ep_control)
[10.294s] DEBUG:colcon.colcon_core.event_handler.log_command:Invoking command in '/home/cricchetto/Robomaster_WS/src/robomaster_ros/robomaster_ros': CMAKE_PREFIX_PATH=/home/cricchetto/Robomaster_WS/install/robomaster_msgs:/home/cricchetto/Robomaster_WS/install/sllidar_ros2:/home/cricchetto/Robomaster_WS/install/robomaster_description:/home/cricchetto/Robomaster_WS/install/multirobot_map_merge:/home/cricchetto/Robomaster_WS/install/explore_lite PYTHONPATH=/home/cricchetto/Robomaster_WS/build/robomaster_ros/prefix_override:/usr/lib/python3/dist-packages/colcon_core/task/python/colcon_distutils_commands:/home/cricchetto/Robomaster_WS/install/robomaster_ros/lib/python3.10/site-packages:${PYTHONPATH} /usr/bin/python3 -W ignore:setup.py install is deprecated -W ignore:easy_install command is deprecated setup.py egg_info --egg-base ../../../build/robomaster_ros build --build-base /home/cricchetto/Robomaster_WS/build/robomaster_ros/build install --record /home/cricchetto/Robomaster_WS/build/robomaster_ros/install.log --single-version-externally-managed install_data
[11.545s] Level 1:colcon.colcon_core.environment:checking '/home/cricchetto/Robomaster_WS/install/robomaster_ros' for CMake module files
[11.547s] DEBUG:colcon.colcon_core.event_handler.log_command:Invoked command in '/home/cricchetto/Robomaster_WS/src/robomaster_ros/robomaster_ros' returned '0': CMAKE_PREFIX_PATH=/home/cricchetto/Robomaster_WS/install/robomaster_msgs:/home/cricchetto/Robomaster_WS/install/sllidar_ros2:/home/cricchetto/Robomaster_WS/install/robomaster_description:/home/cricchetto/Robomaster_WS/install/multirobot_map_merge:/home/cricchetto/Robomaster_WS/install/explore_lite PYTHONPATH=/home/cricchetto/Robomaster_WS/build/robomaster_ros/prefix_override:/usr/lib/python3/dist-packages/colcon_core/task/python/colcon_distutils_commands:/home/cricchetto/Robomaster_WS/install/robomaster_ros/lib/python3.10/site-packages:${PYTHONPATH} /usr/bin/python3 -W ignore:setup.py install is deprecated -W ignore:easy_install command is deprecated setup.py egg_info --egg-base ../../../build/robomaster_ros build --build-base /home/cricchetto/Robomaster_WS/build/robomaster_ros/build install --record /home/cricchetto/Robomaster_WS/build/robomaster_ros/install.log --single-version-externally-managed install_data
[11.550s] Level 1:colcon.colcon_core.environment:checking '/home/cricchetto/Robomaster_WS/install/robomaster_ros' for CMake config files
[11.555s] Level 1:colcon.colcon_core.environment:checking '/home/cricchetto/Robomaster_WS/install/robomaster_ros/lib'
[11.555s] Level 1:colcon.colcon_core.environment:checking '/home/cricchetto/Robomaster_WS/install/robomaster_ros/bin'
[11.555s] Level 1:colcon.colcon_core.environment:checking '/home/cricchetto/Robomaster_WS/install/robomaster_ros/lib/pkgconfig/robomaster_ros.pc'
[11.556s] Level 1:colcon.colcon_core.environment:checking '/home/cricchetto/Robomaster_WS/install/robomaster_ros/lib/python3.10/site-packages'
[11.556s] Level 1:colcon.colcon_core.shell:create_environment_hook('robomaster_ros', 'pythonpath')
[11.557s] INFO:colcon.colcon_core.shell:Creating environment hook '/home/cricchetto/Robomaster_WS/install/robomaster_ros/share/robomaster_ros/hook/pythonpath.ps1'
[11.607s] INFO:colcon.colcon_core.shell:Creating environment descriptor '/home/cricchetto/Robomaster_WS/install/robomaster_ros/share/robomaster_ros/hook/pythonpath.dsv'
[11.610s] INFO:colcon.colcon_core.shell:Creating environment hook '/home/cricchetto/Robomaster_WS/install/robomaster_ros/share/robomaster_ros/hook/pythonpath.sh'
[11.615s] Level 1:colcon.colcon_core.environment:checking '/home/cricchetto/Robomaster_WS/install/robomaster_ros/bin'
[11.616s] Level 1:colcon.colcon_core.environment:create_environment_scripts_only(robomaster_ros)
[11.618s] INFO:colcon.colcon_core.shell:Creating package script '/home/cricchetto/Robomaster_WS/install/robomaster_ros/share/robomaster_ros/package.ps1'
[11.622s] INFO:colcon.colcon_core.shell:Creating package descriptor '/home/cricchetto/Robomaster_WS/install/robomaster_ros/share/robomaster_ros/package.dsv'
[11.624s] INFO:colcon.colcon_core.shell:Creating package script '/home/cricchetto/Robomaster_WS/install/robomaster_ros/share/robomaster_ros/package.sh'
[11.626s] INFO:colcon.colcon_core.shell:Creating package script '/home/cricchetto/Robomaster_WS/install/robomaster_ros/share/robomaster_ros/package.bash'
[11.628s] INFO:colcon.colcon_core.shell:Creating package script '/home/cricchetto/Robomaster_WS/install/robomaster_ros/share/robomaster_ros/package.zsh'
[11.630s] Level 1:colcon.colcon_core.environment:create_file_with_runtime_dependencies(/home/cricchetto/Robomaster_WS/install/robomaster_ros/share/colcon-core/packages/robomaster_ros)
[11.631s] DEBUG:colcon.colcon_parallel_executor.executor.parallel:closing loop
[11.632s] DEBUG:colcon.colcon_parallel_executor.executor.parallel:loop closed
[11.632s] DEBUG:colcon.colcon_parallel_executor.executor.parallel:run_until_complete finished with '0'
[11.633s] DEBUG:colcon.colcon_core.event_reactor:joining thread
[11.713s] INFO:colcon.colcon_core.plugin_system:Skipping extension 'colcon_notification.desktop_notification.notify_send': Could not find 'notify-send'
[11.714s] INFO:colcon.colcon_core.plugin_system:Skipping extension 'colcon_notification.desktop_notification.terminal_notifier': Not used on non-Darwin systems
[11.714s] INFO:colcon.colcon_core.plugin_system:Skipping extension 'colcon_notification.desktop_notification.win32': Not used on non-Windows systems
[11.714s] INFO:colcon.colcon_notification.desktop_notification:Sending desktop notification using 'notify2'
[11.717s] DEBUG:colcon.colcon_notification.desktop_notification.notify2:Failed to initialize notify2: org.freedesktop.DBus.Error.ServiceUnknown: The name org.freedesktop.Notifications was not provided by any .service files
[11.717s] DEBUG:colcon.colcon_core.event_reactor:joined thread
[11.718s] INFO:colcon.colcon_core.shell:Creating prefix script '/home/cricchetto/Robomaster_WS/install/local_setup.ps1'
[11.722s] INFO:colcon.colcon_core.shell:Creating prefix util module '/home/cricchetto/Robomaster_WS/install/_local_setup_util_ps1.py'
[11.730s] INFO:colcon.colcon_core.shell:Creating prefix chain script '/home/cricchetto/Robomaster_WS/install/setup.ps1'
[11.738s] INFO:colcon.colcon_core.shell:Creating prefix script '/home/cricchetto/Robomaster_WS/install/local_setup.sh'
[11.741s] INFO:colcon.colcon_core.shell:Creating prefix util module '/home/cricchetto/Robomaster_WS/install/_local_setup_util_sh.py'
[11.744s] INFO:colcon.colcon_core.shell:Creating prefix chain script '/home/cricchetto/Robomaster_WS/install/setup.sh'
[11.750s] INFO:colcon.colcon_core.shell:Creating prefix script '/home/cricchetto/Robomaster_WS/install/local_setup.bash'
[11.753s] INFO:colcon.colcon_core.shell:Creating prefix chain script '/home/cricchetto/Robomaster_WS/install/setup.bash'
[11.759s] INFO:colcon.colcon_core.shell:Creating prefix script '/home/cricchetto/Robomaster_WS/install/local_setup.zsh'
[11.762s] INFO:colcon.colcon_core.shell:Creating prefix chain script '/home/cricchetto/Robomaster_WS/install/setup.zsh'
