[0.429s] DEBUG:colcon:Command line arguments: ['/usr/bin/colcon', 'build']
[0.429s] DEBUG:colcon:Parsed command line arguments: Namespace(log_base=None, log_level=None, verb_name='build', build_base='build', install_base='install', merge_install=False, symlink_install=False, test_result_base=None, continue_on_error=False, executor='parallel', parallel_workers=4, event_handlers=None, ignore_user_meta=False, metas=['./colcon.meta'], base_paths=['.'], packages_ignore=None, packages_ignore_regex=None, paths=None, packages_up_to=None, packages_up_to_regex=None, packages_above=None, packages_above_and_dependencies=None, packages_above_depth=None, packages_select_by_dep=None, packages_skip_by_dep=None, packages_skip_up_to=None, packages_select_build_failed=False, packages_skip_build_finished=False, packages_select_test_failures=False, packages_skip_test_passed=False, packages_select=None, packages_skip=None, packages_select_regex=None, packages_skip_regex=None, packages_start=None, packages_end=None, allow_overriding=[], cmake_args=None, cmake_target=None, cmake_target_skip_unavailable=False, cmake_clean_cache=False, cmake_clean_first=False, cmake_force_configure=False, ament_cmake_args=None, catkin_cmake_args=None, catkin_skip_building_tests=False, verb_parser=<colcon_defaults.argument_parser.defaults.DefaultArgumentsDecorator object at 0xffff8ca6f3d0>, verb_extension=<colcon_core.verb.build.BuildVerb object at 0xffff8cbb8760>, main=<bound method BuildVerb.main of <colcon_core.verb.build.BuildVerb object at 0xffff8cbb8760>>)
[1.109s] Level 1:colcon.colcon_core.package_discovery:discover_packages(colcon_meta) check parameters
[1.109s] Level 1:colcon.colcon_core.package_discovery:discover_packages(recursive) check parameters
[1.109s] Level 1:colcon.colcon_core.package_discovery:discover_packages(ignore) check parameters
[1.109s] Level 1:colcon.colcon_core.package_discovery:discover_packages(path) check parameters
[1.109s] Level 1:colcon.colcon_core.package_discovery:discover_packages(colcon_meta) discover
[1.110s] Level 1:colcon.colcon_core.package_discovery:discover_packages(recursive) discover
[1.110s] INFO:colcon.colcon_core.package_discovery:Crawling recursively for packages in '/home/cricchetto/Robomaster_WS'
[1.110s] Level 1:colcon.colcon_core.package_identification:_identify(.) by extensions ['ignore', 'ignore_ament_install']
[1.111s] Level 1:colcon.colcon_core.package_identification:_identify(.) by extension 'ignore'
[1.111s] Level 1:colcon.colcon_core.package_identification:_identify(.) by extension 'ignore_ament_install'
[1.111s] Level 1:colcon.colcon_core.package_identification:_identify(.) by extensions ['colcon_pkg']
[1.111s] Level 1:colcon.colcon_core.package_identification:_identify(.) by extension 'colcon_pkg'
[1.111s] Level 1:colcon.colcon_core.package_identification:_identify(.) by extensions ['colcon_meta']
[1.111s] Level 1:colcon.colcon_core.package_identification:_identify(.) by extension 'colcon_meta'
[1.112s] Level 1:colcon.colcon_core.package_identification:_identify(.) by extensions ['ros']
[1.112s] Level 1:colcon.colcon_core.package_identification:_identify(.) by extension 'ros'
[1.160s] Level 1:colcon.colcon_core.package_identification:_identify(.) by extensions ['cmake', 'python']
[1.160s] Level 1:colcon.colcon_core.package_identification:_identify(.) by extension 'cmake'
[1.161s] Level 1:colcon.colcon_core.package_identification:_identify(.) by extension 'python'
[1.161s] Level 1:colcon.colcon_core.package_identification:_identify(.) by extensions ['python_setup_py']
[1.161s] Level 1:colcon.colcon_core.package_identification:_identify(.) by extension 'python_setup_py'
[1.161s] Level 1:colcon.colcon_core.package_identification:_identify(build) by extensions ['ignore', 'ignore_ament_install']
[1.162s] Level 1:colcon.colcon_core.package_identification:_identify(build) by extension 'ignore'
[1.162s] Level 1:colcon.colcon_core.package_identification:_identify(build) ignored
[1.163s] Level 1:colcon.colcon_core.package_identification:_identify(install) by extensions ['ignore', 'ignore_ament_install']
[1.163s] Level 1:colcon.colcon_core.package_identification:_identify(install) by extension 'ignore'
[1.163s] Level 1:colcon.colcon_core.package_identification:_identify(install) ignored
[1.164s] Level 1:colcon.colcon_core.package_identification:_identify(log) by extensions ['ignore', 'ignore_ament_install']
[1.164s] Level 1:colcon.colcon_core.package_identification:_identify(log) by extension 'ignore'
[1.164s] Level 1:colcon.colcon_core.package_identification:_identify(log) ignored
[1.164s] Level 1:colcon.colcon_core.package_identification:_identify(maps) by extensions ['ignore', 'ignore_ament_install']
[1.165s] Level 1:colcon.colcon_core.package_identification:_identify(maps) by extension 'ignore'
[1.165s] Level 1:colcon.colcon_core.package_identification:_identify(maps) by extension 'ignore_ament_install'
[1.165s] Level 1:colcon.colcon_core.package_identification:_identify(maps) by extensions ['colcon_pkg']
[1.165s] Level 1:colcon.colcon_core.package_identification:_identify(maps) by extension 'colcon_pkg'
[1.165s] Level 1:colcon.colcon_core.package_identification:_identify(maps) by extensions ['colcon_meta']
[1.165s] Level 1:colcon.colcon_core.package_identification:_identify(maps) by extension 'colcon_meta'
[1.166s] Level 1:colcon.colcon_core.package_identification:_identify(maps) by extensions ['ros']
[1.166s] Level 1:colcon.colcon_core.package_identification:_identify(maps) by extension 'ros'
[1.166s] Level 1:colcon.colcon_core.package_identification:_identify(maps) by extensions ['cmake', 'python']
[1.166s] Level 1:colcon.colcon_core.package_identification:_identify(maps) by extension 'cmake'
[1.166s] Level 1:colcon.colcon_core.package_identification:_identify(maps) by extension 'python'
[1.167s] Level 1:colcon.colcon_core.package_identification:_identify(maps) by extensions ['python_setup_py']
[1.167s] Level 1:colcon.colcon_core.package_identification:_identify(maps) by extension 'python_setup_py'
[1.167s] Level 1:colcon.colcon_core.package_identification:_identify(sound) by extensions ['ignore', 'ignore_ament_install']
[1.167s] Level 1:colcon.colcon_core.package_identification:_identify(sound) by extension 'ignore'
[1.168s] Level 1:colcon.colcon_core.package_identification:_identify(sound) by extension 'ignore_ament_install'
[1.168s] Level 1:colcon.colcon_core.package_identification:_identify(sound) by extensions ['colcon_pkg']
[1.168s] Level 1:colcon.colcon_core.package_identification:_identify(sound) by extension 'colcon_pkg'
[1.168s] Level 1:colcon.colcon_core.package_identification:_identify(sound) by extensions ['colcon_meta']
[1.168s] Level 1:colcon.colcon_core.package_identification:_identify(sound) by extension 'colcon_meta'
[1.168s] Level 1:colcon.colcon_core.package_identification:_identify(sound) by extensions ['ros']
[1.168s] Level 1:colcon.colcon_core.package_identification:_identify(sound) by extension 'ros'
[1.169s] Level 1:colcon.colcon_core.package_identification:_identify(sound) by extensions ['cmake', 'python']
[1.169s] Level 1:colcon.colcon_core.package_identification:_identify(sound) by extension 'cmake'
[1.169s] Level 1:colcon.colcon_core.package_identification:_identify(sound) by extension 'python'
[1.169s] Level 1:colcon.colcon_core.package_identification:_identify(sound) by extensions ['python_setup_py']
[1.169s] Level 1:colcon.colcon_core.package_identification:_identify(sound) by extension 'python_setup_py'
[1.170s] Level 1:colcon.colcon_core.package_identification:_identify(src) by extensions ['ignore', 'ignore_ament_install']
[1.170s] Level 1:colcon.colcon_core.package_identification:_identify(src) by extension 'ignore'
[1.170s] Level 1:colcon.colcon_core.package_identification:_identify(src) by extension 'ignore_ament_install'
[1.171s] Level 1:colcon.colcon_core.package_identification:_identify(src) by extensions ['colcon_pkg']
[1.171s] Level 1:colcon.colcon_core.package_identification:_identify(src) by extension 'colcon_pkg'
[1.171s] Level 1:colcon.colcon_core.package_identification:_identify(src) by extensions ['colcon_meta']
[1.171s] Level 1:colcon.colcon_core.package_identification:_identify(src) by extension 'colcon_meta'
[1.171s] Level 1:colcon.colcon_core.package_identification:_identify(src) by extensions ['ros']
[1.171s] Level 1:colcon.colcon_core.package_identification:_identify(src) by extension 'ros'
[1.172s] Level 1:colcon.colcon_core.package_identification:_identify(src) by extensions ['cmake', 'python']
[1.172s] Level 1:colcon.colcon_core.package_identification:_identify(src) by extension 'cmake'
[1.172s] Level 1:colcon.colcon_core.package_identification:_identify(src) by extension 'python'
[1.172s] Level 1:colcon.colcon_core.package_identification:_identify(src) by extensions ['python_setup_py']
[1.172s] Level 1:colcon.colcon_core.package_identification:_identify(src) by extension 'python_setup_py'
[1.173s] Level 1:colcon.colcon_core.package_identification:_identify(src/build) by extensions ['ignore', 'ignore_ament_install']
[1.173s] Level 1:colcon.colcon_core.package_identification:_identify(src/build) by extension 'ignore'
[1.173s] Level 1:colcon.colcon_core.package_identification:_identify(src/build) ignored
[1.173s] Level 1:colcon.colcon_core.package_identification:_identify(src/drift) by extensions ['ignore', 'ignore_ament_install']
[1.174s] Level 1:colcon.colcon_core.package_identification:_identify(src/drift) by extension 'ignore'
[1.174s] Level 1:colcon.colcon_core.package_identification:_identify(src/drift) by extension 'ignore_ament_install'
[1.174s] Level 1:colcon.colcon_core.package_identification:_identify(src/drift) by extensions ['colcon_pkg']
[1.174s] Level 1:colcon.colcon_core.package_identification:_identify(src/drift) by extension 'colcon_pkg'
[1.174s] Level 1:colcon.colcon_core.package_identification:_identify(src/drift) by extensions ['colcon_meta']
[1.174s] Level 1:colcon.colcon_core.package_identification:_identify(src/drift) by extension 'colcon_meta'
[1.175s] Level 1:colcon.colcon_core.package_identification:_identify(src/drift) by extensions ['ros']
[1.175s] Level 1:colcon.colcon_core.package_identification:_identify(src/drift) by extension 'ros'
[1.184s] DEBUG:colcon.colcon_core.package_identification:Package 'src/drift' with type 'ros.ament_python' and name 'drift'
[1.185s] Level 1:colcon.colcon_core.package_identification:_identify(src/ep_control) by extensions ['ignore', 'ignore_ament_install']
[1.185s] Level 1:colcon.colcon_core.package_identification:_identify(src/ep_control) by extension 'ignore'
[1.185s] Level 1:colcon.colcon_core.package_identification:_identify(src/ep_control) by extension 'ignore_ament_install'
[1.185s] Level 1:colcon.colcon_core.package_identification:_identify(src/ep_control) by extensions ['colcon_pkg']
[1.185s] Level 1:colcon.colcon_core.package_identification:_identify(src/ep_control) by extension 'colcon_pkg'
[1.186s] Level 1:colcon.colcon_core.package_identification:_identify(src/ep_control) by extensions ['colcon_meta']
[1.186s] Level 1:colcon.colcon_core.package_identification:_identify(src/ep_control) by extension 'colcon_meta'
[1.186s] Level 1:colcon.colcon_core.package_identification:_identify(src/ep_control) by extensions ['ros']
[1.186s] Level 1:colcon.colcon_core.package_identification:_identify(src/ep_control) by extension 'ros'
[1.189s] DEBUG:colcon.colcon_core.package_identification:Package 'src/ep_control' with type 'ros.ament_python' and name 'ep_control'
[1.189s] Level 1:colcon.colcon_core.package_identification:_identify(src/install) by extensions ['ignore', 'ignore_ament_install']
[1.190s] Level 1:colcon.colcon_core.package_identification:_identify(src/install) by extension 'ignore'
[1.190s] Level 1:colcon.colcon_core.package_identification:_identify(src/install) ignored
[1.190s] Level 1:colcon.colcon_core.package_identification:_identify(src/log) by extensions ['ignore', 'ignore_ament_install']
[1.191s] Level 1:colcon.colcon_core.package_identification:_identify(src/log) by extension 'ignore'
[1.191s] Level 1:colcon.colcon_core.package_identification:_identify(src/log) ignored
[1.191s] Level 1:colcon.colcon_core.package_identification:_identify(src/m-explore-ros2) by extensions ['ignore', 'ignore_ament_install']
[1.192s] Level 1:colcon.colcon_core.package_identification:_identify(src/m-explore-ros2) by extension 'ignore'
[1.192s] Level 1:colcon.colcon_core.package_identification:_identify(src/m-explore-ros2) by extension 'ignore_ament_install'
[1.192s] Level 1:colcon.colcon_core.package_identification:_identify(src/m-explore-ros2) by extensions ['colcon_pkg']
[1.192s] Level 1:colcon.colcon_core.package_identification:_identify(src/m-explore-ros2) by extension 'colcon_pkg'
[1.192s] Level 1:colcon.colcon_core.package_identification:_identify(src/m-explore-ros2) by extensions ['colcon_meta']
[1.192s] Level 1:colcon.colcon_core.package_identification:_identify(src/m-explore-ros2) by extension 'colcon_meta'
[1.193s] Level 1:colcon.colcon_core.package_identification:_identify(src/m-explore-ros2) by extensions ['ros']
[1.193s] Level 1:colcon.colcon_core.package_identification:_identify(src/m-explore-ros2) by extension 'ros'
[1.193s] Level 1:colcon.colcon_core.package_identification:_identify(src/m-explore-ros2) by extensions ['cmake', 'python']
[1.193s] Level 1:colcon.colcon_core.package_identification:_identify(src/m-explore-ros2) by extension 'cmake'
[1.193s] Level 1:colcon.colcon_core.package_identification:_identify(src/m-explore-ros2) by extension 'python'
[1.194s] Level 1:colcon.colcon_core.package_identification:_identify(src/m-explore-ros2) by extensions ['python_setup_py']
[1.194s] Level 1:colcon.colcon_core.package_identification:_identify(src/m-explore-ros2) by extension 'python_setup_py'
[1.194s] Level 1:colcon.colcon_core.package_identification:_identify(src/m-explore-ros2/explore) by extensions ['ignore', 'ignore_ament_install']
[1.195s] Level 1:colcon.colcon_core.package_identification:_identify(src/m-explore-ros2/explore) by extension 'ignore'
[1.195s] Level 1:colcon.colcon_core.package_identification:_identify(src/m-explore-ros2/explore) by extension 'ignore_ament_install'
[1.195s] Level 1:colcon.colcon_core.package_identification:_identify(src/m-explore-ros2/explore) by extensions ['colcon_pkg']
[1.195s] Level 1:colcon.colcon_core.package_identification:_identify(src/m-explore-ros2/explore) by extension 'colcon_pkg'
[1.195s] Level 1:colcon.colcon_core.package_identification:_identify(src/m-explore-ros2/explore) by extensions ['colcon_meta']
[1.195s] Level 1:colcon.colcon_core.package_identification:_identify(src/m-explore-ros2/explore) by extension 'colcon_meta'
[1.196s] Level 1:colcon.colcon_core.package_identification:_identify(src/m-explore-ros2/explore) by extensions ['ros']
[1.196s] Level 1:colcon.colcon_core.package_identification:_identify(src/m-explore-ros2/explore) by extension 'ros'
[1.201s] DEBUG:colcon.colcon_core.package_identification:Package 'src/m-explore-ros2/explore' with type 'ros.ament_cmake' and name 'explore_lite'
[1.202s] Level 1:colcon.colcon_core.package_identification:_identify(src/m-explore-ros2/map_merge) by extensions ['ignore', 'ignore_ament_install']
[1.202s] Level 1:colcon.colcon_core.package_identification:_identify(src/m-explore-ros2/map_merge) by extension 'ignore'
[1.203s] Level 1:colcon.colcon_core.package_identification:_identify(src/m-explore-ros2/map_merge) by extension 'ignore_ament_install'
[1.203s] Level 1:colcon.colcon_core.package_identification:_identify(src/m-explore-ros2/map_merge) by extensions ['colcon_pkg']
[1.203s] Level 1:colcon.colcon_core.package_identification:_identify(src/m-explore-ros2/map_merge) by extension 'colcon_pkg'
[1.203s] Level 1:colcon.colcon_core.package_identification:_identify(src/m-explore-ros2/map_merge) by extensions ['colcon_meta']
[1.203s] Level 1:colcon.colcon_core.package_identification:_identify(src/m-explore-ros2/map_merge) by extension 'colcon_meta'
[1.203s] Level 1:colcon.colcon_core.package_identification:_identify(src/m-explore-ros2/map_merge) by extensions ['ros']
[1.204s] Level 1:colcon.colcon_core.package_identification:_identify(src/m-explore-ros2/map_merge) by extension 'ros'
[1.208s] DEBUG:colcon.colcon_core.package_identification:Package 'src/m-explore-ros2/map_merge' with type 'ros.ament_cmake' and name 'multirobot_map_merge'
[1.208s] Level 1:colcon.colcon_core.package_identification:_identify(src/robomaster_ros) by extensions ['ignore', 'ignore_ament_install']
[1.209s] Level 1:colcon.colcon_core.package_identification:_identify(src/robomaster_ros) by extension 'ignore'
[1.209s] Level 1:colcon.colcon_core.package_identification:_identify(src/robomaster_ros) by extension 'ignore_ament_install'
[1.209s] Level 1:colcon.colcon_core.package_identification:_identify(src/robomaster_ros) by extensions ['colcon_pkg']
[1.209s] Level 1:colcon.colcon_core.package_identification:_identify(src/robomaster_ros) by extension 'colcon_pkg'
[1.209s] Level 1:colcon.colcon_core.package_identification:_identify(src/robomaster_ros) by extensions ['colcon_meta']
[1.209s] Level 1:colcon.colcon_core.package_identification:_identify(src/robomaster_ros) by extension 'colcon_meta'
[1.210s] Level 1:colcon.colcon_core.package_identification:_identify(src/robomaster_ros) by extensions ['ros']
[1.210s] Level 1:colcon.colcon_core.package_identification:_identify(src/robomaster_ros) by extension 'ros'
[1.210s] Level 1:colcon.colcon_core.package_identification:_identify(src/robomaster_ros) by extensions ['cmake', 'python']
[1.210s] Level 1:colcon.colcon_core.package_identification:_identify(src/robomaster_ros) by extension 'cmake'
[1.210s] Level 1:colcon.colcon_core.package_identification:_identify(src/robomaster_ros) by extension 'python'
[1.211s] Level 1:colcon.colcon_core.package_identification:_identify(src/robomaster_ros) by extensions ['python_setup_py']
[1.211s] Level 1:colcon.colcon_core.package_identification:_identify(src/robomaster_ros) by extension 'python_setup_py'
[1.211s] Level 1:colcon.colcon_core.package_identification:_identify(src/robomaster_ros/docker) by extensions ['ignore', 'ignore_ament_install']
[1.212s] Level 1:colcon.colcon_core.package_identification:_identify(src/robomaster_ros/docker) by extension 'ignore'
[1.212s] Level 1:colcon.colcon_core.package_identification:_identify(src/robomaster_ros/docker) by extension 'ignore_ament_install'
[1.212s] Level 1:colcon.colcon_core.package_identification:_identify(src/robomaster_ros/docker) by extensions ['colcon_pkg']
[1.212s] Level 1:colcon.colcon_core.package_identification:_identify(src/robomaster_ros/docker) by extension 'colcon_pkg'
[1.212s] Level 1:colcon.colcon_core.package_identification:_identify(src/robomaster_ros/docker) by extensions ['colcon_meta']
[1.212s] Level 1:colcon.colcon_core.package_identification:_identify(src/robomaster_ros/docker) by extension 'colcon_meta'
[1.213s] Level 1:colcon.colcon_core.package_identification:_identify(src/robomaster_ros/docker) by extensions ['ros']
[1.213s] Level 1:colcon.colcon_core.package_identification:_identify(src/robomaster_ros/docker) by extension 'ros'
[1.213s] Level 1:colcon.colcon_core.package_identification:_identify(src/robomaster_ros/docker) by extensions ['cmake', 'python']
[1.213s] Level 1:colcon.colcon_core.package_identification:_identify(src/robomaster_ros/docker) by extension 'cmake'
[1.213s] Level 1:colcon.colcon_core.package_identification:_identify(src/robomaster_ros/docker) by extension 'python'
[1.213s] Level 1:colcon.colcon_core.package_identification:_identify(src/robomaster_ros/docker) by extensions ['python_setup_py']
[1.213s] Level 1:colcon.colcon_core.package_identification:_identify(src/robomaster_ros/docker) by extension 'python_setup_py'
[1.214s] Level 1:colcon.colcon_core.package_identification:_identify(src/robomaster_ros/docker/foxy) by extensions ['ignore', 'ignore_ament_install']
[1.214s] Level 1:colcon.colcon_core.package_identification:_identify(src/robomaster_ros/docker/foxy) by extension 'ignore'
[1.215s] Level 1:colcon.colcon_core.package_identification:_identify(src/robomaster_ros/docker/foxy) by extension 'ignore_ament_install'
[1.215s] Level 1:colcon.colcon_core.package_identification:_identify(src/robomaster_ros/docker/foxy) by extensions ['colcon_pkg']
[1.215s] Level 1:colcon.colcon_core.package_identification:_identify(src/robomaster_ros/docker/foxy) by extension 'colcon_pkg'
[1.215s] Level 1:colcon.colcon_core.package_identification:_identify(src/robomaster_ros/docker/foxy) by extensions ['colcon_meta']
[1.215s] Level 1:colcon.colcon_core.package_identification:_identify(src/robomaster_ros/docker/foxy) by extension 'colcon_meta'
[1.215s] Level 1:colcon.colcon_core.package_identification:_identify(src/robomaster_ros/docker/foxy) by extensions ['ros']
[1.216s] Level 1:colcon.colcon_core.package_identification:_identify(src/robomaster_ros/docker/foxy) by extension 'ros'
[1.216s] Level 1:colcon.colcon_core.package_identification:_identify(src/robomaster_ros/docker/foxy) by extensions ['cmake', 'python']
[1.216s] Level 1:colcon.colcon_core.package_identification:_identify(src/robomaster_ros/docker/foxy) by extension 'cmake'
[1.216s] Level 1:colcon.colcon_core.package_identification:_identify(src/robomaster_ros/docker/foxy) by extension 'python'
[1.216s] Level 1:colcon.colcon_core.package_identification:_identify(src/robomaster_ros/docker/foxy) by extensions ['python_setup_py']
[1.216s] Level 1:colcon.colcon_core.package_identification:_identify(src/robomaster_ros/docker/foxy) by extension 'python_setup_py'
[1.217s] Level 1:colcon.colcon_core.package_identification:_identify(src/robomaster_ros/docker/foxy/ep) by extensions ['ignore', 'ignore_ament_install']
[1.217s] Level 1:colcon.colcon_core.package_identification:_identify(src/robomaster_ros/docker/foxy/ep) by extension 'ignore'
[1.217s] Level 1:colcon.colcon_core.package_identification:_identify(src/robomaster_ros/docker/foxy/ep) by extension 'ignore_ament_install'
[1.218s] Level 1:colcon.colcon_core.package_identification:_identify(src/robomaster_ros/docker/foxy/ep) by extensions ['colcon_pkg']
[1.218s] Level 1:colcon.colcon_core.package_identification:_identify(src/robomaster_ros/docker/foxy/ep) by extension 'colcon_pkg'
[1.218s] Level 1:colcon.colcon_core.package_identification:_identify(src/robomaster_ros/docker/foxy/ep) by extensions ['colcon_meta']
[1.218s] Level 1:colcon.colcon_core.package_identification:_identify(src/robomaster_ros/docker/foxy/ep) by extension 'colcon_meta'
[1.218s] Level 1:colcon.colcon_core.package_identification:_identify(src/robomaster_ros/docker/foxy/ep) by extensions ['ros']
[1.218s] Level 1:colcon.colcon_core.package_identification:_identify(src/robomaster_ros/docker/foxy/ep) by extension 'ros'
[1.219s] Level 1:colcon.colcon_core.package_identification:_identify(src/robomaster_ros/docker/foxy/ep) by extensions ['cmake', 'python']
[1.219s] Level 1:colcon.colcon_core.package_identification:_identify(src/robomaster_ros/docker/foxy/ep) by extension 'cmake'
[1.219s] Level 1:colcon.colcon_core.package_identification:_identify(src/robomaster_ros/docker/foxy/ep) by extension 'python'
[1.219s] Level 1:colcon.colcon_core.package_identification:_identify(src/robomaster_ros/docker/foxy/ep) by extensions ['python_setup_py']
[1.219s] Level 1:colcon.colcon_core.package_identification:_identify(src/robomaster_ros/docker/foxy/ep) by extension 'python_setup_py'
[1.220s] Level 1:colcon.colcon_core.package_identification:_identify(src/robomaster_ros/docker/foxy/s1) by extensions ['ignore', 'ignore_ament_install']
[1.220s] Level 1:colcon.colcon_core.package_identification:_identify(src/robomaster_ros/docker/foxy/s1) by extension 'ignore'
[1.220s] Level 1:colcon.colcon_core.package_identification:_identify(src/robomaster_ros/docker/foxy/s1) by extension 'ignore_ament_install'
[1.221s] Level 1:colcon.colcon_core.package_identification:_identify(src/robomaster_ros/docker/foxy/s1) by extensions ['colcon_pkg']
[1.221s] Level 1:colcon.colcon_core.package_identification:_identify(src/robomaster_ros/docker/foxy/s1) by extension 'colcon_pkg'
[1.221s] Level 1:colcon.colcon_core.package_identification:_identify(src/robomaster_ros/docker/foxy/s1) by extensions ['colcon_meta']
[1.221s] Level 1:colcon.colcon_core.package_identification:_identify(src/robomaster_ros/docker/foxy/s1) by extension 'colcon_meta'
[1.221s] Level 1:colcon.colcon_core.package_identification:_identify(src/robomaster_ros/docker/foxy/s1) by extensions ['ros']
[1.221s] Level 1:colcon.colcon_core.package_identification:_identify(src/robomaster_ros/docker/foxy/s1) by extension 'ros'
[1.222s] Level 1:colcon.colcon_core.package_identification:_identify(src/robomaster_ros/docker/foxy/s1) by extensions ['cmake', 'python']
[1.222s] Level 1:colcon.colcon_core.package_identification:_identify(src/robomaster_ros/docker/foxy/s1) by extension 'cmake'
[1.222s] Level 1:colcon.colcon_core.package_identification:_identify(src/robomaster_ros/docker/foxy/s1) by extension 'python'
[1.222s] Level 1:colcon.colcon_core.package_identification:_identify(src/robomaster_ros/docker/foxy/s1) by extensions ['python_setup_py']
[1.222s] Level 1:colcon.colcon_core.package_identification:_identify(src/robomaster_ros/docker/foxy/s1) by extension 'python_setup_py'
[1.223s] Level 1:colcon.colcon_core.package_identification:_identify(src/robomaster_ros/docker/galactic) by extensions ['ignore', 'ignore_ament_install']
[1.223s] Level 1:colcon.colcon_core.package_identification:_identify(src/robomaster_ros/docker/galactic) by extension 'ignore'
[1.223s] Level 1:colcon.colcon_core.package_identification:_identify(src/robomaster_ros/docker/galactic) by extension 'ignore_ament_install'
[1.223s] Level 1:colcon.colcon_core.package_identification:_identify(src/robomaster_ros/docker/galactic) by extensions ['colcon_pkg']
[1.223s] Level 1:colcon.colcon_core.package_identification:_identify(src/robomaster_ros/docker/galactic) by extension 'colcon_pkg'
[1.224s] Level 1:colcon.colcon_core.package_identification:_identify(src/robomaster_ros/docker/galactic) by extensions ['colcon_meta']
[1.224s] Level 1:colcon.colcon_core.package_identification:_identify(src/robomaster_ros/docker/galactic) by extension 'colcon_meta'
[1.224s] Level 1:colcon.colcon_core.package_identification:_identify(src/robomaster_ros/docker/galactic) by extensions ['ros']
[1.224s] Level 1:colcon.colcon_core.package_identification:_identify(src/robomaster_ros/docker/galactic) by extension 'ros'
[1.224s] Level 1:colcon.colcon_core.package_identification:_identify(src/robomaster_ros/docker/galactic) by extensions ['cmake', 'python']
[1.224s] Level 1:colcon.colcon_core.package_identification:_identify(src/robomaster_ros/docker/galactic) by extension 'cmake'
[1.225s] Level 1:colcon.colcon_core.package_identification:_identify(src/robomaster_ros/docker/galactic) by extension 'python'
[1.225s] Level 1:colcon.colcon_core.package_identification:_identify(src/robomaster_ros/docker/galactic) by extensions ['python_setup_py']
[1.225s] Level 1:colcon.colcon_core.package_identification:_identify(src/robomaster_ros/docker/galactic) by extension 'python_setup_py'
[1.225s] Level 1:colcon.colcon_core.package_identification:_identify(src/robomaster_ros/docker/galactic/ep) by extensions ['ignore', 'ignore_ament_install']
[1.226s] Level 1:colcon.colcon_core.package_identification:_identify(src/robomaster_ros/docker/galactic/ep) by extension 'ignore'
[1.226s] Level 1:colcon.colcon_core.package_identification:_identify(src/robomaster_ros/docker/galactic/ep) by extension 'ignore_ament_install'
[1.226s] Level 1:colcon.colcon_core.package_identification:_identify(src/robomaster_ros/docker/galactic/ep) by extensions ['colcon_pkg']
[1.226s] Level 1:colcon.colcon_core.package_identification:_identify(src/robomaster_ros/docker/galactic/ep) by extension 'colcon_pkg'
[1.226s] Level 1:colcon.colcon_core.package_identification:_identify(src/robomaster_ros/docker/galactic/ep) by extensions ['colcon_meta']
[1.227s] Level 1:colcon.colcon_core.package_identification:_identify(src/robomaster_ros/docker/galactic/ep) by extension 'colcon_meta'
[1.227s] Level 1:colcon.colcon_core.package_identification:_identify(src/robomaster_ros/docker/galactic/ep) by extensions ['ros']
[1.227s] Level 1:colcon.colcon_core.package_identification:_identify(src/robomaster_ros/docker/galactic/ep) by extension 'ros'
[1.227s] Level 1:colcon.colcon_core.package_identification:_identify(src/robomaster_ros/docker/galactic/ep) by extensions ['cmake', 'python']
[1.227s] Level 1:colcon.colcon_core.package_identification:_identify(src/robomaster_ros/docker/galactic/ep) by extension 'cmake'
[1.228s] Level 1:colcon.colcon_core.package_identification:_identify(src/robomaster_ros/docker/galactic/ep) by extension 'python'
[1.228s] Level 1:colcon.colcon_core.package_identification:_identify(src/robomaster_ros/docker/galactic/ep) by extensions ['python_setup_py']
[1.228s] Level 1:colcon.colcon_core.package_identification:_identify(src/robomaster_ros/docker/galactic/ep) by extension 'python_setup_py'
[1.228s] Level 1:colcon.colcon_core.package_identification:_identify(src/robomaster_ros/docker/galactic/s1) by extensions ['ignore', 'ignore_ament_install']
[1.229s] Level 1:colcon.colcon_core.package_identification:_identify(src/robomaster_ros/docker/galactic/s1) by extension 'ignore'
[1.229s] Level 1:colcon.colcon_core.package_identification:_identify(src/robomaster_ros/docker/galactic/s1) by extension 'ignore_ament_install'
[1.229s] Level 1:colcon.colcon_core.package_identification:_identify(src/robomaster_ros/docker/galactic/s1) by extensions ['colcon_pkg']
[1.229s] Level 1:colcon.colcon_core.package_identification:_identify(src/robomaster_ros/docker/galactic/s1) by extension 'colcon_pkg'
[1.229s] Level 1:colcon.colcon_core.package_identification:_identify(src/robomaster_ros/docker/galactic/s1) by extensions ['colcon_meta']
[1.229s] Level 1:colcon.colcon_core.package_identification:_identify(src/robomaster_ros/docker/galactic/s1) by extension 'colcon_meta'
[1.230s] Level 1:colcon.colcon_core.package_identification:_identify(src/robomaster_ros/docker/galactic/s1) by extensions ['ros']
[1.230s] Level 1:colcon.colcon_core.package_identification:_identify(src/robomaster_ros/docker/galactic/s1) by extension 'ros'
[1.230s] Level 1:colcon.colcon_core.package_identification:_identify(src/robomaster_ros/docker/galactic/s1) by extensions ['cmake', 'python']
[1.230s] Level 1:colcon.colcon_core.package_identification:_identify(src/robomaster_ros/docker/galactic/s1) by extension 'cmake'
[1.230s] Level 1:colcon.colcon_core.package_identification:_identify(src/robomaster_ros/docker/galactic/s1) by extension 'python'
[1.231s] Level 1:colcon.colcon_core.package_identification:_identify(src/robomaster_ros/docker/galactic/s1) by extensions ['python_setup_py']
[1.231s] Level 1:colcon.colcon_core.package_identification:_identify(src/robomaster_ros/docker/galactic/s1) by extension 'python_setup_py'
[1.231s] Level 1:colcon.colcon_core.package_identification:_identify(src/robomaster_ros/docker/humble) by extensions ['ignore', 'ignore_ament_install']
[1.231s] Level 1:colcon.colcon_core.package_identification:_identify(src/robomaster_ros/docker/humble) by extension 'ignore'
[1.232s] Level 1:colcon.colcon_core.package_identification:_identify(src/robomaster_ros/docker/humble) by extension 'ignore_ament_install'
[1.232s] Level 1:colcon.colcon_core.package_identification:_identify(src/robomaster_ros/docker/humble) by extensions ['colcon_pkg']
[1.232s] Level 1:colcon.colcon_core.package_identification:_identify(src/robomaster_ros/docker/humble) by extension 'colcon_pkg'
[1.232s] Level 1:colcon.colcon_core.package_identification:_identify(src/robomaster_ros/docker/humble) by extensions ['colcon_meta']
[1.232s] Level 1:colcon.colcon_core.package_identification:_identify(src/robomaster_ros/docker/humble) by extension 'colcon_meta'
[1.232s] Level 1:colcon.colcon_core.package_identification:_identify(src/robomaster_ros/docker/humble) by extensions ['ros']
[1.233s] Level 1:colcon.colcon_core.package_identification:_identify(src/robomaster_ros/docker/humble) by extension 'ros'
[1.233s] Level 1:colcon.colcon_core.package_identification:_identify(src/robomaster_ros/docker/humble) by extensions ['cmake', 'python']
[1.233s] Level 1:colcon.colcon_core.package_identification:_identify(src/robomaster_ros/docker/humble) by extension 'cmake'
[1.233s] Level 1:colcon.colcon_core.package_identification:_identify(src/robomaster_ros/docker/humble) by extension 'python'
[1.233s] Level 1:colcon.colcon_core.package_identification:_identify(src/robomaster_ros/docker/humble) by extensions ['python_setup_py']
[1.233s] Level 1:colcon.colcon_core.package_identification:_identify(src/robomaster_ros/docker/humble) by extension 'python_setup_py'
[1.234s] Level 1:colcon.colcon_core.package_identification:_identify(src/robomaster_ros/docker/humble/ep) by extensions ['ignore', 'ignore_ament_install']
[1.234s] Level 1:colcon.colcon_core.package_identification:_identify(src/robomaster_ros/docker/humble/ep) by extension 'ignore'
[1.234s] Level 1:colcon.colcon_core.package_identification:_identify(src/robomaster_ros/docker/humble/ep) by extension 'ignore_ament_install'
[1.235s] Level 1:colcon.colcon_core.package_identification:_identify(src/robomaster_ros/docker/humble/ep) by extensions ['colcon_pkg']
[1.235s] Level 1:colcon.colcon_core.package_identification:_identify(src/robomaster_ros/docker/humble/ep) by extension 'colcon_pkg'
[1.235s] Level 1:colcon.colcon_core.package_identification:_identify(src/robomaster_ros/docker/humble/ep) by extensions ['colcon_meta']
[1.235s] Level 1:colcon.colcon_core.package_identification:_identify(src/robomaster_ros/docker/humble/ep) by extension 'colcon_meta'
[1.235s] Level 1:colcon.colcon_core.package_identification:_identify(src/robomaster_ros/docker/humble/ep) by extensions ['ros']
[1.235s] Level 1:colcon.colcon_core.package_identification:_identify(src/robomaster_ros/docker/humble/ep) by extension 'ros'
[1.236s] Level 1:colcon.colcon_core.package_identification:_identify(src/robomaster_ros/docker/humble/ep) by extensions ['cmake', 'python']
[1.236s] Level 1:colcon.colcon_core.package_identification:_identify(src/robomaster_ros/docker/humble/ep) by extension 'cmake'
[1.236s] Level 1:colcon.colcon_core.package_identification:_identify(src/robomaster_ros/docker/humble/ep) by extension 'python'
[1.236s] Level 1:colcon.colcon_core.package_identification:_identify(src/robomaster_ros/docker/humble/ep) by extensions ['python_setup_py']
[1.236s] Level 1:colcon.colcon_core.package_identification:_identify(src/robomaster_ros/docker/humble/ep) by extension 'python_setup_py'
[1.237s] Level 1:colcon.colcon_core.package_identification:_identify(src/robomaster_ros/docker/humble/s1) by extensions ['ignore', 'ignore_ament_install']
[1.237s] Level 1:colcon.colcon_core.package_identification:_identify(src/robomaster_ros/docker/humble/s1) by extension 'ignore'
[1.237s] Level 1:colcon.colcon_core.package_identification:_identify(src/robomaster_ros/docker/humble/s1) by extension 'ignore_ament_install'
[1.237s] Level 1:colcon.colcon_core.package_identification:_identify(src/robomaster_ros/docker/humble/s1) by extensions ['colcon_pkg']
[1.238s] Level 1:colcon.colcon_core.package_identification:_identify(src/robomaster_ros/docker/humble/s1) by extension 'colcon_pkg'
[1.238s] Level 1:colcon.colcon_core.package_identification:_identify(src/robomaster_ros/docker/humble/s1) by extensions ['colcon_meta']
[1.238s] Level 1:colcon.colcon_core.package_identification:_identify(src/robomaster_ros/docker/humble/s1) by extension 'colcon_meta'
[1.238s] Level 1:colcon.colcon_core.package_identification:_identify(src/robomaster_ros/docker/humble/s1) by extensions ['ros']
[1.238s] Level 1:colcon.colcon_core.package_identification:_identify(src/robomaster_ros/docker/humble/s1) by extension 'ros'
[1.239s] Level 1:colcon.colcon_core.package_identification:_identify(src/robomaster_ros/docker/humble/s1) by extensions ['cmake', 'python']
[1.239s] Level 1:colcon.colcon_core.package_identification:_identify(src/robomaster_ros/docker/humble/s1) by extension 'cmake'
[1.239s] Level 1:colcon.colcon_core.package_identification:_identify(src/robomaster_ros/docker/humble/s1) by extension 'python'
[1.239s] Level 1:colcon.colcon_core.package_identification:_identify(src/robomaster_ros/docker/humble/s1) by extensions ['python_setup_py']
[1.239s] Level 1:colcon.colcon_core.package_identification:_identify(src/robomaster_ros/docker/humble/s1) by extension 'python_setup_py'
[1.240s] Level 1:colcon.colcon_core.package_identification:_identify(src/robomaster_ros/docker/iron) by extensions ['ignore', 'ignore_ament_install']
[1.240s] Level 1:colcon.colcon_core.package_identification:_identify(src/robomaster_ros/docker/iron) by extension 'ignore'
[1.240s] Level 1:colcon.colcon_core.package_identification:_identify(src/robomaster_ros/docker/iron) by extension 'ignore_ament_install'
[1.240s] Level 1:colcon.colcon_core.package_identification:_identify(src/robomaster_ros/docker/iron) by extensions ['colcon_pkg']
[1.240s] Level 1:colcon.colcon_core.package_identification:_identify(src/robomaster_ros/docker/iron) by extension 'colcon_pkg'
[1.241s] Level 1:colcon.colcon_core.package_identification:_identify(src/robomaster_ros/docker/iron) by extensions ['colcon_meta']
[1.241s] Level 1:colcon.colcon_core.package_identification:_identify(src/robomaster_ros/docker/iron) by extension 'colcon_meta'
[1.241s] Level 1:colcon.colcon_core.package_identification:_identify(src/robomaster_ros/docker/iron) by extensions ['ros']
[1.241s] Level 1:colcon.colcon_core.package_identification:_identify(src/robomaster_ros/docker/iron) by extension 'ros'
[1.241s] Level 1:colcon.colcon_core.package_identification:_identify(src/robomaster_ros/docker/iron) by extensions ['cmake', 'python']
[1.242s] Level 1:colcon.colcon_core.package_identification:_identify(src/robomaster_ros/docker/iron) by extension 'cmake'
[1.242s] Level 1:colcon.colcon_core.package_identification:_identify(src/robomaster_ros/docker/iron) by extension 'python'
[1.242s] Level 1:colcon.colcon_core.package_identification:_identify(src/robomaster_ros/docker/iron) by extensions ['python_setup_py']
[1.242s] Level 1:colcon.colcon_core.package_identification:_identify(src/robomaster_ros/docker/iron) by extension 'python_setup_py'
[1.242s] Level 1:colcon.colcon_core.package_identification:_identify(src/robomaster_ros/docker/iron/ep) by extensions ['ignore', 'ignore_ament_install']
[1.243s] Level 1:colcon.colcon_core.package_identification:_identify(src/robomaster_ros/docker/iron/ep) by extension 'ignore'
[1.243s] Level 1:colcon.colcon_core.package_identification:_identify(src/robomaster_ros/docker/iron/ep) by extension 'ignore_ament_install'
[1.243s] Level 1:colcon.colcon_core.package_identification:_identify(src/robomaster_ros/docker/iron/ep) by extensions ['colcon_pkg']
[1.243s] Level 1:colcon.colcon_core.package_identification:_identify(src/robomaster_ros/docker/iron/ep) by extension 'colcon_pkg'
[1.243s] Level 1:colcon.colcon_core.package_identification:_identify(src/robomaster_ros/docker/iron/ep) by extensions ['colcon_meta']
[1.244s] Level 1:colcon.colcon_core.package_identification:_identify(src/robomaster_ros/docker/iron/ep) by extension 'colcon_meta'
[1.244s] Level 1:colcon.colcon_core.package_identification:_identify(src/robomaster_ros/docker/iron/ep) by extensions ['ros']
[1.244s] Level 1:colcon.colcon_core.package_identification:_identify(src/robomaster_ros/docker/iron/ep) by extension 'ros'
[1.244s] Level 1:colcon.colcon_core.package_identification:_identify(src/robomaster_ros/docker/iron/ep) by extensions ['cmake', 'python']
[1.244s] Level 1:colcon.colcon_core.package_identification:_identify(src/robomaster_ros/docker/iron/ep) by extension 'cmake'
[1.244s] Level 1:colcon.colcon_core.package_identification:_identify(src/robomaster_ros/docker/iron/ep) by extension 'python'
[1.245s] Level 1:colcon.colcon_core.package_identification:_identify(src/robomaster_ros/docker/iron/ep) by extensions ['python_setup_py']
[1.245s] Level 1:colcon.colcon_core.package_identification:_identify(src/robomaster_ros/docker/iron/ep) by extension 'python_setup_py'
[1.245s] Level 1:colcon.colcon_core.package_identification:_identify(src/robomaster_ros/docker/iron/s1) by extensions ['ignore', 'ignore_ament_install']
[1.245s] Level 1:colcon.colcon_core.package_identification:_identify(src/robomaster_ros/docker/iron/s1) by extension 'ignore'
[1.246s] Level 1:colcon.colcon_core.package_identification:_identify(src/robomaster_ros/docker/iron/s1) by extension 'ignore_ament_install'
[1.246s] Level 1:colcon.colcon_core.package_identification:_identify(src/robomaster_ros/docker/iron/s1) by extensions ['colcon_pkg']
[1.246s] Level 1:colcon.colcon_core.package_identification:_identify(src/robomaster_ros/docker/iron/s1) by extension 'colcon_pkg'
[1.246s] Level 1:colcon.colcon_core.package_identification:_identify(src/robomaster_ros/docker/iron/s1) by extensions ['colcon_meta']
[1.246s] Level 1:colcon.colcon_core.package_identification:_identify(src/robomaster_ros/docker/iron/s1) by extension 'colcon_meta'
[1.247s] Level 1:colcon.colcon_core.package_identification:_identify(src/robomaster_ros/docker/iron/s1) by extensions ['ros']
[1.247s] Level 1:colcon.colcon_core.package_identification:_identify(src/robomaster_ros/docker/iron/s1) by extension 'ros'
[1.247s] Level 1:colcon.colcon_core.package_identification:_identify(src/robomaster_ros/docker/iron/s1) by extensions ['cmake', 'python']
[1.247s] Level 1:colcon.colcon_core.package_identification:_identify(src/robomaster_ros/docker/iron/s1) by extension 'cmake'
[1.247s] Level 1:colcon.colcon_core.package_identification:_identify(src/robomaster_ros/docker/iron/s1) by extension 'python'
[1.247s] Level 1:colcon.colcon_core.package_identification:_identify(src/robomaster_ros/docker/iron/s1) by extensions ['python_setup_py']
[1.248s] Level 1:colcon.colcon_core.package_identification:_identify(src/robomaster_ros/docker/iron/s1) by extension 'python_setup_py'
[1.248s] Level 1:colcon.colcon_core.package_identification:_identify(src/robomaster_ros/docs) by extensions ['ignore', 'ignore_ament_install']
[1.248s] Level 1:colcon.colcon_core.package_identification:_identify(src/robomaster_ros/docs) by extension 'ignore'
[1.249s] Level 1:colcon.colcon_core.package_identification:_identify(src/robomaster_ros/docs) by extension 'ignore_ament_install'
[1.249s] Level 1:colcon.colcon_core.package_identification:_identify(src/robomaster_ros/docs) by extensions ['colcon_pkg']
[1.249s] Level 1:colcon.colcon_core.package_identification:_identify(src/robomaster_ros/docs) by extension 'colcon_pkg'
[1.249s] Level 1:colcon.colcon_core.package_identification:_identify(src/robomaster_ros/docs) by extensions ['colcon_meta']
[1.249s] Level 1:colcon.colcon_core.package_identification:_identify(src/robomaster_ros/docs) by extension 'colcon_meta'
[1.249s] Level 1:colcon.colcon_core.package_identification:_identify(src/robomaster_ros/docs) by extensions ['ros']
[1.249s] Level 1:colcon.colcon_core.package_identification:_identify(src/robomaster_ros/docs) by extension 'ros'
[1.250s] Level 1:colcon.colcon_core.package_identification:_identify(src/robomaster_ros/docs) by extensions ['cmake', 'python']
[1.250s] Level 1:colcon.colcon_core.package_identification:_identify(src/robomaster_ros/docs) by extension 'cmake'
[1.250s] Level 1:colcon.colcon_core.package_identification:_identify(src/robomaster_ros/docs) by extension 'python'
[1.250s] Level 1:colcon.colcon_core.package_identification:_identify(src/robomaster_ros/docs) by extensions ['python_setup_py']
[1.250s] Level 1:colcon.colcon_core.package_identification:_identify(src/robomaster_ros/docs) by extension 'python_setup_py'
[1.251s] Level 1:colcon.colcon_core.package_identification:_identify(src/robomaster_ros/docs/robomaster_ros_modules) by extensions ['ignore', 'ignore_ament_install']
[1.251s] Level 1:colcon.colcon_core.package_identification:_identify(src/robomaster_ros/docs/robomaster_ros_modules) by extension 'ignore'
[1.252s] Level 1:colcon.colcon_core.package_identification:_identify(src/robomaster_ros/docs/robomaster_ros_modules) by extension 'ignore_ament_install'
[1.252s] Level 1:colcon.colcon_core.package_identification:_identify(src/robomaster_ros/docs/robomaster_ros_modules) by extensions ['colcon_pkg']
[1.252s] Level 1:colcon.colcon_core.package_identification:_identify(src/robomaster_ros/docs/robomaster_ros_modules) by extension 'colcon_pkg'
[1.252s] Level 1:colcon.colcon_core.package_identification:_identify(src/robomaster_ros/docs/robomaster_ros_modules) by extensions ['colcon_meta']
[1.252s] Level 1:colcon.colcon_core.package_identification:_identify(src/robomaster_ros/docs/robomaster_ros_modules) by extension 'colcon_meta'
[1.252s] Level 1:colcon.colcon_core.package_identification:_identify(src/robomaster_ros/docs/robomaster_ros_modules) by extensions ['ros']
[1.252s] Level 1:colcon.colcon_core.package_identification:_identify(src/robomaster_ros/docs/robomaster_ros_modules) by extension 'ros'
[1.253s] Level 1:colcon.colcon_core.package_identification:_identify(src/robomaster_ros/docs/robomaster_ros_modules) by extensions ['cmake', 'python']
[1.253s] Level 1:colcon.colcon_core.package_identification:_identify(src/robomaster_ros/docs/robomaster_ros_modules) by extension 'cmake'
[1.253s] Level 1:colcon.colcon_core.package_identification:_identify(src/robomaster_ros/docs/robomaster_ros_modules) by extension 'python'
[1.253s] Level 1:colcon.colcon_core.package_identification:_identify(src/robomaster_ros/docs/robomaster_ros_modules) by extensions ['python_setup_py']
[1.253s] Level 1:colcon.colcon_core.package_identification:_identify(src/robomaster_ros/docs/robomaster_ros_modules) by extension 'python_setup_py'
[1.254s] Level 1:colcon.colcon_core.package_identification:_identify(src/robomaster_ros/robomaster_description) by extensions ['ignore', 'ignore_ament_install']
[1.254s] Level 1:colcon.colcon_core.package_identification:_identify(src/robomaster_ros/robomaster_description) by extension 'ignore'
[1.254s] Level 1:colcon.colcon_core.package_identification:_identify(src/robomaster_ros/robomaster_description) by extension 'ignore_ament_install'
[1.255s] Level 1:colcon.colcon_core.package_identification:_identify(src/robomaster_ros/robomaster_description) by extensions ['colcon_pkg']
[1.255s] Level 1:colcon.colcon_core.package_identification:_identify(src/robomaster_ros/robomaster_description) by extension 'colcon_pkg'
[1.255s] Level 1:colcon.colcon_core.package_identification:_identify(src/robomaster_ros/robomaster_description) by extensions ['colcon_meta']
[1.255s] Level 1:colcon.colcon_core.package_identification:_identify(src/robomaster_ros/robomaster_description) by extension 'colcon_meta'
[1.255s] Level 1:colcon.colcon_core.package_identification:_identify(src/robomaster_ros/robomaster_description) by extensions ['ros']
[1.255s] Level 1:colcon.colcon_core.package_identification:_identify(src/robomaster_ros/robomaster_description) by extension 'ros'
[1.257s] DEBUG:colcon.colcon_core.package_identification:Package 'src/robomaster_ros/robomaster_description' with type 'ros.ament_cmake' and name 'robomaster_description'
[1.258s] Level 1:colcon.colcon_core.package_identification:_identify(src/robomaster_ros/robomaster_msgs) by extensions ['ignore', 'ignore_ament_install']
[1.258s] Level 1:colcon.colcon_core.package_identification:_identify(src/robomaster_ros/robomaster_msgs) by extension 'ignore'
[1.259s] Level 1:colcon.colcon_core.package_identification:_identify(src/robomaster_ros/robomaster_msgs) by extension 'ignore_ament_install'
[1.259s] Level 1:colcon.colcon_core.package_identification:_identify(src/robomaster_ros/robomaster_msgs) by extensions ['colcon_pkg']
[1.259s] Level 1:colcon.colcon_core.package_identification:_identify(src/robomaster_ros/robomaster_msgs) by extension 'colcon_pkg'
[1.259s] Level 1:colcon.colcon_core.package_identification:_identify(src/robomaster_ros/robomaster_msgs) by extensions ['colcon_meta']
[1.259s] Level 1:colcon.colcon_core.package_identification:_identify(src/robomaster_ros/robomaster_msgs) by extension 'colcon_meta'
[1.260s] Level 1:colcon.colcon_core.package_identification:_identify(src/robomaster_ros/robomaster_msgs) by extensions ['ros']
[1.260s] Level 1:colcon.colcon_core.package_identification:_identify(src/robomaster_ros/robomaster_msgs) by extension 'ros'
[1.262s] DEBUG:colcon.colcon_core.package_identification:Package 'src/robomaster_ros/robomaster_msgs' with type 'ros.ament_cmake' and name 'robomaster_msgs'
[1.262s] Level 1:colcon.colcon_core.package_identification:_identify(src/robomaster_ros/robomaster_ros) by extensions ['ignore', 'ignore_ament_install']
[1.263s] Level 1:colcon.colcon_core.package_identification:_identify(src/robomaster_ros/robomaster_ros) by extension 'ignore'
[1.263s] Level 1:colcon.colcon_core.package_identification:_identify(src/robomaster_ros/robomaster_ros) by extension 'ignore_ament_install'
[1.263s] Level 1:colcon.colcon_core.package_identification:_identify(src/robomaster_ros/robomaster_ros) by extensions ['colcon_pkg']
[1.263s] Level 1:colcon.colcon_core.package_identification:_identify(src/robomaster_ros/robomaster_ros) by extension 'colcon_pkg'
[1.263s] Level 1:colcon.colcon_core.package_identification:_identify(src/robomaster_ros/robomaster_ros) by extensions ['colcon_meta']
[1.264s] Level 1:colcon.colcon_core.package_identification:_identify(src/robomaster_ros/robomaster_ros) by extension 'colcon_meta'
[1.264s] Level 1:colcon.colcon_core.package_identification:_identify(src/robomaster_ros/robomaster_ros) by extensions ['ros']
[1.264s] Level 1:colcon.colcon_core.package_identification:_identify(src/robomaster_ros/robomaster_ros) by extension 'ros'
[1.266s] DEBUG:colcon.colcon_core.package_identification:Package 'src/robomaster_ros/robomaster_ros' with type 'ros.ament_python' and name 'robomaster_ros'
[1.267s] Level 1:colcon.colcon_core.package_identification:_identify(src/sllidar_ros2) by extensions ['ignore', 'ignore_ament_install']
[1.267s] Level 1:colcon.colcon_core.package_identification:_identify(src/sllidar_ros2) by extension 'ignore'
[1.268s] Level 1:colcon.colcon_core.package_identification:_identify(src/sllidar_ros2) by extension 'ignore_ament_install'
[1.268s] Level 1:colcon.colcon_core.package_identification:_identify(src/sllidar_ros2) by extensions ['colcon_pkg']
[1.268s] Level 1:colcon.colcon_core.package_identification:_identify(src/sllidar_ros2) by extension 'colcon_pkg'
[1.268s] Level 1:colcon.colcon_core.package_identification:_identify(src/sllidar_ros2) by extensions ['colcon_meta']
[1.268s] Level 1:colcon.colcon_core.package_identification:_identify(src/sllidar_ros2) by extension 'colcon_meta'
[1.268s] Level 1:colcon.colcon_core.package_identification:_identify(src/sllidar_ros2) by extensions ['ros']
[1.268s] Level 1:colcon.colcon_core.package_identification:_identify(src/sllidar_ros2) by extension 'ros'
[1.271s] DEBUG:colcon.colcon_core.package_identification:Package 'src/sllidar_ros2' with type 'ros.ament_cmake' and name 'sllidar_ros2'
[1.272s] Level 1:colcon.colcon_core.package_discovery:discover_packages(recursive) using defaults
[1.272s] Level 1:colcon.colcon_core.package_discovery:discover_packages(ignore) discover
[1.272s] Level 1:colcon.colcon_core.package_discovery:discover_packages(ignore) using defaults
[1.272s] Level 1:colcon.colcon_core.package_discovery:discover_packages(path) discover
[1.272s] Level 1:colcon.colcon_core.package_discovery:discover_packages(path) using defaults
[1.353s] Level 1:colcon.colcon_core.package_discovery:discover_packages(prefix_path) check parameters
[1.354s] Level 1:colcon.colcon_core.package_discovery:discover_packages(prefix_path) discover
[1.364s] DEBUG:colcon.colcon_installed_package_information.package_discovery:Found 8 installed packages in /home/cricchetto/Robomaster_WS/install
[1.373s] DEBUG:colcon.colcon_installed_package_information.package_discovery:Found 251 installed packages in /opt/ros/humble
[1.378s] Level 1:colcon.colcon_core.package_discovery:discover_packages(prefix_path) using defaults
[1.559s] Level 5:colcon.colcon_core.verb:set package 'drift' build argument 'cmake_args' from command line to 'None'
[1.559s] Level 5:colcon.colcon_core.verb:set package 'drift' build argument 'cmake_target' from command line to 'None'
[1.559s] Level 5:colcon.colcon_core.verb:set package 'drift' build argument 'cmake_target_skip_unavailable' from command line to 'False'
[1.559s] Level 5:colcon.colcon_core.verb:set package 'drift' build argument 'cmake_clean_cache' from command line to 'False'
[1.560s] Level 5:colcon.colcon_core.verb:set package 'drift' build argument 'cmake_clean_first' from command line to 'False'
[1.560s] Level 5:colcon.colcon_core.verb:set package 'drift' build argument 'cmake_force_configure' from command line to 'False'
[1.560s] Level 5:colcon.colcon_core.verb:set package 'drift' build argument 'ament_cmake_args' from command line to 'None'
[1.560s] Level 5:colcon.colcon_core.verb:set package 'drift' build argument 'catkin_cmake_args' from command line to 'None'
[1.560s] Level 5:colcon.colcon_core.verb:set package 'drift' build argument 'catkin_skip_building_tests' from command line to 'False'
[1.560s] DEBUG:colcon.colcon_core.verb:Building package 'drift' with the following arguments: {'ament_cmake_args': None, 'build_base': '/home/cricchetto/Robomaster_WS/build/drift', 'catkin_cmake_args': None, 'catkin_skip_building_tests': False, 'cmake_args': None, 'cmake_clean_cache': False, 'cmake_clean_first': False, 'cmake_force_configure': False, 'cmake_target': None, 'cmake_target_skip_unavailable': False, 'install_base': '/home/cricchetto/Robomaster_WS/install/drift', 'merge_install': False, 'path': '/home/cricchetto/Robomaster_WS/src/drift', 'symlink_install': False, 'test_result_base': None}
[1.562s] Level 5:colcon.colcon_core.verb:set package 'ep_control' build argument 'cmake_args' from command line to 'None'
[1.562s] Level 5:colcon.colcon_core.verb:set package 'ep_control' build argument 'cmake_target' from command line to 'None'
[1.562s] Level 5:colcon.colcon_core.verb:set package 'ep_control' build argument 'cmake_target_skip_unavailable' from command line to 'False'
[1.562s] Level 5:colcon.colcon_core.verb:set package 'ep_control' build argument 'cmake_clean_cache' from command line to 'False'
[1.562s] Level 5:colcon.colcon_core.verb:set package 'ep_control' build argument 'cmake_clean_first' from command line to 'False'
[1.562s] Level 5:colcon.colcon_core.verb:set package 'ep_control' build argument 'cmake_force_configure' from command line to 'False'
[1.562s] Level 5:colcon.colcon_core.verb:set package 'ep_control' build argument 'ament_cmake_args' from command line to 'None'
[1.562s] Level 5:colcon.colcon_core.verb:set package 'ep_control' build argument 'catkin_cmake_args' from command line to 'None'
[1.563s] Level 5:colcon.colcon_core.verb:set package 'ep_control' build argument 'catkin_skip_building_tests' from command line to 'False'
[1.563s] DEBUG:colcon.colcon_core.verb:Building package 'ep_control' with the following arguments: {'ament_cmake_args': None, 'build_base': '/home/cricchetto/Robomaster_WS/build/ep_control', 'catkin_cmake_args': None, 'catkin_skip_building_tests': False, 'cmake_args': None, 'cmake_clean_cache': False, 'cmake_clean_first': False, 'cmake_force_configure': False, 'cmake_target': None, 'cmake_target_skip_unavailable': False, 'install_base': '/home/cricchetto/Robomaster_WS/install/ep_control', 'merge_install': False, 'path': '/home/cricchetto/Robomaster_WS/src/ep_control', 'symlink_install': False, 'test_result_base': None}
[1.564s] Level 5:colcon.colcon_core.verb:set package 'explore_lite' build argument 'cmake_args' from command line to 'None'
[1.564s] Level 5:colcon.colcon_core.verb:set package 'explore_lite' build argument 'cmake_target' from command line to 'None'
[1.564s] Level 5:colcon.colcon_core.verb:set package 'explore_lite' build argument 'cmake_target_skip_unavailable' from command line to 'False'
[1.564s] Level 5:colcon.colcon_core.verb:set package 'explore_lite' build argument 'cmake_clean_cache' from command line to 'False'
[1.564s] Level 5:colcon.colcon_core.verb:set package 'explore_lite' build argument 'cmake_clean_first' from command line to 'False'
[1.565s] Level 5:colcon.colcon_core.verb:set package 'explore_lite' build argument 'cmake_force_configure' from command line to 'False'
[1.565s] Level 5:colcon.colcon_core.verb:set package 'explore_lite' build argument 'ament_cmake_args' from command line to 'None'
[1.565s] Level 5:colcon.colcon_core.verb:set package 'explore_lite' build argument 'catkin_cmake_args' from command line to 'None'
[1.565s] Level 5:colcon.colcon_core.verb:set package 'explore_lite' build argument 'catkin_skip_building_tests' from command line to 'False'
[1.565s] DEBUG:colcon.colcon_core.verb:Building package 'explore_lite' with the following arguments: {'ament_cmake_args': None, 'build_base': '/home/cricchetto/Robomaster_WS/build/explore_lite', 'catkin_cmake_args': None, 'catkin_skip_building_tests': False, 'cmake_args': None, 'cmake_clean_cache': False, 'cmake_clean_first': False, 'cmake_force_configure': False, 'cmake_target': None, 'cmake_target_skip_unavailable': False, 'install_base': '/home/cricchetto/Robomaster_WS/install/explore_lite', 'merge_install': False, 'path': '/home/cricchetto/Robomaster_WS/src/m-explore-ros2/explore', 'symlink_install': False, 'test_result_base': None}
[1.566s] Level 5:colcon.colcon_core.verb:set package 'multirobot_map_merge' build argument 'cmake_args' from command line to 'None'
[1.567s] Level 5:colcon.colcon_core.verb:set package 'multirobot_map_merge' build argument 'cmake_target' from command line to 'None'
[1.567s] Level 5:colcon.colcon_core.verb:set package 'multirobot_map_merge' build argument 'cmake_target_skip_unavailable' from command line to 'False'
[1.567s] Level 5:colcon.colcon_core.verb:set package 'multirobot_map_merge' build argument 'cmake_clean_cache' from command line to 'False'
[1.567s] Level 5:colcon.colcon_core.verb:set package 'multirobot_map_merge' build argument 'cmake_clean_first' from command line to 'False'
[1.567s] Level 5:colcon.colcon_core.verb:set package 'multirobot_map_merge' build argument 'cmake_force_configure' from command line to 'False'
[1.567s] Level 5:colcon.colcon_core.verb:set package 'multirobot_map_merge' build argument 'ament_cmake_args' from command line to 'None'
[1.567s] Level 5:colcon.colcon_core.verb:set package 'multirobot_map_merge' build argument 'catkin_cmake_args' from command line to 'None'
[1.567s] Level 5:colcon.colcon_core.verb:set package 'multirobot_map_merge' build argument 'catkin_skip_building_tests' from command line to 'False'
[1.567s] DEBUG:colcon.colcon_core.verb:Building package 'multirobot_map_merge' with the following arguments: {'ament_cmake_args': None, 'build_base': '/home/cricchetto/Robomaster_WS/build/multirobot_map_merge', 'catkin_cmake_args': None, 'catkin_skip_building_tests': False, 'cmake_args': None, 'cmake_clean_cache': False, 'cmake_clean_first': False, 'cmake_force_configure': False, 'cmake_target': None, 'cmake_target_skip_unavailable': False, 'install_base': '/home/cricchetto/Robomaster_WS/install/multirobot_map_merge', 'merge_install': False, 'path': '/home/cricchetto/Robomaster_WS/src/m-explore-ros2/map_merge', 'symlink_install': False, 'test_result_base': None}
[1.569s] Level 5:colcon.colcon_core.verb:set package 'robomaster_description' build argument 'cmake_args' from command line to 'None'
[1.569s] Level 5:colcon.colcon_core.verb:set package 'robomaster_description' build argument 'cmake_target' from command line to 'None'
[1.569s] Level 5:colcon.colcon_core.verb:set package 'robomaster_description' build argument 'cmake_target_skip_unavailable' from command line to 'False'
[1.569s] Level 5:colcon.colcon_core.verb:set package 'robomaster_description' build argument 'cmake_clean_cache' from command line to 'False'
[1.569s] Level 5:colcon.colcon_core.verb:set package 'robomaster_description' build argument 'cmake_clean_first' from command line to 'False'
[1.569s] Level 5:colcon.colcon_core.verb:set package 'robomaster_description' build argument 'cmake_force_configure' from command line to 'False'
[1.569s] Level 5:colcon.colcon_core.verb:set package 'robomaster_description' build argument 'ament_cmake_args' from command line to 'None'
[1.569s] Level 5:colcon.colcon_core.verb:set package 'robomaster_description' build argument 'catkin_cmake_args' from command line to 'None'
[1.570s] Level 5:colcon.colcon_core.verb:set package 'robomaster_description' build argument 'catkin_skip_building_tests' from command line to 'False'
[1.570s] DEBUG:colcon.colcon_core.verb:Building package 'robomaster_description' with the following arguments: {'ament_cmake_args': None, 'build_base': '/home/cricchetto/Robomaster_WS/build/robomaster_description', 'catkin_cmake_args': None, 'catkin_skip_building_tests': False, 'cmake_args': None, 'cmake_clean_cache': False, 'cmake_clean_first': False, 'cmake_force_configure': False, 'cmake_target': None, 'cmake_target_skip_unavailable': False, 'install_base': '/home/cricchetto/Robomaster_WS/install/robomaster_description', 'merge_install': False, 'path': '/home/cricchetto/Robomaster_WS/src/robomaster_ros/robomaster_description', 'symlink_install': False, 'test_result_base': None}
[1.571s] Level 5:colcon.colcon_core.verb:set package 'robomaster_msgs' build argument 'cmake_args' from command line to 'None'
[1.571s] Level 5:colcon.colcon_core.verb:set package 'robomaster_msgs' build argument 'cmake_target' from command line to 'None'
[1.571s] Level 5:colcon.colcon_core.verb:set package 'robomaster_msgs' build argument 'cmake_target_skip_unavailable' from command line to 'False'
[1.571s] Level 5:colcon.colcon_core.verb:set package 'robomaster_msgs' build argument 'cmake_clean_cache' from command line to 'False'
[1.571s] Level 5:colcon.colcon_core.verb:set package 'robomaster_msgs' build argument 'cmake_clean_first' from command line to 'False'
[1.572s] Level 5:colcon.colcon_core.verb:set package 'robomaster_msgs' build argument 'cmake_force_configure' from command line to 'False'
[1.572s] Level 5:colcon.colcon_core.verb:set package 'robomaster_msgs' build argument 'ament_cmake_args' from command line to 'None'
[1.572s] Level 5:colcon.colcon_core.verb:set package 'robomaster_msgs' build argument 'catkin_cmake_args' from command line to 'None'
[1.572s] Level 5:colcon.colcon_core.verb:set package 'robomaster_msgs' build argument 'catkin_skip_building_tests' from command line to 'False'
[1.572s] DEBUG:colcon.colcon_core.verb:Building package 'robomaster_msgs' with the following arguments: {'ament_cmake_args': None, 'build_base': '/home/cricchetto/Robomaster_WS/build/robomaster_msgs', 'catkin_cmake_args': None, 'catkin_skip_building_tests': False, 'cmake_args': None, 'cmake_clean_cache': False, 'cmake_clean_first': False, 'cmake_force_configure': False, 'cmake_target': None, 'cmake_target_skip_unavailable': False, 'install_base': '/home/cricchetto/Robomaster_WS/install/robomaster_msgs', 'merge_install': False, 'path': '/home/cricchetto/Robomaster_WS/src/robomaster_ros/robomaster_msgs', 'symlink_install': False, 'test_result_base': None}
[1.573s] Level 5:colcon.colcon_core.verb:set package 'sllidar_ros2' build argument 'cmake_args' from command line to 'None'
[1.573s] Level 5:colcon.colcon_core.verb:set package 'sllidar_ros2' build argument 'cmake_target' from command line to 'None'
[1.574s] Level 5:colcon.colcon_core.verb:set package 'sllidar_ros2' build argument 'cmake_target_skip_unavailable' from command line to 'False'
[1.574s] Level 5:colcon.colcon_core.verb:set package 'sllidar_ros2' build argument 'cmake_clean_cache' from command line to 'False'
[1.574s] Level 5:colcon.colcon_core.verb:set package 'sllidar_ros2' build argument 'cmake_clean_first' from command line to 'False'
[1.574s] Level 5:colcon.colcon_core.verb:set package 'sllidar_ros2' build argument 'cmake_force_configure' from command line to 'False'
[1.574s] Level 5:colcon.colcon_core.verb:set package 'sllidar_ros2' build argument 'ament_cmake_args' from command line to 'None'
[1.574s] Level 5:colcon.colcon_core.verb:set package 'sllidar_ros2' build argument 'catkin_cmake_args' from command line to 'None'
[1.574s] Level 5:colcon.colcon_core.verb:set package 'sllidar_ros2' build argument 'catkin_skip_building_tests' from command line to 'False'
[1.574s] DEBUG:colcon.colcon_core.verb:Building package 'sllidar_ros2' with the following arguments: {'ament_cmake_args': None, 'build_base': '/home/cricchetto/Robomaster_WS/build/sllidar_ros2', 'catkin_cmake_args': None, 'catkin_skip_building_tests': False, 'cmake_args': None, 'cmake_clean_cache': False, 'cmake_clean_first': False, 'cmake_force_configure': False, 'cmake_target': None, 'cmake_target_skip_unavailable': False, 'install_base': '/home/cricchetto/Robomaster_WS/install/sllidar_ros2', 'merge_install': False, 'path': '/home/cricchetto/Robomaster_WS/src/sllidar_ros2', 'symlink_install': False, 'test_result_base': None}
[1.576s] Level 5:colcon.colcon_core.verb:set package 'robomaster_ros' build argument 'cmake_args' from command line to 'None'
[1.576s] Level 5:colcon.colcon_core.verb:set package 'robomaster_ros' build argument 'cmake_target' from command line to 'None'
[1.576s] Level 5:colcon.colcon_core.verb:set package 'robomaster_ros' build argument 'cmake_target_skip_unavailable' from command line to 'False'
[1.576s] Level 5:colcon.colcon_core.verb:set package 'robomaster_ros' build argument 'cmake_clean_cache' from command line to 'False'
[1.576s] Level 5:colcon.colcon_core.verb:set package 'robomaster_ros' build argument 'cmake_clean_first' from command line to 'False'
[1.576s] Level 5:colcon.colcon_core.verb:set package 'robomaster_ros' build argument 'cmake_force_configure' from command line to 'False'
[1.576s] Level 5:colcon.colcon_core.verb:set package 'robomaster_ros' build argument 'ament_cmake_args' from command line to 'None'
[1.576s] Level 5:colcon.colcon_core.verb:set package 'robomaster_ros' build argument 'catkin_cmake_args' from command line to 'None'
[1.577s] Level 5:colcon.colcon_core.verb:set package 'robomaster_ros' build argument 'catkin_skip_building_tests' from command line to 'False'
[1.577s] DEBUG:colcon.colcon_core.verb:Building package 'robomaster_ros' with the following arguments: {'ament_cmake_args': None, 'build_base': '/home/cricchetto/Robomaster_WS/build/robomaster_ros', 'catkin_cmake_args': None, 'catkin_skip_building_tests': False, 'cmake_args': None, 'cmake_clean_cache': False, 'cmake_clean_first': False, 'cmake_force_configure': False, 'cmake_target': None, 'cmake_target_skip_unavailable': False, 'install_base': '/home/cricchetto/Robomaster_WS/install/robomaster_ros', 'merge_install': False, 'path': '/home/cricchetto/Robomaster_WS/src/robomaster_ros/robomaster_ros', 'symlink_install': False, 'test_result_base': None}
[1.577s] INFO:colcon.colcon_core.executor:Executing jobs using 'parallel' executor
[1.580s] DEBUG:colcon.colcon_parallel_executor.executor.parallel:run_until_complete
[1.581s] INFO:colcon.colcon_ros.task.ament_cmake.build:Building ROS package in '/home/cricchetto/Robomaster_WS/src/robomaster_ros/robomaster_msgs' with build type 'ament_cmake'
[1.582s] INFO:colcon.colcon_cmake.task.cmake.build:Building CMake package in '/home/cricchetto/Robomaster_WS/src/robomaster_ros/robomaster_msgs'
[1.592s] INFO:colcon.colcon_core.plugin_system:Skipping extension 'colcon_core.shell.bat': Not used on non-Windows systems
[1.593s] INFO:colcon.colcon_core.shell:Skip shell extension 'powershell' for command environment: Not usable outside of PowerShell
[1.593s] DEBUG:colcon.colcon_core.shell:Skip shell extension 'dsv' for command environment
[1.614s] INFO:colcon.colcon_ros.task.ament_python.build:Building ROS package in '/home/cricchetto/Robomaster_WS/src/drift' with build type 'ament_python'
[1.615s] Level 1:colcon.colcon_core.shell:create_environment_hook('drift', 'ament_prefix_path')
[1.616s] INFO:colcon.colcon_core.shell:Creating environment hook '/home/cricchetto/Robomaster_WS/install/drift/share/drift/hook/ament_prefix_path.ps1'
[1.619s] INFO:colcon.colcon_core.shell:Creating environment descriptor '/home/cricchetto/Robomaster_WS/install/drift/share/drift/hook/ament_prefix_path.dsv'
[1.621s] INFO:colcon.colcon_core.shell:Creating environment hook '/home/cricchetto/Robomaster_WS/install/drift/share/drift/hook/ament_prefix_path.sh'
[1.625s] INFO:colcon.colcon_core.shell:Skip shell extension 'powershell' for command environment: Not usable outside of PowerShell
[1.626s] DEBUG:colcon.colcon_core.shell:Skip shell extension 'dsv' for command environment
[1.646s] INFO:colcon.colcon_ros.task.ament_python.build:Building ROS package in '/home/cricchetto/Robomaster_WS/src/ep_control' with build type 'ament_python'
[1.646s] Level 1:colcon.colcon_core.shell:create_environment_hook('ep_control', 'ament_prefix_path')
[1.648s] INFO:colcon.colcon_core.shell:Creating environment hook '/home/cricchetto/Robomaster_WS/install/ep_control/share/ep_control/hook/ament_prefix_path.ps1'
[1.650s] INFO:colcon.colcon_core.shell:Creating environment descriptor '/home/cricchetto/Robomaster_WS/install/ep_control/share/ep_control/hook/ament_prefix_path.dsv'
[1.652s] INFO:colcon.colcon_core.shell:Creating environment hook '/home/cricchetto/Robomaster_WS/install/ep_control/share/ep_control/hook/ament_prefix_path.sh'
[1.656s] INFO:colcon.colcon_core.shell:Skip shell extension 'powershell' for command environment: Not usable outside of PowerShell
[1.656s] DEBUG:colcon.colcon_core.shell:Skip shell extension 'dsv' for command environment
[1.675s] INFO:colcon.colcon_ros.task.ament_cmake.build:Building ROS package in '/home/cricchetto/Robomaster_WS/src/m-explore-ros2/explore' with build type 'ament_cmake'
[1.675s] INFO:colcon.colcon_cmake.task.cmake.build:Building CMake package in '/home/cricchetto/Robomaster_WS/src/m-explore-ros2/explore'
[1.677s] INFO:colcon.colcon_core.shell:Skip shell extension 'powershell' for command environment: Not usable outside of PowerShell
[1.677s] DEBUG:colcon.colcon_core.shell:Skip shell extension 'dsv' for command environment
[1.715s] DEBUG:colcon.colcon_core.event_handler.log_command:Invoking command in '/home/cricchetto/Robomaster_WS/build/robomaster_msgs': CMAKE_PREFIX_PATH=${CMAKE_PREFIX_PATH}:/home/cricchetto/Robomaster_WS/install/robomaster_ros:/home/cricchetto/Robomaster_WS/install/ep_control:/home/cricchetto/Robomaster_WS/install/drift:/opt/ros/humble /usr/bin/cmake --build /home/cricchetto/Robomaster_WS/build/robomaster_msgs -- -j4 -l4
[3.249s] INFO:colcon.colcon_core.task.python.build:Building Python package in '/home/cricchetto/Robomaster_WS/src/drift'
[3.250s] INFO:colcon.colcon_core.shell:Skip shell extension 'powershell' for command environment: Not usable outside of PowerShell
[3.250s] DEBUG:colcon.colcon_core.shell:Skip shell extension 'dsv' for command environment
[4.450s] INFO:colcon.colcon_core.task.python.build:Building Python package in '/home/cricchetto/Robomaster_WS/src/ep_control'
[4.451s] INFO:colcon.colcon_core.shell:Skip shell extension 'powershell' for command environment: Not usable outside of PowerShell
[4.451s] DEBUG:colcon.colcon_core.shell:Skip shell extension 'dsv' for command environment
[4.511s] DEBUG:colcon.colcon_core.event_handler.log_command:Invoking command in '/home/cricchetto/Robomaster_WS/build/explore_lite': CMAKE_PREFIX_PATH=${CMAKE_PREFIX_PATH}:/home/cricchetto/Robomaster_WS/install/robomaster_ros:/home/cricchetto/Robomaster_WS/install/ep_control:/home/cricchetto/Robomaster_WS/install/drift:/opt/ros/humble /usr/bin/cmake --build /home/cricchetto/Robomaster_WS/build/explore_lite -- -j4 -l4
[4.513s] DEBUG:colcon.colcon_core.event_handler.log_command:Invoked command in '/home/cricchetto/Robomaster_WS/build/robomaster_msgs' returned '0': CMAKE_PREFIX_PATH=${CMAKE_PREFIX_PATH}:/home/cricchetto/Robomaster_WS/install/robomaster_ros:/home/cricchetto/Robomaster_WS/install/ep_control:/home/cricchetto/Robomaster_WS/install/drift:/opt/ros/humble /usr/bin/cmake --build /home/cricchetto/Robomaster_WS/build/robomaster_msgs -- -j4 -l4
[4.548s] DEBUG:colcon.colcon_core.event_handler.log_command:Invoking command in '/home/cricchetto/Robomaster_WS/build/robomaster_msgs': CMAKE_PREFIX_PATH=${CMAKE_PREFIX_PATH}:/home/cricchetto/Robomaster_WS/install/robomaster_ros:/home/cricchetto/Robomaster_WS/install/ep_control:/home/cricchetto/Robomaster_WS/install/drift:/opt/ros/humble /usr/bin/cmake --install /home/cricchetto/Robomaster_WS/build/robomaster_msgs
[5.360s] Level 1:colcon.colcon_core.environment:create_environment_scripts_only(explore_lite)
[5.375s] Level 1:colcon.colcon_core.environment:checking '/home/cricchetto/Robomaster_WS/install/explore_lite' for CMake module files
[5.389s] Level 1:colcon.colcon_core.environment:checking '/home/cricchetto/Robomaster_WS/install/explore_lite' for CMake config files
[5.391s] Level 1:colcon.colcon_core.shell:create_environment_hook('explore_lite', 'cmake_prefix_path')
[5.392s] INFO:colcon.colcon_core.shell:Creating environment hook '/home/cricchetto/Robomaster_WS/install/explore_lite/share/explore_lite/hook/cmake_prefix_path.ps1'
[5.406s] INFO:colcon.colcon_core.shell:Creating environment descriptor '/home/cricchetto/Robomaster_WS/install/explore_lite/share/explore_lite/hook/cmake_prefix_path.dsv'
[5.409s] INFO:colcon.colcon_core.shell:Creating environment hook '/home/cricchetto/Robomaster_WS/install/explore_lite/share/explore_lite/hook/cmake_prefix_path.sh'
[5.416s] Level 1:colcon.colcon_core.environment:checking '/home/cricchetto/Robomaster_WS/install/explore_lite/lib'
[5.418s] Level 1:colcon.colcon_core.environment:checking '/home/cricchetto/Robomaster_WS/install/explore_lite/bin'
[5.419s] Level 1:colcon.colcon_core.environment:checking '/home/cricchetto/Robomaster_WS/install/explore_lite/lib/pkgconfig/explore_lite.pc'
[5.423s] Level 1:colcon.colcon_core.environment:checking '/home/cricchetto/Robomaster_WS/install/explore_lite/lib/python3.10/site-packages'
[5.426s] Level 1:colcon.colcon_core.environment:checking '/home/cricchetto/Robomaster_WS/install/explore_lite/bin'
[5.447s] INFO:colcon.colcon_core.shell:Creating package script '/home/cricchetto/Robomaster_WS/install/explore_lite/share/explore_lite/package.ps1'
[5.466s] INFO:colcon.colcon_core.shell:Creating package descriptor '/home/cricchetto/Robomaster_WS/install/explore_lite/share/explore_lite/package.dsv'
[5.478s] INFO:colcon.colcon_core.shell:Creating package script '/home/cricchetto/Robomaster_WS/install/explore_lite/share/explore_lite/package.sh'
[5.489s] INFO:colcon.colcon_core.shell:Creating package script '/home/cricchetto/Robomaster_WS/install/explore_lite/share/explore_lite/package.bash'
[5.500s] INFO:colcon.colcon_core.shell:Creating package script '/home/cricchetto/Robomaster_WS/install/explore_lite/share/explore_lite/package.zsh'
[5.512s] Level 1:colcon.colcon_core.environment:create_file_with_runtime_dependencies(/home/cricchetto/Robomaster_WS/install/explore_lite/share/colcon-core/packages/explore_lite)
[5.524s] Level 1:colcon.colcon_core.environment:create_environment_scripts_only(explore_lite)
[5.529s] Level 1:colcon.colcon_core.environment:checking '/home/cricchetto/Robomaster_WS/install/explore_lite' for CMake module files
[5.542s] Level 1:colcon.colcon_core.environment:checking '/home/cricchetto/Robomaster_WS/install/explore_lite' for CMake config files
[5.547s] Level 1:colcon.colcon_core.shell:create_environment_hook('explore_lite', 'cmake_prefix_path')
[5.549s] INFO:colcon.colcon_core.shell:Creating environment hook '/home/cricchetto/Robomaster_WS/install/explore_lite/share/explore_lite/hook/cmake_prefix_path.ps1'
[5.559s] INFO:colcon.colcon_core.shell:Creating environment descriptor '/home/cricchetto/Robomaster_WS/install/explore_lite/share/explore_lite/hook/cmake_prefix_path.dsv'
[5.566s] INFO:colcon.colcon_core.shell:Creating environment hook '/home/cricchetto/Robomaster_WS/install/explore_lite/share/explore_lite/hook/cmake_prefix_path.sh'
[5.578s] Level 1:colcon.colcon_core.environment:checking '/home/cricchetto/Robomaster_WS/install/explore_lite/lib'
[5.582s] Level 1:colcon.colcon_core.environment:checking '/home/cricchetto/Robomaster_WS/install/explore_lite/bin'
[5.583s] Level 1:colcon.colcon_core.environment:checking '/home/cricchetto/Robomaster_WS/install/explore_lite/lib/pkgconfig/explore_lite.pc'
[5.584s] Level 1:colcon.colcon_core.environment:checking '/home/cricchetto/Robomaster_WS/install/explore_lite/lib/python3.10/site-packages'
[5.590s] Level 1:colcon.colcon_core.environment:checking '/home/cricchetto/Robomaster_WS/install/explore_lite/bin'
[5.596s] INFO:colcon.colcon_core.shell:Creating package script '/home/cricchetto/Robomaster_WS/install/explore_lite/share/explore_lite/package.ps1'
[5.604s] INFO:colcon.colcon_core.shell:Creating package descriptor '/home/cricchetto/Robomaster_WS/install/explore_lite/share/explore_lite/package.dsv'
[5.613s] INFO:colcon.colcon_core.shell:Creating package script '/home/cricchetto/Robomaster_WS/install/explore_lite/share/explore_lite/package.sh'
[5.626s] INFO:colcon.colcon_core.shell:Creating package script '/home/cricchetto/Robomaster_WS/install/explore_lite/share/explore_lite/package.bash'
[5.630s] INFO:colcon.colcon_core.shell:Creating package script '/home/cricchetto/Robomaster_WS/install/explore_lite/share/explore_lite/package.zsh'
[5.634s] Level 1:colcon.colcon_core.environment:create_file_with_runtime_dependencies(/home/cricchetto/Robomaster_WS/install/explore_lite/share/colcon-core/packages/explore_lite)
[5.638s] INFO:colcon.colcon_ros.task.ament_cmake.build:Building ROS package in '/home/cricchetto/Robomaster_WS/src/m-explore-ros2/map_merge' with build type 'ament_cmake'
[5.638s] INFO:colcon.colcon_cmake.task.cmake.build:Building CMake package in '/home/cricchetto/Robomaster_WS/src/m-explore-ros2/map_merge'
[5.639s] INFO:colcon.colcon_core.shell:Skip shell extension 'powershell' for command environment: Not usable outside of PowerShell
[5.640s] DEBUG:colcon.colcon_core.shell:Skip shell extension 'dsv' for command environment
[5.665s] DEBUG:colcon.colcon_core.event_handler.log_command:Invoked command in '/home/cricchetto/Robomaster_WS/build/explore_lite' returned '0': CMAKE_PREFIX_PATH=${CMAKE_PREFIX_PATH}:/home/cricchetto/Robomaster_WS/install/robomaster_ros:/home/cricchetto/Robomaster_WS/install/ep_control:/home/cricchetto/Robomaster_WS/install/drift:/opt/ros/humble /usr/bin/cmake --build /home/cricchetto/Robomaster_WS/build/explore_lite -- -j4 -l4
[5.668s] DEBUG:colcon.colcon_core.event_handler.log_command:Invoking command in '/home/cricchetto/Robomaster_WS/build/explore_lite': CMAKE_PREFIX_PATH=${CMAKE_PREFIX_PATH}:/home/cricchetto/Robomaster_WS/install/robomaster_ros:/home/cricchetto/Robomaster_WS/install/ep_control:/home/cricchetto/Robomaster_WS/install/drift:/opt/ros/humble /usr/bin/cmake --install /home/cricchetto/Robomaster_WS/build/explore_lite
[5.686s] DEBUG:colcon.colcon_core.event_handler.log_command:Invoked command in '/home/cricchetto/Robomaster_WS/build/explore_lite' returned '0': CMAKE_PREFIX_PATH=${CMAKE_PREFIX_PATH}:/home/cricchetto/Robomaster_WS/install/robomaster_ros:/home/cricchetto/Robomaster_WS/install/ep_control:/home/cricchetto/Robomaster_WS/install/drift:/opt/ros/humble /usr/bin/cmake --install /home/cricchetto/Robomaster_WS/build/explore_lite
[5.756s] Level 1:colcon.colcon_core.environment:create_environment_scripts_only(robomaster_msgs)
[5.757s] Level 1:colcon.colcon_core.environment:checking '/home/cricchetto/Robomaster_WS/install/robomaster_msgs' for CMake module files
[5.763s] Level 1:colcon.colcon_core.environment:checking '/home/cricchetto/Robomaster_WS/install/robomaster_msgs' for CMake config files
[5.770s] Level 1:colcon.colcon_core.shell:create_environment_hook('robomaster_msgs', 'cmake_prefix_path')
[5.771s] INFO:colcon.colcon_core.shell:Creating environment hook '/home/cricchetto/Robomaster_WS/install/robomaster_msgs/share/robomaster_msgs/hook/cmake_prefix_path.ps1'
[5.786s] INFO:colcon.colcon_core.shell:Creating environment descriptor '/home/cricchetto/Robomaster_WS/install/robomaster_msgs/share/robomaster_msgs/hook/cmake_prefix_path.dsv'
[5.789s] INFO:colcon.colcon_core.shell:Creating environment hook '/home/cricchetto/Robomaster_WS/install/robomaster_msgs/share/robomaster_msgs/hook/cmake_prefix_path.sh'
[5.803s] Level 1:colcon.colcon_core.environment:checking '/home/cricchetto/Robomaster_WS/install/robomaster_msgs/lib'
[5.804s] Level 1:colcon.colcon_core.shell:create_environment_hook('robomaster_msgs', 'ld_library_path_lib')
[5.805s] INFO:colcon.colcon_core.shell:Creating environment hook '/home/cricchetto/Robomaster_WS/install/robomaster_msgs/share/robomaster_msgs/hook/ld_library_path_lib.ps1'
[5.809s] INFO:colcon.colcon_core.shell:Creating environment descriptor '/home/cricchetto/Robomaster_WS/install/robomaster_msgs/share/robomaster_msgs/hook/ld_library_path_lib.dsv'
[5.811s] INFO:colcon.colcon_core.shell:Creating environment hook '/home/cricchetto/Robomaster_WS/install/robomaster_msgs/share/robomaster_msgs/hook/ld_library_path_lib.sh'
[5.819s] DEBUG:colcon.colcon_core.event_handler.log_command:Invoking command in '/home/cricchetto/Robomaster_WS/build/multirobot_map_merge': CMAKE_PREFIX_PATH=${CMAKE_PREFIX_PATH}:/home/cricchetto/Robomaster_WS/install/robomaster_ros:/home/cricchetto/Robomaster_WS/install/ep_control:/home/cricchetto/Robomaster_WS/install/drift:/opt/ros/humble /usr/bin/cmake --build /home/cricchetto/Robomaster_WS/build/multirobot_map_merge -- -j4 -l4
[5.820s] DEBUG:colcon.colcon_core.event_handler.log_command:Invoked command in '/home/cricchetto/Robomaster_WS/build/robomaster_msgs' returned '0': CMAKE_PREFIX_PATH=${CMAKE_PREFIX_PATH}:/home/cricchetto/Robomaster_WS/install/robomaster_ros:/home/cricchetto/Robomaster_WS/install/ep_control:/home/cricchetto/Robomaster_WS/install/drift:/opt/ros/humble /usr/bin/cmake --install /home/cricchetto/Robomaster_WS/build/robomaster_msgs
[5.821s] Level 1:colcon.colcon_core.environment:checking '/home/cricchetto/Robomaster_WS/install/robomaster_msgs/bin'
[5.821s] Level 1:colcon.colcon_core.environment:checking '/home/cricchetto/Robomaster_WS/install/robomaster_msgs/lib/pkgconfig/robomaster_msgs.pc'
[5.823s] Level 1:colcon.colcon_core.environment:checking '/home/cricchetto/Robomaster_WS/install/robomaster_msgs/lib/python3.10/site-packages'
[5.824s] Level 1:colcon.colcon_core.environment:checking '/home/cricchetto/Robomaster_WS/install/robomaster_msgs/bin'
[5.826s] INFO:colcon.colcon_core.shell:Creating package script '/home/cricchetto/Robomaster_WS/install/robomaster_msgs/share/robomaster_msgs/package.ps1'
[5.829s] INFO:colcon.colcon_core.shell:Creating package descriptor '/home/cricchetto/Robomaster_WS/install/robomaster_msgs/share/robomaster_msgs/package.dsv'
[5.832s] INFO:colcon.colcon_core.shell:Creating package script '/home/cricchetto/Robomaster_WS/install/robomaster_msgs/share/robomaster_msgs/package.sh'
[5.835s] INFO:colcon.colcon_core.shell:Creating package script '/home/cricchetto/Robomaster_WS/install/robomaster_msgs/share/robomaster_msgs/package.bash'
[5.837s] INFO:colcon.colcon_core.shell:Creating package script '/home/cricchetto/Robomaster_WS/install/robomaster_msgs/share/robomaster_msgs/package.zsh'
[5.839s] Level 1:colcon.colcon_core.environment:create_file_with_runtime_dependencies(/home/cricchetto/Robomaster_WS/install/robomaster_msgs/share/colcon-core/packages/robomaster_msgs)
[5.843s] Level 1:colcon.colcon_core.environment:create_environment_scripts_only(robomaster_msgs)
[5.844s] Level 1:colcon.colcon_core.environment:checking '/home/cricchetto/Robomaster_WS/install/robomaster_msgs' for CMake module files
[5.849s] Level 1:colcon.colcon_core.environment:checking '/home/cricchetto/Robomaster_WS/install/robomaster_msgs' for CMake config files
[5.856s] Level 1:colcon.colcon_core.shell:create_environment_hook('robomaster_msgs', 'cmake_prefix_path')
[5.857s] INFO:colcon.colcon_core.shell:Creating environment hook '/home/cricchetto/Robomaster_WS/install/robomaster_msgs/share/robomaster_msgs/hook/cmake_prefix_path.ps1'
[5.860s] INFO:colcon.colcon_core.shell:Creating environment descriptor '/home/cricchetto/Robomaster_WS/install/robomaster_msgs/share/robomaster_msgs/hook/cmake_prefix_path.dsv'
[5.862s] INFO:colcon.colcon_core.shell:Creating environment hook '/home/cricchetto/Robomaster_WS/install/robomaster_msgs/share/robomaster_msgs/hook/cmake_prefix_path.sh'
[5.866s] Level 1:colcon.colcon_core.environment:checking '/home/cricchetto/Robomaster_WS/install/robomaster_msgs/lib'
[5.867s] Level 1:colcon.colcon_core.shell:create_environment_hook('robomaster_msgs', 'ld_library_path_lib')
[5.868s] INFO:colcon.colcon_core.shell:Creating environment hook '/home/cricchetto/Robomaster_WS/install/robomaster_msgs/share/robomaster_msgs/hook/ld_library_path_lib.ps1'
[5.871s] INFO:colcon.colcon_core.shell:Creating environment descriptor '/home/cricchetto/Robomaster_WS/install/robomaster_msgs/share/robomaster_msgs/hook/ld_library_path_lib.dsv'
[5.873s] INFO:colcon.colcon_core.shell:Creating environment hook '/home/cricchetto/Robomaster_WS/install/robomaster_msgs/share/robomaster_msgs/hook/ld_library_path_lib.sh'
[5.877s] Level 1:colcon.colcon_core.environment:checking '/home/cricchetto/Robomaster_WS/install/robomaster_msgs/bin'
[5.877s] Level 1:colcon.colcon_core.environment:checking '/home/cricchetto/Robomaster_WS/install/robomaster_msgs/lib/pkgconfig/robomaster_msgs.pc'
[5.879s] Level 1:colcon.colcon_core.environment:checking '/home/cricchetto/Robomaster_WS/install/robomaster_msgs/lib/python3.10/site-packages'
[5.881s] Level 1:colcon.colcon_core.environment:checking '/home/cricchetto/Robomaster_WS/install/robomaster_msgs/bin'
[5.883s] INFO:colcon.colcon_core.shell:Creating package script '/home/cricchetto/Robomaster_WS/install/robomaster_msgs/share/robomaster_msgs/package.ps1'
[5.888s] INFO:colcon.colcon_core.shell:Creating package descriptor '/home/cricchetto/Robomaster_WS/install/robomaster_msgs/share/robomaster_msgs/package.dsv'
[5.892s] INFO:colcon.colcon_core.shell:Creating package script '/home/cricchetto/Robomaster_WS/install/robomaster_msgs/share/robomaster_msgs/package.sh'
[5.896s] INFO:colcon.colcon_core.shell:Creating package script '/home/cricchetto/Robomaster_WS/install/robomaster_msgs/share/robomaster_msgs/package.bash'
[5.899s] INFO:colcon.colcon_core.shell:Creating package script '/home/cricchetto/Robomaster_WS/install/robomaster_msgs/share/robomaster_msgs/package.zsh'
[5.901s] Level 1:colcon.colcon_core.environment:create_file_with_runtime_dependencies(/home/cricchetto/Robomaster_WS/install/robomaster_msgs/share/colcon-core/packages/robomaster_msgs)
[5.906s] INFO:colcon.colcon_ros.task.ament_cmake.build:Building ROS package in '/home/cricchetto/Robomaster_WS/src/robomaster_ros/robomaster_description' with build type 'ament_cmake'
[5.907s] INFO:colcon.colcon_cmake.task.cmake.build:Building CMake package in '/home/cricchetto/Robomaster_WS/src/robomaster_ros/robomaster_description'
[5.908s] INFO:colcon.colcon_core.shell:Skip shell extension 'powershell' for command environment: Not usable outside of PowerShell
[5.909s] DEBUG:colcon.colcon_core.shell:Skip shell extension 'dsv' for command environment
[5.952s] DEBUG:colcon.colcon_core.event_handler.log_command:Invoking command in '/home/cricchetto/Robomaster_WS/build/robomaster_description': CMAKE_PREFIX_PATH=${CMAKE_PREFIX_PATH}:/home/cricchetto/Robomaster_WS/install/robomaster_ros:/home/cricchetto/Robomaster_WS/install/ep_control:/home/cricchetto/Robomaster_WS/install/drift:/opt/ros/humble /usr/bin/cmake --build /home/cricchetto/Robomaster_WS/build/robomaster_description -- -j4 -l4
[6.222s] DEBUG:colcon.colcon_core.event_handler.log_command:Invoked command in '/home/cricchetto/Robomaster_WS/build/robomaster_description' returned '0': CMAKE_PREFIX_PATH=${CMAKE_PREFIX_PATH}:/home/cricchetto/Robomaster_WS/install/robomaster_ros:/home/cricchetto/Robomaster_WS/install/ep_control:/home/cricchetto/Robomaster_WS/install/drift:/opt/ros/humble /usr/bin/cmake --build /home/cricchetto/Robomaster_WS/build/robomaster_description -- -j4 -l4
[6.224s] DEBUG:colcon.colcon_core.event_handler.log_command:Invoking command in '/home/cricchetto/Robomaster_WS/build/robomaster_description': CMAKE_PREFIX_PATH=${CMAKE_PREFIX_PATH}:/home/cricchetto/Robomaster_WS/install/robomaster_ros:/home/cricchetto/Robomaster_WS/install/ep_control:/home/cricchetto/Robomaster_WS/install/drift:/opt/ros/humble /usr/bin/cmake --install /home/cricchetto/Robomaster_WS/build/robomaster_description
[6.461s] Level 1:colcon.colcon_core.environment:create_environment_scripts_only(robomaster_description)
[6.463s] Level 1:colcon.colcon_core.environment:checking '/home/cricchetto/Robomaster_WS/install/robomaster_description' for CMake module files
[6.473s] Level 1:colcon.colcon_core.environment:checking '/home/cricchetto/Robomaster_WS/install/robomaster_description' for CMake config files
[6.479s] Level 1:colcon.colcon_core.shell:create_environment_hook('robomaster_description', 'cmake_prefix_path')
[6.480s] INFO:colcon.colcon_core.shell:Creating environment hook '/home/cricchetto/Robomaster_WS/install/robomaster_description/share/robomaster_description/hook/cmake_prefix_path.ps1'
[6.490s] INFO:colcon.colcon_core.shell:Creating environment descriptor '/home/cricchetto/Robomaster_WS/install/robomaster_description/share/robomaster_description/hook/cmake_prefix_path.dsv'
[6.493s] INFO:colcon.colcon_core.shell:Creating environment hook '/home/cricchetto/Robomaster_WS/install/robomaster_description/share/robomaster_description/hook/cmake_prefix_path.sh'
[6.496s] Level 1:colcon.colcon_core.environment:checking '/home/cricchetto/Robomaster_WS/install/robomaster_description/bin'
[6.497s] Level 1:colcon.colcon_core.environment:checking '/home/cricchetto/Robomaster_WS/install/robomaster_description/lib/pkgconfig/robomaster_description.pc'
[6.498s] Level 1:colcon.colcon_core.environment:checking '/home/cricchetto/Robomaster_WS/install/robomaster_description/lib/python3.10/site-packages'
[6.500s] Level 1:colcon.colcon_core.environment:checking '/home/cricchetto/Robomaster_WS/install/robomaster_description/bin'
[6.502s] INFO:colcon.colcon_core.shell:Creating package script '/home/cricchetto/Robomaster_WS/install/robomaster_description/share/robomaster_description/package.ps1'
[6.509s] DEBUG:colcon.colcon_core.event_handler.log_command:Invoked command in '/home/cricchetto/Robomaster_WS/build/robomaster_description' returned '0': CMAKE_PREFIX_PATH=${CMAKE_PREFIX_PATH}:/home/cricchetto/Robomaster_WS/install/robomaster_ros:/home/cricchetto/Robomaster_WS/install/ep_control:/home/cricchetto/Robomaster_WS/install/drift:/opt/ros/humble /usr/bin/cmake --install /home/cricchetto/Robomaster_WS/build/robomaster_description
[6.509s] INFO:colcon.colcon_core.shell:Creating package descriptor '/home/cricchetto/Robomaster_WS/install/robomaster_description/share/robomaster_description/package.dsv'
[6.512s] INFO:colcon.colcon_core.shell:Creating package script '/home/cricchetto/Robomaster_WS/install/robomaster_description/share/robomaster_description/package.sh'
[6.514s] INFO:colcon.colcon_core.shell:Creating package script '/home/cricchetto/Robomaster_WS/install/robomaster_description/share/robomaster_description/package.bash'
[6.517s] INFO:colcon.colcon_core.shell:Creating package script '/home/cricchetto/Robomaster_WS/install/robomaster_description/share/robomaster_description/package.zsh'
[6.520s] Level 1:colcon.colcon_core.environment:create_file_with_runtime_dependencies(/home/cricchetto/Robomaster_WS/install/robomaster_description/share/colcon-core/packages/robomaster_description)
[6.523s] Level 1:colcon.colcon_core.environment:create_environment_scripts_only(robomaster_description)
[6.524s] Level 1:colcon.colcon_core.environment:checking '/home/cricchetto/Robomaster_WS/install/robomaster_description' for CMake module files
[6.527s] Level 1:colcon.colcon_core.environment:checking '/home/cricchetto/Robomaster_WS/install/robomaster_description' for CMake config files
[6.530s] Level 1:colcon.colcon_core.shell:create_environment_hook('robomaster_description', 'cmake_prefix_path')
[6.532s] INFO:colcon.colcon_core.shell:Creating environment hook '/home/cricchetto/Robomaster_WS/install/robomaster_description/share/robomaster_description/hook/cmake_prefix_path.ps1'
[6.535s] INFO:colcon.colcon_core.shell:Creating environment descriptor '/home/cricchetto/Robomaster_WS/install/robomaster_description/share/robomaster_description/hook/cmake_prefix_path.dsv'
[6.537s] INFO:colcon.colcon_core.shell:Creating environment hook '/home/cricchetto/Robomaster_WS/install/robomaster_description/share/robomaster_description/hook/cmake_prefix_path.sh'
[6.541s] Level 1:colcon.colcon_core.environment:checking '/home/cricchetto/Robomaster_WS/install/robomaster_description/bin'
[6.541s] Level 1:colcon.colcon_core.environment:checking '/home/cricchetto/Robomaster_WS/install/robomaster_description/lib/pkgconfig/robomaster_description.pc'
[6.543s] Level 1:colcon.colcon_core.environment:checking '/home/cricchetto/Robomaster_WS/install/robomaster_description/lib/python3.10/site-packages'
[6.545s] Level 1:colcon.colcon_core.environment:checking '/home/cricchetto/Robomaster_WS/install/robomaster_description/bin'
[6.546s] INFO:colcon.colcon_core.shell:Creating package script '/home/cricchetto/Robomaster_WS/install/robomaster_description/share/robomaster_description/package.ps1'
[6.549s] INFO:colcon.colcon_core.shell:Creating package descriptor '/home/cricchetto/Robomaster_WS/install/robomaster_description/share/robomaster_description/package.dsv'
[6.552s] INFO:colcon.colcon_core.shell:Creating package script '/home/cricchetto/Robomaster_WS/install/robomaster_description/share/robomaster_description/package.sh'
[6.556s] INFO:colcon.colcon_core.shell:Creating package script '/home/cricchetto/Robomaster_WS/install/robomaster_description/share/robomaster_description/package.bash'
[6.562s] INFO:colcon.colcon_core.shell:Creating package script '/home/cricchetto/Robomaster_WS/install/robomaster_description/share/robomaster_description/package.zsh'
[6.564s] Level 1:colcon.colcon_core.environment:create_file_with_runtime_dependencies(/home/cricchetto/Robomaster_WS/install/robomaster_description/share/colcon-core/packages/robomaster_description)
[6.569s] INFO:colcon.colcon_ros.task.ament_cmake.build:Building ROS package in '/home/cricchetto/Robomaster_WS/src/sllidar_ros2' with build type 'ament_cmake'
[6.571s] INFO:colcon.colcon_cmake.task.cmake.build:Building CMake package in '/home/cricchetto/Robomaster_WS/src/sllidar_ros2'
[6.573s] INFO:colcon.colcon_core.shell:Skip shell extension 'powershell' for command environment: Not usable outside of PowerShell
[6.574s] DEBUG:colcon.colcon_core.shell:Skip shell extension 'dsv' for command environment
[6.606s] DEBUG:colcon.colcon_core.event_handler.log_command:Invoked command in '/home/cricchetto/Robomaster_WS/build/multirobot_map_merge' returned '0': CMAKE_PREFIX_PATH=${CMAKE_PREFIX_PATH}:/home/cricchetto/Robomaster_WS/install/robomaster_ros:/home/cricchetto/Robomaster_WS/install/ep_control:/home/cricchetto/Robomaster_WS/install/drift:/opt/ros/humble /usr/bin/cmake --build /home/cricchetto/Robomaster_WS/build/multirobot_map_merge -- -j4 -l4
[6.612s] DEBUG:colcon.colcon_core.event_handler.log_command:Invoking command in '/home/cricchetto/Robomaster_WS/build/multirobot_map_merge': CMAKE_PREFIX_PATH=${CMAKE_PREFIX_PATH}:/home/cricchetto/Robomaster_WS/install/robomaster_ros:/home/cricchetto/Robomaster_WS/install/ep_control:/home/cricchetto/Robomaster_WS/install/drift:/opt/ros/humble /usr/bin/cmake --install /home/cricchetto/Robomaster_WS/build/multirobot_map_merge
[6.661s] DEBUG:colcon.colcon_core.event_handler.log_command:Invoking command in '/home/cricchetto/Robomaster_WS/build/sllidar_ros2': CMAKE_PREFIX_PATH=${CMAKE_PREFIX_PATH}:/home/cricchetto/Robomaster_WS/install/robomaster_ros:/home/cricchetto/Robomaster_WS/install/ep_control:/home/cricchetto/Robomaster_WS/install/drift:/opt/ros/humble /usr/bin/cmake --build /home/cricchetto/Robomaster_WS/build/sllidar_ros2 -- -j4 -l4
[6.704s] Level 1:colcon.colcon_core.environment:create_environment_scripts_only(multirobot_map_merge)
[6.706s] Level 1:colcon.colcon_core.environment:checking '/home/cricchetto/Robomaster_WS/install/multirobot_map_merge' for CMake module files
[6.710s] Level 1:colcon.colcon_core.environment:checking '/home/cricchetto/Robomaster_WS/install/multirobot_map_merge' for CMake config files
[6.712s] Level 1:colcon.colcon_core.shell:create_environment_hook('multirobot_map_merge', 'cmake_prefix_path')
[6.713s] INFO:colcon.colcon_core.shell:Creating environment hook '/home/cricchetto/Robomaster_WS/install/multirobot_map_merge/share/multirobot_map_merge/hook/cmake_prefix_path.ps1'
[6.727s] INFO:colcon.colcon_core.shell:Creating environment descriptor '/home/cricchetto/Robomaster_WS/install/multirobot_map_merge/share/multirobot_map_merge/hook/cmake_prefix_path.dsv'
[6.733s] DEBUG:colcon.colcon_core.event_handler.log_command:Invoked command in '/home/cricchetto/Robomaster_WS/build/multirobot_map_merge' returned '0': CMAKE_PREFIX_PATH=${CMAKE_PREFIX_PATH}:/home/cricchetto/Robomaster_WS/install/robomaster_ros:/home/cricchetto/Robomaster_WS/install/ep_control:/home/cricchetto/Robomaster_WS/install/drift:/opt/ros/humble /usr/bin/cmake --install /home/cricchetto/Robomaster_WS/build/multirobot_map_merge
[6.734s] INFO:colcon.colcon_core.shell:Creating environment hook '/home/cricchetto/Robomaster_WS/install/multirobot_map_merge/share/multirobot_map_merge/hook/cmake_prefix_path.sh'
[6.738s] Level 1:colcon.colcon_core.environment:checking '/home/cricchetto/Robomaster_WS/install/multirobot_map_merge/lib'
[6.739s] Level 1:colcon.colcon_core.environment:checking '/home/cricchetto/Robomaster_WS/install/multirobot_map_merge/bin'
[6.739s] Level 1:colcon.colcon_core.environment:checking '/home/cricchetto/Robomaster_WS/install/multirobot_map_merge/lib/pkgconfig/multirobot_map_merge.pc'
[6.741s] Level 1:colcon.colcon_core.environment:checking '/home/cricchetto/Robomaster_WS/install/multirobot_map_merge/lib/python3.10/site-packages'
[6.743s] Level 1:colcon.colcon_core.environment:checking '/home/cricchetto/Robomaster_WS/install/multirobot_map_merge/bin'
[6.745s] INFO:colcon.colcon_core.shell:Creating package script '/home/cricchetto/Robomaster_WS/install/multirobot_map_merge/share/multirobot_map_merge/package.ps1'
[6.749s] INFO:colcon.colcon_core.shell:Creating package descriptor '/home/cricchetto/Robomaster_WS/install/multirobot_map_merge/share/multirobot_map_merge/package.dsv'
[6.755s] INFO:colcon.colcon_core.shell:Creating package script '/home/cricchetto/Robomaster_WS/install/multirobot_map_merge/share/multirobot_map_merge/package.sh'
[6.761s] INFO:colcon.colcon_core.shell:Creating package script '/home/cricchetto/Robomaster_WS/install/multirobot_map_merge/share/multirobot_map_merge/package.bash'
[6.765s] INFO:colcon.colcon_core.shell:Creating package script '/home/cricchetto/Robomaster_WS/install/multirobot_map_merge/share/multirobot_map_merge/package.zsh'
[6.769s] Level 1:colcon.colcon_core.environment:create_file_with_runtime_dependencies(/home/cricchetto/Robomaster_WS/install/multirobot_map_merge/share/colcon-core/packages/multirobot_map_merge)
[6.775s] Level 1:colcon.colcon_core.environment:create_environment_scripts_only(multirobot_map_merge)
[6.778s] Level 1:colcon.colcon_core.environment:checking '/home/cricchetto/Robomaster_WS/install/multirobot_map_merge' for CMake module files
[6.785s] Level 1:colcon.colcon_core.environment:checking '/home/cricchetto/Robomaster_WS/install/multirobot_map_merge' for CMake config files
[6.791s] Level 1:colcon.colcon_core.shell:create_environment_hook('multirobot_map_merge', 'cmake_prefix_path')
[6.793s] INFO:colcon.colcon_core.shell:Creating environment hook '/home/cricchetto/Robomaster_WS/install/multirobot_map_merge/share/multirobot_map_merge/hook/cmake_prefix_path.ps1'
[6.800s] INFO:colcon.colcon_core.shell:Creating environment descriptor '/home/cricchetto/Robomaster_WS/install/multirobot_map_merge/share/multirobot_map_merge/hook/cmake_prefix_path.dsv'
[6.806s] INFO:colcon.colcon_core.shell:Creating environment hook '/home/cricchetto/Robomaster_WS/install/multirobot_map_merge/share/multirobot_map_merge/hook/cmake_prefix_path.sh'
[6.816s] Level 1:colcon.colcon_core.environment:checking '/home/cricchetto/Robomaster_WS/install/multirobot_map_merge/lib'
[6.817s] Level 1:colcon.colcon_core.environment:checking '/home/cricchetto/Robomaster_WS/install/multirobot_map_merge/bin'
[6.818s] Level 1:colcon.colcon_core.environment:checking '/home/cricchetto/Robomaster_WS/install/multirobot_map_merge/lib/pkgconfig/multirobot_map_merge.pc'
[6.821s] Level 1:colcon.colcon_core.environment:checking '/home/cricchetto/Robomaster_WS/install/multirobot_map_merge/lib/python3.10/site-packages'
[6.825s] Level 1:colcon.colcon_core.environment:checking '/home/cricchetto/Robomaster_WS/install/multirobot_map_merge/bin'
[6.829s] INFO:colcon.colcon_core.shell:Creating package script '/home/cricchetto/Robomaster_WS/install/multirobot_map_merge/share/multirobot_map_merge/package.ps1'
[6.839s] INFO:colcon.colcon_core.shell:Creating package descriptor '/home/cricchetto/Robomaster_WS/install/multirobot_map_merge/share/multirobot_map_merge/package.dsv'
[6.849s] INFO:colcon.colcon_core.shell:Creating package script '/home/cricchetto/Robomaster_WS/install/multirobot_map_merge/share/multirobot_map_merge/package.sh'
[6.859s] INFO:colcon.colcon_core.shell:Creating package script '/home/cricchetto/Robomaster_WS/install/multirobot_map_merge/share/multirobot_map_merge/package.bash'
[6.869s] INFO:colcon.colcon_core.shell:Creating package script '/home/cricchetto/Robomaster_WS/install/multirobot_map_merge/share/multirobot_map_merge/package.zsh'
[6.878s] Level 1:colcon.colcon_core.environment:create_file_with_runtime_dependencies(/home/cricchetto/Robomaster_WS/install/multirobot_map_merge/share/colcon-core/packages/multirobot_map_merge)
[6.888s] INFO:colcon.colcon_ros.task.ament_python.build:Building ROS package in '/home/cricchetto/Robomaster_WS/src/robomaster_ros/robomaster_ros' with build type 'ament_python'
[6.891s] Level 1:colcon.colcon_core.shell:create_environment_hook('robomaster_ros', 'ament_prefix_path')
[6.893s] INFO:colcon.colcon_core.shell:Creating environment hook '/home/cricchetto/Robomaster_WS/install/robomaster_ros/share/robomaster_ros/hook/ament_prefix_path.ps1'
[6.899s] INFO:colcon.colcon_core.shell:Creating environment descriptor '/home/cricchetto/Robomaster_WS/install/robomaster_ros/share/robomaster_ros/hook/ament_prefix_path.dsv'
[6.904s] INFO:colcon.colcon_core.shell:Creating environment hook '/home/cricchetto/Robomaster_WS/install/robomaster_ros/share/robomaster_ros/hook/ament_prefix_path.sh'
[6.913s] INFO:colcon.colcon_core.shell:Skip shell extension 'powershell' for command environment: Not usable outside of PowerShell
[6.914s] DEBUG:colcon.colcon_core.shell:Skip shell extension 'dsv' for command environment
[7.058s] DEBUG:colcon.colcon_core.event_handler.log_command:Invoking command in '/home/cricchetto/Robomaster_WS/src/ep_control': PYTHONPATH=/home/cricchetto/Robomaster_WS/build/ep_control/prefix_override:/usr/lib/python3/dist-packages/colcon_core/task/python/colcon_distutils_commands:/home/cricchetto/Robomaster_WS/install/ep_control/lib/python3.10/site-packages:${PYTHONPATH} /usr/bin/python3 -W ignore:setup.py install is deprecated -W ignore:easy_install command is deprecated setup.py egg_info --egg-base ../../build/ep_control build --build-base /home/cricchetto/Robomaster_WS/build/ep_control/build install --record /home/cricchetto/Robomaster_WS/build/ep_control/install.log --single-version-externally-managed install_data
[7.075s] DEBUG:colcon.colcon_core.event_handler.log_command:Invoking command in '/home/cricchetto/Robomaster_WS/src/drift': PYTHONPATH=/home/cricchetto/Robomaster_WS/build/drift/prefix_override:/usr/lib/python3/dist-packages/colcon_core/task/python/colcon_distutils_commands:/home/cricchetto/Robomaster_WS/install/drift/lib/python3.10/site-packages:${PYTHONPATH} /usr/bin/python3 -W ignore:setup.py install is deprecated -W ignore:easy_install command is deprecated setup.py egg_info --egg-base ../../build/drift build --build-base /home/cricchetto/Robomaster_WS/build/drift/build install --record /home/cricchetto/Robomaster_WS/build/drift/install.log --single-version-externally-managed install_data
[8.524s] INFO:colcon.colcon_core.task.python.build:Building Python package in '/home/cricchetto/Robomaster_WS/src/robomaster_ros/robomaster_ros'
[8.525s] INFO:colcon.colcon_core.shell:Skip shell extension 'powershell' for command environment: Not usable outside of PowerShell
[8.526s] DEBUG:colcon.colcon_core.shell:Skip shell extension 'dsv' for command environment
[8.636s] DEBUG:colcon.colcon_core.event_handler.log_command:Invoked command in '/home/cricchetto/Robomaster_WS/build/sllidar_ros2' returned '0': CMAKE_PREFIX_PATH=${CMAKE_PREFIX_PATH}:/home/cricchetto/Robomaster_WS/install/robomaster_ros:/home/cricchetto/Robomaster_WS/install/ep_control:/home/cricchetto/Robomaster_WS/install/drift:/opt/ros/humble /usr/bin/cmake --build /home/cricchetto/Robomaster_WS/build/sllidar_ros2 -- -j4 -l4
[8.658s] DEBUG:colcon.colcon_core.event_handler.log_command:Invoking command in '/home/cricchetto/Robomaster_WS/build/sllidar_ros2': CMAKE_PREFIX_PATH=${CMAKE_PREFIX_PATH}:/home/cricchetto/Robomaster_WS/install/robomaster_ros:/home/cricchetto/Robomaster_WS/install/ep_control:/home/cricchetto/Robomaster_WS/install/drift:/opt/ros/humble /usr/bin/cmake --install /home/cricchetto/Robomaster_WS/build/sllidar_ros2
[8.727s] Level 1:colcon.colcon_core.environment:create_environment_scripts_only(sllidar_ros2)
[8.730s] Level 1:colcon.colcon_core.environment:checking '/home/cricchetto/Robomaster_WS/install/sllidar_ros2' for CMake module files
[8.738s] Level 1:colcon.colcon_core.environment:checking '/home/cricchetto/Robomaster_WS/install/sllidar_ros2' for CMake config files
[8.744s] Level 1:colcon.colcon_core.shell:create_environment_hook('sllidar_ros2', 'cmake_prefix_path')
[8.746s] INFO:colcon.colcon_core.shell:Creating environment hook '/home/cricchetto/Robomaster_WS/install/sllidar_ros2/share/sllidar_ros2/hook/cmake_prefix_path.ps1'
[8.757s] INFO:colcon.colcon_core.shell:Creating environment descriptor '/home/cricchetto/Robomaster_WS/install/sllidar_ros2/share/sllidar_ros2/hook/cmake_prefix_path.dsv'
[8.765s] INFO:colcon.colcon_core.shell:Creating environment hook '/home/cricchetto/Robomaster_WS/install/sllidar_ros2/share/sllidar_ros2/hook/cmake_prefix_path.sh'
[8.778s] Level 1:colcon.colcon_core.environment:checking '/home/cricchetto/Robomaster_WS/install/sllidar_ros2/lib'
[8.782s] Level 1:colcon.colcon_core.environment:checking '/home/cricchetto/Robomaster_WS/install/sllidar_ros2/bin'
[8.783s] Level 1:colcon.colcon_core.environment:checking '/home/cricchetto/Robomaster_WS/install/sllidar_ros2/lib/pkgconfig/sllidar_ros2.pc'
[8.785s] Level 1:colcon.colcon_core.environment:checking '/home/cricchetto/Robomaster_WS/install/sllidar_ros2/lib/python3.10/site-packages'
[8.788s] Level 1:colcon.colcon_core.environment:checking '/home/cricchetto/Robomaster_WS/install/sllidar_ros2/bin'
[8.790s] INFO:colcon.colcon_core.shell:Creating package script '/home/cricchetto/Robomaster_WS/install/sllidar_ros2/share/sllidar_ros2/package.ps1'
[8.795s] INFO:colcon.colcon_core.shell:Creating package descriptor '/home/cricchetto/Robomaster_WS/install/sllidar_ros2/share/sllidar_ros2/package.dsv'
[8.803s] INFO:colcon.colcon_core.shell:Creating package script '/home/cricchetto/Robomaster_WS/install/sllidar_ros2/share/sllidar_ros2/package.sh'
[8.810s] INFO:colcon.colcon_core.shell:Creating package script '/home/cricchetto/Robomaster_WS/install/sllidar_ros2/share/sllidar_ros2/package.bash'
[8.813s] DEBUG:colcon.colcon_core.event_handler.log_command:Invoked command in '/home/cricchetto/Robomaster_WS/build/sllidar_ros2' returned '0': CMAKE_PREFIX_PATH=${CMAKE_PREFIX_PATH}:/home/cricchetto/Robomaster_WS/install/robomaster_ros:/home/cricchetto/Robomaster_WS/install/ep_control:/home/cricchetto/Robomaster_WS/install/drift:/opt/ros/humble /usr/bin/cmake --install /home/cricchetto/Robomaster_WS/build/sllidar_ros2
[8.816s] INFO:colcon.colcon_core.shell:Creating package script '/home/cricchetto/Robomaster_WS/install/sllidar_ros2/share/sllidar_ros2/package.zsh'
[8.818s] Level 1:colcon.colcon_core.environment:create_file_with_runtime_dependencies(/home/cricchetto/Robomaster_WS/install/sllidar_ros2/share/colcon-core/packages/sllidar_ros2)
[8.821s] Level 1:colcon.colcon_core.environment:create_environment_scripts_only(sllidar_ros2)
[8.822s] Level 1:colcon.colcon_core.environment:checking '/home/cricchetto/Robomaster_WS/install/sllidar_ros2' for CMake module files
[8.825s] Level 1:colcon.colcon_core.environment:checking '/home/cricchetto/Robomaster_WS/install/sllidar_ros2' for CMake config files
[8.826s] Level 1:colcon.colcon_core.shell:create_environment_hook('sllidar_ros2', 'cmake_prefix_path')
[8.827s] INFO:colcon.colcon_core.shell:Creating environment hook '/home/cricchetto/Robomaster_WS/install/sllidar_ros2/share/sllidar_ros2/hook/cmake_prefix_path.ps1'
[8.829s] INFO:colcon.colcon_core.shell:Creating environment descriptor '/home/cricchetto/Robomaster_WS/install/sllidar_ros2/share/sllidar_ros2/hook/cmake_prefix_path.dsv'
[8.831s] INFO:colcon.colcon_core.shell:Creating environment hook '/home/cricchetto/Robomaster_WS/install/sllidar_ros2/share/sllidar_ros2/hook/cmake_prefix_path.sh'
[8.834s] Level 1:colcon.colcon_core.environment:checking '/home/cricchetto/Robomaster_WS/install/sllidar_ros2/lib'
[8.835s] Level 1:colcon.colcon_core.environment:checking '/home/cricchetto/Robomaster_WS/install/sllidar_ros2/bin'
[8.835s] Level 1:colcon.colcon_core.environment:checking '/home/cricchetto/Robomaster_WS/install/sllidar_ros2/lib/pkgconfig/sllidar_ros2.pc'
[8.836s] Level 1:colcon.colcon_core.environment:checking '/home/cricchetto/Robomaster_WS/install/sllidar_ros2/lib/python3.10/site-packages'
[8.838s] Level 1:colcon.colcon_core.environment:checking '/home/cricchetto/Robomaster_WS/install/sllidar_ros2/bin'
[8.839s] INFO:colcon.colcon_core.shell:Creating package script '/home/cricchetto/Robomaster_WS/install/sllidar_ros2/share/sllidar_ros2/package.ps1'
[8.842s] INFO:colcon.colcon_core.shell:Creating package descriptor '/home/cricchetto/Robomaster_WS/install/sllidar_ros2/share/sllidar_ros2/package.dsv'
[8.844s] INFO:colcon.colcon_core.shell:Creating package script '/home/cricchetto/Robomaster_WS/install/sllidar_ros2/share/sllidar_ros2/package.sh'
[8.847s] INFO:colcon.colcon_core.shell:Creating package script '/home/cricchetto/Robomaster_WS/install/sllidar_ros2/share/sllidar_ros2/package.bash'
[8.849s] INFO:colcon.colcon_core.shell:Creating package script '/home/cricchetto/Robomaster_WS/install/sllidar_ros2/share/sllidar_ros2/package.zsh'
[8.851s] Level 1:colcon.colcon_core.environment:create_file_with_runtime_dependencies(/home/cricchetto/Robomaster_WS/install/sllidar_ros2/share/colcon-core/packages/sllidar_ros2)
[8.858s] Level 1:colcon.colcon_core.environment:checking '/home/cricchetto/Robomaster_WS/install/ep_control' for CMake module files
[8.861s] DEBUG:colcon.colcon_core.event_handler.log_command:Invoked command in '/home/cricchetto/Robomaster_WS/src/ep_control' returned '0': PYTHONPATH=/home/cricchetto/Robomaster_WS/build/ep_control/prefix_override:/usr/lib/python3/dist-packages/colcon_core/task/python/colcon_distutils_commands:/home/cricchetto/Robomaster_WS/install/ep_control/lib/python3.10/site-packages:${PYTHONPATH} /usr/bin/python3 -W ignore:setup.py install is deprecated -W ignore:easy_install command is deprecated setup.py egg_info --egg-base ../../build/ep_control build --build-base /home/cricchetto/Robomaster_WS/build/ep_control/build install --record /home/cricchetto/Robomaster_WS/build/ep_control/install.log --single-version-externally-managed install_data
[8.862s] Level 1:colcon.colcon_core.environment:checking '/home/cricchetto/Robomaster_WS/install/ep_control' for CMake config files
[8.866s] Level 1:colcon.colcon_core.environment:checking '/home/cricchetto/Robomaster_WS/install/ep_control/lib'
[8.866s] Level 1:colcon.colcon_core.environment:checking '/home/cricchetto/Robomaster_WS/install/ep_control/bin'
[8.867s] Level 1:colcon.colcon_core.environment:checking '/home/cricchetto/Robomaster_WS/install/ep_control/lib/pkgconfig/ep_control.pc'
[8.868s] Level 1:colcon.colcon_core.environment:checking '/home/cricchetto/Robomaster_WS/install/ep_control/lib/python3.10/site-packages'
[8.868s] Level 1:colcon.colcon_core.shell:create_environment_hook('ep_control', 'pythonpath')
[8.869s] INFO:colcon.colcon_core.shell:Creating environment hook '/home/cricchetto/Robomaster_WS/install/ep_control/share/ep_control/hook/pythonpath.ps1'
[8.871s] INFO:colcon.colcon_core.shell:Creating environment descriptor '/home/cricchetto/Robomaster_WS/install/ep_control/share/ep_control/hook/pythonpath.dsv'
[8.873s] INFO:colcon.colcon_core.shell:Creating environment hook '/home/cricchetto/Robomaster_WS/install/ep_control/share/ep_control/hook/pythonpath.sh'
[8.877s] Level 1:colcon.colcon_core.environment:checking '/home/cricchetto/Robomaster_WS/install/ep_control/bin'
[8.878s] Level 1:colcon.colcon_core.environment:create_environment_scripts_only(ep_control)
[8.879s] INFO:colcon.colcon_core.shell:Creating package script '/home/cricchetto/Robomaster_WS/install/ep_control/share/ep_control/package.ps1'
[8.881s] INFO:colcon.colcon_core.shell:Creating package descriptor '/home/cricchetto/Robomaster_WS/install/ep_control/share/ep_control/package.dsv'
[8.885s] INFO:colcon.colcon_core.shell:Creating package script '/home/cricchetto/Robomaster_WS/install/ep_control/share/ep_control/package.sh'
[8.888s] INFO:colcon.colcon_core.shell:Creating package script '/home/cricchetto/Robomaster_WS/install/ep_control/share/ep_control/package.bash'
[8.890s] INFO:colcon.colcon_core.shell:Creating package script '/home/cricchetto/Robomaster_WS/install/ep_control/share/ep_control/package.zsh'
[8.892s] Level 1:colcon.colcon_core.environment:create_file_with_runtime_dependencies(/home/cricchetto/Robomaster_WS/install/ep_control/share/colcon-core/packages/ep_control)
[8.895s] Level 1:colcon.colcon_core.environment:checking '/home/cricchetto/Robomaster_WS/install/drift' for CMake module files
[8.900s] DEBUG:colcon.colcon_core.event_handler.log_command:Invoked command in '/home/cricchetto/Robomaster_WS/src/drift' returned '0': PYTHONPATH=/home/cricchetto/Robomaster_WS/build/drift/prefix_override:/usr/lib/python3/dist-packages/colcon_core/task/python/colcon_distutils_commands:/home/cricchetto/Robomaster_WS/install/drift/lib/python3.10/site-packages:${PYTHONPATH} /usr/bin/python3 -W ignore:setup.py install is deprecated -W ignore:easy_install command is deprecated setup.py egg_info --egg-base ../../build/drift build --build-base /home/cricchetto/Robomaster_WS/build/drift/build install --record /home/cricchetto/Robomaster_WS/build/drift/install.log --single-version-externally-managed install_data
[8.901s] Level 1:colcon.colcon_core.environment:checking '/home/cricchetto/Robomaster_WS/install/drift' for CMake config files
[8.904s] Level 1:colcon.colcon_core.environment:checking '/home/cricchetto/Robomaster_WS/install/drift/lib'
[8.905s] Level 1:colcon.colcon_core.environment:checking '/home/cricchetto/Robomaster_WS/install/drift/bin'
[8.905s] Level 1:colcon.colcon_core.environment:checking '/home/cricchetto/Robomaster_WS/install/drift/lib/pkgconfig/drift.pc'
[8.906s] Level 1:colcon.colcon_core.environment:checking '/home/cricchetto/Robomaster_WS/install/drift/lib/python3.10/site-packages'
[8.906s] Level 1:colcon.colcon_core.shell:create_environment_hook('drift', 'pythonpath')
[8.907s] INFO:colcon.colcon_core.shell:Creating environment hook '/home/cricchetto/Robomaster_WS/install/drift/share/drift/hook/pythonpath.ps1'
[8.910s] INFO:colcon.colcon_core.shell:Creating environment descriptor '/home/cricchetto/Robomaster_WS/install/drift/share/drift/hook/pythonpath.dsv'
[8.912s] INFO:colcon.colcon_core.shell:Creating environment hook '/home/cricchetto/Robomaster_WS/install/drift/share/drift/hook/pythonpath.sh'
[8.915s] Level 1:colcon.colcon_core.environment:checking '/home/cricchetto/Robomaster_WS/install/drift/bin'
[8.916s] Level 1:colcon.colcon_core.environment:create_environment_scripts_only(drift)
[8.917s] INFO:colcon.colcon_core.shell:Creating package script '/home/cricchetto/Robomaster_WS/install/drift/share/drift/package.ps1'
[8.920s] INFO:colcon.colcon_core.shell:Creating package descriptor '/home/cricchetto/Robomaster_WS/install/drift/share/drift/package.dsv'
[8.924s] INFO:colcon.colcon_core.shell:Creating package script '/home/cricchetto/Robomaster_WS/install/drift/share/drift/package.sh'
[8.926s] INFO:colcon.colcon_core.shell:Creating package script '/home/cricchetto/Robomaster_WS/install/drift/share/drift/package.bash'
[8.929s] INFO:colcon.colcon_core.shell:Creating package script '/home/cricchetto/Robomaster_WS/install/drift/share/drift/package.zsh'
[8.931s] Level 1:colcon.colcon_core.environment:create_file_with_runtime_dependencies(/home/cricchetto/Robomaster_WS/install/drift/share/colcon-core/packages/drift)
[10.251s] DEBUG:colcon.colcon_core.event_handler.log_command:Invoking command in '/home/cricchetto/Robomaster_WS/src/robomaster_ros/robomaster_ros': CMAKE_PREFIX_PATH=/home/cricchetto/Robomaster_WS/install/robomaster_msgs:/home/cricchetto/Robomaster_WS/install/sllidar_ros2:/home/cricchetto/Robomaster_WS/install/robomaster_description:/home/cricchetto/Robomaster_WS/install/multirobot_map_merge:/home/cricchetto/Robomaster_WS/install/explore_lite PYTHONPATH=/home/cricchetto/Robomaster_WS/build/robomaster_ros/prefix_override:/usr/lib/python3/dist-packages/colcon_core/task/python/colcon_distutils_commands:/home/cricchetto/Robomaster_WS/install/robomaster_ros/lib/python3.10/site-packages:${PYTHONPATH} /usr/bin/python3 -W ignore:setup.py install is deprecated -W ignore:easy_install command is deprecated setup.py egg_info --egg-base ../../../build/robomaster_ros build --build-base /home/cricchetto/Robomaster_WS/build/robomaster_ros/build install --record /home/cricchetto/Robomaster_WS/build/robomaster_ros/install.log --single-version-externally-managed install_data
[11.513s] Level 1:colcon.colcon_core.environment:checking '/home/cricchetto/Robomaster_WS/install/robomaster_ros' for CMake module files
[11.515s] DEBUG:colcon.colcon_core.event_handler.log_command:Invoked command in '/home/cricchetto/Robomaster_WS/src/robomaster_ros/robomaster_ros' returned '0': CMAKE_PREFIX_PATH=/home/cricchetto/Robomaster_WS/install/robomaster_msgs:/home/cricchetto/Robomaster_WS/install/sllidar_ros2:/home/cricchetto/Robomaster_WS/install/robomaster_description:/home/cricchetto/Robomaster_WS/install/multirobot_map_merge:/home/cricchetto/Robomaster_WS/install/explore_lite PYTHONPATH=/home/cricchetto/Robomaster_WS/build/robomaster_ros/prefix_override:/usr/lib/python3/dist-packages/colcon_core/task/python/colcon_distutils_commands:/home/cricchetto/Robomaster_WS/install/robomaster_ros/lib/python3.10/site-packages:${PYTHONPATH} /usr/bin/python3 -W ignore:setup.py install is deprecated -W ignore:easy_install command is deprecated setup.py egg_info --egg-base ../../../build/robomaster_ros build --build-base /home/cricchetto/Robomaster_WS/build/robomaster_ros/build install --record /home/cricchetto/Robomaster_WS/build/robomaster_ros/install.log --single-version-externally-managed install_data
[11.517s] Level 1:colcon.colcon_core.environment:checking '/home/cricchetto/Robomaster_WS/install/robomaster_ros' for CMake config files
[11.522s] Level 1:colcon.colcon_core.environment:checking '/home/cricchetto/Robomaster_WS/install/robomaster_ros/lib'
[11.522s] Level 1:colcon.colcon_core.environment:checking '/home/cricchetto/Robomaster_WS/install/robomaster_ros/bin'
[11.523s] Level 1:colcon.colcon_core.environment:checking '/home/cricchetto/Robomaster_WS/install/robomaster_ros/lib/pkgconfig/robomaster_ros.pc'
[11.523s] Level 1:colcon.colcon_core.environment:checking '/home/cricchetto/Robomaster_WS/install/robomaster_ros/lib/python3.10/site-packages'
[11.524s] Level 1:colcon.colcon_core.shell:create_environment_hook('robomaster_ros', 'pythonpath')
[11.525s] INFO:colcon.colcon_core.shell:Creating environment hook '/home/cricchetto/Robomaster_WS/install/robomaster_ros/share/robomaster_ros/hook/pythonpath.ps1'
[11.527s] INFO:colcon.colcon_core.shell:Creating environment descriptor '/home/cricchetto/Robomaster_WS/install/robomaster_ros/share/robomaster_ros/hook/pythonpath.dsv'
[11.529s] INFO:colcon.colcon_core.shell:Creating environment hook '/home/cricchetto/Robomaster_WS/install/robomaster_ros/share/robomaster_ros/hook/pythonpath.sh'
[11.532s] Level 1:colcon.colcon_core.environment:checking '/home/cricchetto/Robomaster_WS/install/robomaster_ros/bin'
[11.532s] Level 1:colcon.colcon_core.environment:create_environment_scripts_only(robomaster_ros)
[11.534s] INFO:colcon.colcon_core.shell:Creating package script '/home/cricchetto/Robomaster_WS/install/robomaster_ros/share/robomaster_ros/package.ps1'
[11.536s] INFO:colcon.colcon_core.shell:Creating package descriptor '/home/cricchetto/Robomaster_WS/install/robomaster_ros/share/robomaster_ros/package.dsv'
[11.539s] INFO:colcon.colcon_core.shell:Creating package script '/home/cricchetto/Robomaster_WS/install/robomaster_ros/share/robomaster_ros/package.sh'
[11.541s] INFO:colcon.colcon_core.shell:Creating package script '/home/cricchetto/Robomaster_WS/install/robomaster_ros/share/robomaster_ros/package.bash'
[11.543s] INFO:colcon.colcon_core.shell:Creating package script '/home/cricchetto/Robomaster_WS/install/robomaster_ros/share/robomaster_ros/package.zsh'
[11.544s] Level 1:colcon.colcon_core.environment:create_file_with_runtime_dependencies(/home/cricchetto/Robomaster_WS/install/robomaster_ros/share/colcon-core/packages/robomaster_ros)
[11.546s] DEBUG:colcon.colcon_parallel_executor.executor.parallel:closing loop
[11.547s] DEBUG:colcon.colcon_parallel_executor.executor.parallel:loop closed
[11.547s] DEBUG:colcon.colcon_parallel_executor.executor.parallel:run_until_complete finished with '0'
[11.548s] DEBUG:colcon.colcon_core.event_reactor:joining thread
[11.569s] INFO:colcon.colcon_core.plugin_system:Skipping extension 'colcon_notification.desktop_notification.notify_send': Could not find 'notify-send'
[11.569s] INFO:colcon.colcon_core.plugin_system:Skipping extension 'colcon_notification.desktop_notification.terminal_notifier': Not used on non-Darwin systems
[11.570s] INFO:colcon.colcon_core.plugin_system:Skipping extension 'colcon_notification.desktop_notification.win32': Not used on non-Windows systems
[11.570s] INFO:colcon.colcon_notification.desktop_notification:Sending desktop notification using 'notify2'
[11.573s] DEBUG:colcon.colcon_notification.desktop_notification.notify2:Failed to initialize notify2: org.freedesktop.DBus.Error.ServiceUnknown: The name org.freedesktop.Notifications was not provided by any .service files
[11.573s] DEBUG:colcon.colcon_core.event_reactor:joined thread
[11.574s] INFO:colcon.colcon_core.shell:Creating prefix script '/home/cricchetto/Robomaster_WS/install/local_setup.ps1'
[11.578s] INFO:colcon.colcon_core.shell:Creating prefix util module '/home/cricchetto/Robomaster_WS/install/_local_setup_util_ps1.py'
[11.584s] INFO:colcon.colcon_core.shell:Creating prefix chain script '/home/cricchetto/Robomaster_WS/install/setup.ps1'
[11.591s] INFO:colcon.colcon_core.shell:Creating prefix script '/home/cricchetto/Robomaster_WS/install/local_setup.sh'
[11.594s] INFO:colcon.colcon_core.shell:Creating prefix util module '/home/cricchetto/Robomaster_WS/install/_local_setup_util_sh.py'
[11.597s] INFO:colcon.colcon_core.shell:Creating prefix chain script '/home/cricchetto/Robomaster_WS/install/setup.sh'
[11.603s] INFO:colcon.colcon_core.shell:Creating prefix script '/home/cricchetto/Robomaster_WS/install/local_setup.bash'
[11.606s] INFO:colcon.colcon_core.shell:Creating prefix chain script '/home/cricchetto/Robomaster_WS/install/setup.bash'
[11.612s] INFO:colcon.colcon_core.shell:Creating prefix script '/home/cricchetto/Robomaster_WS/install/local_setup.zsh'
[11.614s] INFO:colcon.colcon_core.shell:Creating prefix chain script '/home/cricchetto/Robomaster_WS/install/setup.zsh'
