[0.000000] (-) TimerEvent: {}
[0.001237] (drift) JobQueued: {'identifier': 'drift', 'dependencies': OrderedDict()}
[0.001591] (ep_control) JobQueued: {'identifier': 'ep_control', 'dependencies': OrderedDict()}
[0.001763] (explore_lite) JobQueued: {'identifier': 'explore_lite', 'dependencies': OrderedDict()}
[0.001862] (multirobot_map_merge) JobQueued: {'identifier': 'multirobot_map_merge', 'dependencies': OrderedDict()}
[0.001944] (robomaster_description) JobQueued: {'identifier': 'robomaster_description', 'dependencies': OrderedDict()}
[0.002026] (robomaster_msgs) JobQueued: {'identifier': 'robomaster_msgs', 'dependencies': OrderedDict()}
[0.002105] (sllidar_ros2) JobQueued: {'identifier': 'sllidar_ros2', 'dependencies': OrderedDict()}
[0.002180] (robomaster_ros) JobQueued: {'identifier': 'robomaster_ros', 'dependencies': OrderedDict([('robomaster_msgs', '/home/cricchetto/Robomaster_WS/install/robomaster_msgs')])}
[0.002269] (robomaster_msgs) JobStarted: {'identifier': 'robomaster_msgs'}
[0.036229] (drift) JobStarted: {'identifier': 'drift'}
[0.071213] (ep_control) JobStarted: {'identifier': 'ep_control'}
[0.097714] (-) TimerEvent: {}
[0.104440] (explore_lite) JobStarted: {'identifier': 'explore_lite'}
[0.136546] (robomaster_msgs) JobProgress: {'identifier': 'robomaster_msgs', 'progress': 'cmake'}
[0.139922] (robomaster_msgs) JobProgress: {'identifier': 'robomaster_msgs', 'progress': 'build'}
[0.142728] (robomaster_msgs) Command: {'cmd': ['/usr/bin/cmake', '--build', '/home/cricchetto/Robomaster_WS/build/robomaster_msgs', '--', '-j4', '-l4'], 'cwd': '/home/cricchetto/Robomaster_WS/build/robomaster_msgs', 'env': OrderedDict([('LESSOPEN', '| /usr/bin/lesspipe %s'), ('USER', 'cricchetto'), ('SSH_CLIENT', '172.18.147.201 58490 22'), ('LC_TIME', 'es_AR.UTF-8'), ('XDG_SESSION_TYPE', 'tty'), ('SHLVL', '2'), ('LD_LIBRARY_PATH', '/home/cricchetto/Robomaster_WS/install/robomaster_msgs/lib:/home/cricchetto/Robomaster_WS/install/dwb_msgs/lib:/home/cricchetto/Robomaster_WS/install/nav_2d_msgs/lib:/home/cricchetto/Robomaster_WS/install/nav2_voxel_grid/lib:/home/cricchetto/Robomaster_WS/install/nav2_msgs/lib:/home/cricchetto/Robomaster_WS/install/multirobot_map_merge/lib:/opt/ros/humble/opt/rviz_ogre_vendor/lib:/opt/ros/humble/lib/aarch64-linux-gnu:/opt/ros/humble/lib'), ('MOTD_SHOWN', 'pam'), ('HOME', '/home/cricchetto'), ('OLDPWD', '/home/cricchetto'), ('SSH_TTY', '/dev/pts/0'), ('ROS_PYTHON_VERSION', '3'), ('LC_MONETARY', 'es_AR.UTF-8'), ('DBUS_SESSION_BUS_ADDRESS', 'unix:path=/run/user/1000/bus'), ('COLCON_PREFIX_PATH', '/home/cricchetto/Robomaster_WS/install'), ('ROS_DISTRO', 'humble'), ('LOGNAME', 'cricchetto'), ('_', '/usr/bin/colcon'), ('ROS_VERSION', '2'), ('XDG_SESSION_CLASS', 'user'), ('TERM', 'xterm-256color'), ('XDG_SESSION_ID', '1'), ('ROS_LOCALHOST_ONLY', '0'), ('PATH', '/home/cricchetto/.local/bin:/opt/ros/humble/bin:/usr/local/sbin:/usr/local/bin:/usr/sbin:/usr/bin:/sbin:/bin:/usr/games:/usr/local/games:/snap/bin:/home/cricchettoSD/.local/bin'), ('LC_ADDRESS', 'es_AR.UTF-8'), ('XDG_RUNTIME_DIR', '/run/user/1000'), ('DISPLAY', 'localhost:10.0'), ('LANG', 'en_US.UTF-8'), ('LC_TELEPHONE', 'es_AR.UTF-8'), ('LS_COLORS', 'rs=0:di=01;34:ln=01;36:mh=00:pi=40;33:so=01;35:do=01;35:bd=40;33;01:cd=40;33;01:or=40;31;01:mi=00:su=37;41:sg=30;43:ca=30;41:tw=30;42:ow=34;42:st=37;44:ex=01;32:*.tar=01;31:*.tgz=01;31:*.arc=01;31:*.arj=01;31:*.taz=01;31:*.lha=01;31:*.lz4=01;31:*.lzh=01;31:*.lzma=01;31:*.tlz=01;31:*.txz=01;31:*.tzo=01;31:*.t7z=01;31:*.zip=01;31:*.z=01;31:*.dz=01;31:*.gz=01;31:*.lrz=01;31:*.lz=01;31:*.lzo=01;31:*.xz=01;31:*.zst=01;31:*.tzst=01;31:*.bz2=01;31:*.bz=01;31:*.tbz=01;31:*.tbz2=01;31:*.tz=01;31:*.deb=01;31:*.rpm=01;31:*.jar=01;31:*.war=01;31:*.ear=01;31:*.sar=01;31:*.rar=01;31:*.alz=01;31:*.ace=01;31:*.zoo=01;31:*.cpio=01;31:*.7z=01;31:*.rz=01;31:*.cab=01;31:*.wim=01;31:*.swm=01;31:*.dwm=01;31:*.esd=01;31:*.jpg=01;35:*.jpeg=01;35:*.mjpg=01;35:*.mjpeg=01;35:*.gif=01;35:*.bmp=01;35:*.pbm=01;35:*.pgm=01;35:*.ppm=01;35:*.tga=01;35:*.xbm=01;35:*.xpm=01;35:*.tif=01;35:*.tiff=01;35:*.png=01;35:*.svg=01;35:*.svgz=01;35:*.mng=01;35:*.pcx=01;35:*.mov=01;35:*.mpg=01;35:*.mpeg=01;35:*.m2v=01;35:*.mkv=01;35:*.webm=01;35:*.webp=01;35:*.ogm=01;35:*.mp4=01;35:*.m4v=01;35:*.mp4v=01;35:*.vob=01;35:*.qt=01;35:*.nuv=01;35:*.wmv=01;35:*.asf=01;35:*.rm=01;35:*.rmvb=01;35:*.flc=01;35:*.avi=01;35:*.fli=01;35:*.flv=01;35:*.gl=01;35:*.dl=01;35:*.xcf=01;35:*.xwd=01;35:*.yuv=01;35:*.cgm=01;35:*.emf=01;35:*.ogv=01;35:*.ogx=01;35:*.aac=00;36:*.au=00;36:*.flac=00;36:*.m4a=00;36:*.mid=00;36:*.midi=00;36:*.mka=00;36:*.mp3=00;36:*.mpc=00;36:*.ogg=00;36:*.ra=00;36:*.wav=00;36:*.oga=00;36:*.opus=00;36:*.spx=00;36:*.xspf=00;36:'), ('AMENT_PREFIX_PATH', '/home/cricchetto/Robomaster_WS/install/sllidar_ros2:/home/cricchetto/Robomaster_WS/install/robomaster_ros:/home/cricchetto/Robomaster_WS/install/robomaster_msgs:/home/cricchetto/Robomaster_WS/install/robomaster_description:/home/cricchetto/Robomaster_WS/install/dwb_msgs:/home/cricchetto/Robomaster_WS/install/nav_2d_msgs:/home/cricchetto/Robomaster_WS/install/nav2_voxel_grid:/home/cricchetto/Robomaster_WS/install/nav2_simple_commander:/home/cricchetto/Robomaster_WS/install/explore_lite:/home/cricchetto/Robomaster_WS/install/nav2_msgs:/home/cricchetto/Robomaster_WS/install/nav2_common:/home/cricchetto/Robomaster_WS/install/multirobot_map_merge:/home/cricchetto/Robomaster_WS/install/ep_control:/home/cricchetto/Robomaster_WS/install/drift:/opt/ros/humble'), ('SHELL', '/bin/bash'), ('LC_NAME', 'es_AR.UTF-8'), ('LESSCLOSE', '/usr/bin/lesspipe %s %s'), ('LC_MEASUREMENT', 'es_AR.UTF-8'), ('LC_IDENTIFICATION', 'es_AR.UTF-8'), ('PWD', '/home/cricchetto/Robomaster_WS/build/robomaster_msgs'), ('LC_ALL', 'en_US.UTF-8'), ('SSH_CONNECTION', '172.18.147.201 58490 172.18.147.143 22'), ('PYTHONPATH', '/home/cricchetto/Robomaster_WS/install/robomaster_ros/lib/python3.10/site-packages:/home/cricchetto/Robomaster_WS/install/robomaster_msgs/local/lib/python3.10/dist-packages:/home/cricchetto/Robomaster_WS/install/dwb_msgs/local/lib/python3.10/dist-packages:/home/cricchetto/Robomaster_WS/install/nav_2d_msgs/local/lib/python3.10/dist-packages:/home/cricchetto/Robomaster_WS/install/nav2_simple_commander/lib/python3.10/site-packages:/home/cricchetto/Robomaster_WS/install/nav2_msgs/local/lib/python3.10/dist-packages:/home/cricchetto/Robomaster_WS/install/nav2_common/local/lib/python3.10/dist-packages:/home/cricchetto/Robomaster_WS/install/ep_control/lib/python3.10/site-packages:/home/cricchetto/Robomaster_WS/install/drift/lib/python3.10/site-packages:/opt/ros/humble/lib/python3.10/site-packages:/opt/ros/humble/local/lib/python3.10/dist-packages'), ('LC_NUMERIC', 'es_AR.UTF-8'), ('LC_PAPER', 'es_AR.UTF-8'), ('COLCON', '1'), ('CMAKE_PREFIX_PATH', '/home/cricchetto/Robomaster_WS/install/sllidar_ros2:/home/cricchetto/Robomaster_WS/install/robomaster_msgs:/home/cricchetto/Robomaster_WS/install/robomaster_description:/home/cricchetto/Robomaster_WS/install/dwb_msgs:/home/cricchetto/Robomaster_WS/install/nav_2d_msgs:/home/cricchetto/Robomaster_WS/install/nav2_voxel_grid:/home/cricchetto/Robomaster_WS/install/explore_lite:/home/cricchetto/Robomaster_WS/install/nav2_msgs:/home/cricchetto/Robomaster_WS/install/nav2_common:/home/cricchetto/Robomaster_WS/install/multirobot_map_merge:/home/cricchetto/Robomaster_WS/install/robomaster_ros:/home/cricchetto/Robomaster_WS/install/nav2_simple_commander:/home/cricchetto/Robomaster_WS/install/ep_control:/home/cricchetto/Robomaster_WS/install/drift:/opt/ros/humble')]), 'shell': False}
[0.197924] (-) TimerEvent: {}
[0.298678] (-) TimerEvent: {}
[0.399517] (-) TimerEvent: {}
[0.501451] (-) TimerEvent: {}
[0.603308] (-) TimerEvent: {}
[0.704687] (-) TimerEvent: {}
[0.805624] (-) TimerEvent: {}
[0.906438] (-) TimerEvent: {}
[1.007727] (-) TimerEvent: {}
[1.109471] (-) TimerEvent: {}
[1.211233] (-) TimerEvent: {}
[1.323742] (-) TimerEvent: {}
[1.425742] (-) TimerEvent: {}
[1.526690] (-) TimerEvent: {}
[1.628399] (-) TimerEvent: {}
[1.730913] (-) TimerEvent: {}
[1.832501] (-) TimerEvent: {}
[1.933728] (-) TimerEvent: {}
[2.034520] (-) TimerEvent: {}
[2.135228] (-) TimerEvent: {}
[2.235913] (-) TimerEvent: {}
[2.336635] (-) TimerEvent: {}
[2.437555] (-) TimerEvent: {}
[2.538250] (-) TimerEvent: {}
[2.638904] (-) TimerEvent: {}
[2.739579] (-) TimerEvent: {}
[2.840208] (-) TimerEvent: {}
[2.941114] (-) TimerEvent: {}
[3.006816] (robomaster_msgs) StdoutLine: {'line': b'[  0%] Built target robomaster_msgs__cpp\n'}
[3.008014] (robomaster_msgs) StdoutLine: {'line': b'[ 12%] Built target robomaster_msgs__rosidl_generator_c\n'}
[3.010412] (robomaster_msgs) StdoutLine: {'line': b'[ 12%] Built target ament_cmake_python_copy_robomaster_msgs\n'}
[3.012303] (robomaster_msgs) StdoutLine: {'line': b'[ 35%] Built target robomaster_msgs__rosidl_typesupport_fastrtps_cpp\n'}
[3.013305] (robomaster_msgs) StdoutLine: {'line': b'[ 36%] Built target robomaster_msgs__rosidl_typesupport_cpp\n'}
[3.014158] (robomaster_msgs) StdoutLine: {'line': b'[ 49%] Built target robomaster_msgs__rosidl_typesupport_introspection_cpp\n'}
[3.014688] (robomaster_msgs) StdoutLine: {'line': b'[ 62%] Built target robomaster_msgs__rosidl_typesupport_introspection_c\n'}
[3.015331] (robomaster_msgs) StdoutLine: {'line': b'[ 75%] Built target robomaster_msgs__rosidl_typesupport_fastrtps_c\n'}
[3.016186] (robomaster_msgs) StdoutLine: {'line': b'[ 88%] Built target robomaster_msgs__rosidl_typesupport_c\n'}
[3.016620] (robomaster_msgs) StdoutLine: {'line': b'[ 88%] Built target robomaster_msgs\n'}
[3.017131] (robomaster_msgs) StdoutLine: {'line': b'[ 88%] Built target robomaster_msgs__py\n'}
[3.018468] (robomaster_msgs) StdoutLine: {'line': b'[100%] Built target robomaster_msgs__rosidl_generator_py\n'}
[3.018983] (robomaster_msgs) StdoutLine: {'line': b'[100%] Built target robomaster_msgs__rosidl_typesupport_fastrtps_c__pyext\n'}
[3.019908] (robomaster_msgs) StdoutLine: {'line': b'[100%] Built target robomaster_msgs__rosidl_typesupport_introspection_c__pyext\n'}
[3.020409] (robomaster_msgs) StdoutLine: {'line': b'[100%] Built target robomaster_msgs__rosidl_typesupport_c__pyext\n'}
[3.020924] (robomaster_msgs) StdoutLine: {'line': b'running egg_info\n'}
[3.021492] (robomaster_msgs) StdoutLine: {'line': b'writing robomaster_msgs.egg-info/PKG-INFO\n'}
[3.021945] (robomaster_msgs) StdoutLine: {'line': b'writing dependency_links to robomaster_msgs.egg-info/dependency_links.txt\n'}
[3.023210] (robomaster_msgs) StdoutLine: {'line': b'writing top-level names to robomaster_msgs.egg-info/top_level.txt\n'}
[3.023804] (robomaster_msgs) StdoutLine: {'line': b"reading manifest file 'robomaster_msgs.egg-info/SOURCES.txt'\n"}
[3.032137] (robomaster_msgs) StdoutLine: {'line': b"writing manifest file 'robomaster_msgs.egg-info/SOURCES.txt'\n"}
[3.032605] (robomaster_msgs) StdoutLine: {'line': b'[100%] Built target ament_cmake_python_build_robomaster_msgs_egg\n'}
[3.032987] (explore_lite) JobProgress: {'identifier': 'explore_lite', 'progress': 'cmake'}
[3.033101] (explore_lite) JobProgress: {'identifier': 'explore_lite', 'progress': 'build'}
[3.033204] (explore_lite) Command: {'cmd': ['/usr/bin/cmake', '--build', '/home/cricchetto/Robomaster_WS/build/explore_lite', '--', '-j4', '-l4'], 'cwd': '/home/cricchetto/Robomaster_WS/build/explore_lite', 'env': OrderedDict([('LESSOPEN', '| /usr/bin/lesspipe %s'), ('USER', 'cricchetto'), ('SSH_CLIENT', '172.18.147.201 58490 22'), ('LC_TIME', 'es_AR.UTF-8'), ('XDG_SESSION_TYPE', 'tty'), ('SHLVL', '2'), ('LD_LIBRARY_PATH', '/home/cricchetto/Robomaster_WS/install/robomaster_msgs/lib:/home/cricchetto/Robomaster_WS/install/dwb_msgs/lib:/home/cricchetto/Robomaster_WS/install/nav_2d_msgs/lib:/home/cricchetto/Robomaster_WS/install/nav2_voxel_grid/lib:/home/cricchetto/Robomaster_WS/install/nav2_msgs/lib:/home/cricchetto/Robomaster_WS/install/multirobot_map_merge/lib:/opt/ros/humble/opt/rviz_ogre_vendor/lib:/opt/ros/humble/lib/aarch64-linux-gnu:/opt/ros/humble/lib'), ('MOTD_SHOWN', 'pam'), ('HOME', '/home/cricchetto'), ('OLDPWD', '/home/cricchetto'), ('SSH_TTY', '/dev/pts/0'), ('ROS_PYTHON_VERSION', '3'), ('LC_MONETARY', 'es_AR.UTF-8'), ('DBUS_SESSION_BUS_ADDRESS', 'unix:path=/run/user/1000/bus'), ('COLCON_PREFIX_PATH', '/home/cricchetto/Robomaster_WS/install'), ('ROS_DISTRO', 'humble'), ('LOGNAME', 'cricchetto'), ('_', '/usr/bin/colcon'), ('ROS_VERSION', '2'), ('XDG_SESSION_CLASS', 'user'), ('TERM', 'xterm-256color'), ('XDG_SESSION_ID', '1'), ('ROS_LOCALHOST_ONLY', '0'), ('PATH', '/home/cricchetto/.local/bin:/opt/ros/humble/bin:/usr/local/sbin:/usr/local/bin:/usr/sbin:/usr/bin:/sbin:/bin:/usr/games:/usr/local/games:/snap/bin:/home/cricchettoSD/.local/bin'), ('LC_ADDRESS', 'es_AR.UTF-8'), ('XDG_RUNTIME_DIR', '/run/user/1000'), ('DISPLAY', 'localhost:10.0'), ('LANG', 'en_US.UTF-8'), ('LC_TELEPHONE', 'es_AR.UTF-8'), ('LS_COLORS', 'rs=0:di=01;34:ln=01;36:mh=00:pi=40;33:so=01;35:do=01;35:bd=40;33;01:cd=40;33;01:or=40;31;01:mi=00:su=37;41:sg=30;43:ca=30;41:tw=30;42:ow=34;42:st=37;44:ex=01;32:*.tar=01;31:*.tgz=01;31:*.arc=01;31:*.arj=01;31:*.taz=01;31:*.lha=01;31:*.lz4=01;31:*.lzh=01;31:*.lzma=01;31:*.tlz=01;31:*.txz=01;31:*.tzo=01;31:*.t7z=01;31:*.zip=01;31:*.z=01;31:*.dz=01;31:*.gz=01;31:*.lrz=01;31:*.lz=01;31:*.lzo=01;31:*.xz=01;31:*.zst=01;31:*.tzst=01;31:*.bz2=01;31:*.bz=01;31:*.tbz=01;31:*.tbz2=01;31:*.tz=01;31:*.deb=01;31:*.rpm=01;31:*.jar=01;31:*.war=01;31:*.ear=01;31:*.sar=01;31:*.rar=01;31:*.alz=01;31:*.ace=01;31:*.zoo=01;31:*.cpio=01;31:*.7z=01;31:*.rz=01;31:*.cab=01;31:*.wim=01;31:*.swm=01;31:*.dwm=01;31:*.esd=01;31:*.jpg=01;35:*.jpeg=01;35:*.mjpg=01;35:*.mjpeg=01;35:*.gif=01;35:*.bmp=01;35:*.pbm=01;35:*.pgm=01;35:*.ppm=01;35:*.tga=01;35:*.xbm=01;35:*.xpm=01;35:*.tif=01;35:*.tiff=01;35:*.png=01;35:*.svg=01;35:*.svgz=01;35:*.mng=01;35:*.pcx=01;35:*.mov=01;35:*.mpg=01;35:*.mpeg=01;35:*.m2v=01;35:*.mkv=01;35:*.webm=01;35:*.webp=01;35:*.ogm=01;35:*.mp4=01;35:*.m4v=01;35:*.mp4v=01;35:*.vob=01;35:*.qt=01;35:*.nuv=01;35:*.wmv=01;35:*.asf=01;35:*.rm=01;35:*.rmvb=01;35:*.flc=01;35:*.avi=01;35:*.fli=01;35:*.flv=01;35:*.gl=01;35:*.dl=01;35:*.xcf=01;35:*.xwd=01;35:*.yuv=01;35:*.cgm=01;35:*.emf=01;35:*.ogv=01;35:*.ogx=01;35:*.aac=00;36:*.au=00;36:*.flac=00;36:*.m4a=00;36:*.mid=00;36:*.midi=00;36:*.mka=00;36:*.mp3=00;36:*.mpc=00;36:*.ogg=00;36:*.ra=00;36:*.wav=00;36:*.oga=00;36:*.opus=00;36:*.spx=00;36:*.xspf=00;36:'), ('AMENT_PREFIX_PATH', '/home/cricchetto/Robomaster_WS/install/sllidar_ros2:/home/cricchetto/Robomaster_WS/install/robomaster_ros:/home/cricchetto/Robomaster_WS/install/robomaster_msgs:/home/cricchetto/Robomaster_WS/install/robomaster_description:/home/cricchetto/Robomaster_WS/install/dwb_msgs:/home/cricchetto/Robomaster_WS/install/nav_2d_msgs:/home/cricchetto/Robomaster_WS/install/nav2_voxel_grid:/home/cricchetto/Robomaster_WS/install/nav2_simple_commander:/home/cricchetto/Robomaster_WS/install/explore_lite:/home/cricchetto/Robomaster_WS/install/nav2_msgs:/home/cricchetto/Robomaster_WS/install/nav2_common:/home/cricchetto/Robomaster_WS/install/multirobot_map_merge:/home/cricchetto/Robomaster_WS/install/ep_control:/home/cricchetto/Robomaster_WS/install/drift:/opt/ros/humble'), ('SHELL', '/bin/bash'), ('LC_NAME', 'es_AR.UTF-8'), ('LESSCLOSE', '/usr/bin/lesspipe %s %s'), ('LC_MEASUREMENT', 'es_AR.UTF-8'), ('LC_IDENTIFICATION', 'es_AR.UTF-8'), ('PWD', '/home/cricchetto/Robomaster_WS/build/explore_lite'), ('LC_ALL', 'en_US.UTF-8'), ('SSH_CONNECTION', '172.18.147.201 58490 172.18.147.143 22'), ('PYTHONPATH', '/home/cricchetto/Robomaster_WS/install/robomaster_ros/lib/python3.10/site-packages:/home/cricchetto/Robomaster_WS/install/robomaster_msgs/local/lib/python3.10/dist-packages:/home/cricchetto/Robomaster_WS/install/dwb_msgs/local/lib/python3.10/dist-packages:/home/cricchetto/Robomaster_WS/install/nav_2d_msgs/local/lib/python3.10/dist-packages:/home/cricchetto/Robomaster_WS/install/nav2_simple_commander/lib/python3.10/site-packages:/home/cricchetto/Robomaster_WS/install/nav2_msgs/local/lib/python3.10/dist-packages:/home/cricchetto/Robomaster_WS/install/nav2_common/local/lib/python3.10/dist-packages:/home/cricchetto/Robomaster_WS/install/ep_control/lib/python3.10/site-packages:/home/cricchetto/Robomaster_WS/install/drift/lib/python3.10/site-packages:/opt/ros/humble/lib/python3.10/site-packages:/opt/ros/humble/local/lib/python3.10/dist-packages'), ('LC_NUMERIC', 'es_AR.UTF-8'), ('LC_PAPER', 'es_AR.UTF-8'), ('COLCON', '1'), ('CMAKE_PREFIX_PATH', '/home/cricchetto/Robomaster_WS/install/sllidar_ros2:/home/cricchetto/Robomaster_WS/install/robomaster_msgs:/home/cricchetto/Robomaster_WS/install/robomaster_description:/home/cricchetto/Robomaster_WS/install/dwb_msgs:/home/cricchetto/Robomaster_WS/install/nav_2d_msgs:/home/cricchetto/Robomaster_WS/install/nav2_voxel_grid:/home/cricchetto/Robomaster_WS/install/explore_lite:/home/cricchetto/Robomaster_WS/install/nav2_msgs:/home/cricchetto/Robomaster_WS/install/nav2_common:/home/cricchetto/Robomaster_WS/install/multirobot_map_merge:/home/cricchetto/Robomaster_WS/install/robomaster_ros:/home/cricchetto/Robomaster_WS/install/nav2_simple_commander:/home/cricchetto/Robomaster_WS/install/ep_control:/home/cricchetto/Robomaster_WS/install/drift:/opt/ros/humble')]), 'shell': False}
[3.040317] (robomaster_msgs) CommandEnded: {'returncode': 0}
[3.041518] (-) TimerEvent: {}
[3.042049] (robomaster_msgs) JobProgress: {'identifier': 'robomaster_msgs', 'progress': 'install'}
[3.076439] (robomaster_msgs) Command: {'cmd': ['/usr/bin/cmake', '--install', '/home/cricchetto/Robomaster_WS/build/robomaster_msgs'], 'cwd': '/home/cricchetto/Robomaster_WS/build/robomaster_msgs', 'env': OrderedDict([('LESSOPEN', '| /usr/bin/lesspipe %s'), ('USER', 'cricchetto'), ('SSH_CLIENT', '172.18.147.201 58490 22'), ('LC_TIME', 'es_AR.UTF-8'), ('XDG_SESSION_TYPE', 'tty'), ('SHLVL', '2'), ('LD_LIBRARY_PATH', '/home/cricchetto/Robomaster_WS/install/robomaster_msgs/lib:/home/cricchetto/Robomaster_WS/install/dwb_msgs/lib:/home/cricchetto/Robomaster_WS/install/nav_2d_msgs/lib:/home/cricchetto/Robomaster_WS/install/nav2_voxel_grid/lib:/home/cricchetto/Robomaster_WS/install/nav2_msgs/lib:/home/cricchetto/Robomaster_WS/install/multirobot_map_merge/lib:/opt/ros/humble/opt/rviz_ogre_vendor/lib:/opt/ros/humble/lib/aarch64-linux-gnu:/opt/ros/humble/lib'), ('MOTD_SHOWN', 'pam'), ('HOME', '/home/cricchetto'), ('OLDPWD', '/home/cricchetto'), ('SSH_TTY', '/dev/pts/0'), ('ROS_PYTHON_VERSION', '3'), ('LC_MONETARY', 'es_AR.UTF-8'), ('DBUS_SESSION_BUS_ADDRESS', 'unix:path=/run/user/1000/bus'), ('COLCON_PREFIX_PATH', '/home/cricchetto/Robomaster_WS/install'), ('ROS_DISTRO', 'humble'), ('LOGNAME', 'cricchetto'), ('_', '/usr/bin/colcon'), ('ROS_VERSION', '2'), ('XDG_SESSION_CLASS', 'user'), ('TERM', 'xterm-256color'), ('XDG_SESSION_ID', '1'), ('ROS_LOCALHOST_ONLY', '0'), ('PATH', '/home/cricchetto/.local/bin:/opt/ros/humble/bin:/usr/local/sbin:/usr/local/bin:/usr/sbin:/usr/bin:/sbin:/bin:/usr/games:/usr/local/games:/snap/bin:/home/cricchettoSD/.local/bin'), ('LC_ADDRESS', 'es_AR.UTF-8'), ('XDG_RUNTIME_DIR', '/run/user/1000'), ('DISPLAY', 'localhost:10.0'), ('LANG', 'en_US.UTF-8'), ('LC_TELEPHONE', 'es_AR.UTF-8'), ('LS_COLORS', 'rs=0:di=01;34:ln=01;36:mh=00:pi=40;33:so=01;35:do=01;35:bd=40;33;01:cd=40;33;01:or=40;31;01:mi=00:su=37;41:sg=30;43:ca=30;41:tw=30;42:ow=34;42:st=37;44:ex=01;32:*.tar=01;31:*.tgz=01;31:*.arc=01;31:*.arj=01;31:*.taz=01;31:*.lha=01;31:*.lz4=01;31:*.lzh=01;31:*.lzma=01;31:*.tlz=01;31:*.txz=01;31:*.tzo=01;31:*.t7z=01;31:*.zip=01;31:*.z=01;31:*.dz=01;31:*.gz=01;31:*.lrz=01;31:*.lz=01;31:*.lzo=01;31:*.xz=01;31:*.zst=01;31:*.tzst=01;31:*.bz2=01;31:*.bz=01;31:*.tbz=01;31:*.tbz2=01;31:*.tz=01;31:*.deb=01;31:*.rpm=01;31:*.jar=01;31:*.war=01;31:*.ear=01;31:*.sar=01;31:*.rar=01;31:*.alz=01;31:*.ace=01;31:*.zoo=01;31:*.cpio=01;31:*.7z=01;31:*.rz=01;31:*.cab=01;31:*.wim=01;31:*.swm=01;31:*.dwm=01;31:*.esd=01;31:*.jpg=01;35:*.jpeg=01;35:*.mjpg=01;35:*.mjpeg=01;35:*.gif=01;35:*.bmp=01;35:*.pbm=01;35:*.pgm=01;35:*.ppm=01;35:*.tga=01;35:*.xbm=01;35:*.xpm=01;35:*.tif=01;35:*.tiff=01;35:*.png=01;35:*.svg=01;35:*.svgz=01;35:*.mng=01;35:*.pcx=01;35:*.mov=01;35:*.mpg=01;35:*.mpeg=01;35:*.m2v=01;35:*.mkv=01;35:*.webm=01;35:*.webp=01;35:*.ogm=01;35:*.mp4=01;35:*.m4v=01;35:*.mp4v=01;35:*.vob=01;35:*.qt=01;35:*.nuv=01;35:*.wmv=01;35:*.asf=01;35:*.rm=01;35:*.rmvb=01;35:*.flc=01;35:*.avi=01;35:*.fli=01;35:*.flv=01;35:*.gl=01;35:*.dl=01;35:*.xcf=01;35:*.xwd=01;35:*.yuv=01;35:*.cgm=01;35:*.emf=01;35:*.ogv=01;35:*.ogx=01;35:*.aac=00;36:*.au=00;36:*.flac=00;36:*.m4a=00;36:*.mid=00;36:*.midi=00;36:*.mka=00;36:*.mp3=00;36:*.mpc=00;36:*.ogg=00;36:*.ra=00;36:*.wav=00;36:*.oga=00;36:*.opus=00;36:*.spx=00;36:*.xspf=00;36:'), ('AMENT_PREFIX_PATH', '/home/cricchetto/Robomaster_WS/install/sllidar_ros2:/home/cricchetto/Robomaster_WS/install/robomaster_ros:/home/cricchetto/Robomaster_WS/install/robomaster_msgs:/home/cricchetto/Robomaster_WS/install/robomaster_description:/home/cricchetto/Robomaster_WS/install/dwb_msgs:/home/cricchetto/Robomaster_WS/install/nav_2d_msgs:/home/cricchetto/Robomaster_WS/install/nav2_voxel_grid:/home/cricchetto/Robomaster_WS/install/nav2_simple_commander:/home/cricchetto/Robomaster_WS/install/explore_lite:/home/cricchetto/Robomaster_WS/install/nav2_msgs:/home/cricchetto/Robomaster_WS/install/nav2_common:/home/cricchetto/Robomaster_WS/install/multirobot_map_merge:/home/cricchetto/Robomaster_WS/install/ep_control:/home/cricchetto/Robomaster_WS/install/drift:/opt/ros/humble'), ('SHELL', '/bin/bash'), ('LC_NAME', 'es_AR.UTF-8'), ('LESSCLOSE', '/usr/bin/lesspipe %s %s'), ('LC_MEASUREMENT', 'es_AR.UTF-8'), ('LC_IDENTIFICATION', 'es_AR.UTF-8'), ('PWD', '/home/cricchetto/Robomaster_WS/build/robomaster_msgs'), ('LC_ALL', 'en_US.UTF-8'), ('SSH_CONNECTION', '172.18.147.201 58490 172.18.147.143 22'), ('PYTHONPATH', '/home/cricchetto/Robomaster_WS/install/robomaster_ros/lib/python3.10/site-packages:/home/cricchetto/Robomaster_WS/install/robomaster_msgs/local/lib/python3.10/dist-packages:/home/cricchetto/Robomaster_WS/install/dwb_msgs/local/lib/python3.10/dist-packages:/home/cricchetto/Robomaster_WS/install/nav_2d_msgs/local/lib/python3.10/dist-packages:/home/cricchetto/Robomaster_WS/install/nav2_simple_commander/lib/python3.10/site-packages:/home/cricchetto/Robomaster_WS/install/nav2_msgs/local/lib/python3.10/dist-packages:/home/cricchetto/Robomaster_WS/install/nav2_common/local/lib/python3.10/dist-packages:/home/cricchetto/Robomaster_WS/install/ep_control/lib/python3.10/site-packages:/home/cricchetto/Robomaster_WS/install/drift/lib/python3.10/site-packages:/opt/ros/humble/lib/python3.10/site-packages:/opt/ros/humble/local/lib/python3.10/dist-packages'), ('LC_NUMERIC', 'es_AR.UTF-8'), ('LC_PAPER', 'es_AR.UTF-8'), ('COLCON', '1'), ('CMAKE_PREFIX_PATH', '/home/cricchetto/Robomaster_WS/install/sllidar_ros2:/home/cricchetto/Robomaster_WS/install/robomaster_msgs:/home/cricchetto/Robomaster_WS/install/robomaster_description:/home/cricchetto/Robomaster_WS/install/dwb_msgs:/home/cricchetto/Robomaster_WS/install/nav_2d_msgs:/home/cricchetto/Robomaster_WS/install/nav2_voxel_grid:/home/cricchetto/Robomaster_WS/install/explore_lite:/home/cricchetto/Robomaster_WS/install/nav2_msgs:/home/cricchetto/Robomaster_WS/install/nav2_common:/home/cricchetto/Robomaster_WS/install/multirobot_map_merge:/home/cricchetto/Robomaster_WS/install/robomaster_ros:/home/cricchetto/Robomaster_WS/install/nav2_simple_commander:/home/cricchetto/Robomaster_WS/install/ep_control:/home/cricchetto/Robomaster_WS/install/drift:/opt/ros/humble')]), 'shell': False}
[3.123731] (robomaster_msgs) StdoutLine: {'line': b'-- Install configuration: ""\n'}
[3.125392] (robomaster_msgs) StdoutLine: {'line': b'-- Up-to-date: /home/cricchetto/Robomaster_WS/install/robomaster_msgs/share/ament_index/resource_index/rosidl_interfaces/robomaster_msgs\n'}
[3.127042] (robomaster_msgs) StdoutLine: {'line': b'-- Up-to-date: /home/cricchetto/Robomaster_WS/install/robomaster_msgs/include/robomaster_msgs/robomaster_msgs\n'}
[3.131446] (robomaster_msgs) StdoutLine: {'line': b'-- Up-to-date: /home/cricchetto/Robomaster_WS/install/robomaster_msgs/include/robomaster_msgs/robomaster_msgs/action\n'}
[3.132846] (robomaster_msgs) StdoutLine: {'line': b'-- Up-to-date: /home/cricchetto/Robomaster_WS/install/robomaster_msgs/include/robomaster_msgs/robomaster_msgs/action/gripper_control.h\n'}
[3.134249] (robomaster_msgs) StdoutLine: {'line': b'-- Up-to-date: /home/cricchetto/Robomaster_WS/install/robomaster_msgs/include/robomaster_msgs/robomaster_msgs/action/move.h\n'}
[3.135473] (robomaster_msgs) StdoutLine: {'line': b'-- Up-to-date: /home/cricchetto/Robomaster_WS/install/robomaster_msgs/include/robomaster_msgs/robomaster_msgs/action/move_servo.h\n'}
[3.136671] (robomaster_msgs) StdoutLine: {'line': b'-- Up-to-date: /home/cricchetto/Robomaster_WS/install/robomaster_msgs/include/robomaster_msgs/robomaster_msgs/action/move_arm.h\n'}
[3.137773] (robomaster_msgs) StdoutLine: {'line': b'-- Up-to-date: /home/cricchetto/Robomaster_WS/install/robomaster_msgs/include/robomaster_msgs/robomaster_msgs/action/play_sound.h\n'}
[3.139023] (robomaster_msgs) StdoutLine: {'line': b'-- Up-to-date: /home/cricchetto/Robomaster_WS/install/robomaster_msgs/include/robomaster_msgs/robomaster_msgs/action/move_gimbal.h\n'}
[3.140132] (robomaster_msgs) StdoutLine: {'line': b'-- Up-to-date: /home/cricchetto/Robomaster_WS/install/robomaster_msgs/include/robomaster_msgs/robomaster_msgs/action/detail\n'}
[3.141729] (-) TimerEvent: {}
[3.142593] (robomaster_msgs) StdoutLine: {'line': b'-- Up-to-date: /home/cricchetto/Robomaster_WS/install/robomaster_msgs/include/robomaster_msgs/robomaster_msgs/action/detail/move__struct.h\n'}
[3.144041] (robomaster_msgs) StdoutLine: {'line': b'-- Up-to-date: /home/cricchetto/Robomaster_WS/install/robomaster_msgs/include/robomaster_msgs/robomaster_msgs/action/detail/move_gimbal__type_support.h\n'}
[3.145447] (robomaster_msgs) StdoutLine: {'line': b'-- Up-to-date: /home/cricchetto/Robomaster_WS/install/robomaster_msgs/include/robomaster_msgs/robomaster_msgs/action/detail/recenter_gimbal__struct.h\n'}
[3.146821] (robomaster_msgs) StdoutLine: {'line': b'-- Up-to-date: /home/cricchetto/Robomaster_WS/install/robomaster_msgs/include/robomaster_msgs/robomaster_msgs/action/detail/move_arm__struct.h\n'}
[3.148192] (robomaster_msgs) StdoutLine: {'line': b'-- Up-to-date: /home/cricchetto/Robomaster_WS/install/robomaster_msgs/include/robomaster_msgs/robomaster_msgs/action/detail/play_sound__type_support.h\n'}
[3.149571] (robomaster_msgs) StdoutLine: {'line': b'-- Up-to-date: /home/cricchetto/Robomaster_WS/install/robomaster_msgs/include/robomaster_msgs/robomaster_msgs/action/detail/move_gimbal__struct.h\n'}
[3.150885] (robomaster_msgs) StdoutLine: {'line': b'-- Up-to-date: /home/cricchetto/Robomaster_WS/install/robomaster_msgs/include/robomaster_msgs/robomaster_msgs/action/detail/move_servo__functions.h\n'}
[3.152262] (robomaster_msgs) StdoutLine: {'line': b'-- Up-to-date: /home/cricchetto/Robomaster_WS/install/robomaster_msgs/include/robomaster_msgs/robomaster_msgs/action/detail/recenter_gimbal__functions.c\n'}
[3.153586] (robomaster_msgs) StdoutLine: {'line': b'-- Up-to-date: /home/cricchetto/Robomaster_WS/install/robomaster_msgs/include/robomaster_msgs/robomaster_msgs/action/detail/move_arm__functions.h\n'}
[3.155019] (robomaster_msgs) StdoutLine: {'line': b'-- Up-to-date: /home/cricchetto/Robomaster_WS/install/robomaster_msgs/include/robomaster_msgs/robomaster_msgs/action/detail/move_servo__functions.c\n'}
[3.156958] (robomaster_msgs) StdoutLine: {'line': b'-- Up-to-date: /home/cricchetto/Robomaster_WS/install/robomaster_msgs/include/robomaster_msgs/robomaster_msgs/action/detail/move_arm__functions.c\n'}
[3.158882] (robomaster_msgs) StdoutLine: {'line': b'-- Up-to-date: /home/cricchetto/Robomaster_WS/install/robomaster_msgs/include/robomaster_msgs/robomaster_msgs/action/detail/move_servo__type_support.h\n'}
[3.160736] (robomaster_msgs) StdoutLine: {'line': b'-- Up-to-date: /home/cricchetto/Robomaster_WS/install/robomaster_msgs/include/robomaster_msgs/robomaster_msgs/action/detail/move__functions.c\n'}
[3.162606] (robomaster_msgs) StdoutLine: {'line': b'-- Up-to-date: /home/cricchetto/Robomaster_WS/install/robomaster_msgs/include/robomaster_msgs/robomaster_msgs/action/detail/gripper_control__struct.h\n'}
[3.163952] (robomaster_msgs) StdoutLine: {'line': b'-- Up-to-date: /home/cricchetto/Robomaster_WS/install/robomaster_msgs/include/robomaster_msgs/robomaster_msgs/action/detail/recenter_gimbal__type_support.h\n'}
[3.165500] (robomaster_msgs) StdoutLine: {'line': b'-- Up-to-date: /home/cricchetto/Robomaster_WS/install/robomaster_msgs/include/robomaster_msgs/robomaster_msgs/action/detail/play_sound__functions.h\n'}
[3.166952] (robomaster_msgs) StdoutLine: {'line': b'-- Up-to-date: /home/cricchetto/Robomaster_WS/install/robomaster_msgs/include/robomaster_msgs/robomaster_msgs/action/detail/gripper_control__functions.h\n'}
[3.169591] (robomaster_msgs) StdoutLine: {'line': b'-- Up-to-date: /home/cricchetto/Robomaster_WS/install/robomaster_msgs/include/robomaster_msgs/robomaster_msgs/action/detail/gripper_control__functions.c\n'}
[3.172080] (robomaster_msgs) StdoutLine: {'line': b'-- Up-to-date: /home/cricchetto/Robomaster_WS/install/robomaster_msgs/include/robomaster_msgs/robomaster_msgs/action/detail/move__type_support.h\n'}
[3.172696] (robomaster_msgs) StdoutLine: {'line': b'-- Up-to-date: /home/cricchetto/Robomaster_WS/install/robomaster_msgs/include/robomaster_msgs/robomaster_msgs/action/detail/move_arm__type_support.h\n'}
[3.175285] (robomaster_msgs) StdoutLine: {'line': b'-- Up-to-date: /home/cricchetto/Robomaster_WS/install/robomaster_msgs/include/robomaster_msgs/robomaster_msgs/action/detail/recenter_gimbal__functions.h\n'}
[3.176040] (robomaster_msgs) StdoutLine: {'line': b'-- Up-to-date: /home/cricchetto/Robomaster_WS/install/robomaster_msgs/include/robomaster_msgs/robomaster_msgs/action/detail/play_sound__struct.h\n'}
[3.176586] (robomaster_msgs) StdoutLine: {'line': b'-- Up-to-date: /home/cricchetto/Robomaster_WS/install/robomaster_msgs/include/robomaster_msgs/robomaster_msgs/action/detail/move_gimbal__functions.c\n'}
[3.179911] (robomaster_msgs) StdoutLine: {'line': b'-- Up-to-date: /home/cricchetto/Robomaster_WS/install/robomaster_msgs/include/robomaster_msgs/robomaster_msgs/action/detail/gripper_control__type_support.h\n'}
[3.180621] (robomaster_msgs) StdoutLine: {'line': b'-- Up-to-date: /home/cricchetto/Robomaster_WS/install/robomaster_msgs/include/robomaster_msgs/robomaster_msgs/action/detail/move_gimbal__functions.h\n'}
[3.181321] (robomaster_msgs) StdoutLine: {'line': b'-- Up-to-date: /home/cricchetto/Robomaster_WS/install/robomaster_msgs/include/robomaster_msgs/robomaster_msgs/action/detail/play_sound__functions.c\n'}
[3.181956] (robomaster_msgs) StdoutLine: {'line': b'-- Up-to-date: /home/cricchetto/Robomaster_WS/install/robomaster_msgs/include/robomaster_msgs/robomaster_msgs/action/detail/move__functions.h\n'}
[3.186765] (robomaster_msgs) StdoutLine: {'line': b'-- Up-to-date: /home/cricchetto/Robomaster_WS/install/robomaster_msgs/include/robomaster_msgs/robomaster_msgs/action/detail/move_servo__struct.h\n'}
[3.187743] (robomaster_msgs) StdoutLine: {'line': b'-- Up-to-date: /home/cricchetto/Robomaster_WS/install/robomaster_msgs/include/robomaster_msgs/robomaster_msgs/action/recenter_gimbal.h\n'}
[3.188330] (robomaster_msgs) StdoutLine: {'line': b'-- Up-to-date: /home/cricchetto/Robomaster_WS/install/robomaster_msgs/include/robomaster_msgs/robomaster_msgs/msg\n'}
[3.192367] (robomaster_msgs) StdoutLine: {'line': b'-- Up-to-date: /home/cricchetto/Robomaster_WS/install/robomaster_msgs/include/robomaster_msgs/robomaster_msgs/msg/led_effect.h\n'}
[3.193178] (robomaster_msgs) StdoutLine: {'line': b'-- Up-to-date: /home/cricchetto/Robomaster_WS/install/robomaster_msgs/include/robomaster_msgs/robomaster_msgs/msg/detected_marker.h\n'}
[3.193959] (robomaster_msgs) StdoutLine: {'line': b'-- Up-to-date: /home/cricchetto/Robomaster_WS/install/robomaster_msgs/include/robomaster_msgs/robomaster_msgs/msg/detected_person.h\n'}
[3.194537] (robomaster_msgs) StdoutLine: {'line': b'-- Up-to-date: /home/cricchetto/Robomaster_WS/install/robomaster_msgs/include/robomaster_msgs/robomaster_msgs/msg/detected_robot.h\n'}
[3.195049] (robomaster_msgs) StdoutLine: {'line': b'-- Up-to-date: /home/cricchetto/Robomaster_WS/install/robomaster_msgs/include/robomaster_msgs/robomaster_msgs/msg/audio_level.h\n'}
[3.195746] (robomaster_msgs) StdoutLine: {'line': b'-- Up-to-date: /home/cricchetto/Robomaster_WS/install/robomaster_msgs/include/robomaster_msgs/robomaster_msgs/msg/detection.h\n'}
[3.203340] (robomaster_msgs) StdoutLine: {'line': b'-- Up-to-date: /home/cricchetto/Robomaster_WS/install/robomaster_msgs/include/robomaster_msgs/robomaster_msgs/msg/sensor_adapter.h\n'}
[3.204024] (robomaster_msgs) StdoutLine: {'line': b'-- Up-to-date: /home/cricchetto/Robomaster_WS/install/robomaster_msgs/include/robomaster_msgs/robomaster_msgs/msg/detected_gesture.h\n'}
[3.204457] (robomaster_msgs) StdoutLine: {'line': b'-- Up-to-date: /home/cricchetto/Robomaster_WS/install/robomaster_msgs/include/robomaster_msgs/robomaster_msgs/msg/pwm.h\n'}
[3.204885] (robomaster_msgs) StdoutLine: {'line': b'-- Up-to-date: /home/cricchetto/Robomaster_WS/install/robomaster_msgs/include/robomaster_msgs/robomaster_msgs/msg/servo_command.h\n'}
[3.205478] (robomaster_msgs) StdoutLine: {'line': b'-- Up-to-date: /home/cricchetto/Robomaster_WS/install/robomaster_msgs/include/robomaster_msgs/robomaster_msgs/msg/armor_hit.h\n'}
[3.205870] (robomaster_msgs) StdoutLine: {'line': b'-- Up-to-date: /home/cricchetto/Robomaster_WS/install/robomaster_msgs/include/robomaster_msgs/robomaster_msgs/msg/wheel_speeds.h\n'}
[3.206216] (robomaster_msgs) StdoutLine: {'line': b'-- Up-to-date: /home/cricchetto/Robomaster_WS/install/robomaster_msgs/include/robomaster_msgs/robomaster_msgs/msg/mode.h\n'}
[3.206636] (robomaster_msgs) StdoutLine: {'line': b'-- Up-to-date: /home/cricchetto/Robomaster_WS/install/robomaster_msgs/include/robomaster_msgs/robomaster_msgs/msg/serial.h\n'}
[3.207286] (robomaster_msgs) StdoutLine: {'line': b'-- Up-to-date: /home/cricchetto/Robomaster_WS/install/robomaster_msgs/include/robomaster_msgs/robomaster_msgs/msg/audio_data.h\n'}
[3.207847] (robomaster_msgs) StdoutLine: {'line': b'-- Up-to-date: /home/cricchetto/Robomaster_WS/install/robomaster_msgs/include/robomaster_msgs/robomaster_msgs/msg/detected_line.h\n'}
[3.217639] (robomaster_msgs) StdoutLine: {'line': b'-- Up-to-date: /home/cricchetto/Robomaster_WS/install/robomaster_msgs/include/robomaster_msgs/robomaster_msgs/msg/chassis_status.h\n'}
[3.218214] (robomaster_msgs) StdoutLine: {'line': b'-- Up-to-date: /home/cricchetto/Robomaster_WS/install/robomaster_msgs/include/robomaster_msgs/robomaster_msgs/msg/gimbal_command.h\n'}
[3.218627] (robomaster_msgs) StdoutLine: {'line': b'-- Up-to-date: /home/cricchetto/Robomaster_WS/install/robomaster_msgs/include/robomaster_msgs/robomaster_msgs/msg/servo_raw_state.h\n'}
[3.219022] (robomaster_msgs) StdoutLine: {'line': b'-- Up-to-date: /home/cricchetto/Robomaster_WS/install/robomaster_msgs/include/robomaster_msgs/robomaster_msgs/msg/blaster_led.h\n'}
[3.219369] (robomaster_msgs) StdoutLine: {'line': b'-- Up-to-date: /home/cricchetto/Robomaster_WS/install/robomaster_msgs/include/robomaster_msgs/robomaster_msgs/msg/rosidl_generator_c__visibility_control.h\n'}
[3.219640] (robomaster_msgs) StdoutLine: {'line': b'-- Up-to-date: /home/cricchetto/Robomaster_WS/install/robomaster_msgs/include/robomaster_msgs/robomaster_msgs/msg/gripper_state.h\n'}
[3.219899] (robomaster_msgs) StdoutLine: {'line': b'-- Up-to-date: /home/cricchetto/Robomaster_WS/install/robomaster_msgs/include/robomaster_msgs/robomaster_msgs/msg/speaker_command.h\n'}
[3.220166] (robomaster_msgs) StdoutLine: {'line': b'-- Up-to-date: /home/cricchetto/Robomaster_WS/install/robomaster_msgs/include/robomaster_msgs/robomaster_msgs/msg/detail\n'}
[3.220452] (robomaster_msgs) StdoutLine: {'line': b'-- Up-to-date: /home/cricchetto/Robomaster_WS/install/robomaster_msgs/include/robomaster_msgs/robomaster_msgs/msg/detail/chassis_status__functions.c\n'}
[3.220760] (robomaster_msgs) StdoutLine: {'line': b'-- Up-to-date: /home/cricchetto/Robomaster_WS/install/robomaster_msgs/include/robomaster_msgs/robomaster_msgs/msg/detail/gimbal_command__struct.h\n'}
[3.221019] (robomaster_msgs) StdoutLine: {'line': b'-- Up-to-date: /home/cricchetto/Robomaster_WS/install/robomaster_msgs/include/robomaster_msgs/robomaster_msgs/msg/detail/detected_line__type_support.h\n'}
[3.221292] (robomaster_msgs) StdoutLine: {'line': b'-- Up-to-date: /home/cricchetto/Robomaster_WS/install/robomaster_msgs/include/robomaster_msgs/robomaster_msgs/msg/detail/detected_robot__functions.c\n'}
[3.221627] (robomaster_msgs) StdoutLine: {'line': b'-- Up-to-date: /home/cricchetto/Robomaster_WS/install/robomaster_msgs/include/robomaster_msgs/robomaster_msgs/msg/detail/speaker_command__type_support.h\n'}
[3.222252] (robomaster_msgs) StdoutLine: {'line': b'-- Up-to-date: /home/cricchetto/Robomaster_WS/install/robomaster_msgs/include/robomaster_msgs/robomaster_msgs/msg/detail/mode__functions.h\n'}
[3.222796] (robomaster_msgs) StdoutLine: {'line': b'-- Up-to-date: /home/cricchetto/Robomaster_WS/install/robomaster_msgs/include/robomaster_msgs/robomaster_msgs/msg/detail/camera_config__struct.h\n'}
[3.223447] (robomaster_msgs) StdoutLine: {'line': b'-- Up-to-date: /home/cricchetto/Robomaster_WS/install/robomaster_msgs/include/robomaster_msgs/robomaster_msgs/msg/detail/led_effect__functions.h\n'}
[3.223968] (robomaster_msgs) StdoutLine: {'line': b'-- Up-to-date: /home/cricchetto/Robomaster_WS/install/robomaster_msgs/include/robomaster_msgs/robomaster_msgs/msg/detail/detection__functions.c\n'}
[3.224466] (robomaster_msgs) StdoutLine: {'line': b'-- Up-to-date: /home/cricchetto/Robomaster_WS/install/robomaster_msgs/include/robomaster_msgs/robomaster_msgs/msg/detail/s_bus__type_support.h\n'}
[3.224995] (robomaster_msgs) StdoutLine: {'line': b'-- Up-to-date: /home/cricchetto/Robomaster_WS/install/robomaster_msgs/include/robomaster_msgs/robomaster_msgs/msg/detail/chassis_status__functions.h\n'}
[3.225351] (robomaster_msgs) StdoutLine: {'line': b'-- Up-to-date: /home/cricchetto/Robomaster_WS/install/robomaster_msgs/include/robomaster_msgs/robomaster_msgs/msg/detail/blaster_led__type_support.h\n'}
[3.232836] (robomaster_msgs) StdoutLine: {'line': b'-- Up-to-date: /home/cricchetto/Robomaster_WS/install/robomaster_msgs/include/robomaster_msgs/robomaster_msgs/msg/detail/servo_raw_state__functions.c\n'}
[3.233489] (robomaster_msgs) StdoutLine: {'line': b'-- Up-to-date: /home/cricchetto/Robomaster_WS/install/robomaster_msgs/include/robomaster_msgs/robomaster_msgs/msg/detail/detected_robot__type_support.h\n'}
[3.233868] (robomaster_msgs) StdoutLine: {'line': b'-- Up-to-date: /home/cricchetto/Robomaster_WS/install/robomaster_msgs/include/robomaster_msgs/robomaster_msgs/msg/detail/detected_gesture__type_support.h\n'}
[3.234364] (robomaster_msgs) StdoutLine: {'line': b'-- Up-to-date: /home/cricchetto/Robomaster_WS/install/robomaster_msgs/include/robomaster_msgs/robomaster_msgs/msg/detail/s_bus__struct.h\n'}
[3.234814] (robomaster_msgs) StdoutLine: {'line': b'-- Up-to-date: /home/cricchetto/Robomaster_WS/install/robomaster_msgs/include/robomaster_msgs/robomaster_msgs/msg/detail/led_effect__type_support.h\n'}
[3.235309] (robomaster_msgs) StdoutLine: {'line': b'-- Up-to-date: /home/cricchetto/Robomaster_WS/install/robomaster_msgs/include/robomaster_msgs/robomaster_msgs/msg/detail/detected_marker__functions.c\n'}
[3.235670] (robomaster_msgs) StdoutLine: {'line': b'-- Up-to-date: /home/cricchetto/Robomaster_WS/install/robomaster_msgs/include/robomaster_msgs/robomaster_msgs/msg/detail/gimbal_command__type_support.h\n'}
[3.235974] (robomaster_msgs) StdoutLine: {'line': b'-- Up-to-date: /home/cricchetto/Robomaster_WS/install/robomaster_msgs/include/robomaster_msgs/robomaster_msgs/msg/detail/sensor_adapter__functions.c\n'}
[3.236295] (robomaster_msgs) StdoutLine: {'line': b'-- Up-to-date: /home/cricchetto/Robomaster_WS/install/robomaster_msgs/include/robomaster_msgs/robomaster_msgs/msg/detail/h264_packet__functions.c\n'}
[3.236704] (robomaster_msgs) StdoutLine: {'line': b'-- Up-to-date: /home/cricchetto/Robomaster_WS/install/robomaster_msgs/include/robomaster_msgs/robomaster_msgs/msg/detail/pwm__struct.h\n'}
[3.237179] (robomaster_msgs) StdoutLine: {'line': b'-- Up-to-date: /home/cricchetto/Robomaster_WS/install/robomaster_msgs/include/robomaster_msgs/robomaster_msgs/msg/detail/blaster_led__functions.c\n'}
[3.237660] (robomaster_msgs) StdoutLine: {'line': b'-- Up-to-date: /home/cricchetto/Robomaster_WS/install/robomaster_msgs/include/robomaster_msgs/robomaster_msgs/msg/detail/sensor_adapter__struct.h\n'}
[3.245853] (robomaster_msgs) StdoutLine: {'line': b'-- Up-to-date: /home/cricchetto/Robomaster_WS/install/robomaster_msgs/include/robomaster_msgs/robomaster_msgs/msg/detail/armor_hit__type_support.h\n'}
[3.246730] (-) TimerEvent: {}
[3.250528] (robomaster_msgs) StdoutLine: {'line': b'-- Up-to-date: /home/cricchetto/Robomaster_WS/install/robomaster_msgs/include/robomaster_msgs/robomaster_msgs/msg/detail/serial__functions.c\n'}
[3.251132] (robomaster_msgs) StdoutLine: {'line': b'-- Up-to-date: /home/cricchetto/Robomaster_WS/install/robomaster_msgs/include/robomaster_msgs/robomaster_msgs/msg/detail/led_effect__struct.h\n'}
[3.251660] (robomaster_msgs) StdoutLine: {'line': b'-- Up-to-date: /home/cricchetto/Robomaster_WS/install/robomaster_msgs/include/robomaster_msgs/robomaster_msgs/msg/detail/h264_packet__functions.h\n'}
[3.252160] (robomaster_msgs) StdoutLine: {'line': b'-- Up-to-date: /home/cricchetto/Robomaster_WS/install/robomaster_msgs/include/robomaster_msgs/robomaster_msgs/msg/detail/audio_opus__type_support.h\n'}
[3.252615] (robomaster_msgs) StdoutLine: {'line': b'-- Up-to-date: /home/cricchetto/Robomaster_WS/install/robomaster_msgs/include/robomaster_msgs/robomaster_msgs/msg/detail/detected_marker__struct.h\n'}
[3.252988] (robomaster_msgs) StdoutLine: {'line': b'-- Up-to-date: /home/cricchetto/Robomaster_WS/install/robomaster_msgs/include/robomaster_msgs/robomaster_msgs/msg/detail/detected_gesture__struct.h\n'}
[3.253366] (robomaster_msgs) StdoutLine: {'line': b'-- Up-to-date: /home/cricchetto/Robomaster_WS/install/robomaster_msgs/include/robomaster_msgs/robomaster_msgs/msg/detail/detected_person__struct.h\n'}
[3.253721] (robomaster_msgs) StdoutLine: {'line': b'-- Up-to-date: /home/cricchetto/Robomaster_WS/install/robomaster_msgs/include/robomaster_msgs/robomaster_msgs/msg/detail/led_effect__functions.c\n'}
[3.254142] (robomaster_msgs) StdoutLine: {'line': b'-- Up-to-date: /home/cricchetto/Robomaster_WS/install/robomaster_msgs/include/robomaster_msgs/robomaster_msgs/msg/detail/speaker_command__functions.c\n'}
[3.254733] (robomaster_msgs) StdoutLine: {'line': b'-- Up-to-date: /home/cricchetto/Robomaster_WS/install/robomaster_msgs/include/robomaster_msgs/robomaster_msgs/msg/detail/wheel_speeds__struct.h\n'}
[3.255301] (robomaster_msgs) StdoutLine: {'line': b'-- Up-to-date: /home/cricchetto/Robomaster_WS/install/robomaster_msgs/include/robomaster_msgs/robomaster_msgs/msg/detail/h264_packet__type_support.h\n'}
[3.255825] (robomaster_msgs) StdoutLine: {'line': b'-- Up-to-date: /home/cricchetto/Robomaster_WS/install/robomaster_msgs/include/robomaster_msgs/robomaster_msgs/msg/detail/detected_person__type_support.h\n'}
[3.256308] (robomaster_msgs) StdoutLine: {'line': b'-- Up-to-date: /home/cricchetto/Robomaster_WS/install/robomaster_msgs/include/robomaster_msgs/robomaster_msgs/msg/detail/audio_opus__struct.h\n'}
[3.256689] (robomaster_msgs) StdoutLine: {'line': b'-- Up-to-date: /home/cricchetto/Robomaster_WS/install/robomaster_msgs/include/robomaster_msgs/robomaster_msgs/msg/detail/speaker_command__functions.h\n'}
[3.257072] (robomaster_msgs) StdoutLine: {'line': b'-- Up-to-date: /home/cricchetto/Robomaster_WS/install/robomaster_msgs/include/robomaster_msgs/robomaster_msgs/msg/detail/gimbal_command__functions.c\n'}
[3.257528] (robomaster_msgs) StdoutLine: {'line': b'-- Up-to-date: /home/cricchetto/Robomaster_WS/install/robomaster_msgs/include/robomaster_msgs/robomaster_msgs/msg/detail/servo_raw_state__functions.h\n'}
[3.269428] (robomaster_msgs) StdoutLine: {'line': b'-- Up-to-date: /home/cricchetto/Robomaster_WS/install/robomaster_msgs/include/robomaster_msgs/robomaster_msgs/msg/detail/detected_gesture__functions.c\n'}
[3.270190] (robomaster_msgs) StdoutLine: {'line': b'-- Up-to-date: /home/cricchetto/Robomaster_WS/install/robomaster_msgs/include/robomaster_msgs/robomaster_msgs/msg/detail/blaster_led__functions.h\n'}
[3.270764] (robomaster_msgs) StdoutLine: {'line': b'-- Up-to-date: /home/cricchetto/Robomaster_WS/install/robomaster_msgs/include/robomaster_msgs/robomaster_msgs/msg/detail/audio_opus__functions.h\n'}
[3.271194] (robomaster_msgs) StdoutLine: {'line': b'-- Up-to-date: /home/cricchetto/Robomaster_WS/install/robomaster_msgs/include/robomaster_msgs/robomaster_msgs/msg/detail/wheel_speeds__functions.h\n'}
[3.271732] (robomaster_msgs) StdoutLine: {'line': b'-- Up-to-date: /home/cricchetto/Robomaster_WS/install/robomaster_msgs/include/robomaster_msgs/robomaster_msgs/msg/detail/gripper_state__type_support.h\n'}
[3.272192] (robomaster_msgs) StdoutLine: {'line': b'-- Up-to-date: /home/cricchetto/Robomaster_WS/install/robomaster_msgs/include/robomaster_msgs/robomaster_msgs/msg/detail/camera_config__functions.c\n'}
[3.272627] (robomaster_msgs) StdoutLine: {'line': b'-- Up-to-date: /home/cricchetto/Robomaster_WS/install/robomaster_msgs/include/robomaster_msgs/robomaster_msgs/msg/detail/detection__functions.h\n'}
[3.272950] (robomaster_msgs) StdoutLine: {'line': b'-- Up-to-date: /home/cricchetto/Robomaster_WS/install/robomaster_msgs/include/robomaster_msgs/robomaster_msgs/msg/detail/h264_packet__struct.h\n'}
[3.273302] (robomaster_msgs) StdoutLine: {'line': b'-- Up-to-date: /home/cricchetto/Robomaster_WS/install/robomaster_msgs/include/robomaster_msgs/robomaster_msgs/msg/detail/pwm__functions.h\n'}
[3.273797] (robomaster_msgs) StdoutLine: {'line': b'-- Up-to-date: /home/cricchetto/Robomaster_WS/install/robomaster_msgs/include/robomaster_msgs/robomaster_msgs/msg/detail/detected_robot__struct.h\n'}
[3.274393] (robomaster_msgs) StdoutLine: {'line': b'-- Up-to-date: /home/cricchetto/Robomaster_WS/install/robomaster_msgs/include/robomaster_msgs/robomaster_msgs/msg/detail/servo_command__struct.h\n'}
[3.274923] (robomaster_msgs) StdoutLine: {'line': b'-- Up-to-date: /home/cricchetto/Robomaster_WS/install/robomaster_msgs/include/robomaster_msgs/robomaster_msgs/msg/detail/wheel_speeds__functions.c\n'}
[3.275361] (robomaster_msgs) StdoutLine: {'line': b'-- Up-to-date: /home/cricchetto/Robomaster_WS/install/robomaster_msgs/include/robomaster_msgs/robomaster_msgs/msg/detail/audio_data__functions.c\n'}
[3.275834] (robomaster_msgs) StdoutLine: {'line': b'-- Up-to-date: /home/cricchetto/Robomaster_WS/install/robomaster_msgs/include/robomaster_msgs/robomaster_msgs/msg/detail/s_bus__functions.c\n'}
[3.276449] (robomaster_msgs) StdoutLine: {'line': b'-- Up-to-date: /home/cricchetto/Robomaster_WS/install/robomaster_msgs/include/robomaster_msgs/robomaster_msgs/msg/detail/detected_person__functions.c\n'}
[3.277164] (robomaster_msgs) StdoutLine: {'line': b'-- Up-to-date: /home/cricchetto/Robomaster_WS/install/robomaster_msgs/include/robomaster_msgs/robomaster_msgs/msg/detail/gripper_state__struct.h\n'}
[3.277601] (robomaster_msgs) StdoutLine: {'line': b'-- Up-to-date: /home/cricchetto/Robomaster_WS/install/robomaster_msgs/include/robomaster_msgs/robomaster_msgs/msg/detail/s_bus__functions.h\n'}
[3.277920] (robomaster_msgs) StdoutLine: {'line': b'-- Up-to-date: /home/cricchetto/Robomaster_WS/install/robomaster_msgs/include/robomaster_msgs/robomaster_msgs/msg/detail/detected_line__struct.h\n'}
[3.278240] (robomaster_msgs) StdoutLine: {'line': b'-- Up-to-date: /home/cricchetto/Robomaster_WS/install/robomaster_msgs/include/robomaster_msgs/robomaster_msgs/msg/detail/detected_marker__type_support.h\n'}
[3.278716] (robomaster_msgs) StdoutLine: {'line': b'-- Up-to-date: /home/cricchetto/Robomaster_WS/install/robomaster_msgs/include/robomaster_msgs/robomaster_msgs/msg/detail/chassis_status__type_support.h\n'}
[3.290681] (robomaster_msgs) StdoutLine: {'line': b'-- Up-to-date: /home/cricchetto/Robomaster_WS/install/robomaster_msgs/include/robomaster_msgs/robomaster_msgs/msg/detail/armor_hit__functions.h\n'}
[3.291240] (robomaster_msgs) StdoutLine: {'line': b'-- Up-to-date: /home/cricchetto/Robomaster_WS/install/robomaster_msgs/include/robomaster_msgs/robomaster_msgs/msg/detail/armor_hit__functions.c\n'}
[3.291630] (robomaster_msgs) StdoutLine: {'line': b'-- Up-to-date: /home/cricchetto/Robomaster_WS/install/robomaster_msgs/include/robomaster_msgs/robomaster_msgs/msg/detail/region_of_interest__type_support.h\n'}
[3.291955] (robomaster_msgs) StdoutLine: {'line': b'-- Up-to-date: /home/cricchetto/Robomaster_WS/install/robomaster_msgs/include/robomaster_msgs/robomaster_msgs/msg/detail/gripper_state__functions.c\n'}
[3.292338] (robomaster_msgs) StdoutLine: {'line': b'-- Up-to-date: /home/cricchetto/Robomaster_WS/install/robomaster_msgs/include/robomaster_msgs/robomaster_msgs/msg/detail/audio_level__functions.c\n'}
[3.292699] (robomaster_msgs) StdoutLine: {'line': b'-- Up-to-date: /home/cricchetto/Robomaster_WS/install/robomaster_msgs/include/robomaster_msgs/robomaster_msgs/msg/detail/serial__struct.h\n'}
[3.293096] (robomaster_msgs) StdoutLine: {'line': b'-- Up-to-date: /home/cricchetto/Robomaster_WS/install/robomaster_msgs/include/robomaster_msgs/robomaster_msgs/msg/detail/region_of_interest__functions.h\n'}
[3.293499] (robomaster_msgs) StdoutLine: {'line': b'-- Up-to-date: /home/cricchetto/Robomaster_WS/install/robomaster_msgs/include/robomaster_msgs/robomaster_msgs/msg/detail/mode__type_support.h\n'}
[3.293957] (robomaster_msgs) StdoutLine: {'line': b'-- Up-to-date: /home/cricchetto/Robomaster_WS/install/robomaster_msgs/include/robomaster_msgs/robomaster_msgs/msg/detail/speaker_command__struct.h\n'}
[3.294426] (robomaster_msgs) StdoutLine: {'line': b'-- Up-to-date: /home/cricchetto/Robomaster_WS/install/robomaster_msgs/include/robomaster_msgs/robomaster_msgs/msg/detail/serial__type_support.h\n'}
[3.294964] (robomaster_msgs) StdoutLine: {'line': b'-- Up-to-date: /home/cricchetto/Robomaster_WS/install/robomaster_msgs/include/robomaster_msgs/robomaster_msgs/msg/detail/detected_person__functions.h\n'}
[3.301894] (robomaster_msgs) StdoutLine: {'line': b'-- Up-to-date: /home/cricchetto/Robomaster_WS/install/robomaster_msgs/include/robomaster_msgs/robomaster_msgs/msg/detail/gripper_state__functions.h\n'}
[3.302446] (robomaster_msgs) StdoutLine: {'line': b'-- Up-to-date: /home/cricchetto/Robomaster_WS/install/robomaster_msgs/include/robomaster_msgs/robomaster_msgs/msg/detail/pwm__functions.c\n'}
[3.302871] (robomaster_msgs) StdoutLine: {'line': b'-- Up-to-date: /home/cricchetto/Robomaster_WS/install/robomaster_msgs/include/robomaster_msgs/robomaster_msgs/msg/detail/servo_command__functions.c\n'}
[3.303395] (robomaster_msgs) StdoutLine: {'line': b'-- Up-to-date: /home/cricchetto/Robomaster_WS/install/robomaster_msgs/include/robomaster_msgs/robomaster_msgs/msg/detail/camera_config__type_support.h\n'}
[3.303974] (robomaster_msgs) StdoutLine: {'line': b'-- Up-to-date: /home/cricchetto/Robomaster_WS/install/robomaster_msgs/include/robomaster_msgs/robomaster_msgs/msg/detail/region_of_interest__functions.c\n'}
[3.304587] (robomaster_msgs) StdoutLine: {'line': b'-- Up-to-date: /home/cricchetto/Robomaster_WS/install/robomaster_msgs/include/robomaster_msgs/robomaster_msgs/msg/detail/chassis_status__struct.h\n'}
[3.305019] (robomaster_msgs) StdoutLine: {'line': b'-- Up-to-date: /home/cricchetto/Robomaster_WS/install/robomaster_msgs/include/robomaster_msgs/robomaster_msgs/msg/detail/audio_data__type_support.h\n'}
[3.305414] (robomaster_msgs) StdoutLine: {'line': b'-- Up-to-date: /home/cricchetto/Robomaster_WS/install/robomaster_msgs/include/robomaster_msgs/robomaster_msgs/msg/detail/sensor_adapter__type_support.h\n'}
[3.306045] (robomaster_msgs) StdoutLine: {'line': b'-- Up-to-date: /home/cricchetto/Robomaster_WS/install/robomaster_msgs/include/robomaster_msgs/robomaster_msgs/msg/detail/pwm__type_support.h\n'}
[3.306719] (robomaster_msgs) StdoutLine: {'line': b'-- Up-to-date: /home/cricchetto/Robomaster_WS/install/robomaster_msgs/include/robomaster_msgs/robomaster_msgs/msg/detail/audio_level__type_support.h\n'}
[3.314088] (robomaster_msgs) StdoutLine: {'line': b'-- Up-to-date: /home/cricchetto/Robomaster_WS/install/robomaster_msgs/include/robomaster_msgs/robomaster_msgs/msg/detail/audio_data__struct.h\n'}
[3.314699] (robomaster_msgs) StdoutLine: {'line': b'-- Up-to-date: /home/cricchetto/Robomaster_WS/install/robomaster_msgs/include/robomaster_msgs/robomaster_msgs/msg/detail/gimbal_command__functions.h\n'}
[3.316890] (robomaster_msgs) StdoutLine: {'line': b'-- Up-to-date: /home/cricchetto/Robomaster_WS/install/robomaster_msgs/include/robomaster_msgs/robomaster_msgs/msg/detail/armor_hit__struct.h\n'}
[3.317963] (robomaster_msgs) StdoutLine: {'line': b'-- Up-to-date: /home/cricchetto/Robomaster_WS/install/robomaster_msgs/include/robomaster_msgs/robomaster_msgs/msg/detail/camera_config__functions.h\n'}
[3.318532] (robomaster_msgs) StdoutLine: {'line': b'-- Up-to-date: /home/cricchetto/Robomaster_WS/install/robomaster_msgs/include/robomaster_msgs/robomaster_msgs/msg/detail/audio_data__functions.h\n'}
[3.319001] (robomaster_msgs) StdoutLine: {'line': b'-- Up-to-date: /home/cricchetto/Robomaster_WS/install/robomaster_msgs/include/robomaster_msgs/robomaster_msgs/msg/detail/region_of_interest__struct.h\n'}
[3.323047] (robomaster_msgs) StdoutLine: {'line': b'-- Up-to-date: /home/cricchetto/Robomaster_WS/install/robomaster_msgs/include/robomaster_msgs/robomaster_msgs/msg/detail/audio_level__struct.h\n'}
[3.323843] (robomaster_msgs) StdoutLine: {'line': b'-- Up-to-date: /home/cricchetto/Robomaster_WS/install/robomaster_msgs/include/robomaster_msgs/robomaster_msgs/msg/detail/mode__functions.c\n'}
[3.324503] (robomaster_msgs) StdoutLine: {'line': b'-- Up-to-date: /home/cricchetto/Robomaster_WS/install/robomaster_msgs/include/robomaster_msgs/robomaster_msgs/msg/detail/servo_command__type_support.h\n'}
[3.325171] (robomaster_msgs) StdoutLine: {'line': b'-- Up-to-date: /home/cricchetto/Robomaster_WS/install/robomaster_msgs/include/robomaster_msgs/robomaster_msgs/msg/detail/audio_level__functions.h\n'}
[3.325736] (robomaster_msgs) StdoutLine: {'line': b'-- Up-to-date: /home/cricchetto/Robomaster_WS/install/robomaster_msgs/include/robomaster_msgs/robomaster_msgs/msg/detail/audio_opus__functions.c\n'}
[3.326339] (robomaster_msgs) StdoutLine: {'line': b'-- Up-to-date: /home/cricchetto/Robomaster_WS/install/robomaster_msgs/include/robomaster_msgs/robomaster_msgs/msg/detail/detected_robot__functions.h\n'}
[3.326992] (robomaster_msgs) StdoutLine: {'line': b'-- Up-to-date: /home/cricchetto/Robomaster_WS/install/robomaster_msgs/include/robomaster_msgs/robomaster_msgs/msg/detail/blaster_led__struct.h\n'}
[3.336371] (robomaster_msgs) StdoutLine: {'line': b'-- Up-to-date: /home/cricchetto/Robomaster_WS/install/robomaster_msgs/include/robomaster_msgs/robomaster_msgs/msg/detail/serial__functions.h\n'}
[3.337624] (robomaster_msgs) StdoutLine: {'line': b'-- Up-to-date: /home/cricchetto/Robomaster_WS/install/robomaster_msgs/include/robomaster_msgs/robomaster_msgs/msg/detail/detected_gesture__functions.h\n'}
[3.338886] (robomaster_msgs) StdoutLine: {'line': b'-- Up-to-date: /home/cricchetto/Robomaster_WS/install/robomaster_msgs/include/robomaster_msgs/robomaster_msgs/msg/detail/detected_line__functions.c\n'}
[3.343070] (robomaster_msgs) StdoutLine: {'line': b'-- Up-to-date: /home/cricchetto/Robomaster_WS/install/robomaster_msgs/include/robomaster_msgs/robomaster_msgs/msg/detail/detection__struct.h\n'}
[3.345654] (robomaster_msgs) StdoutLine: {'line': b'-- Up-to-date: /home/cricchetto/Robomaster_WS/install/robomaster_msgs/include/robomaster_msgs/robomaster_msgs/msg/detail/wheel_speeds__type_support.h\n'}
[3.346736] (robomaster_msgs) StdoutLine: {'line': b'-- Up-to-date: /home/cricchetto/Robomaster_WS/install/robomaster_msgs/include/robomaster_msgs/robomaster_msgs/msg/detail/sensor_adapter__functions.h\n'}
[3.347523] (-) TimerEvent: {}
[3.353825] (robomaster_msgs) StdoutLine: {'line': b'-- Up-to-date: /home/cricchetto/Robomaster_WS/install/robomaster_msgs/include/robomaster_msgs/robomaster_msgs/msg/detail/detected_line__functions.h\n'}
[3.354656] (robomaster_msgs) StdoutLine: {'line': b'-- Up-to-date: /home/cricchetto/Robomaster_WS/install/robomaster_msgs/include/robomaster_msgs/robomaster_msgs/msg/detail/detection__type_support.h\n'}
[3.355429] (robomaster_msgs) StdoutLine: {'line': b'-- Up-to-date: /home/cricchetto/Robomaster_WS/install/robomaster_msgs/include/robomaster_msgs/robomaster_msgs/msg/detail/mode__struct.h\n'}
[3.356129] (robomaster_msgs) StdoutLine: {'line': b'-- Up-to-date: /home/cricchetto/Robomaster_WS/install/robomaster_msgs/include/robomaster_msgs/robomaster_msgs/msg/detail/servo_raw_state__struct.h\n'}
[3.356768] (robomaster_msgs) StdoutLine: {'line': b'-- Up-to-date: /home/cricchetto/Robomaster_WS/install/robomaster_msgs/include/robomaster_msgs/robomaster_msgs/msg/detail/servo_command__functions.h\n'}
[3.357491] (robomaster_msgs) StdoutLine: {'line': b'-- Up-to-date: /home/cricchetto/Robomaster_WS/install/robomaster_msgs/include/robomaster_msgs/robomaster_msgs/msg/detail/detected_marker__functions.h\n'}
[3.358069] (robomaster_msgs) StdoutLine: {'line': b'-- Up-to-date: /home/cricchetto/Robomaster_WS/install/robomaster_msgs/include/robomaster_msgs/robomaster_msgs/msg/detail/servo_raw_state__type_support.h\n'}
[3.358554] (robomaster_msgs) StdoutLine: {'line': b'-- Up-to-date: /home/cricchetto/Robomaster_WS/install/robomaster_msgs/include/robomaster_msgs/robomaster_msgs/msg/audio_opus.h\n'}
[3.358982] (robomaster_msgs) StdoutLine: {'line': b'-- Up-to-date: /home/cricchetto/Robomaster_WS/install/robomaster_msgs/include/robomaster_msgs/robomaster_msgs/msg/s_bus.h\n'}
[3.366450] (robomaster_msgs) StdoutLine: {'line': b'-- Up-to-date: /home/cricchetto/Robomaster_WS/install/robomaster_msgs/include/robomaster_msgs/robomaster_msgs/msg/h264_packet.h\n'}
[3.366980] (robomaster_msgs) StdoutLine: {'line': b'-- Up-to-date: /home/cricchetto/Robomaster_WS/install/robomaster_msgs/include/robomaster_msgs/robomaster_msgs/msg/camera_config.h\n'}
[3.371018] (robomaster_msgs) StdoutLine: {'line': b'-- Up-to-date: /home/cricchetto/Robomaster_WS/install/robomaster_msgs/include/robomaster_msgs/robomaster_msgs/msg/region_of_interest.h\n'}
[3.372102] (robomaster_msgs) StdoutLine: {'line': b'-- Up-to-date: /home/cricchetto/Robomaster_WS/install/robomaster_msgs/include/robomaster_msgs/robomaster_msgs/srv\n'}
[3.372696] (robomaster_msgs) StdoutLine: {'line': b'-- Up-to-date: /home/cricchetto/Robomaster_WS/install/robomaster_msgs/include/robomaster_msgs/robomaster_msgs/srv/get_io.h\n'}
[3.373292] (robomaster_msgs) StdoutLine: {'line': b'-- Up-to-date: /home/cricchetto/Robomaster_WS/install/robomaster_msgs/include/robomaster_msgs/robomaster_msgs/srv/get_adc.h\n'}
[3.374178] (robomaster_msgs) StdoutLine: {'line': b'-- Up-to-date: /home/cricchetto/Robomaster_WS/install/robomaster_msgs/include/robomaster_msgs/robomaster_msgs/srv/detail\n'}
[3.381162] (robomaster_msgs) StdoutLine: {'line': b'-- Up-to-date: /home/cricchetto/Robomaster_WS/install/robomaster_msgs/include/robomaster_msgs/robomaster_msgs/srv/detail/get_servo_angle__functions.c\n'}
[3.382290] (robomaster_msgs) StdoutLine: {'line': b'-- Up-to-date: /home/cricchetto/Robomaster_WS/install/robomaster_msgs/include/robomaster_msgs/robomaster_msgs/srv/detail/get_io__type_support.h\n'}
[3.382885] (robomaster_msgs) StdoutLine: {'line': b'-- Up-to-date: /home/cricchetto/Robomaster_WS/install/robomaster_msgs/include/robomaster_msgs/robomaster_msgs/srv/detail/get_adc__struct.h\n'}
[3.386031] (robomaster_msgs) StdoutLine: {'line': b'-- Up-to-date: /home/cricchetto/Robomaster_WS/install/robomaster_msgs/include/robomaster_msgs/robomaster_msgs/srv/detail/get_io__struct.h\n'}
[3.386455] (robomaster_msgs) StdoutLine: {'line': b'-- Up-to-date: /home/cricchetto/Robomaster_WS/install/robomaster_msgs/include/robomaster_msgs/robomaster_msgs/srv/detail/get_io__functions.h\n'}
[3.386927] (robomaster_msgs) StdoutLine: {'line': b'-- Up-to-date: /home/cricchetto/Robomaster_WS/install/robomaster_msgs/include/robomaster_msgs/robomaster_msgs/srv/detail/get_servo_angle__struct.h\n'}
[3.389870] (robomaster_msgs) StdoutLine: {'line': b'-- Up-to-date: /home/cricchetto/Robomaster_WS/install/robomaster_msgs/include/robomaster_msgs/robomaster_msgs/srv/detail/get_pulse__struct.h\n'}
[3.390471] (robomaster_msgs) StdoutLine: {'line': b'-- Up-to-date: /home/cricchetto/Robomaster_WS/install/robomaster_msgs/include/robomaster_msgs/robomaster_msgs/srv/detail/get_adc__functions.h\n'}
[3.391026] (robomaster_msgs) StdoutLine: {'line': b'-- Up-to-date: /home/cricchetto/Robomaster_WS/install/robomaster_msgs/include/robomaster_msgs/robomaster_msgs/srv/detail/get_pulse__type_support.h\n'}
[3.391676] (robomaster_msgs) StdoutLine: {'line': b'-- Up-to-date: /home/cricchetto/Robomaster_WS/install/robomaster_msgs/include/robomaster_msgs/robomaster_msgs/srv/detail/get_adc__functions.c\n'}
[3.392395] (robomaster_msgs) StdoutLine: {'line': b'-- Up-to-date: /home/cricchetto/Robomaster_WS/install/robomaster_msgs/include/robomaster_msgs/robomaster_msgs/srv/detail/get_adc__type_support.h\n'}
[3.393108] (robomaster_msgs) StdoutLine: {'line': b'-- Up-to-date: /home/cricchetto/Robomaster_WS/install/robomaster_msgs/include/robomaster_msgs/robomaster_msgs/srv/detail/get_servo_angle__functions.h\n'}
[3.393799] (robomaster_msgs) StdoutLine: {'line': b'-- Up-to-date: /home/cricchetto/Robomaster_WS/install/robomaster_msgs/include/robomaster_msgs/robomaster_msgs/srv/detail/get_io__functions.c\n'}
[3.394872] (robomaster_msgs) StdoutLine: {'line': b'-- Up-to-date: /home/cricchetto/Robomaster_WS/install/robomaster_msgs/include/robomaster_msgs/robomaster_msgs/srv/detail/get_pulse__functions.c\n'}
[3.402451] (robomaster_msgs) StdoutLine: {'line': b'-- Up-to-date: /home/cricchetto/Robomaster_WS/install/robomaster_msgs/include/robomaster_msgs/robomaster_msgs/srv/detail/get_servo_angle__type_support.h\n'}
[3.402974] (robomaster_msgs) StdoutLine: {'line': b'-- Up-to-date: /home/cricchetto/Robomaster_WS/install/robomaster_msgs/include/robomaster_msgs/robomaster_msgs/srv/detail/get_pulse__functions.h\n'}
[3.403567] (robomaster_msgs) StdoutLine: {'line': b'-- Up-to-date: /home/cricchetto/Robomaster_WS/install/robomaster_msgs/include/robomaster_msgs/robomaster_msgs/srv/get_servo_angle.h\n'}
[3.404111] (robomaster_msgs) StdoutLine: {'line': b'-- Up-to-date: /home/cricchetto/Robomaster_WS/install/robomaster_msgs/include/robomaster_msgs/robomaster_msgs/srv/get_pulse.h\n'}
[3.404686] (robomaster_msgs) StdoutLine: {'line': b'-- Up-to-date: /home/cricchetto/Robomaster_WS/install/robomaster_msgs/share/robomaster_msgs/environment/library_path.sh\n'}
[3.405279] (robomaster_msgs) StdoutLine: {'line': b'-- Up-to-date: /home/cricchetto/Robomaster_WS/install/robomaster_msgs/share/robomaster_msgs/environment/library_path.dsv\n'}
[3.405863] (robomaster_msgs) StdoutLine: {'line': b'-- Up-to-date: /home/cricchetto/Robomaster_WS/install/robomaster_msgs/lib/librobomaster_msgs__rosidl_generator_c.so\n'}
[3.406465] (robomaster_msgs) StdoutLine: {'line': b'-- Up-to-date: /home/cricchetto/Robomaster_WS/install/robomaster_msgs/include/robomaster_msgs/robomaster_msgs\n'}
[3.407058] (robomaster_msgs) StdoutLine: {'line': b'-- Up-to-date: /home/cricchetto/Robomaster_WS/install/robomaster_msgs/include/robomaster_msgs/robomaster_msgs/action\n'}
[3.407821] (robomaster_msgs) StdoutLine: {'line': b'-- Up-to-date: /home/cricchetto/Robomaster_WS/install/robomaster_msgs/include/robomaster_msgs/robomaster_msgs/action/detail\n'}
[3.408435] (robomaster_msgs) StdoutLine: {'line': b'-- Up-to-date: /home/cricchetto/Robomaster_WS/install/robomaster_msgs/include/robomaster_msgs/robomaster_msgs/action/detail/play_sound__rosidl_typesupport_fastrtps_c.h\n'}
[3.409751] (robomaster_msgs) StdoutLine: {'line': b'-- Up-to-date: /home/cricchetto/Robomaster_WS/install/robomaster_msgs/include/robomaster_msgs/robomaster_msgs/action/detail/move__rosidl_typesupport_fastrtps_c.h\n'}
[3.421733] (robomaster_msgs) StdoutLine: {'line': b'-- Up-to-date: /home/cricchetto/Robomaster_WS/install/robomaster_msgs/include/robomaster_msgs/robomaster_msgs/action/detail/move_arm__rosidl_typesupport_fastrtps_c.h\n'}
[3.423487] (robomaster_msgs) StdoutLine: {'line': b'-- Up-to-date: /home/cricchetto/Robomaster_WS/install/robomaster_msgs/include/robomaster_msgs/robomaster_msgs/action/detail/move_gimbal__rosidl_typesupport_fastrtps_c.h\n'}
[3.424346] (robomaster_msgs) StdoutLine: {'line': b'-- Up-to-date: /home/cricchetto/Robomaster_WS/install/robomaster_msgs/include/robomaster_msgs/robomaster_msgs/action/detail/gripper_control__rosidl_typesupport_fastrtps_c.h\n'}
[3.424881] (robomaster_msgs) StdoutLine: {'line': b'-- Up-to-date: /home/cricchetto/Robomaster_WS/install/robomaster_msgs/include/robomaster_msgs/robomaster_msgs/action/detail/recenter_gimbal__rosidl_typesupport_fastrtps_c.h\n'}
[3.425270] (robomaster_msgs) StdoutLine: {'line': b'-- Up-to-date: /home/cricchetto/Robomaster_WS/install/robomaster_msgs/include/robomaster_msgs/robomaster_msgs/action/detail/move_servo__rosidl_typesupport_fastrtps_c.h\n'}
[3.425707] (robomaster_msgs) StdoutLine: {'line': b'-- Up-to-date: /home/cricchetto/Robomaster_WS/install/robomaster_msgs/include/robomaster_msgs/robomaster_msgs/msg\n'}
[3.426109] (robomaster_msgs) StdoutLine: {'line': b'-- Up-to-date: /home/cricchetto/Robomaster_WS/install/robomaster_msgs/include/robomaster_msgs/robomaster_msgs/msg/rosidl_typesupport_fastrtps_c__visibility_control.h\n'}
[3.426492] (robomaster_msgs) StdoutLine: {'line': b'-- Up-to-date: /home/cricchetto/Robomaster_WS/install/robomaster_msgs/include/robomaster_msgs/robomaster_msgs/msg/detail\n'}
[3.426869] (robomaster_msgs) StdoutLine: {'line': b'-- Up-to-date: /home/cricchetto/Robomaster_WS/install/robomaster_msgs/include/robomaster_msgs/robomaster_msgs/msg/detail/serial__rosidl_typesupport_fastrtps_c.h\n'}
[3.427315] (robomaster_msgs) StdoutLine: {'line': b'-- Up-to-date: /home/cricchetto/Robomaster_WS/install/robomaster_msgs/include/robomaster_msgs/robomaster_msgs/msg/detail/sensor_adapter__rosidl_typesupport_fastrtps_c.h\n'}
[3.427778] (robomaster_msgs) StdoutLine: {'line': b'-- Up-to-date: /home/cricchetto/Robomaster_WS/install/robomaster_msgs/include/robomaster_msgs/robomaster_msgs/msg/detail/gimbal_command__rosidl_typesupport_fastrtps_c.h\n'}
[3.428378] (robomaster_msgs) StdoutLine: {'line': b'-- Up-to-date: /home/cricchetto/Robomaster_WS/install/robomaster_msgs/include/robomaster_msgs/robomaster_msgs/msg/detail/detected_gesture__rosidl_typesupport_fastrtps_c.h\n'}
[3.428935] (robomaster_msgs) StdoutLine: {'line': b'-- Up-to-date: /home/cricchetto/Robomaster_WS/install/robomaster_msgs/include/robomaster_msgs/robomaster_msgs/msg/detail/detected_person__rosidl_typesupport_fastrtps_c.h\n'}
[3.429730] (robomaster_msgs) StdoutLine: {'line': b'-- Up-to-date: /home/cricchetto/Robomaster_WS/install/robomaster_msgs/include/robomaster_msgs/robomaster_msgs/msg/detail/audio_data__rosidl_typesupport_fastrtps_c.h\n'}
[3.430486] (robomaster_msgs) StdoutLine: {'line': b'-- Up-to-date: /home/cricchetto/Robomaster_WS/install/robomaster_msgs/include/robomaster_msgs/robomaster_msgs/msg/detail/audio_opus__rosidl_typesupport_fastrtps_c.h\n'}
[3.430989] (robomaster_msgs) StdoutLine: {'line': b'-- Up-to-date: /home/cricchetto/Robomaster_WS/install/robomaster_msgs/include/robomaster_msgs/robomaster_msgs/msg/detail/detected_line__rosidl_typesupport_fastrtps_c.h\n'}
[3.441399] (robomaster_msgs) StdoutLine: {'line': b'-- Up-to-date: /home/cricchetto/Robomaster_WS/install/robomaster_msgs/include/robomaster_msgs/robomaster_msgs/msg/detail/servo_raw_state__rosidl_typesupport_fastrtps_c.h\n'}
[3.442051] (robomaster_msgs) StdoutLine: {'line': b'-- Up-to-date: /home/cricchetto/Robomaster_WS/install/robomaster_msgs/include/robomaster_msgs/robomaster_msgs/msg/detail/gripper_state__rosidl_typesupport_fastrtps_c.h\n'}
[3.442515] (robomaster_msgs) StdoutLine: {'line': b'-- Up-to-date: /home/cricchetto/Robomaster_WS/install/robomaster_msgs/include/robomaster_msgs/robomaster_msgs/msg/detail/detection__rosidl_typesupport_fastrtps_c.h\n'}
[3.443009] (robomaster_msgs) StdoutLine: {'line': b'-- Up-to-date: /home/cricchetto/Robomaster_WS/install/robomaster_msgs/include/robomaster_msgs/robomaster_msgs/msg/detail/servo_command__rosidl_typesupport_fastrtps_c.h\n'}
[3.443568] (robomaster_msgs) StdoutLine: {'line': b'-- Up-to-date: /home/cricchetto/Robomaster_WS/install/robomaster_msgs/include/robomaster_msgs/robomaster_msgs/msg/detail/armor_hit__rosidl_typesupport_fastrtps_c.h\n'}
[3.443912] (robomaster_msgs) StdoutLine: {'line': b'-- Up-to-date: /home/cricchetto/Robomaster_WS/install/robomaster_msgs/include/robomaster_msgs/robomaster_msgs/msg/detail/s_bus__rosidl_typesupport_fastrtps_c.h\n'}
[3.444195] (robomaster_msgs) StdoutLine: {'line': b'-- Up-to-date: /home/cricchetto/Robomaster_WS/install/robomaster_msgs/include/robomaster_msgs/robomaster_msgs/msg/detail/region_of_interest__rosidl_typesupport_fastrtps_c.h\n'}
[3.444539] (robomaster_msgs) StdoutLine: {'line': b'-- Up-to-date: /home/cricchetto/Robomaster_WS/install/robomaster_msgs/include/robomaster_msgs/robomaster_msgs/msg/detail/detected_marker__rosidl_typesupport_fastrtps_c.h\n'}
[3.444846] (robomaster_msgs) StdoutLine: {'line': b'-- Up-to-date: /home/cricchetto/Robomaster_WS/install/robomaster_msgs/include/robomaster_msgs/robomaster_msgs/msg/detail/led_effect__rosidl_typesupport_fastrtps_c.h\n'}
[3.445161] (robomaster_msgs) StdoutLine: {'line': b'-- Up-to-date: /home/cricchetto/Robomaster_WS/install/robomaster_msgs/include/robomaster_msgs/robomaster_msgs/msg/detail/speaker_command__rosidl_typesupport_fastrtps_c.h\n'}
[3.445528] (robomaster_msgs) StdoutLine: {'line': b'-- Up-to-date: /home/cricchetto/Robomaster_WS/install/robomaster_msgs/include/robomaster_msgs/robomaster_msgs/msg/detail/pwm__rosidl_typesupport_fastrtps_c.h\n'}
[3.446116] (robomaster_msgs) StdoutLine: {'line': b'-- Up-to-date: /home/cricchetto/Robomaster_WS/install/robomaster_msgs/include/robomaster_msgs/robomaster_msgs/msg/detail/detected_robot__rosidl_typesupport_fastrtps_c.h\n'}
[3.446621] (robomaster_msgs) StdoutLine: {'line': b'-- Up-to-date: /home/cricchetto/Robomaster_WS/install/robomaster_msgs/include/robomaster_msgs/robomaster_msgs/msg/detail/camera_config__rosidl_typesupport_fastrtps_c.h\n'}
[3.447154] (robomaster_msgs) StdoutLine: {'line': b'-- Up-to-date: /home/cricchetto/Robomaster_WS/install/robomaster_msgs/include/robomaster_msgs/robomaster_msgs/msg/detail/mode__rosidl_typesupport_fastrtps_c.h\n'}
[3.447681] (-) TimerEvent: {}
[3.460207] (robomaster_msgs) StdoutLine: {'line': b'-- Up-to-date: /home/cricchetto/Robomaster_WS/install/robomaster_msgs/include/robomaster_msgs/robomaster_msgs/msg/detail/h264_packet__rosidl_typesupport_fastrtps_c.h\n'}
[3.461287] (robomaster_msgs) StdoutLine: {'line': b'-- Up-to-date: /home/cricchetto/Robomaster_WS/install/robomaster_msgs/include/robomaster_msgs/robomaster_msgs/msg/detail/wheel_speeds__rosidl_typesupport_fastrtps_c.h\n'}
[3.461894] (robomaster_msgs) StdoutLine: {'line': b'-- Up-to-date: /home/cricchetto/Robomaster_WS/install/robomaster_msgs/include/robomaster_msgs/robomaster_msgs/msg/detail/chassis_status__rosidl_typesupport_fastrtps_c.h\n'}
[3.462358] (robomaster_msgs) StdoutLine: {'line': b'-- Up-to-date: /home/cricchetto/Robomaster_WS/install/robomaster_msgs/include/robomaster_msgs/robomaster_msgs/msg/detail/blaster_led__rosidl_typesupport_fastrtps_c.h\n'}
[3.462782] (robomaster_msgs) StdoutLine: {'line': b'-- Up-to-date: /home/cricchetto/Robomaster_WS/install/robomaster_msgs/include/robomaster_msgs/robomaster_msgs/msg/detail/audio_level__rosidl_typesupport_fastrtps_c.h\n'}
[3.463157] (robomaster_msgs) StdoutLine: {'line': b'-- Up-to-date: /home/cricchetto/Robomaster_WS/install/robomaster_msgs/include/robomaster_msgs/robomaster_msgs/srv\n'}
[3.463565] (robomaster_msgs) StdoutLine: {'line': b'-- Up-to-date: /home/cricchetto/Robomaster_WS/install/robomaster_msgs/include/robomaster_msgs/robomaster_msgs/srv/detail\n'}
[3.463967] (robomaster_msgs) StdoutLine: {'line': b'-- Up-to-date: /home/cricchetto/Robomaster_WS/install/robomaster_msgs/include/robomaster_msgs/robomaster_msgs/srv/detail/get_servo_angle__rosidl_typesupport_fastrtps_c.h\n'}
[3.464525] (robomaster_msgs) StdoutLine: {'line': b'-- Up-to-date: /home/cricchetto/Robomaster_WS/install/robomaster_msgs/include/robomaster_msgs/robomaster_msgs/srv/detail/get_adc__rosidl_typesupport_fastrtps_c.h\n'}
[3.465461] (robomaster_msgs) StdoutLine: {'line': b'-- Up-to-date: /home/cricchetto/Robomaster_WS/install/robomaster_msgs/include/robomaster_msgs/robomaster_msgs/srv/detail/get_io__rosidl_typesupport_fastrtps_c.h\n'}
[3.466016] (robomaster_msgs) StdoutLine: {'line': b'-- Up-to-date: /home/cricchetto/Robomaster_WS/install/robomaster_msgs/include/robomaster_msgs/robomaster_msgs/srv/detail/get_pulse__rosidl_typesupport_fastrtps_c.h\n'}
[3.467035] (robomaster_msgs) StdoutLine: {'line': b'-- Up-to-date: /home/cricchetto/Robomaster_WS/install/robomaster_msgs/lib/librobomaster_msgs__rosidl_typesupport_fastrtps_c.so\n'}
[3.468342] (robomaster_msgs) StdoutLine: {'line': b'-- Up-to-date: /home/cricchetto/Robomaster_WS/install/robomaster_msgs/include/robomaster_msgs/robomaster_msgs\n'}
[3.469524] (robomaster_msgs) StdoutLine: {'line': b'-- Up-to-date: /home/cricchetto/Robomaster_WS/install/robomaster_msgs/include/robomaster_msgs/robomaster_msgs/action\n'}
[3.470541] (robomaster_msgs) StdoutLine: {'line': b'-- Up-to-date: /home/cricchetto/Robomaster_WS/install/robomaster_msgs/include/robomaster_msgs/robomaster_msgs/action/detail\n'}
[3.484210] (robomaster_msgs) StdoutLine: {'line': b'-- Up-to-date: /home/cricchetto/Robomaster_WS/install/robomaster_msgs/include/robomaster_msgs/robomaster_msgs/action/detail/move_gimbal__type_support.c\n'}
[3.485024] (robomaster_msgs) StdoutLine: {'line': b'-- Up-to-date: /home/cricchetto/Robomaster_WS/install/robomaster_msgs/include/robomaster_msgs/robomaster_msgs/action/detail/move__type_support.c\n'}
[3.485601] (robomaster_msgs) StdoutLine: {'line': b'-- Up-to-date: /home/cricchetto/Robomaster_WS/install/robomaster_msgs/include/robomaster_msgs/robomaster_msgs/action/detail/gripper_control__type_support.c\n'}
[3.486173] (robomaster_msgs) StdoutLine: {'line': b'-- Up-to-date: /home/cricchetto/Robomaster_WS/install/robomaster_msgs/include/robomaster_msgs/robomaster_msgs/action/detail/move_servo__rosidl_typesupport_introspection_c.h\n'}
[3.486799] (robomaster_msgs) StdoutLine: {'line': b'-- Up-to-date: /home/cricchetto/Robomaster_WS/install/robomaster_msgs/include/robomaster_msgs/robomaster_msgs/action/detail/play_sound__type_support.c\n'}
[3.487368] (robomaster_msgs) StdoutLine: {'line': b'-- Up-to-date: /home/cricchetto/Robomaster_WS/install/robomaster_msgs/include/robomaster_msgs/robomaster_msgs/action/detail/move_gimbal__rosidl_typesupport_introspection_c.h\n'}
[3.488057] (robomaster_msgs) StdoutLine: {'line': b'-- Up-to-date: /home/cricchetto/Robomaster_WS/install/robomaster_msgs/include/robomaster_msgs/robomaster_msgs/action/detail/move_arm__type_support.c\n'}
[3.488505] (robomaster_msgs) StdoutLine: {'line': b'-- Up-to-date: /home/cricchetto/Robomaster_WS/install/robomaster_msgs/include/robomaster_msgs/robomaster_msgs/action/detail/gripper_control__rosidl_typesupport_introspection_c.h\n'}
[3.488987] (robomaster_msgs) StdoutLine: {'line': b'-- Up-to-date: /home/cricchetto/Robomaster_WS/install/robomaster_msgs/include/robomaster_msgs/robomaster_msgs/action/detail/play_sound__rosidl_typesupport_introspection_c.h\n'}
[3.489457] (robomaster_msgs) StdoutLine: {'line': b'-- Up-to-date: /home/cricchetto/Robomaster_WS/install/robomaster_msgs/include/robomaster_msgs/robomaster_msgs/action/detail/move_arm__rosidl_typesupport_introspection_c.h\n'}
[3.489892] (robomaster_msgs) StdoutLine: {'line': b'-- Up-to-date: /home/cricchetto/Robomaster_WS/install/robomaster_msgs/include/robomaster_msgs/robomaster_msgs/action/detail/move_servo__type_support.c\n'}
[3.490398] (robomaster_msgs) StdoutLine: {'line': b'-- Up-to-date: /home/cricchetto/Robomaster_WS/install/robomaster_msgs/include/robomaster_msgs/robomaster_msgs/action/detail/recenter_gimbal__rosidl_typesupport_introspection_c.h\n'}
[3.491053] (robomaster_msgs) StdoutLine: {'line': b'-- Up-to-date: /home/cricchetto/Robomaster_WS/install/robomaster_msgs/include/robomaster_msgs/robomaster_msgs/action/detail/recenter_gimbal__type_support.c\n'}
[3.491717] (robomaster_msgs) StdoutLine: {'line': b'-- Up-to-date: /home/cricchetto/Robomaster_WS/install/robomaster_msgs/include/robomaster_msgs/robomaster_msgs/action/detail/move__rosidl_typesupport_introspection_c.h\n'}
[3.492155] (robomaster_msgs) StdoutLine: {'line': b'-- Up-to-date: /home/cricchetto/Robomaster_WS/install/robomaster_msgs/include/robomaster_msgs/robomaster_msgs/msg\n'}
[3.492574] (robomaster_msgs) StdoutLine: {'line': b'-- Up-to-date: /home/cricchetto/Robomaster_WS/install/robomaster_msgs/include/robomaster_msgs/robomaster_msgs/msg/detail\n'}
[3.493187] (robomaster_msgs) StdoutLine: {'line': b'-- Up-to-date: /home/cricchetto/Robomaster_WS/install/robomaster_msgs/include/robomaster_msgs/robomaster_msgs/msg/detail/mode__rosidl_typesupport_introspection_c.h\n'}
[3.493835] (robomaster_msgs) StdoutLine: {'line': b'-- Up-to-date: /home/cricchetto/Robomaster_WS/install/robomaster_msgs/include/robomaster_msgs/robomaster_msgs/msg/detail/h264_packet__type_support.c\n'}
[3.494236] (robomaster_msgs) StdoutLine: {'line': b'-- Up-to-date: /home/cricchetto/Robomaster_WS/install/robomaster_msgs/include/robomaster_msgs/robomaster_msgs/msg/detail/serial__type_support.c\n'}
[3.494709] (robomaster_msgs) StdoutLine: {'line': b'-- Up-to-date: /home/cricchetto/Robomaster_WS/install/robomaster_msgs/include/robomaster_msgs/robomaster_msgs/msg/detail/detection__rosidl_typesupport_introspection_c.h\n'}
[3.507495] (robomaster_msgs) StdoutLine: {'line': b'-- Up-to-date: /home/cricchetto/Robomaster_WS/install/robomaster_msgs/include/robomaster_msgs/robomaster_msgs/msg/detail/camera_config__type_support.c\n'}
[3.508308] (robomaster_msgs) StdoutLine: {'line': b'-- Up-to-date: /home/cricchetto/Robomaster_WS/install/robomaster_msgs/include/robomaster_msgs/robomaster_msgs/msg/detail/speaker_command__type_support.c\n'}
[3.508945] (robomaster_msgs) StdoutLine: {'line': b'-- Up-to-date: /home/cricchetto/Robomaster_WS/install/robomaster_msgs/include/robomaster_msgs/robomaster_msgs/msg/detail/detected_marker__type_support.c\n'}
[3.509702] (robomaster_msgs) StdoutLine: {'line': b'-- Up-to-date: /home/cricchetto/Robomaster_WS/install/robomaster_msgs/include/robomaster_msgs/robomaster_msgs/msg/detail/detected_person__type_support.c\n'}
[3.510330] (robomaster_msgs) StdoutLine: {'line': b'-- Up-to-date: /home/cricchetto/Robomaster_WS/install/robomaster_msgs/include/robomaster_msgs/robomaster_msgs/msg/detail/detected_marker__rosidl_typesupport_introspection_c.h\n'}
[3.510920] (robomaster_msgs) StdoutLine: {'line': b'-- Up-to-date: /home/cricchetto/Robomaster_WS/install/robomaster_msgs/include/robomaster_msgs/robomaster_msgs/msg/detail/s_bus__type_support.c\n'}
[3.511594] (robomaster_msgs) StdoutLine: {'line': b'-- Up-to-date: /home/cricchetto/Robomaster_WS/install/robomaster_msgs/include/robomaster_msgs/robomaster_msgs/msg/detail/gripper_state__rosidl_typesupport_introspection_c.h\n'}
[3.512083] (robomaster_msgs) StdoutLine: {'line': b'-- Up-to-date: /home/cricchetto/Robomaster_WS/install/robomaster_msgs/include/robomaster_msgs/robomaster_msgs/msg/detail/servo_raw_state__type_support.c\n'}
[3.512621] (robomaster_msgs) StdoutLine: {'line': b'-- Up-to-date: /home/cricchetto/Robomaster_WS/install/robomaster_msgs/include/robomaster_msgs/robomaster_msgs/msg/detail/region_of_interest__rosidl_typesupport_introspection_c.h\n'}
[3.513168] (robomaster_msgs) StdoutLine: {'line': b'-- Up-to-date: /home/cricchetto/Robomaster_WS/install/robomaster_msgs/include/robomaster_msgs/robomaster_msgs/msg/detail/servo_command__type_support.c\n'}
[3.513675] (robomaster_msgs) StdoutLine: {'line': b'-- Up-to-date: /home/cricchetto/Robomaster_WS/install/robomaster_msgs/include/robomaster_msgs/robomaster_msgs/msg/detail/audio_level__rosidl_typesupport_introspection_c.h\n'}
[3.514312] (robomaster_msgs) StdoutLine: {'line': b'-- Up-to-date: /home/cricchetto/Robomaster_WS/install/robomaster_msgs/include/robomaster_msgs/robomaster_msgs/msg/detail/detected_gesture__type_support.c\n'}
[3.514878] (robomaster_msgs) StdoutLine: {'line': b'-- Up-to-date: /home/cricchetto/Robomaster_WS/install/robomaster_msgs/include/robomaster_msgs/robomaster_msgs/msg/detail/detected_person__rosidl_typesupport_introspection_c.h\n'}
[3.515579] (robomaster_msgs) StdoutLine: {'line': b'-- Up-to-date: /home/cricchetto/Robomaster_WS/install/robomaster_msgs/include/robomaster_msgs/robomaster_msgs/msg/detail/camera_config__rosidl_typesupport_introspection_c.h\n'}
[3.516518] (robomaster_msgs) StdoutLine: {'line': b'-- Up-to-date: /home/cricchetto/Robomaster_WS/install/robomaster_msgs/include/robomaster_msgs/robomaster_msgs/msg/detail/chassis_status__type_support.c\n'}
[3.517218] (robomaster_msgs) StdoutLine: {'line': b'-- Up-to-date: /home/cricchetto/Robomaster_WS/install/robomaster_msgs/include/robomaster_msgs/robomaster_msgs/msg/detail/region_of_interest__type_support.c\n'}
[3.517873] (robomaster_msgs) StdoutLine: {'line': b'-- Up-to-date: /home/cricchetto/Robomaster_WS/install/robomaster_msgs/include/robomaster_msgs/robomaster_msgs/msg/detail/chassis_status__rosidl_typesupport_introspection_c.h\n'}
[3.518407] (robomaster_msgs) StdoutLine: {'line': b'-- Up-to-date: /home/cricchetto/Robomaster_WS/install/robomaster_msgs/include/robomaster_msgs/robomaster_msgs/msg/detail/pwm__rosidl_typesupport_introspection_c.h\n'}
[3.518921] (robomaster_msgs) StdoutLine: {'line': b'-- Up-to-date: /home/cricchetto/Robomaster_WS/install/robomaster_msgs/include/robomaster_msgs/robomaster_msgs/msg/detail/detected_robot__type_support.c\n'}
[3.533662] (robomaster_msgs) StdoutLine: {'line': b'-- Up-to-date: /home/cricchetto/Robomaster_WS/install/robomaster_msgs/include/robomaster_msgs/robomaster_msgs/msg/detail/audio_level__type_support.c\n'}
[3.534478] (robomaster_msgs) StdoutLine: {'line': b'-- Up-to-date: /home/cricchetto/Robomaster_WS/install/robomaster_msgs/include/robomaster_msgs/robomaster_msgs/msg/detail/speaker_command__rosidl_typesupport_introspection_c.h\n'}
[3.537819] (robomaster_msgs) StdoutLine: {'line': b'-- Up-to-date: /home/cricchetto/Robomaster_WS/install/robomaster_msgs/include/robomaster_msgs/robomaster_msgs/msg/detail/h264_packet__rosidl_typesupport_introspection_c.h\n'}
[3.539801] (robomaster_msgs) StdoutLine: {'line': b'-- Up-to-date: /home/cricchetto/Robomaster_WS/install/robomaster_msgs/include/robomaster_msgs/robomaster_msgs/msg/detail/detection__type_support.c\n'}
[3.540416] (robomaster_msgs) StdoutLine: {'line': b'-- Up-to-date: /home/cricchetto/Robomaster_WS/install/robomaster_msgs/include/robomaster_msgs/robomaster_msgs/msg/detail/blaster_led__type_support.c\n'}
[3.541004] (robomaster_msgs) StdoutLine: {'line': b'-- Up-to-date: /home/cricchetto/Robomaster_WS/install/robomaster_msgs/include/robomaster_msgs/robomaster_msgs/msg/detail/audio_opus__type_support.c\n'}
[3.541562] (robomaster_msgs) StdoutLine: {'line': b'-- Up-to-date: /home/cricchetto/Robomaster_WS/install/robomaster_msgs/include/robomaster_msgs/robomaster_msgs/msg/detail/led_effect__type_support.c\n'}
[3.542079] (robomaster_msgs) StdoutLine: {'line': b'-- Up-to-date: /home/cricchetto/Robomaster_WS/install/robomaster_msgs/include/robomaster_msgs/robomaster_msgs/msg/detail/wheel_speeds__rosidl_typesupport_introspection_c.h\n'}
[3.548115] (-) TimerEvent: {}
[3.552118] (robomaster_msgs) StdoutLine: {'line': b'-- Up-to-date: /home/cricchetto/Robomaster_WS/install/robomaster_msgs/include/robomaster_msgs/robomaster_msgs/msg/detail/pwm__type_support.c\n'}
[3.552884] (robomaster_msgs) StdoutLine: {'line': b'-- Up-to-date: /home/cricchetto/Robomaster_WS/install/robomaster_msgs/include/robomaster_msgs/robomaster_msgs/msg/detail/s_bus__rosidl_typesupport_introspection_c.h\n'}
[3.553450] (robomaster_msgs) StdoutLine: {'line': b'-- Up-to-date: /home/cricchetto/Robomaster_WS/install/robomaster_msgs/include/robomaster_msgs/robomaster_msgs/msg/detail/armor_hit__type_support.c\n'}
[3.554018] (robomaster_msgs) StdoutLine: {'line': b'-- Up-to-date: /home/cricchetto/Robomaster_WS/install/robomaster_msgs/include/robomaster_msgs/robomaster_msgs/msg/detail/detected_line__type_support.c\n'}
[3.554579] (robomaster_msgs) StdoutLine: {'line': b'-- Up-to-date: /home/cricchetto/Robomaster_WS/install/robomaster_msgs/include/robomaster_msgs/robomaster_msgs/msg/detail/serial__rosidl_typesupport_introspection_c.h\n'}
[3.555058] (robomaster_msgs) StdoutLine: {'line': b'-- Up-to-date: /home/cricchetto/Robomaster_WS/install/robomaster_msgs/include/robomaster_msgs/robomaster_msgs/msg/detail/sensor_adapter__rosidl_typesupport_introspection_c.h\n'}
[3.559431] (robomaster_msgs) StdoutLine: {'line': b'-- Up-to-date: /home/cricchetto/Robomaster_WS/install/robomaster_msgs/include/robomaster_msgs/robomaster_msgs/msg/detail/detected_robot__rosidl_typesupport_introspection_c.h\n'}
[3.560276] (robomaster_msgs) StdoutLine: {'line': b'-- Up-to-date: /home/cricchetto/Robomaster_WS/install/robomaster_msgs/include/robomaster_msgs/robomaster_msgs/msg/detail/audio_opus__rosidl_typesupport_introspection_c.h\n'}
[3.561128] (robomaster_msgs) StdoutLine: {'line': b'-- Up-to-date: /home/cricchetto/Robomaster_WS/install/robomaster_msgs/include/robomaster_msgs/robomaster_msgs/msg/detail/wheel_speeds__type_support.c\n'}
[3.561715] (robomaster_msgs) StdoutLine: {'line': b'-- Up-to-date: /home/cricchetto/Robomaster_WS/install/robomaster_msgs/include/robomaster_msgs/robomaster_msgs/msg/detail/mode__type_support.c\n'}
[3.562282] (robomaster_msgs) StdoutLine: {'line': b'-- Up-to-date: /home/cricchetto/Robomaster_WS/install/robomaster_msgs/include/robomaster_msgs/robomaster_msgs/msg/detail/servo_raw_state__rosidl_typesupport_introspection_c.h\n'}
[3.562776] (robomaster_msgs) StdoutLine: {'line': b'-- Up-to-date: /home/cricchetto/Robomaster_WS/install/robomaster_msgs/include/robomaster_msgs/robomaster_msgs/msg/detail/gripper_state__type_support.c\n'}
[3.570608] (robomaster_msgs) StdoutLine: {'line': b'-- Up-to-date: /home/cricchetto/Robomaster_WS/install/robomaster_msgs/include/robomaster_msgs/robomaster_msgs/msg/detail/blaster_led__rosidl_typesupport_introspection_c.h\n'}
[3.573190] (robomaster_msgs) StdoutLine: {'line': b'-- Up-to-date: /home/cricchetto/Robomaster_WS/install/robomaster_msgs/include/robomaster_msgs/robomaster_msgs/msg/detail/audio_data__type_support.c\n'}
[3.573801] (robomaster_msgs) StdoutLine: {'line': b'-- Up-to-date: /home/cricchetto/Robomaster_WS/install/robomaster_msgs/include/robomaster_msgs/robomaster_msgs/msg/detail/armor_hit__rosidl_typesupport_introspection_c.h\n'}
[3.574221] (robomaster_msgs) StdoutLine: {'line': b'-- Up-to-date: /home/cricchetto/Robomaster_WS/install/robomaster_msgs/include/robomaster_msgs/robomaster_msgs/msg/detail/sensor_adapter__type_support.c\n'}
[3.574717] (robomaster_msgs) StdoutLine: {'line': b'-- Up-to-date: /home/cricchetto/Robomaster_WS/install/robomaster_msgs/include/robomaster_msgs/robomaster_msgs/msg/detail/servo_command__rosidl_typesupport_introspection_c.h\n'}
[3.575361] (robomaster_msgs) StdoutLine: {'line': b'-- Up-to-date: /home/cricchetto/Robomaster_WS/install/robomaster_msgs/include/robomaster_msgs/robomaster_msgs/msg/detail/audio_data__rosidl_typesupport_introspection_c.h\n'}
[3.575904] (robomaster_msgs) StdoutLine: {'line': b'-- Up-to-date: /home/cricchetto/Robomaster_WS/install/robomaster_msgs/include/robomaster_msgs/robomaster_msgs/msg/detail/led_effect__rosidl_typesupport_introspection_c.h\n'}
[3.576413] (robomaster_msgs) StdoutLine: {'line': b'-- Up-to-date: /home/cricchetto/Robomaster_WS/install/robomaster_msgs/include/robomaster_msgs/robomaster_msgs/msg/detail/gimbal_command__type_support.c\n'}
[3.576998] (robomaster_msgs) StdoutLine: {'line': b'-- Up-to-date: /home/cricchetto/Robomaster_WS/install/robomaster_msgs/include/robomaster_msgs/robomaster_msgs/msg/detail/detected_line__rosidl_typesupport_introspection_c.h\n'}
[3.577423] (robomaster_msgs) StdoutLine: {'line': b'-- Up-to-date: /home/cricchetto/Robomaster_WS/install/robomaster_msgs/include/robomaster_msgs/robomaster_msgs/msg/detail/gimbal_command__rosidl_typesupport_introspection_c.h\n'}
[3.577795] (robomaster_msgs) StdoutLine: {'line': b'-- Up-to-date: /home/cricchetto/Robomaster_WS/install/robomaster_msgs/include/robomaster_msgs/robomaster_msgs/msg/detail/detected_gesture__rosidl_typesupport_introspection_c.h\n'}
[3.578265] (robomaster_msgs) StdoutLine: {'line': b'-- Up-to-date: /home/cricchetto/Robomaster_WS/install/robomaster_msgs/include/robomaster_msgs/robomaster_msgs/msg/rosidl_typesupport_introspection_c__visibility_control.h\n'}
[3.578757] (robomaster_msgs) StdoutLine: {'line': b'-- Up-to-date: /home/cricchetto/Robomaster_WS/install/robomaster_msgs/include/robomaster_msgs/robomaster_msgs/srv\n'}
[3.588229] (robomaster_msgs) StdoutLine: {'line': b'-- Up-to-date: /home/cricchetto/Robomaster_WS/install/robomaster_msgs/include/robomaster_msgs/robomaster_msgs/srv/detail\n'}
[3.588880] (robomaster_msgs) StdoutLine: {'line': b'-- Up-to-date: /home/cricchetto/Robomaster_WS/install/robomaster_msgs/include/robomaster_msgs/robomaster_msgs/srv/detail/get_adc__rosidl_typesupport_introspection_c.h\n'}
[3.589462] (robomaster_msgs) StdoutLine: {'line': b'-- Up-to-date: /home/cricchetto/Robomaster_WS/install/robomaster_msgs/include/robomaster_msgs/robomaster_msgs/srv/detail/get_servo_angle__type_support.c\n'}
[3.589951] (robomaster_msgs) StdoutLine: {'line': b'-- Up-to-date: /home/cricchetto/Robomaster_WS/install/robomaster_msgs/include/robomaster_msgs/robomaster_msgs/srv/detail/get_servo_angle__rosidl_typesupport_introspection_c.h\n'}
[3.590515] (robomaster_msgs) StdoutLine: {'line': b'-- Up-to-date: /home/cricchetto/Robomaster_WS/install/robomaster_msgs/include/robomaster_msgs/robomaster_msgs/srv/detail/get_pulse__type_support.c\n'}
[3.591032] (robomaster_msgs) StdoutLine: {'line': b'-- Up-to-date: /home/cricchetto/Robomaster_WS/install/robomaster_msgs/include/robomaster_msgs/robomaster_msgs/srv/detail/get_io__type_support.c\n'}
[3.591571] (robomaster_msgs) StdoutLine: {'line': b'-- Up-to-date: /home/cricchetto/Robomaster_WS/install/robomaster_msgs/include/robomaster_msgs/robomaster_msgs/srv/detail/get_pulse__rosidl_typesupport_introspection_c.h\n'}
[3.592036] (robomaster_msgs) StdoutLine: {'line': b'-- Up-to-date: /home/cricchetto/Robomaster_WS/install/robomaster_msgs/include/robomaster_msgs/robomaster_msgs/srv/detail/get_adc__type_support.c\n'}
[3.592521] (robomaster_msgs) StdoutLine: {'line': b'-- Up-to-date: /home/cricchetto/Robomaster_WS/install/robomaster_msgs/include/robomaster_msgs/robomaster_msgs/srv/detail/get_io__rosidl_typesupport_introspection_c.h\n'}
[3.593035] (robomaster_msgs) StdoutLine: {'line': b'-- Up-to-date: /home/cricchetto/Robomaster_WS/install/robomaster_msgs/lib/librobomaster_msgs__rosidl_typesupport_introspection_c.so\n'}
[3.593494] (robomaster_msgs) StdoutLine: {'line': b'-- Up-to-date: /home/cricchetto/Robomaster_WS/install/robomaster_msgs/lib/librobomaster_msgs__rosidl_typesupport_c.so\n'}
[3.594021] (robomaster_msgs) StdoutLine: {'line': b'-- Up-to-date: /home/cricchetto/Robomaster_WS/install/robomaster_msgs/include/robomaster_msgs/robomaster_msgs\n'}
[3.594496] (robomaster_msgs) StdoutLine: {'line': b'-- Up-to-date: /home/cricchetto/Robomaster_WS/install/robomaster_msgs/include/robomaster_msgs/robomaster_msgs/action\n'}
[3.594965] (robomaster_msgs) StdoutLine: {'line': b'-- Up-to-date: /home/cricchetto/Robomaster_WS/install/robomaster_msgs/include/robomaster_msgs/robomaster_msgs/action/move_arm.hpp\n'}
[3.605594] (robomaster_msgs) StdoutLine: {'line': b'-- Up-to-date: /home/cricchetto/Robomaster_WS/install/robomaster_msgs/include/robomaster_msgs/robomaster_msgs/action/move.hpp\n'}
[3.606829] (robomaster_msgs) StdoutLine: {'line': b'-- Up-to-date: /home/cricchetto/Robomaster_WS/install/robomaster_msgs/include/robomaster_msgs/robomaster_msgs/action/play_sound.hpp\n'}
[3.607766] (robomaster_msgs) StdoutLine: {'line': b'-- Up-to-date: /home/cricchetto/Robomaster_WS/install/robomaster_msgs/include/robomaster_msgs/robomaster_msgs/action/gripper_control.hpp\n'}
[3.608418] (robomaster_msgs) StdoutLine: {'line': b'-- Up-to-date: /home/cricchetto/Robomaster_WS/install/robomaster_msgs/include/robomaster_msgs/robomaster_msgs/action/recenter_gimbal.hpp\n'}
[3.608898] (robomaster_msgs) StdoutLine: {'line': b'-- Up-to-date: /home/cricchetto/Robomaster_WS/install/robomaster_msgs/include/robomaster_msgs/robomaster_msgs/action/move_servo.hpp\n'}
[3.609410] (robomaster_msgs) StdoutLine: {'line': b'-- Up-to-date: /home/cricchetto/Robomaster_WS/install/robomaster_msgs/include/robomaster_msgs/robomaster_msgs/action/detail\n'}
[3.610030] (robomaster_msgs) StdoutLine: {'line': b'-- Up-to-date: /home/cricchetto/Robomaster_WS/install/robomaster_msgs/include/robomaster_msgs/robomaster_msgs/action/detail/play_sound__struct.hpp\n'}
[3.610518] (robomaster_msgs) StdoutLine: {'line': b'-- Up-to-date: /home/cricchetto/Robomaster_WS/install/robomaster_msgs/include/robomaster_msgs/robomaster_msgs/action/detail/recenter_gimbal__traits.hpp\n'}
[3.611062] (robomaster_msgs) StdoutLine: {'line': b'-- Up-to-date: /home/cricchetto/Robomaster_WS/install/robomaster_msgs/include/robomaster_msgs/robomaster_msgs/action/detail/move_arm__type_support.hpp\n'}
[3.620469] (robomaster_msgs) StdoutLine: {'line': b'-- Up-to-date: /home/cricchetto/Robomaster_WS/install/robomaster_msgs/include/robomaster_msgs/robomaster_msgs/action/detail/gripper_control__type_support.hpp\n'}
[3.621117] (robomaster_msgs) StdoutLine: {'line': b'-- Up-to-date: /home/cricchetto/Robomaster_WS/install/robomaster_msgs/include/robomaster_msgs/robomaster_msgs/action/detail/move_servo__struct.hpp\n'}
[3.621684] (robomaster_msgs) StdoutLine: {'line': b'-- Up-to-date: /home/cricchetto/Robomaster_WS/install/robomaster_msgs/include/robomaster_msgs/robomaster_msgs/action/detail/move__struct.hpp\n'}
[3.622304] (robomaster_msgs) StdoutLine: {'line': b'-- Up-to-date: /home/cricchetto/Robomaster_WS/install/robomaster_msgs/include/robomaster_msgs/robomaster_msgs/action/detail/move__type_support.hpp\n'}
[3.622996] (robomaster_msgs) StdoutLine: {'line': b'-- Up-to-date: /home/cricchetto/Robomaster_WS/install/robomaster_msgs/include/robomaster_msgs/robomaster_msgs/action/detail/play_sound__traits.hpp\n'}
[3.623611] (robomaster_msgs) StdoutLine: {'line': b'-- Up-to-date: /home/cricchetto/Robomaster_WS/install/robomaster_msgs/include/robomaster_msgs/robomaster_msgs/action/detail/move_servo__type_support.hpp\n'}
[3.624283] (robomaster_msgs) StdoutLine: {'line': b'-- Up-to-date: /home/cricchetto/Robomaster_WS/install/robomaster_msgs/include/robomaster_msgs/robomaster_msgs/action/detail/move_arm__struct.hpp\n'}
[3.624945] (robomaster_msgs) StdoutLine: {'line': b'-- Up-to-date: /home/cricchetto/Robomaster_WS/install/robomaster_msgs/include/robomaster_msgs/robomaster_msgs/action/detail/recenter_gimbal__type_support.hpp\n'}
[3.625516] (robomaster_msgs) StdoutLine: {'line': b'-- Up-to-date: /home/cricchetto/Robomaster_WS/install/robomaster_msgs/include/robomaster_msgs/robomaster_msgs/action/detail/recenter_gimbal__builder.hpp\n'}
[3.626073] (robomaster_msgs) StdoutLine: {'line': b'-- Up-to-date: /home/cricchetto/Robomaster_WS/install/robomaster_msgs/include/robomaster_msgs/robomaster_msgs/action/detail/move_arm__traits.hpp\n'}
[3.626698] (robomaster_msgs) StdoutLine: {'line': b'-- Up-to-date: /home/cricchetto/Robomaster_WS/install/robomaster_msgs/include/robomaster_msgs/robomaster_msgs/action/detail/move_gimbal__struct.hpp\n'}
[3.627538] (robomaster_msgs) StdoutLine: {'line': b'-- Up-to-date: /home/cricchetto/Robomaster_WS/install/robomaster_msgs/include/robomaster_msgs/robomaster_msgs/action/detail/move_gimbal__builder.hpp\n'}
[3.628102] (robomaster_msgs) StdoutLine: {'line': b'-- Up-to-date: /home/cricchetto/Robomaster_WS/install/robomaster_msgs/include/robomaster_msgs/robomaster_msgs/action/detail/play_sound__type_support.hpp\n'}
[3.628657] (robomaster_msgs) StdoutLine: {'line': b'-- Up-to-date: /home/cricchetto/Robomaster_WS/install/robomaster_msgs/include/robomaster_msgs/robomaster_msgs/action/detail/play_sound__builder.hpp\n'}
[3.629213] (robomaster_msgs) StdoutLine: {'line': b'-- Up-to-date: /home/cricchetto/Robomaster_WS/install/robomaster_msgs/include/robomaster_msgs/robomaster_msgs/action/detail/move__builder.hpp\n'}
[3.629738] (robomaster_msgs) StdoutLine: {'line': b'-- Up-to-date: /home/cricchetto/Robomaster_WS/install/robomaster_msgs/include/robomaster_msgs/robomaster_msgs/action/detail/recenter_gimbal__struct.hpp\n'}
[3.630246] (robomaster_msgs) StdoutLine: {'line': b'-- Up-to-date: /home/cricchetto/Robomaster_WS/install/robomaster_msgs/include/robomaster_msgs/robomaster_msgs/action/detail/move_arm__builder.hpp\n'}
[3.630782] (robomaster_msgs) StdoutLine: {'line': b'-- Up-to-date: /home/cricchetto/Robomaster_WS/install/robomaster_msgs/include/robomaster_msgs/robomaster_msgs/action/detail/move_gimbal__traits.hpp\n'}
[3.645426] (robomaster_msgs) StdoutLine: {'line': b'-- Up-to-date: /home/cricchetto/Robomaster_WS/install/robomaster_msgs/include/robomaster_msgs/robomaster_msgs/action/detail/gripper_control__struct.hpp\n'}
[3.646165] (robomaster_msgs) StdoutLine: {'line': b'-- Up-to-date: /home/cricchetto/Robomaster_WS/install/robomaster_msgs/include/robomaster_msgs/robomaster_msgs/action/detail/move_gimbal__type_support.hpp\n'}
[3.646825] (robomaster_msgs) StdoutLine: {'line': b'-- Up-to-date: /home/cricchetto/Robomaster_WS/install/robomaster_msgs/include/robomaster_msgs/robomaster_msgs/action/detail/move__traits.hpp\n'}
[3.647426] (robomaster_msgs) StdoutLine: {'line': b'-- Up-to-date: /home/cricchetto/Robomaster_WS/install/robomaster_msgs/include/robomaster_msgs/robomaster_msgs/action/detail/move_servo__traits.hpp\n'}
[3.648098] (robomaster_msgs) StdoutLine: {'line': b'-- Up-to-date: /home/cricchetto/Robomaster_WS/install/robomaster_msgs/include/robomaster_msgs/robomaster_msgs/action/detail/move_servo__builder.hpp\n'}
[3.648601] (-) TimerEvent: {}
[3.655496] (robomaster_msgs) StdoutLine: {'line': b'-- Up-to-date: /home/cricchetto/Robomaster_WS/install/robomaster_msgs/include/robomaster_msgs/robomaster_msgs/action/detail/gripper_control__builder.hpp\n'}
[3.656014] (robomaster_msgs) StdoutLine: {'line': b'-- Up-to-date: /home/cricchetto/Robomaster_WS/install/robomaster_msgs/include/robomaster_msgs/robomaster_msgs/action/detail/gripper_control__traits.hpp\n'}
[3.656346] (robomaster_msgs) StdoutLine: {'line': b'-- Up-to-date: /home/cricchetto/Robomaster_WS/install/robomaster_msgs/include/robomaster_msgs/robomaster_msgs/action/move_gimbal.hpp\n'}
[3.656673] (robomaster_msgs) StdoutLine: {'line': b'-- Up-to-date: /home/cricchetto/Robomaster_WS/install/robomaster_msgs/include/robomaster_msgs/robomaster_msgs/msg\n'}
[3.656993] (robomaster_msgs) StdoutLine: {'line': b'-- Up-to-date: /home/cricchetto/Robomaster_WS/install/robomaster_msgs/include/robomaster_msgs/robomaster_msgs/msg/detected_marker.hpp\n'}
[3.657419] (robomaster_msgs) StdoutLine: {'line': b'-- Up-to-date: /home/cricchetto/Robomaster_WS/install/robomaster_msgs/include/robomaster_msgs/robomaster_msgs/msg/region_of_interest.hpp\n'}
[3.657798] (robomaster_msgs) StdoutLine: {'line': b'-- Up-to-date: /home/cricchetto/Robomaster_WS/install/robomaster_msgs/include/robomaster_msgs/robomaster_msgs/msg/h264_packet.hpp\n'}
[3.658165] (robomaster_msgs) StdoutLine: {'line': b'-- Up-to-date: /home/cricchetto/Robomaster_WS/install/robomaster_msgs/include/robomaster_msgs/robomaster_msgs/msg/servo_raw_state.hpp\n'}
[3.658555] (robomaster_msgs) StdoutLine: {'line': b'-- Up-to-date: /home/cricchetto/Robomaster_WS/install/robomaster_msgs/include/robomaster_msgs/robomaster_msgs/msg/mode.hpp\n'}
[3.658971] (robomaster_msgs) StdoutLine: {'line': b'-- Up-to-date: /home/cricchetto/Robomaster_WS/install/robomaster_msgs/include/robomaster_msgs/robomaster_msgs/msg/audio_opus.hpp\n'}
[3.659601] (robomaster_msgs) StdoutLine: {'line': b'-- Up-to-date: /home/cricchetto/Robomaster_WS/install/robomaster_msgs/include/robomaster_msgs/robomaster_msgs/msg/gimbal_command.hpp\n'}
[3.661052] (robomaster_msgs) StdoutLine: {'line': b'-- Up-to-date: /home/cricchetto/Robomaster_WS/install/robomaster_msgs/include/robomaster_msgs/robomaster_msgs/msg/sensor_adapter.hpp\n'}
[3.662507] (robomaster_msgs) StdoutLine: {'line': b'-- Up-to-date: /home/cricchetto/Robomaster_WS/install/robomaster_msgs/include/robomaster_msgs/robomaster_msgs/msg/pwm.hpp\n'}
[3.663229] (robomaster_msgs) StdoutLine: {'line': b'-- Up-to-date: /home/cricchetto/Robomaster_WS/install/robomaster_msgs/include/robomaster_msgs/robomaster_msgs/msg/s_bus.hpp\n'}
[3.664354] (robomaster_msgs) StdoutLine: {'line': b'-- Up-to-date: /home/cricchetto/Robomaster_WS/install/robomaster_msgs/include/robomaster_msgs/robomaster_msgs/msg/detected_line.hpp\n'}
[3.665640] (robomaster_msgs) StdoutLine: {'line': b'-- Up-to-date: /home/cricchetto/Robomaster_WS/install/robomaster_msgs/include/robomaster_msgs/robomaster_msgs/msg/chassis_status.hpp\n'}
[3.666945] (robomaster_msgs) StdoutLine: {'line': b'-- Up-to-date: /home/cricchetto/Robomaster_WS/install/robomaster_msgs/include/robomaster_msgs/robomaster_msgs/msg/led_effect.hpp\n'}
[3.668831] (robomaster_msgs) StdoutLine: {'line': b'-- Up-to-date: /home/cricchetto/Robomaster_WS/install/robomaster_msgs/include/robomaster_msgs/robomaster_msgs/msg/detected_person.hpp\n'}
[3.669794] (robomaster_msgs) StdoutLine: {'line': b'-- Up-to-date: /home/cricchetto/Robomaster_WS/install/robomaster_msgs/include/robomaster_msgs/robomaster_msgs/msg/wheel_speeds.hpp\n'}
[3.671615] (explore_lite) StdoutLine: {'line': b'[ 20%] Built target gtest_main\n'}
[3.672299] (robomaster_msgs) StdoutLine: {'line': b'-- Up-to-date: /home/cricchetto/Robomaster_WS/install/robomaster_msgs/include/robomaster_msgs/robomaster_msgs/msg/detected_gesture.hpp\n'}
[3.672740] (robomaster_msgs) StdoutLine: {'line': b'-- Up-to-date: /home/cricchetto/Robomaster_WS/install/robomaster_msgs/include/robomaster_msgs/robomaster_msgs/msg/detected_robot.hpp\n'}
[3.673248] (robomaster_msgs) StdoutLine: {'line': b'-- Up-to-date: /home/cricchetto/Robomaster_WS/install/robomaster_msgs/include/robomaster_msgs/robomaster_msgs/msg/speaker_command.hpp\n'}
[3.673801] (robomaster_msgs) StdoutLine: {'line': b'-- Up-to-date: /home/cricchetto/Robomaster_WS/install/robomaster_msgs/include/robomaster_msgs/robomaster_msgs/msg/serial.hpp\n'}
[3.674235] (robomaster_msgs) StdoutLine: {'line': b'-- Up-to-date: /home/cricchetto/Robomaster_WS/install/robomaster_msgs/include/robomaster_msgs/robomaster_msgs/msg/audio_level.hpp\n'}
[3.674654] (robomaster_msgs) StdoutLine: {'line': b'-- Up-to-date: /home/cricchetto/Robomaster_WS/install/robomaster_msgs/include/robomaster_msgs/robomaster_msgs/msg/armor_hit.hpp\n'}
[3.675249] (robomaster_msgs) StdoutLine: {'line': b'-- Up-to-date: /home/cricchetto/Robomaster_WS/install/robomaster_msgs/include/robomaster_msgs/robomaster_msgs/msg/gripper_state.hpp\n'}
[3.675721] (robomaster_msgs) StdoutLine: {'line': b'-- Up-to-date: /home/cricchetto/Robomaster_WS/install/robomaster_msgs/include/robomaster_msgs/robomaster_msgs/msg/audio_data.hpp\n'}
[3.676102] (robomaster_msgs) StdoutLine: {'line': b'-- Up-to-date: /home/cricchetto/Robomaster_WS/install/robomaster_msgs/include/robomaster_msgs/robomaster_msgs/msg/detail\n'}
[3.676542] (robomaster_msgs) StdoutLine: {'line': b'-- Up-to-date: /home/cricchetto/Robomaster_WS/install/robomaster_msgs/include/robomaster_msgs/robomaster_msgs/msg/detail/audio_data__traits.hpp\n'}
[3.677141] (robomaster_msgs) StdoutLine: {'line': b'-- Up-to-date: /home/cricchetto/Robomaster_WS/install/robomaster_msgs/include/robomaster_msgs/robomaster_msgs/msg/detail/mode__traits.hpp\n'}
[3.677701] (robomaster_msgs) StdoutLine: {'line': b'-- Up-to-date: /home/cricchetto/Robomaster_WS/install/robomaster_msgs/include/robomaster_msgs/robomaster_msgs/msg/detail/serial__struct.hpp\n'}
[3.678498] (robomaster_msgs) StdoutLine: {'line': b'-- Up-to-date: /home/cricchetto/Robomaster_WS/install/robomaster_msgs/include/robomaster_msgs/robomaster_msgs/msg/detail/detected_person__builder.hpp\n'}
[3.680139] (robomaster_msgs) StdoutLine: {'line': b'-- Up-to-date: /home/cricchetto/Robomaster_WS/install/robomaster_msgs/include/robomaster_msgs/robomaster_msgs/msg/detail/speaker_command__builder.hpp\n'}
[3.681335] (robomaster_msgs) StdoutLine: {'line': b'-- Up-to-date: /home/cricchetto/Robomaster_WS/install/robomaster_msgs/include/robomaster_msgs/robomaster_msgs/msg/detail/detection__struct.hpp\n'}
[3.682910] (explore_lite) StdoutLine: {'line': b'[ 40%] Built target gtest\n'}
[3.683816] (robomaster_msgs) StdoutLine: {'line': b'-- Up-to-date: /home/cricchetto/Robomaster_WS/install/robomaster_msgs/include/robomaster_msgs/robomaster_msgs/msg/detail/detected_gesture__struct.hpp\n'}
[3.684930] (robomaster_msgs) StdoutLine: {'line': b'-- Up-to-date: /home/cricchetto/Robomaster_WS/install/robomaster_msgs/include/robomaster_msgs/robomaster_msgs/msg/detail/detected_robot__builder.hpp\n'}
[3.685521] (robomaster_msgs) StdoutLine: {'line': b'-- Up-to-date: /home/cricchetto/Robomaster_WS/install/robomaster_msgs/include/robomaster_msgs/robomaster_msgs/msg/detail/audio_level__traits.hpp\n'}
[3.686637] (robomaster_msgs) StdoutLine: {'line': b'-- Up-to-date: /home/cricchetto/Robomaster_WS/install/robomaster_msgs/include/robomaster_msgs/robomaster_msgs/msg/detail/led_effect__type_support.hpp\n'}
[3.687823] (robomaster_msgs) StdoutLine: {'line': b'-- Up-to-date: /home/cricchetto/Robomaster_WS/install/robomaster_msgs/include/robomaster_msgs/robomaster_msgs/msg/detail/chassis_status__traits.hpp\n'}
[3.688965] (robomaster_msgs) StdoutLine: {'line': b'-- Up-to-date: /home/cricchetto/Robomaster_WS/install/robomaster_msgs/include/robomaster_msgs/robomaster_msgs/msg/detail/detected_gesture__type_support.hpp\n'}
[3.689900] (robomaster_msgs) StdoutLine: {'line': b'-- Up-to-date: /home/cricchetto/Robomaster_WS/install/robomaster_msgs/include/robomaster_msgs/robomaster_msgs/msg/detail/wheel_speeds__traits.hpp\n'}
[3.690883] (robomaster_msgs) StdoutLine: {'line': b'-- Up-to-date: /home/cricchetto/Robomaster_WS/install/robomaster_msgs/include/robomaster_msgs/robomaster_msgs/msg/detail/wheel_speeds__type_support.hpp\n'}
[3.691972] (robomaster_msgs) StdoutLine: {'line': b'-- Up-to-date: /home/cricchetto/Robomaster_WS/install/robomaster_msgs/include/robomaster_msgs/robomaster_msgs/msg/detail/region_of_interest__struct.hpp\n'}
[3.693071] (robomaster_msgs) StdoutLine: {'line': b'-- Up-to-date: /home/cricchetto/Robomaster_WS/install/robomaster_msgs/include/robomaster_msgs/robomaster_msgs/msg/detail/detected_line__type_support.hpp\n'}
[3.694290] (robomaster_msgs) StdoutLine: {'line': b'-- Up-to-date: /home/cricchetto/Robomaster_WS/install/robomaster_msgs/include/robomaster_msgs/robomaster_msgs/msg/detail/serial__builder.hpp\n'}
[3.695610] (robomaster_msgs) StdoutLine: {'line': b'-- Up-to-date: /home/cricchetto/Robomaster_WS/install/robomaster_msgs/include/robomaster_msgs/robomaster_msgs/msg/detail/detected_line__traits.hpp\n'}
[3.696559] (robomaster_msgs) StdoutLine: {'line': b'-- Up-to-date: /home/cricchetto/Robomaster_WS/install/robomaster_msgs/include/robomaster_msgs/robomaster_msgs/msg/detail/detected_robot__traits.hpp\n'}
[3.697745] (robomaster_msgs) StdoutLine: {'line': b'-- Up-to-date: /home/cricchetto/Robomaster_WS/install/robomaster_msgs/include/robomaster_msgs/robomaster_msgs/msg/detail/wheel_speeds__struct.hpp\n'}
[3.698280] (robomaster_msgs) StdoutLine: {'line': b'-- Up-to-date: /home/cricchetto/Robomaster_WS/install/robomaster_msgs/include/robomaster_msgs/robomaster_msgs/msg/detail/audio_level__builder.hpp\n'}
[3.698715] (robomaster_msgs) StdoutLine: {'line': b'-- Up-to-date: /home/cricchetto/Robomaster_WS/install/robomaster_msgs/include/robomaster_msgs/robomaster_msgs/msg/detail/audio_level__type_support.hpp\n'}
[3.699343] (robomaster_msgs) StdoutLine: {'line': b'-- Up-to-date: /home/cricchetto/Robomaster_WS/install/robomaster_msgs/include/robomaster_msgs/robomaster_msgs/msg/detail/region_of_interest__type_support.hpp\n'}
[3.700128] (robomaster_msgs) StdoutLine: {'line': b'-- Up-to-date: /home/cricchetto/Robomaster_WS/install/robomaster_msgs/include/robomaster_msgs/robomaster_msgs/msg/detail/servo_command__struct.hpp\n'}
[3.700486] (robomaster_msgs) StdoutLine: {'line': b'-- Up-to-date: /home/cricchetto/Robomaster_WS/install/robomaster_msgs/include/robomaster_msgs/robomaster_msgs/msg/detail/servo_raw_state__builder.hpp\n'}
[3.700803] (robomaster_msgs) StdoutLine: {'line': b'-- Up-to-date: /home/cricchetto/Robomaster_WS/install/robomaster_msgs/include/robomaster_msgs/robomaster_msgs/msg/detail/armor_hit__struct.hpp\n'}
[3.701368] (robomaster_msgs) StdoutLine: {'line': b'-- Up-to-date: /home/cricchetto/Robomaster_WS/install/robomaster_msgs/include/robomaster_msgs/robomaster_msgs/msg/detail/sensor_adapter__type_support.hpp\n'}
[3.702409] (robomaster_msgs) StdoutLine: {'line': b'-- Up-to-date: /home/cricchetto/Robomaster_WS/install/robomaster_msgs/include/robomaster_msgs/robomaster_msgs/msg/detail/pwm__builder.hpp\n'}
[3.703184] (robomaster_msgs) StdoutLine: {'line': b'-- Up-to-date: /home/cricchetto/Robomaster_WS/install/robomaster_msgs/include/robomaster_msgs/robomaster_msgs/msg/detail/mode__struct.hpp\n'}
[3.704137] (robomaster_msgs) StdoutLine: {'line': b'-- Up-to-date: /home/cricchetto/Robomaster_WS/install/robomaster_msgs/include/robomaster_msgs/robomaster_msgs/msg/detail/speaker_command__type_support.hpp\n'}
[3.705104] (robomaster_msgs) StdoutLine: {'line': b'-- Up-to-date: /home/cricchetto/Robomaster_WS/install/robomaster_msgs/include/robomaster_msgs/robomaster_msgs/msg/detail/armor_hit__builder.hpp\n'}
[3.705890] (robomaster_msgs) StdoutLine: {'line': b'-- Up-to-date: /home/cricchetto/Robomaster_WS/install/robomaster_msgs/include/robomaster_msgs/robomaster_msgs/msg/detail/detected_gesture__builder.hpp\n'}
[3.706929] (robomaster_msgs) StdoutLine: {'line': b'-- Up-to-date: /home/cricchetto/Robomaster_WS/install/robomaster_msgs/include/robomaster_msgs/robomaster_msgs/msg/detail/audio_data__builder.hpp\n'}
[3.708032] (robomaster_msgs) StdoutLine: {'line': b'-- Up-to-date: /home/cricchetto/Robomaster_WS/install/robomaster_msgs/include/robomaster_msgs/robomaster_msgs/msg/detail/gimbal_command__traits.hpp\n'}
[3.708943] (robomaster_msgs) StdoutLine: {'line': b'-- Up-to-date: /home/cricchetto/Robomaster_WS/install/robomaster_msgs/include/robomaster_msgs/robomaster_msgs/msg/detail/gripper_state__traits.hpp\n'}
[3.709368] (robomaster_msgs) StdoutLine: {'line': b'-- Up-to-date: /home/cricchetto/Robomaster_WS/install/robomaster_msgs/include/robomaster_msgs/robomaster_msgs/msg/detail/mode__type_support.hpp\n'}
[3.709961] (explore_lite) StdoutLine: {'line': b'[ 80%] Built target explore\n'}
[3.710874] (robomaster_msgs) StdoutLine: {'line': b'-- Up-to-date: /home/cricchetto/Robomaster_WS/install/robomaster_msgs/include/robomaster_msgs/robomaster_msgs/msg/detail/h264_packet__struct.hpp\n'}
[3.711970] (robomaster_msgs) StdoutLine: {'line': b'-- Up-to-date: /home/cricchetto/Robomaster_WS/install/robomaster_msgs/include/robomaster_msgs/robomaster_msgs/msg/detail/sensor_adapter__builder.hpp\n'}
[3.713051] (robomaster_msgs) StdoutLine: {'line': b'-- Up-to-date: /home/cricchetto/Robomaster_WS/install/robomaster_msgs/include/robomaster_msgs/robomaster_msgs/msg/detail/audio_level__struct.hpp\n'}
[3.714100] (robomaster_msgs) StdoutLine: {'line': b'-- Up-to-date: /home/cricchetto/Robomaster_WS/install/robomaster_msgs/include/robomaster_msgs/robomaster_msgs/msg/detail/audio_opus__traits.hpp\n'}
[3.715189] (robomaster_msgs) StdoutLine: {'line': b'-- Up-to-date: /home/cricchetto/Robomaster_WS/install/robomaster_msgs/include/robomaster_msgs/robomaster_msgs/msg/detail/led_effect__struct.hpp\n'}
[3.716364] (robomaster_msgs) StdoutLine: {'line': b'-- Up-to-date: /home/cricchetto/Robomaster_WS/install/robomaster_msgs/include/robomaster_msgs/robomaster_msgs/msg/detail/detected_robot__struct.hpp\n'}
[3.717344] (robomaster_msgs) StdoutLine: {'line': b'-- Up-to-date: /home/cricchetto/Robomaster_WS/install/robomaster_msgs/include/robomaster_msgs/robomaster_msgs/msg/detail/sensor_adapter__traits.hpp\n'}
[3.718368] (robomaster_msgs) StdoutLine: {'line': b'-- Up-to-date: /home/cricchetto/Robomaster_WS/install/robomaster_msgs/include/robomaster_msgs/robomaster_msgs/msg/detail/serial__traits.hpp\n'}
[3.719459] (robomaster_msgs) StdoutLine: {'line': b'-- Up-to-date: /home/cricchetto/Robomaster_WS/install/robomaster_msgs/include/robomaster_msgs/robomaster_msgs/msg/detail/gimbal_command__builder.hpp\n'}
[3.720666] (robomaster_msgs) StdoutLine: {'line': b'-- Up-to-date: /home/cricchetto/Robomaster_WS/install/robomaster_msgs/include/robomaster_msgs/robomaster_msgs/msg/detail/audio_opus__struct.hpp\n'}
[3.721649] (robomaster_msgs) StdoutLine: {'line': b'-- Up-to-date: /home/cricchetto/Robomaster_WS/install/robomaster_msgs/include/robomaster_msgs/robomaster_msgs/msg/detail/blaster_led__type_support.hpp\n'}
[3.722979] (robomaster_msgs) StdoutLine: {'line': b'-- Up-to-date: /home/cricchetto/Robomaster_WS/install/robomaster_msgs/include/robomaster_msgs/robomaster_msgs/msg/detail/sensor_adapter__struct.hpp\n'}
[3.724352] (robomaster_msgs) StdoutLine: {'line': b'-- Up-to-date: /home/cricchetto/Robomaster_WS/install/robomaster_msgs/include/robomaster_msgs/robomaster_msgs/msg/detail/servo_raw_state__type_support.hpp\n'}
[3.725345] (robomaster_msgs) StdoutLine: {'line': b'-- Up-to-date: /home/cricchetto/Robomaster_WS/install/robomaster_msgs/include/robomaster_msgs/robomaster_msgs/msg/detail/detection__traits.hpp\n'}
[3.726610] (robomaster_msgs) StdoutLine: {'line': b'-- Up-to-date: /home/cricchetto/Robomaster_WS/install/robomaster_msgs/include/robomaster_msgs/robomaster_msgs/msg/detail/region_of_interest__traits.hpp\n'}
[3.727856] (robomaster_msgs) StdoutLine: {'line': b'-- Up-to-date: /home/cricchetto/Robomaster_WS/install/robomaster_msgs/include/robomaster_msgs/robomaster_msgs/msg/detail/servo_command__builder.hpp\n'}
[3.729564] (robomaster_msgs) StdoutLine: {'line': b'-- Up-to-date: /home/cricchetto/Robomaster_WS/install/robomaster_msgs/include/robomaster_msgs/robomaster_msgs/msg/detail/audio_data__struct.hpp\n'}
[3.731495] (robomaster_msgs) StdoutLine: {'line': b'-- Up-to-date: /home/cricchetto/Robomaster_WS/install/robomaster_msgs/include/robomaster_msgs/robomaster_msgs/msg/detail/detected_marker__traits.hpp\n'}
[3.732612] (robomaster_msgs) StdoutLine: {'line': b'-- Up-to-date: /home/cricchetto/Robomaster_WS/install/robomaster_msgs/include/robomaster_msgs/robomaster_msgs/msg/detail/h264_packet__traits.hpp\n'}
[3.733808] (robomaster_msgs) StdoutLine: {'line': b'-- Up-to-date: /home/cricchetto/Robomaster_WS/install/robomaster_msgs/include/robomaster_msgs/robomaster_msgs/msg/detail/gimbal_command__struct.hpp\n'}
[3.734855] (robomaster_msgs) StdoutLine: {'line': b'-- Up-to-date: /home/cricchetto/Robomaster_WS/install/robomaster_msgs/include/robomaster_msgs/robomaster_msgs/msg/detail/led_effect__builder.hpp\n'}
[3.735553] (robomaster_msgs) StdoutLine: {'line': b'-- Up-to-date: /home/cricchetto/Robomaster_WS/install/robomaster_msgs/include/robomaster_msgs/robomaster_msgs/msg/detail/detected_marker__type_support.hpp\n'}
[3.736424] (robomaster_msgs) StdoutLine: {'line': b'-- Up-to-date: /home/cricchetto/Robomaster_WS/install/robomaster_msgs/include/robomaster_msgs/robomaster_msgs/msg/detail/armor_hit__traits.hpp\n'}
[3.736933] (robomaster_msgs) StdoutLine: {'line': b'-- Up-to-date: /home/cricchetto/Robomaster_WS/install/robomaster_msgs/include/robomaster_msgs/robomaster_msgs/msg/detail/detection__type_support.hpp\n'}
[3.737299] (robomaster_msgs) StdoutLine: {'line': b'-- Up-to-date: /home/cricchetto/Robomaster_WS/install/robomaster_msgs/include/robomaster_msgs/robomaster_msgs/msg/detail/chassis_status__type_support.hpp\n'}
[3.737707] (robomaster_msgs) StdoutLine: {'line': b'-- Up-to-date: /home/cricchetto/Robomaster_WS/install/robomaster_msgs/include/robomaster_msgs/robomaster_msgs/msg/detail/speaker_command__struct.hpp\n'}
[3.738112] (robomaster_msgs) StdoutLine: {'line': b'-- Up-to-date: /home/cricchetto/Robomaster_WS/install/robomaster_msgs/include/robomaster_msgs/robomaster_msgs/msg/detail/blaster_led__struct.hpp\n'}
[3.738593] (robomaster_msgs) StdoutLine: {'line': b'-- Up-to-date: /home/cricchetto/Robomaster_WS/install/robomaster_msgs/include/robomaster_msgs/robomaster_msgs/msg/detail/gripper_state__type_support.hpp\n'}
[3.739476] (robomaster_msgs) StdoutLine: {'line': b'-- Up-to-date: /home/cricchetto/Robomaster_WS/install/robomaster_msgs/include/robomaster_msgs/robomaster_msgs/msg/detail/pwm__traits.hpp\n'}
[3.739961] (robomaster_msgs) StdoutLine: {'line': b'-- Up-to-date: /home/cricchetto/Robomaster_WS/install/robomaster_msgs/include/robomaster_msgs/robomaster_msgs/msg/detail/servo_raw_state__struct.hpp\n'}
[3.740452] (robomaster_msgs) StdoutLine: {'line': b'-- Up-to-date: /home/cricchetto/Robomaster_WS/install/robomaster_msgs/include/robomaster_msgs/robomaster_msgs/msg/detail/speaker_command__traits.hpp\n'}
[3.741430] (robomaster_msgs) StdoutLine: {'line': b'-- Up-to-date: /home/cricchetto/Robomaster_WS/install/robomaster_msgs/include/robomaster_msgs/robomaster_msgs/msg/detail/s_bus__builder.hpp\n'}
[3.742503] (robomaster_msgs) StdoutLine: {'line': b'-- Up-to-date: /home/cricchetto/Robomaster_WS/install/robomaster_msgs/include/robomaster_msgs/robomaster_msgs/msg/detail/audio_opus__type_support.hpp\n'}
[3.744140] (robomaster_msgs) StdoutLine: {'line': b'-- Up-to-date: /home/cricchetto/Robomaster_WS/install/robomaster_msgs/include/robomaster_msgs/robomaster_msgs/msg/detail/camera_config__type_support.hpp\n'}
[3.744928] (robomaster_msgs) StdoutLine: {'line': b'-- Up-to-date: /home/cricchetto/Robomaster_WS/install/robomaster_msgs/include/robomaster_msgs/robomaster_msgs/msg/detail/camera_config__struct.hpp\n'}
[3.745932] (robomaster_msgs) StdoutLine: {'line': b'-- Up-to-date: /home/cricchetto/Robomaster_WS/install/robomaster_msgs/include/robomaster_msgs/robomaster_msgs/msg/detail/pwm__struct.hpp\n'}
[3.746652] (robomaster_msgs) StdoutLine: {'line': b'-- Up-to-date: /home/cricchetto/Robomaster_WS/install/robomaster_msgs/include/robomaster_msgs/robomaster_msgs/msg/detail/serial__type_support.hpp\n'}
[3.747548] (robomaster_msgs) StdoutLine: {'line': b'-- Up-to-date: /home/cricchetto/Robomaster_WS/install/robomaster_msgs/include/robomaster_msgs/robomaster_msgs/msg/detail/h264_packet__type_support.hpp\n'}
[3.748065] (robomaster_msgs) StdoutLine: {'line': b'-- Up-to-date: /home/cricchetto/Robomaster_WS/install/robomaster_msgs/include/robomaster_msgs/robomaster_msgs/msg/detail/mode__builder.hpp\n'}
[3.748725] (-) TimerEvent: {}
[3.749893] (robomaster_msgs) StdoutLine: {'line': b'-- Up-to-date: /home/cricchetto/Robomaster_WS/install/robomaster_msgs/include/robomaster_msgs/robomaster_msgs/msg/detail/detected_gesture__traits.hpp\n'}
[3.750544] (robomaster_msgs) StdoutLine: {'line': b'-- Up-to-date: /home/cricchetto/Robomaster_WS/install/robomaster_msgs/include/robomaster_msgs/robomaster_msgs/msg/detail/audio_data__type_support.hpp\n'}
[3.751881] (robomaster_msgs) StdoutLine: {'line': b'-- Up-to-date: /home/cricchetto/Robomaster_WS/install/robomaster_msgs/include/robomaster_msgs/robomaster_msgs/msg/detail/wheel_speeds__builder.hpp\n'}
[3.752582] (robomaster_msgs) StdoutLine: {'line': b'-- Up-to-date: /home/cricchetto/Robomaster_WS/install/robomaster_msgs/include/robomaster_msgs/robomaster_msgs/msg/detail/gripper_state__struct.hpp\n'}
[3.753693] (robomaster_msgs) StdoutLine: {'line': b'-- Up-to-date: /home/cricchetto/Robomaster_WS/install/robomaster_msgs/include/robomaster_msgs/robomaster_msgs/msg/detail/audio_opus__builder.hpp\n'}
[3.755310] (robomaster_msgs) StdoutLine: {'line': b'-- Up-to-date: /home/cricchetto/Robomaster_WS/install/robomaster_msgs/include/robomaster_msgs/robomaster_msgs/msg/detail/h264_packet__builder.hpp\n'}
[3.756944] (robomaster_msgs) StdoutLine: {'line': b'-- Up-to-date: /home/cricchetto/Robomaster_WS/install/robomaster_msgs/include/robomaster_msgs/robomaster_msgs/msg/detail/chassis_status__struct.hpp\n'}
[3.761116] (robomaster_msgs) StdoutLine: {'line': b'-- Up-to-date: /home/cricchetto/Robomaster_WS/install/robomaster_msgs/include/robomaster_msgs/robomaster_msgs/msg/detail/servo_raw_state__traits.hpp\n'}
[3.762657] (robomaster_msgs) StdoutLine: {'line': b'-- Up-to-date: /home/cricchetto/Robomaster_WS/install/robomaster_msgs/include/robomaster_msgs/robomaster_msgs/msg/detail/detected_marker__builder.hpp\n'}
[3.763999] (robomaster_msgs) StdoutLine: {'line': b'-- Up-to-date: /home/cricchetto/Robomaster_WS/install/robomaster_msgs/include/robomaster_msgs/robomaster_msgs/msg/detail/servo_command__traits.hpp\n'}
[3.765557] (robomaster_msgs) StdoutLine: {'line': b'-- Up-to-date: /home/cricchetto/Robomaster_WS/install/robomaster_msgs/include/robomaster_msgs/robomaster_msgs/msg/detail/blaster_led__traits.hpp\n'}
[3.766130] (robomaster_msgs) StdoutLine: {'line': b'-- Up-to-date: /home/cricchetto/Robomaster_WS/install/robomaster_msgs/include/robomaster_msgs/robomaster_msgs/msg/detail/detected_robot__type_support.hpp\n'}
[3.766719] (robomaster_msgs) StdoutLine: {'line': b'-- Up-to-date: /home/cricchetto/Robomaster_WS/install/robomaster_msgs/include/robomaster_msgs/robomaster_msgs/msg/detail/s_bus__type_support.hpp\n'}
[3.767745] (robomaster_msgs) StdoutLine: {'line': b'-- Up-to-date: /home/cricchetto/Robomaster_WS/install/robomaster_msgs/include/robomaster_msgs/robomaster_msgs/msg/detail/detected_marker__struct.hpp\n'}
[3.768545] (robomaster_msgs) StdoutLine: {'line': b'-- Up-to-date: /home/cricchetto/Robomaster_WS/install/robomaster_msgs/include/robomaster_msgs/robomaster_msgs/msg/detail/pwm__type_support.hpp\n'}
[3.769594] (robomaster_msgs) StdoutLine: {'line': b'-- Up-to-date: /home/cricchetto/Robomaster_WS/install/robomaster_msgs/include/robomaster_msgs/robomaster_msgs/msg/detail/detection__builder.hpp\n'}
[3.770577] (robomaster_msgs) StdoutLine: {'line': b'-- Up-to-date: /home/cricchetto/Robomaster_WS/install/robomaster_msgs/include/robomaster_msgs/robomaster_msgs/msg/detail/detected_line__struct.hpp\n'}
[3.771671] (robomaster_msgs) StdoutLine: {'line': b'-- Up-to-date: /home/cricchetto/Robomaster_WS/install/robomaster_msgs/include/robomaster_msgs/robomaster_msgs/msg/detail/chassis_status__builder.hpp\n'}
[3.773110] (robomaster_msgs) StdoutLine: {'line': b'-- Up-to-date: /home/cricchetto/Robomaster_WS/install/robomaster_msgs/include/robomaster_msgs/robomaster_msgs/msg/detail/armor_hit__type_support.hpp\n'}
[3.774813] (robomaster_msgs) StdoutLine: {'line': b'-- Up-to-date: /home/cricchetto/Robomaster_WS/install/robomaster_msgs/include/robomaster_msgs/robomaster_msgs/msg/detail/camera_config__builder.hpp\n'}
[3.776054] (robomaster_msgs) StdoutLine: {'line': b'-- Up-to-date: /home/cricchetto/Robomaster_WS/install/robomaster_msgs/include/robomaster_msgs/robomaster_msgs/msg/detail/servo_command__type_support.hpp\n'}
[3.777147] (robomaster_msgs) StdoutLine: {'line': b'-- Up-to-date: /home/cricchetto/Robomaster_WS/install/robomaster_msgs/include/robomaster_msgs/robomaster_msgs/msg/detail/led_effect__traits.hpp\n'}
[3.778951] (robomaster_msgs) StdoutLine: {'line': b'-- Up-to-date: /home/cricchetto/Robomaster_WS/install/robomaster_msgs/include/robomaster_msgs/robomaster_msgs/msg/detail/detected_line__builder.hpp\n'}
[3.780591] (robomaster_msgs) StdoutLine: {'line': b'-- Up-to-date: /home/cricchetto/Robomaster_WS/install/robomaster_msgs/include/robomaster_msgs/robomaster_msgs/msg/detail/detected_person__struct.hpp\n'}
[3.783998] (robomaster_msgs) StdoutLine: {'line': b'-- Up-to-date: /home/cricchetto/Robomaster_WS/install/robomaster_msgs/include/robomaster_msgs/robomaster_msgs/msg/detail/s_bus__struct.hpp\n'}
[3.785172] (robomaster_msgs) StdoutLine: {'line': b'-- Up-to-date: /home/cricchetto/Robomaster_WS/install/robomaster_msgs/include/robomaster_msgs/robomaster_msgs/msg/detail/gripper_state__builder.hpp\n'}
[3.786267] (robomaster_msgs) StdoutLine: {'line': b'-- Up-to-date: /home/cricchetto/Robomaster_WS/install/robomaster_msgs/include/robomaster_msgs/robomaster_msgs/msg/detail/gimbal_command__type_support.hpp\n'}
[3.787588] (robomaster_msgs) StdoutLine: {'line': b'-- Up-to-date: /home/cricchetto/Robomaster_WS/install/robomaster_msgs/include/robomaster_msgs/robomaster_msgs/msg/detail/camera_config__traits.hpp\n'}
[3.788201] (robomaster_msgs) StdoutLine: {'line': b'-- Up-to-date: /home/cricchetto/Robomaster_WS/install/robomaster_msgs/include/robomaster_msgs/robomaster_msgs/msg/detail/detected_person__traits.hpp\n'}
[3.788698] (robomaster_msgs) StdoutLine: {'line': b'-- Up-to-date: /home/cricchetto/Robomaster_WS/install/robomaster_msgs/include/robomaster_msgs/robomaster_msgs/msg/detail/detected_person__type_support.hpp\n'}
[3.789186] (robomaster_msgs) StdoutLine: {'line': b'-- Up-to-date: /home/cricchetto/Robomaster_WS/install/robomaster_msgs/include/robomaster_msgs/robomaster_msgs/msg/detail/region_of_interest__builder.hpp\n'}
[3.789725] (robomaster_msgs) StdoutLine: {'line': b'-- Up-to-date: /home/cricchetto/Robomaster_WS/install/robomaster_msgs/include/robomaster_msgs/robomaster_msgs/msg/detail/s_bus__traits.hpp\n'}
[3.790124] (robomaster_msgs) StdoutLine: {'line': b'-- Up-to-date: /home/cricchetto/Robomaster_WS/install/robomaster_msgs/include/robomaster_msgs/robomaster_msgs/msg/detail/blaster_led__builder.hpp\n'}
[3.790486] (robomaster_msgs) StdoutLine: {'line': b'-- Up-to-date: /home/cricchetto/Robomaster_WS/install/robomaster_msgs/include/robomaster_msgs/robomaster_msgs/msg/servo_command.hpp\n'}
[3.790845] (robomaster_msgs) StdoutLine: {'line': b'-- Up-to-date: /home/cricchetto/Robomaster_WS/install/robomaster_msgs/include/robomaster_msgs/robomaster_msgs/msg/blaster_led.hpp\n'}
[3.791415] (robomaster_msgs) StdoutLine: {'line': b'-- Up-to-date: /home/cricchetto/Robomaster_WS/install/robomaster_msgs/include/robomaster_msgs/robomaster_msgs/msg/rosidl_generator_cpp__visibility_control.hpp\n'}
[3.792101] (robomaster_msgs) StdoutLine: {'line': b'-- Up-to-date: /home/cricchetto/Robomaster_WS/install/robomaster_msgs/include/robomaster_msgs/robomaster_msgs/msg/detection.hpp\n'}
[3.792547] (robomaster_msgs) StdoutLine: {'line': b'-- Up-to-date: /home/cricchetto/Robomaster_WS/install/robomaster_msgs/include/robomaster_msgs/robomaster_msgs/msg/camera_config.hpp\n'}
[3.792921] (robomaster_msgs) StdoutLine: {'line': b'-- Up-to-date: /home/cricchetto/Robomaster_WS/install/robomaster_msgs/include/robomaster_msgs/robomaster_msgs/srv\n'}
[3.793315] (robomaster_msgs) StdoutLine: {'line': b'-- Up-to-date: /home/cricchetto/Robomaster_WS/install/robomaster_msgs/include/robomaster_msgs/robomaster_msgs/srv/get_pulse.hpp\n'}
[3.793807] (robomaster_msgs) StdoutLine: {'line': b'-- Up-to-date: /home/cricchetto/Robomaster_WS/install/robomaster_msgs/include/robomaster_msgs/robomaster_msgs/srv/get_adc.hpp\n'}
[3.794237] (robomaster_msgs) StdoutLine: {'line': b'-- Up-to-date: /home/cricchetto/Robomaster_WS/install/robomaster_msgs/include/robomaster_msgs/robomaster_msgs/srv/get_servo_angle.hpp\n'}
[3.794587] (robomaster_msgs) StdoutLine: {'line': b'-- Up-to-date: /home/cricchetto/Robomaster_WS/install/robomaster_msgs/include/robomaster_msgs/robomaster_msgs/srv/detail\n'}
[3.795021] (robomaster_msgs) StdoutLine: {'line': b'-- Up-to-date: /home/cricchetto/Robomaster_WS/install/robomaster_msgs/include/robomaster_msgs/robomaster_msgs/srv/detail/get_servo_angle__builder.hpp\n'}
[3.795533] (robomaster_msgs) StdoutLine: {'line': b'-- Up-to-date: /home/cricchetto/Robomaster_WS/install/robomaster_msgs/include/robomaster_msgs/robomaster_msgs/srv/detail/get_pulse__struct.hpp\n'}
[3.796001] (robomaster_msgs) StdoutLine: {'line': b'-- Up-to-date: /home/cricchetto/Robomaster_WS/install/robomaster_msgs/include/robomaster_msgs/robomaster_msgs/srv/detail/get_adc__type_support.hpp\n'}
[3.796468] (robomaster_msgs) StdoutLine: {'line': b'-- Up-to-date: /home/cricchetto/Robomaster_WS/install/robomaster_msgs/include/robomaster_msgs/robomaster_msgs/srv/detail/get_io__traits.hpp\n'}
[3.797076] (robomaster_msgs) StdoutLine: {'line': b'-- Up-to-date: /home/cricchetto/Robomaster_WS/install/robomaster_msgs/include/robomaster_msgs/robomaster_msgs/srv/detail/get_io__struct.hpp\n'}
[3.797888] (robomaster_msgs) StdoutLine: {'line': b'-- Up-to-date: /home/cricchetto/Robomaster_WS/install/robomaster_msgs/include/robomaster_msgs/robomaster_msgs/srv/detail/get_adc__traits.hpp\n'}
[3.798423] (robomaster_msgs) StdoutLine: {'line': b'-- Up-to-date: /home/cricchetto/Robomaster_WS/install/robomaster_msgs/include/robomaster_msgs/robomaster_msgs/srv/detail/get_io__type_support.hpp\n'}
[3.799002] (robomaster_msgs) StdoutLine: {'line': b'-- Up-to-date: /home/cricchetto/Robomaster_WS/install/robomaster_msgs/include/robomaster_msgs/robomaster_msgs/srv/detail/get_servo_angle__struct.hpp\n'}
[3.811861] (robomaster_msgs) StdoutLine: {'line': b'-- Up-to-date: /home/cricchetto/Robomaster_WS/install/robomaster_msgs/include/robomaster_msgs/robomaster_msgs/srv/detail/get_servo_angle__traits.hpp\n'}
[3.812386] (robomaster_msgs) StdoutLine: {'line': b'-- Up-to-date: /home/cricchetto/Robomaster_WS/install/robomaster_msgs/include/robomaster_msgs/robomaster_msgs/srv/detail/get_pulse__builder.hpp\n'}
[3.812877] (robomaster_msgs) StdoutLine: {'line': b'-- Up-to-date: /home/cricchetto/Robomaster_WS/install/robomaster_msgs/include/robomaster_msgs/robomaster_msgs/srv/detail/get_io__builder.hpp\n'}
[3.813356] (robomaster_msgs) StdoutLine: {'line': b'-- Up-to-date: /home/cricchetto/Robomaster_WS/install/robomaster_msgs/include/robomaster_msgs/robomaster_msgs/srv/detail/get_pulse__type_support.hpp\n'}
[3.813831] (robomaster_msgs) StdoutLine: {'line': b'-- Up-to-date: /home/cricchetto/Robomaster_WS/install/robomaster_msgs/include/robomaster_msgs/robomaster_msgs/srv/detail/get_adc__builder.hpp\n'}
[3.814277] (robomaster_msgs) StdoutLine: {'line': b'-- Up-to-date: /home/cricchetto/Robomaster_WS/install/robomaster_msgs/include/robomaster_msgs/robomaster_msgs/srv/detail/get_adc__struct.hpp\n'}
[3.814798] (robomaster_msgs) StdoutLine: {'line': b'-- Up-to-date: /home/cricchetto/Robomaster_WS/install/robomaster_msgs/include/robomaster_msgs/robomaster_msgs/srv/detail/get_servo_angle__type_support.hpp\n'}
[3.815371] (robomaster_msgs) StdoutLine: {'line': b'-- Up-to-date: /home/cricchetto/Robomaster_WS/install/robomaster_msgs/include/robomaster_msgs/robomaster_msgs/srv/detail/get_pulse__traits.hpp\n'}
[3.815825] (robomaster_msgs) StdoutLine: {'line': b'-- Up-to-date: /home/cricchetto/Robomaster_WS/install/robomaster_msgs/include/robomaster_msgs/robomaster_msgs/srv/get_io.hpp\n'}
[3.816365] (robomaster_msgs) StdoutLine: {'line': b'-- Up-to-date: /home/cricchetto/Robomaster_WS/install/robomaster_msgs/include/robomaster_msgs/robomaster_msgs\n'}
[3.816912] (robomaster_msgs) StdoutLine: {'line': b'-- Up-to-date: /home/cricchetto/Robomaster_WS/install/robomaster_msgs/include/robomaster_msgs/robomaster_msgs/action\n'}
[3.817344] (robomaster_msgs) StdoutLine: {'line': b'-- Up-to-date: /home/cricchetto/Robomaster_WS/install/robomaster_msgs/include/robomaster_msgs/robomaster_msgs/action/detail\n'}
[3.817858] (robomaster_msgs) StdoutLine: {'line': b'-- Up-to-date: /home/cricchetto/Robomaster_WS/install/robomaster_msgs/include/robomaster_msgs/robomaster_msgs/action/detail/dds_fastrtps\n'}
[3.818469] (robomaster_msgs) StdoutLine: {'line': b'-- Up-to-date: /home/cricchetto/Robomaster_WS/install/robomaster_msgs/include/robomaster_msgs/robomaster_msgs/action/detail/gripper_control__rosidl_typesupport_fastrtps_cpp.hpp\n'}
[3.818994] (robomaster_msgs) StdoutLine: {'line': b'-- Up-to-date: /home/cricchetto/Robomaster_WS/install/robomaster_msgs/include/robomaster_msgs/robomaster_msgs/action/detail/move_servo__rosidl_typesupport_fastrtps_cpp.hpp\n'}
[3.819526] (robomaster_msgs) StdoutLine: {'line': b'-- Up-to-date: /home/cricchetto/Robomaster_WS/install/robomaster_msgs/include/robomaster_msgs/robomaster_msgs/action/detail/move__rosidl_typesupport_fastrtps_cpp.hpp\n'}
[3.819943] (robomaster_msgs) StdoutLine: {'line': b'-- Up-to-date: /home/cricchetto/Robomaster_WS/install/robomaster_msgs/include/robomaster_msgs/robomaster_msgs/action/detail/play_sound__rosidl_typesupport_fastrtps_cpp.hpp\n'}
[3.820344] (robomaster_msgs) StdoutLine: {'line': b'-- Up-to-date: /home/cricchetto/Robomaster_WS/install/robomaster_msgs/include/robomaster_msgs/robomaster_msgs/action/detail/move_gimbal__rosidl_typesupport_fastrtps_cpp.hpp\n'}
[3.820760] (robomaster_msgs) StdoutLine: {'line': b'-- Up-to-date: /home/cricchetto/Robomaster_WS/install/robomaster_msgs/include/robomaster_msgs/robomaster_msgs/action/detail/recenter_gimbal__rosidl_typesupport_fastrtps_cpp.hpp\n'}
[3.821262] (robomaster_msgs) StdoutLine: {'line': b'-- Up-to-date: /home/cricchetto/Robomaster_WS/install/robomaster_msgs/include/robomaster_msgs/robomaster_msgs/action/detail/move_arm__rosidl_typesupport_fastrtps_cpp.hpp\n'}
[3.821820] (robomaster_msgs) StdoutLine: {'line': b'-- Up-to-date: /home/cricchetto/Robomaster_WS/install/robomaster_msgs/include/robomaster_msgs/robomaster_msgs/msg\n'}
[3.822346] (robomaster_msgs) StdoutLine: {'line': b'-- Up-to-date: /home/cricchetto/Robomaster_WS/install/robomaster_msgs/include/robomaster_msgs/robomaster_msgs/msg/rosidl_typesupport_fastrtps_cpp__visibility_control.h\n'}
[3.822816] (robomaster_msgs) StdoutLine: {'line': b'-- Up-to-date: /home/cricchetto/Robomaster_WS/install/robomaster_msgs/include/robomaster_msgs/robomaster_msgs/msg/detail\n'}
[3.839640] (robomaster_msgs) StdoutLine: {'line': b'-- Up-to-date: /home/cricchetto/Robomaster_WS/install/robomaster_msgs/include/robomaster_msgs/robomaster_msgs/msg/detail/audio_level__rosidl_typesupport_fastrtps_cpp.hpp\n'}
[3.840304] (robomaster_msgs) StdoutLine: {'line': b'-- Up-to-date: /home/cricchetto/Robomaster_WS/install/robomaster_msgs/include/robomaster_msgs/robomaster_msgs/msg/detail/pwm__rosidl_typesupport_fastrtps_cpp.hpp\n'}
[3.841299] (robomaster_msgs) StdoutLine: {'line': b'-- Up-to-date: /home/cricchetto/Robomaster_WS/install/robomaster_msgs/include/robomaster_msgs/robomaster_msgs/msg/detail/dds_fastrtps\n'}
[3.842043] (robomaster_msgs) StdoutLine: {'line': b'-- Up-to-date: /home/cricchetto/Robomaster_WS/install/robomaster_msgs/include/robomaster_msgs/robomaster_msgs/msg/detail/h264_packet__rosidl_typesupport_fastrtps_cpp.hpp\n'}
[3.842664] (robomaster_msgs) StdoutLine: {'line': b'-- Up-to-date: /home/cricchetto/Robomaster_WS/install/robomaster_msgs/include/robomaster_msgs/robomaster_msgs/msg/detail/camera_config__rosidl_typesupport_fastrtps_cpp.hpp\n'}
[3.843341] (robomaster_msgs) StdoutLine: {'line': b'-- Up-to-date: /home/cricchetto/Robomaster_WS/install/robomaster_msgs/include/robomaster_msgs/robomaster_msgs/msg/detail/chassis_status__rosidl_typesupport_fastrtps_cpp.hpp\n'}
[3.844052] (robomaster_msgs) StdoutLine: {'line': b'-- Up-to-date: /home/cricchetto/Robomaster_WS/install/robomaster_msgs/include/robomaster_msgs/robomaster_msgs/msg/detail/mode__rosidl_typesupport_fastrtps_cpp.hpp\n'}
[3.844690] (robomaster_msgs) StdoutLine: {'line': b'-- Up-to-date: /home/cricchetto/Robomaster_WS/install/robomaster_msgs/include/robomaster_msgs/robomaster_msgs/msg/detail/detected_gesture__rosidl_typesupport_fastrtps_cpp.hpp\n'}
[3.845385] (robomaster_msgs) StdoutLine: {'line': b'-- Up-to-date: /home/cricchetto/Robomaster_WS/install/robomaster_msgs/include/robomaster_msgs/robomaster_msgs/msg/detail/gripper_state__rosidl_typesupport_fastrtps_cpp.hpp\n'}
[3.845969] (robomaster_msgs) StdoutLine: {'line': b'-- Up-to-date: /home/cricchetto/Robomaster_WS/install/robomaster_msgs/include/robomaster_msgs/robomaster_msgs/msg/detail/gimbal_command__rosidl_typesupport_fastrtps_cpp.hpp\n'}
[3.846585] (robomaster_msgs) StdoutLine: {'line': b'-- Up-to-date: /home/cricchetto/Robomaster_WS/install/robomaster_msgs/include/robomaster_msgs/robomaster_msgs/msg/detail/detected_marker__rosidl_typesupport_fastrtps_cpp.hpp\n'}
[3.847352] (robomaster_msgs) StdoutLine: {'line': b'-- Up-to-date: /home/cricchetto/Robomaster_WS/install/robomaster_msgs/include/robomaster_msgs/robomaster_msgs/msg/detail/servo_command__rosidl_typesupport_fastrtps_cpp.hpp\n'}
[3.847914] (robomaster_msgs) StdoutLine: {'line': b'-- Up-to-date: /home/cricchetto/Robomaster_WS/install/robomaster_msgs/include/robomaster_msgs/robomaster_msgs/msg/detail/detected_robot__rosidl_typesupport_fastrtps_cpp.hpp\n'}
[3.848477] (robomaster_msgs) StdoutLine: {'line': b'-- Up-to-date: /home/cricchetto/Robomaster_WS/install/robomaster_msgs/include/robomaster_msgs/robomaster_msgs/msg/detail/detection__rosidl_typesupport_fastrtps_cpp.hpp\n'}
[3.849134] (-) TimerEvent: {}
[3.859436] (robomaster_msgs) StdoutLine: {'line': b'-- Up-to-date: /home/cricchetto/Robomaster_WS/install/robomaster_msgs/include/robomaster_msgs/robomaster_msgs/msg/detail/sensor_adapter__rosidl_typesupport_fastrtps_cpp.hpp\n'}
[3.860213] (robomaster_msgs) StdoutLine: {'line': b'-- Up-to-date: /home/cricchetto/Robomaster_WS/install/robomaster_msgs/include/robomaster_msgs/robomaster_msgs/msg/detail/servo_raw_state__rosidl_typesupport_fastrtps_cpp.hpp\n'}
[3.861055] (robomaster_msgs) StdoutLine: {'line': b'-- Up-to-date: /home/cricchetto/Robomaster_WS/install/robomaster_msgs/include/robomaster_msgs/robomaster_msgs/msg/detail/audio_opus__rosidl_typesupport_fastrtps_cpp.hpp\n'}
[3.861705] (robomaster_msgs) StdoutLine: {'line': b'-- Up-to-date: /home/cricchetto/Robomaster_WS/install/robomaster_msgs/include/robomaster_msgs/robomaster_msgs/msg/detail/serial__rosidl_typesupport_fastrtps_cpp.hpp\n'}
[3.877926] (robomaster_msgs) StdoutLine: {'line': b'-- Up-to-date: /home/cricchetto/Robomaster_WS/install/robomaster_msgs/include/robomaster_msgs/robomaster_msgs/msg/detail/audio_data__rosidl_typesupport_fastrtps_cpp.hpp\n'}
[3.878813] (robomaster_msgs) StdoutLine: {'line': b'-- Up-to-date: /home/cricchetto/Robomaster_WS/install/robomaster_msgs/include/robomaster_msgs/robomaster_msgs/msg/detail/region_of_interest__rosidl_typesupport_fastrtps_cpp.hpp\n'}
[3.880145] (robomaster_msgs) StdoutLine: {'line': b'-- Up-to-date: /home/cricchetto/Robomaster_WS/install/robomaster_msgs/include/robomaster_msgs/robomaster_msgs/msg/detail/detected_person__rosidl_typesupport_fastrtps_cpp.hpp\n'}
[3.881503] (robomaster_msgs) StdoutLine: {'line': b'-- Up-to-date: /home/cricchetto/Robomaster_WS/install/robomaster_msgs/include/robomaster_msgs/robomaster_msgs/msg/detail/s_bus__rosidl_typesupport_fastrtps_cpp.hpp\n'}
[3.882629] (robomaster_msgs) StdoutLine: {'line': b'-- Up-to-date: /home/cricchetto/Robomaster_WS/install/robomaster_msgs/include/robomaster_msgs/robomaster_msgs/msg/detail/led_effect__rosidl_typesupport_fastrtps_cpp.hpp\n'}
[3.883469] (robomaster_msgs) StdoutLine: {'line': b'-- Up-to-date: /home/cricchetto/Robomaster_WS/install/robomaster_msgs/include/robomaster_msgs/robomaster_msgs/msg/detail/blaster_led__rosidl_typesupport_fastrtps_cpp.hpp\n'}
[3.883986] (robomaster_msgs) StdoutLine: {'line': b'-- Up-to-date: /home/cricchetto/Robomaster_WS/install/robomaster_msgs/include/robomaster_msgs/robomaster_msgs/msg/detail/wheel_speeds__rosidl_typesupport_fastrtps_cpp.hpp\n'}
[3.884376] (robomaster_msgs) StdoutLine: {'line': b'-- Up-to-date: /home/cricchetto/Robomaster_WS/install/robomaster_msgs/include/robomaster_msgs/robomaster_msgs/msg/detail/detected_line__rosidl_typesupport_fastrtps_cpp.hpp\n'}
[3.885550] (robomaster_msgs) StdoutLine: {'line': b'-- Up-to-date: /home/cricchetto/Robomaster_WS/install/robomaster_msgs/include/robomaster_msgs/robomaster_msgs/msg/detail/speaker_command__rosidl_typesupport_fastrtps_cpp.hpp\n'}
[3.885957] (robomaster_msgs) StdoutLine: {'line': b'-- Up-to-date: /home/cricchetto/Robomaster_WS/install/robomaster_msgs/include/robomaster_msgs/robomaster_msgs/msg/detail/armor_hit__rosidl_typesupport_fastrtps_cpp.hpp\n'}
[3.886408] (robomaster_msgs) StdoutLine: {'line': b'-- Up-to-date: /home/cricchetto/Robomaster_WS/install/robomaster_msgs/include/robomaster_msgs/robomaster_msgs/srv\n'}
[3.886799] (robomaster_msgs) StdoutLine: {'line': b'-- Up-to-date: /home/cricchetto/Robomaster_WS/install/robomaster_msgs/include/robomaster_msgs/robomaster_msgs/srv/detail\n'}
[3.887260] (robomaster_msgs) StdoutLine: {'line': b'-- Up-to-date: /home/cricchetto/Robomaster_WS/install/robomaster_msgs/include/robomaster_msgs/robomaster_msgs/srv/detail/dds_fastrtps\n'}
[3.887644] (robomaster_msgs) StdoutLine: {'line': b'-- Up-to-date: /home/cricchetto/Robomaster_WS/install/robomaster_msgs/include/robomaster_msgs/robomaster_msgs/srv/detail/get_adc__rosidl_typesupport_fastrtps_cpp.hpp\n'}
[3.888007] (robomaster_msgs) StdoutLine: {'line': b'-- Up-to-date: /home/cricchetto/Robomaster_WS/install/robomaster_msgs/include/robomaster_msgs/robomaster_msgs/srv/detail/get_servo_angle__rosidl_typesupport_fastrtps_cpp.hpp\n'}
[3.888453] (robomaster_msgs) StdoutLine: {'line': b'-- Up-to-date: /home/cricchetto/Robomaster_WS/install/robomaster_msgs/include/robomaster_msgs/robomaster_msgs/srv/detail/get_pulse__rosidl_typesupport_fastrtps_cpp.hpp\n'}
[3.888980] (robomaster_msgs) StdoutLine: {'line': b'-- Up-to-date: /home/cricchetto/Robomaster_WS/install/robomaster_msgs/include/robomaster_msgs/robomaster_msgs/srv/detail/get_io__rosidl_typesupport_fastrtps_cpp.hpp\n'}
[3.889432] (robomaster_msgs) StdoutLine: {'line': b'-- Up-to-date: /home/cricchetto/Robomaster_WS/install/robomaster_msgs/lib/librobomaster_msgs__rosidl_typesupport_fastrtps_cpp.so\n'}
[3.889906] (robomaster_msgs) StdoutLine: {'line': b'-- Up-to-date: /home/cricchetto/Robomaster_WS/install/robomaster_msgs/include/robomaster_msgs/robomaster_msgs\n'}
[3.890399] (robomaster_msgs) StdoutLine: {'line': b'-- Up-to-date: /home/cricchetto/Robomaster_WS/install/robomaster_msgs/include/robomaster_msgs/robomaster_msgs/action\n'}
[3.890919] (robomaster_msgs) StdoutLine: {'line': b'-- Up-to-date: /home/cricchetto/Robomaster_WS/install/robomaster_msgs/include/robomaster_msgs/robomaster_msgs/action/detail\n'}
[3.891498] (robomaster_msgs) StdoutLine: {'line': b'-- Up-to-date: /home/cricchetto/Robomaster_WS/install/robomaster_msgs/include/robomaster_msgs/robomaster_msgs/action/detail/move_servo__type_support.cpp\n'}
[3.892022] (robomaster_msgs) StdoutLine: {'line': b'-- Up-to-date: /home/cricchetto/Robomaster_WS/install/robomaster_msgs/include/robomaster_msgs/robomaster_msgs/action/detail/play_sound__type_support.cpp\n'}
[3.892473] (robomaster_msgs) StdoutLine: {'line': b'-- Up-to-date: /home/cricchetto/Robomaster_WS/install/robomaster_msgs/include/robomaster_msgs/robomaster_msgs/action/detail/gripper_control__type_support.cpp\n'}
[3.892897] (robomaster_msgs) StdoutLine: {'line': b'-- Up-to-date: /home/cricchetto/Robomaster_WS/install/robomaster_msgs/include/robomaster_msgs/robomaster_msgs/action/detail/move__rosidl_typesupport_introspection_cpp.hpp\n'}
[3.893385] (robomaster_msgs) StdoutLine: {'line': b'-- Up-to-date: /home/cricchetto/Robomaster_WS/install/robomaster_msgs/include/robomaster_msgs/robomaster_msgs/action/detail/play_sound__rosidl_typesupport_introspection_cpp.hpp\n'}
[3.893832] (robomaster_msgs) StdoutLine: {'line': b'-- Up-to-date: /home/cricchetto/Robomaster_WS/install/robomaster_msgs/include/robomaster_msgs/robomaster_msgs/action/detail/move_gimbal__type_support.cpp\n'}
[3.894290] (robomaster_msgs) StdoutLine: {'line': b'-- Up-to-date: /home/cricchetto/Robomaster_WS/install/robomaster_msgs/include/robomaster_msgs/robomaster_msgs/action/detail/move_gimbal__rosidl_typesupport_introspection_cpp.hpp\n'}
[3.894702] (robomaster_msgs) StdoutLine: {'line': b'-- Up-to-date: /home/cricchetto/Robomaster_WS/install/robomaster_msgs/include/robomaster_msgs/robomaster_msgs/action/detail/move_servo__rosidl_typesupport_introspection_cpp.hpp\n'}
[3.895238] (robomaster_msgs) StdoutLine: {'line': b'-- Up-to-date: /home/cricchetto/Robomaster_WS/install/robomaster_msgs/include/robomaster_msgs/robomaster_msgs/action/detail/recenter_gimbal__rosidl_typesupport_introspection_cpp.hpp\n'}
[3.897564] (robomaster_msgs) StdoutLine: {'line': b'-- Up-to-date: /home/cricchetto/Robomaster_WS/install/robomaster_msgs/include/robomaster_msgs/robomaster_msgs/action/detail/move_arm__type_support.cpp\n'}
[3.898074] (robomaster_msgs) StdoutLine: {'line': b'-- Up-to-date: /home/cricchetto/Robomaster_WS/install/robomaster_msgs/include/robomaster_msgs/robomaster_msgs/action/detail/gripper_control__rosidl_typesupport_introspection_cpp.hpp\n'}
[3.898495] (robomaster_msgs) StdoutLine: {'line': b'-- Up-to-date: /home/cricchetto/Robomaster_WS/install/robomaster_msgs/include/robomaster_msgs/robomaster_msgs/action/detail/move__type_support.cpp\n'}
[3.899008] (robomaster_msgs) StdoutLine: {'line': b'-- Up-to-date: /home/cricchetto/Robomaster_WS/install/robomaster_msgs/include/robomaster_msgs/robomaster_msgs/action/detail/move_arm__rosidl_typesupport_introspection_cpp.hpp\n'}
[3.899590] (robomaster_msgs) StdoutLine: {'line': b'-- Up-to-date: /home/cricchetto/Robomaster_WS/install/robomaster_msgs/include/robomaster_msgs/robomaster_msgs/action/detail/recenter_gimbal__type_support.cpp\n'}
[3.900039] (robomaster_msgs) StdoutLine: {'line': b'-- Up-to-date: /home/cricchetto/Robomaster_WS/install/robomaster_msgs/include/robomaster_msgs/robomaster_msgs/msg\n'}
[3.900443] (robomaster_msgs) StdoutLine: {'line': b'-- Up-to-date: /home/cricchetto/Robomaster_WS/install/robomaster_msgs/include/robomaster_msgs/robomaster_msgs/msg/detail\n'}
[3.900848] (robomaster_msgs) StdoutLine: {'line': b'-- Up-to-date: /home/cricchetto/Robomaster_WS/install/robomaster_msgs/include/robomaster_msgs/robomaster_msgs/msg/detail/blaster_led__rosidl_typesupport_introspection_cpp.hpp\n'}
[3.901172] (robomaster_msgs) StdoutLine: {'line': b'-- Up-to-date: /home/cricchetto/Robomaster_WS/install/robomaster_msgs/include/robomaster_msgs/robomaster_msgs/msg/detail/speaker_command__type_support.cpp\n'}
[3.901478] (robomaster_msgs) StdoutLine: {'line': b'-- Up-to-date: /home/cricchetto/Robomaster_WS/install/robomaster_msgs/include/robomaster_msgs/robomaster_msgs/msg/detail/chassis_status__type_support.cpp\n'}
[3.901778] (robomaster_msgs) StdoutLine: {'line': b'-- Up-to-date: /home/cricchetto/Robomaster_WS/install/robomaster_msgs/include/robomaster_msgs/robomaster_msgs/msg/detail/servo_raw_state__type_support.cpp\n'}
[3.902140] (robomaster_msgs) StdoutLine: {'line': b'-- Up-to-date: /home/cricchetto/Robomaster_WS/install/robomaster_msgs/include/robomaster_msgs/robomaster_msgs/msg/detail/servo_raw_state__rosidl_typesupport_introspection_cpp.hpp\n'}
[3.902515] (robomaster_msgs) StdoutLine: {'line': b'-- Up-to-date: /home/cricchetto/Robomaster_WS/install/robomaster_msgs/include/robomaster_msgs/robomaster_msgs/msg/detail/audio_opus__type_support.cpp\n'}
[3.902845] (robomaster_msgs) StdoutLine: {'line': b'-- Up-to-date: /home/cricchetto/Robomaster_WS/install/robomaster_msgs/include/robomaster_msgs/robomaster_msgs/msg/detail/blaster_led__type_support.cpp\n'}
[3.903270] (robomaster_msgs) StdoutLine: {'line': b'-- Up-to-date: /home/cricchetto/Robomaster_WS/install/robomaster_msgs/include/robomaster_msgs/robomaster_msgs/msg/detail/servo_command__rosidl_typesupport_introspection_cpp.hpp\n'}
[3.903775] (robomaster_msgs) StdoutLine: {'line': b'-- Up-to-date: /home/cricchetto/Robomaster_WS/install/robomaster_msgs/include/robomaster_msgs/robomaster_msgs/msg/detail/sensor_adapter__type_support.cpp\n'}
[3.904245] (robomaster_msgs) StdoutLine: {'line': b'-- Up-to-date: /home/cricchetto/Robomaster_WS/install/robomaster_msgs/include/robomaster_msgs/robomaster_msgs/msg/detail/gimbal_command__rosidl_typesupport_introspection_cpp.hpp\n'}
[3.904660] (robomaster_msgs) StdoutLine: {'line': b'-- Up-to-date: /home/cricchetto/Robomaster_WS/install/robomaster_msgs/include/robomaster_msgs/robomaster_msgs/msg/detail/speaker_command__rosidl_typesupport_introspection_cpp.hpp\n'}
[3.905060] (robomaster_msgs) StdoutLine: {'line': b'-- Up-to-date: /home/cricchetto/Robomaster_WS/install/robomaster_msgs/include/robomaster_msgs/robomaster_msgs/msg/detail/led_effect__type_support.cpp\n'}
[3.905439] (robomaster_msgs) StdoutLine: {'line': b'-- Up-to-date: /home/cricchetto/Robomaster_WS/install/robomaster_msgs/include/robomaster_msgs/robomaster_msgs/msg/detail/servo_command__type_support.cpp\n'}
[3.905862] (robomaster_msgs) StdoutLine: {'line': b'-- Up-to-date: /home/cricchetto/Robomaster_WS/install/robomaster_msgs/include/robomaster_msgs/robomaster_msgs/msg/detail/audio_data__rosidl_typesupport_introspection_cpp.hpp\n'}
[3.906327] (robomaster_msgs) StdoutLine: {'line': b'-- Up-to-date: /home/cricchetto/Robomaster_WS/install/robomaster_msgs/include/robomaster_msgs/robomaster_msgs/msg/detail/gimbal_command__type_support.cpp\n'}
[3.906768] (robomaster_msgs) StdoutLine: {'line': b'-- Up-to-date: /home/cricchetto/Robomaster_WS/install/robomaster_msgs/include/robomaster_msgs/robomaster_msgs/msg/detail/detected_line__type_support.cpp\n'}
[3.907271] (robomaster_msgs) StdoutLine: {'line': b'-- Up-to-date: /home/cricchetto/Robomaster_WS/install/robomaster_msgs/include/robomaster_msgs/robomaster_msgs/msg/detail/led_effect__rosidl_typesupport_introspection_cpp.hpp\n'}
[3.907756] (robomaster_msgs) StdoutLine: {'line': b'-- Up-to-date: /home/cricchetto/Robomaster_WS/install/robomaster_msgs/include/robomaster_msgs/robomaster_msgs/msg/detail/audio_data__type_support.cpp\n'}
[3.908200] (robomaster_msgs) StdoutLine: {'line': b'-- Up-to-date: /home/cricchetto/Robomaster_WS/install/robomaster_msgs/include/robomaster_msgs/robomaster_msgs/msg/detail/gripper_state__type_support.cpp\n'}
[3.908882] (robomaster_msgs) StdoutLine: {'line': b'-- Up-to-date: /home/cricchetto/Robomaster_WS/install/robomaster_msgs/include/robomaster_msgs/robomaster_msgs/msg/detail/audio_opus__rosidl_typesupport_introspection_cpp.hpp\n'}
[3.909898] (robomaster_msgs) StdoutLine: {'line': b'-- Up-to-date: /home/cricchetto/Robomaster_WS/install/robomaster_msgs/include/robomaster_msgs/robomaster_msgs/msg/detail/detected_marker__type_support.cpp\n'}
[3.910792] (robomaster_msgs) StdoutLine: {'line': b'-- Up-to-date: /home/cricchetto/Robomaster_WS/install/robomaster_msgs/include/robomaster_msgs/robomaster_msgs/msg/detail/sensor_adapter__rosidl_typesupport_introspection_cpp.hpp\n'}
[3.911802] (robomaster_msgs) StdoutLine: {'line': b'-- Up-to-date: /home/cricchetto/Robomaster_WS/install/robomaster_msgs/include/robomaster_msgs/robomaster_msgs/msg/detail/pwm__rosidl_typesupport_introspection_cpp.hpp\n'}
[3.912582] (robomaster_msgs) StdoutLine: {'line': b'-- Up-to-date: /home/cricchetto/Robomaster_WS/install/robomaster_msgs/include/robomaster_msgs/robomaster_msgs/msg/detail/mode__rosidl_typesupport_introspection_cpp.hpp\n'}
[3.913090] (robomaster_msgs) StdoutLine: {'line': b'-- Up-to-date: /home/cricchetto/Robomaster_WS/install/robomaster_msgs/include/robomaster_msgs/robomaster_msgs/msg/detail/detected_robot__type_support.cpp\n'}
[3.913590] (robomaster_msgs) StdoutLine: {'line': b'-- Up-to-date: /home/cricchetto/Robomaster_WS/install/robomaster_msgs/include/robomaster_msgs/robomaster_msgs/msg/detail/detected_person__type_support.cpp\n'}
[3.914048] (robomaster_msgs) StdoutLine: {'line': b'-- Up-to-date: /home/cricchetto/Robomaster_WS/install/robomaster_msgs/include/robomaster_msgs/robomaster_msgs/msg/detail/region_of_interest__type_support.cpp\n'}
[3.914500] (robomaster_msgs) StdoutLine: {'line': b'-- Up-to-date: /home/cricchetto/Robomaster_WS/install/robomaster_msgs/include/robomaster_msgs/robomaster_msgs/msg/detail/wheel_speeds__rosidl_typesupport_introspection_cpp.hpp\n'}
[3.914955] (robomaster_msgs) StdoutLine: {'line': b'-- Up-to-date: /home/cricchetto/Robomaster_WS/install/robomaster_msgs/include/robomaster_msgs/robomaster_msgs/msg/detail/armor_hit__rosidl_typesupport_introspection_cpp.hpp\n'}
[3.915582] (robomaster_msgs) StdoutLine: {'line': b'-- Up-to-date: /home/cricchetto/Robomaster_WS/install/robomaster_msgs/include/robomaster_msgs/robomaster_msgs/msg/detail/detected_marker__rosidl_typesupport_introspection_cpp.hpp\n'}
[3.916090] (robomaster_msgs) StdoutLine: {'line': b'-- Up-to-date: /home/cricchetto/Robomaster_WS/install/robomaster_msgs/include/robomaster_msgs/robomaster_msgs/msg/detail/region_of_interest__rosidl_typesupport_introspection_cpp.hpp\n'}
[3.916632] (robomaster_msgs) StdoutLine: {'line': b'-- Up-to-date: /home/cricchetto/Robomaster_WS/install/robomaster_msgs/include/robomaster_msgs/robomaster_msgs/msg/detail/detection__type_support.cpp\n'}
[3.917185] (robomaster_msgs) StdoutLine: {'line': b'-- Up-to-date: /home/cricchetto/Robomaster_WS/install/robomaster_msgs/include/robomaster_msgs/robomaster_msgs/msg/detail/s_bus__rosidl_typesupport_introspection_cpp.hpp\n'}
[3.917777] (robomaster_msgs) StdoutLine: {'line': b'-- Up-to-date: /home/cricchetto/Robomaster_WS/install/robomaster_msgs/include/robomaster_msgs/robomaster_msgs/msg/detail/chassis_status__rosidl_typesupport_introspection_cpp.hpp\n'}
[3.918253] (robomaster_msgs) StdoutLine: {'line': b'-- Up-to-date: /home/cricchetto/Robomaster_WS/install/robomaster_msgs/include/robomaster_msgs/robomaster_msgs/msg/detail/camera_config__rosidl_typesupport_introspection_cpp.hpp\n'}
[3.918740] (robomaster_msgs) StdoutLine: {'line': b'-- Up-to-date: /home/cricchetto/Robomaster_WS/install/robomaster_msgs/include/robomaster_msgs/robomaster_msgs/msg/detail/detected_line__rosidl_typesupport_introspection_cpp.hpp\n'}
[3.919442] (robomaster_msgs) StdoutLine: {'line': b'-- Up-to-date: /home/cricchetto/Robomaster_WS/install/robomaster_msgs/include/robomaster_msgs/robomaster_msgs/msg/detail/detected_gesture__rosidl_typesupport_introspection_cpp.hpp\n'}
[3.919988] (robomaster_msgs) StdoutLine: {'line': b'-- Up-to-date: /home/cricchetto/Robomaster_WS/install/robomaster_msgs/include/robomaster_msgs/robomaster_msgs/msg/detail/s_bus__type_support.cpp\n'}
[3.920500] (robomaster_msgs) StdoutLine: {'line': b'-- Up-to-date: /home/cricchetto/Robomaster_WS/install/robomaster_msgs/include/robomaster_msgs/robomaster_msgs/msg/detail/audio_level__rosidl_typesupport_introspection_cpp.hpp\n'}
[3.920998] (robomaster_msgs) StdoutLine: {'line': b'-- Up-to-date: /home/cricchetto/Robomaster_WS/install/robomaster_msgs/include/robomaster_msgs/robomaster_msgs/msg/detail/mode__type_support.cpp\n'}
[3.921493] (robomaster_msgs) StdoutLine: {'line': b'-- Up-to-date: /home/cricchetto/Robomaster_WS/install/robomaster_msgs/include/robomaster_msgs/robomaster_msgs/msg/detail/armor_hit__type_support.cpp\n'}
[3.922101] (robomaster_msgs) StdoutLine: {'line': b'-- Up-to-date: /home/cricchetto/Robomaster_WS/install/robomaster_msgs/include/robomaster_msgs/robomaster_msgs/msg/detail/gripper_state__rosidl_typesupport_introspection_cpp.hpp\n'}
[3.922633] (robomaster_msgs) StdoutLine: {'line': b'-- Up-to-date: /home/cricchetto/Robomaster_WS/install/robomaster_msgs/include/robomaster_msgs/robomaster_msgs/msg/detail/h264_packet__rosidl_typesupport_introspection_cpp.hpp\n'}
[3.923146] (robomaster_msgs) StdoutLine: {'line': b'-- Up-to-date: /home/cricchetto/Robomaster_WS/install/robomaster_msgs/include/robomaster_msgs/robomaster_msgs/msg/detail/h264_packet__type_support.cpp\n'}
[3.923689] (robomaster_msgs) StdoutLine: {'line': b'-- Up-to-date: /home/cricchetto/Robomaster_WS/install/robomaster_msgs/include/robomaster_msgs/robomaster_msgs/msg/detail/detected_person__rosidl_typesupport_introspection_cpp.hpp\n'}
[3.924198] (robomaster_msgs) StdoutLine: {'line': b'-- Up-to-date: /home/cricchetto/Robomaster_WS/install/robomaster_msgs/include/robomaster_msgs/robomaster_msgs/msg/detail/serial__type_support.cpp\n'}
[3.924698] (robomaster_msgs) StdoutLine: {'line': b'-- Up-to-date: /home/cricchetto/Robomaster_WS/install/robomaster_msgs/include/robomaster_msgs/robomaster_msgs/msg/detail/audio_level__type_support.cpp\n'}
[3.925210] (robomaster_msgs) StdoutLine: {'line': b'-- Up-to-date: /home/cricchetto/Robomaster_WS/install/robomaster_msgs/include/robomaster_msgs/robomaster_msgs/msg/detail/pwm__type_support.cpp\n'}
[3.925732] (robomaster_msgs) StdoutLine: {'line': b'-- Up-to-date: /home/cricchetto/Robomaster_WS/install/robomaster_msgs/include/robomaster_msgs/robomaster_msgs/msg/detail/camera_config__type_support.cpp\n'}
[3.926355] (robomaster_msgs) StdoutLine: {'line': b'-- Up-to-date: /home/cricchetto/Robomaster_WS/install/robomaster_msgs/include/robomaster_msgs/robomaster_msgs/msg/detail/wheel_speeds__type_support.cpp\n'}
[3.927239] (robomaster_msgs) StdoutLine: {'line': b'-- Up-to-date: /home/cricchetto/Robomaster_WS/install/robomaster_msgs/include/robomaster_msgs/robomaster_msgs/msg/detail/detected_robot__rosidl_typesupport_introspection_cpp.hpp\n'}
[3.927837] (robomaster_msgs) StdoutLine: {'line': b'-- Up-to-date: /home/cricchetto/Robomaster_WS/install/robomaster_msgs/include/robomaster_msgs/robomaster_msgs/msg/detail/detection__rosidl_typesupport_introspection_cpp.hpp\n'}
[3.928279] (robomaster_msgs) StdoutLine: {'line': b'-- Up-to-date: /home/cricchetto/Robomaster_WS/install/robomaster_msgs/include/robomaster_msgs/robomaster_msgs/msg/detail/serial__rosidl_typesupport_introspection_cpp.hpp\n'}
[3.928751] (robomaster_msgs) StdoutLine: {'line': b'-- Up-to-date: /home/cricchetto/Robomaster_WS/install/robomaster_msgs/include/robomaster_msgs/robomaster_msgs/msg/detail/detected_gesture__type_support.cpp\n'}
[3.929191] (robomaster_msgs) StdoutLine: {'line': b'-- Up-to-date: /home/cricchetto/Robomaster_WS/install/robomaster_msgs/include/robomaster_msgs/robomaster_msgs/srv\n'}
[3.929792] (robomaster_msgs) StdoutLine: {'line': b'-- Up-to-date: /home/cricchetto/Robomaster_WS/install/robomaster_msgs/include/robomaster_msgs/robomaster_msgs/srv/detail\n'}
[3.930366] (robomaster_msgs) StdoutLine: {'line': b'-- Up-to-date: /home/cricchetto/Robomaster_WS/install/robomaster_msgs/include/robomaster_msgs/robomaster_msgs/srv/detail/get_adc__rosidl_typesupport_introspection_cpp.hpp\n'}
[3.930876] (robomaster_msgs) StdoutLine: {'line': b'-- Up-to-date: /home/cricchetto/Robomaster_WS/install/robomaster_msgs/include/robomaster_msgs/robomaster_msgs/srv/detail/get_adc__type_support.cpp\n'}
[3.931652] (robomaster_msgs) StdoutLine: {'line': b'-- Up-to-date: /home/cricchetto/Robomaster_WS/install/robomaster_msgs/include/robomaster_msgs/robomaster_msgs/srv/detail/get_servo_angle__type_support.cpp\n'}
[3.932177] (robomaster_msgs) StdoutLine: {'line': b'-- Up-to-date: /home/cricchetto/Robomaster_WS/install/robomaster_msgs/include/robomaster_msgs/robomaster_msgs/srv/detail/get_pulse__rosidl_typesupport_introspection_cpp.hpp\n'}
[3.932646] (robomaster_msgs) StdoutLine: {'line': b'-- Up-to-date: /home/cricchetto/Robomaster_WS/install/robomaster_msgs/include/robomaster_msgs/robomaster_msgs/srv/detail/get_servo_angle__rosidl_typesupport_introspection_cpp.hpp\n'}
[3.933234] (robomaster_msgs) StdoutLine: {'line': b'-- Up-to-date: /home/cricchetto/Robomaster_WS/install/robomaster_msgs/include/robomaster_msgs/robomaster_msgs/srv/detail/get_pulse__type_support.cpp\n'}
[3.933726] (robomaster_msgs) StdoutLine: {'line': b'-- Up-to-date: /home/cricchetto/Robomaster_WS/install/robomaster_msgs/include/robomaster_msgs/robomaster_msgs/srv/detail/get_io__type_support.cpp\n'}
[3.934174] (robomaster_msgs) StdoutLine: {'line': b'-- Up-to-date: /home/cricchetto/Robomaster_WS/install/robomaster_msgs/include/robomaster_msgs/robomaster_msgs/srv/detail/get_io__rosidl_typesupport_introspection_cpp.hpp\n'}
[3.934751] (robomaster_msgs) StdoutLine: {'line': b'-- Up-to-date: /home/cricchetto/Robomaster_WS/install/robomaster_msgs/lib/librobomaster_msgs__rosidl_typesupport_introspection_cpp.so\n'}
[3.935540] (robomaster_msgs) StdoutLine: {'line': b'-- Up-to-date: /home/cricchetto/Robomaster_WS/install/robomaster_msgs/lib/librobomaster_msgs__rosidl_typesupport_cpp.so\n'}
[3.936461] (robomaster_msgs) StdoutLine: {'line': b'-- Up-to-date: /home/cricchetto/Robomaster_WS/install/robomaster_msgs/share/robomaster_msgs/environment/pythonpath.sh\n'}
[3.937022] (robomaster_msgs) StdoutLine: {'line': b'-- Up-to-date: /home/cricchetto/Robomaster_WS/install/robomaster_msgs/share/robomaster_msgs/environment/pythonpath.dsv\n'}
[3.937545] (robomaster_msgs) StdoutLine: {'line': b'-- Up-to-date: /home/cricchetto/Robomaster_WS/install/robomaster_msgs/local/lib/python3.10/dist-packages/robomaster_msgs-0.2.0-py3.10.egg-info\n'}
[3.938072] (robomaster_msgs) StdoutLine: {'line': b'-- Installing: /home/cricchetto/Robomaster_WS/install/robomaster_msgs/local/lib/python3.10/dist-packages/robomaster_msgs-0.2.0-py3.10.egg-info/PKG-INFO\n'}
[3.938577] (robomaster_msgs) StdoutLine: {'line': b'-- Installing: /home/cricchetto/Robomaster_WS/install/robomaster_msgs/local/lib/python3.10/dist-packages/robomaster_msgs-0.2.0-py3.10.egg-info/top_level.txt\n'}
[3.939052] (robomaster_msgs) StdoutLine: {'line': b'-- Installing: /home/cricchetto/Robomaster_WS/install/robomaster_msgs/local/lib/python3.10/dist-packages/robomaster_msgs-0.2.0-py3.10.egg-info/SOURCES.txt\n'}
[3.947962] (robomaster_msgs) StdoutLine: {'line': b'-- Installing: /home/cricchetto/Robomaster_WS/install/robomaster_msgs/local/lib/python3.10/dist-packages/robomaster_msgs-0.2.0-py3.10.egg-info/dependency_links.txt\n'}
[3.948723] (robomaster_msgs) StdoutLine: {'line': b'-- Up-to-date: /home/cricchetto/Robomaster_WS/install/robomaster_msgs/local/lib/python3.10/dist-packages/robomaster_msgs\n'}
[3.949197] (-) TimerEvent: {}
[3.949754] (robomaster_msgs) StdoutLine: {'line': b'-- Up-to-date: /home/cricchetto/Robomaster_WS/install/robomaster_msgs/local/lib/python3.10/dist-packages/robomaster_msgs/_robomaster_msgs_s.ep.rosidl_typesupport_fastrtps_c.c\n'}
[3.950418] (robomaster_msgs) StdoutLine: {'line': b'-- Up-to-date: /home/cricchetto/Robomaster_WS/install/robomaster_msgs/local/lib/python3.10/dist-packages/robomaster_msgs/__init__.py\n'}
[3.950959] (robomaster_msgs) StdoutLine: {'line': b'-- Up-to-date: /home/cricchetto/Robomaster_WS/install/robomaster_msgs/local/lib/python3.10/dist-packages/robomaster_msgs/librobomaster_msgs__rosidl_generator_py.so\n'}
[3.951530] (robomaster_msgs) StdoutLine: {'line': b'-- Up-to-date: /home/cricchetto/Robomaster_WS/install/robomaster_msgs/local/lib/python3.10/dist-packages/robomaster_msgs/_robomaster_msgs_s.ep.rosidl_typesupport_c.c\n'}
[3.952202] (robomaster_msgs) StdoutLine: {'line': b'-- Up-to-date: /home/cricchetto/Robomaster_WS/install/robomaster_msgs/local/lib/python3.10/dist-packages/robomaster_msgs/action\n'}
[3.952740] (robomaster_msgs) StdoutLine: {'line': b'-- Up-to-date: /home/cricchetto/Robomaster_WS/install/robomaster_msgs/local/lib/python3.10/dist-packages/robomaster_msgs/action/_recenter_gimbal.py\n'}
[3.953349] (robomaster_msgs) StdoutLine: {'line': b'-- Up-to-date: /home/cricchetto/Robomaster_WS/install/robomaster_msgs/local/lib/python3.10/dist-packages/robomaster_msgs/action/__init__.py\n'}
[3.954063] (robomaster_msgs) StdoutLine: {'line': b'-- Up-to-date: /home/cricchetto/Robomaster_WS/install/robomaster_msgs/local/lib/python3.10/dist-packages/robomaster_msgs/action/_gripper_control.py\n'}
[3.954607] (robomaster_msgs) StdoutLine: {'line': b'-- Up-to-date: /home/cricchetto/Robomaster_WS/install/robomaster_msgs/local/lib/python3.10/dist-packages/robomaster_msgs/action/_move_s.c\n'}
[3.963249] (robomaster_msgs) StdoutLine: {'line': b'-- Up-to-date: /home/cricchetto/Robomaster_WS/install/robomaster_msgs/local/lib/python3.10/dist-packages/robomaster_msgs/action/_move_gimbal_s.c\n'}
[3.963886] (robomaster_msgs) StdoutLine: {'line': b'-- Up-to-date: /home/cricchetto/Robomaster_WS/install/robomaster_msgs/local/lib/python3.10/dist-packages/robomaster_msgs/action/_recenter_gimbal_s.c\n'}
[3.964433] (robomaster_msgs) StdoutLine: {'line': b'-- Up-to-date: /home/cricchetto/Robomaster_WS/install/robomaster_msgs/local/lib/python3.10/dist-packages/robomaster_msgs/action/_play_sound.py\n'}
[3.964973] (robomaster_msgs) StdoutLine: {'line': b'-- Up-to-date: /home/cricchetto/Robomaster_WS/install/robomaster_msgs/local/lib/python3.10/dist-packages/robomaster_msgs/action/_move_servo.py\n'}
[3.965421] (robomaster_msgs) StdoutLine: {'line': b'-- Up-to-date: /home/cricchetto/Robomaster_WS/install/robomaster_msgs/local/lib/python3.10/dist-packages/robomaster_msgs/action/_gripper_control_s.c\n'}
[3.965875] (robomaster_msgs) StdoutLine: {'line': b'-- Up-to-date: /home/cricchetto/Robomaster_WS/install/robomaster_msgs/local/lib/python3.10/dist-packages/robomaster_msgs/action/_move.py\n'}
[3.966400] (robomaster_msgs) StdoutLine: {'line': b'-- Up-to-date: /home/cricchetto/Robomaster_WS/install/robomaster_msgs/local/lib/python3.10/dist-packages/robomaster_msgs/action/_move_arm_s.c\n'}
[3.966929] (robomaster_msgs) StdoutLine: {'line': b'-- Up-to-date: /home/cricchetto/Robomaster_WS/install/robomaster_msgs/local/lib/python3.10/dist-packages/robomaster_msgs/action/_move_gimbal.py\n'}
[3.967586] (robomaster_msgs) StdoutLine: {'line': b'-- Up-to-date: /home/cricchetto/Robomaster_WS/install/robomaster_msgs/local/lib/python3.10/dist-packages/robomaster_msgs/action/_move_servo_s.c\n'}
[3.968143] (robomaster_msgs) StdoutLine: {'line': b'-- Up-to-date: /home/cricchetto/Robomaster_WS/install/robomaster_msgs/local/lib/python3.10/dist-packages/robomaster_msgs/action/_move_arm.py\n'}
[3.968694] (robomaster_msgs) StdoutLine: {'line': b'-- Up-to-date: /home/cricchetto/Robomaster_WS/install/robomaster_msgs/local/lib/python3.10/dist-packages/robomaster_msgs/action/_play_sound_s.c\n'}
[3.969268] (robomaster_msgs) StdoutLine: {'line': b'-- Up-to-date: /home/cricchetto/Robomaster_WS/install/robomaster_msgs/local/lib/python3.10/dist-packages/robomaster_msgs/_robomaster_msgs_s.ep.rosidl_typesupport_introspection_c.c\n'}
[3.969798] (robomaster_msgs) StdoutLine: {'line': b'-- Up-to-date: /home/cricchetto/Robomaster_WS/install/robomaster_msgs/local/lib/python3.10/dist-packages/robomaster_msgs/msg\n'}
[3.970306] (robomaster_msgs) StdoutLine: {'line': b'-- Up-to-date: /home/cricchetto/Robomaster_WS/install/robomaster_msgs/local/lib/python3.10/dist-packages/robomaster_msgs/msg/_chassis_status.py\n'}
[3.970877] (robomaster_msgs) StdoutLine: {'line': b'-- Up-to-date: /home/cricchetto/Robomaster_WS/install/robomaster_msgs/local/lib/python3.10/dist-packages/robomaster_msgs/msg/_audio_level_s.c\n'}
[3.984454] (explore_lite) StdoutLine: {'line': b'[100%] Built target test_explore\n'}
[3.985214] (robomaster_msgs) StdoutLine: {'line': b'-- Up-to-date: /home/cricchetto/Robomaster_WS/install/robomaster_msgs/local/lib/python3.10/dist-packages/robomaster_msgs/msg/_chassis_status_s.c\n'}
[3.985941] (robomaster_msgs) StdoutLine: {'line': b'-- Up-to-date: /home/cricchetto/Robomaster_WS/install/robomaster_msgs/local/lib/python3.10/dist-packages/robomaster_msgs/msg/_s_bus_s.c\n'}
[3.986547] (robomaster_msgs) StdoutLine: {'line': b'-- Up-to-date: /home/cricchetto/Robomaster_WS/install/robomaster_msgs/local/lib/python3.10/dist-packages/robomaster_msgs/msg/_led_effect.py\n'}
[3.987177] (robomaster_msgs) StdoutLine: {'line': b'-- Up-to-date: /home/cricchetto/Robomaster_WS/install/robomaster_msgs/local/lib/python3.10/dist-packages/robomaster_msgs/msg/_region_of_interest_s.c\n'}
[3.987754] (robomaster_msgs) StdoutLine: {'line': b'-- Up-to-date: /home/cricchetto/Robomaster_WS/install/robomaster_msgs/local/lib/python3.10/dist-packages/robomaster_msgs/msg/_h264_packet_s.c\n'}
[3.988278] (robomaster_msgs) StdoutLine: {'line': b'-- Up-to-date: /home/cricchetto/Robomaster_WS/install/robomaster_msgs/local/lib/python3.10/dist-packages/robomaster_msgs/msg/_audio_opus.py\n'}
[3.988771] (robomaster_msgs) StdoutLine: {'line': b'-- Up-to-date: /home/cricchetto/Robomaster_WS/install/robomaster_msgs/local/lib/python3.10/dist-packages/robomaster_msgs/msg/__init__.py\n'}
[3.989336] (robomaster_msgs) StdoutLine: {'line': b'-- Up-to-date: /home/cricchetto/Robomaster_WS/install/robomaster_msgs/local/lib/python3.10/dist-packages/robomaster_msgs/msg/_gripper_state.py\n'}
[3.990029] (robomaster_msgs) StdoutLine: {'line': b'-- Up-to-date: /home/cricchetto/Robomaster_WS/install/robomaster_msgs/local/lib/python3.10/dist-packages/robomaster_msgs/msg/_detected_robot.py\n'}
[3.990649] (robomaster_msgs) StdoutLine: {'line': b'-- Up-to-date: /home/cricchetto/Robomaster_WS/install/robomaster_msgs/local/lib/python3.10/dist-packages/robomaster_msgs/msg/_s_bus.py\n'}
[3.991390] (robomaster_msgs) StdoutLine: {'line': b'-- Up-to-date: /home/cricchetto/Robomaster_WS/install/robomaster_msgs/local/lib/python3.10/dist-packages/robomaster_msgs/msg/_blaster_led.py\n'}
[3.991990] (robomaster_msgs) StdoutLine: {'line': b'-- Up-to-date: /home/cricchetto/Robomaster_WS/install/robomaster_msgs/local/lib/python3.10/dist-packages/robomaster_msgs/msg/_pwm_s.c\n'}
[3.992612] (robomaster_msgs) StdoutLine: {'line': b'-- Up-to-date: /home/cricchetto/Robomaster_WS/install/robomaster_msgs/local/lib/python3.10/dist-packages/robomaster_msgs/msg/_h264_packet.py\n'}
[3.993167] (robomaster_msgs) StdoutLine: {'line': b'-- Up-to-date: /home/cricchetto/Robomaster_WS/install/robomaster_msgs/local/lib/python3.10/dist-packages/robomaster_msgs/msg/_gimbal_command_s.c\n'}
[3.993780] (robomaster_msgs) StdoutLine: {'line': b'-- Up-to-date: /home/cricchetto/Robomaster_WS/install/robomaster_msgs/local/lib/python3.10/dist-packages/robomaster_msgs/msg/_detected_gesture.py\n'}
[3.994305] (robomaster_msgs) StdoutLine: {'line': b'-- Up-to-date: /home/cricchetto/Robomaster_WS/install/robomaster_msgs/local/lib/python3.10/dist-packages/robomaster_msgs/msg/_armor_hit.py\n'}
[3.994795] (robomaster_msgs) StdoutLine: {'line': b'-- Up-to-date: /home/cricchetto/Robomaster_WS/install/robomaster_msgs/local/lib/python3.10/dist-packages/robomaster_msgs/msg/_led_effect_s.c\n'}
[4.002946] (robomaster_msgs) StdoutLine: {'line': b'-- Up-to-date: /home/cricchetto/Robomaster_WS/install/robomaster_msgs/local/lib/python3.10/dist-packages/robomaster_msgs/msg/_pwm.py\n'}
[4.003638] (robomaster_msgs) StdoutLine: {'line': b'-- Up-to-date: /home/cricchetto/Robomaster_WS/install/robomaster_msgs/local/lib/python3.10/dist-packages/robomaster_msgs/msg/_servo_command.py\n'}
[4.004334] (robomaster_msgs) StdoutLine: {'line': b'-- Up-to-date: /home/cricchetto/Robomaster_WS/install/robomaster_msgs/local/lib/python3.10/dist-packages/robomaster_msgs/msg/_detected_person.py\n'}
[4.004919] (robomaster_msgs) StdoutLine: {'line': b'-- Up-to-date: /home/cricchetto/Robomaster_WS/install/robomaster_msgs/local/lib/python3.10/dist-packages/robomaster_msgs/msg/_wheel_speeds.py\n'}
[4.005456] (robomaster_msgs) StdoutLine: {'line': b'-- Up-to-date: /home/cricchetto/Robomaster_WS/install/robomaster_msgs/local/lib/python3.10/dist-packages/robomaster_msgs/msg/_audio_data_s.c\n'}
[4.005946] (robomaster_msgs) StdoutLine: {'line': b'-- Up-to-date: /home/cricchetto/Robomaster_WS/install/robomaster_msgs/local/lib/python3.10/dist-packages/robomaster_msgs/msg/_mode.py\n'}
[4.006529] (robomaster_msgs) StdoutLine: {'line': b'-- Up-to-date: /home/cricchetto/Robomaster_WS/install/robomaster_msgs/local/lib/python3.10/dist-packages/robomaster_msgs/msg/_detected_marker_s.c\n'}
[4.007287] (robomaster_msgs) StdoutLine: {'line': b'-- Up-to-date: /home/cricchetto/Robomaster_WS/install/robomaster_msgs/local/lib/python3.10/dist-packages/robomaster_msgs/msg/_audio_data.py\n'}
[4.008006] (robomaster_msgs) StdoutLine: {'line': b'-- Up-to-date: /home/cricchetto/Robomaster_WS/install/robomaster_msgs/local/lib/python3.10/dist-packages/robomaster_msgs/msg/_gimbal_command.py\n'}
[4.008544] (robomaster_msgs) StdoutLine: {'line': b'-- Up-to-date: /home/cricchetto/Robomaster_WS/install/robomaster_msgs/local/lib/python3.10/dist-packages/robomaster_msgs/msg/_speaker_command_s.c\n'}
[4.009148] (robomaster_msgs) StdoutLine: {'line': b'-- Up-to-date: /home/cricchetto/Robomaster_WS/install/robomaster_msgs/local/lib/python3.10/dist-packages/robomaster_msgs/msg/_detected_marker.py\n'}
[4.009730] (robomaster_msgs) StdoutLine: {'line': b'-- Up-to-date: /home/cricchetto/Robomaster_WS/install/robomaster_msgs/local/lib/python3.10/dist-packages/robomaster_msgs/msg/_detected_person_s.c\n'}
[4.010224] (robomaster_msgs) StdoutLine: {'line': b'-- Up-to-date: /home/cricchetto/Robomaster_WS/install/robomaster_msgs/local/lib/python3.10/dist-packages/robomaster_msgs/msg/_blaster_led_s.c\n'}
[4.010731] (robomaster_msgs) StdoutLine: {'line': b'-- Up-to-date: /home/cricchetto/Robomaster_WS/install/robomaster_msgs/local/lib/python3.10/dist-packages/robomaster_msgs/msg/_gripper_state_s.c\n'}
[4.011340] (robomaster_msgs) StdoutLine: {'line': b'-- Up-to-date: /home/cricchetto/Robomaster_WS/install/robomaster_msgs/local/lib/python3.10/dist-packages/robomaster_msgs/msg/_camera_config.py\n'}
[4.011886] (robomaster_msgs) StdoutLine: {'line': b'-- Up-to-date: /home/cricchetto/Robomaster_WS/install/robomaster_msgs/local/lib/python3.10/dist-packages/robomaster_msgs/msg/_armor_hit_s.c\n'}
[4.012462] (robomaster_msgs) StdoutLine: {'line': b'-- Up-to-date: /home/cricchetto/Robomaster_WS/install/robomaster_msgs/local/lib/python3.10/dist-packages/robomaster_msgs/msg/_serial.py\n'}
[4.013065] (robomaster_msgs) StdoutLine: {'line': b'-- Up-to-date: /home/cricchetto/Robomaster_WS/install/robomaster_msgs/local/lib/python3.10/dist-packages/robomaster_msgs/msg/_wheel_speeds_s.c\n'}
[4.013695] (robomaster_msgs) StdoutLine: {'line': b'-- Up-to-date: /home/cricchetto/Robomaster_WS/install/robomaster_msgs/local/lib/python3.10/dist-packages/robomaster_msgs/msg/_serial_s.c\n'}
[4.014205] (robomaster_msgs) StdoutLine: {'line': b'-- Up-to-date: /home/cricchetto/Robomaster_WS/install/robomaster_msgs/local/lib/python3.10/dist-packages/robomaster_msgs/msg/_region_of_interest.py\n'}
[4.014891] (robomaster_msgs) StdoutLine: {'line': b'-- Up-to-date: /home/cricchetto/Robomaster_WS/install/robomaster_msgs/local/lib/python3.10/dist-packages/robomaster_msgs/msg/_audio_opus_s.c\n'}
[4.020558] (robomaster_msgs) StdoutLine: {'line': b'-- Up-to-date: /home/cricchetto/Robomaster_WS/install/robomaster_msgs/local/lib/python3.10/dist-packages/robomaster_msgs/msg/_servo_command_s.c\n'}
[4.021106] (robomaster_msgs) StdoutLine: {'line': b'-- Up-to-date: /home/cricchetto/Robomaster_WS/install/robomaster_msgs/local/lib/python3.10/dist-packages/robomaster_msgs/msg/_mode_s.c\n'}
[4.021668] (robomaster_msgs) StdoutLine: {'line': b'-- Up-to-date: /home/cricchetto/Robomaster_WS/install/robomaster_msgs/local/lib/python3.10/dist-packages/robomaster_msgs/msg/_speaker_command.py\n'}
[4.022190] (robomaster_msgs) StdoutLine: {'line': b'-- Up-to-date: /home/cricchetto/Robomaster_WS/install/robomaster_msgs/local/lib/python3.10/dist-packages/robomaster_msgs/msg/_detection.py\n'}
[4.022660] (robomaster_msgs) StdoutLine: {'line': b'-- Up-to-date: /home/cricchetto/Robomaster_WS/install/robomaster_msgs/local/lib/python3.10/dist-packages/robomaster_msgs/msg/_sensor_adapter.py\n'}
[4.023221] (robomaster_msgs) StdoutLine: {'line': b'-- Up-to-date: /home/cricchetto/Robomaster_WS/install/robomaster_msgs/local/lib/python3.10/dist-packages/robomaster_msgs/msg/_servo_raw_state.py\n'}
[4.023852] (robomaster_msgs) StdoutLine: {'line': b'-- Up-to-date: /home/cricchetto/Robomaster_WS/install/robomaster_msgs/local/lib/python3.10/dist-packages/robomaster_msgs/msg/_detection_s.c\n'}
[4.024432] (robomaster_msgs) StdoutLine: {'line': b'-- Up-to-date: /home/cricchetto/Robomaster_WS/install/robomaster_msgs/local/lib/python3.10/dist-packages/robomaster_msgs/msg/_audio_level.py\n'}
[4.025155] (robomaster_msgs) StdoutLine: {'line': b'-- Up-to-date: /home/cricchetto/Robomaster_WS/install/robomaster_msgs/local/lib/python3.10/dist-packages/robomaster_msgs/msg/_detected_line.py\n'}
[4.025780] (robomaster_msgs) StdoutLine: {'line': b'-- Up-to-date: /home/cricchetto/Robomaster_WS/install/robomaster_msgs/local/lib/python3.10/dist-packages/robomaster_msgs/msg/_camera_config_s.c\n'}
[4.026385] (robomaster_msgs) StdoutLine: {'line': b'-- Up-to-date: /home/cricchetto/Robomaster_WS/install/robomaster_msgs/local/lib/python3.10/dist-packages/robomaster_msgs/msg/_detected_line_s.c\n'}
[4.026941] (robomaster_msgs) StdoutLine: {'line': b'-- Up-to-date: /home/cricchetto/Robomaster_WS/install/robomaster_msgs/local/lib/python3.10/dist-packages/robomaster_msgs/msg/_servo_raw_state_s.c\n'}
[4.027538] (robomaster_msgs) StdoutLine: {'line': b'-- Up-to-date: /home/cricchetto/Robomaster_WS/install/robomaster_msgs/local/lib/python3.10/dist-packages/robomaster_msgs/msg/_detected_robot_s.c\n'}
[4.028113] (robomaster_msgs) StdoutLine: {'line': b'-- Up-to-date: /home/cricchetto/Robomaster_WS/install/robomaster_msgs/local/lib/python3.10/dist-packages/robomaster_msgs/msg/_sensor_adapter_s.c\n'}
[4.028665] (robomaster_msgs) StdoutLine: {'line': b'-- Up-to-date: /home/cricchetto/Robomaster_WS/install/robomaster_msgs/local/lib/python3.10/dist-packages/robomaster_msgs/msg/_detected_gesture_s.c\n'}
[4.029212] (robomaster_msgs) StdoutLine: {'line': b'-- Up-to-date: /home/cricchetto/Robomaster_WS/install/robomaster_msgs/local/lib/python3.10/dist-packages/robomaster_msgs/robomaster_msgs_s__rosidl_typesupport_c.cpython-310-aarch64-linux-gnu.so\n'}
[4.029753] (robomaster_msgs) StdoutLine: {'line': b'-- Up-to-date: /home/cricchetto/Robomaster_WS/install/robomaster_msgs/local/lib/python3.10/dist-packages/robomaster_msgs/robomaster_msgs_s__rosidl_typesupport_fastrtps_c.cpython-310-aarch64-linux-gnu.so\n'}
[4.030281] (robomaster_msgs) StdoutLine: {'line': b'-- Up-to-date: /home/cricchetto/Robomaster_WS/install/robomaster_msgs/local/lib/python3.10/dist-packages/robomaster_msgs/robomaster_msgs_s__rosidl_typesupport_introspection_c.cpython-310-aarch64-linux-gnu.so\n'}
[4.030776] (robomaster_msgs) StdoutLine: {'line': b'-- Up-to-date: /home/cricchetto/Robomaster_WS/install/robomaster_msgs/local/lib/python3.10/dist-packages/robomaster_msgs/srv\n'}
[4.031433] (robomaster_msgs) StdoutLine: {'line': b'-- Up-to-date: /home/cricchetto/Robomaster_WS/install/robomaster_msgs/local/lib/python3.10/dist-packages/robomaster_msgs/srv/_get_io_s.c\n'}
[4.044242] (robomaster_msgs) StdoutLine: {'line': b'-- Up-to-date: /home/cricchetto/Robomaster_WS/install/robomaster_msgs/local/lib/python3.10/dist-packages/robomaster_msgs/srv/__init__.py\n'}
[4.044795] (robomaster_msgs) StdoutLine: {'line': b'-- Up-to-date: /home/cricchetto/Robomaster_WS/install/robomaster_msgs/local/lib/python3.10/dist-packages/robomaster_msgs/srv/_get_adc.py\n'}
[4.045293] (robomaster_msgs) StdoutLine: {'line': b'-- Up-to-date: /home/cricchetto/Robomaster_WS/install/robomaster_msgs/local/lib/python3.10/dist-packages/robomaster_msgs/srv/_get_pulse_s.c\n'}
[4.045785] (robomaster_msgs) StdoutLine: {'line': b'-- Up-to-date: /home/cricchetto/Robomaster_WS/install/robomaster_msgs/local/lib/python3.10/dist-packages/robomaster_msgs/srv/_get_servo_angle_s.c\n'}
[4.046329] (robomaster_msgs) StdoutLine: {'line': b'-- Up-to-date: /home/cricchetto/Robomaster_WS/install/robomaster_msgs/local/lib/python3.10/dist-packages/robomaster_msgs/srv/_get_adc_s.c\n'}
[4.046820] (robomaster_msgs) StdoutLine: {'line': b'-- Up-to-date: /home/cricchetto/Robomaster_WS/install/robomaster_msgs/local/lib/python3.10/dist-packages/robomaster_msgs/srv/_get_io.py\n'}
[4.047512] (robomaster_msgs) StdoutLine: {'line': b'-- Up-to-date: /home/cricchetto/Robomaster_WS/install/robomaster_msgs/local/lib/python3.10/dist-packages/robomaster_msgs/srv/_get_pulse.py\n'}
[4.048115] (robomaster_msgs) StdoutLine: {'line': b'-- Up-to-date: /home/cricchetto/Robomaster_WS/install/robomaster_msgs/local/lib/python3.10/dist-packages/robomaster_msgs/srv/_get_servo_angle.py\n'}
[4.048623] (explore_lite) CommandEnded: {'returncode': 0}
[4.049943] (-) TimerEvent: {}
[4.050570] (explore_lite) JobProgress: {'identifier': 'explore_lite', 'progress': 'install'}
[4.050777] (explore_lite) Command: {'cmd': ['/usr/bin/cmake', '--install', '/home/cricchetto/Robomaster_WS/build/explore_lite'], 'cwd': '/home/cricchetto/Robomaster_WS/build/explore_lite', 'env': OrderedDict([('LESSOPEN', '| /usr/bin/lesspipe %s'), ('USER', 'cricchetto'), ('SSH_CLIENT', '172.18.147.201 58490 22'), ('LC_TIME', 'es_AR.UTF-8'), ('XDG_SESSION_TYPE', 'tty'), ('SHLVL', '2'), ('LD_LIBRARY_PATH', '/home/cricchetto/Robomaster_WS/install/robomaster_msgs/lib:/home/cricchetto/Robomaster_WS/install/dwb_msgs/lib:/home/cricchetto/Robomaster_WS/install/nav_2d_msgs/lib:/home/cricchetto/Robomaster_WS/install/nav2_voxel_grid/lib:/home/cricchetto/Robomaster_WS/install/nav2_msgs/lib:/home/cricchetto/Robomaster_WS/install/multirobot_map_merge/lib:/opt/ros/humble/opt/rviz_ogre_vendor/lib:/opt/ros/humble/lib/aarch64-linux-gnu:/opt/ros/humble/lib'), ('MOTD_SHOWN', 'pam'), ('HOME', '/home/cricchetto'), ('OLDPWD', '/home/cricchetto'), ('SSH_TTY', '/dev/pts/0'), ('ROS_PYTHON_VERSION', '3'), ('LC_MONETARY', 'es_AR.UTF-8'), ('DBUS_SESSION_BUS_ADDRESS', 'unix:path=/run/user/1000/bus'), ('COLCON_PREFIX_PATH', '/home/cricchetto/Robomaster_WS/install'), ('ROS_DISTRO', 'humble'), ('LOGNAME', 'cricchetto'), ('_', '/usr/bin/colcon'), ('ROS_VERSION', '2'), ('XDG_SESSION_CLASS', 'user'), ('TERM', 'xterm-256color'), ('XDG_SESSION_ID', '1'), ('ROS_LOCALHOST_ONLY', '0'), ('PATH', '/home/cricchetto/.local/bin:/opt/ros/humble/bin:/usr/local/sbin:/usr/local/bin:/usr/sbin:/usr/bin:/sbin:/bin:/usr/games:/usr/local/games:/snap/bin:/home/cricchettoSD/.local/bin'), ('LC_ADDRESS', 'es_AR.UTF-8'), ('XDG_RUNTIME_DIR', '/run/user/1000'), ('DISPLAY', 'localhost:10.0'), ('LANG', 'en_US.UTF-8'), ('LC_TELEPHONE', 'es_AR.UTF-8'), ('LS_COLORS', 'rs=0:di=01;34:ln=01;36:mh=00:pi=40;33:so=01;35:do=01;35:bd=40;33;01:cd=40;33;01:or=40;31;01:mi=00:su=37;41:sg=30;43:ca=30;41:tw=30;42:ow=34;42:st=37;44:ex=01;32:*.tar=01;31:*.tgz=01;31:*.arc=01;31:*.arj=01;31:*.taz=01;31:*.lha=01;31:*.lz4=01;31:*.lzh=01;31:*.lzma=01;31:*.tlz=01;31:*.txz=01;31:*.tzo=01;31:*.t7z=01;31:*.zip=01;31:*.z=01;31:*.dz=01;31:*.gz=01;31:*.lrz=01;31:*.lz=01;31:*.lzo=01;31:*.xz=01;31:*.zst=01;31:*.tzst=01;31:*.bz2=01;31:*.bz=01;31:*.tbz=01;31:*.tbz2=01;31:*.tz=01;31:*.deb=01;31:*.rpm=01;31:*.jar=01;31:*.war=01;31:*.ear=01;31:*.sar=01;31:*.rar=01;31:*.alz=01;31:*.ace=01;31:*.zoo=01;31:*.cpio=01;31:*.7z=01;31:*.rz=01;31:*.cab=01;31:*.wim=01;31:*.swm=01;31:*.dwm=01;31:*.esd=01;31:*.jpg=01;35:*.jpeg=01;35:*.mjpg=01;35:*.mjpeg=01;35:*.gif=01;35:*.bmp=01;35:*.pbm=01;35:*.pgm=01;35:*.ppm=01;35:*.tga=01;35:*.xbm=01;35:*.xpm=01;35:*.tif=01;35:*.tiff=01;35:*.png=01;35:*.svg=01;35:*.svgz=01;35:*.mng=01;35:*.pcx=01;35:*.mov=01;35:*.mpg=01;35:*.mpeg=01;35:*.m2v=01;35:*.mkv=01;35:*.webm=01;35:*.webp=01;35:*.ogm=01;35:*.mp4=01;35:*.m4v=01;35:*.mp4v=01;35:*.vob=01;35:*.qt=01;35:*.nuv=01;35:*.wmv=01;35:*.asf=01;35:*.rm=01;35:*.rmvb=01;35:*.flc=01;35:*.avi=01;35:*.fli=01;35:*.flv=01;35:*.gl=01;35:*.dl=01;35:*.xcf=01;35:*.xwd=01;35:*.yuv=01;35:*.cgm=01;35:*.emf=01;35:*.ogv=01;35:*.ogx=01;35:*.aac=00;36:*.au=00;36:*.flac=00;36:*.m4a=00;36:*.mid=00;36:*.midi=00;36:*.mka=00;36:*.mp3=00;36:*.mpc=00;36:*.ogg=00;36:*.ra=00;36:*.wav=00;36:*.oga=00;36:*.opus=00;36:*.spx=00;36:*.xspf=00;36:'), ('AMENT_PREFIX_PATH', '/home/cricchetto/Robomaster_WS/install/sllidar_ros2:/home/cricchetto/Robomaster_WS/install/robomaster_ros:/home/cricchetto/Robomaster_WS/install/robomaster_msgs:/home/cricchetto/Robomaster_WS/install/robomaster_description:/home/cricchetto/Robomaster_WS/install/dwb_msgs:/home/cricchetto/Robomaster_WS/install/nav_2d_msgs:/home/cricchetto/Robomaster_WS/install/nav2_voxel_grid:/home/cricchetto/Robomaster_WS/install/nav2_simple_commander:/home/cricchetto/Robomaster_WS/install/explore_lite:/home/cricchetto/Robomaster_WS/install/nav2_msgs:/home/cricchetto/Robomaster_WS/install/nav2_common:/home/cricchetto/Robomaster_WS/install/multirobot_map_merge:/home/cricchetto/Robomaster_WS/install/ep_control:/home/cricchetto/Robomaster_WS/install/drift:/opt/ros/humble'), ('SHELL', '/bin/bash'), ('LC_NAME', 'es_AR.UTF-8'), ('LESSCLOSE', '/usr/bin/lesspipe %s %s'), ('LC_MEASUREMENT', 'es_AR.UTF-8'), ('LC_IDENTIFICATION', 'es_AR.UTF-8'), ('PWD', '/home/cricchetto/Robomaster_WS/build/explore_lite'), ('LC_ALL', 'en_US.UTF-8'), ('SSH_CONNECTION', '172.18.147.201 58490 172.18.147.143 22'), ('PYTHONPATH', '/home/cricchetto/Robomaster_WS/install/robomaster_ros/lib/python3.10/site-packages:/home/cricchetto/Robomaster_WS/install/robomaster_msgs/local/lib/python3.10/dist-packages:/home/cricchetto/Robomaster_WS/install/dwb_msgs/local/lib/python3.10/dist-packages:/home/cricchetto/Robomaster_WS/install/nav_2d_msgs/local/lib/python3.10/dist-packages:/home/cricchetto/Robomaster_WS/install/nav2_simple_commander/lib/python3.10/site-packages:/home/cricchetto/Robomaster_WS/install/nav2_msgs/local/lib/python3.10/dist-packages:/home/cricchetto/Robomaster_WS/install/nav2_common/local/lib/python3.10/dist-packages:/home/cricchetto/Robomaster_WS/install/ep_control/lib/python3.10/site-packages:/home/cricchetto/Robomaster_WS/install/drift/lib/python3.10/site-packages:/opt/ros/humble/lib/python3.10/site-packages:/opt/ros/humble/local/lib/python3.10/dist-packages'), ('LC_NUMERIC', 'es_AR.UTF-8'), ('LC_PAPER', 'es_AR.UTF-8'), ('COLCON', '1'), ('CMAKE_PREFIX_PATH', '/home/cricchetto/Robomaster_WS/install/sllidar_ros2:/home/cricchetto/Robomaster_WS/install/robomaster_msgs:/home/cricchetto/Robomaster_WS/install/robomaster_description:/home/cricchetto/Robomaster_WS/install/dwb_msgs:/home/cricchetto/Robomaster_WS/install/nav_2d_msgs:/home/cricchetto/Robomaster_WS/install/nav2_voxel_grid:/home/cricchetto/Robomaster_WS/install/explore_lite:/home/cricchetto/Robomaster_WS/install/nav2_msgs:/home/cricchetto/Robomaster_WS/install/nav2_common:/home/cricchetto/Robomaster_WS/install/multirobot_map_merge:/home/cricchetto/Robomaster_WS/install/robomaster_ros:/home/cricchetto/Robomaster_WS/install/nav2_simple_commander:/home/cricchetto/Robomaster_WS/install/ep_control:/home/cricchetto/Robomaster_WS/install/drift:/opt/ros/humble')]), 'shell': False}
[4.053168] (explore_lite) StdoutLine: {'line': b'-- Install configuration: ""\n'}
[4.055914] (explore_lite) StdoutLine: {'line': b'-- Up-to-date: /home/cricchetto/Robomaster_WS/install/explore_lite/include/explore/\n'}
[4.058141] (explore_lite) StdoutLine: {'line': b'-- Up-to-date: /home/cricchetto/Robomaster_WS/install/explore_lite/include/explore//frontier_search.h\n'}
[4.060163] (explore_lite) StdoutLine: {'line': b'-- Up-to-date: /home/cricchetto/Robomaster_WS/install/explore_lite/include/explore//costmap_client.h\n'}
[4.061340] (explore_lite) StdoutLine: {'line': b'-- Up-to-date: /home/cricchetto/Robomaster_WS/install/explore_lite/include/explore//costmap_tools.h\n'}
[4.062326] (explore_lite) StdoutLine: {'line': b'-- Up-to-date: /home/cricchetto/Robomaster_WS/install/explore_lite/include/explore//explore.h\n'}
[4.063558] (explore_lite) StdoutLine: {'line': b'-- Up-to-date: /home/cricchetto/Robomaster_WS/install/explore_lite/share/explore_lite/config\n'}
[4.065196] (explore_lite) StdoutLine: {'line': b'-- Up-to-date: /home/cricchetto/Robomaster_WS/install/explore_lite/share/explore_lite/config/params_costmap.yaml\n'}
[4.067912] (explore_lite) StdoutLine: {'line': b'-- Up-to-date: /home/cricchetto/Robomaster_WS/install/explore_lite/share/explore_lite/config/params.yaml\n'}
[4.069516] (explore_lite) StdoutLine: {'line': b'-- Up-to-date: /home/cricchetto/Robomaster_WS/install/explore_lite/share/explore_lite/launch\n'}
[4.071695] (explore_lite) StdoutLine: {'line': b'-- Up-to-date: /home/cricchetto/Robomaster_WS/install/explore_lite/share/explore_lite/launch/explore.launch.py\n'}
[4.074659] (explore_lite) StdoutLine: {'line': b'-- Up-to-date: /home/cricchetto/Robomaster_WS/install/explore_lite/lib/explore_lite/explore\n'}
[4.075365] (explore_lite) StdoutLine: {'line': b'-- Up-to-date: /home/cricchetto/Robomaster_WS/install/explore_lite/share/ament_index/resource_index/package_run_dependencies/explore_lite\n'}
[4.076004] (explore_lite) StdoutLine: {'line': b'-- Up-to-date: /home/cricchetto/Robomaster_WS/install/explore_lite/share/ament_index/resource_index/parent_prefix_path/explore_lite\n'}
[4.076773] (explore_lite) StdoutLine: {'line': b'-- Up-to-date: /home/cricchetto/Robomaster_WS/install/explore_lite/share/explore_lite/environment/ament_prefix_path.sh\n'}
[4.077702] (explore_lite) StdoutLine: {'line': b'-- Up-to-date: /home/cricchetto/Robomaster_WS/install/explore_lite/share/explore_lite/environment/ament_prefix_path.dsv\n'}
[4.078392] (explore_lite) StdoutLine: {'line': b'-- Up-to-date: /home/cricchetto/Robomaster_WS/install/explore_lite/share/explore_lite/environment/path.sh\n'}
[4.079662] (explore_lite) StdoutLine: {'line': b'-- Up-to-date: /home/cricchetto/Robomaster_WS/install/explore_lite/share/explore_lite/environment/path.dsv\n'}
[4.080742] (explore_lite) StdoutLine: {'line': b'-- Up-to-date: /home/cricchetto/Robomaster_WS/install/explore_lite/share/explore_lite/local_setup.bash\n'}
[4.081512] (explore_lite) StdoutLine: {'line': b'-- Up-to-date: /home/cricchetto/Robomaster_WS/install/explore_lite/share/explore_lite/local_setup.sh\n'}
[4.082168] (explore_lite) StdoutLine: {'line': b'-- Up-to-date: /home/cricchetto/Robomaster_WS/install/explore_lite/share/explore_lite/local_setup.zsh\n'}
[4.083053] (explore_lite) StdoutLine: {'line': b'-- Up-to-date: /home/cricchetto/Robomaster_WS/install/explore_lite/share/explore_lite/local_setup.dsv\n'}
[4.085444] (explore_lite) StdoutLine: {'line': b'-- Installing: /home/cricchetto/Robomaster_WS/install/explore_lite/share/explore_lite/package.dsv\n'}
[4.086450] (explore_lite) StdoutLine: {'line': b'-- Up-to-date: /home/cricchetto/Robomaster_WS/install/explore_lite/share/ament_index/resource_index/packages/explore_lite\n'}
[4.087425] (explore_lite) StdoutLine: {'line': b'-- Up-to-date: /home/cricchetto/Robomaster_WS/install/explore_lite/share/explore_lite/cmake/ament_cmake_export_include_directories-extras.cmake\n'}
[4.088190] (explore_lite) StdoutLine: {'line': b'-- Up-to-date: /home/cricchetto/Robomaster_WS/install/explore_lite/share/explore_lite/cmake/explore_liteConfig.cmake\n'}
[4.089519] (explore_lite) StdoutLine: {'line': b'-- Up-to-date: /home/cricchetto/Robomaster_WS/install/explore_lite/share/explore_lite/cmake/explore_liteConfig-version.cmake\n'}
[4.090454] (explore_lite) StdoutLine: {'line': b'-- Up-to-date: /home/cricchetto/Robomaster_WS/install/explore_lite/share/explore_lite/package.xml\n'}
[4.091404] (explore_lite) CommandEnded: {'returncode': 0}
[4.093745] (robomaster_msgs) StdoutLine: {'line': b"Listing '/home/cricchetto/Robomaster_WS/install/robomaster_msgs/local/lib/python3.10/dist-packages/robomaster_msgs'...\n"}
[4.094487] (robomaster_msgs) StdoutLine: {'line': b"Listing '/home/cricchetto/Robomaster_WS/install/robomaster_msgs/local/lib/python3.10/dist-packages/robomaster_msgs/action'...\n"}
[4.095824] (robomaster_msgs) StdoutLine: {'line': b"Listing '/home/cricchetto/Robomaster_WS/install/robomaster_msgs/local/lib/python3.10/dist-packages/robomaster_msgs/msg'...\n"}
[4.096822] (robomaster_msgs) StdoutLine: {'line': b"Listing '/home/cricchetto/Robomaster_WS/install/robomaster_msgs/local/lib/python3.10/dist-packages/robomaster_msgs/srv'...\n"}
[4.097575] (robomaster_msgs) StdoutLine: {'line': b'-- Up-to-date: /home/cricchetto/Robomaster_WS/install/robomaster_msgs/local/lib/python3.10/dist-packages/robomaster_msgs/robomaster_msgs_s__rosidl_typesupport_fastrtps_c.cpython-310-aarch64-linux-gnu.so\n'}
[4.098332] (robomaster_msgs) StdoutLine: {'line': b'-- Up-to-date: /home/cricchetto/Robomaster_WS/install/robomaster_msgs/local/lib/python3.10/dist-packages/robomaster_msgs/robomaster_msgs_s__rosidl_typesupport_introspection_c.cpython-310-aarch64-linux-gnu.so\n'}
[4.099615] (robomaster_msgs) StdoutLine: {'line': b'-- Up-to-date: /home/cricchetto/Robomaster_WS/install/robomaster_msgs/local/lib/python3.10/dist-packages/robomaster_msgs/robomaster_msgs_s__rosidl_typesupport_c.cpython-310-aarch64-linux-gnu.so\n'}
[4.100220] (robomaster_msgs) StdoutLine: {'line': b'-- Up-to-date: /home/cricchetto/Robomaster_WS/install/robomaster_msgs/lib/librobomaster_msgs__rosidl_generator_py.so\n'}
[4.101877] (robomaster_msgs) StdoutLine: {'line': b'-- Up-to-date: /home/cricchetto/Robomaster_WS/install/robomaster_msgs/share/robomaster_msgs/msg/WheelSpeeds.idl\n'}
[4.105250] (robomaster_msgs) StdoutLine: {'line': b'-- Up-to-date: /home/cricchetto/Robomaster_WS/install/robomaster_msgs/share/robomaster_msgs/msg/LEDEffect.idl\n'}
[4.107821] (robomaster_msgs) StdoutLine: {'line': b'-- Up-to-date: /home/cricchetto/Robomaster_WS/install/robomaster_msgs/share/robomaster_msgs/msg/ChassisStatus.idl\n'}
[4.108920] (robomaster_msgs) StdoutLine: {'line': b'-- Up-to-date: /home/cricchetto/Robomaster_WS/install/robomaster_msgs/share/robomaster_msgs/msg/SBus.idl\n'}
[4.109956] (robomaster_msgs) StdoutLine: {'line': b'-- Up-to-date: /home/cricchetto/Robomaster_WS/install/robomaster_msgs/share/robomaster_msgs/msg/PWM.idl\n'}
[4.114850] (robomaster_msgs) StdoutLine: {'line': b'-- Up-to-date: /home/cricchetto/Robomaster_WS/install/robomaster_msgs/share/robomaster_msgs/msg/GripperState.idl\n'}
[4.115718] (robomaster_msgs) StdoutLine: {'line': b'-- Up-to-date: /home/cricchetto/Robomaster_WS/install/robomaster_msgs/share/robomaster_msgs/msg/CameraConfig.idl\n'}
[4.116609] (robomaster_msgs) StdoutLine: {'line': b'-- Up-to-date: /home/cricchetto/Robomaster_WS/install/robomaster_msgs/share/robomaster_msgs/msg/ArmorHit.idl\n'}
[4.119585] (robomaster_msgs) StdoutLine: {'line': b'-- Up-to-date: /home/cricchetto/Robomaster_WS/install/robomaster_msgs/share/robomaster_msgs/msg/DetectedLine.idl\n'}
[4.120815] (robomaster_msgs) StdoutLine: {'line': b'-- Up-to-date: /home/cricchetto/Robomaster_WS/install/robomaster_msgs/share/robomaster_msgs/msg/DetectedGesture.idl\n'}
[4.121565] (robomaster_msgs) StdoutLine: {'line': b'-- Up-to-date: /home/cricchetto/Robomaster_WS/install/robomaster_msgs/share/robomaster_msgs/msg/DetectedMarker.idl\n'}
[4.122366] (robomaster_msgs) StdoutLine: {'line': b'-- Up-to-date: /home/cricchetto/Robomaster_WS/install/robomaster_msgs/share/robomaster_msgs/msg/DetectedPerson.idl\n'}
[4.123324] (robomaster_msgs) StdoutLine: {'line': b'-- Up-to-date: /home/cricchetto/Robomaster_WS/install/robomaster_msgs/share/robomaster_msgs/msg/DetectedRobot.idl\n'}
[4.125428] (robomaster_msgs) StdoutLine: {'line': b'-- Up-to-date: /home/cricchetto/Robomaster_WS/install/robomaster_msgs/share/robomaster_msgs/msg/Detection.idl\n'}
[4.126128] (robomaster_msgs) StdoutLine: {'line': b'-- Up-to-date: /home/cricchetto/Robomaster_WS/install/robomaster_msgs/share/robomaster_msgs/msg/RegionOfInterest.idl\n'}
[4.127791] (robomaster_msgs) StdoutLine: {'line': b'-- Up-to-date: /home/cricchetto/Robomaster_WS/install/robomaster_msgs/share/robomaster_msgs/msg/Serial.idl\n'}
[4.129186] (robomaster_msgs) StdoutLine: {'line': b'-- Up-to-date: /home/cricchetto/Robomaster_WS/install/robomaster_msgs/share/robomaster_msgs/msg/ServoCommand.idl\n'}
[4.130151] (robomaster_msgs) StdoutLine: {'line': b'-- Up-to-date: /home/cricchetto/Robomaster_WS/install/robomaster_msgs/share/robomaster_msgs/msg/GimbalCommand.idl\n'}
[4.131826] (robomaster_msgs) StdoutLine: {'line': b'-- Up-to-date: /home/cricchetto/Robomaster_WS/install/robomaster_msgs/share/robomaster_msgs/msg/BlasterLED.idl\n'}
[4.134556] (robomaster_msgs) StdoutLine: {'line': b'-- Up-to-date: /home/cricchetto/Robomaster_WS/install/robomaster_msgs/share/robomaster_msgs/msg/Mode.idl\n'}
[4.135456] (robomaster_msgs) StdoutLine: {'line': b'-- Up-to-date: /home/cricchetto/Robomaster_WS/install/robomaster_msgs/share/robomaster_msgs/msg/AudioData.idl\n'}
[4.138312] (robomaster_msgs) StdoutLine: {'line': b'-- Up-to-date: /home/cricchetto/Robomaster_WS/install/robomaster_msgs/share/robomaster_msgs/msg/AudioLevel.idl\n'}
[4.139558] (robomaster_msgs) StdoutLine: {'line': b'-- Up-to-date: /home/cricchetto/Robomaster_WS/install/robomaster_msgs/share/robomaster_msgs/msg/AudioOpus.idl\n'}
[4.142089] (robomaster_msgs) StdoutLine: {'line': b'-- Up-to-date: /home/cricchetto/Robomaster_WS/install/robomaster_msgs/share/robomaster_msgs/msg/H264Packet.idl\n'}
[4.143628] (robomaster_msgs) StdoutLine: {'line': b'-- Up-to-date: /home/cricchetto/Robomaster_WS/install/robomaster_msgs/share/robomaster_msgs/msg/SensorAdapter.idl\n'}
[4.152335] (-) TimerEvent: {}
[4.153530] (robomaster_msgs) StdoutLine: {'line': b'-- Up-to-date: /home/cricchetto/Robomaster_WS/install/robomaster_msgs/share/robomaster_msgs/msg/ServoRawState.idl\n'}
[4.154310] (robomaster_msgs) StdoutLine: {'line': b'-- Up-to-date: /home/cricchetto/Robomaster_WS/install/robomaster_msgs/share/robomaster_msgs/msg/SpeakerCommand.idl\n'}
[4.154931] (robomaster_msgs) StdoutLine: {'line': b'-- Up-to-date: /home/cricchetto/Robomaster_WS/install/robomaster_msgs/share/robomaster_msgs/action/Move.idl\n'}
[4.156026] (robomaster_msgs) StdoutLine: {'line': b'-- Up-to-date: /home/cricchetto/Robomaster_WS/install/robomaster_msgs/share/robomaster_msgs/action/MoveArm.idl\n'}
[4.156577] (robomaster_msgs) StdoutLine: {'line': b'-- Up-to-date: /home/cricchetto/Robomaster_WS/install/robomaster_msgs/share/robomaster_msgs/action/GripperControl.idl\n'}
[4.157554] (robomaster_msgs) StdoutLine: {'line': b'-- Up-to-date: /home/cricchetto/Robomaster_WS/install/robomaster_msgs/share/robomaster_msgs/action/PlaySound.idl\n'}
[4.158164] (robomaster_msgs) StdoutLine: {'line': b'-- Up-to-date: /home/cricchetto/Robomaster_WS/install/robomaster_msgs/share/robomaster_msgs/action/MoveServo.idl\n'}
[4.159996] (robomaster_msgs) StdoutLine: {'line': b'-- Up-to-date: /home/cricchetto/Robomaster_WS/install/robomaster_msgs/share/robomaster_msgs/action/MoveGimbal.idl\n'}
[4.160659] (robomaster_msgs) StdoutLine: {'line': b'-- Up-to-date: /home/cricchetto/Robomaster_WS/install/robomaster_msgs/share/robomaster_msgs/action/RecenterGimbal.idl\n'}
[4.166295] (robomaster_msgs) StdoutLine: {'line': b'-- Up-to-date: /home/cricchetto/Robomaster_WS/install/robomaster_msgs/share/robomaster_msgs/srv/GetADC.idl\n'}
[4.167353] (robomaster_msgs) StdoutLine: {'line': b'-- Up-to-date: /home/cricchetto/Robomaster_WS/install/robomaster_msgs/share/robomaster_msgs/srv/GetIO.idl\n'}
[4.168060] (robomaster_msgs) StdoutLine: {'line': b'-- Up-to-date: /home/cricchetto/Robomaster_WS/install/robomaster_msgs/share/robomaster_msgs/srv/GetPulse.idl\n'}
[4.168973] (robomaster_msgs) StdoutLine: {'line': b'-- Up-to-date: /home/cricchetto/Robomaster_WS/install/robomaster_msgs/share/robomaster_msgs/srv/GetServoAngle.idl\n'}
[4.175779] (robomaster_msgs) StdoutLine: {'line': b'-- Up-to-date: /home/cricchetto/Robomaster_WS/install/robomaster_msgs/share/robomaster_msgs/msg/WheelSpeeds.msg\n'}
[4.177923] (robomaster_msgs) StdoutLine: {'line': b'-- Up-to-date: /home/cricchetto/Robomaster_WS/install/robomaster_msgs/share/robomaster_msgs/msg/LEDEffect.msg\n'}
[4.184714] (robomaster_msgs) StdoutLine: {'line': b'-- Up-to-date: /home/cricchetto/Robomaster_WS/install/robomaster_msgs/share/robomaster_msgs/msg/ChassisStatus.msg\n'}
[4.185866] (robomaster_msgs) StdoutLine: {'line': b'-- Up-to-date: /home/cricchetto/Robomaster_WS/install/robomaster_msgs/share/robomaster_msgs/msg/SBus.msg\n'}
[4.186883] (robomaster_msgs) StdoutLine: {'line': b'-- Up-to-date: /home/cricchetto/Robomaster_WS/install/robomaster_msgs/share/robomaster_msgs/msg/PWM.msg\n'}
[4.187589] (robomaster_msgs) StdoutLine: {'line': b'-- Up-to-date: /home/cricchetto/Robomaster_WS/install/robomaster_msgs/share/robomaster_msgs/msg/GripperState.msg\n'}
[4.188581] (robomaster_msgs) StdoutLine: {'line': b'-- Up-to-date: /home/cricchetto/Robomaster_WS/install/robomaster_msgs/share/robomaster_msgs/msg/CameraConfig.msg\n'}
[4.189399] (robomaster_msgs) StdoutLine: {'line': b'-- Up-to-date: /home/cricchetto/Robomaster_WS/install/robomaster_msgs/share/robomaster_msgs/msg/ArmorHit.msg\n'}
[4.190143] (robomaster_msgs) StdoutLine: {'line': b'-- Up-to-date: /home/cricchetto/Robomaster_WS/install/robomaster_msgs/share/robomaster_msgs/msg/DetectedLine.msg\n'}
[4.191128] (robomaster_msgs) StdoutLine: {'line': b'-- Up-to-date: /home/cricchetto/Robomaster_WS/install/robomaster_msgs/share/robomaster_msgs/msg/DetectedGesture.msg\n'}
[4.192059] (robomaster_msgs) StdoutLine: {'line': b'-- Up-to-date: /home/cricchetto/Robomaster_WS/install/robomaster_msgs/share/robomaster_msgs/msg/DetectedMarker.msg\n'}
[4.192748] (robomaster_msgs) StdoutLine: {'line': b'-- Up-to-date: /home/cricchetto/Robomaster_WS/install/robomaster_msgs/share/robomaster_msgs/msg/DetectedPerson.msg\n'}
[4.193668] (robomaster_msgs) StdoutLine: {'line': b'-- Up-to-date: /home/cricchetto/Robomaster_WS/install/robomaster_msgs/share/robomaster_msgs/msg/DetectedRobot.msg\n'}
[4.194337] (robomaster_msgs) StdoutLine: {'line': b'-- Up-to-date: /home/cricchetto/Robomaster_WS/install/robomaster_msgs/share/robomaster_msgs/msg/Detection.msg\n'}
[4.195451] (robomaster_msgs) StdoutLine: {'line': b'-- Up-to-date: /home/cricchetto/Robomaster_WS/install/robomaster_msgs/share/robomaster_msgs/msg/RegionOfInterest.msg\n'}
[4.196313] (robomaster_msgs) StdoutLine: {'line': b'-- Up-to-date: /home/cricchetto/Robomaster_WS/install/robomaster_msgs/share/robomaster_msgs/msg/Serial.msg\n'}
[4.197012] (robomaster_msgs) StdoutLine: {'line': b'-- Up-to-date: /home/cricchetto/Robomaster_WS/install/robomaster_msgs/share/robomaster_msgs/msg/ServoCommand.msg\n'}
[4.200833] (robomaster_msgs) StdoutLine: {'line': b'-- Up-to-date: /home/cricchetto/Robomaster_WS/install/robomaster_msgs/share/robomaster_msgs/msg/GimbalCommand.msg\n'}
[4.201725] (robomaster_msgs) StdoutLine: {'line': b'-- Up-to-date: /home/cricchetto/Robomaster_WS/install/robomaster_msgs/share/robomaster_msgs/msg/BlasterLED.msg\n'}
[4.202394] (robomaster_msgs) StdoutLine: {'line': b'-- Up-to-date: /home/cricchetto/Robomaster_WS/install/robomaster_msgs/share/robomaster_msgs/msg/Mode.msg\n'}
[4.209697] (robomaster_msgs) StdoutLine: {'line': b'-- Up-to-date: /home/cricchetto/Robomaster_WS/install/robomaster_msgs/share/robomaster_msgs/msg/AudioData.msg\n'}
[4.210351] (robomaster_msgs) StdoutLine: {'line': b'-- Up-to-date: /home/cricchetto/Robomaster_WS/install/robomaster_msgs/share/robomaster_msgs/msg/AudioLevel.msg\n'}
[4.211261] (robomaster_msgs) StdoutLine: {'line': b'-- Up-to-date: /home/cricchetto/Robomaster_WS/install/robomaster_msgs/share/robomaster_msgs/msg/AudioOpus.msg\n'}
[4.212198] (robomaster_msgs) StdoutLine: {'line': b'-- Up-to-date: /home/cricchetto/Robomaster_WS/install/robomaster_msgs/share/robomaster_msgs/msg/H264Packet.msg\n'}
[4.212904] (robomaster_msgs) StdoutLine: {'line': b'-- Up-to-date: /home/cricchetto/Robomaster_WS/install/robomaster_msgs/share/robomaster_msgs/msg/SensorAdapter.msg\n'}
[4.213862] (robomaster_msgs) StdoutLine: {'line': b'-- Up-to-date: /home/cricchetto/Robomaster_WS/install/robomaster_msgs/share/robomaster_msgs/msg/ServoRawState.msg\n'}
[4.214687] (robomaster_msgs) StdoutLine: {'line': b'-- Up-to-date: /home/cricchetto/Robomaster_WS/install/robomaster_msgs/share/robomaster_msgs/msg/SpeakerCommand.msg\n'}
[4.215396] (robomaster_msgs) StdoutLine: {'line': b'-- Up-to-date: /home/cricchetto/Robomaster_WS/install/robomaster_msgs/share/robomaster_msgs/action/Move.action\n'}
[4.216565] (robomaster_msgs) StdoutLine: {'line': b'-- Up-to-date: /home/cricchetto/Robomaster_WS/install/robomaster_msgs/share/robomaster_msgs/action/MoveArm.action\n'}
[4.217522] (robomaster_msgs) StdoutLine: {'line': b'-- Up-to-date: /home/cricchetto/Robomaster_WS/install/robomaster_msgs/share/robomaster_msgs/action/GripperControl.action\n'}
[4.218538] (robomaster_msgs) StdoutLine: {'line': b'-- Up-to-date: /home/cricchetto/Robomaster_WS/install/robomaster_msgs/share/robomaster_msgs/action/PlaySound.action\n'}
[4.219620] (robomaster_msgs) StdoutLine: {'line': b'-- Up-to-date: /home/cricchetto/Robomaster_WS/install/robomaster_msgs/share/robomaster_msgs/action/MoveServo.action\n'}
[4.220416] (robomaster_msgs) StdoutLine: {'line': b'-- Up-to-date: /home/cricchetto/Robomaster_WS/install/robomaster_msgs/share/robomaster_msgs/action/MoveGimbal.action\n'}
[4.221601] (robomaster_msgs) StdoutLine: {'line': b'-- Up-to-date: /home/cricchetto/Robomaster_WS/install/robomaster_msgs/share/robomaster_msgs/action/RecenterGimbal.action\n'}
[4.222593] (robomaster_msgs) StdoutLine: {'line': b'-- Up-to-date: /home/cricchetto/Robomaster_WS/install/robomaster_msgs/share/robomaster_msgs/srv/GetADC.srv\n'}
[4.223844] (robomaster_msgs) StdoutLine: {'line': b'-- Up-to-date: /home/cricchetto/Robomaster_WS/install/robomaster_msgs/share/robomaster_msgs/srv/GetADC_Request.msg\n'}
[4.225177] (robomaster_msgs) StdoutLine: {'line': b'-- Up-to-date: /home/cricchetto/Robomaster_WS/install/robomaster_msgs/share/robomaster_msgs/srv/GetADC_Response.msg\n'}
[4.226361] (robomaster_msgs) StdoutLine: {'line': b'-- Up-to-date: /home/cricchetto/Robomaster_WS/install/robomaster_msgs/share/robomaster_msgs/srv/GetIO.srv\n'}
[4.227662] (robomaster_msgs) StdoutLine: {'line': b'-- Up-to-date: /home/cricchetto/Robomaster_WS/install/robomaster_msgs/share/robomaster_msgs/srv/GetIO_Request.msg\n'}
[4.229158] (robomaster_msgs) StdoutLine: {'line': b'-- Up-to-date: /home/cricchetto/Robomaster_WS/install/robomaster_msgs/share/robomaster_msgs/srv/GetIO_Response.msg\n'}
[4.229903] (robomaster_msgs) StdoutLine: {'line': b'-- Up-to-date: /home/cricchetto/Robomaster_WS/install/robomaster_msgs/share/robomaster_msgs/srv/GetPulse.srv\n'}
[4.230792] (robomaster_msgs) StdoutLine: {'line': b'-- Up-to-date: /home/cricchetto/Robomaster_WS/install/robomaster_msgs/share/robomaster_msgs/srv/GetPulse_Request.msg\n'}
[4.231831] (robomaster_msgs) StdoutLine: {'line': b'-- Up-to-date: /home/cricchetto/Robomaster_WS/install/robomaster_msgs/share/robomaster_msgs/srv/GetPulse_Response.msg\n'}
[4.232706] (robomaster_msgs) StdoutLine: {'line': b'-- Up-to-date: /home/cricchetto/Robomaster_WS/install/robomaster_msgs/share/robomaster_msgs/srv/GetServoAngle.srv\n'}
[4.233857] (robomaster_msgs) StdoutLine: {'line': b'-- Up-to-date: /home/cricchetto/Robomaster_WS/install/robomaster_msgs/share/robomaster_msgs/srv/GetServoAngle_Request.msg\n'}
[4.234713] (robomaster_msgs) StdoutLine: {'line': b'-- Up-to-date: /home/cricchetto/Robomaster_WS/install/robomaster_msgs/share/robomaster_msgs/srv/GetServoAngle_Response.msg\n'}
[4.235608] (robomaster_msgs) StdoutLine: {'line': b'-- Up-to-date: /home/cricchetto/Robomaster_WS/install/robomaster_msgs/share/ament_index/resource_index/package_run_dependencies/robomaster_msgs\n'}
[4.236779] (robomaster_msgs) StdoutLine: {'line': b'-- Up-to-date: /home/cricchetto/Robomaster_WS/install/robomaster_msgs/share/ament_index/resource_index/parent_prefix_path/robomaster_msgs\n'}
[4.239717] (robomaster_msgs) StdoutLine: {'line': b'-- Up-to-date: /home/cricchetto/Robomaster_WS/install/robomaster_msgs/share/robomaster_msgs/environment/ament_prefix_path.sh\n'}
[4.241425] (robomaster_msgs) StdoutLine: {'line': b'-- Up-to-date: /home/cricchetto/Robomaster_WS/install/robomaster_msgs/share/robomaster_msgs/environment/ament_prefix_path.dsv\n'}
[4.242555] (robomaster_msgs) StdoutLine: {'line': b'-- Up-to-date: /home/cricchetto/Robomaster_WS/install/robomaster_msgs/share/robomaster_msgs/environment/path.sh\n'}
[4.249175] (robomaster_msgs) StdoutLine: {'line': b'-- Up-to-date: /home/cricchetto/Robomaster_WS/install/robomaster_msgs/share/robomaster_msgs/environment/path.dsv\n'}
[4.251162] (robomaster_msgs) StdoutLine: {'line': b'-- Up-to-date: /home/cricchetto/Robomaster_WS/install/robomaster_msgs/share/robomaster_msgs/local_setup.bash\n'}
[4.252166] (robomaster_msgs) StdoutLine: {'line': b'-- Up-to-date: /home/cricchetto/Robomaster_WS/install/robomaster_msgs/share/robomaster_msgs/local_setup.sh\n'}
[4.252797] (-) TimerEvent: {}
[4.253707] (robomaster_msgs) StdoutLine: {'line': b'-- Up-to-date: /home/cricchetto/Robomaster_WS/install/robomaster_msgs/share/robomaster_msgs/local_setup.zsh\n'}
[4.254825] (robomaster_msgs) StdoutLine: {'line': b'-- Up-to-date: /home/cricchetto/Robomaster_WS/install/robomaster_msgs/share/robomaster_msgs/local_setup.dsv\n'}
[4.256363] (robomaster_msgs) StdoutLine: {'line': b'-- Installing: /home/cricchetto/Robomaster_WS/install/robomaster_msgs/share/robomaster_msgs/package.dsv\n'}
[4.262852] (robomaster_msgs) StdoutLine: {'line': b'-- Up-to-date: /home/cricchetto/Robomaster_WS/install/robomaster_msgs/share/ament_index/resource_index/packages/robomaster_msgs\n'}
[4.263790] (robomaster_msgs) StdoutLine: {'line': b'-- Up-to-date: /home/cricchetto/Robomaster_WS/install/robomaster_msgs/share/robomaster_msgs/cmake/export_robomaster_msgs__rosidl_generator_cExport.cmake\n'}
[4.264754] (robomaster_msgs) StdoutLine: {'line': b'-- Up-to-date: /home/cricchetto/Robomaster_WS/install/robomaster_msgs/share/robomaster_msgs/cmake/export_robomaster_msgs__rosidl_generator_cExport-noconfig.cmake\n'}
[4.267984] (robomaster_msgs) StdoutLine: {'line': b'-- Up-to-date: /home/cricchetto/Robomaster_WS/install/robomaster_msgs/share/robomaster_msgs/cmake/export_robomaster_msgs__rosidl_typesupport_fastrtps_cExport.cmake\n'}
[4.268935] (robomaster_msgs) StdoutLine: {'line': b'-- Up-to-date: /home/cricchetto/Robomaster_WS/install/robomaster_msgs/share/robomaster_msgs/cmake/export_robomaster_msgs__rosidl_typesupport_fastrtps_cExport-noconfig.cmake\n'}
[4.269548] (robomaster_msgs) StdoutLine: {'line': b'-- Up-to-date: /home/cricchetto/Robomaster_WS/install/robomaster_msgs/share/robomaster_msgs/cmake/robomaster_msgs__rosidl_typesupport_introspection_cExport.cmake\n'}
[4.273385] (robomaster_msgs) StdoutLine: {'line': b'-- Up-to-date: /home/cricchetto/Robomaster_WS/install/robomaster_msgs/share/robomaster_msgs/cmake/robomaster_msgs__rosidl_typesupport_introspection_cExport-noconfig.cmake\n'}
[4.274037] (robomaster_msgs) StdoutLine: {'line': b'-- Up-to-date: /home/cricchetto/Robomaster_WS/install/robomaster_msgs/share/robomaster_msgs/cmake/robomaster_msgs__rosidl_typesupport_cExport.cmake\n'}
[4.274843] (robomaster_msgs) StdoutLine: {'line': b'-- Up-to-date: /home/cricchetto/Robomaster_WS/install/robomaster_msgs/share/robomaster_msgs/cmake/robomaster_msgs__rosidl_typesupport_cExport-noconfig.cmake\n'}
[4.275511] (robomaster_msgs) StdoutLine: {'line': b'-- Up-to-date: /home/cricchetto/Robomaster_WS/install/robomaster_msgs/share/robomaster_msgs/cmake/export_robomaster_msgs__rosidl_generator_cppExport.cmake\n'}
[4.278968] (robomaster_msgs) StdoutLine: {'line': b'-- Up-to-date: /home/cricchetto/Robomaster_WS/install/robomaster_msgs/share/robomaster_msgs/cmake/export_robomaster_msgs__rosidl_typesupport_fastrtps_cppExport.cmake\n'}
[4.279632] (robomaster_msgs) StdoutLine: {'line': b'-- Up-to-date: /home/cricchetto/Robomaster_WS/install/robomaster_msgs/share/robomaster_msgs/cmake/export_robomaster_msgs__rosidl_typesupport_fastrtps_cppExport-noconfig.cmake\n'}
[4.282694] (robomaster_msgs) StdoutLine: {'line': b'-- Up-to-date: /home/cricchetto/Robomaster_WS/install/robomaster_msgs/share/robomaster_msgs/cmake/robomaster_msgs__rosidl_typesupport_introspection_cppExport.cmake\n'}
[4.283632] (robomaster_msgs) StdoutLine: {'line': b'-- Up-to-date: /home/cricchetto/Robomaster_WS/install/robomaster_msgs/share/robomaster_msgs/cmake/robomaster_msgs__rosidl_typesupport_introspection_cppExport-noconfig.cmake\n'}
[4.286132] (robomaster_msgs) StdoutLine: {'line': b'-- Up-to-date: /home/cricchetto/Robomaster_WS/install/robomaster_msgs/share/robomaster_msgs/cmake/robomaster_msgs__rosidl_typesupport_cppExport.cmake\n'}
[4.289773] (robomaster_msgs) StdoutLine: {'line': b'-- Up-to-date: /home/cricchetto/Robomaster_WS/install/robomaster_msgs/share/robomaster_msgs/cmake/robomaster_msgs__rosidl_typesupport_cppExport-noconfig.cmake\n'}
[4.290831] (robomaster_msgs) StdoutLine: {'line': b'-- Up-to-date: /home/cricchetto/Robomaster_WS/install/robomaster_msgs/share/robomaster_msgs/cmake/export_robomaster_msgs__rosidl_generator_pyExport.cmake\n'}
[4.291923] (robomaster_msgs) StdoutLine: {'line': b'-- Up-to-date: /home/cricchetto/Robomaster_WS/install/robomaster_msgs/share/robomaster_msgs/cmake/export_robomaster_msgs__rosidl_generator_pyExport-noconfig.cmake\n'}
[4.293953] (robomaster_msgs) StdoutLine: {'line': b'-- Up-to-date: /home/cricchetto/Robomaster_WS/install/robomaster_msgs/share/robomaster_msgs/cmake/rosidl_cmake-extras.cmake\n'}
[4.294540] (robomaster_msgs) StdoutLine: {'line': b'-- Up-to-date: /home/cricchetto/Robomaster_WS/install/robomaster_msgs/share/robomaster_msgs/cmake/ament_cmake_export_dependencies-extras.cmake\n'}
[4.295391] (robomaster_msgs) StdoutLine: {'line': b'-- Up-to-date: /home/cricchetto/Robomaster_WS/install/robomaster_msgs/share/robomaster_msgs/cmake/ament_cmake_export_include_directories-extras.cmake\n'}
[4.296089] (robomaster_msgs) StdoutLine: {'line': b'-- Up-to-date: /home/cricchetto/Robomaster_WS/install/robomaster_msgs/share/robomaster_msgs/cmake/ament_cmake_export_libraries-extras.cmake\n'}
[4.296631] (robomaster_msgs) StdoutLine: {'line': b'-- Up-to-date: /home/cricchetto/Robomaster_WS/install/robomaster_msgs/share/robomaster_msgs/cmake/ament_cmake_export_targets-extras.cmake\n'}
[4.297065] (robomaster_msgs) StdoutLine: {'line': b'-- Up-to-date: /home/cricchetto/Robomaster_WS/install/robomaster_msgs/share/robomaster_msgs/cmake/rosidl_cmake_export_typesupport_targets-extras.cmake\n'}
[4.297636] (robomaster_msgs) StdoutLine: {'line': b'-- Up-to-date: /home/cricchetto/Robomaster_WS/install/robomaster_msgs/share/robomaster_msgs/cmake/rosidl_cmake_export_typesupport_libraries-extras.cmake\n'}
[4.298202] (robomaster_msgs) StdoutLine: {'line': b'-- Up-to-date: /home/cricchetto/Robomaster_WS/install/robomaster_msgs/share/robomaster_msgs/cmake/robomaster_msgsConfig.cmake\n'}
[4.298805] (robomaster_msgs) StdoutLine: {'line': b'-- Up-to-date: /home/cricchetto/Robomaster_WS/install/robomaster_msgs/share/robomaster_msgs/cmake/robomaster_msgsConfig-version.cmake\n'}
[4.299380] (robomaster_msgs) StdoutLine: {'line': b'-- Up-to-date: /home/cricchetto/Robomaster_WS/install/robomaster_msgs/share/robomaster_msgs/package.xml\n'}
[4.311310] (explore_lite) JobEnded: {'identifier': 'explore_lite', 'rc': 0}
[4.314141] (multirobot_map_merge) JobStarted: {'identifier': 'multirobot_map_merge'}
[4.340758] (robomaster_msgs) CommandEnded: {'returncode': 0}
[4.353003] (-) TimerEvent: {}
[4.444419] (robomaster_msgs) JobEnded: {'identifier': 'robomaster_msgs', 'rc': 0}
[4.448007] (robomaster_description) JobStarted: {'identifier': 'robomaster_description'}
[4.453163] (-) TimerEvent: {}
[4.484195] (multirobot_map_merge) JobProgress: {'identifier': 'multirobot_map_merge', 'progress': 'cmake'}
[4.488795] (multirobot_map_merge) JobProgress: {'identifier': 'multirobot_map_merge', 'progress': 'build'}
[4.493377] (multirobot_map_merge) Command: {'cmd': ['/usr/bin/cmake', '--build', '/home/cricchetto/Robomaster_WS/build/multirobot_map_merge', '--', '-j4', '-l4'], 'cwd': '/home/cricchetto/Robomaster_WS/build/multirobot_map_merge', 'env': OrderedDict([('LESSOPEN', '| /usr/bin/lesspipe %s'), ('USER', 'cricchetto'), ('SSH_CLIENT', '172.18.147.201 58490 22'), ('LC_TIME', 'es_AR.UTF-8'), ('XDG_SESSION_TYPE', 'tty'), ('SHLVL', '2'), ('LD_LIBRARY_PATH', '/home/cricchetto/Robomaster_WS/install/robomaster_msgs/lib:/home/cricchetto/Robomaster_WS/install/dwb_msgs/lib:/home/cricchetto/Robomaster_WS/install/nav_2d_msgs/lib:/home/cricchetto/Robomaster_WS/install/nav2_voxel_grid/lib:/home/cricchetto/Robomaster_WS/install/nav2_msgs/lib:/home/cricchetto/Robomaster_WS/install/multirobot_map_merge/lib:/opt/ros/humble/opt/rviz_ogre_vendor/lib:/opt/ros/humble/lib/aarch64-linux-gnu:/opt/ros/humble/lib'), ('MOTD_SHOWN', 'pam'), ('HOME', '/home/cricchetto'), ('OLDPWD', '/home/cricchetto'), ('SSH_TTY', '/dev/pts/0'), ('ROS_PYTHON_VERSION', '3'), ('LC_MONETARY', 'es_AR.UTF-8'), ('DBUS_SESSION_BUS_ADDRESS', 'unix:path=/run/user/1000/bus'), ('COLCON_PREFIX_PATH', '/home/cricchetto/Robomaster_WS/install'), ('ROS_DISTRO', 'humble'), ('LOGNAME', 'cricchetto'), ('_', '/usr/bin/colcon'), ('ROS_VERSION', '2'), ('XDG_SESSION_CLASS', 'user'), ('TERM', 'xterm-256color'), ('XDG_SESSION_ID', '1'), ('ROS_LOCALHOST_ONLY', '0'), ('PATH', '/home/cricchetto/.local/bin:/opt/ros/humble/bin:/usr/local/sbin:/usr/local/bin:/usr/sbin:/usr/bin:/sbin:/bin:/usr/games:/usr/local/games:/snap/bin:/home/cricchettoSD/.local/bin'), ('LC_ADDRESS', 'es_AR.UTF-8'), ('XDG_RUNTIME_DIR', '/run/user/1000'), ('DISPLAY', 'localhost:10.0'), ('LANG', 'en_US.UTF-8'), ('LC_TELEPHONE', 'es_AR.UTF-8'), ('LS_COLORS', 'rs=0:di=01;34:ln=01;36:mh=00:pi=40;33:so=01;35:do=01;35:bd=40;33;01:cd=40;33;01:or=40;31;01:mi=00:su=37;41:sg=30;43:ca=30;41:tw=30;42:ow=34;42:st=37;44:ex=01;32:*.tar=01;31:*.tgz=01;31:*.arc=01;31:*.arj=01;31:*.taz=01;31:*.lha=01;31:*.lz4=01;31:*.lzh=01;31:*.lzma=01;31:*.tlz=01;31:*.txz=01;31:*.tzo=01;31:*.t7z=01;31:*.zip=01;31:*.z=01;31:*.dz=01;31:*.gz=01;31:*.lrz=01;31:*.lz=01;31:*.lzo=01;31:*.xz=01;31:*.zst=01;31:*.tzst=01;31:*.bz2=01;31:*.bz=01;31:*.tbz=01;31:*.tbz2=01;31:*.tz=01;31:*.deb=01;31:*.rpm=01;31:*.jar=01;31:*.war=01;31:*.ear=01;31:*.sar=01;31:*.rar=01;31:*.alz=01;31:*.ace=01;31:*.zoo=01;31:*.cpio=01;31:*.7z=01;31:*.rz=01;31:*.cab=01;31:*.wim=01;31:*.swm=01;31:*.dwm=01;31:*.esd=01;31:*.jpg=01;35:*.jpeg=01;35:*.mjpg=01;35:*.mjpeg=01;35:*.gif=01;35:*.bmp=01;35:*.pbm=01;35:*.pgm=01;35:*.ppm=01;35:*.tga=01;35:*.xbm=01;35:*.xpm=01;35:*.tif=01;35:*.tiff=01;35:*.png=01;35:*.svg=01;35:*.svgz=01;35:*.mng=01;35:*.pcx=01;35:*.mov=01;35:*.mpg=01;35:*.mpeg=01;35:*.m2v=01;35:*.mkv=01;35:*.webm=01;35:*.webp=01;35:*.ogm=01;35:*.mp4=01;35:*.m4v=01;35:*.mp4v=01;35:*.vob=01;35:*.qt=01;35:*.nuv=01;35:*.wmv=01;35:*.asf=01;35:*.rm=01;35:*.rmvb=01;35:*.flc=01;35:*.avi=01;35:*.fli=01;35:*.flv=01;35:*.gl=01;35:*.dl=01;35:*.xcf=01;35:*.xwd=01;35:*.yuv=01;35:*.cgm=01;35:*.emf=01;35:*.ogv=01;35:*.ogx=01;35:*.aac=00;36:*.au=00;36:*.flac=00;36:*.m4a=00;36:*.mid=00;36:*.midi=00;36:*.mka=00;36:*.mp3=00;36:*.mpc=00;36:*.ogg=00;36:*.ra=00;36:*.wav=00;36:*.oga=00;36:*.opus=00;36:*.spx=00;36:*.xspf=00;36:'), ('AMENT_PREFIX_PATH', '/home/cricchetto/Robomaster_WS/install/sllidar_ros2:/home/cricchetto/Robomaster_WS/install/robomaster_ros:/home/cricchetto/Robomaster_WS/install/robomaster_msgs:/home/cricchetto/Robomaster_WS/install/robomaster_description:/home/cricchetto/Robomaster_WS/install/dwb_msgs:/home/cricchetto/Robomaster_WS/install/nav_2d_msgs:/home/cricchetto/Robomaster_WS/install/nav2_voxel_grid:/home/cricchetto/Robomaster_WS/install/nav2_simple_commander:/home/cricchetto/Robomaster_WS/install/explore_lite:/home/cricchetto/Robomaster_WS/install/nav2_msgs:/home/cricchetto/Robomaster_WS/install/nav2_common:/home/cricchetto/Robomaster_WS/install/multirobot_map_merge:/home/cricchetto/Robomaster_WS/install/ep_control:/home/cricchetto/Robomaster_WS/install/drift:/opt/ros/humble'), ('SHELL', '/bin/bash'), ('LC_NAME', 'es_AR.UTF-8'), ('LESSCLOSE', '/usr/bin/lesspipe %s %s'), ('LC_MEASUREMENT', 'es_AR.UTF-8'), ('LC_IDENTIFICATION', 'es_AR.UTF-8'), ('PWD', '/home/cricchetto/Robomaster_WS/build/multirobot_map_merge'), ('LC_ALL', 'en_US.UTF-8'), ('SSH_CONNECTION', '172.18.147.201 58490 172.18.147.143 22'), ('PYTHONPATH', '/home/cricchetto/Robomaster_WS/install/robomaster_ros/lib/python3.10/site-packages:/home/cricchetto/Robomaster_WS/install/robomaster_msgs/local/lib/python3.10/dist-packages:/home/cricchetto/Robomaster_WS/install/dwb_msgs/local/lib/python3.10/dist-packages:/home/cricchetto/Robomaster_WS/install/nav_2d_msgs/local/lib/python3.10/dist-packages:/home/cricchetto/Robomaster_WS/install/nav2_simple_commander/lib/python3.10/site-packages:/home/cricchetto/Robomaster_WS/install/nav2_msgs/local/lib/python3.10/dist-packages:/home/cricchetto/Robomaster_WS/install/nav2_common/local/lib/python3.10/dist-packages:/home/cricchetto/Robomaster_WS/install/ep_control/lib/python3.10/site-packages:/home/cricchetto/Robomaster_WS/install/drift/lib/python3.10/site-packages:/opt/ros/humble/lib/python3.10/site-packages:/opt/ros/humble/local/lib/python3.10/dist-packages'), ('LC_NUMERIC', 'es_AR.UTF-8'), ('LC_PAPER', 'es_AR.UTF-8'), ('COLCON', '1'), ('CMAKE_PREFIX_PATH', '/home/cricchetto/Robomaster_WS/install/sllidar_ros2:/home/cricchetto/Robomaster_WS/install/robomaster_msgs:/home/cricchetto/Robomaster_WS/install/robomaster_description:/home/cricchetto/Robomaster_WS/install/dwb_msgs:/home/cricchetto/Robomaster_WS/install/nav_2d_msgs:/home/cricchetto/Robomaster_WS/install/nav2_voxel_grid:/home/cricchetto/Robomaster_WS/install/explore_lite:/home/cricchetto/Robomaster_WS/install/nav2_msgs:/home/cricchetto/Robomaster_WS/install/nav2_common:/home/cricchetto/Robomaster_WS/install/multirobot_map_merge:/home/cricchetto/Robomaster_WS/install/robomaster_ros:/home/cricchetto/Robomaster_WS/install/nav2_simple_commander:/home/cricchetto/Robomaster_WS/install/ep_control:/home/cricchetto/Robomaster_WS/install/drift:/opt/ros/humble')]), 'shell': False}
[4.505476] (robomaster_description) JobProgress: {'identifier': 'robomaster_description', 'progress': 'cmake'}
[4.508781] (robomaster_description) JobProgress: {'identifier': 'robomaster_description', 'progress': 'build'}
[4.517614] (robomaster_description) Command: {'cmd': ['/usr/bin/cmake', '--build', '/home/cricchetto/Robomaster_WS/build/robomaster_description', '--', '-j4', '-l4'], 'cwd': '/home/cricchetto/Robomaster_WS/build/robomaster_description', 'env': OrderedDict([('LESSOPEN', '| /usr/bin/lesspipe %s'), ('USER', 'cricchetto'), ('SSH_CLIENT', '172.18.147.201 58490 22'), ('LC_TIME', 'es_AR.UTF-8'), ('XDG_SESSION_TYPE', 'tty'), ('SHLVL', '2'), ('LD_LIBRARY_PATH', '/home/cricchetto/Robomaster_WS/install/robomaster_msgs/lib:/home/cricchetto/Robomaster_WS/install/dwb_msgs/lib:/home/cricchetto/Robomaster_WS/install/nav_2d_msgs/lib:/home/cricchetto/Robomaster_WS/install/nav2_voxel_grid/lib:/home/cricchetto/Robomaster_WS/install/nav2_msgs/lib:/home/cricchetto/Robomaster_WS/install/multirobot_map_merge/lib:/opt/ros/humble/opt/rviz_ogre_vendor/lib:/opt/ros/humble/lib/aarch64-linux-gnu:/opt/ros/humble/lib'), ('MOTD_SHOWN', 'pam'), ('HOME', '/home/cricchetto'), ('OLDPWD', '/home/cricchetto'), ('SSH_TTY', '/dev/pts/0'), ('ROS_PYTHON_VERSION', '3'), ('LC_MONETARY', 'es_AR.UTF-8'), ('DBUS_SESSION_BUS_ADDRESS', 'unix:path=/run/user/1000/bus'), ('COLCON_PREFIX_PATH', '/home/cricchetto/Robomaster_WS/install'), ('ROS_DISTRO', 'humble'), ('LOGNAME', 'cricchetto'), ('_', '/usr/bin/colcon'), ('ROS_VERSION', '2'), ('XDG_SESSION_CLASS', 'user'), ('TERM', 'xterm-256color'), ('XDG_SESSION_ID', '1'), ('ROS_LOCALHOST_ONLY', '0'), ('PATH', '/home/cricchetto/.local/bin:/opt/ros/humble/bin:/usr/local/sbin:/usr/local/bin:/usr/sbin:/usr/bin:/sbin:/bin:/usr/games:/usr/local/games:/snap/bin:/home/cricchettoSD/.local/bin'), ('LC_ADDRESS', 'es_AR.UTF-8'), ('XDG_RUNTIME_DIR', '/run/user/1000'), ('DISPLAY', 'localhost:10.0'), ('LANG', 'en_US.UTF-8'), ('LC_TELEPHONE', 'es_AR.UTF-8'), ('LS_COLORS', 'rs=0:di=01;34:ln=01;36:mh=00:pi=40;33:so=01;35:do=01;35:bd=40;33;01:cd=40;33;01:or=40;31;01:mi=00:su=37;41:sg=30;43:ca=30;41:tw=30;42:ow=34;42:st=37;44:ex=01;32:*.tar=01;31:*.tgz=01;31:*.arc=01;31:*.arj=01;31:*.taz=01;31:*.lha=01;31:*.lz4=01;31:*.lzh=01;31:*.lzma=01;31:*.tlz=01;31:*.txz=01;31:*.tzo=01;31:*.t7z=01;31:*.zip=01;31:*.z=01;31:*.dz=01;31:*.gz=01;31:*.lrz=01;31:*.lz=01;31:*.lzo=01;31:*.xz=01;31:*.zst=01;31:*.tzst=01;31:*.bz2=01;31:*.bz=01;31:*.tbz=01;31:*.tbz2=01;31:*.tz=01;31:*.deb=01;31:*.rpm=01;31:*.jar=01;31:*.war=01;31:*.ear=01;31:*.sar=01;31:*.rar=01;31:*.alz=01;31:*.ace=01;31:*.zoo=01;31:*.cpio=01;31:*.7z=01;31:*.rz=01;31:*.cab=01;31:*.wim=01;31:*.swm=01;31:*.dwm=01;31:*.esd=01;31:*.jpg=01;35:*.jpeg=01;35:*.mjpg=01;35:*.mjpeg=01;35:*.gif=01;35:*.bmp=01;35:*.pbm=01;35:*.pgm=01;35:*.ppm=01;35:*.tga=01;35:*.xbm=01;35:*.xpm=01;35:*.tif=01;35:*.tiff=01;35:*.png=01;35:*.svg=01;35:*.svgz=01;35:*.mng=01;35:*.pcx=01;35:*.mov=01;35:*.mpg=01;35:*.mpeg=01;35:*.m2v=01;35:*.mkv=01;35:*.webm=01;35:*.webp=01;35:*.ogm=01;35:*.mp4=01;35:*.m4v=01;35:*.mp4v=01;35:*.vob=01;35:*.qt=01;35:*.nuv=01;35:*.wmv=01;35:*.asf=01;35:*.rm=01;35:*.rmvb=01;35:*.flc=01;35:*.avi=01;35:*.fli=01;35:*.flv=01;35:*.gl=01;35:*.dl=01;35:*.xcf=01;35:*.xwd=01;35:*.yuv=01;35:*.cgm=01;35:*.emf=01;35:*.ogv=01;35:*.ogx=01;35:*.aac=00;36:*.au=00;36:*.flac=00;36:*.m4a=00;36:*.mid=00;36:*.midi=00;36:*.mka=00;36:*.mp3=00;36:*.mpc=00;36:*.ogg=00;36:*.ra=00;36:*.wav=00;36:*.oga=00;36:*.opus=00;36:*.spx=00;36:*.xspf=00;36:'), ('AMENT_PREFIX_PATH', '/home/cricchetto/Robomaster_WS/install/sllidar_ros2:/home/cricchetto/Robomaster_WS/install/robomaster_ros:/home/cricchetto/Robomaster_WS/install/robomaster_msgs:/home/cricchetto/Robomaster_WS/install/robomaster_description:/home/cricchetto/Robomaster_WS/install/dwb_msgs:/home/cricchetto/Robomaster_WS/install/nav_2d_msgs:/home/cricchetto/Robomaster_WS/install/nav2_voxel_grid:/home/cricchetto/Robomaster_WS/install/nav2_simple_commander:/home/cricchetto/Robomaster_WS/install/explore_lite:/home/cricchetto/Robomaster_WS/install/nav2_msgs:/home/cricchetto/Robomaster_WS/install/nav2_common:/home/cricchetto/Robomaster_WS/install/multirobot_map_merge:/home/cricchetto/Robomaster_WS/install/ep_control:/home/cricchetto/Robomaster_WS/install/drift:/opt/ros/humble'), ('SHELL', '/bin/bash'), ('LC_NAME', 'es_AR.UTF-8'), ('LESSCLOSE', '/usr/bin/lesspipe %s %s'), ('LC_MEASUREMENT', 'es_AR.UTF-8'), ('LC_IDENTIFICATION', 'es_AR.UTF-8'), ('PWD', '/home/cricchetto/Robomaster_WS/build/robomaster_description'), ('LC_ALL', 'en_US.UTF-8'), ('SSH_CONNECTION', '172.18.147.201 58490 172.18.147.143 22'), ('PYTHONPATH', '/home/cricchetto/Robomaster_WS/install/robomaster_ros/lib/python3.10/site-packages:/home/cricchetto/Robomaster_WS/install/robomaster_msgs/local/lib/python3.10/dist-packages:/home/cricchetto/Robomaster_WS/install/dwb_msgs/local/lib/python3.10/dist-packages:/home/cricchetto/Robomaster_WS/install/nav_2d_msgs/local/lib/python3.10/dist-packages:/home/cricchetto/Robomaster_WS/install/nav2_simple_commander/lib/python3.10/site-packages:/home/cricchetto/Robomaster_WS/install/nav2_msgs/local/lib/python3.10/dist-packages:/home/cricchetto/Robomaster_WS/install/nav2_common/local/lib/python3.10/dist-packages:/home/cricchetto/Robomaster_WS/install/ep_control/lib/python3.10/site-packages:/home/cricchetto/Robomaster_WS/install/drift/lib/python3.10/site-packages:/opt/ros/humble/lib/python3.10/site-packages:/opt/ros/humble/local/lib/python3.10/dist-packages'), ('LC_NUMERIC', 'es_AR.UTF-8'), ('LC_PAPER', 'es_AR.UTF-8'), ('COLCON', '1'), ('CMAKE_PREFIX_PATH', '/home/cricchetto/Robomaster_WS/install/sllidar_ros2:/home/cricchetto/Robomaster_WS/install/robomaster_msgs:/home/cricchetto/Robomaster_WS/install/robomaster_description:/home/cricchetto/Robomaster_WS/install/dwb_msgs:/home/cricchetto/Robomaster_WS/install/nav_2d_msgs:/home/cricchetto/Robomaster_WS/install/nav2_voxel_grid:/home/cricchetto/Robomaster_WS/install/explore_lite:/home/cricchetto/Robomaster_WS/install/nav2_msgs:/home/cricchetto/Robomaster_WS/install/nav2_common:/home/cricchetto/Robomaster_WS/install/multirobot_map_merge:/home/cricchetto/Robomaster_WS/install/robomaster_ros:/home/cricchetto/Robomaster_WS/install/nav2_simple_commander:/home/cricchetto/Robomaster_WS/install/ep_control:/home/cricchetto/Robomaster_WS/install/drift:/opt/ros/humble')]), 'shell': False}
[4.553428] (-) TimerEvent: {}
[4.655292] (-) TimerEvent: {}
[4.748761] (robomaster_description) CommandEnded: {'returncode': 0}
[4.750080] (robomaster_description) JobProgress: {'identifier': 'robomaster_description', 'progress': 'install'}
[4.750268] (robomaster_description) Command: {'cmd': ['/usr/bin/cmake', '--install', '/home/cricchetto/Robomaster_WS/build/robomaster_description'], 'cwd': '/home/cricchetto/Robomaster_WS/build/robomaster_description', 'env': OrderedDict([('LESSOPEN', '| /usr/bin/lesspipe %s'), ('USER', 'cricchetto'), ('SSH_CLIENT', '172.18.147.201 58490 22'), ('LC_TIME', 'es_AR.UTF-8'), ('XDG_SESSION_TYPE', 'tty'), ('SHLVL', '2'), ('LD_LIBRARY_PATH', '/home/cricchetto/Robomaster_WS/install/robomaster_msgs/lib:/home/cricchetto/Robomaster_WS/install/dwb_msgs/lib:/home/cricchetto/Robomaster_WS/install/nav_2d_msgs/lib:/home/cricchetto/Robomaster_WS/install/nav2_voxel_grid/lib:/home/cricchetto/Robomaster_WS/install/nav2_msgs/lib:/home/cricchetto/Robomaster_WS/install/multirobot_map_merge/lib:/opt/ros/humble/opt/rviz_ogre_vendor/lib:/opt/ros/humble/lib/aarch64-linux-gnu:/opt/ros/humble/lib'), ('MOTD_SHOWN', 'pam'), ('HOME', '/home/cricchetto'), ('OLDPWD', '/home/cricchetto'), ('SSH_TTY', '/dev/pts/0'), ('ROS_PYTHON_VERSION', '3'), ('LC_MONETARY', 'es_AR.UTF-8'), ('DBUS_SESSION_BUS_ADDRESS', 'unix:path=/run/user/1000/bus'), ('COLCON_PREFIX_PATH', '/home/cricchetto/Robomaster_WS/install'), ('ROS_DISTRO', 'humble'), ('LOGNAME', 'cricchetto'), ('_', '/usr/bin/colcon'), ('ROS_VERSION', '2'), ('XDG_SESSION_CLASS', 'user'), ('TERM', 'xterm-256color'), ('XDG_SESSION_ID', '1'), ('ROS_LOCALHOST_ONLY', '0'), ('PATH', '/home/cricchetto/.local/bin:/opt/ros/humble/bin:/usr/local/sbin:/usr/local/bin:/usr/sbin:/usr/bin:/sbin:/bin:/usr/games:/usr/local/games:/snap/bin:/home/cricchettoSD/.local/bin'), ('LC_ADDRESS', 'es_AR.UTF-8'), ('XDG_RUNTIME_DIR', '/run/user/1000'), ('DISPLAY', 'localhost:10.0'), ('LANG', 'en_US.UTF-8'), ('LC_TELEPHONE', 'es_AR.UTF-8'), ('LS_COLORS', 'rs=0:di=01;34:ln=01;36:mh=00:pi=40;33:so=01;35:do=01;35:bd=40;33;01:cd=40;33;01:or=40;31;01:mi=00:su=37;41:sg=30;43:ca=30;41:tw=30;42:ow=34;42:st=37;44:ex=01;32:*.tar=01;31:*.tgz=01;31:*.arc=01;31:*.arj=01;31:*.taz=01;31:*.lha=01;31:*.lz4=01;31:*.lzh=01;31:*.lzma=01;31:*.tlz=01;31:*.txz=01;31:*.tzo=01;31:*.t7z=01;31:*.zip=01;31:*.z=01;31:*.dz=01;31:*.gz=01;31:*.lrz=01;31:*.lz=01;31:*.lzo=01;31:*.xz=01;31:*.zst=01;31:*.tzst=01;31:*.bz2=01;31:*.bz=01;31:*.tbz=01;31:*.tbz2=01;31:*.tz=01;31:*.deb=01;31:*.rpm=01;31:*.jar=01;31:*.war=01;31:*.ear=01;31:*.sar=01;31:*.rar=01;31:*.alz=01;31:*.ace=01;31:*.zoo=01;31:*.cpio=01;31:*.7z=01;31:*.rz=01;31:*.cab=01;31:*.wim=01;31:*.swm=01;31:*.dwm=01;31:*.esd=01;31:*.jpg=01;35:*.jpeg=01;35:*.mjpg=01;35:*.mjpeg=01;35:*.gif=01;35:*.bmp=01;35:*.pbm=01;35:*.pgm=01;35:*.ppm=01;35:*.tga=01;35:*.xbm=01;35:*.xpm=01;35:*.tif=01;35:*.tiff=01;35:*.png=01;35:*.svg=01;35:*.svgz=01;35:*.mng=01;35:*.pcx=01;35:*.mov=01;35:*.mpg=01;35:*.mpeg=01;35:*.m2v=01;35:*.mkv=01;35:*.webm=01;35:*.webp=01;35:*.ogm=01;35:*.mp4=01;35:*.m4v=01;35:*.mp4v=01;35:*.vob=01;35:*.qt=01;35:*.nuv=01;35:*.wmv=01;35:*.asf=01;35:*.rm=01;35:*.rmvb=01;35:*.flc=01;35:*.avi=01;35:*.fli=01;35:*.flv=01;35:*.gl=01;35:*.dl=01;35:*.xcf=01;35:*.xwd=01;35:*.yuv=01;35:*.cgm=01;35:*.emf=01;35:*.ogv=01;35:*.ogx=01;35:*.aac=00;36:*.au=00;36:*.flac=00;36:*.m4a=00;36:*.mid=00;36:*.midi=00;36:*.mka=00;36:*.mp3=00;36:*.mpc=00;36:*.ogg=00;36:*.ra=00;36:*.wav=00;36:*.oga=00;36:*.opus=00;36:*.spx=00;36:*.xspf=00;36:'), ('AMENT_PREFIX_PATH', '/home/cricchetto/Robomaster_WS/install/sllidar_ros2:/home/cricchetto/Robomaster_WS/install/robomaster_ros:/home/cricchetto/Robomaster_WS/install/robomaster_msgs:/home/cricchetto/Robomaster_WS/install/robomaster_description:/home/cricchetto/Robomaster_WS/install/dwb_msgs:/home/cricchetto/Robomaster_WS/install/nav_2d_msgs:/home/cricchetto/Robomaster_WS/install/nav2_voxel_grid:/home/cricchetto/Robomaster_WS/install/nav2_simple_commander:/home/cricchetto/Robomaster_WS/install/explore_lite:/home/cricchetto/Robomaster_WS/install/nav2_msgs:/home/cricchetto/Robomaster_WS/install/nav2_common:/home/cricchetto/Robomaster_WS/install/multirobot_map_merge:/home/cricchetto/Robomaster_WS/install/ep_control:/home/cricchetto/Robomaster_WS/install/drift:/opt/ros/humble'), ('SHELL', '/bin/bash'), ('LC_NAME', 'es_AR.UTF-8'), ('LESSCLOSE', '/usr/bin/lesspipe %s %s'), ('LC_MEASUREMENT', 'es_AR.UTF-8'), ('LC_IDENTIFICATION', 'es_AR.UTF-8'), ('PWD', '/home/cricchetto/Robomaster_WS/build/robomaster_description'), ('LC_ALL', 'en_US.UTF-8'), ('SSH_CONNECTION', '172.18.147.201 58490 172.18.147.143 22'), ('PYTHONPATH', '/home/cricchetto/Robomaster_WS/install/robomaster_ros/lib/python3.10/site-packages:/home/cricchetto/Robomaster_WS/install/robomaster_msgs/local/lib/python3.10/dist-packages:/home/cricchetto/Robomaster_WS/install/dwb_msgs/local/lib/python3.10/dist-packages:/home/cricchetto/Robomaster_WS/install/nav_2d_msgs/local/lib/python3.10/dist-packages:/home/cricchetto/Robomaster_WS/install/nav2_simple_commander/lib/python3.10/site-packages:/home/cricchetto/Robomaster_WS/install/nav2_msgs/local/lib/python3.10/dist-packages:/home/cricchetto/Robomaster_WS/install/nav2_common/local/lib/python3.10/dist-packages:/home/cricchetto/Robomaster_WS/install/ep_control/lib/python3.10/site-packages:/home/cricchetto/Robomaster_WS/install/drift/lib/python3.10/site-packages:/opt/ros/humble/lib/python3.10/site-packages:/opt/ros/humble/local/lib/python3.10/dist-packages'), ('LC_NUMERIC', 'es_AR.UTF-8'), ('LC_PAPER', 'es_AR.UTF-8'), ('COLCON', '1'), ('CMAKE_PREFIX_PATH', '/home/cricchetto/Robomaster_WS/install/sllidar_ros2:/home/cricchetto/Robomaster_WS/install/robomaster_msgs:/home/cricchetto/Robomaster_WS/install/robomaster_description:/home/cricchetto/Robomaster_WS/install/dwb_msgs:/home/cricchetto/Robomaster_WS/install/nav_2d_msgs:/home/cricchetto/Robomaster_WS/install/nav2_voxel_grid:/home/cricchetto/Robomaster_WS/install/explore_lite:/home/cricchetto/Robomaster_WS/install/nav2_msgs:/home/cricchetto/Robomaster_WS/install/nav2_common:/home/cricchetto/Robomaster_WS/install/multirobot_map_merge:/home/cricchetto/Robomaster_WS/install/robomaster_ros:/home/cricchetto/Robomaster_WS/install/nav2_simple_commander:/home/cricchetto/Robomaster_WS/install/ep_control:/home/cricchetto/Robomaster_WS/install/drift:/opt/ros/humble')]), 'shell': False}
[4.756473] (-) TimerEvent: {}
[4.811695] (robomaster_description) StdoutLine: {'line': b'-- Install configuration: ""\n'}
[4.812562] (robomaster_description) StdoutLine: {'line': b'-- Up-to-date: /home/cricchetto/Robomaster_WS/install/robomaster_description/share/robomaster_description/urdf\n'}
[4.813934] (robomaster_description) StdoutLine: {'line': b'-- Up-to-date: /home/cricchetto/Robomaster_WS/install/robomaster_description/share/robomaster_description/urdf/base.urdf.xacro\n'}
[4.814910] (robomaster_description) StdoutLine: {'line': b'-- Up-to-date: /home/cricchetto/Robomaster_WS/install/robomaster_description/share/robomaster_description/urdf/camera.urdf.xacro\n'}
[4.816322] (robomaster_description) StdoutLine: {'line': b'-- Up-to-date: /home/cricchetto/Robomaster_WS/install/robomaster_description/share/robomaster_description/urdf/model.urdf\n'}
[4.816862] (robomaster_description) StdoutLine: {'line': b'-- Up-to-date: /home/cricchetto/Robomaster_WS/install/robomaster_description/share/robomaster_description/urdf/camera.urdf copia de seguridad dijo esteban por las dudas (nunca se sabe en este mundo).xacro\n'}
[4.817392] (robomaster_description) StdoutLine: {'line': b'-- Up-to-date: /home/cricchetto/Robomaster_WS/install/robomaster_description/share/robomaster_description/urdf/gripper.urdf.xacro\n'}
[4.817918] (robomaster_description) StdoutLine: {'line': b'-- Up-to-date: /home/cricchetto/Robomaster_WS/install/robomaster_description/share/robomaster_description/urdf/robomaster_ep.urdf.xacro\n'}
[4.818432] (robomaster_description) StdoutLine: {'line': b'-- Up-to-date: /home/cricchetto/Robomaster_WS/install/robomaster_description/share/robomaster_description/urdf/wheel.urdf.xacro\n'}
[4.818940] (robomaster_description) StdoutLine: {'line': b'-- Up-to-date: /home/cricchetto/Robomaster_WS/install/robomaster_description/share/robomaster_description/urdf/tof.urdf.xacro\n'}
[4.827296] (robomaster_description) StdoutLine: {'line': b'-- Up-to-date: /home/cricchetto/Robomaster_WS/install/robomaster_description/share/robomaster_description/urdf/camera(copia de seguridad extra(no funciona)).urdf.xacro\n'}
[4.828394] (robomaster_description) StdoutLine: {'line': b'-- Up-to-date: /home/cricchetto/Robomaster_WS/install/robomaster_description/share/robomaster_description/urdf/lidar.urdf.xacro\n'}
[4.829024] (robomaster_description) StdoutLine: {'line': b'-- Up-to-date: /home/cricchetto/Robomaster_WS/install/robomaster_description/share/robomaster_description/urdf/robomaster_s1.urdf.xacro\n'}
[4.829620] (robomaster_description) StdoutLine: {'line': b'-- Up-to-date: /home/cricchetto/Robomaster_WS/install/robomaster_description/share/robomaster_description/urdf/led.urdf.xacro\n'}
[4.830213] (robomaster_description) StdoutLine: {'line': b'-- Up-to-date: /home/cricchetto/Robomaster_WS/install/robomaster_description/share/robomaster_description/urdf/arm.urdf.xacro\n'}
[4.830949] (robomaster_description) StdoutLine: {'line': b'-- Up-to-date: /home/cricchetto/Robomaster_WS/install/robomaster_description/share/robomaster_description/urdf/gimbal.urdf.xacro\n'}
[4.831752] (robomaster_description) StdoutLine: {'line': b'-- Up-to-date: /home/cricchetto/Robomaster_WS/install/robomaster_description/share/robomaster_description/urdf/extension.urdf.xacro\n'}
[4.832442] (robomaster_description) StdoutLine: {'line': b'-- Up-to-date: /home/cricchetto/Robomaster_WS/install/robomaster_description/share/robomaster_description/urdf/intelligent_controller.urdf.xacro\n'}
[4.833271] (robomaster_description) StdoutLine: {'line': b'-- Up-to-date: /home/cricchetto/Robomaster_WS/install/robomaster_description/share/robomaster_description/launch\n'}
[4.833813] (robomaster_description) StdoutLine: {'line': b'-- Up-to-date: /home/cricchetto/Robomaster_WS/install/robomaster_description/share/robomaster_description/launch/robomaster_view.launch.py\n'}
[4.834444] (robomaster_description) StdoutLine: {'line': b'-- Up-to-date: /home/cricchetto/Robomaster_WS/install/robomaster_description/share/robomaster_description/launch/main.launch\n'}
[4.834936] (robomaster_description) StdoutLine: {'line': b'-- Up-to-date: /home/cricchetto/Robomaster_WS/install/robomaster_description/share/robomaster_description/launch/model.launch.py\n'}
[4.851660] (robomaster_description) StdoutLine: {'line': b'-- Up-to-date: /home/cricchetto/Robomaster_WS/install/robomaster_description/share/robomaster_description/meshes\n'}
[4.852475] (robomaster_description) StdoutLine: {'line': b'-- Up-to-date: /home/cricchetto/Robomaster_WS/install/robomaster_description/share/robomaster_description/meshes/gimbal_left_led_4.dae\n'}
[4.853320] (robomaster_description) StdoutLine: {'line': b'-- Up-to-date: /home/cricchetto/Robomaster_WS/install/robomaster_description/share/robomaster_description/meshes/right_gripper_6_collision.dae\n'}
[4.854128] (robomaster_description) StdoutLine: {'line': b'-- Up-to-date: /home/cricchetto/Robomaster_WS/install/robomaster_description/share/robomaster_description/meshes/rod_collision.dae\n'}
[4.854761] (robomaster_description) StdoutLine: {'line': b'-- Up-to-date: /home/cricchetto/Robomaster_WS/install/robomaster_description/share/robomaster_description/meshes/endpoint_bracket_collision.dae\n'}
[4.855587] (robomaster_description) StdoutLine: {'line': b'-- Up-to-date: /home/cricchetto/Robomaster_WS/install/robomaster_description/share/robomaster_description/meshes/right_led.dae\n'}
[4.856178] (robomaster_description) StdoutLine: {'line': b'-- Up-to-date: /home/cricchetto/Robomaster_WS/install/robomaster_description/share/robomaster_description/meshes/gripper_left_5.dae\n'}
[4.856879] (-) TimerEvent: {}
[4.857408] (robomaster_description) StdoutLine: {'line': b'-- Up-to-date: /home/cricchetto/Robomaster_WS/install/robomaster_description/share/robomaster_description/meshes/triangle_collision.dae\n'}
[4.863616] (robomaster_description) StdoutLine: {'line': b'-- Up-to-date: /home/cricchetto/Robomaster_WS/install/robomaster_description/share/robomaster_description/meshes/right_gripper_2.dae\n'}
[4.864691] (robomaster_description) StdoutLine: {'line': b'-- Up-to-date: /home/cricchetto/Robomaster_WS/install/robomaster_description/share/robomaster_description/meshes/gimbal.dae\n'}
[4.865786] (robomaster_description) StdoutLine: {'line': b'-- Up-to-date: /home/cricchetto/Robomaster_WS/install/robomaster_description/share/robomaster_description/meshes/speaker.dae\n'}
[4.867064] (robomaster_description) StdoutLine: {'line': b'-- Up-to-date: /home/cricchetto/Robomaster_WS/install/robomaster_description/share/robomaster_description/meshes/right_servo.dae\n'}
[4.876445] (robomaster_description) StdoutLine: {'line': b'-- Up-to-date: /home/cricchetto/Robomaster_WS/install/robomaster_description/share/robomaster_description/meshes/gimbal_base_collision.dae\n'}
[4.877111] (robomaster_description) StdoutLine: {'line': b'-- Up-to-date: /home/cricchetto/Robomaster_WS/install/robomaster_description/share/robomaster_description/meshes/TOP_Normal_OpenGL.png.001.png\n'}
[4.878192] (robomaster_description) StdoutLine: {'line': b'-- Up-to-date: /home/cricchetto/Robomaster_WS/install/robomaster_description/share/robomaster_description/meshes/gimbal_left_led.dae\n'}
[4.879138] (robomaster_description) StdoutLine: {'line': b'-- Up-to-date: /home/cricchetto/Robomaster_WS/install/robomaster_description/share/robomaster_description/meshes/arm_1.dae\n'}
[4.880142] (robomaster_description) StdoutLine: {'line': b'-- Up-to-date: /home/cricchetto/Robomaster_WS/install/robomaster_description/share/robomaster_description/meshes/gimbal_right_led_0.dae\n'}
[4.881294] (robomaster_description) StdoutLine: {'line': b'-- Up-to-date: /home/cricchetto/Robomaster_WS/install/robomaster_description/share/robomaster_description/meshes/gripper_left_2.dae\n'}
[4.882638] (robomaster_description) StdoutLine: {'line': b'-- Up-to-date: /home/cricchetto/Robomaster_WS/install/robomaster_description/share/robomaster_description/meshes/arm_1_cylinder.dae\n'}
[4.888192] (robomaster_description) StdoutLine: {'line': b'-- Up-to-date: /home/cricchetto/Robomaster_WS/install/robomaster_description/share/robomaster_description/meshes/gimbal_left_led_5.dae\n'}
[4.888780] (robomaster_description) StdoutLine: {'line': b'-- Up-to-date: /home/cricchetto/Robomaster_WS/install/robomaster_description/share/robomaster_description/meshes/gripper_left_6_collision.dae\n'}
[4.889721] (robomaster_description) StdoutLine: {'line': b'-- Up-to-date: /home/cricchetto/Robomaster_WS/install/robomaster_description/share/robomaster_description/meshes/gripper_left_1.dae\n'}
[4.890357] (robomaster_description) StdoutLine: {'line': b'-- Up-to-date: /home/cricchetto/Robomaster_WS/install/robomaster_description/share/robomaster_description/meshes/gripper_base_collision.dae\n'}
[4.891056] (robomaster_description) StdoutLine: {'line': b'-- Up-to-date: /home/cricchetto/Robomaster_WS/install/robomaster_description/share/robomaster_description/meshes/wifi_antenna_left.dae\n'}
[4.891592] (robomaster_description) StdoutLine: {'line': b'-- Up-to-date: /home/cricchetto/Robomaster_WS/install/robomaster_description/share/robomaster_description/meshes/rear_right_wheel.dae\n'}
[4.892025] (robomaster_description) StdoutLine: {'line': b'-- Up-to-date: /home/cricchetto/Robomaster_WS/install/robomaster_description/share/robomaster_description/meshes/gimbal_right_led7.dae\n'}
[4.892358] (robomaster_description) StdoutLine: {'line': b'-- Up-to-date: /home/cricchetto/Robomaster_WS/install/robomaster_description/share/robomaster_description/meshes/gimbal_collision.dae\n'}
[4.892724] (robomaster_description) StdoutLine: {'line': b'-- Up-to-date: /home/cricchetto/Robomaster_WS/install/robomaster_description/share/robomaster_description/meshes/EP_all_01_b.png\n'}
[4.893089] (robomaster_description) StdoutLine: {'line': b'-- Up-to-date: /home/cricchetto/Robomaster_WS/install/robomaster_description/share/robomaster_description/meshes/gimbal_left_led_2.dae\n'}
[4.893586] (robomaster_description) StdoutLine: {'line': b'-- Up-to-date: /home/cricchetto/Robomaster_WS/install/robomaster_description/share/robomaster_description/meshes/right_hit_sensor.dae\n'}
[4.918540] (robomaster_description) StdoutLine: {'line': b'-- Up-to-date: /home/cricchetto/Robomaster_WS/install/robomaster_description/share/robomaster_description/meshes/blaster_gun_collision.dae\n'}
[4.919323] (robomaster_description) StdoutLine: {'line': b'-- Up-to-date: /home/cricchetto/Robomaster_WS/install/robomaster_description/share/robomaster_description/meshes/gimbal_right_led_4.dae\n'}
[4.919959] (robomaster_description) StdoutLine: {'line': b'-- Up-to-date: /home/cricchetto/Robomaster_WS/install/robomaster_description/share/robomaster_description/meshes/battery.dae\n'}
[4.920412] (robomaster_description) StdoutLine: {'line': b'-- Up-to-date: /home/cricchetto/Robomaster_WS/install/robomaster_description/share/robomaster_description/meshes/blaster_top_collision.dae\n'}
[4.920834] (robomaster_description) StdoutLine: {'line': b'-- Up-to-date: /home/cricchetto/Robomaster_WS/install/robomaster_description/share/robomaster_description/meshes/gripper_left_collision.dae\n'}
[4.921420] (robomaster_description) StdoutLine: {'line': b'-- Up-to-date: /home/cricchetto/Robomaster_WS/install/robomaster_description/share/robomaster_description/meshes/wifi_antenna_right.dae\n'}
[4.922039] (robomaster_description) StdoutLine: {'line': b'-- Up-to-date: /home/cricchetto/Robomaster_WS/install/robomaster_description/share/robomaster_description/meshes/right_gripper_1.dae\n'}
[4.922584] (robomaster_description) StdoutLine: {'line': b'-- Up-to-date: /home/cricchetto/Robomaster_WS/install/robomaster_description/share/robomaster_description/meshes/gripper_left_5_collision.dae\n'}
[4.923271] (robomaster_description) StdoutLine: {'line': b'-- Up-to-date: /home/cricchetto/Robomaster_WS/install/robomaster_description/share/robomaster_description/meshes/arm_base.dae\n'}
[4.923756] (robomaster_description) StdoutLine: {'line': b'-- Up-to-date: /home/cricchetto/Robomaster_WS/install/robomaster_description/share/robomaster_description/meshes/rear_left_wheel.dae\n'}
[4.924105] (robomaster_description) StdoutLine: {'line': b'-- Up-to-date: /home/cricchetto/Robomaster_WS/install/robomaster_description/share/robomaster_description/meshes/gimbal_left_led_3.dae\n'}
[4.924616] (robomaster_description) StdoutLine: {'line': b'-- Up-to-date: /home/cricchetto/Robomaster_WS/install/robomaster_description/share/robomaster_description/meshes/gimbal_left_led_6.dae\n'}
[4.925040] (robomaster_description) StdoutLine: {'line': b'-- Up-to-date: /home/cricchetto/Robomaster_WS/install/robomaster_description/share/robomaster_description/meshes/gripper_left_7.dae\n'}
[4.925424] (robomaster_description) StdoutLine: {'line': b'-- Up-to-date: /home/cricchetto/Robomaster_WS/install/robomaster_description/share/robomaster_description/meshes/controller.dae\n'}
[4.925830] (robomaster_description) StdoutLine: {'line': b'-- Up-to-date: /home/cricchetto/Robomaster_WS/install/robomaster_description/share/robomaster_description/meshes/triangle.dae\n'}
[4.926280] (robomaster_description) StdoutLine: {'line': b'-- Up-to-date: /home/cricchetto/Robomaster_WS/install/robomaster_description/share/robomaster_description/meshes/camera.dae\n'}
[4.926674] (robomaster_description) StdoutLine: {'line': b'-- Up-to-date: /home/cricchetto/Robomaster_WS/install/robomaster_description/share/robomaster_description/meshes/rod_2_collision.dae\n'}
[4.927034] (robomaster_description) StdoutLine: {'line': b'-- Up-to-date: /home/cricchetto/Robomaster_WS/install/robomaster_description/share/robomaster_description/meshes/arm_1_collision.dae\n'}
[4.943014] (robomaster_description) StdoutLine: {'line': b'-- Up-to-date: /home/cricchetto/Robomaster_WS/install/robomaster_description/share/robomaster_description/meshes/rod_2.dae\n'}
[4.943628] (robomaster_description) StdoutLine: {'line': b'-- Up-to-date: /home/cricchetto/Robomaster_WS/install/robomaster_description/share/robomaster_description/meshes/rod_3.dae\n'}
[4.944274] (robomaster_description) StdoutLine: {'line': b'-- Up-to-date: /home/cricchetto/Robomaster_WS/install/robomaster_description/share/robomaster_description/meshes/battery_pin_right.dae\n'}
[4.944874] (robomaster_description) StdoutLine: {'line': b'-- Up-to-date: /home/cricchetto/Robomaster_WS/install/robomaster_description/share/robomaster_description/meshes/endpoint_bracket.dae\n'}
[4.945380] (robomaster_description) StdoutLine: {'line': b'-- Up-to-date: /home/cricchetto/Robomaster_WS/install/robomaster_description/share/robomaster_description/meshes/front_left_wheel.dae\n'}
[4.945863] (robomaster_description) StdoutLine: {'line': b'-- Up-to-date: /home/cricchetto/Robomaster_WS/install/robomaster_description/share/robomaster_description/meshes/right_gripper_4_collision.dae\n'}
[4.946373] (robomaster_description) StdoutLine: {'line': b'-- Up-to-date: /home/cricchetto/Robomaster_WS/install/robomaster_description/share/robomaster_description/meshes/blaster_top.dae\n'}
[4.946956] (robomaster_description) StdoutLine: {'line': b'-- Up-to-date: /home/cricchetto/Robomaster_WS/install/robomaster_description/share/robomaster_description/meshes/blaster_magazin_collision.dae\n'}
[4.947690] (robomaster_description) StdoutLine: {'line': b'-- Up-to-date: /home/cricchetto/Robomaster_WS/install/robomaster_description/share/robomaster_description/meshes/base_collision.dae\n'}
[4.948217] (robomaster_description) StdoutLine: {'line': b'-- Up-to-date: /home/cricchetto/Robomaster_WS/install/robomaster_description/share/robomaster_description/meshes/gimbal_left_armor.dae\n'}
[4.948784] (robomaster_description) StdoutLine: {'line': b'-- Up-to-date: /home/cricchetto/Robomaster_WS/install/robomaster_description/share/robomaster_description/meshes/extension_support.dae\n'}
[4.949339] (robomaster_description) StdoutLine: {'line': b'-- Up-to-date: /home/cricchetto/Robomaster_WS/install/robomaster_description/share/robomaster_description/meshes/right_gripper_6.dae\n'}
[4.949842] (robomaster_description) StdoutLine: {'line': b'-- Up-to-date: /home/cricchetto/Robomaster_WS/install/robomaster_description/share/robomaster_description/meshes/controller_cover.dae\n'}
[4.950330] (robomaster_description) StdoutLine: {'line': b'-- Up-to-date: /home/cricchetto/Robomaster_WS/install/robomaster_description/share/robomaster_description/meshes/right_gripper_5_collision.dae\n'}
[4.950808] (robomaster_description) StdoutLine: {'line': b'-- Up-to-date: /home/cricchetto/Robomaster_WS/install/robomaster_description/share/robomaster_description/meshes/gripper_left_4_collision.dae\n'}
[4.951406] (robomaster_description) StdoutLine: {'line': b'-- Up-to-date: /home/cricchetto/Robomaster_WS/install/robomaster_description/share/robomaster_description/meshes/TOP_Normal_OpenGL.png\n'}
[4.951925] (robomaster_description) StdoutLine: {'line': b'-- Up-to-date: /home/cricchetto/Robomaster_WS/install/robomaster_description/share/robomaster_description/meshes/rear_hit_sensor.dae\n'}
[4.952437] (robomaster_description) StdoutLine: {'line': b'-- Up-to-date: /home/cricchetto/Robomaster_WS/install/robomaster_description/share/robomaster_description/meshes/right_gripper_5.dae\n'}
[4.952918] (robomaster_description) StdoutLine: {'line': b'-- Up-to-date: /home/cricchetto/Robomaster_WS/install/robomaster_description/share/robomaster_description/meshes/rod_1.dae\n'}
[4.953391] (robomaster_description) StdoutLine: {'line': b'-- Up-to-date: /home/cricchetto/Robomaster_WS/install/robomaster_description/share/robomaster_description/meshes/left_hit_sensor.dae\n'}
[4.953827] (robomaster_description) StdoutLine: {'line': b'-- Up-to-date: /home/cricchetto/Robomaster_WS/install/robomaster_description/share/robomaster_description/meshes/TOP_Base_Color.png\n'}
[4.957769] (-) TimerEvent: {}
[4.959173] (robomaster_description) StdoutLine: {'line': b'-- Up-to-date: /home/cricchetto/Robomaster_WS/install/robomaster_description/share/robomaster_description/meshes/gimbal_right_led_2.dae\n'}
[4.959751] (robomaster_description) StdoutLine: {'line': b'-- Up-to-date: /home/cricchetto/Robomaster_WS/install/robomaster_description/share/robomaster_description/meshes/speaker_collision.dae\n'}
[4.960346] (robomaster_description) StdoutLine: {'line': b'-- Up-to-date: /home/cricchetto/Robomaster_WS/install/robomaster_description/share/robomaster_description/meshes/arm_2_bar_2.dae\n'}
[4.960818] (robomaster_description) StdoutLine: {'line': b'-- Up-to-date: /home/cricchetto/Robomaster_WS/install/robomaster_description/share/robomaster_description/meshes/right_gripper_7_collision.dae\n'}
[4.961263] (robomaster_description) StdoutLine: {'line': b'-- Up-to-date: /home/cricchetto/Robomaster_WS/install/robomaster_description/share/robomaster_description/meshes/battery_pin_left.dae\n'}
[4.961771] (robomaster_description) StdoutLine: {'line': b'-- Up-to-date: /home/cricchetto/Robomaster_WS/install/robomaster_description/share/robomaster_description/meshes/blaster_gun.dae\n'}
[4.962402] (robomaster_description) StdoutLine: {'line': b'-- Up-to-date: /home/cricchetto/Robomaster_WS/install/robomaster_description/share/robomaster_description/meshes/blaster_bug.dae\n'}
[4.973305] (robomaster_description) StdoutLine: {'line': b'-- Up-to-date: /home/cricchetto/Robomaster_WS/install/robomaster_description/share/robomaster_description/meshes/intelligent_controller.dae\n'}
[4.973904] (robomaster_description) StdoutLine: {'line': b'-- Up-to-date: /home/cricchetto/Robomaster_WS/install/robomaster_description/share/robomaster_description/meshes/gripper_base.dae\n'}
[4.974374] (robomaster_description) StdoutLine: {'line': b'-- Up-to-date: /home/cricchetto/Robomaster_WS/install/robomaster_description/share/robomaster_description/meshes/arm_base_collision.dae\n'}
[4.974864] (robomaster_description) StdoutLine: {'line': b'-- Up-to-date: /home/cricchetto/Robomaster_WS/install/robomaster_description/share/robomaster_description/meshes/arm_2_collision.dae\n'}
[4.975479] (robomaster_description) StdoutLine: {'line': b'-- Up-to-date: /home/cricchetto/Robomaster_WS/install/robomaster_description/share/robomaster_description/meshes/gimbal_right_led_5.dae\n'}
[4.975968] (robomaster_description) StdoutLine: {'line': b'-- Up-to-date: /home/cricchetto/Robomaster_WS/install/robomaster_description/share/robomaster_description/meshes/gimbal_side.dae\n'}
[4.976421] (robomaster_description) StdoutLine: {'line': b'-- Up-to-date: /home/cricchetto/Robomaster_WS/install/robomaster_description/share/robomaster_description/meshes/armor.dae\n'}
[4.976892] (robomaster_description) StdoutLine: {'line': b'-- Up-to-date: /home/cricchetto/Robomaster_WS/install/robomaster_description/share/robomaster_description/meshes/rear_led.dae\n'}
[4.977415] (robomaster_description) StdoutLine: {'line': b'-- Up-to-date: /home/cricchetto/Robomaster_WS/install/robomaster_description/share/robomaster_description/meshes/gimbal_base.dae\n'}
[4.977969] (robomaster_description) StdoutLine: {'line': b'-- Up-to-date: /home/cricchetto/Robomaster_WS/install/robomaster_description/share/robomaster_description/meshes/gripper_left_4.dae\n'}
[4.978496] (robomaster_description) StdoutLine: {'line': b'-- Up-to-date: /home/cricchetto/Robomaster_WS/install/robomaster_description/share/robomaster_description/meshes/right_gripper_7.dae\n'}
[4.978927] (robomaster_description) StdoutLine: {'line': b'-- Up-to-date: /home/cricchetto/Robomaster_WS/install/robomaster_description/share/robomaster_description/meshes/gimbal_left_led_1.dae\n'}
[4.987780] (robomaster_description) StdoutLine: {'line': b'-- Up-to-date: /home/cricchetto/Robomaster_WS/install/robomaster_description/share/robomaster_description/meshes/gimbal_right_led_6.dae\n'}
[4.988381] (robomaster_description) StdoutLine: {'line': b'-- Up-to-date: /home/cricchetto/Robomaster_WS/install/robomaster_description/share/robomaster_description/meshes/gimbal_right_armor.dae\n'}
[4.988854] (robomaster_description) StdoutLine: {'line': b'-- Up-to-date: /home/cricchetto/Robomaster_WS/install/robomaster_description/share/robomaster_description/meshes/front_hit_sensor.dae\n'}
[4.989242] (robomaster_description) StdoutLine: {'line': b'-- Up-to-date: /home/cricchetto/Robomaster_WS/install/robomaster_description/share/robomaster_description/meshes/gimbal_left_led_0.dae\n'}
[4.989617] (robomaster_description) StdoutLine: {'line': b'-- Up-to-date: /home/cricchetto/Robomaster_WS/install/robomaster_description/share/robomaster_description/meshes/extension_base.dae\n'}
[4.990033] (robomaster_description) StdoutLine: {'line': b'-- Up-to-date: /home/cricchetto/Robomaster_WS/install/robomaster_description/share/robomaster_description/meshes/rod_1_collision.dae\n'}
[4.990430] (robomaster_description) StdoutLine: {'line': b'-- Up-to-date: /home/cricchetto/Robomaster_WS/install/robomaster_description/share/robomaster_description/meshes/rod.dae\n'}
[4.990799] (robomaster_description) StdoutLine: {'line': b'-- Up-to-date: /home/cricchetto/Robomaster_WS/install/robomaster_description/share/robomaster_description/meshes/gripper_left_6.dae\n'}
[4.991805] (robomaster_description) StdoutLine: {'line': b'-- Up-to-date: /home/cricchetto/Robomaster_WS/install/robomaster_description/share/robomaster_description/meshes/wheel.dae\n'}
[4.992351] (robomaster_description) StdoutLine: {'line': b'-- Up-to-date: /home/cricchetto/Robomaster_WS/install/robomaster_description/share/robomaster_description/meshes/gimbal_right_led_3.dae\n'}
[4.992889] (robomaster_description) StdoutLine: {'line': b'-- Up-to-date: /home/cricchetto/Robomaster_WS/install/robomaster_description/share/robomaster_description/meshes/gimbal_left_led_7.dae\n'}
[4.993385] (robomaster_description) StdoutLine: {'line': b'-- Up-to-date: /home/cricchetto/Robomaster_WS/install/robomaster_description/share/robomaster_description/meshes/rod_3_collision.dae\n'}
[4.993855] (robomaster_description) StdoutLine: {'line': b'-- Up-to-date: /home/cricchetto/Robomaster_WS/install/robomaster_description/share/robomaster_description/meshes/gripper_left_2_collision.dae\n'}
[4.994301] (robomaster_description) StdoutLine: {'line': b'-- Up-to-date: /home/cricchetto/Robomaster_WS/install/robomaster_description/share/robomaster_description/meshes/left_led.dae\n'}
[4.994862] (robomaster_description) StdoutLine: {'line': b'-- Up-to-date: /home/cricchetto/Robomaster_WS/install/robomaster_description/share/robomaster_description/meshes/blaster_magazin.dae\n'}
[5.002959] (robomaster_description) StdoutLine: {'line': b'-- Up-to-date: /home/cricchetto/Robomaster_WS/install/robomaster_description/share/robomaster_description/meshes/gimbal_right_led.dae\n'}
[5.003631] (robomaster_description) StdoutLine: {'line': b'-- Up-to-date: /home/cricchetto/Robomaster_WS/install/robomaster_description/share/robomaster_description/meshes/front_right_wheel.dae\n'}
[5.004122] (robomaster_description) StdoutLine: {'line': b'-- Up-to-date: /home/cricchetto/Robomaster_WS/install/robomaster_description/share/robomaster_description/meshes/right_gripper_2_collision.dae\n'}
[5.004631] (robomaster_description) StdoutLine: {'line': b'-- Up-to-date: /home/cricchetto/Robomaster_WS/install/robomaster_description/share/robomaster_description/meshes/arm_2_bar_1.dae\n'}
[5.005106] (robomaster_description) StdoutLine: {'line': b'-- Up-to-date: /home/cricchetto/Robomaster_WS/install/robomaster_description/share/robomaster_description/meshes/led.dae\n'}
[5.005640] (robomaster_description) StdoutLine: {'line': b'-- Up-to-date: /home/cricchetto/Robomaster_WS/install/robomaster_description/share/robomaster_description/meshes/hit_sensor.dae\n'}
[5.006497] (robomaster_description) StdoutLine: {'line': b'-- Up-to-date: /home/cricchetto/Robomaster_WS/install/robomaster_description/share/robomaster_description/meshes/gimbal_right_led_1.dae\n'}
[5.007415] (robomaster_description) StdoutLine: {'line': b'-- Up-to-date: /home/cricchetto/Robomaster_WS/install/robomaster_description/share/robomaster_description/meshes/chassis.dae\n'}
[5.008102] (robomaster_description) StdoutLine: {'line': b'-- Up-to-date: /home/cricchetto/Robomaster_WS/install/robomaster_description/share/robomaster_description/meshes/front_led.dae\n'}
[5.008583] (robomaster_description) StdoutLine: {'line': b'-- Up-to-date: /home/cricchetto/Robomaster_WS/install/robomaster_description/share/robomaster_description/meshes/arm_2.dae\n'}
[5.009061] (robomaster_description) StdoutLine: {'line': b'-- Up-to-date: /home/cricchetto/Robomaster_WS/install/robomaster_description/share/robomaster_description/meshes/TOP_Base_Color.png.001.png\n'}
[5.009663] (robomaster_description) StdoutLine: {'line': b'-- Up-to-date: /home/cricchetto/Robomaster_WS/install/robomaster_description/share/robomaster_description/meshes/left_servo.dae\n'}
[5.010211] (robomaster_description) StdoutLine: {'line': b'-- Up-to-date: /home/cricchetto/Robomaster_WS/install/robomaster_description/share/robomaster_description/meshes/right_gripper_4.dae\n'}
[5.010725] (robomaster_description) StdoutLine: {'line': b'-- Up-to-date: /home/cricchetto/Robomaster_WS/install/robomaster_description/share/robomaster_description/meshes/gimbal_right_led_7.dae\n'}
[5.011206] (robomaster_description) StdoutLine: {'line': b'-- Up-to-date: /home/cricchetto/Robomaster_WS/install/robomaster_description/share/ament_index/resource_index/package_run_dependencies/robomaster_description\n'}
[5.011662] (robomaster_description) StdoutLine: {'line': b'-- Up-to-date: /home/cricchetto/Robomaster_WS/install/robomaster_description/share/ament_index/resource_index/parent_prefix_path/robomaster_description\n'}
[5.012146] (robomaster_description) StdoutLine: {'line': b'-- Up-to-date: /home/cricchetto/Robomaster_WS/install/robomaster_description/share/robomaster_description/environment/ament_prefix_path.sh\n'}
[5.012564] (robomaster_description) StdoutLine: {'line': b'-- Up-to-date: /home/cricchetto/Robomaster_WS/install/robomaster_description/share/robomaster_description/environment/ament_prefix_path.dsv\n'}
[5.012937] (robomaster_description) StdoutLine: {'line': b'-- Up-to-date: /home/cricchetto/Robomaster_WS/install/robomaster_description/share/robomaster_description/environment/path.sh\n'}
[5.013357] (robomaster_description) StdoutLine: {'line': b'-- Up-to-date: /home/cricchetto/Robomaster_WS/install/robomaster_description/share/robomaster_description/environment/path.dsv\n'}
[5.013739] (robomaster_description) StdoutLine: {'line': b'-- Up-to-date: /home/cricchetto/Robomaster_WS/install/robomaster_description/share/robomaster_description/local_setup.bash\n'}
[5.014115] (robomaster_description) StdoutLine: {'line': b'-- Up-to-date: /home/cricchetto/Robomaster_WS/install/robomaster_description/share/robomaster_description/local_setup.sh\n'}
[5.014475] (robomaster_description) StdoutLine: {'line': b'-- Up-to-date: /home/cricchetto/Robomaster_WS/install/robomaster_description/share/robomaster_description/local_setup.zsh\n'}
[5.014865] (robomaster_description) StdoutLine: {'line': b'-- Up-to-date: /home/cricchetto/Robomaster_WS/install/robomaster_description/share/robomaster_description/local_setup.dsv\n'}
[5.030892] (robomaster_description) StdoutLine: {'line': b'-- Installing: /home/cricchetto/Robomaster_WS/install/robomaster_description/share/robomaster_description/package.dsv\n'}
[5.031981] (robomaster_description) StdoutLine: {'line': b'-- Up-to-date: /home/cricchetto/Robomaster_WS/install/robomaster_description/share/ament_index/resource_index/packages/robomaster_description\n'}
[5.032601] (robomaster_description) StdoutLine: {'line': b'-- Up-to-date: /home/cricchetto/Robomaster_WS/install/robomaster_description/share/robomaster_description/cmake/robomaster_descriptionConfig.cmake\n'}
[5.033058] (robomaster_description) StdoutLine: {'line': b'-- Up-to-date: /home/cricchetto/Robomaster_WS/install/robomaster_description/share/robomaster_description/cmake/robomaster_descriptionConfig-version.cmake\n'}
[5.033395] (robomaster_description) StdoutLine: {'line': b'-- Up-to-date: /home/cricchetto/Robomaster_WS/install/robomaster_description/share/robomaster_description/package.xml\n'}
[5.033720] (robomaster_description) CommandEnded: {'returncode': 0}
[5.043828] (multirobot_map_merge) StdoutLine: {'line': b'[ 16%] Built target gtest\n'}
[5.044545] (multirobot_map_merge) StdoutLine: {'line': b'[ 50%] Built target combine_grids\n'}
[5.050647] (multirobot_map_merge) StdoutLine: {'line': b'[ 66%] Built target gtest_main\n'}
[5.058008] (-) TimerEvent: {}
[5.071697] (robomaster_description) JobEnded: {'identifier': 'robomaster_description', 'rc': 0}
[5.075147] (sllidar_ros2) JobStarted: {'identifier': 'sllidar_ros2'}
[5.158345] (-) TimerEvent: {}
[5.165054] (sllidar_ros2) JobProgress: {'identifier': 'sllidar_ros2', 'progress': 'cmake'}
[5.170092] (sllidar_ros2) JobProgress: {'identifier': 'sllidar_ros2', 'progress': 'build'}
[5.177189] (sllidar_ros2) Command: {'cmd': ['/usr/bin/cmake', '--build', '/home/cricchetto/Robomaster_WS/build/sllidar_ros2', '--', '-j4', '-l4'], 'cwd': '/home/cricchetto/Robomaster_WS/build/sllidar_ros2', 'env': OrderedDict([('LESSOPEN', '| /usr/bin/lesspipe %s'), ('USER', 'cricchetto'), ('SSH_CLIENT', '172.18.147.201 58490 22'), ('LC_TIME', 'es_AR.UTF-8'), ('XDG_SESSION_TYPE', 'tty'), ('SHLVL', '2'), ('LD_LIBRARY_PATH', '/home/cricchetto/Robomaster_WS/install/robomaster_msgs/lib:/home/cricchetto/Robomaster_WS/install/dwb_msgs/lib:/home/cricchetto/Robomaster_WS/install/nav_2d_msgs/lib:/home/cricchetto/Robomaster_WS/install/nav2_voxel_grid/lib:/home/cricchetto/Robomaster_WS/install/nav2_msgs/lib:/home/cricchetto/Robomaster_WS/install/multirobot_map_merge/lib:/opt/ros/humble/opt/rviz_ogre_vendor/lib:/opt/ros/humble/lib/aarch64-linux-gnu:/opt/ros/humble/lib'), ('MOTD_SHOWN', 'pam'), ('HOME', '/home/cricchetto'), ('OLDPWD', '/home/cricchetto'), ('SSH_TTY', '/dev/pts/0'), ('ROS_PYTHON_VERSION', '3'), ('LC_MONETARY', 'es_AR.UTF-8'), ('DBUS_SESSION_BUS_ADDRESS', 'unix:path=/run/user/1000/bus'), ('COLCON_PREFIX_PATH', '/home/cricchetto/Robomaster_WS/install'), ('ROS_DISTRO', 'humble'), ('LOGNAME', 'cricchetto'), ('_', '/usr/bin/colcon'), ('ROS_VERSION', '2'), ('XDG_SESSION_CLASS', 'user'), ('TERM', 'xterm-256color'), ('XDG_SESSION_ID', '1'), ('ROS_LOCALHOST_ONLY', '0'), ('PATH', '/home/cricchetto/.local/bin:/opt/ros/humble/bin:/usr/local/sbin:/usr/local/bin:/usr/sbin:/usr/bin:/sbin:/bin:/usr/games:/usr/local/games:/snap/bin:/home/cricchettoSD/.local/bin'), ('LC_ADDRESS', 'es_AR.UTF-8'), ('XDG_RUNTIME_DIR', '/run/user/1000'), ('DISPLAY', 'localhost:10.0'), ('LANG', 'en_US.UTF-8'), ('LC_TELEPHONE', 'es_AR.UTF-8'), ('LS_COLORS', 'rs=0:di=01;34:ln=01;36:mh=00:pi=40;33:so=01;35:do=01;35:bd=40;33;01:cd=40;33;01:or=40;31;01:mi=00:su=37;41:sg=30;43:ca=30;41:tw=30;42:ow=34;42:st=37;44:ex=01;32:*.tar=01;31:*.tgz=01;31:*.arc=01;31:*.arj=01;31:*.taz=01;31:*.lha=01;31:*.lz4=01;31:*.lzh=01;31:*.lzma=01;31:*.tlz=01;31:*.txz=01;31:*.tzo=01;31:*.t7z=01;31:*.zip=01;31:*.z=01;31:*.dz=01;31:*.gz=01;31:*.lrz=01;31:*.lz=01;31:*.lzo=01;31:*.xz=01;31:*.zst=01;31:*.tzst=01;31:*.bz2=01;31:*.bz=01;31:*.tbz=01;31:*.tbz2=01;31:*.tz=01;31:*.deb=01;31:*.rpm=01;31:*.jar=01;31:*.war=01;31:*.ear=01;31:*.sar=01;31:*.rar=01;31:*.alz=01;31:*.ace=01;31:*.zoo=01;31:*.cpio=01;31:*.7z=01;31:*.rz=01;31:*.cab=01;31:*.wim=01;31:*.swm=01;31:*.dwm=01;31:*.esd=01;31:*.jpg=01;35:*.jpeg=01;35:*.mjpg=01;35:*.mjpeg=01;35:*.gif=01;35:*.bmp=01;35:*.pbm=01;35:*.pgm=01;35:*.ppm=01;35:*.tga=01;35:*.xbm=01;35:*.xpm=01;35:*.tif=01;35:*.tiff=01;35:*.png=01;35:*.svg=01;35:*.svgz=01;35:*.mng=01;35:*.pcx=01;35:*.mov=01;35:*.mpg=01;35:*.mpeg=01;35:*.m2v=01;35:*.mkv=01;35:*.webm=01;35:*.webp=01;35:*.ogm=01;35:*.mp4=01;35:*.m4v=01;35:*.mp4v=01;35:*.vob=01;35:*.qt=01;35:*.nuv=01;35:*.wmv=01;35:*.asf=01;35:*.rm=01;35:*.rmvb=01;35:*.flc=01;35:*.avi=01;35:*.fli=01;35:*.flv=01;35:*.gl=01;35:*.dl=01;35:*.xcf=01;35:*.xwd=01;35:*.yuv=01;35:*.cgm=01;35:*.emf=01;35:*.ogv=01;35:*.ogx=01;35:*.aac=00;36:*.au=00;36:*.flac=00;36:*.m4a=00;36:*.mid=00;36:*.midi=00;36:*.mka=00;36:*.mp3=00;36:*.mpc=00;36:*.ogg=00;36:*.ra=00;36:*.wav=00;36:*.oga=00;36:*.opus=00;36:*.spx=00;36:*.xspf=00;36:'), ('AMENT_PREFIX_PATH', '/home/cricchetto/Robomaster_WS/install/sllidar_ros2:/home/cricchetto/Robomaster_WS/install/robomaster_ros:/home/cricchetto/Robomaster_WS/install/robomaster_msgs:/home/cricchetto/Robomaster_WS/install/robomaster_description:/home/cricchetto/Robomaster_WS/install/dwb_msgs:/home/cricchetto/Robomaster_WS/install/nav_2d_msgs:/home/cricchetto/Robomaster_WS/install/nav2_voxel_grid:/home/cricchetto/Robomaster_WS/install/nav2_simple_commander:/home/cricchetto/Robomaster_WS/install/explore_lite:/home/cricchetto/Robomaster_WS/install/nav2_msgs:/home/cricchetto/Robomaster_WS/install/nav2_common:/home/cricchetto/Robomaster_WS/install/multirobot_map_merge:/home/cricchetto/Robomaster_WS/install/ep_control:/home/cricchetto/Robomaster_WS/install/drift:/opt/ros/humble'), ('SHELL', '/bin/bash'), ('LC_NAME', 'es_AR.UTF-8'), ('LESSCLOSE', '/usr/bin/lesspipe %s %s'), ('LC_MEASUREMENT', 'es_AR.UTF-8'), ('LC_IDENTIFICATION', 'es_AR.UTF-8'), ('PWD', '/home/cricchetto/Robomaster_WS/build/sllidar_ros2'), ('LC_ALL', 'en_US.UTF-8'), ('SSH_CONNECTION', '172.18.147.201 58490 172.18.147.143 22'), ('PYTHONPATH', '/home/cricchetto/Robomaster_WS/install/robomaster_ros/lib/python3.10/site-packages:/home/cricchetto/Robomaster_WS/install/robomaster_msgs/local/lib/python3.10/dist-packages:/home/cricchetto/Robomaster_WS/install/dwb_msgs/local/lib/python3.10/dist-packages:/home/cricchetto/Robomaster_WS/install/nav_2d_msgs/local/lib/python3.10/dist-packages:/home/cricchetto/Robomaster_WS/install/nav2_simple_commander/lib/python3.10/site-packages:/home/cricchetto/Robomaster_WS/install/nav2_msgs/local/lib/python3.10/dist-packages:/home/cricchetto/Robomaster_WS/install/nav2_common/local/lib/python3.10/dist-packages:/home/cricchetto/Robomaster_WS/install/ep_control/lib/python3.10/site-packages:/home/cricchetto/Robomaster_WS/install/drift/lib/python3.10/site-packages:/opt/ros/humble/lib/python3.10/site-packages:/opt/ros/humble/local/lib/python3.10/dist-packages'), ('LC_NUMERIC', 'es_AR.UTF-8'), ('LC_PAPER', 'es_AR.UTF-8'), ('COLCON', '1'), ('CMAKE_PREFIX_PATH', '/home/cricchetto/Robomaster_WS/install/sllidar_ros2:/home/cricchetto/Robomaster_WS/install/robomaster_msgs:/home/cricchetto/Robomaster_WS/install/robomaster_description:/home/cricchetto/Robomaster_WS/install/dwb_msgs:/home/cricchetto/Robomaster_WS/install/nav_2d_msgs:/home/cricchetto/Robomaster_WS/install/nav2_voxel_grid:/home/cricchetto/Robomaster_WS/install/explore_lite:/home/cricchetto/Robomaster_WS/install/nav2_msgs:/home/cricchetto/Robomaster_WS/install/nav2_common:/home/cricchetto/Robomaster_WS/install/multirobot_map_merge:/home/cricchetto/Robomaster_WS/install/robomaster_ros:/home/cricchetto/Robomaster_WS/install/nav2_simple_commander:/home/cricchetto/Robomaster_WS/install/ep_control:/home/cricchetto/Robomaster_WS/install/drift:/opt/ros/humble')]), 'shell': False}
[5.258735] (-) TimerEvent: {}
[5.292949] (multirobot_map_merge) StdoutLine: {'line': b'[ 83%] Built target map_merge\n'}
[5.328214] (multirobot_map_merge) StdoutLine: {'line': b'[100%] Built target test_merging_pipeline\n'}
[5.358930] (-) TimerEvent: {}
[5.408485] (multirobot_map_merge) CommandEnded: {'returncode': 0}
[5.409814] (multirobot_map_merge) JobProgress: {'identifier': 'multirobot_map_merge', 'progress': 'install'}
[5.409954] (multirobot_map_merge) Command: {'cmd': ['/usr/bin/cmake', '--install', '/home/cricchetto/Robomaster_WS/build/multirobot_map_merge'], 'cwd': '/home/cricchetto/Robomaster_WS/build/multirobot_map_merge', 'env': OrderedDict([('LESSOPEN', '| /usr/bin/lesspipe %s'), ('USER', 'cricchetto'), ('SSH_CLIENT', '172.18.147.201 58490 22'), ('LC_TIME', 'es_AR.UTF-8'), ('XDG_SESSION_TYPE', 'tty'), ('SHLVL', '2'), ('LD_LIBRARY_PATH', '/home/cricchetto/Robomaster_WS/install/robomaster_msgs/lib:/home/cricchetto/Robomaster_WS/install/dwb_msgs/lib:/home/cricchetto/Robomaster_WS/install/nav_2d_msgs/lib:/home/cricchetto/Robomaster_WS/install/nav2_voxel_grid/lib:/home/cricchetto/Robomaster_WS/install/nav2_msgs/lib:/home/cricchetto/Robomaster_WS/install/multirobot_map_merge/lib:/opt/ros/humble/opt/rviz_ogre_vendor/lib:/opt/ros/humble/lib/aarch64-linux-gnu:/opt/ros/humble/lib'), ('MOTD_SHOWN', 'pam'), ('HOME', '/home/cricchetto'), ('OLDPWD', '/home/cricchetto'), ('SSH_TTY', '/dev/pts/0'), ('ROS_PYTHON_VERSION', '3'), ('LC_MONETARY', 'es_AR.UTF-8'), ('DBUS_SESSION_BUS_ADDRESS', 'unix:path=/run/user/1000/bus'), ('COLCON_PREFIX_PATH', '/home/cricchetto/Robomaster_WS/install'), ('ROS_DISTRO', 'humble'), ('LOGNAME', 'cricchetto'), ('_', '/usr/bin/colcon'), ('ROS_VERSION', '2'), ('XDG_SESSION_CLASS', 'user'), ('TERM', 'xterm-256color'), ('XDG_SESSION_ID', '1'), ('ROS_LOCALHOST_ONLY', '0'), ('PATH', '/home/cricchetto/.local/bin:/opt/ros/humble/bin:/usr/local/sbin:/usr/local/bin:/usr/sbin:/usr/bin:/sbin:/bin:/usr/games:/usr/local/games:/snap/bin:/home/cricchettoSD/.local/bin'), ('LC_ADDRESS', 'es_AR.UTF-8'), ('XDG_RUNTIME_DIR', '/run/user/1000'), ('DISPLAY', 'localhost:10.0'), ('LANG', 'en_US.UTF-8'), ('LC_TELEPHONE', 'es_AR.UTF-8'), ('LS_COLORS', 'rs=0:di=01;34:ln=01;36:mh=00:pi=40;33:so=01;35:do=01;35:bd=40;33;01:cd=40;33;01:or=40;31;01:mi=00:su=37;41:sg=30;43:ca=30;41:tw=30;42:ow=34;42:st=37;44:ex=01;32:*.tar=01;31:*.tgz=01;31:*.arc=01;31:*.arj=01;31:*.taz=01;31:*.lha=01;31:*.lz4=01;31:*.lzh=01;31:*.lzma=01;31:*.tlz=01;31:*.txz=01;31:*.tzo=01;31:*.t7z=01;31:*.zip=01;31:*.z=01;31:*.dz=01;31:*.gz=01;31:*.lrz=01;31:*.lz=01;31:*.lzo=01;31:*.xz=01;31:*.zst=01;31:*.tzst=01;31:*.bz2=01;31:*.bz=01;31:*.tbz=01;31:*.tbz2=01;31:*.tz=01;31:*.deb=01;31:*.rpm=01;31:*.jar=01;31:*.war=01;31:*.ear=01;31:*.sar=01;31:*.rar=01;31:*.alz=01;31:*.ace=01;31:*.zoo=01;31:*.cpio=01;31:*.7z=01;31:*.rz=01;31:*.cab=01;31:*.wim=01;31:*.swm=01;31:*.dwm=01;31:*.esd=01;31:*.jpg=01;35:*.jpeg=01;35:*.mjpg=01;35:*.mjpeg=01;35:*.gif=01;35:*.bmp=01;35:*.pbm=01;35:*.pgm=01;35:*.ppm=01;35:*.tga=01;35:*.xbm=01;35:*.xpm=01;35:*.tif=01;35:*.tiff=01;35:*.png=01;35:*.svg=01;35:*.svgz=01;35:*.mng=01;35:*.pcx=01;35:*.mov=01;35:*.mpg=01;35:*.mpeg=01;35:*.m2v=01;35:*.mkv=01;35:*.webm=01;35:*.webp=01;35:*.ogm=01;35:*.mp4=01;35:*.m4v=01;35:*.mp4v=01;35:*.vob=01;35:*.qt=01;35:*.nuv=01;35:*.wmv=01;35:*.asf=01;35:*.rm=01;35:*.rmvb=01;35:*.flc=01;35:*.avi=01;35:*.fli=01;35:*.flv=01;35:*.gl=01;35:*.dl=01;35:*.xcf=01;35:*.xwd=01;35:*.yuv=01;35:*.cgm=01;35:*.emf=01;35:*.ogv=01;35:*.ogx=01;35:*.aac=00;36:*.au=00;36:*.flac=00;36:*.m4a=00;36:*.mid=00;36:*.midi=00;36:*.mka=00;36:*.mp3=00;36:*.mpc=00;36:*.ogg=00;36:*.ra=00;36:*.wav=00;36:*.oga=00;36:*.opus=00;36:*.spx=00;36:*.xspf=00;36:'), ('AMENT_PREFIX_PATH', '/home/cricchetto/Robomaster_WS/install/sllidar_ros2:/home/cricchetto/Robomaster_WS/install/robomaster_ros:/home/cricchetto/Robomaster_WS/install/robomaster_msgs:/home/cricchetto/Robomaster_WS/install/robomaster_description:/home/cricchetto/Robomaster_WS/install/dwb_msgs:/home/cricchetto/Robomaster_WS/install/nav_2d_msgs:/home/cricchetto/Robomaster_WS/install/nav2_voxel_grid:/home/cricchetto/Robomaster_WS/install/nav2_simple_commander:/home/cricchetto/Robomaster_WS/install/explore_lite:/home/cricchetto/Robomaster_WS/install/nav2_msgs:/home/cricchetto/Robomaster_WS/install/nav2_common:/home/cricchetto/Robomaster_WS/install/multirobot_map_merge:/home/cricchetto/Robomaster_WS/install/ep_control:/home/cricchetto/Robomaster_WS/install/drift:/opt/ros/humble'), ('SHELL', '/bin/bash'), ('LC_NAME', 'es_AR.UTF-8'), ('LESSCLOSE', '/usr/bin/lesspipe %s %s'), ('LC_MEASUREMENT', 'es_AR.UTF-8'), ('LC_IDENTIFICATION', 'es_AR.UTF-8'), ('PWD', '/home/cricchetto/Robomaster_WS/build/multirobot_map_merge'), ('LC_ALL', 'en_US.UTF-8'), ('SSH_CONNECTION', '172.18.147.201 58490 172.18.147.143 22'), ('PYTHONPATH', '/home/cricchetto/Robomaster_WS/install/robomaster_ros/lib/python3.10/site-packages:/home/cricchetto/Robomaster_WS/install/robomaster_msgs/local/lib/python3.10/dist-packages:/home/cricchetto/Robomaster_WS/install/dwb_msgs/local/lib/python3.10/dist-packages:/home/cricchetto/Robomaster_WS/install/nav_2d_msgs/local/lib/python3.10/dist-packages:/home/cricchetto/Robomaster_WS/install/nav2_simple_commander/lib/python3.10/site-packages:/home/cricchetto/Robomaster_WS/install/nav2_msgs/local/lib/python3.10/dist-packages:/home/cricchetto/Robomaster_WS/install/nav2_common/local/lib/python3.10/dist-packages:/home/cricchetto/Robomaster_WS/install/ep_control/lib/python3.10/site-packages:/home/cricchetto/Robomaster_WS/install/drift/lib/python3.10/site-packages:/opt/ros/humble/lib/python3.10/site-packages:/opt/ros/humble/local/lib/python3.10/dist-packages'), ('LC_NUMERIC', 'es_AR.UTF-8'), ('LC_PAPER', 'es_AR.UTF-8'), ('COLCON', '1'), ('CMAKE_PREFIX_PATH', '/home/cricchetto/Robomaster_WS/install/sllidar_ros2:/home/cricchetto/Robomaster_WS/install/robomaster_msgs:/home/cricchetto/Robomaster_WS/install/robomaster_description:/home/cricchetto/Robomaster_WS/install/dwb_msgs:/home/cricchetto/Robomaster_WS/install/nav_2d_msgs:/home/cricchetto/Robomaster_WS/install/nav2_voxel_grid:/home/cricchetto/Robomaster_WS/install/explore_lite:/home/cricchetto/Robomaster_WS/install/nav2_msgs:/home/cricchetto/Robomaster_WS/install/nav2_common:/home/cricchetto/Robomaster_WS/install/multirobot_map_merge:/home/cricchetto/Robomaster_WS/install/robomaster_ros:/home/cricchetto/Robomaster_WS/install/nav2_simple_commander:/home/cricchetto/Robomaster_WS/install/ep_control:/home/cricchetto/Robomaster_WS/install/drift:/opt/ros/humble')]), 'shell': False}
[5.417376] (drift) Command: {'cmd': ['/usr/bin/python3', '-W', 'ignore:setup.py install is deprecated', '-W', 'ignore:easy_install command is deprecated', 'setup.py', 'egg_info', '--egg-base', '../../build/drift', 'build', '--build-base', '/home/cricchetto/Robomaster_WS/build/drift/build', 'install', '--record', '/home/cricchetto/Robomaster_WS/build/drift/install.log', '--single-version-externally-managed', 'install_data'], 'cwd': '/home/cricchetto/Robomaster_WS/src/drift', 'env': {'LESSOPEN': '| /usr/bin/lesspipe %s', 'USER': 'cricchetto', 'SSH_CLIENT': '172.18.147.201 58490 22', 'LC_TIME': 'es_AR.UTF-8', 'XDG_SESSION_TYPE': 'tty', 'SHLVL': '2', 'LD_LIBRARY_PATH': '/home/cricchetto/Robomaster_WS/install/robomaster_msgs/lib:/home/cricchetto/Robomaster_WS/install/dwb_msgs/lib:/home/cricchetto/Robomaster_WS/install/nav_2d_msgs/lib:/home/cricchetto/Robomaster_WS/install/nav2_voxel_grid/lib:/home/cricchetto/Robomaster_WS/install/nav2_msgs/lib:/home/cricchetto/Robomaster_WS/install/multirobot_map_merge/lib:/opt/ros/humble/opt/rviz_ogre_vendor/lib:/opt/ros/humble/lib/aarch64-linux-gnu:/opt/ros/humble/lib', 'MOTD_SHOWN': 'pam', 'HOME': '/home/cricchetto', 'OLDPWD': '/home/cricchetto', 'SSH_TTY': '/dev/pts/0', 'ROS_PYTHON_VERSION': '3', 'LC_MONETARY': 'es_AR.UTF-8', 'DBUS_SESSION_BUS_ADDRESS': 'unix:path=/run/user/1000/bus', 'COLCON_PREFIX_PATH': '/home/cricchetto/Robomaster_WS/install', 'ROS_DISTRO': 'humble', 'LOGNAME': 'cricchetto', '_': '/usr/bin/colcon', 'ROS_VERSION': '2', 'XDG_SESSION_CLASS': 'user', 'TERM': 'xterm-256color', 'XDG_SESSION_ID': '1', 'ROS_LOCALHOST_ONLY': '0', 'PATH': '/home/cricchetto/.local/bin:/opt/ros/humble/bin:/usr/local/sbin:/usr/local/bin:/usr/sbin:/usr/bin:/sbin:/bin:/usr/games:/usr/local/games:/snap/bin:/home/cricchettoSD/.local/bin', 'LC_ADDRESS': 'es_AR.UTF-8', 'XDG_RUNTIME_DIR': '/run/user/1000', 'DISPLAY': 'localhost:10.0', 'LANG': 'en_US.UTF-8', 'LC_TELEPHONE': 'es_AR.UTF-8', 'LS_COLORS': 'rs=0:di=01;34:ln=01;36:mh=00:pi=40;33:so=01;35:do=01;35:bd=40;33;01:cd=40;33;01:or=40;31;01:mi=00:su=37;41:sg=30;43:ca=30;41:tw=30;42:ow=34;42:st=37;44:ex=01;32:*.tar=01;31:*.tgz=01;31:*.arc=01;31:*.arj=01;31:*.taz=01;31:*.lha=01;31:*.lz4=01;31:*.lzh=01;31:*.lzma=01;31:*.tlz=01;31:*.txz=01;31:*.tzo=01;31:*.t7z=01;31:*.zip=01;31:*.z=01;31:*.dz=01;31:*.gz=01;31:*.lrz=01;31:*.lz=01;31:*.lzo=01;31:*.xz=01;31:*.zst=01;31:*.tzst=01;31:*.bz2=01;31:*.bz=01;31:*.tbz=01;31:*.tbz2=01;31:*.tz=01;31:*.deb=01;31:*.rpm=01;31:*.jar=01;31:*.war=01;31:*.ear=01;31:*.sar=01;31:*.rar=01;31:*.alz=01;31:*.ace=01;31:*.zoo=01;31:*.cpio=01;31:*.7z=01;31:*.rz=01;31:*.cab=01;31:*.wim=01;31:*.swm=01;31:*.dwm=01;31:*.esd=01;31:*.jpg=01;35:*.jpeg=01;35:*.mjpg=01;35:*.mjpeg=01;35:*.gif=01;35:*.bmp=01;35:*.pbm=01;35:*.pgm=01;35:*.ppm=01;35:*.tga=01;35:*.xbm=01;35:*.xpm=01;35:*.tif=01;35:*.tiff=01;35:*.png=01;35:*.svg=01;35:*.svgz=01;35:*.mng=01;35:*.pcx=01;35:*.mov=01;35:*.mpg=01;35:*.mpeg=01;35:*.m2v=01;35:*.mkv=01;35:*.webm=01;35:*.webp=01;35:*.ogm=01;35:*.mp4=01;35:*.m4v=01;35:*.mp4v=01;35:*.vob=01;35:*.qt=01;35:*.nuv=01;35:*.wmv=01;35:*.asf=01;35:*.rm=01;35:*.rmvb=01;35:*.flc=01;35:*.avi=01;35:*.fli=01;35:*.flv=01;35:*.gl=01;35:*.dl=01;35:*.xcf=01;35:*.xwd=01;35:*.yuv=01;35:*.cgm=01;35:*.emf=01;35:*.ogv=01;35:*.ogx=01;35:*.aac=00;36:*.au=00;36:*.flac=00;36:*.m4a=00;36:*.mid=00;36:*.midi=00;36:*.mka=00;36:*.mp3=00;36:*.mpc=00;36:*.ogg=00;36:*.ra=00;36:*.wav=00;36:*.oga=00;36:*.opus=00;36:*.spx=00;36:*.xspf=00;36:', 'AMENT_PREFIX_PATH': '/home/cricchetto/Robomaster_WS/install/sllidar_ros2:/home/cricchetto/Robomaster_WS/install/robomaster_ros:/home/cricchetto/Robomaster_WS/install/robomaster_msgs:/home/cricchetto/Robomaster_WS/install/robomaster_description:/home/cricchetto/Robomaster_WS/install/dwb_msgs:/home/cricchetto/Robomaster_WS/install/nav_2d_msgs:/home/cricchetto/Robomaster_WS/install/nav2_voxel_grid:/home/cricchetto/Robomaster_WS/install/nav2_simple_commander:/home/cricchetto/Robomaster_WS/install/explore_lite:/home/cricchetto/Robomaster_WS/install/nav2_msgs:/home/cricchetto/Robomaster_WS/install/nav2_common:/home/cricchetto/Robomaster_WS/install/multirobot_map_merge:/home/cricchetto/Robomaster_WS/install/ep_control:/home/cricchetto/Robomaster_WS/install/drift:/opt/ros/humble', 'SHELL': '/bin/bash', 'LC_NAME': 'es_AR.UTF-8', 'LESSCLOSE': '/usr/bin/lesspipe %s %s', 'LC_MEASUREMENT': 'es_AR.UTF-8', 'LC_IDENTIFICATION': 'es_AR.UTF-8', 'PWD': '/home/cricchetto/Robomaster_WS/build/drift', 'LC_ALL': 'en_US.UTF-8', 'SSH_CONNECTION': '172.18.147.201 58490 172.18.147.143 22', 'PYTHONPATH': '/home/cricchetto/Robomaster_WS/build/drift/prefix_override:/usr/lib/python3/dist-packages/colcon_core/task/python/colcon_distutils_commands:/home/cricchetto/Robomaster_WS/install/drift/lib/python3.10/site-packages:/home/cricchetto/Robomaster_WS/install/robomaster_ros/lib/python3.10/site-packages:/home/cricchetto/Robomaster_WS/install/robomaster_msgs/local/lib/python3.10/dist-packages:/home/cricchetto/Robomaster_WS/install/dwb_msgs/local/lib/python3.10/dist-packages:/home/cricchetto/Robomaster_WS/install/nav_2d_msgs/local/lib/python3.10/dist-packages:/home/cricchetto/Robomaster_WS/install/nav2_simple_commander/lib/python3.10/site-packages:/home/cricchetto/Robomaster_WS/install/nav2_msgs/local/lib/python3.10/dist-packages:/home/cricchetto/Robomaster_WS/install/nav2_common/local/lib/python3.10/dist-packages:/home/cricchetto/Robomaster_WS/install/ep_control/lib/python3.10/site-packages:/home/cricchetto/Robomaster_WS/install/drift/lib/python3.10/site-packages:/opt/ros/humble/lib/python3.10/site-packages:/opt/ros/humble/local/lib/python3.10/dist-packages', 'LC_NUMERIC': 'es_AR.UTF-8', 'LC_PAPER': 'es_AR.UTF-8', 'COLCON': '1', 'CMAKE_PREFIX_PATH': '/home/cricchetto/Robomaster_WS/install/sllidar_ros2:/home/cricchetto/Robomaster_WS/install/robomaster_msgs:/home/cricchetto/Robomaster_WS/install/robomaster_description:/home/cricchetto/Robomaster_WS/install/dwb_msgs:/home/cricchetto/Robomaster_WS/install/nav_2d_msgs:/home/cricchetto/Robomaster_WS/install/nav2_voxel_grid:/home/cricchetto/Robomaster_WS/install/explore_lite:/home/cricchetto/Robomaster_WS/install/nav2_msgs:/home/cricchetto/Robomaster_WS/install/nav2_common:/home/cricchetto/Robomaster_WS/install/multirobot_map_merge'}, 'shell': False}
[5.453105] (multirobot_map_merge) StdoutLine: {'line': b'-- Install configuration: ""\n'}
[5.453711] (multirobot_map_merge) StdoutLine: {'line': b'-- Up-to-date: /home/cricchetto/Robomaster_WS/install/multirobot_map_merge/include/map_merge/\n'}
[5.454221] (multirobot_map_merge) StdoutLine: {'line': b'-- Up-to-date: /home/cricchetto/Robomaster_WS/install/multirobot_map_merge/include/map_merge//ros1_names.hpp\n'}
[5.454751] (multirobot_map_merge) StdoutLine: {'line': b'-- Up-to-date: /home/cricchetto/Robomaster_WS/install/multirobot_map_merge/include/map_merge//map_merge.h\n'}
[5.455538] (multirobot_map_merge) StdoutLine: {'line': b'-- Up-to-date: /home/cricchetto/Robomaster_WS/install/multirobot_map_merge/share/multirobot_map_merge/launch\n'}
[5.456257] (multirobot_map_merge) StdoutLine: {'line': b'-- Up-to-date: /home/cricchetto/Robomaster_WS/install/multirobot_map_merge/share/multirobot_map_merge/launch/from_map_server.launch.py\n'}
[5.456869] (multirobot_map_merge) StdoutLine: {'line': b'-- Up-to-date: /home/cricchetto/Robomaster_WS/install/multirobot_map_merge/share/multirobot_map_merge/launch/map_merge.launch.py\n'}
[5.457420] (multirobot_map_merge) StdoutLine: {'line': b'-- Up-to-date: /home/cricchetto/Robomaster_WS/install/multirobot_map_merge/share/multirobot_map_merge/launch/map_merge.rviz\n'}
[5.458026] (multirobot_map_merge) StdoutLine: {'line': b'-- Up-to-date: /home/cricchetto/Robomaster_WS/install/multirobot_map_merge/share/multirobot_map_merge/launch/tb3_simulation\n'}
[5.458576] (multirobot_map_merge) StdoutLine: {'line': b'-- Up-to-date: /home/cricchetto/Robomaster_WS/install/multirobot_map_merge/share/multirobot_map_merge/launch/tb3_simulation/worlds\n'}
[5.459319] (-) TimerEvent: {}
[5.460365] (multirobot_map_merge) StdoutLine: {'line': b'-- Up-to-date: /home/cricchetto/Robomaster_WS/install/multirobot_map_merge/share/multirobot_map_merge/launch/tb3_simulation/worlds/world_only.model\n'}
[5.471309] (multirobot_map_merge) StdoutLine: {'line': b'-- Up-to-date: /home/cricchetto/Robomaster_WS/install/multirobot_map_merge/share/multirobot_map_merge/launch/tb3_simulation/bringup_launch.py\n'}
[5.472173] (multirobot_map_merge) StdoutLine: {'line': b'-- Up-to-date: /home/cricchetto/Robomaster_WS/install/multirobot_map_merge/share/multirobot_map_merge/launch/tb3_simulation/slam_toolbox.py\n'}
[5.472981] (multirobot_map_merge) StdoutLine: {'line': b'-- Up-to-date: /home/cricchetto/Robomaster_WS/install/multirobot_map_merge/share/multirobot_map_merge/launch/tb3_simulation/config\n'}
[5.473481] (multirobot_map_merge) StdoutLine: {'line': b'-- Up-to-date: /home/cricchetto/Robomaster_WS/install/multirobot_map_merge/share/multirobot_map_merge/launch/tb3_simulation/config/nav2_multirobot_params_2.yaml\n'}
[5.474246] (multirobot_map_merge) StdoutLine: {'line': b'-- Up-to-date: /home/cricchetto/Robomaster_WS/install/multirobot_map_merge/share/multirobot_map_merge/launch/tb3_simulation/config/nav2_multirobot_params_1.yaml\n'}
[5.474951] (multirobot_map_merge) StdoutLine: {'line': b'-- Up-to-date: /home/cricchetto/Robomaster_WS/install/multirobot_map_merge/share/multirobot_map_merge/launch/tb3_simulation/multi_tb3_simulation_launch.py\n'}
[5.475697] (multirobot_map_merge) StdoutLine: {'line': b'-- Up-to-date: /home/cricchetto/Robomaster_WS/install/multirobot_map_merge/share/multirobot_map_merge/launch/tb3_simulation/tb3_simulation_launch.py\n'}
[5.476374] (multirobot_map_merge) StdoutLine: {'line': b'-- Up-to-date: /home/cricchetto/Robomaster_WS/install/multirobot_map_merge/share/multirobot_map_merge/config\n'}
[5.477015] (multirobot_map_merge) StdoutLine: {'line': b'-- Up-to-date: /home/cricchetto/Robomaster_WS/install/multirobot_map_merge/share/multirobot_map_merge/config/params.yaml\n'}
[5.477743] (multirobot_map_merge) StdoutLine: {'line': b'-- Up-to-date: /home/cricchetto/Robomaster_WS/install/multirobot_map_merge/lib/libcombine_grids.a\n'}
[5.478334] (multirobot_map_merge) StdoutLine: {'line': b'-- Up-to-date: /home/cricchetto/Robomaster_WS/install/multirobot_map_merge/lib/multirobot_map_merge/map_merge\n'}
[5.478908] (multirobot_map_merge) StdoutLine: {'line': b'-- Up-to-date: /home/cricchetto/Robomaster_WS/install/multirobot_map_merge/share/multirobot_map_merge/environment/library_path.sh\n'}
[5.487346] (multirobot_map_merge) StdoutLine: {'line': b'-- Up-to-date: /home/cricchetto/Robomaster_WS/install/multirobot_map_merge/share/multirobot_map_merge/environment/library_path.dsv\n'}
[5.488118] (multirobot_map_merge) StdoutLine: {'line': b'-- Up-to-date: /home/cricchetto/Robomaster_WS/install/multirobot_map_merge/share/ament_index/resource_index/package_run_dependencies/multirobot_map_merge\n'}
[5.488825] (multirobot_map_merge) StdoutLine: {'line': b'-- Up-to-date: /home/cricchetto/Robomaster_WS/install/multirobot_map_merge/share/ament_index/resource_index/parent_prefix_path/multirobot_map_merge\n'}
[5.489438] (multirobot_map_merge) StdoutLine: {'line': b'-- Up-to-date: /home/cricchetto/Robomaster_WS/install/multirobot_map_merge/share/multirobot_map_merge/environment/ament_prefix_path.sh\n'}
[5.490171] (multirobot_map_merge) StdoutLine: {'line': b'-- Up-to-date: /home/cricchetto/Robomaster_WS/install/multirobot_map_merge/share/multirobot_map_merge/environment/ament_prefix_path.dsv\n'}
[5.492757] (multirobot_map_merge) StdoutLine: {'line': b'-- Up-to-date: /home/cricchetto/Robomaster_WS/install/multirobot_map_merge/share/multirobot_map_merge/environment/path.sh\n'}
[5.499416] (multirobot_map_merge) StdoutLine: {'line': b'-- Up-to-date: /home/cricchetto/Robomaster_WS/install/multirobot_map_merge/share/multirobot_map_merge/environment/path.dsv\n'}
[5.500046] (multirobot_map_merge) StdoutLine: {'line': b'-- Up-to-date: /home/cricchetto/Robomaster_WS/install/multirobot_map_merge/share/multirobot_map_merge/local_setup.bash\n'}
[5.500562] (multirobot_map_merge) StdoutLine: {'line': b'-- Up-to-date: /home/cricchetto/Robomaster_WS/install/multirobot_map_merge/share/multirobot_map_merge/local_setup.sh\n'}
[5.501230] (multirobot_map_merge) StdoutLine: {'line': b'-- Up-to-date: /home/cricchetto/Robomaster_WS/install/multirobot_map_merge/share/multirobot_map_merge/local_setup.zsh\n'}
[5.501783] (multirobot_map_merge) StdoutLine: {'line': b'-- Up-to-date: /home/cricchetto/Robomaster_WS/install/multirobot_map_merge/share/multirobot_map_merge/local_setup.dsv\n'}
[5.502323] (multirobot_map_merge) StdoutLine: {'line': b'-- Installing: /home/cricchetto/Robomaster_WS/install/multirobot_map_merge/share/multirobot_map_merge/package.dsv\n'}
[5.502633] (multirobot_map_merge) StdoutLine: {'line': b'-- Up-to-date: /home/cricchetto/Robomaster_WS/install/multirobot_map_merge/share/ament_index/resource_index/packages/multirobot_map_merge\n'}
[5.502911] (multirobot_map_merge) StdoutLine: {'line': b'-- Up-to-date: /home/cricchetto/Robomaster_WS/install/multirobot_map_merge/share/multirobot_map_merge/cmake/ament_cmake_export_include_directories-extras.cmake\n'}
[5.503322] (multirobot_map_merge) StdoutLine: {'line': b'-- Up-to-date: /home/cricchetto/Robomaster_WS/install/multirobot_map_merge/share/multirobot_map_merge/cmake/ament_cmake_export_libraries-extras.cmake\n'}
[5.503775] (multirobot_map_merge) StdoutLine: {'line': b'-- Up-to-date: /home/cricchetto/Robomaster_WS/install/multirobot_map_merge/share/multirobot_map_merge/cmake/multirobot_map_mergeConfig.cmake\n'}
[5.504090] (multirobot_map_merge) StdoutLine: {'line': b'-- Up-to-date: /home/cricchetto/Robomaster_WS/install/multirobot_map_merge/share/multirobot_map_merge/cmake/multirobot_map_mergeConfig-version.cmake\n'}
[5.504368] (multirobot_map_merge) StdoutLine: {'line': b'-- Up-to-date: /home/cricchetto/Robomaster_WS/install/multirobot_map_merge/share/multirobot_map_merge/package.xml\n'}
[5.504643] (multirobot_map_merge) CommandEnded: {'returncode': 0}
[5.559654] (-) TimerEvent: {}
[5.605600] (multirobot_map_merge) JobEnded: {'identifier': 'multirobot_map_merge', 'rc': 0}
[5.608846] (robomaster_ros) JobStarted: {'identifier': 'robomaster_ros'}
[5.660201] (-) TimerEvent: {}
[5.690987] (sllidar_ros2) StdoutLine: {'line': b'[ 10%] Built target sllidar_client\n'}
[5.759551] (sllidar_ros2) StdoutLine: {'line': b'[100%] Built target sllidar_node\n'}
[5.760438] (-) TimerEvent: {}
[5.862316] (-) TimerEvent: {}
[5.963177] (-) TimerEvent: {}
[6.064119] (-) TimerEvent: {}
[6.164877] (-) TimerEvent: {}
[6.265645] (-) TimerEvent: {}
[6.366662] (-) TimerEvent: {}
[6.467423] (-) TimerEvent: {}
[6.568132] (-) TimerEvent: {}
[6.668918] (-) TimerEvent: {}
[6.769877] (-) TimerEvent: {}
[6.772445] (drift) StdoutLine: {'line': b'running egg_info\n'}
[6.775576] (drift) StdoutLine: {'line': b'writing ../../build/drift/drift.egg-info/PKG-INFO\n'}
[6.776920] (drift) StdoutLine: {'line': b'writing dependency_links to ../../build/drift/drift.egg-info/dependency_links.txt\n'}
[6.778063] (drift) StdoutLine: {'line': b'writing entry points to ../../build/drift/drift.egg-info/entry_points.txt\n'}
[6.779317] (drift) StdoutLine: {'line': b'writing requirements to ../../build/drift/drift.egg-info/requires.txt\n'}
[6.780276] (drift) StdoutLine: {'line': b'writing top-level names to ../../build/drift/drift.egg-info/top_level.txt\n'}
[6.788754] (drift) StdoutLine: {'line': b"reading manifest file '../../build/drift/drift.egg-info/SOURCES.txt'\n"}
[6.792898] (drift) StdoutLine: {'line': b"writing manifest file '../../build/drift/drift.egg-info/SOURCES.txt'\n"}
[6.793680] (drift) StdoutLine: {'line': b'running build\n'}
[6.794250] (drift) StdoutLine: {'line': b'running build_py\n'}
[6.796341] (drift) StdoutLine: {'line': b'running install\n'}
[6.797576] (drift) StdoutLine: {'line': b'running install_lib\n'}
[6.804108] (drift) StdoutLine: {'line': b'running install_data\n'}
[6.805404] (drift) StdoutLine: {'line': b'running install_egg_info\n'}
[6.814494] (drift) StdoutLine: {'line': b"removing '/home/cricchetto/Robomaster_WS/install/drift/lib/python3.10/site-packages/drift-0.0.1-py3.10.egg-info' (and everything under it)\n"}
[6.816431] (drift) StdoutLine: {'line': b'Copying ../../build/drift/drift.egg-info to /home/cricchetto/Robomaster_WS/install/drift/lib/python3.10/site-packages/drift-0.0.1-py3.10.egg-info\n'}
[6.823341] (drift) StdoutLine: {'line': b'running install_scripts\n'}
[6.870082] (-) TimerEvent: {}
[6.913495] (drift) StdoutLine: {'line': b'Installing drift_circle_node script to /home/cricchetto/Robomaster_WS/install/drift/lib/drift\n'}
[6.914534] (drift) StdoutLine: {'line': b'Installing play_sound_node script to /home/cricchetto/Robomaster_WS/install/drift/lib/drift\n'}
[6.916356] (drift) StdoutLine: {'line': b"writing list of installed files to '/home/cricchetto/Robomaster_WS/build/drift/install.log'\n"}
[6.970494] (-) TimerEvent: {}
[7.072575] (-) TimerEvent: {}
[7.126496] (ep_control) Command: {'cmd': ['/usr/bin/python3', '-W', 'ignore:setup.py install is deprecated', '-W', 'ignore:easy_install command is deprecated', 'setup.py', 'egg_info', '--egg-base', '../../build/ep_control', 'build', '--build-base', '/home/cricchetto/Robomaster_WS/build/ep_control/build', 'install', '--record', '/home/cricchetto/Robomaster_WS/build/ep_control/install.log', '--single-version-externally-managed', 'install_data'], 'cwd': '/home/cricchetto/Robomaster_WS/src/ep_control', 'env': {'LESSOPEN': '| /usr/bin/lesspipe %s', 'USER': 'cricchetto', 'SSH_CLIENT': '172.18.147.201 58490 22', 'LC_TIME': 'es_AR.UTF-8', 'XDG_SESSION_TYPE': 'tty', 'SHLVL': '2', 'LD_LIBRARY_PATH': '/home/cricchetto/Robomaster_WS/install/robomaster_msgs/lib:/home/cricchetto/Robomaster_WS/install/dwb_msgs/lib:/home/cricchetto/Robomaster_WS/install/nav_2d_msgs/lib:/home/cricchetto/Robomaster_WS/install/nav2_voxel_grid/lib:/home/cricchetto/Robomaster_WS/install/nav2_msgs/lib:/home/cricchetto/Robomaster_WS/install/multirobot_map_merge/lib:/opt/ros/humble/opt/rviz_ogre_vendor/lib:/opt/ros/humble/lib/aarch64-linux-gnu:/opt/ros/humble/lib', 'MOTD_SHOWN': 'pam', 'HOME': '/home/cricchetto', 'OLDPWD': '/home/cricchetto', 'SSH_TTY': '/dev/pts/0', 'ROS_PYTHON_VERSION': '3', 'LC_MONETARY': 'es_AR.UTF-8', 'DBUS_SESSION_BUS_ADDRESS': 'unix:path=/run/user/1000/bus', 'COLCON_PREFIX_PATH': '/home/cricchetto/Robomaster_WS/install', 'ROS_DISTRO': 'humble', 'LOGNAME': 'cricchetto', '_': '/usr/bin/colcon', 'ROS_VERSION': '2', 'XDG_SESSION_CLASS': 'user', 'TERM': 'xterm-256color', 'XDG_SESSION_ID': '1', 'ROS_LOCALHOST_ONLY': '0', 'PATH': '/home/cricchetto/.local/bin:/opt/ros/humble/bin:/usr/local/sbin:/usr/local/bin:/usr/sbin:/usr/bin:/sbin:/bin:/usr/games:/usr/local/games:/snap/bin:/home/cricchettoSD/.local/bin', 'LC_ADDRESS': 'es_AR.UTF-8', 'XDG_RUNTIME_DIR': '/run/user/1000', 'DISPLAY': 'localhost:10.0', 'LANG': 'en_US.UTF-8', 'LC_TELEPHONE': 'es_AR.UTF-8', 'LS_COLORS': 'rs=0:di=01;34:ln=01;36:mh=00:pi=40;33:so=01;35:do=01;35:bd=40;33;01:cd=40;33;01:or=40;31;01:mi=00:su=37;41:sg=30;43:ca=30;41:tw=30;42:ow=34;42:st=37;44:ex=01;32:*.tar=01;31:*.tgz=01;31:*.arc=01;31:*.arj=01;31:*.taz=01;31:*.lha=01;31:*.lz4=01;31:*.lzh=01;31:*.lzma=01;31:*.tlz=01;31:*.txz=01;31:*.tzo=01;31:*.t7z=01;31:*.zip=01;31:*.z=01;31:*.dz=01;31:*.gz=01;31:*.lrz=01;31:*.lz=01;31:*.lzo=01;31:*.xz=01;31:*.zst=01;31:*.tzst=01;31:*.bz2=01;31:*.bz=01;31:*.tbz=01;31:*.tbz2=01;31:*.tz=01;31:*.deb=01;31:*.rpm=01;31:*.jar=01;31:*.war=01;31:*.ear=01;31:*.sar=01;31:*.rar=01;31:*.alz=01;31:*.ace=01;31:*.zoo=01;31:*.cpio=01;31:*.7z=01;31:*.rz=01;31:*.cab=01;31:*.wim=01;31:*.swm=01;31:*.dwm=01;31:*.esd=01;31:*.jpg=01;35:*.jpeg=01;35:*.mjpg=01;35:*.mjpeg=01;35:*.gif=01;35:*.bmp=01;35:*.pbm=01;35:*.pgm=01;35:*.ppm=01;35:*.tga=01;35:*.xbm=01;35:*.xpm=01;35:*.tif=01;35:*.tiff=01;35:*.png=01;35:*.svg=01;35:*.svgz=01;35:*.mng=01;35:*.pcx=01;35:*.mov=01;35:*.mpg=01;35:*.mpeg=01;35:*.m2v=01;35:*.mkv=01;35:*.webm=01;35:*.webp=01;35:*.ogm=01;35:*.mp4=01;35:*.m4v=01;35:*.mp4v=01;35:*.vob=01;35:*.qt=01;35:*.nuv=01;35:*.wmv=01;35:*.asf=01;35:*.rm=01;35:*.rmvb=01;35:*.flc=01;35:*.avi=01;35:*.fli=01;35:*.flv=01;35:*.gl=01;35:*.dl=01;35:*.xcf=01;35:*.xwd=01;35:*.yuv=01;35:*.cgm=01;35:*.emf=01;35:*.ogv=01;35:*.ogx=01;35:*.aac=00;36:*.au=00;36:*.flac=00;36:*.m4a=00;36:*.mid=00;36:*.midi=00;36:*.mka=00;36:*.mp3=00;36:*.mpc=00;36:*.ogg=00;36:*.ra=00;36:*.wav=00;36:*.oga=00;36:*.opus=00;36:*.spx=00;36:*.xspf=00;36:', 'AMENT_PREFIX_PATH': '/home/cricchetto/Robomaster_WS/install/sllidar_ros2:/home/cricchetto/Robomaster_WS/install/robomaster_ros:/home/cricchetto/Robomaster_WS/install/robomaster_msgs:/home/cricchetto/Robomaster_WS/install/robomaster_description:/home/cricchetto/Robomaster_WS/install/dwb_msgs:/home/cricchetto/Robomaster_WS/install/nav_2d_msgs:/home/cricchetto/Robomaster_WS/install/nav2_voxel_grid:/home/cricchetto/Robomaster_WS/install/nav2_simple_commander:/home/cricchetto/Robomaster_WS/install/explore_lite:/home/cricchetto/Robomaster_WS/install/nav2_msgs:/home/cricchetto/Robomaster_WS/install/nav2_common:/home/cricchetto/Robomaster_WS/install/multirobot_map_merge:/home/cricchetto/Robomaster_WS/install/ep_control:/home/cricchetto/Robomaster_WS/install/drift:/opt/ros/humble', 'SHELL': '/bin/bash', 'LC_NAME': 'es_AR.UTF-8', 'LESSCLOSE': '/usr/bin/lesspipe %s %s', 'LC_MEASUREMENT': 'es_AR.UTF-8', 'LC_IDENTIFICATION': 'es_AR.UTF-8', 'PWD': '/home/cricchetto/Robomaster_WS/build/ep_control', 'LC_ALL': 'en_US.UTF-8', 'SSH_CONNECTION': '172.18.147.201 58490 172.18.147.143 22', 'PYTHONPATH': '/home/cricchetto/Robomaster_WS/build/ep_control/prefix_override:/usr/lib/python3/dist-packages/colcon_core/task/python/colcon_distutils_commands:/home/cricchetto/Robomaster_WS/install/ep_control/lib/python3.10/site-packages:/home/cricchetto/Robomaster_WS/install/robomaster_ros/lib/python3.10/site-packages:/home/cricchetto/Robomaster_WS/install/robomaster_msgs/local/lib/python3.10/dist-packages:/home/cricchetto/Robomaster_WS/install/dwb_msgs/local/lib/python3.10/dist-packages:/home/cricchetto/Robomaster_WS/install/nav_2d_msgs/local/lib/python3.10/dist-packages:/home/cricchetto/Robomaster_WS/install/nav2_simple_commander/lib/python3.10/site-packages:/home/cricchetto/Robomaster_WS/install/nav2_msgs/local/lib/python3.10/dist-packages:/home/cricchetto/Robomaster_WS/install/nav2_common/local/lib/python3.10/dist-packages:/home/cricchetto/Robomaster_WS/install/ep_control/lib/python3.10/site-packages:/home/cricchetto/Robomaster_WS/install/drift/lib/python3.10/site-packages:/opt/ros/humble/lib/python3.10/site-packages:/opt/ros/humble/local/lib/python3.10/dist-packages', 'LC_NUMERIC': 'es_AR.UTF-8', 'LC_PAPER': 'es_AR.UTF-8', 'COLCON': '1', 'CMAKE_PREFIX_PATH': '/home/cricchetto/Robomaster_WS/install/sllidar_ros2:/home/cricchetto/Robomaster_WS/install/robomaster_msgs:/home/cricchetto/Robomaster_WS/install/robomaster_description:/home/cricchetto/Robomaster_WS/install/dwb_msgs:/home/cricchetto/Robomaster_WS/install/nav_2d_msgs:/home/cricchetto/Robomaster_WS/install/nav2_voxel_grid:/home/cricchetto/Robomaster_WS/install/explore_lite:/home/cricchetto/Robomaster_WS/install/nav2_msgs:/home/cricchetto/Robomaster_WS/install/nav2_common:/home/cricchetto/Robomaster_WS/install/multirobot_map_merge'}, 'shell': False}
[7.137671] (sllidar_ros2) CommandEnded: {'returncode': 0}
[7.140575] (sllidar_ros2) JobProgress: {'identifier': 'sllidar_ros2', 'progress': 'install'}
[7.148037] (sllidar_ros2) Command: {'cmd': ['/usr/bin/cmake', '--install', '/home/cricchetto/Robomaster_WS/build/sllidar_ros2'], 'cwd': '/home/cricchetto/Robomaster_WS/build/sllidar_ros2', 'env': OrderedDict([('LESSOPEN', '| /usr/bin/lesspipe %s'), ('USER', 'cricchetto'), ('SSH_CLIENT', '172.18.147.201 58490 22'), ('LC_TIME', 'es_AR.UTF-8'), ('XDG_SESSION_TYPE', 'tty'), ('SHLVL', '2'), ('LD_LIBRARY_PATH', '/home/cricchetto/Robomaster_WS/install/robomaster_msgs/lib:/home/cricchetto/Robomaster_WS/install/dwb_msgs/lib:/home/cricchetto/Robomaster_WS/install/nav_2d_msgs/lib:/home/cricchetto/Robomaster_WS/install/nav2_voxel_grid/lib:/home/cricchetto/Robomaster_WS/install/nav2_msgs/lib:/home/cricchetto/Robomaster_WS/install/multirobot_map_merge/lib:/opt/ros/humble/opt/rviz_ogre_vendor/lib:/opt/ros/humble/lib/aarch64-linux-gnu:/opt/ros/humble/lib'), ('MOTD_SHOWN', 'pam'), ('HOME', '/home/cricchetto'), ('OLDPWD', '/home/cricchetto'), ('SSH_TTY', '/dev/pts/0'), ('ROS_PYTHON_VERSION', '3'), ('LC_MONETARY', 'es_AR.UTF-8'), ('DBUS_SESSION_BUS_ADDRESS', 'unix:path=/run/user/1000/bus'), ('COLCON_PREFIX_PATH', '/home/cricchetto/Robomaster_WS/install'), ('ROS_DISTRO', 'humble'), ('LOGNAME', 'cricchetto'), ('_', '/usr/bin/colcon'), ('ROS_VERSION', '2'), ('XDG_SESSION_CLASS', 'user'), ('TERM', 'xterm-256color'), ('XDG_SESSION_ID', '1'), ('ROS_LOCALHOST_ONLY', '0'), ('PATH', '/home/cricchetto/.local/bin:/opt/ros/humble/bin:/usr/local/sbin:/usr/local/bin:/usr/sbin:/usr/bin:/sbin:/bin:/usr/games:/usr/local/games:/snap/bin:/home/cricchettoSD/.local/bin'), ('LC_ADDRESS', 'es_AR.UTF-8'), ('XDG_RUNTIME_DIR', '/run/user/1000'), ('DISPLAY', 'localhost:10.0'), ('LANG', 'en_US.UTF-8'), ('LC_TELEPHONE', 'es_AR.UTF-8'), ('LS_COLORS', 'rs=0:di=01;34:ln=01;36:mh=00:pi=40;33:so=01;35:do=01;35:bd=40;33;01:cd=40;33;01:or=40;31;01:mi=00:su=37;41:sg=30;43:ca=30;41:tw=30;42:ow=34;42:st=37;44:ex=01;32:*.tar=01;31:*.tgz=01;31:*.arc=01;31:*.arj=01;31:*.taz=01;31:*.lha=01;31:*.lz4=01;31:*.lzh=01;31:*.lzma=01;31:*.tlz=01;31:*.txz=01;31:*.tzo=01;31:*.t7z=01;31:*.zip=01;31:*.z=01;31:*.dz=01;31:*.gz=01;31:*.lrz=01;31:*.lz=01;31:*.lzo=01;31:*.xz=01;31:*.zst=01;31:*.tzst=01;31:*.bz2=01;31:*.bz=01;31:*.tbz=01;31:*.tbz2=01;31:*.tz=01;31:*.deb=01;31:*.rpm=01;31:*.jar=01;31:*.war=01;31:*.ear=01;31:*.sar=01;31:*.rar=01;31:*.alz=01;31:*.ace=01;31:*.zoo=01;31:*.cpio=01;31:*.7z=01;31:*.rz=01;31:*.cab=01;31:*.wim=01;31:*.swm=01;31:*.dwm=01;31:*.esd=01;31:*.jpg=01;35:*.jpeg=01;35:*.mjpg=01;35:*.mjpeg=01;35:*.gif=01;35:*.bmp=01;35:*.pbm=01;35:*.pgm=01;35:*.ppm=01;35:*.tga=01;35:*.xbm=01;35:*.xpm=01;35:*.tif=01;35:*.tiff=01;35:*.png=01;35:*.svg=01;35:*.svgz=01;35:*.mng=01;35:*.pcx=01;35:*.mov=01;35:*.mpg=01;35:*.mpeg=01;35:*.m2v=01;35:*.mkv=01;35:*.webm=01;35:*.webp=01;35:*.ogm=01;35:*.mp4=01;35:*.m4v=01;35:*.mp4v=01;35:*.vob=01;35:*.qt=01;35:*.nuv=01;35:*.wmv=01;35:*.asf=01;35:*.rm=01;35:*.rmvb=01;35:*.flc=01;35:*.avi=01;35:*.fli=01;35:*.flv=01;35:*.gl=01;35:*.dl=01;35:*.xcf=01;35:*.xwd=01;35:*.yuv=01;35:*.cgm=01;35:*.emf=01;35:*.ogv=01;35:*.ogx=01;35:*.aac=00;36:*.au=00;36:*.flac=00;36:*.m4a=00;36:*.mid=00;36:*.midi=00;36:*.mka=00;36:*.mp3=00;36:*.mpc=00;36:*.ogg=00;36:*.ra=00;36:*.wav=00;36:*.oga=00;36:*.opus=00;36:*.spx=00;36:*.xspf=00;36:'), ('AMENT_PREFIX_PATH', '/home/cricchetto/Robomaster_WS/install/sllidar_ros2:/home/cricchetto/Robomaster_WS/install/robomaster_ros:/home/cricchetto/Robomaster_WS/install/robomaster_msgs:/home/cricchetto/Robomaster_WS/install/robomaster_description:/home/cricchetto/Robomaster_WS/install/dwb_msgs:/home/cricchetto/Robomaster_WS/install/nav_2d_msgs:/home/cricchetto/Robomaster_WS/install/nav2_voxel_grid:/home/cricchetto/Robomaster_WS/install/nav2_simple_commander:/home/cricchetto/Robomaster_WS/install/explore_lite:/home/cricchetto/Robomaster_WS/install/nav2_msgs:/home/cricchetto/Robomaster_WS/install/nav2_common:/home/cricchetto/Robomaster_WS/install/multirobot_map_merge:/home/cricchetto/Robomaster_WS/install/ep_control:/home/cricchetto/Robomaster_WS/install/drift:/opt/ros/humble'), ('SHELL', '/bin/bash'), ('LC_NAME', 'es_AR.UTF-8'), ('LESSCLOSE', '/usr/bin/lesspipe %s %s'), ('LC_MEASUREMENT', 'es_AR.UTF-8'), ('LC_IDENTIFICATION', 'es_AR.UTF-8'), ('PWD', '/home/cricchetto/Robomaster_WS/build/sllidar_ros2'), ('LC_ALL', 'en_US.UTF-8'), ('SSH_CONNECTION', '172.18.147.201 58490 172.18.147.143 22'), ('PYTHONPATH', '/home/cricchetto/Robomaster_WS/install/robomaster_ros/lib/python3.10/site-packages:/home/cricchetto/Robomaster_WS/install/robomaster_msgs/local/lib/python3.10/dist-packages:/home/cricchetto/Robomaster_WS/install/dwb_msgs/local/lib/python3.10/dist-packages:/home/cricchetto/Robomaster_WS/install/nav_2d_msgs/local/lib/python3.10/dist-packages:/home/cricchetto/Robomaster_WS/install/nav2_simple_commander/lib/python3.10/site-packages:/home/cricchetto/Robomaster_WS/install/nav2_msgs/local/lib/python3.10/dist-packages:/home/cricchetto/Robomaster_WS/install/nav2_common/local/lib/python3.10/dist-packages:/home/cricchetto/Robomaster_WS/install/ep_control/lib/python3.10/site-packages:/home/cricchetto/Robomaster_WS/install/drift/lib/python3.10/site-packages:/opt/ros/humble/lib/python3.10/site-packages:/opt/ros/humble/local/lib/python3.10/dist-packages'), ('LC_NUMERIC', 'es_AR.UTF-8'), ('LC_PAPER', 'es_AR.UTF-8'), ('COLCON', '1'), ('CMAKE_PREFIX_PATH', '/home/cricchetto/Robomaster_WS/install/sllidar_ros2:/home/cricchetto/Robomaster_WS/install/robomaster_msgs:/home/cricchetto/Robomaster_WS/install/robomaster_description:/home/cricchetto/Robomaster_WS/install/dwb_msgs:/home/cricchetto/Robomaster_WS/install/nav_2d_msgs:/home/cricchetto/Robomaster_WS/install/nav2_voxel_grid:/home/cricchetto/Robomaster_WS/install/explore_lite:/home/cricchetto/Robomaster_WS/install/nav2_msgs:/home/cricchetto/Robomaster_WS/install/nav2_common:/home/cricchetto/Robomaster_WS/install/multirobot_map_merge:/home/cricchetto/Robomaster_WS/install/robomaster_ros:/home/cricchetto/Robomaster_WS/install/nav2_simple_commander:/home/cricchetto/Robomaster_WS/install/ep_control:/home/cricchetto/Robomaster_WS/install/drift:/opt/ros/humble')]), 'shell': False}
[7.151993] (drift) CommandEnded: {'returncode': 0}
[7.174924] (-) TimerEvent: {}
[7.190528] (drift) JobEnded: {'identifier': 'drift', 'rc': 0}
[7.197613] (sllidar_ros2) StdoutLine: {'line': b'-- Install configuration: ""\n'}
[7.198427] (sllidar_ros2) StdoutLine: {'line': b'-- Up-to-date: /home/cricchetto/Robomaster_WS/install/sllidar_ros2/share/sllidar_ros2/launch\n'}
[7.200242] (sllidar_ros2) StdoutLine: {'line': b'-- Up-to-date: /home/cricchetto/Robomaster_WS/install/sllidar_ros2/share/sllidar_ros2/launch/view_sllidar_s1_tcp_launch.py\n'}
[7.201536] (sllidar_ros2) StdoutLine: {'line': b'-- Up-to-date: /home/cricchetto/Robomaster_WS/install/sllidar_ros2/share/sllidar_ros2/launch/sllidar_a2m12_launch .py\n'}
[7.202987] (sllidar_ros2) StdoutLine: {'line': b'-- Up-to-date: /home/cricchetto/Robomaster_WS/install/sllidar_ros2/share/sllidar_ros2/launch/view_sllidar_s1_launch.py\n'}
[7.210963] (sllidar_ros2) StdoutLine: {'line': b'-- Up-to-date: /home/cricchetto/Robomaster_WS/install/sllidar_ros2/share/sllidar_ros2/launch/sllidar_s3_launch.py\n'}
[7.213422] (sllidar_ros2) StdoutLine: {'line': b'-- Up-to-date: /home/cricchetto/Robomaster_WS/install/sllidar_ros2/share/sllidar_ros2/launch/view_sllidar_a2m7_launch.py\n'}
[7.214944] (sllidar_ros2) StdoutLine: {'line': b'-- Up-to-date: /home/cricchetto/Robomaster_WS/install/sllidar_ros2/share/sllidar_ros2/launch/sllidar_a2m8_launch.py\n'}
[7.217552] (sllidar_ros2) StdoutLine: {'line': b'-- Up-to-date: /home/cricchetto/Robomaster_WS/install/sllidar_ros2/share/sllidar_ros2/launch/view_sllidar_s2_launch.py\n'}
[7.221083] (sllidar_ros2) StdoutLine: {'line': b'-- Up-to-date: /home/cricchetto/Robomaster_WS/install/sllidar_ros2/share/sllidar_ros2/launch/view_sllidar_s2e_launch.py\n'}
[7.222704] (sllidar_ros2) StdoutLine: {'line': b'-- Up-to-date: /home/cricchetto/Robomaster_WS/install/sllidar_ros2/share/sllidar_ros2/launch/view_sllidar_a2m12_launch.py\n'}
[7.223527] (sllidar_ros2) StdoutLine: {'line': b'-- Up-to-date: /home/cricchetto/Robomaster_WS/install/sllidar_ros2/share/sllidar_ros2/launch/sllidar_s1_launch.py\n'}
[7.224148] (sllidar_ros2) StdoutLine: {'line': b'-- Up-to-date: /home/cricchetto/Robomaster_WS/install/sllidar_ros2/share/sllidar_ros2/launch/view_sllidar_s3_launch.py\n'}
[7.225082] (sllidar_ros2) StdoutLine: {'line': b'-- Up-to-date: /home/cricchetto/Robomaster_WS/install/sllidar_ros2/share/sllidar_ros2/launch/view_sllidar_a2m8_launch.py\n'}
[7.225625] (sllidar_ros2) StdoutLine: {'line': b'-- Up-to-date: /home/cricchetto/Robomaster_WS/install/sllidar_ros2/share/sllidar_ros2/launch/view_sllidar_t1_launch.py\n'}
[7.226176] (sllidar_ros2) StdoutLine: {'line': b'-- Up-to-date: /home/cricchetto/Robomaster_WS/install/sllidar_ros2/share/sllidar_ros2/launch/view_sllidar_a1_launch.py\n'}
[7.227052] (sllidar_ros2) StdoutLine: {'line': b'-- Up-to-date: /home/cricchetto/Robomaster_WS/install/sllidar_ros2/share/sllidar_ros2/launch/sllidar_s2_launch.py\n'}
[7.227850] (sllidar_ros2) StdoutLine: {'line': b'-- Up-to-date: /home/cricchetto/Robomaster_WS/install/sllidar_ros2/share/sllidar_ros2/launch/sllidar_t1_launch.py\n'}
[7.228679] (sllidar_ros2) StdoutLine: {'line': b'-- Up-to-date: /home/cricchetto/Robomaster_WS/install/sllidar_ros2/share/sllidar_ros2/launch/sllidar_a1_launch.py\n'}
[7.229789] (sllidar_ros2) StdoutLine: {'line': b'-- Up-to-date: /home/cricchetto/Robomaster_WS/install/sllidar_ros2/share/sllidar_ros2/launch/sllidar_c1_launch.py\n'}
[7.230494] (sllidar_ros2) StdoutLine: {'line': b'-- Up-to-date: /home/cricchetto/Robomaster_WS/install/sllidar_ros2/share/sllidar_ros2/launch/view_sllidar_c1_launch.py\n'}
[7.231325] (sllidar_ros2) StdoutLine: {'line': b'-- Up-to-date: /home/cricchetto/Robomaster_WS/install/sllidar_ros2/share/sllidar_ros2/launch/view_sllidar_a3_launch.py\n'}
[7.232055] (sllidar_ros2) StdoutLine: {'line': b'-- Up-to-date: /home/cricchetto/Robomaster_WS/install/sllidar_ros2/share/sllidar_ros2/launch/sllidar_s1_tcp_launch.py\n'}
[7.232607] (sllidar_ros2) StdoutLine: {'line': b'-- Up-to-date: /home/cricchetto/Robomaster_WS/install/sllidar_ros2/share/sllidar_ros2/launch/sllidar_a2m7_launch.py\n'}
[7.233386] (sllidar_ros2) StdoutLine: {'line': b'-- Up-to-date: /home/cricchetto/Robomaster_WS/install/sllidar_ros2/share/sllidar_ros2/launch/sllidar_a3_launch.py\n'}
[7.234402] (sllidar_ros2) StdoutLine: {'line': b'-- Up-to-date: /home/cricchetto/Robomaster_WS/install/sllidar_ros2/share/sllidar_ros2/launch/sllidar_s2e_launch.py\n'}
[7.234985] (sllidar_ros2) StdoutLine: {'line': b'-- Up-to-date: /home/cricchetto/Robomaster_WS/install/sllidar_ros2/share/sllidar_ros2/rviz\n'}
[7.235626] (sllidar_ros2) StdoutLine: {'line': b'-- Up-to-date: /home/cricchetto/Robomaster_WS/install/sllidar_ros2/share/sllidar_ros2/rviz/sllidar_ros2.rviz\n'}
[7.236058] (sllidar_ros2) StdoutLine: {'line': b'-- Up-to-date: /home/cricchetto/Robomaster_WS/install/sllidar_ros2/lib/sllidar_ros2/sllidar_node\n'}
[7.236593] (sllidar_ros2) StdoutLine: {'line': b'-- Up-to-date: /home/cricchetto/Robomaster_WS/install/sllidar_ros2/lib/sllidar_ros2/sllidar_client\n'}
[7.237199] (sllidar_ros2) StdoutLine: {'line': b'-- Up-to-date: /home/cricchetto/Robomaster_WS/install/sllidar_ros2/share/ament_index/resource_index/package_run_dependencies/sllidar_ros2\n'}
[7.237698] (sllidar_ros2) StdoutLine: {'line': b'-- Up-to-date: /home/cricchetto/Robomaster_WS/install/sllidar_ros2/share/ament_index/resource_index/parent_prefix_path/sllidar_ros2\n'}
[7.238099] (sllidar_ros2) StdoutLine: {'line': b'-- Up-to-date: /home/cricchetto/Robomaster_WS/install/sllidar_ros2/share/sllidar_ros2/environment/ament_prefix_path.sh\n'}
[7.238447] (sllidar_ros2) StdoutLine: {'line': b'-- Up-to-date: /home/cricchetto/Robomaster_WS/install/sllidar_ros2/share/sllidar_ros2/environment/ament_prefix_path.dsv\n'}
[7.238778] (sllidar_ros2) StdoutLine: {'line': b'-- Up-to-date: /home/cricchetto/Robomaster_WS/install/sllidar_ros2/share/sllidar_ros2/environment/path.sh\n'}
[7.239142] (sllidar_ros2) StdoutLine: {'line': b'-- Up-to-date: /home/cricchetto/Robomaster_WS/install/sllidar_ros2/share/sllidar_ros2/environment/path.dsv\n'}
[7.239724] (sllidar_ros2) StdoutLine: {'line': b'-- Up-to-date: /home/cricchetto/Robomaster_WS/install/sllidar_ros2/share/sllidar_ros2/local_setup.bash\n'}
[7.240192] (sllidar_ros2) StdoutLine: {'line': b'-- Up-to-date: /home/cricchetto/Robomaster_WS/install/sllidar_ros2/share/sllidar_ros2/local_setup.sh\n'}
[7.242754] (sllidar_ros2) StdoutLine: {'line': b'-- Up-to-date: /home/cricchetto/Robomaster_WS/install/sllidar_ros2/share/sllidar_ros2/local_setup.zsh\n'}
[7.243708] (sllidar_ros2) StdoutLine: {'line': b'-- Up-to-date: /home/cricchetto/Robomaster_WS/install/sllidar_ros2/share/sllidar_ros2/local_setup.dsv\n'}
[7.245108] (sllidar_ros2) StdoutLine: {'line': b'-- Installing: /home/cricchetto/Robomaster_WS/install/sllidar_ros2/share/sllidar_ros2/package.dsv\n'}
[7.245866] (sllidar_ros2) StdoutLine: {'line': b'-- Up-to-date: /home/cricchetto/Robomaster_WS/install/sllidar_ros2/share/ament_index/resource_index/packages/sllidar_ros2\n'}
[7.246482] (sllidar_ros2) StdoutLine: {'line': b'-- Up-to-date: /home/cricchetto/Robomaster_WS/install/sllidar_ros2/share/sllidar_ros2/cmake/ament_cmake_export_dependencies-extras.cmake\n'}
[7.247966] (sllidar_ros2) StdoutLine: {'line': b'-- Up-to-date: /home/cricchetto/Robomaster_WS/install/sllidar_ros2/share/sllidar_ros2/cmake/ament_cmake_export_include_directories-extras.cmake\n'}
[7.249292] (sllidar_ros2) StdoutLine: {'line': b'-- Up-to-date: /home/cricchetto/Robomaster_WS/install/sllidar_ros2/share/sllidar_ros2/cmake/sllidar_ros2Config.cmake\n'}
[7.250238] (sllidar_ros2) StdoutLine: {'line': b'-- Up-to-date: /home/cricchetto/Robomaster_WS/install/sllidar_ros2/share/sllidar_ros2/cmake/sllidar_ros2Config-version.cmake\n'}
[7.251287] (sllidar_ros2) StdoutLine: {'line': b'-- Up-to-date: /home/cricchetto/Robomaster_WS/install/sllidar_ros2/share/sllidar_ros2/package.xml\n'}
[7.252425] (sllidar_ros2) CommandEnded: {'returncode': 0}
[7.275165] (-) TimerEvent: {}
[7.316433] (sllidar_ros2) JobEnded: {'identifier': 'sllidar_ros2', 'rc': 0}
[7.375364] (-) TimerEvent: {}
[7.476085] (-) TimerEvent: {}
[7.576804] (-) TimerEvent: {}
[7.677859] (-) TimerEvent: {}
[7.778566] (-) TimerEvent: {}
[7.879240] (-) TimerEvent: {}
[7.979884] (-) TimerEvent: {}
[8.080564] (-) TimerEvent: {}
[8.181215] (-) TimerEvent: {}
[8.281883] (-) TimerEvent: {}
[8.320140] (ep_control) StdoutLine: {'line': b'running egg_info\n'}
[8.322944] (ep_control) StdoutLine: {'line': b'writing ../../build/ep_control/ep_control.egg-info/PKG-INFO\n'}
[8.324094] (ep_control) StdoutLine: {'line': b'writing dependency_links to ../../build/ep_control/ep_control.egg-info/dependency_links.txt\n'}
[8.325033] (ep_control) StdoutLine: {'line': b'writing entry points to ../../build/ep_control/ep_control.egg-info/entry_points.txt\n'}
[8.325980] (ep_control) StdoutLine: {'line': b'writing requirements to ../../build/ep_control/ep_control.egg-info/requires.txt\n'}
[8.326799] (ep_control) StdoutLine: {'line': b'writing top-level names to ../../build/ep_control/ep_control.egg-info/top_level.txt\n'}
[8.334932] (ep_control) StdoutLine: {'line': b"reading manifest file '../../build/ep_control/ep_control.egg-info/SOURCES.txt'\n"}
[8.338829] (ep_control) StdoutLine: {'line': b"writing manifest file '../../build/ep_control/ep_control.egg-info/SOURCES.txt'\n"}
[8.339583] (ep_control) StdoutLine: {'line': b'running build\n'}
[8.340128] (ep_control) StdoutLine: {'line': b'running build_py\n'}
[8.342687] (ep_control) StdoutLine: {'line': b'running install\n'}
[8.344057] (ep_control) StdoutLine: {'line': b'running install_lib\n'}
[8.359301] (ep_control) StdoutLine: {'line': b'running install_data\n'}
[8.360063] (ep_control) StdoutLine: {'line': b'running install_egg_info\n'}
[8.371259] (ep_control) StdoutLine: {'line': b"removing '/home/cricchetto/Robomaster_WS/install/ep_control/lib/python3.10/site-packages/ep_control-0.0.0-py3.10.egg-info' (and everything under it)\n"}
[8.371956] (ep_control) StdoutLine: {'line': b'Copying ../../build/ep_control/ep_control.egg-info to /home/cricchetto/Robomaster_WS/install/ep_control/lib/python3.10/site-packages/ep_control-0.0.0-py3.10.egg-info\n'}
[8.372480] (ep_control) StdoutLine: {'line': b'running install_scripts\n'}
[8.382195] (-) TimerEvent: {}
[8.464590] (ep_control) StdoutLine: {'line': b'Installing gripper_state script to /home/cricchetto/Robomaster_WS/install/ep_control/lib/ep_control\n'}
[8.465910] (ep_control) StdoutLine: {'line': b'Installing joy_reader script to /home/cricchetto/Robomaster_WS/install/ep_control/lib/ep_control\n'}
[8.468018] (ep_control) StdoutLine: {'line': b'Installing joy_to_arm script to /home/cricchetto/Robomaster_WS/install/ep_control/lib/ep_control\n'}
[8.470790] (ep_control) StdoutLine: {'line': b"writing list of installed files to '/home/cricchetto/Robomaster_WS/build/ep_control/install.log'\n"}
[8.482445] (-) TimerEvent: {}
[8.583614] (-) TimerEvent: {}
[8.606114] (ep_control) CommandEnded: {'returncode': 0}
[8.640229] (ep_control) JobEnded: {'identifier': 'ep_control', 'rc': 0}
[8.683742] (-) TimerEvent: {}
[8.784287] (-) TimerEvent: {}
[8.885074] (-) TimerEvent: {}
[8.990675] (robomaster_ros) Command: {'cmd': ['/usr/bin/python3', '-W', 'ignore:setup.py install is deprecated', '-W', 'ignore:easy_install command is deprecated', 'setup.py', 'egg_info', '--egg-base', '../../../build/robomaster_ros', 'build', '--build-base', '/home/cricchetto/Robomaster_WS/build/robomaster_ros/build', 'install', '--record', '/home/cricchetto/Robomaster_WS/build/robomaster_ros/install.log', '--single-version-externally-managed', 'install_data'], 'cwd': '/home/cricchetto/Robomaster_WS/src/robomaster_ros/robomaster_ros', 'env': {'LESSOPEN': '| /usr/bin/lesspipe %s', 'USER': 'cricchetto', 'SSH_CLIENT': '172.18.147.201 58490 22', 'LC_TIME': 'es_AR.UTF-8', 'XDG_SESSION_TYPE': 'tty', 'SHLVL': '2', 'LD_LIBRARY_PATH': '/home/cricchetto/Robomaster_WS/install/robomaster_msgs/lib:/home/cricchetto/Robomaster_WS/install/dwb_msgs/lib:/home/cricchetto/Robomaster_WS/install/nav_2d_msgs/lib:/home/cricchetto/Robomaster_WS/install/nav2_voxel_grid/lib:/home/cricchetto/Robomaster_WS/install/nav2_msgs/lib:/home/cricchetto/Robomaster_WS/install/multirobot_map_merge/lib:/opt/ros/humble/opt/rviz_ogre_vendor/lib:/opt/ros/humble/lib/aarch64-linux-gnu:/opt/ros/humble/lib', 'MOTD_SHOWN': 'pam', 'HOME': '/home/cricchetto', 'OLDPWD': '/home/cricchetto', 'SSH_TTY': '/dev/pts/0', 'ROS_PYTHON_VERSION': '3', 'LC_MONETARY': 'es_AR.UTF-8', 'DBUS_SESSION_BUS_ADDRESS': 'unix:path=/run/user/1000/bus', 'COLCON_PREFIX_PATH': '/home/cricchetto/Robomaster_WS/install', 'ROS_DISTRO': 'humble', 'LOGNAME': 'cricchetto', '_': '/usr/bin/colcon', 'ROS_VERSION': '2', 'XDG_SESSION_CLASS': 'user', 'TERM': 'xterm-256color', 'XDG_SESSION_ID': '1', 'ROS_LOCALHOST_ONLY': '0', 'PATH': '/home/cricchetto/.local/bin:/opt/ros/humble/bin:/usr/local/sbin:/usr/local/bin:/usr/sbin:/usr/bin:/sbin:/bin:/usr/games:/usr/local/games:/snap/bin:/home/cricchettoSD/.local/bin', 'LC_ADDRESS': 'es_AR.UTF-8', 'XDG_RUNTIME_DIR': '/run/user/1000', 'DISPLAY': 'localhost:10.0', 'LANG': 'en_US.UTF-8', 'LC_TELEPHONE': 'es_AR.UTF-8', 'LS_COLORS': 'rs=0:di=01;34:ln=01;36:mh=00:pi=40;33:so=01;35:do=01;35:bd=40;33;01:cd=40;33;01:or=40;31;01:mi=00:su=37;41:sg=30;43:ca=30;41:tw=30;42:ow=34;42:st=37;44:ex=01;32:*.tar=01;31:*.tgz=01;31:*.arc=01;31:*.arj=01;31:*.taz=01;31:*.lha=01;31:*.lz4=01;31:*.lzh=01;31:*.lzma=01;31:*.tlz=01;31:*.txz=01;31:*.tzo=01;31:*.t7z=01;31:*.zip=01;31:*.z=01;31:*.dz=01;31:*.gz=01;31:*.lrz=01;31:*.lz=01;31:*.lzo=01;31:*.xz=01;31:*.zst=01;31:*.tzst=01;31:*.bz2=01;31:*.bz=01;31:*.tbz=01;31:*.tbz2=01;31:*.tz=01;31:*.deb=01;31:*.rpm=01;31:*.jar=01;31:*.war=01;31:*.ear=01;31:*.sar=01;31:*.rar=01;31:*.alz=01;31:*.ace=01;31:*.zoo=01;31:*.cpio=01;31:*.7z=01;31:*.rz=01;31:*.cab=01;31:*.wim=01;31:*.swm=01;31:*.dwm=01;31:*.esd=01;31:*.jpg=01;35:*.jpeg=01;35:*.mjpg=01;35:*.mjpeg=01;35:*.gif=01;35:*.bmp=01;35:*.pbm=01;35:*.pgm=01;35:*.ppm=01;35:*.tga=01;35:*.xbm=01;35:*.xpm=01;35:*.tif=01;35:*.tiff=01;35:*.png=01;35:*.svg=01;35:*.svgz=01;35:*.mng=01;35:*.pcx=01;35:*.mov=01;35:*.mpg=01;35:*.mpeg=01;35:*.m2v=01;35:*.mkv=01;35:*.webm=01;35:*.webp=01;35:*.ogm=01;35:*.mp4=01;35:*.m4v=01;35:*.mp4v=01;35:*.vob=01;35:*.qt=01;35:*.nuv=01;35:*.wmv=01;35:*.asf=01;35:*.rm=01;35:*.rmvb=01;35:*.flc=01;35:*.avi=01;35:*.fli=01;35:*.flv=01;35:*.gl=01;35:*.dl=01;35:*.xcf=01;35:*.xwd=01;35:*.yuv=01;35:*.cgm=01;35:*.emf=01;35:*.ogv=01;35:*.ogx=01;35:*.aac=00;36:*.au=00;36:*.flac=00;36:*.m4a=00;36:*.mid=00;36:*.midi=00;36:*.mka=00;36:*.mp3=00;36:*.mpc=00;36:*.ogg=00;36:*.ra=00;36:*.wav=00;36:*.oga=00;36:*.opus=00;36:*.spx=00;36:*.xspf=00;36:', 'AMENT_PREFIX_PATH': '/home/cricchetto/Robomaster_WS/install/sllidar_ros2:/home/cricchetto/Robomaster_WS/install/robomaster_ros:/home/cricchetto/Robomaster_WS/install/robomaster_msgs:/home/cricchetto/Robomaster_WS/install/robomaster_description:/home/cricchetto/Robomaster_WS/install/dwb_msgs:/home/cricchetto/Robomaster_WS/install/nav_2d_msgs:/home/cricchetto/Robomaster_WS/install/nav2_voxel_grid:/home/cricchetto/Robomaster_WS/install/nav2_simple_commander:/home/cricchetto/Robomaster_WS/install/explore_lite:/home/cricchetto/Robomaster_WS/install/nav2_msgs:/home/cricchetto/Robomaster_WS/install/nav2_common:/home/cricchetto/Robomaster_WS/install/multirobot_map_merge:/home/cricchetto/Robomaster_WS/install/ep_control:/home/cricchetto/Robomaster_WS/install/drift:/opt/ros/humble', 'SHELL': '/bin/bash', 'LC_NAME': 'es_AR.UTF-8', 'LESSCLOSE': '/usr/bin/lesspipe %s %s', 'LC_MEASUREMENT': 'es_AR.UTF-8', 'LC_IDENTIFICATION': 'es_AR.UTF-8', 'PWD': '/home/cricchetto/Robomaster_WS/build/robomaster_ros', 'LC_ALL': 'en_US.UTF-8', 'SSH_CONNECTION': '172.18.147.201 58490 172.18.147.143 22', 'PYTHONPATH': '/home/cricchetto/Robomaster_WS/build/robomaster_ros/prefix_override:/usr/lib/python3/dist-packages/colcon_core/task/python/colcon_distutils_commands:/home/cricchetto/Robomaster_WS/install/robomaster_ros/lib/python3.10/site-packages:/home/cricchetto/Robomaster_WS/install/robomaster_ros/lib/python3.10/site-packages:/home/cricchetto/Robomaster_WS/install/robomaster_msgs/local/lib/python3.10/dist-packages:/home/cricchetto/Robomaster_WS/install/dwb_msgs/local/lib/python3.10/dist-packages:/home/cricchetto/Robomaster_WS/install/nav_2d_msgs/local/lib/python3.10/dist-packages:/home/cricchetto/Robomaster_WS/install/nav2_simple_commander/lib/python3.10/site-packages:/home/cricchetto/Robomaster_WS/install/nav2_msgs/local/lib/python3.10/dist-packages:/home/cricchetto/Robomaster_WS/install/nav2_common/local/lib/python3.10/dist-packages:/home/cricchetto/Robomaster_WS/install/ep_control/lib/python3.10/site-packages:/home/cricchetto/Robomaster_WS/install/drift/lib/python3.10/site-packages:/opt/ros/humble/lib/python3.10/site-packages:/opt/ros/humble/local/lib/python3.10/dist-packages', 'LC_NUMERIC': 'es_AR.UTF-8', 'LC_PAPER': 'es_AR.UTF-8', 'COLCON': '1', 'CMAKE_PREFIX_PATH': '/home/cricchetto/Robomaster_WS/install/robomaster_msgs:/home/cricchetto/Robomaster_WS/install/sllidar_ros2:/home/cricchetto/Robomaster_WS/install/robomaster_description:/home/cricchetto/Robomaster_WS/install/dwb_msgs:/home/cricchetto/Robomaster_WS/install/nav_2d_msgs:/home/cricchetto/Robomaster_WS/install/nav2_voxel_grid:/home/cricchetto/Robomaster_WS/install/explore_lite:/home/cricchetto/Robomaster_WS/install/nav2_msgs:/home/cricchetto/Robomaster_WS/install/nav2_common:/home/cricchetto/Robomaster_WS/install/multirobot_map_merge'}, 'shell': False}
[8.995219] (-) TimerEvent: {}
[9.095852] (-) TimerEvent: {}
[9.196443] (-) TimerEvent: {}
[9.297105] (-) TimerEvent: {}
[9.397826] (-) TimerEvent: {}
[9.498414] (-) TimerEvent: {}
[9.599000] (-) TimerEvent: {}
[9.699625] (-) TimerEvent: {}
[9.800197] (-) TimerEvent: {}
[9.900806] (-) TimerEvent: {}
[10.001421] (-) TimerEvent: {}
[10.025321] (robomaster_ros) StdoutLine: {'line': b'running egg_info\n'}
[10.027982] (robomaster_ros) StdoutLine: {'line': b'writing ../../../build/robomaster_ros/robomaster_ros.egg-info/PKG-INFO\n'}
[10.029083] (robomaster_ros) StdoutLine: {'line': b'writing dependency_links to ../../../build/robomaster_ros/robomaster_ros.egg-info/dependency_links.txt\n'}
[10.030104] (robomaster_ros) StdoutLine: {'line': b'writing entry points to ../../../build/robomaster_ros/robomaster_ros.egg-info/entry_points.txt\n'}
[10.030975] (robomaster_ros) StdoutLine: {'line': b'writing requirements to ../../../build/robomaster_ros/robomaster_ros.egg-info/requires.txt\n'}
[10.031747] (robomaster_ros) StdoutLine: {'line': b'writing top-level names to ../../../build/robomaster_ros/robomaster_ros.egg-info/top_level.txt\n'}
[10.042127] (robomaster_ros) StdoutLine: {'line': b"reading manifest file '../../../build/robomaster_ros/robomaster_ros.egg-info/SOURCES.txt'\n"}
[10.049134] (robomaster_ros) StdoutLine: {'line': b"writing manifest file '../../../build/robomaster_ros/robomaster_ros.egg-info/SOURCES.txt'\n"}
[10.049720] (robomaster_ros) StdoutLine: {'line': b'running build\n'}
[10.050173] (robomaster_ros) StdoutLine: {'line': b'running build_py\n'}
[10.061713] (robomaster_ros) StdoutLine: {'line': b'running install\n'}
[10.062858] (robomaster_ros) StdoutLine: {'line': b'running install_lib\n'}
[10.080680] (robomaster_ros) StdoutLine: {'line': b'running install_data\n'}
[10.085207] (robomaster_ros) StdoutLine: {'line': b'running install_egg_info\n'}
[10.092568] (robomaster_ros) StdoutLine: {'line': b"removing '/home/cricchetto/Robomaster_WS/install/robomaster_ros/lib/python3.10/site-packages/robomaster_ros-0.0.0-py3.10.egg-info' (and everything under it)\n"}
[10.094262] (robomaster_ros) StdoutLine: {'line': b'Copying ../../../build/robomaster_ros/robomaster_ros.egg-info to /home/cricchetto/Robomaster_WS/install/robomaster_ros/lib/python3.10/site-packages/robomaster_ros-0.0.0-py3.10.egg-info\n'}
[10.099536] (robomaster_ros) StdoutLine: {'line': b'running install_scripts\n'}
[10.101560] (-) TimerEvent: {}
[10.182217] (robomaster_ros) StdoutLine: {'line': b'Installing connect script to /home/cricchetto/Robomaster_WS/install/robomaster_ros/lib/robomaster_ros\n'}
[10.183133] (robomaster_ros) StdoutLine: {'line': b'Installing discover script to /home/cricchetto/Robomaster_WS/install/robomaster_ros/lib/robomaster_ros\n'}
[10.184206] (robomaster_ros) StdoutLine: {'line': b'Installing display_battery script to /home/cricchetto/Robomaster_WS/install/robomaster_ros/lib/robomaster_ros\n'}
[10.185116] (robomaster_ros) StdoutLine: {'line': b'Installing h264_decoder script to /home/cricchetto/Robomaster_WS/install/robomaster_ros/lib/robomaster_ros\n'}
[10.185990] (robomaster_ros) StdoutLine: {'line': b'Installing move script to /home/cricchetto/Robomaster_WS/install/robomaster_ros/lib/robomaster_ros\n'}
[10.186865] (robomaster_ros) StdoutLine: {'line': b'Installing play_audio script to /home/cricchetto/Robomaster_WS/install/robomaster_ros/lib/robomaster_ros\n'}
[10.187765] (robomaster_ros) StdoutLine: {'line': b'Installing play_opus script to /home/cricchetto/Robomaster_WS/install/robomaster_ros/lib/robomaster_ros\n'}
[10.188639] (robomaster_ros) StdoutLine: {'line': b'Installing robomaster_driver script to /home/cricchetto/Robomaster_WS/install/robomaster_ros/lib/robomaster_ros\n'}
[10.189515] (robomaster_ros) StdoutLine: {'line': b'Installing state_publisher script to /home/cricchetto/Robomaster_WS/install/robomaster_ros/lib/robomaster_ros\n'}
[10.193749] (robomaster_ros) StdoutLine: {'line': b"writing list of installed files to '/home/cricchetto/Robomaster_WS/build/robomaster_ros/install.log'\n"}
[10.201809] (-) TimerEvent: {}
[10.302985] (-) TimerEvent: {}
[10.311535] (robomaster_ros) CommandEnded: {'returncode': 0}
[10.344638] (robomaster_ros) JobEnded: {'identifier': 'robomaster_ros', 'rc': 0}
[10.347688] (-) EventReactorShutdown: {}
