[0.446s] DEBUG:colcon:Command line arguments: ['/usr/bin/colcon', 'build']
[0.447s] DEBUG:colcon:Parsed command line arguments: Namespace(log_base=None, log_level=None, verb_name='build', build_base='build', install_base='install', merge_install=False, symlink_install=False, test_result_base=None, continue_on_error=False, executor='parallel', parallel_workers=4, event_handlers=None, ignore_user_meta=False, metas=['./colcon.meta'], base_paths=['.'], packages_ignore=None, packages_ignore_regex=None, paths=None, packages_up_to=None, packages_up_to_regex=None, packages_above=None, packages_above_and_dependencies=None, packages_above_depth=None, packages_select_by_dep=None, packages_skip_by_dep=None, packages_skip_up_to=None, packages_select_build_failed=False, packages_skip_build_finished=False, packages_select_test_failures=False, packages_skip_test_passed=False, packages_select=None, packages_skip=None, packages_select_regex=None, packages_skip_regex=None, packages_start=None, packages_end=None, allow_overriding=[], cmake_args=None, cmake_target=None, cmake_target_skip_unavailable=False, cmake_clean_cache=False, cmake_clean_first=False, cmake_force_configure=False, ament_cmake_args=None, catkin_cmake_args=None, catkin_skip_building_tests=False, verb_parser=<colcon_defaults.argument_parser.defaults.DefaultArgumentsDecorator object at 0xffffa5d8bf40>, verb_extension=<colcon_core.verb.build.BuildVerb object at 0xffffa5eb93f0>, main=<bound method BuildVerb.main of <colcon_core.verb.build.BuildVerb object at 0xffffa5eb93f0>>)
[1.149s] Level 1:colcon.colcon_core.package_discovery:discover_packages(colcon_meta) check parameters
[1.149s] Level 1:colcon.colcon_core.package_discovery:discover_packages(recursive) check parameters
[1.149s] Level 1:colcon.colcon_core.package_discovery:discover_packages(ignore) check parameters
[1.149s] Level 1:colcon.colcon_core.package_discovery:discover_packages(path) check parameters
[1.149s] Level 1:colcon.colcon_core.package_discovery:discover_packages(colcon_meta) discover
[1.150s] Level 1:colcon.colcon_core.package_discovery:discover_packages(recursive) discover
[1.150s] INFO:colcon.colcon_core.package_discovery:Crawling recursively for packages in '/home/cricchetto/Robomaster_WS'
[1.150s] Level 1:colcon.colcon_core.package_identification:_identify(.) by extensions ['ignore', 'ignore_ament_install']
[1.151s] Level 1:colcon.colcon_core.package_identification:_identify(.) by extension 'ignore'
[1.151s] Level 1:colcon.colcon_core.package_identification:_identify(.) by extension 'ignore_ament_install'
[1.151s] Level 1:colcon.colcon_core.package_identification:_identify(.) by extensions ['colcon_pkg']
[1.151s] Level 1:colcon.colcon_core.package_identification:_identify(.) by extension 'colcon_pkg'
[1.151s] Level 1:colcon.colcon_core.package_identification:_identify(.) by extensions ['colcon_meta']
[1.151s] Level 1:colcon.colcon_core.package_identification:_identify(.) by extension 'colcon_meta'
[1.152s] Level 1:colcon.colcon_core.package_identification:_identify(.) by extensions ['ros']
[1.152s] Level 1:colcon.colcon_core.package_identification:_identify(.) by extension 'ros'
[1.201s] Level 1:colcon.colcon_core.package_identification:_identify(.) by extensions ['cmake', 'python']
[1.201s] Level 1:colcon.colcon_core.package_identification:_identify(.) by extension 'cmake'
[1.201s] Level 1:colcon.colcon_core.package_identification:_identify(.) by extension 'python'
[1.201s] Level 1:colcon.colcon_core.package_identification:_identify(.) by extensions ['python_setup_py']
[1.201s] Level 1:colcon.colcon_core.package_identification:_identify(.) by extension 'python_setup_py'
[1.202s] Level 1:colcon.colcon_core.package_identification:_identify(build) by extensions ['ignore', 'ignore_ament_install']
[1.202s] Level 1:colcon.colcon_core.package_identification:_identify(build) by extension 'ignore'
[1.202s] Level 1:colcon.colcon_core.package_identification:_identify(build) ignored
[1.203s] Level 1:colcon.colcon_core.package_identification:_identify(install) by extensions ['ignore', 'ignore_ament_install']
[1.204s] Level 1:colcon.colcon_core.package_identification:_identify(install) by extension 'ignore'
[1.204s] Level 1:colcon.colcon_core.package_identification:_identify(install) ignored
[1.205s] Level 1:colcon.colcon_core.package_identification:_identify(log) by extensions ['ignore', 'ignore_ament_install']
[1.205s] Level 1:colcon.colcon_core.package_identification:_identify(log) by extension 'ignore'
[1.205s] Level 1:colcon.colcon_core.package_identification:_identify(log) ignored
[1.205s] Level 1:colcon.colcon_core.package_identification:_identify(maps) by extensions ['ignore', 'ignore_ament_install']
[1.206s] Level 1:colcon.colcon_core.package_identification:_identify(maps) by extension 'ignore'
[1.206s] Level 1:colcon.colcon_core.package_identification:_identify(maps) by extension 'ignore_ament_install'
[1.206s] Level 1:colcon.colcon_core.package_identification:_identify(maps) by extensions ['colcon_pkg']
[1.206s] Level 1:colcon.colcon_core.package_identification:_identify(maps) by extension 'colcon_pkg'
[1.206s] Level 1:colcon.colcon_core.package_identification:_identify(maps) by extensions ['colcon_meta']
[1.206s] Level 1:colcon.colcon_core.package_identification:_identify(maps) by extension 'colcon_meta'
[1.207s] Level 1:colcon.colcon_core.package_identification:_identify(maps) by extensions ['ros']
[1.207s] Level 1:colcon.colcon_core.package_identification:_identify(maps) by extension 'ros'
[1.207s] Level 1:colcon.colcon_core.package_identification:_identify(maps) by extensions ['cmake', 'python']
[1.207s] Level 1:colcon.colcon_core.package_identification:_identify(maps) by extension 'cmake'
[1.207s] Level 1:colcon.colcon_core.package_identification:_identify(maps) by extension 'python'
[1.207s] Level 1:colcon.colcon_core.package_identification:_identify(maps) by extensions ['python_setup_py']
[1.208s] Level 1:colcon.colcon_core.package_identification:_identify(maps) by extension 'python_setup_py'
[1.208s] Level 1:colcon.colcon_core.package_identification:_identify(sound) by extensions ['ignore', 'ignore_ament_install']
[1.208s] Level 1:colcon.colcon_core.package_identification:_identify(sound) by extension 'ignore'
[1.208s] Level 1:colcon.colcon_core.package_identification:_identify(sound) by extension 'ignore_ament_install'
[1.209s] Level 1:colcon.colcon_core.package_identification:_identify(sound) by extensions ['colcon_pkg']
[1.209s] Level 1:colcon.colcon_core.package_identification:_identify(sound) by extension 'colcon_pkg'
[1.209s] Level 1:colcon.colcon_core.package_identification:_identify(sound) by extensions ['colcon_meta']
[1.209s] Level 1:colcon.colcon_core.package_identification:_identify(sound) by extension 'colcon_meta'
[1.209s] Level 1:colcon.colcon_core.package_identification:_identify(sound) by extensions ['ros']
[1.209s] Level 1:colcon.colcon_core.package_identification:_identify(sound) by extension 'ros'
[1.210s] Level 1:colcon.colcon_core.package_identification:_identify(sound) by extensions ['cmake', 'python']
[1.210s] Level 1:colcon.colcon_core.package_identification:_identify(sound) by extension 'cmake'
[1.210s] Level 1:colcon.colcon_core.package_identification:_identify(sound) by extension 'python'
[1.210s] Level 1:colcon.colcon_core.package_identification:_identify(sound) by extensions ['python_setup_py']
[1.210s] Level 1:colcon.colcon_core.package_identification:_identify(sound) by extension 'python_setup_py'
[1.211s] Level 1:colcon.colcon_core.package_identification:_identify(src) by extensions ['ignore', 'ignore_ament_install']
[1.211s] Level 1:colcon.colcon_core.package_identification:_identify(src) by extension 'ignore'
[1.211s] Level 1:colcon.colcon_core.package_identification:_identify(src) by extension 'ignore_ament_install'
[1.211s] Level 1:colcon.colcon_core.package_identification:_identify(src) by extensions ['colcon_pkg']
[1.211s] Level 1:colcon.colcon_core.package_identification:_identify(src) by extension 'colcon_pkg'
[1.211s] Level 1:colcon.colcon_core.package_identification:_identify(src) by extensions ['colcon_meta']
[1.212s] Level 1:colcon.colcon_core.package_identification:_identify(src) by extension 'colcon_meta'
[1.212s] Level 1:colcon.colcon_core.package_identification:_identify(src) by extensions ['ros']
[1.212s] Level 1:colcon.colcon_core.package_identification:_identify(src) by extension 'ros'
[1.212s] Level 1:colcon.colcon_core.package_identification:_identify(src) by extensions ['cmake', 'python']
[1.212s] Level 1:colcon.colcon_core.package_identification:_identify(src) by extension 'cmake'
[1.213s] Level 1:colcon.colcon_core.package_identification:_identify(src) by extension 'python'
[1.213s] Level 1:colcon.colcon_core.package_identification:_identify(src) by extensions ['python_setup_py']
[1.213s] Level 1:colcon.colcon_core.package_identification:_identify(src) by extension 'python_setup_py'
[1.213s] Level 1:colcon.colcon_core.package_identification:_identify(src/build) by extensions ['ignore', 'ignore_ament_install']
[1.214s] Level 1:colcon.colcon_core.package_identification:_identify(src/build) by extension 'ignore'
[1.214s] Level 1:colcon.colcon_core.package_identification:_identify(src/build) ignored
[1.214s] Level 1:colcon.colcon_core.package_identification:_identify(src/drift) by extensions ['ignore', 'ignore_ament_install']
[1.214s] Level 1:colcon.colcon_core.package_identification:_identify(src/drift) by extension 'ignore'
[1.215s] Level 1:colcon.colcon_core.package_identification:_identify(src/drift) by extension 'ignore_ament_install'
[1.215s] Level 1:colcon.colcon_core.package_identification:_identify(src/drift) by extensions ['colcon_pkg']
[1.215s] Level 1:colcon.colcon_core.package_identification:_identify(src/drift) by extension 'colcon_pkg'
[1.215s] Level 1:colcon.colcon_core.package_identification:_identify(src/drift) by extensions ['colcon_meta']
[1.215s] Level 1:colcon.colcon_core.package_identification:_identify(src/drift) by extension 'colcon_meta'
[1.215s] Level 1:colcon.colcon_core.package_identification:_identify(src/drift) by extensions ['ros']
[1.215s] Level 1:colcon.colcon_core.package_identification:_identify(src/drift) by extension 'ros'
[1.225s] DEBUG:colcon.colcon_core.package_identification:Package 'src/drift' with type 'ros.ament_python' and name 'drift'
[1.225s] Level 1:colcon.colcon_core.package_identification:_identify(src/ep_control) by extensions ['ignore', 'ignore_ament_install']
[1.226s] Level 1:colcon.colcon_core.package_identification:_identify(src/ep_control) by extension 'ignore'
[1.226s] Level 1:colcon.colcon_core.package_identification:_identify(src/ep_control) by extension 'ignore_ament_install'
[1.226s] Level 1:colcon.colcon_core.package_identification:_identify(src/ep_control) by extensions ['colcon_pkg']
[1.226s] Level 1:colcon.colcon_core.package_identification:_identify(src/ep_control) by extension 'colcon_pkg'
[1.226s] Level 1:colcon.colcon_core.package_identification:_identify(src/ep_control) by extensions ['colcon_meta']
[1.226s] Level 1:colcon.colcon_core.package_identification:_identify(src/ep_control) by extension 'colcon_meta'
[1.227s] Level 1:colcon.colcon_core.package_identification:_identify(src/ep_control) by extensions ['ros']
[1.227s] Level 1:colcon.colcon_core.package_identification:_identify(src/ep_control) by extension 'ros'
[1.229s] DEBUG:colcon.colcon_core.package_identification:Package 'src/ep_control' with type 'ros.ament_python' and name 'ep_control'
[1.230s] Level 1:colcon.colcon_core.package_identification:_identify(src/install) by extensions ['ignore', 'ignore_ament_install']
[1.230s] Level 1:colcon.colcon_core.package_identification:_identify(src/install) by extension 'ignore'
[1.231s] Level 1:colcon.colcon_core.package_identification:_identify(src/install) ignored
[1.231s] Level 1:colcon.colcon_core.package_identification:_identify(src/log) by extensions ['ignore', 'ignore_ament_install']
[1.231s] Level 1:colcon.colcon_core.package_identification:_identify(src/log) by extension 'ignore'
[1.231s] Level 1:colcon.colcon_core.package_identification:_identify(src/log) ignored
[1.232s] Level 1:colcon.colcon_core.package_identification:_identify(src/m-explore-ros2) by extensions ['ignore', 'ignore_ament_install']
[1.232s] Level 1:colcon.colcon_core.package_identification:_identify(src/m-explore-ros2) by extension 'ignore'
[1.232s] Level 1:colcon.colcon_core.package_identification:_identify(src/m-explore-ros2) by extension 'ignore_ament_install'
[1.233s] Level 1:colcon.colcon_core.package_identification:_identify(src/m-explore-ros2) by extensions ['colcon_pkg']
[1.233s] Level 1:colcon.colcon_core.package_identification:_identify(src/m-explore-ros2) by extension 'colcon_pkg'
[1.233s] Level 1:colcon.colcon_core.package_identification:_identify(src/m-explore-ros2) by extensions ['colcon_meta']
[1.233s] Level 1:colcon.colcon_core.package_identification:_identify(src/m-explore-ros2) by extension 'colcon_meta'
[1.233s] Level 1:colcon.colcon_core.package_identification:_identify(src/m-explore-ros2) by extensions ['ros']
[1.233s] Level 1:colcon.colcon_core.package_identification:_identify(src/m-explore-ros2) by extension 'ros'
[1.234s] Level 1:colcon.colcon_core.package_identification:_identify(src/m-explore-ros2) by extensions ['cmake', 'python']
[1.234s] Level 1:colcon.colcon_core.package_identification:_identify(src/m-explore-ros2) by extension 'cmake'
[1.234s] Level 1:colcon.colcon_core.package_identification:_identify(src/m-explore-ros2) by extension 'python'
[1.234s] Level 1:colcon.colcon_core.package_identification:_identify(src/m-explore-ros2) by extensions ['python_setup_py']
[1.234s] Level 1:colcon.colcon_core.package_identification:_identify(src/m-explore-ros2) by extension 'python_setup_py'
[1.235s] Level 1:colcon.colcon_core.package_identification:_identify(src/m-explore-ros2/explore) by extensions ['ignore', 'ignore_ament_install']
[1.235s] Level 1:colcon.colcon_core.package_identification:_identify(src/m-explore-ros2/explore) by extension 'ignore'
[1.235s] Level 1:colcon.colcon_core.package_identification:_identify(src/m-explore-ros2/explore) by extension 'ignore_ament_install'
[1.235s] Level 1:colcon.colcon_core.package_identification:_identify(src/m-explore-ros2/explore) by extensions ['colcon_pkg']
[1.236s] Level 1:colcon.colcon_core.package_identification:_identify(src/m-explore-ros2/explore) by extension 'colcon_pkg'
[1.236s] Level 1:colcon.colcon_core.package_identification:_identify(src/m-explore-ros2/explore) by extensions ['colcon_meta']
[1.236s] Level 1:colcon.colcon_core.package_identification:_identify(src/m-explore-ros2/explore) by extension 'colcon_meta'
[1.236s] Level 1:colcon.colcon_core.package_identification:_identify(src/m-explore-ros2/explore) by extensions ['ros']
[1.236s] Level 1:colcon.colcon_core.package_identification:_identify(src/m-explore-ros2/explore) by extension 'ros'
[1.242s] DEBUG:colcon.colcon_core.package_identification:Package 'src/m-explore-ros2/explore' with type 'ros.ament_cmake' and name 'explore_lite'
[1.242s] Level 1:colcon.colcon_core.package_identification:_identify(src/m-explore-ros2/map_merge) by extensions ['ignore', 'ignore_ament_install']
[1.243s] Level 1:colcon.colcon_core.package_identification:_identify(src/m-explore-ros2/map_merge) by extension 'ignore'
[1.243s] Level 1:colcon.colcon_core.package_identification:_identify(src/m-explore-ros2/map_merge) by extension 'ignore_ament_install'
[1.243s] Level 1:colcon.colcon_core.package_identification:_identify(src/m-explore-ros2/map_merge) by extensions ['colcon_pkg']
[1.243s] Level 1:colcon.colcon_core.package_identification:_identify(src/m-explore-ros2/map_merge) by extension 'colcon_pkg'
[1.244s] Level 1:colcon.colcon_core.package_identification:_identify(src/m-explore-ros2/map_merge) by extensions ['colcon_meta']
[1.244s] Level 1:colcon.colcon_core.package_identification:_identify(src/m-explore-ros2/map_merge) by extension 'colcon_meta'
[1.244s] Level 1:colcon.colcon_core.package_identification:_identify(src/m-explore-ros2/map_merge) by extensions ['ros']
[1.244s] Level 1:colcon.colcon_core.package_identification:_identify(src/m-explore-ros2/map_merge) by extension 'ros'
[1.248s] DEBUG:colcon.colcon_core.package_identification:Package 'src/m-explore-ros2/map_merge' with type 'ros.ament_cmake' and name 'multirobot_map_merge'
[1.249s] Level 1:colcon.colcon_core.package_identification:_identify(src/robomaster_ros) by extensions ['ignore', 'ignore_ament_install']
[1.249s] Level 1:colcon.colcon_core.package_identification:_identify(src/robomaster_ros) by extension 'ignore'
[1.249s] Level 1:colcon.colcon_core.package_identification:_identify(src/robomaster_ros) by extension 'ignore_ament_install'
[1.250s] Level 1:colcon.colcon_core.package_identification:_identify(src/robomaster_ros) by extensions ['colcon_pkg']
[1.250s] Level 1:colcon.colcon_core.package_identification:_identify(src/robomaster_ros) by extension 'colcon_pkg'
[1.250s] Level 1:colcon.colcon_core.package_identification:_identify(src/robomaster_ros) by extensions ['colcon_meta']
[1.250s] Level 1:colcon.colcon_core.package_identification:_identify(src/robomaster_ros) by extension 'colcon_meta'
[1.250s] Level 1:colcon.colcon_core.package_identification:_identify(src/robomaster_ros) by extensions ['ros']
[1.250s] Level 1:colcon.colcon_core.package_identification:_identify(src/robomaster_ros) by extension 'ros'
[1.251s] Level 1:colcon.colcon_core.package_identification:_identify(src/robomaster_ros) by extensions ['cmake', 'python']
[1.251s] Level 1:colcon.colcon_core.package_identification:_identify(src/robomaster_ros) by extension 'cmake'
[1.251s] Level 1:colcon.colcon_core.package_identification:_identify(src/robomaster_ros) by extension 'python'
[1.251s] Level 1:colcon.colcon_core.package_identification:_identify(src/robomaster_ros) by extensions ['python_setup_py']
[1.251s] Level 1:colcon.colcon_core.package_identification:_identify(src/robomaster_ros) by extension 'python_setup_py'
[1.252s] Level 1:colcon.colcon_core.package_identification:_identify(src/robomaster_ros/docker) by extensions ['ignore', 'ignore_ament_install']
[1.252s] Level 1:colcon.colcon_core.package_identification:_identify(src/robomaster_ros/docker) by extension 'ignore'
[1.252s] Level 1:colcon.colcon_core.package_identification:_identify(src/robomaster_ros/docker) by extension 'ignore_ament_install'
[1.252s] Level 1:colcon.colcon_core.package_identification:_identify(src/robomaster_ros/docker) by extensions ['colcon_pkg']
[1.253s] Level 1:colcon.colcon_core.package_identification:_identify(src/robomaster_ros/docker) by extension 'colcon_pkg'
[1.253s] Level 1:colcon.colcon_core.package_identification:_identify(src/robomaster_ros/docker) by extensions ['colcon_meta']
[1.253s] Level 1:colcon.colcon_core.package_identification:_identify(src/robomaster_ros/docker) by extension 'colcon_meta'
[1.253s] Level 1:colcon.colcon_core.package_identification:_identify(src/robomaster_ros/docker) by extensions ['ros']
[1.253s] Level 1:colcon.colcon_core.package_identification:_identify(src/robomaster_ros/docker) by extension 'ros'
[1.253s] Level 1:colcon.colcon_core.package_identification:_identify(src/robomaster_ros/docker) by extensions ['cmake', 'python']
[1.254s] Level 1:colcon.colcon_core.package_identification:_identify(src/robomaster_ros/docker) by extension 'cmake'
[1.254s] Level 1:colcon.colcon_core.package_identification:_identify(src/robomaster_ros/docker) by extension 'python'
[1.254s] Level 1:colcon.colcon_core.package_identification:_identify(src/robomaster_ros/docker) by extensions ['python_setup_py']
[1.254s] Level 1:colcon.colcon_core.package_identification:_identify(src/robomaster_ros/docker) by extension 'python_setup_py'
[1.254s] Level 1:colcon.colcon_core.package_identification:_identify(src/robomaster_ros/docker/foxy) by extensions ['ignore', 'ignore_ament_install']
[1.255s] Level 1:colcon.colcon_core.package_identification:_identify(src/robomaster_ros/docker/foxy) by extension 'ignore'
[1.255s] Level 1:colcon.colcon_core.package_identification:_identify(src/robomaster_ros/docker/foxy) by extension 'ignore_ament_install'
[1.255s] Level 1:colcon.colcon_core.package_identification:_identify(src/robomaster_ros/docker/foxy) by extensions ['colcon_pkg']
[1.255s] Level 1:colcon.colcon_core.package_identification:_identify(src/robomaster_ros/docker/foxy) by extension 'colcon_pkg'
[1.255s] Level 1:colcon.colcon_core.package_identification:_identify(src/robomaster_ros/docker/foxy) by extensions ['colcon_meta']
[1.256s] Level 1:colcon.colcon_core.package_identification:_identify(src/robomaster_ros/docker/foxy) by extension 'colcon_meta'
[1.256s] Level 1:colcon.colcon_core.package_identification:_identify(src/robomaster_ros/docker/foxy) by extensions ['ros']
[1.256s] Level 1:colcon.colcon_core.package_identification:_identify(src/robomaster_ros/docker/foxy) by extension 'ros'
[1.256s] Level 1:colcon.colcon_core.package_identification:_identify(src/robomaster_ros/docker/foxy) by extensions ['cmake', 'python']
[1.256s] Level 1:colcon.colcon_core.package_identification:_identify(src/robomaster_ros/docker/foxy) by extension 'cmake'
[1.257s] Level 1:colcon.colcon_core.package_identification:_identify(src/robomaster_ros/docker/foxy) by extension 'python'
[1.257s] Level 1:colcon.colcon_core.package_identification:_identify(src/robomaster_ros/docker/foxy) by extensions ['python_setup_py']
[1.257s] Level 1:colcon.colcon_core.package_identification:_identify(src/robomaster_ros/docker/foxy) by extension 'python_setup_py'
[1.257s] Level 1:colcon.colcon_core.package_identification:_identify(src/robomaster_ros/docker/foxy/ep) by extensions ['ignore', 'ignore_ament_install']
[1.258s] Level 1:colcon.colcon_core.package_identification:_identify(src/robomaster_ros/docker/foxy/ep) by extension 'ignore'
[1.258s] Level 1:colcon.colcon_core.package_identification:_identify(src/robomaster_ros/docker/foxy/ep) by extension 'ignore_ament_install'
[1.258s] Level 1:colcon.colcon_core.package_identification:_identify(src/robomaster_ros/docker/foxy/ep) by extensions ['colcon_pkg']
[1.258s] Level 1:colcon.colcon_core.package_identification:_identify(src/robomaster_ros/docker/foxy/ep) by extension 'colcon_pkg'
[1.258s] Level 1:colcon.colcon_core.package_identification:_identify(src/robomaster_ros/docker/foxy/ep) by extensions ['colcon_meta']
[1.258s] Level 1:colcon.colcon_core.package_identification:_identify(src/robomaster_ros/docker/foxy/ep) by extension 'colcon_meta'
[1.259s] Level 1:colcon.colcon_core.package_identification:_identify(src/robomaster_ros/docker/foxy/ep) by extensions ['ros']
[1.259s] Level 1:colcon.colcon_core.package_identification:_identify(src/robomaster_ros/docker/foxy/ep) by extension 'ros'
[1.259s] Level 1:colcon.colcon_core.package_identification:_identify(src/robomaster_ros/docker/foxy/ep) by extensions ['cmake', 'python']
[1.259s] Level 1:colcon.colcon_core.package_identification:_identify(src/robomaster_ros/docker/foxy/ep) by extension 'cmake'
[1.259s] Level 1:colcon.colcon_core.package_identification:_identify(src/robomaster_ros/docker/foxy/ep) by extension 'python'
[1.260s] Level 1:colcon.colcon_core.package_identification:_identify(src/robomaster_ros/docker/foxy/ep) by extensions ['python_setup_py']
[1.260s] Level 1:colcon.colcon_core.package_identification:_identify(src/robomaster_ros/docker/foxy/ep) by extension 'python_setup_py'
[1.260s] Level 1:colcon.colcon_core.package_identification:_identify(src/robomaster_ros/docker/foxy/s1) by extensions ['ignore', 'ignore_ament_install']
[1.260s] Level 1:colcon.colcon_core.package_identification:_identify(src/robomaster_ros/docker/foxy/s1) by extension 'ignore'
[1.261s] Level 1:colcon.colcon_core.package_identification:_identify(src/robomaster_ros/docker/foxy/s1) by extension 'ignore_ament_install'
[1.261s] Level 1:colcon.colcon_core.package_identification:_identify(src/robomaster_ros/docker/foxy/s1) by extensions ['colcon_pkg']
[1.261s] Level 1:colcon.colcon_core.package_identification:_identify(src/robomaster_ros/docker/foxy/s1) by extension 'colcon_pkg'
[1.261s] Level 1:colcon.colcon_core.package_identification:_identify(src/robomaster_ros/docker/foxy/s1) by extensions ['colcon_meta']
[1.261s] Level 1:colcon.colcon_core.package_identification:_identify(src/robomaster_ros/docker/foxy/s1) by extension 'colcon_meta'
[1.261s] Level 1:colcon.colcon_core.package_identification:_identify(src/robomaster_ros/docker/foxy/s1) by extensions ['ros']
[1.262s] Level 1:colcon.colcon_core.package_identification:_identify(src/robomaster_ros/docker/foxy/s1) by extension 'ros'
[1.262s] Level 1:colcon.colcon_core.package_identification:_identify(src/robomaster_ros/docker/foxy/s1) by extensions ['cmake', 'python']
[1.262s] Level 1:colcon.colcon_core.package_identification:_identify(src/robomaster_ros/docker/foxy/s1) by extension 'cmake'
[1.262s] Level 1:colcon.colcon_core.package_identification:_identify(src/robomaster_ros/docker/foxy/s1) by extension 'python'
[1.262s] Level 1:colcon.colcon_core.package_identification:_identify(src/robomaster_ros/docker/foxy/s1) by extensions ['python_setup_py']
[1.262s] Level 1:colcon.colcon_core.package_identification:_identify(src/robomaster_ros/docker/foxy/s1) by extension 'python_setup_py'
[1.263s] Level 1:colcon.colcon_core.package_identification:_identify(src/robomaster_ros/docker/galactic) by extensions ['ignore', 'ignore_ament_install']
[1.263s] Level 1:colcon.colcon_core.package_identification:_identify(src/robomaster_ros/docker/galactic) by extension 'ignore'
[1.263s] Level 1:colcon.colcon_core.package_identification:_identify(src/robomaster_ros/docker/galactic) by extension 'ignore_ament_install'
[1.264s] Level 1:colcon.colcon_core.package_identification:_identify(src/robomaster_ros/docker/galactic) by extensions ['colcon_pkg']
[1.264s] Level 1:colcon.colcon_core.package_identification:_identify(src/robomaster_ros/docker/galactic) by extension 'colcon_pkg'
[1.264s] Level 1:colcon.colcon_core.package_identification:_identify(src/robomaster_ros/docker/galactic) by extensions ['colcon_meta']
[1.264s] Level 1:colcon.colcon_core.package_identification:_identify(src/robomaster_ros/docker/galactic) by extension 'colcon_meta'
[1.264s] Level 1:colcon.colcon_core.package_identification:_identify(src/robomaster_ros/docker/galactic) by extensions ['ros']
[1.264s] Level 1:colcon.colcon_core.package_identification:_identify(src/robomaster_ros/docker/galactic) by extension 'ros'
[1.265s] Level 1:colcon.colcon_core.package_identification:_identify(src/robomaster_ros/docker/galactic) by extensions ['cmake', 'python']
[1.265s] Level 1:colcon.colcon_core.package_identification:_identify(src/robomaster_ros/docker/galactic) by extension 'cmake'
[1.265s] Level 1:colcon.colcon_core.package_identification:_identify(src/robomaster_ros/docker/galactic) by extension 'python'
[1.265s] Level 1:colcon.colcon_core.package_identification:_identify(src/robomaster_ros/docker/galactic) by extensions ['python_setup_py']
[1.265s] Level 1:colcon.colcon_core.package_identification:_identify(src/robomaster_ros/docker/galactic) by extension 'python_setup_py'
[1.266s] Level 1:colcon.colcon_core.package_identification:_identify(src/robomaster_ros/docker/galactic/ep) by extensions ['ignore', 'ignore_ament_install']
[1.266s] Level 1:colcon.colcon_core.package_identification:_identify(src/robomaster_ros/docker/galactic/ep) by extension 'ignore'
[1.266s] Level 1:colcon.colcon_core.package_identification:_identify(src/robomaster_ros/docker/galactic/ep) by extension 'ignore_ament_install'
[1.266s] Level 1:colcon.colcon_core.package_identification:_identify(src/robomaster_ros/docker/galactic/ep) by extensions ['colcon_pkg']
[1.267s] Level 1:colcon.colcon_core.package_identification:_identify(src/robomaster_ros/docker/galactic/ep) by extension 'colcon_pkg'
[1.267s] Level 1:colcon.colcon_core.package_identification:_identify(src/robomaster_ros/docker/galactic/ep) by extensions ['colcon_meta']
[1.267s] Level 1:colcon.colcon_core.package_identification:_identify(src/robomaster_ros/docker/galactic/ep) by extension 'colcon_meta'
[1.267s] Level 1:colcon.colcon_core.package_identification:_identify(src/robomaster_ros/docker/galactic/ep) by extensions ['ros']
[1.267s] Level 1:colcon.colcon_core.package_identification:_identify(src/robomaster_ros/docker/galactic/ep) by extension 'ros'
[1.268s] Level 1:colcon.colcon_core.package_identification:_identify(src/robomaster_ros/docker/galactic/ep) by extensions ['cmake', 'python']
[1.268s] Level 1:colcon.colcon_core.package_identification:_identify(src/robomaster_ros/docker/galactic/ep) by extension 'cmake'
[1.268s] Level 1:colcon.colcon_core.package_identification:_identify(src/robomaster_ros/docker/galactic/ep) by extension 'python'
[1.268s] Level 1:colcon.colcon_core.package_identification:_identify(src/robomaster_ros/docker/galactic/ep) by extensions ['python_setup_py']
[1.268s] Level 1:colcon.colcon_core.package_identification:_identify(src/robomaster_ros/docker/galactic/ep) by extension 'python_setup_py'
[1.269s] Level 1:colcon.colcon_core.package_identification:_identify(src/robomaster_ros/docker/galactic/s1) by extensions ['ignore', 'ignore_ament_install']
[1.269s] Level 1:colcon.colcon_core.package_identification:_identify(src/robomaster_ros/docker/galactic/s1) by extension 'ignore'
[1.269s] Level 1:colcon.colcon_core.package_identification:_identify(src/robomaster_ros/docker/galactic/s1) by extension 'ignore_ament_install'
[1.269s] Level 1:colcon.colcon_core.package_identification:_identify(src/robomaster_ros/docker/galactic/s1) by extensions ['colcon_pkg']
[1.269s] Level 1:colcon.colcon_core.package_identification:_identify(src/robomaster_ros/docker/galactic/s1) by extension 'colcon_pkg'
[1.270s] Level 1:colcon.colcon_core.package_identification:_identify(src/robomaster_ros/docker/galactic/s1) by extensions ['colcon_meta']
[1.270s] Level 1:colcon.colcon_core.package_identification:_identify(src/robomaster_ros/docker/galactic/s1) by extension 'colcon_meta'
[1.270s] Level 1:colcon.colcon_core.package_identification:_identify(src/robomaster_ros/docker/galactic/s1) by extensions ['ros']
[1.270s] Level 1:colcon.colcon_core.package_identification:_identify(src/robomaster_ros/docker/galactic/s1) by extension 'ros'
[1.270s] Level 1:colcon.colcon_core.package_identification:_identify(src/robomaster_ros/docker/galactic/s1) by extensions ['cmake', 'python']
[1.270s] Level 1:colcon.colcon_core.package_identification:_identify(src/robomaster_ros/docker/galactic/s1) by extension 'cmake'
[1.271s] Level 1:colcon.colcon_core.package_identification:_identify(src/robomaster_ros/docker/galactic/s1) by extension 'python'
[1.271s] Level 1:colcon.colcon_core.package_identification:_identify(src/robomaster_ros/docker/galactic/s1) by extensions ['python_setup_py']
[1.271s] Level 1:colcon.colcon_core.package_identification:_identify(src/robomaster_ros/docker/galactic/s1) by extension 'python_setup_py'
[1.271s] Level 1:colcon.colcon_core.package_identification:_identify(src/robomaster_ros/docker/humble) by extensions ['ignore', 'ignore_ament_install']
[1.272s] Level 1:colcon.colcon_core.package_identification:_identify(src/robomaster_ros/docker/humble) by extension 'ignore'
[1.272s] Level 1:colcon.colcon_core.package_identification:_identify(src/robomaster_ros/docker/humble) by extension 'ignore_ament_install'
[1.272s] Level 1:colcon.colcon_core.package_identification:_identify(src/robomaster_ros/docker/humble) by extensions ['colcon_pkg']
[1.272s] Level 1:colcon.colcon_core.package_identification:_identify(src/robomaster_ros/docker/humble) by extension 'colcon_pkg'
[1.272s] Level 1:colcon.colcon_core.package_identification:_identify(src/robomaster_ros/docker/humble) by extensions ['colcon_meta']
[1.272s] Level 1:colcon.colcon_core.package_identification:_identify(src/robomaster_ros/docker/humble) by extension 'colcon_meta'
[1.273s] Level 1:colcon.colcon_core.package_identification:_identify(src/robomaster_ros/docker/humble) by extensions ['ros']
[1.273s] Level 1:colcon.colcon_core.package_identification:_identify(src/robomaster_ros/docker/humble) by extension 'ros'
[1.273s] Level 1:colcon.colcon_core.package_identification:_identify(src/robomaster_ros/docker/humble) by extensions ['cmake', 'python']
[1.273s] Level 1:colcon.colcon_core.package_identification:_identify(src/robomaster_ros/docker/humble) by extension 'cmake'
[1.273s] Level 1:colcon.colcon_core.package_identification:_identify(src/robomaster_ros/docker/humble) by extension 'python'
[1.274s] Level 1:colcon.colcon_core.package_identification:_identify(src/robomaster_ros/docker/humble) by extensions ['python_setup_py']
[1.274s] Level 1:colcon.colcon_core.package_identification:_identify(src/robomaster_ros/docker/humble) by extension 'python_setup_py'
[1.274s] Level 1:colcon.colcon_core.package_identification:_identify(src/robomaster_ros/docker/humble/ep) by extensions ['ignore', 'ignore_ament_install']
[1.274s] Level 1:colcon.colcon_core.package_identification:_identify(src/robomaster_ros/docker/humble/ep) by extension 'ignore'
[1.275s] Level 1:colcon.colcon_core.package_identification:_identify(src/robomaster_ros/docker/humble/ep) by extension 'ignore_ament_install'
[1.275s] Level 1:colcon.colcon_core.package_identification:_identify(src/robomaster_ros/docker/humble/ep) by extensions ['colcon_pkg']
[1.275s] Level 1:colcon.colcon_core.package_identification:_identify(src/robomaster_ros/docker/humble/ep) by extension 'colcon_pkg'
[1.275s] Level 1:colcon.colcon_core.package_identification:_identify(src/robomaster_ros/docker/humble/ep) by extensions ['colcon_meta']
[1.275s] Level 1:colcon.colcon_core.package_identification:_identify(src/robomaster_ros/docker/humble/ep) by extension 'colcon_meta'
[1.275s] Level 1:colcon.colcon_core.package_identification:_identify(src/robomaster_ros/docker/humble/ep) by extensions ['ros']
[1.276s] Level 1:colcon.colcon_core.package_identification:_identify(src/robomaster_ros/docker/humble/ep) by extension 'ros'
[1.276s] Level 1:colcon.colcon_core.package_identification:_identify(src/robomaster_ros/docker/humble/ep) by extensions ['cmake', 'python']
[1.276s] Level 1:colcon.colcon_core.package_identification:_identify(src/robomaster_ros/docker/humble/ep) by extension 'cmake'
[1.276s] Level 1:colcon.colcon_core.package_identification:_identify(src/robomaster_ros/docker/humble/ep) by extension 'python'
[1.276s] Level 1:colcon.colcon_core.package_identification:_identify(src/robomaster_ros/docker/humble/ep) by extensions ['python_setup_py']
[1.277s] Level 1:colcon.colcon_core.package_identification:_identify(src/robomaster_ros/docker/humble/ep) by extension 'python_setup_py'
[1.277s] Level 1:colcon.colcon_core.package_identification:_identify(src/robomaster_ros/docker/humble/s1) by extensions ['ignore', 'ignore_ament_install']
[1.277s] Level 1:colcon.colcon_core.package_identification:_identify(src/robomaster_ros/docker/humble/s1) by extension 'ignore'
[1.277s] Level 1:colcon.colcon_core.package_identification:_identify(src/robomaster_ros/docker/humble/s1) by extension 'ignore_ament_install'
[1.278s] Level 1:colcon.colcon_core.package_identification:_identify(src/robomaster_ros/docker/humble/s1) by extensions ['colcon_pkg']
[1.278s] Level 1:colcon.colcon_core.package_identification:_identify(src/robomaster_ros/docker/humble/s1) by extension 'colcon_pkg'
[1.278s] Level 1:colcon.colcon_core.package_identification:_identify(src/robomaster_ros/docker/humble/s1) by extensions ['colcon_meta']
[1.278s] Level 1:colcon.colcon_core.package_identification:_identify(src/robomaster_ros/docker/humble/s1) by extension 'colcon_meta'
[1.278s] Level 1:colcon.colcon_core.package_identification:_identify(src/robomaster_ros/docker/humble/s1) by extensions ['ros']
[1.278s] Level 1:colcon.colcon_core.package_identification:_identify(src/robomaster_ros/docker/humble/s1) by extension 'ros'
[1.279s] Level 1:colcon.colcon_core.package_identification:_identify(src/robomaster_ros/docker/humble/s1) by extensions ['cmake', 'python']
[1.279s] Level 1:colcon.colcon_core.package_identification:_identify(src/robomaster_ros/docker/humble/s1) by extension 'cmake'
[1.279s] Level 1:colcon.colcon_core.package_identification:_identify(src/robomaster_ros/docker/humble/s1) by extension 'python'
[1.279s] Level 1:colcon.colcon_core.package_identification:_identify(src/robomaster_ros/docker/humble/s1) by extensions ['python_setup_py']
[1.279s] Level 1:colcon.colcon_core.package_identification:_identify(src/robomaster_ros/docker/humble/s1) by extension 'python_setup_py'
[1.280s] Level 1:colcon.colcon_core.package_identification:_identify(src/robomaster_ros/docker/iron) by extensions ['ignore', 'ignore_ament_install']
[1.280s] Level 1:colcon.colcon_core.package_identification:_identify(src/robomaster_ros/docker/iron) by extension 'ignore'
[1.280s] Level 1:colcon.colcon_core.package_identification:_identify(src/robomaster_ros/docker/iron) by extension 'ignore_ament_install'
[1.281s] Level 1:colcon.colcon_core.package_identification:_identify(src/robomaster_ros/docker/iron) by extensions ['colcon_pkg']
[1.281s] Level 1:colcon.colcon_core.package_identification:_identify(src/robomaster_ros/docker/iron) by extension 'colcon_pkg'
[1.281s] Level 1:colcon.colcon_core.package_identification:_identify(src/robomaster_ros/docker/iron) by extensions ['colcon_meta']
[1.281s] Level 1:colcon.colcon_core.package_identification:_identify(src/robomaster_ros/docker/iron) by extension 'colcon_meta'
[1.281s] Level 1:colcon.colcon_core.package_identification:_identify(src/robomaster_ros/docker/iron) by extensions ['ros']
[1.281s] Level 1:colcon.colcon_core.package_identification:_identify(src/robomaster_ros/docker/iron) by extension 'ros'
[1.282s] Level 1:colcon.colcon_core.package_identification:_identify(src/robomaster_ros/docker/iron) by extensions ['cmake', 'python']
[1.282s] Level 1:colcon.colcon_core.package_identification:_identify(src/robomaster_ros/docker/iron) by extension 'cmake'
[1.282s] Level 1:colcon.colcon_core.package_identification:_identify(src/robomaster_ros/docker/iron) by extension 'python'
[1.282s] Level 1:colcon.colcon_core.package_identification:_identify(src/robomaster_ros/docker/iron) by extensions ['python_setup_py']
[1.282s] Level 1:colcon.colcon_core.package_identification:_identify(src/robomaster_ros/docker/iron) by extension 'python_setup_py'
[1.283s] Level 1:colcon.colcon_core.package_identification:_identify(src/robomaster_ros/docker/iron/ep) by extensions ['ignore', 'ignore_ament_install']
[1.283s] Level 1:colcon.colcon_core.package_identification:_identify(src/robomaster_ros/docker/iron/ep) by extension 'ignore'
[1.283s] Level 1:colcon.colcon_core.package_identification:_identify(src/robomaster_ros/docker/iron/ep) by extension 'ignore_ament_install'
[1.283s] Level 1:colcon.colcon_core.package_identification:_identify(src/robomaster_ros/docker/iron/ep) by extensions ['colcon_pkg']
[1.283s] Level 1:colcon.colcon_core.package_identification:_identify(src/robomaster_ros/docker/iron/ep) by extension 'colcon_pkg'
[1.283s] Level 1:colcon.colcon_core.package_identification:_identify(src/robomaster_ros/docker/iron/ep) by extensions ['colcon_meta']
[1.284s] Level 1:colcon.colcon_core.package_identification:_identify(src/robomaster_ros/docker/iron/ep) by extension 'colcon_meta'
[1.284s] Level 1:colcon.colcon_core.package_identification:_identify(src/robomaster_ros/docker/iron/ep) by extensions ['ros']
[1.284s] Level 1:colcon.colcon_core.package_identification:_identify(src/robomaster_ros/docker/iron/ep) by extension 'ros'
[1.284s] Level 1:colcon.colcon_core.package_identification:_identify(src/robomaster_ros/docker/iron/ep) by extensions ['cmake', 'python']
[1.284s] Level 1:colcon.colcon_core.package_identification:_identify(src/robomaster_ros/docker/iron/ep) by extension 'cmake'
[1.285s] Level 1:colcon.colcon_core.package_identification:_identify(src/robomaster_ros/docker/iron/ep) by extension 'python'
[1.285s] Level 1:colcon.colcon_core.package_identification:_identify(src/robomaster_ros/docker/iron/ep) by extensions ['python_setup_py']
[1.285s] Level 1:colcon.colcon_core.package_identification:_identify(src/robomaster_ros/docker/iron/ep) by extension 'python_setup_py'
[1.285s] Level 1:colcon.colcon_core.package_identification:_identify(src/robomaster_ros/docker/iron/s1) by extensions ['ignore', 'ignore_ament_install']
[1.286s] Level 1:colcon.colcon_core.package_identification:_identify(src/robomaster_ros/docker/iron/s1) by extension 'ignore'
[1.286s] Level 1:colcon.colcon_core.package_identification:_identify(src/robomaster_ros/docker/iron/s1) by extension 'ignore_ament_install'
[1.286s] Level 1:colcon.colcon_core.package_identification:_identify(src/robomaster_ros/docker/iron/s1) by extensions ['colcon_pkg']
[1.286s] Level 1:colcon.colcon_core.package_identification:_identify(src/robomaster_ros/docker/iron/s1) by extension 'colcon_pkg'
[1.286s] Level 1:colcon.colcon_core.package_identification:_identify(src/robomaster_ros/docker/iron/s1) by extensions ['colcon_meta']
[1.286s] Level 1:colcon.colcon_core.package_identification:_identify(src/robomaster_ros/docker/iron/s1) by extension 'colcon_meta'
[1.287s] Level 1:colcon.colcon_core.package_identification:_identify(src/robomaster_ros/docker/iron/s1) by extensions ['ros']
[1.287s] Level 1:colcon.colcon_core.package_identification:_identify(src/robomaster_ros/docker/iron/s1) by extension 'ros'
[1.287s] Level 1:colcon.colcon_core.package_identification:_identify(src/robomaster_ros/docker/iron/s1) by extensions ['cmake', 'python']
[1.287s] Level 1:colcon.colcon_core.package_identification:_identify(src/robomaster_ros/docker/iron/s1) by extension 'cmake'
[1.287s] Level 1:colcon.colcon_core.package_identification:_identify(src/robomaster_ros/docker/iron/s1) by extension 'python'
[1.288s] Level 1:colcon.colcon_core.package_identification:_identify(src/robomaster_ros/docker/iron/s1) by extensions ['python_setup_py']
[1.288s] Level 1:colcon.colcon_core.package_identification:_identify(src/robomaster_ros/docker/iron/s1) by extension 'python_setup_py'
[1.288s] Level 1:colcon.colcon_core.package_identification:_identify(src/robomaster_ros/docs) by extensions ['ignore', 'ignore_ament_install']
[1.289s] Level 1:colcon.colcon_core.package_identification:_identify(src/robomaster_ros/docs) by extension 'ignore'
[1.289s] Level 1:colcon.colcon_core.package_identification:_identify(src/robomaster_ros/docs) by extension 'ignore_ament_install'
[1.289s] Level 1:colcon.colcon_core.package_identification:_identify(src/robomaster_ros/docs) by extensions ['colcon_pkg']
[1.289s] Level 1:colcon.colcon_core.package_identification:_identify(src/robomaster_ros/docs) by extension 'colcon_pkg'
[1.289s] Level 1:colcon.colcon_core.package_identification:_identify(src/robomaster_ros/docs) by extensions ['colcon_meta']
[1.289s] Level 1:colcon.colcon_core.package_identification:_identify(src/robomaster_ros/docs) by extension 'colcon_meta'
[1.290s] Level 1:colcon.colcon_core.package_identification:_identify(src/robomaster_ros/docs) by extensions ['ros']
[1.290s] Level 1:colcon.colcon_core.package_identification:_identify(src/robomaster_ros/docs) by extension 'ros'
[1.290s] Level 1:colcon.colcon_core.package_identification:_identify(src/robomaster_ros/docs) by extensions ['cmake', 'python']
[1.290s] Level 1:colcon.colcon_core.package_identification:_identify(src/robomaster_ros/docs) by extension 'cmake'
[1.290s] Level 1:colcon.colcon_core.package_identification:_identify(src/robomaster_ros/docs) by extension 'python'
[1.290s] Level 1:colcon.colcon_core.package_identification:_identify(src/robomaster_ros/docs) by extensions ['python_setup_py']
[1.290s] Level 1:colcon.colcon_core.package_identification:_identify(src/robomaster_ros/docs) by extension 'python_setup_py'
[1.291s] Level 1:colcon.colcon_core.package_identification:_identify(src/robomaster_ros/docs/robomaster_ros_modules) by extensions ['ignore', 'ignore_ament_install']
[1.291s] Level 1:colcon.colcon_core.package_identification:_identify(src/robomaster_ros/docs/robomaster_ros_modules) by extension 'ignore'
[1.292s] Level 1:colcon.colcon_core.package_identification:_identify(src/robomaster_ros/docs/robomaster_ros_modules) by extension 'ignore_ament_install'
[1.292s] Level 1:colcon.colcon_core.package_identification:_identify(src/robomaster_ros/docs/robomaster_ros_modules) by extensions ['colcon_pkg']
[1.292s] Level 1:colcon.colcon_core.package_identification:_identify(src/robomaster_ros/docs/robomaster_ros_modules) by extension 'colcon_pkg'
[1.292s] Level 1:colcon.colcon_core.package_identification:_identify(src/robomaster_ros/docs/robomaster_ros_modules) by extensions ['colcon_meta']
[1.292s] Level 1:colcon.colcon_core.package_identification:_identify(src/robomaster_ros/docs/robomaster_ros_modules) by extension 'colcon_meta'
[1.292s] Level 1:colcon.colcon_core.package_identification:_identify(src/robomaster_ros/docs/robomaster_ros_modules) by extensions ['ros']
[1.293s] Level 1:colcon.colcon_core.package_identification:_identify(src/robomaster_ros/docs/robomaster_ros_modules) by extension 'ros'
[1.293s] Level 1:colcon.colcon_core.package_identification:_identify(src/robomaster_ros/docs/robomaster_ros_modules) by extensions ['cmake', 'python']
[1.293s] Level 1:colcon.colcon_core.package_identification:_identify(src/robomaster_ros/docs/robomaster_ros_modules) by extension 'cmake'
[1.293s] Level 1:colcon.colcon_core.package_identification:_identify(src/robomaster_ros/docs/robomaster_ros_modules) by extension 'python'
[1.293s] Level 1:colcon.colcon_core.package_identification:_identify(src/robomaster_ros/docs/robomaster_ros_modules) by extensions ['python_setup_py']
[1.293s] Level 1:colcon.colcon_core.package_identification:_identify(src/robomaster_ros/docs/robomaster_ros_modules) by extension 'python_setup_py'
[1.294s] Level 1:colcon.colcon_core.package_identification:_identify(src/robomaster_ros/robomaster_description) by extensions ['ignore', 'ignore_ament_install']
[1.294s] Level 1:colcon.colcon_core.package_identification:_identify(src/robomaster_ros/robomaster_description) by extension 'ignore'
[1.294s] Level 1:colcon.colcon_core.package_identification:_identify(src/robomaster_ros/robomaster_description) by extension 'ignore_ament_install'
[1.295s] Level 1:colcon.colcon_core.package_identification:_identify(src/robomaster_ros/robomaster_description) by extensions ['colcon_pkg']
[1.295s] Level 1:colcon.colcon_core.package_identification:_identify(src/robomaster_ros/robomaster_description) by extension 'colcon_pkg'
[1.295s] Level 1:colcon.colcon_core.package_identification:_identify(src/robomaster_ros/robomaster_description) by extensions ['colcon_meta']
[1.295s] Level 1:colcon.colcon_core.package_identification:_identify(src/robomaster_ros/robomaster_description) by extension 'colcon_meta'
[1.295s] Level 1:colcon.colcon_core.package_identification:_identify(src/robomaster_ros/robomaster_description) by extensions ['ros']
[1.295s] Level 1:colcon.colcon_core.package_identification:_identify(src/robomaster_ros/robomaster_description) by extension 'ros'
[1.297s] DEBUG:colcon.colcon_core.package_identification:Package 'src/robomaster_ros/robomaster_description' with type 'ros.ament_cmake' and name 'robomaster_description'
[1.298s] Level 1:colcon.colcon_core.package_identification:_identify(src/robomaster_ros/robomaster_msgs) by extensions ['ignore', 'ignore_ament_install']
[1.298s] Level 1:colcon.colcon_core.package_identification:_identify(src/robomaster_ros/robomaster_msgs) by extension 'ignore'
[1.299s] Level 1:colcon.colcon_core.package_identification:_identify(src/robomaster_ros/robomaster_msgs) by extension 'ignore_ament_install'
[1.299s] Level 1:colcon.colcon_core.package_identification:_identify(src/robomaster_ros/robomaster_msgs) by extensions ['colcon_pkg']
[1.299s] Level 1:colcon.colcon_core.package_identification:_identify(src/robomaster_ros/robomaster_msgs) by extension 'colcon_pkg'
[1.299s] Level 1:colcon.colcon_core.package_identification:_identify(src/robomaster_ros/robomaster_msgs) by extensions ['colcon_meta']
[1.299s] Level 1:colcon.colcon_core.package_identification:_identify(src/robomaster_ros/robomaster_msgs) by extension 'colcon_meta'
[1.299s] Level 1:colcon.colcon_core.package_identification:_identify(src/robomaster_ros/robomaster_msgs) by extensions ['ros']
[1.300s] Level 1:colcon.colcon_core.package_identification:_identify(src/robomaster_ros/robomaster_msgs) by extension 'ros'
[1.302s] DEBUG:colcon.colcon_core.package_identification:Package 'src/robomaster_ros/robomaster_msgs' with type 'ros.ament_cmake' and name 'robomaster_msgs'
[1.302s] Level 1:colcon.colcon_core.package_identification:_identify(src/robomaster_ros/robomaster_ros) by extensions ['ignore', 'ignore_ament_install']
[1.303s] Level 1:colcon.colcon_core.package_identification:_identify(src/robomaster_ros/robomaster_ros) by extension 'ignore'
[1.303s] Level 1:colcon.colcon_core.package_identification:_identify(src/robomaster_ros/robomaster_ros) by extension 'ignore_ament_install'
[1.303s] Level 1:colcon.colcon_core.package_identification:_identify(src/robomaster_ros/robomaster_ros) by extensions ['colcon_pkg']
[1.303s] Level 1:colcon.colcon_core.package_identification:_identify(src/robomaster_ros/robomaster_ros) by extension 'colcon_pkg'
[1.303s] Level 1:colcon.colcon_core.package_identification:_identify(src/robomaster_ros/robomaster_ros) by extensions ['colcon_meta']
[1.304s] Level 1:colcon.colcon_core.package_identification:_identify(src/robomaster_ros/robomaster_ros) by extension 'colcon_meta'
[1.304s] Level 1:colcon.colcon_core.package_identification:_identify(src/robomaster_ros/robomaster_ros) by extensions ['ros']
[1.304s] Level 1:colcon.colcon_core.package_identification:_identify(src/robomaster_ros/robomaster_ros) by extension 'ros'
[1.306s] DEBUG:colcon.colcon_core.package_identification:Package 'src/robomaster_ros/robomaster_ros' with type 'ros.ament_python' and name 'robomaster_ros'
[1.307s] Level 1:colcon.colcon_core.package_identification:_identify(src/sllidar_ros2) by extensions ['ignore', 'ignore_ament_install']
[1.307s] Level 1:colcon.colcon_core.package_identification:_identify(src/sllidar_ros2) by extension 'ignore'
[1.308s] Level 1:colcon.colcon_core.package_identification:_identify(src/sllidar_ros2) by extension 'ignore_ament_install'
[1.308s] Level 1:colcon.colcon_core.package_identification:_identify(src/sllidar_ros2) by extensions ['colcon_pkg']
[1.308s] Level 1:colcon.colcon_core.package_identification:_identify(src/sllidar_ros2) by extension 'colcon_pkg'
[1.308s] Level 1:colcon.colcon_core.package_identification:_identify(src/sllidar_ros2) by extensions ['colcon_meta']
[1.308s] Level 1:colcon.colcon_core.package_identification:_identify(src/sllidar_ros2) by extension 'colcon_meta'
[1.308s] Level 1:colcon.colcon_core.package_identification:_identify(src/sllidar_ros2) by extensions ['ros']
[1.308s] Level 1:colcon.colcon_core.package_identification:_identify(src/sllidar_ros2) by extension 'ros'
[1.311s] DEBUG:colcon.colcon_core.package_identification:Package 'src/sllidar_ros2' with type 'ros.ament_cmake' and name 'sllidar_ros2'
[1.312s] Level 1:colcon.colcon_core.package_discovery:discover_packages(recursive) using defaults
[1.312s] Level 1:colcon.colcon_core.package_discovery:discover_packages(ignore) discover
[1.312s] Level 1:colcon.colcon_core.package_discovery:discover_packages(ignore) using defaults
[1.312s] Level 1:colcon.colcon_core.package_discovery:discover_packages(path) discover
[1.312s] Level 1:colcon.colcon_core.package_discovery:discover_packages(path) using defaults
[1.397s] Level 1:colcon.colcon_core.package_discovery:discover_packages(prefix_path) check parameters
[1.398s] Level 1:colcon.colcon_core.package_discovery:discover_packages(prefix_path) discover
[1.411s] DEBUG:colcon.colcon_installed_package_information.package_discovery:Found 15 installed packages in /home/cricchetto/Robomaster_WS/install
[1.420s] DEBUG:colcon.colcon_installed_package_information.package_discovery:Found 251 installed packages in /opt/ros/humble
[1.427s] Level 1:colcon.colcon_core.package_discovery:discover_packages(prefix_path) using defaults
[1.611s] Level 5:colcon.colcon_core.verb:set package 'drift' build argument 'cmake_args' from command line to 'None'
[1.611s] Level 5:colcon.colcon_core.verb:set package 'drift' build argument 'cmake_target' from command line to 'None'
[1.611s] Level 5:colcon.colcon_core.verb:set package 'drift' build argument 'cmake_target_skip_unavailable' from command line to 'False'
[1.611s] Level 5:colcon.colcon_core.verb:set package 'drift' build argument 'cmake_clean_cache' from command line to 'False'
[1.611s] Level 5:colcon.colcon_core.verb:set package 'drift' build argument 'cmake_clean_first' from command line to 'False'
[1.611s] Level 5:colcon.colcon_core.verb:set package 'drift' build argument 'cmake_force_configure' from command line to 'False'
[1.611s] Level 5:colcon.colcon_core.verb:set package 'drift' build argument 'ament_cmake_args' from command line to 'None'
[1.612s] Level 5:colcon.colcon_core.verb:set package 'drift' build argument 'catkin_cmake_args' from command line to 'None'
[1.612s] Level 5:colcon.colcon_core.verb:set package 'drift' build argument 'catkin_skip_building_tests' from command line to 'False'
[1.612s] DEBUG:colcon.colcon_core.verb:Building package 'drift' with the following arguments: {'ament_cmake_args': None, 'build_base': '/home/cricchetto/Robomaster_WS/build/drift', 'catkin_cmake_args': None, 'catkin_skip_building_tests': False, 'cmake_args': None, 'cmake_clean_cache': False, 'cmake_clean_first': False, 'cmake_force_configure': False, 'cmake_target': None, 'cmake_target_skip_unavailable': False, 'install_base': '/home/cricchetto/Robomaster_WS/install/drift', 'merge_install': False, 'path': '/home/cricchetto/Robomaster_WS/src/drift', 'symlink_install': False, 'test_result_base': None}
[1.613s] Level 5:colcon.colcon_core.verb:set package 'ep_control' build argument 'cmake_args' from command line to 'None'
[1.613s] Level 5:colcon.colcon_core.verb:set package 'ep_control' build argument 'cmake_target' from command line to 'None'
[1.614s] Level 5:colcon.colcon_core.verb:set package 'ep_control' build argument 'cmake_target_skip_unavailable' from command line to 'False'
[1.614s] Level 5:colcon.colcon_core.verb:set package 'ep_control' build argument 'cmake_clean_cache' from command line to 'False'
[1.614s] Level 5:colcon.colcon_core.verb:set package 'ep_control' build argument 'cmake_clean_first' from command line to 'False'
[1.614s] Level 5:colcon.colcon_core.verb:set package 'ep_control' build argument 'cmake_force_configure' from command line to 'False'
[1.614s] Level 5:colcon.colcon_core.verb:set package 'ep_control' build argument 'ament_cmake_args' from command line to 'None'
[1.614s] Level 5:colcon.colcon_core.verb:set package 'ep_control' build argument 'catkin_cmake_args' from command line to 'None'
[1.614s] Level 5:colcon.colcon_core.verb:set package 'ep_control' build argument 'catkin_skip_building_tests' from command line to 'False'
[1.614s] DEBUG:colcon.colcon_core.verb:Building package 'ep_control' with the following arguments: {'ament_cmake_args': None, 'build_base': '/home/cricchetto/Robomaster_WS/build/ep_control', 'catkin_cmake_args': None, 'catkin_skip_building_tests': False, 'cmake_args': None, 'cmake_clean_cache': False, 'cmake_clean_first': False, 'cmake_force_configure': False, 'cmake_target': None, 'cmake_target_skip_unavailable': False, 'install_base': '/home/cricchetto/Robomaster_WS/install/ep_control', 'merge_install': False, 'path': '/home/cricchetto/Robomaster_WS/src/ep_control', 'symlink_install': False, 'test_result_base': None}
[1.616s] Level 5:colcon.colcon_core.verb:set package 'explore_lite' build argument 'cmake_args' from command line to 'None'
[1.616s] Level 5:colcon.colcon_core.verb:set package 'explore_lite' build argument 'cmake_target' from command line to 'None'
[1.616s] Level 5:colcon.colcon_core.verb:set package 'explore_lite' build argument 'cmake_target_skip_unavailable' from command line to 'False'
[1.616s] Level 5:colcon.colcon_core.verb:set package 'explore_lite' build argument 'cmake_clean_cache' from command line to 'False'
[1.616s] Level 5:colcon.colcon_core.verb:set package 'explore_lite' build argument 'cmake_clean_first' from command line to 'False'
[1.616s] Level 5:colcon.colcon_core.verb:set package 'explore_lite' build argument 'cmake_force_configure' from command line to 'False'
[1.616s] Level 5:colcon.colcon_core.verb:set package 'explore_lite' build argument 'ament_cmake_args' from command line to 'None'
[1.616s] Level 5:colcon.colcon_core.verb:set package 'explore_lite' build argument 'catkin_cmake_args' from command line to 'None'
[1.616s] Level 5:colcon.colcon_core.verb:set package 'explore_lite' build argument 'catkin_skip_building_tests' from command line to 'False'
[1.617s] DEBUG:colcon.colcon_core.verb:Building package 'explore_lite' with the following arguments: {'ament_cmake_args': None, 'build_base': '/home/cricchetto/Robomaster_WS/build/explore_lite', 'catkin_cmake_args': None, 'catkin_skip_building_tests': False, 'cmake_args': None, 'cmake_clean_cache': False, 'cmake_clean_first': False, 'cmake_force_configure': False, 'cmake_target': None, 'cmake_target_skip_unavailable': False, 'install_base': '/home/cricchetto/Robomaster_WS/install/explore_lite', 'merge_install': False, 'path': '/home/cricchetto/Robomaster_WS/src/m-explore-ros2/explore', 'symlink_install': False, 'test_result_base': None}
[1.618s] Level 5:colcon.colcon_core.verb:set package 'multirobot_map_merge' build argument 'cmake_args' from command line to 'None'
[1.618s] Level 5:colcon.colcon_core.verb:set package 'multirobot_map_merge' build argument 'cmake_target' from command line to 'None'
[1.618s] Level 5:colcon.colcon_core.verb:set package 'multirobot_map_merge' build argument 'cmake_target_skip_unavailable' from command line to 'False'
[1.618s] Level 5:colcon.colcon_core.verb:set package 'multirobot_map_merge' build argument 'cmake_clean_cache' from command line to 'False'
[1.618s] Level 5:colcon.colcon_core.verb:set package 'multirobot_map_merge' build argument 'cmake_clean_first' from command line to 'False'
[1.619s] Level 5:colcon.colcon_core.verb:set package 'multirobot_map_merge' build argument 'cmake_force_configure' from command line to 'False'
[1.619s] Level 5:colcon.colcon_core.verb:set package 'multirobot_map_merge' build argument 'ament_cmake_args' from command line to 'None'
[1.619s] Level 5:colcon.colcon_core.verb:set package 'multirobot_map_merge' build argument 'catkin_cmake_args' from command line to 'None'
[1.619s] Level 5:colcon.colcon_core.verb:set package 'multirobot_map_merge' build argument 'catkin_skip_building_tests' from command line to 'False'
[1.619s] DEBUG:colcon.colcon_core.verb:Building package 'multirobot_map_merge' with the following arguments: {'ament_cmake_args': None, 'build_base': '/home/cricchetto/Robomaster_WS/build/multirobot_map_merge', 'catkin_cmake_args': None, 'catkin_skip_building_tests': False, 'cmake_args': None, 'cmake_clean_cache': False, 'cmake_clean_first': False, 'cmake_force_configure': False, 'cmake_target': None, 'cmake_target_skip_unavailable': False, 'install_base': '/home/cricchetto/Robomaster_WS/install/multirobot_map_merge', 'merge_install': False, 'path': '/home/cricchetto/Robomaster_WS/src/m-explore-ros2/map_merge', 'symlink_install': False, 'test_result_base': None}
[1.620s] Level 5:colcon.colcon_core.verb:set package 'robomaster_description' build argument 'cmake_args' from command line to 'None'
[1.620s] Level 5:colcon.colcon_core.verb:set package 'robomaster_description' build argument 'cmake_target' from command line to 'None'
[1.621s] Level 5:colcon.colcon_core.verb:set package 'robomaster_description' build argument 'cmake_target_skip_unavailable' from command line to 'False'
[1.621s] Level 5:colcon.colcon_core.verb:set package 'robomaster_description' build argument 'cmake_clean_cache' from command line to 'False'
[1.621s] Level 5:colcon.colcon_core.verb:set package 'robomaster_description' build argument 'cmake_clean_first' from command line to 'False'
[1.621s] Level 5:colcon.colcon_core.verb:set package 'robomaster_description' build argument 'cmake_force_configure' from command line to 'False'
[1.621s] Level 5:colcon.colcon_core.verb:set package 'robomaster_description' build argument 'ament_cmake_args' from command line to 'None'
[1.621s] Level 5:colcon.colcon_core.verb:set package 'robomaster_description' build argument 'catkin_cmake_args' from command line to 'None'
[1.621s] Level 5:colcon.colcon_core.verb:set package 'robomaster_description' build argument 'catkin_skip_building_tests' from command line to 'False'
[1.621s] DEBUG:colcon.colcon_core.verb:Building package 'robomaster_description' with the following arguments: {'ament_cmake_args': None, 'build_base': '/home/cricchetto/Robomaster_WS/build/robomaster_description', 'catkin_cmake_args': None, 'catkin_skip_building_tests': False, 'cmake_args': None, 'cmake_clean_cache': False, 'cmake_clean_first': False, 'cmake_force_configure': False, 'cmake_target': None, 'cmake_target_skip_unavailable': False, 'install_base': '/home/cricchetto/Robomaster_WS/install/robomaster_description', 'merge_install': False, 'path': '/home/cricchetto/Robomaster_WS/src/robomaster_ros/robomaster_description', 'symlink_install': False, 'test_result_base': None}
[1.623s] Level 5:colcon.colcon_core.verb:set package 'robomaster_msgs' build argument 'cmake_args' from command line to 'None'
[1.623s] Level 5:colcon.colcon_core.verb:set package 'robomaster_msgs' build argument 'cmake_target' from command line to 'None'
[1.623s] Level 5:colcon.colcon_core.verb:set package 'robomaster_msgs' build argument 'cmake_target_skip_unavailable' from command line to 'False'
[1.623s] Level 5:colcon.colcon_core.verb:set package 'robomaster_msgs' build argument 'cmake_clean_cache' from command line to 'False'
[1.623s] Level 5:colcon.colcon_core.verb:set package 'robomaster_msgs' build argument 'cmake_clean_first' from command line to 'False'
[1.623s] Level 5:colcon.colcon_core.verb:set package 'robomaster_msgs' build argument 'cmake_force_configure' from command line to 'False'
[1.623s] Level 5:colcon.colcon_core.verb:set package 'robomaster_msgs' build argument 'ament_cmake_args' from command line to 'None'
[1.623s] Level 5:colcon.colcon_core.verb:set package 'robomaster_msgs' build argument 'catkin_cmake_args' from command line to 'None'
[1.623s] Level 5:colcon.colcon_core.verb:set package 'robomaster_msgs' build argument 'catkin_skip_building_tests' from command line to 'False'
[1.624s] DEBUG:colcon.colcon_core.verb:Building package 'robomaster_msgs' with the following arguments: {'ament_cmake_args': None, 'build_base': '/home/cricchetto/Robomaster_WS/build/robomaster_msgs', 'catkin_cmake_args': None, 'catkin_skip_building_tests': False, 'cmake_args': None, 'cmake_clean_cache': False, 'cmake_clean_first': False, 'cmake_force_configure': False, 'cmake_target': None, 'cmake_target_skip_unavailable': False, 'install_base': '/home/cricchetto/Robomaster_WS/install/robomaster_msgs', 'merge_install': False, 'path': '/home/cricchetto/Robomaster_WS/src/robomaster_ros/robomaster_msgs', 'symlink_install': False, 'test_result_base': None}
[1.625s] Level 5:colcon.colcon_core.verb:set package 'sllidar_ros2' build argument 'cmake_args' from command line to 'None'
[1.625s] Level 5:colcon.colcon_core.verb:set package 'sllidar_ros2' build argument 'cmake_target' from command line to 'None'
[1.625s] Level 5:colcon.colcon_core.verb:set package 'sllidar_ros2' build argument 'cmake_target_skip_unavailable' from command line to 'False'
[1.625s] Level 5:colcon.colcon_core.verb:set package 'sllidar_ros2' build argument 'cmake_clean_cache' from command line to 'False'
[1.626s] Level 5:colcon.colcon_core.verb:set package 'sllidar_ros2' build argument 'cmake_clean_first' from command line to 'False'
[1.626s] Level 5:colcon.colcon_core.verb:set package 'sllidar_ros2' build argument 'cmake_force_configure' from command line to 'False'
[1.626s] Level 5:colcon.colcon_core.verb:set package 'sllidar_ros2' build argument 'ament_cmake_args' from command line to 'None'
[1.626s] Level 5:colcon.colcon_core.verb:set package 'sllidar_ros2' build argument 'catkin_cmake_args' from command line to 'None'
[1.626s] Level 5:colcon.colcon_core.verb:set package 'sllidar_ros2' build argument 'catkin_skip_building_tests' from command line to 'False'
[1.626s] DEBUG:colcon.colcon_core.verb:Building package 'sllidar_ros2' with the following arguments: {'ament_cmake_args': None, 'build_base': '/home/cricchetto/Robomaster_WS/build/sllidar_ros2', 'catkin_cmake_args': None, 'catkin_skip_building_tests': False, 'cmake_args': None, 'cmake_clean_cache': False, 'cmake_clean_first': False, 'cmake_force_configure': False, 'cmake_target': None, 'cmake_target_skip_unavailable': False, 'install_base': '/home/cricchetto/Robomaster_WS/install/sllidar_ros2', 'merge_install': False, 'path': '/home/cricchetto/Robomaster_WS/src/sllidar_ros2', 'symlink_install': False, 'test_result_base': None}
[1.627s] Level 5:colcon.colcon_core.verb:set package 'robomaster_ros' build argument 'cmake_args' from command line to 'None'
[1.627s] Level 5:colcon.colcon_core.verb:set package 'robomaster_ros' build argument 'cmake_target' from command line to 'None'
[1.628s] Level 5:colcon.colcon_core.verb:set package 'robomaster_ros' build argument 'cmake_target_skip_unavailable' from command line to 'False'
[1.628s] Level 5:colcon.colcon_core.verb:set package 'robomaster_ros' build argument 'cmake_clean_cache' from command line to 'False'
[1.628s] Level 5:colcon.colcon_core.verb:set package 'robomaster_ros' build argument 'cmake_clean_first' from command line to 'False'
[1.628s] Level 5:colcon.colcon_core.verb:set package 'robomaster_ros' build argument 'cmake_force_configure' from command line to 'False'
[1.628s] Level 5:colcon.colcon_core.verb:set package 'robomaster_ros' build argument 'ament_cmake_args' from command line to 'None'
[1.628s] Level 5:colcon.colcon_core.verb:set package 'robomaster_ros' build argument 'catkin_cmake_args' from command line to 'None'
[1.628s] Level 5:colcon.colcon_core.verb:set package 'robomaster_ros' build argument 'catkin_skip_building_tests' from command line to 'False'
[1.628s] DEBUG:colcon.colcon_core.verb:Building package 'robomaster_ros' with the following arguments: {'ament_cmake_args': None, 'build_base': '/home/cricchetto/Robomaster_WS/build/robomaster_ros', 'catkin_cmake_args': None, 'catkin_skip_building_tests': False, 'cmake_args': None, 'cmake_clean_cache': False, 'cmake_clean_first': False, 'cmake_force_configure': False, 'cmake_target': None, 'cmake_target_skip_unavailable': False, 'install_base': '/home/cricchetto/Robomaster_WS/install/robomaster_ros', 'merge_install': False, 'path': '/home/cricchetto/Robomaster_WS/src/robomaster_ros/robomaster_ros', 'symlink_install': False, 'test_result_base': None}
[1.629s] INFO:colcon.colcon_core.executor:Executing jobs using 'parallel' executor
[1.632s] DEBUG:colcon.colcon_parallel_executor.executor.parallel:run_until_complete
[1.633s] INFO:colcon.colcon_ros.task.ament_cmake.build:Building ROS package in '/home/cricchetto/Robomaster_WS/src/robomaster_ros/robomaster_msgs' with build type 'ament_cmake'
[1.634s] INFO:colcon.colcon_cmake.task.cmake.build:Building CMake package in '/home/cricchetto/Robomaster_WS/src/robomaster_ros/robomaster_msgs'
[1.645s] INFO:colcon.colcon_core.plugin_system:Skipping extension 'colcon_core.shell.bat': Not used on non-Windows systems
[1.646s] INFO:colcon.colcon_core.shell:Skip shell extension 'powershell' for command environment: Not usable outside of PowerShell
[1.646s] DEBUG:colcon.colcon_core.shell:Skip shell extension 'dsv' for command environment
[1.670s] INFO:colcon.colcon_ros.task.ament_python.build:Building ROS package in '/home/cricchetto/Robomaster_WS/src/drift' with build type 'ament_python'
[1.671s] Level 1:colcon.colcon_core.shell:create_environment_hook('drift', 'ament_prefix_path')
[1.673s] INFO:colcon.colcon_core.shell:Creating environment hook '/home/cricchetto/Robomaster_WS/install/drift/share/drift/hook/ament_prefix_path.ps1'
[1.676s] INFO:colcon.colcon_core.shell:Creating environment descriptor '/home/cricchetto/Robomaster_WS/install/drift/share/drift/hook/ament_prefix_path.dsv'
[1.679s] INFO:colcon.colcon_core.shell:Creating environment hook '/home/cricchetto/Robomaster_WS/install/drift/share/drift/hook/ament_prefix_path.sh'
[1.683s] INFO:colcon.colcon_core.shell:Skip shell extension 'powershell' for command environment: Not usable outside of PowerShell
[1.683s] DEBUG:colcon.colcon_core.shell:Skip shell extension 'dsv' for command environment
[1.705s] INFO:colcon.colcon_ros.task.ament_python.build:Building ROS package in '/home/cricchetto/Robomaster_WS/src/ep_control' with build type 'ament_python'
[1.705s] Level 1:colcon.colcon_core.shell:create_environment_hook('ep_control', 'ament_prefix_path')
[1.707s] INFO:colcon.colcon_core.shell:Creating environment hook '/home/cricchetto/Robomaster_WS/install/ep_control/share/ep_control/hook/ament_prefix_path.ps1'
[1.709s] INFO:colcon.colcon_core.shell:Creating environment descriptor '/home/cricchetto/Robomaster_WS/install/ep_control/share/ep_control/hook/ament_prefix_path.dsv'
[1.711s] INFO:colcon.colcon_core.shell:Creating environment hook '/home/cricchetto/Robomaster_WS/install/ep_control/share/ep_control/hook/ament_prefix_path.sh'
[1.715s] INFO:colcon.colcon_core.shell:Skip shell extension 'powershell' for command environment: Not usable outside of PowerShell
[1.715s] DEBUG:colcon.colcon_core.shell:Skip shell extension 'dsv' for command environment
[1.739s] INFO:colcon.colcon_ros.task.ament_cmake.build:Building ROS package in '/home/cricchetto/Robomaster_WS/src/m-explore-ros2/explore' with build type 'ament_cmake'
[1.739s] INFO:colcon.colcon_cmake.task.cmake.build:Building CMake package in '/home/cricchetto/Robomaster_WS/src/m-explore-ros2/explore'
[1.740s] INFO:colcon.colcon_core.shell:Skip shell extension 'powershell' for command environment: Not usable outside of PowerShell
[1.741s] DEBUG:colcon.colcon_core.shell:Skip shell extension 'dsv' for command environment
[1.782s] DEBUG:colcon.colcon_core.event_handler.log_command:Invoking command in '/home/cricchetto/Robomaster_WS/build/robomaster_msgs': CMAKE_PREFIX_PATH=${CMAKE_PREFIX_PATH}:/home/cricchetto/Robomaster_WS/install/robomaster_ros:/home/cricchetto/Robomaster_WS/install/nav2_simple_commander:/home/cricchetto/Robomaster_WS/install/ep_control:/home/cricchetto/Robomaster_WS/install/drift:/opt/ros/humble /usr/bin/cmake --build /home/cricchetto/Robomaster_WS/build/robomaster_msgs -- -j4 -l4
[3.376s] INFO:colcon.colcon_core.task.python.build:Building Python package in '/home/cricchetto/Robomaster_WS/src/drift'
[3.378s] INFO:colcon.colcon_core.shell:Skip shell extension 'powershell' for command environment: Not usable outside of PowerShell
[3.378s] DEBUG:colcon.colcon_core.shell:Skip shell extension 'dsv' for command environment
[4.626s] INFO:colcon.colcon_core.task.python.build:Building Python package in '/home/cricchetto/Robomaster_WS/src/ep_control'
[4.627s] INFO:colcon.colcon_core.shell:Skip shell extension 'powershell' for command environment: Not usable outside of PowerShell
[4.628s] DEBUG:colcon.colcon_core.shell:Skip shell extension 'dsv' for command environment
[4.691s] DEBUG:colcon.colcon_core.event_handler.log_command:Invoking command in '/home/cricchetto/Robomaster_WS/build/explore_lite': CMAKE_PREFIX_PATH=${CMAKE_PREFIX_PATH}:/home/cricchetto/Robomaster_WS/install/robomaster_ros:/home/cricchetto/Robomaster_WS/install/nav2_simple_commander:/home/cricchetto/Robomaster_WS/install/ep_control:/home/cricchetto/Robomaster_WS/install/drift:/opt/ros/humble /usr/bin/cmake --build /home/cricchetto/Robomaster_WS/build/explore_lite -- -j4 -l4
[4.692s] DEBUG:colcon.colcon_core.event_handler.log_command:Invoked command in '/home/cricchetto/Robomaster_WS/build/robomaster_msgs' returned '0': CMAKE_PREFIX_PATH=${CMAKE_PREFIX_PATH}:/home/cricchetto/Robomaster_WS/install/robomaster_ros:/home/cricchetto/Robomaster_WS/install/nav2_simple_commander:/home/cricchetto/Robomaster_WS/install/ep_control:/home/cricchetto/Robomaster_WS/install/drift:/opt/ros/humble /usr/bin/cmake --build /home/cricchetto/Robomaster_WS/build/robomaster_msgs -- -j4 -l4
[4.736s] DEBUG:colcon.colcon_core.event_handler.log_command:Invoking command in '/home/cricchetto/Robomaster_WS/build/robomaster_msgs': CMAKE_PREFIX_PATH=${CMAKE_PREFIX_PATH}:/home/cricchetto/Robomaster_WS/install/robomaster_ros:/home/cricchetto/Robomaster_WS/install/nav2_simple_commander:/home/cricchetto/Robomaster_WS/install/ep_control:/home/cricchetto/Robomaster_WS/install/drift:/opt/ros/humble /usr/bin/cmake --install /home/cricchetto/Robomaster_WS/build/robomaster_msgs
[5.681s] Level 1:colcon.colcon_core.environment:create_environment_scripts_only(robomaster_msgs)
[5.723s] DEBUG:colcon.colcon_core.event_handler.log_command:Invoked command in '/home/cricchetto/Robomaster_WS/build/explore_lite' returned '0': CMAKE_PREFIX_PATH=${CMAKE_PREFIX_PATH}:/home/cricchetto/Robomaster_WS/install/robomaster_ros:/home/cricchetto/Robomaster_WS/install/nav2_simple_commander:/home/cricchetto/Robomaster_WS/install/ep_control:/home/cricchetto/Robomaster_WS/install/drift:/opt/ros/humble /usr/bin/cmake --build /home/cricchetto/Robomaster_WS/build/explore_lite -- -j4 -l4
[5.725s] Level 1:colcon.colcon_core.environment:checking '/home/cricchetto/Robomaster_WS/install/robomaster_msgs' for CMake module files
[5.727s] DEBUG:colcon.colcon_core.event_handler.log_command:Invoking command in '/home/cricchetto/Robomaster_WS/build/explore_lite': CMAKE_PREFIX_PATH=${CMAKE_PREFIX_PATH}:/home/cricchetto/Robomaster_WS/install/robomaster_ros:/home/cricchetto/Robomaster_WS/install/nav2_simple_commander:/home/cricchetto/Robomaster_WS/install/ep_control:/home/cricchetto/Robomaster_WS/install/drift:/opt/ros/humble /usr/bin/cmake --install /home/cricchetto/Robomaster_WS/build/explore_lite
[5.736s] Level 1:colcon.colcon_core.environment:checking '/home/cricchetto/Robomaster_WS/install/robomaster_msgs' for CMake config files
[5.753s] Level 1:colcon.colcon_core.shell:create_environment_hook('robomaster_msgs', 'cmake_prefix_path')
[5.754s] INFO:colcon.colcon_core.shell:Creating environment hook '/home/cricchetto/Robomaster_WS/install/robomaster_msgs/share/robomaster_msgs/hook/cmake_prefix_path.ps1'
[5.758s] DEBUG:colcon.colcon_core.event_handler.log_command:Invoked command in '/home/cricchetto/Robomaster_WS/build/robomaster_msgs' returned '0': CMAKE_PREFIX_PATH=${CMAKE_PREFIX_PATH}:/home/cricchetto/Robomaster_WS/install/robomaster_ros:/home/cricchetto/Robomaster_WS/install/nav2_simple_commander:/home/cricchetto/Robomaster_WS/install/ep_control:/home/cricchetto/Robomaster_WS/install/drift:/opt/ros/humble /usr/bin/cmake --install /home/cricchetto/Robomaster_WS/build/robomaster_msgs
[5.763s] INFO:colcon.colcon_core.shell:Creating environment descriptor '/home/cricchetto/Robomaster_WS/install/robomaster_msgs/share/robomaster_msgs/hook/cmake_prefix_path.dsv'
[5.767s] INFO:colcon.colcon_core.shell:Creating environment hook '/home/cricchetto/Robomaster_WS/install/robomaster_msgs/share/robomaster_msgs/hook/cmake_prefix_path.sh'
[5.775s] Level 1:colcon.colcon_core.environment:checking '/home/cricchetto/Robomaster_WS/install/robomaster_msgs/lib'
[5.777s] Level 1:colcon.colcon_core.shell:create_environment_hook('robomaster_msgs', 'ld_library_path_lib')
[5.778s] INFO:colcon.colcon_core.shell:Creating environment hook '/home/cricchetto/Robomaster_WS/install/robomaster_msgs/share/robomaster_msgs/hook/ld_library_path_lib.ps1'
[5.782s] INFO:colcon.colcon_core.shell:Creating environment descriptor '/home/cricchetto/Robomaster_WS/install/robomaster_msgs/share/robomaster_msgs/hook/ld_library_path_lib.dsv'
[5.787s] INFO:colcon.colcon_core.shell:Creating environment hook '/home/cricchetto/Robomaster_WS/install/robomaster_msgs/share/robomaster_msgs/hook/ld_library_path_lib.sh'
[5.791s] Level 1:colcon.colcon_core.environment:checking '/home/cricchetto/Robomaster_WS/install/robomaster_msgs/bin'
[5.793s] Level 1:colcon.colcon_core.environment:checking '/home/cricchetto/Robomaster_WS/install/robomaster_msgs/lib/pkgconfig/robomaster_msgs.pc'
[5.794s] Level 1:colcon.colcon_core.environment:checking '/home/cricchetto/Robomaster_WS/install/robomaster_msgs/lib/python3.10/site-packages'
[5.797s] Level 1:colcon.colcon_core.environment:checking '/home/cricchetto/Robomaster_WS/install/robomaster_msgs/bin'
[5.798s] INFO:colcon.colcon_core.shell:Creating package script '/home/cricchetto/Robomaster_WS/install/robomaster_msgs/share/robomaster_msgs/package.ps1'
[5.804s] INFO:colcon.colcon_core.shell:Creating package descriptor '/home/cricchetto/Robomaster_WS/install/robomaster_msgs/share/robomaster_msgs/package.dsv'
[5.807s] INFO:colcon.colcon_core.shell:Creating package script '/home/cricchetto/Robomaster_WS/install/robomaster_msgs/share/robomaster_msgs/package.sh'
[5.811s] INFO:colcon.colcon_core.shell:Creating package script '/home/cricchetto/Robomaster_WS/install/robomaster_msgs/share/robomaster_msgs/package.bash'
[5.815s] INFO:colcon.colcon_core.shell:Creating package script '/home/cricchetto/Robomaster_WS/install/robomaster_msgs/share/robomaster_msgs/package.zsh'
[5.819s] Level 1:colcon.colcon_core.environment:create_file_with_runtime_dependencies(/home/cricchetto/Robomaster_WS/install/robomaster_msgs/share/colcon-core/packages/robomaster_msgs)
[5.822s] Level 1:colcon.colcon_core.environment:create_environment_scripts_only(robomaster_msgs)
[5.824s] Level 1:colcon.colcon_core.environment:checking '/home/cricchetto/Robomaster_WS/install/robomaster_msgs' for CMake module files
[5.828s] Level 1:colcon.colcon_core.environment:checking '/home/cricchetto/Robomaster_WS/install/robomaster_msgs' for CMake config files
[5.834s] Level 1:colcon.colcon_core.shell:create_environment_hook('robomaster_msgs', 'cmake_prefix_path')
[5.835s] INFO:colcon.colcon_core.shell:Creating environment hook '/home/cricchetto/Robomaster_WS/install/robomaster_msgs/share/robomaster_msgs/hook/cmake_prefix_path.ps1'
[5.837s] INFO:colcon.colcon_core.shell:Creating environment descriptor '/home/cricchetto/Robomaster_WS/install/robomaster_msgs/share/robomaster_msgs/hook/cmake_prefix_path.dsv'
[5.840s] INFO:colcon.colcon_core.shell:Creating environment hook '/home/cricchetto/Robomaster_WS/install/robomaster_msgs/share/robomaster_msgs/hook/cmake_prefix_path.sh'
[5.843s] Level 1:colcon.colcon_core.environment:checking '/home/cricchetto/Robomaster_WS/install/robomaster_msgs/lib'
[5.843s] Level 1:colcon.colcon_core.shell:create_environment_hook('robomaster_msgs', 'ld_library_path_lib')
[5.844s] INFO:colcon.colcon_core.shell:Creating environment hook '/home/cricchetto/Robomaster_WS/install/robomaster_msgs/share/robomaster_msgs/hook/ld_library_path_lib.ps1'
[5.847s] INFO:colcon.colcon_core.shell:Creating environment descriptor '/home/cricchetto/Robomaster_WS/install/robomaster_msgs/share/robomaster_msgs/hook/ld_library_path_lib.dsv'
[5.850s] INFO:colcon.colcon_core.shell:Creating environment hook '/home/cricchetto/Robomaster_WS/install/robomaster_msgs/share/robomaster_msgs/hook/ld_library_path_lib.sh'
[5.852s] Level 1:colcon.colcon_core.environment:checking '/home/cricchetto/Robomaster_WS/install/robomaster_msgs/bin'
[5.853s] Level 1:colcon.colcon_core.environment:checking '/home/cricchetto/Robomaster_WS/install/robomaster_msgs/lib/pkgconfig/robomaster_msgs.pc'
[5.854s] Level 1:colcon.colcon_core.environment:checking '/home/cricchetto/Robomaster_WS/install/robomaster_msgs/lib/python3.10/site-packages'
[5.856s] Level 1:colcon.colcon_core.environment:checking '/home/cricchetto/Robomaster_WS/install/robomaster_msgs/bin'
[5.857s] INFO:colcon.colcon_core.shell:Creating package script '/home/cricchetto/Robomaster_WS/install/robomaster_msgs/share/robomaster_msgs/package.ps1'
[5.860s] INFO:colcon.colcon_core.shell:Creating package descriptor '/home/cricchetto/Robomaster_WS/install/robomaster_msgs/share/robomaster_msgs/package.dsv'
[5.863s] INFO:colcon.colcon_core.shell:Creating package script '/home/cricchetto/Robomaster_WS/install/robomaster_msgs/share/robomaster_msgs/package.sh'
[5.866s] INFO:colcon.colcon_core.shell:Creating package script '/home/cricchetto/Robomaster_WS/install/robomaster_msgs/share/robomaster_msgs/package.bash'
[5.869s] INFO:colcon.colcon_core.shell:Creating package script '/home/cricchetto/Robomaster_WS/install/robomaster_msgs/share/robomaster_msgs/package.zsh'
[5.872s] Level 1:colcon.colcon_core.environment:create_file_with_runtime_dependencies(/home/cricchetto/Robomaster_WS/install/robomaster_msgs/share/colcon-core/packages/robomaster_msgs)
[5.875s] INFO:colcon.colcon_ros.task.ament_cmake.build:Building ROS package in '/home/cricchetto/Robomaster_WS/src/m-explore-ros2/map_merge' with build type 'ament_cmake'
[5.876s] INFO:colcon.colcon_cmake.task.cmake.build:Building CMake package in '/home/cricchetto/Robomaster_WS/src/m-explore-ros2/map_merge'
[5.877s] INFO:colcon.colcon_core.shell:Skip shell extension 'powershell' for command environment: Not usable outside of PowerShell
[5.878s] DEBUG:colcon.colcon_core.shell:Skip shell extension 'dsv' for command environment
[5.910s] Level 1:colcon.colcon_core.environment:create_environment_scripts_only(explore_lite)
[5.912s] DEBUG:colcon.colcon_core.event_handler.log_command:Invoked command in '/home/cricchetto/Robomaster_WS/build/explore_lite' returned '0': CMAKE_PREFIX_PATH=${CMAKE_PREFIX_PATH}:/home/cricchetto/Robomaster_WS/install/robomaster_ros:/home/cricchetto/Robomaster_WS/install/nav2_simple_commander:/home/cricchetto/Robomaster_WS/install/ep_control:/home/cricchetto/Robomaster_WS/install/drift:/opt/ros/humble /usr/bin/cmake --install /home/cricchetto/Robomaster_WS/build/explore_lite
[5.913s] Level 1:colcon.colcon_core.environment:checking '/home/cricchetto/Robomaster_WS/install/explore_lite' for CMake module files
[5.917s] Level 1:colcon.colcon_core.environment:checking '/home/cricchetto/Robomaster_WS/install/explore_lite' for CMake config files
[5.918s] Level 1:colcon.colcon_core.shell:create_environment_hook('explore_lite', 'cmake_prefix_path')
[5.919s] INFO:colcon.colcon_core.shell:Creating environment hook '/home/cricchetto/Robomaster_WS/install/explore_lite/share/explore_lite/hook/cmake_prefix_path.ps1'
[5.921s] INFO:colcon.colcon_core.shell:Creating environment descriptor '/home/cricchetto/Robomaster_WS/install/explore_lite/share/explore_lite/hook/cmake_prefix_path.dsv'
[5.924s] INFO:colcon.colcon_core.shell:Creating environment hook '/home/cricchetto/Robomaster_WS/install/explore_lite/share/explore_lite/hook/cmake_prefix_path.sh'
[5.927s] Level 1:colcon.colcon_core.environment:checking '/home/cricchetto/Robomaster_WS/install/explore_lite/lib'
[5.927s] Level 1:colcon.colcon_core.environment:checking '/home/cricchetto/Robomaster_WS/install/explore_lite/bin'
[5.928s] Level 1:colcon.colcon_core.environment:checking '/home/cricchetto/Robomaster_WS/install/explore_lite/lib/pkgconfig/explore_lite.pc'
[5.929s] Level 1:colcon.colcon_core.environment:checking '/home/cricchetto/Robomaster_WS/install/explore_lite/lib/python3.10/site-packages'
[5.931s] Level 1:colcon.colcon_core.environment:checking '/home/cricchetto/Robomaster_WS/install/explore_lite/bin'
[5.932s] INFO:colcon.colcon_core.shell:Creating package script '/home/cricchetto/Robomaster_WS/install/explore_lite/share/explore_lite/package.ps1'
[5.935s] INFO:colcon.colcon_core.shell:Creating package descriptor '/home/cricchetto/Robomaster_WS/install/explore_lite/share/explore_lite/package.dsv'
[5.937s] INFO:colcon.colcon_core.shell:Creating package script '/home/cricchetto/Robomaster_WS/install/explore_lite/share/explore_lite/package.sh'
[5.940s] INFO:colcon.colcon_core.shell:Creating package script '/home/cricchetto/Robomaster_WS/install/explore_lite/share/explore_lite/package.bash'
[5.942s] INFO:colcon.colcon_core.shell:Creating package script '/home/cricchetto/Robomaster_WS/install/explore_lite/share/explore_lite/package.zsh'
[5.944s] Level 1:colcon.colcon_core.environment:create_file_with_runtime_dependencies(/home/cricchetto/Robomaster_WS/install/explore_lite/share/colcon-core/packages/explore_lite)
[5.947s] Level 1:colcon.colcon_core.environment:create_environment_scripts_only(explore_lite)
[5.949s] Level 1:colcon.colcon_core.environment:checking '/home/cricchetto/Robomaster_WS/install/explore_lite' for CMake module files
[5.952s] Level 1:colcon.colcon_core.environment:checking '/home/cricchetto/Robomaster_WS/install/explore_lite' for CMake config files
[5.953s] Level 1:colcon.colcon_core.shell:create_environment_hook('explore_lite', 'cmake_prefix_path')
[5.954s] INFO:colcon.colcon_core.shell:Creating environment hook '/home/cricchetto/Robomaster_WS/install/explore_lite/share/explore_lite/hook/cmake_prefix_path.ps1'
[5.956s] INFO:colcon.colcon_core.shell:Creating environment descriptor '/home/cricchetto/Robomaster_WS/install/explore_lite/share/explore_lite/hook/cmake_prefix_path.dsv'
[5.959s] INFO:colcon.colcon_core.shell:Creating environment hook '/home/cricchetto/Robomaster_WS/install/explore_lite/share/explore_lite/hook/cmake_prefix_path.sh'
[5.962s] Level 1:colcon.colcon_core.environment:checking '/home/cricchetto/Robomaster_WS/install/explore_lite/lib'
[5.963s] Level 1:colcon.colcon_core.environment:checking '/home/cricchetto/Robomaster_WS/install/explore_lite/bin'
[5.963s] Level 1:colcon.colcon_core.environment:checking '/home/cricchetto/Robomaster_WS/install/explore_lite/lib/pkgconfig/explore_lite.pc'
[5.964s] Level 1:colcon.colcon_core.environment:checking '/home/cricchetto/Robomaster_WS/install/explore_lite/lib/python3.10/site-packages'
[5.966s] Level 1:colcon.colcon_core.environment:checking '/home/cricchetto/Robomaster_WS/install/explore_lite/bin'
[5.967s] INFO:colcon.colcon_core.shell:Creating package script '/home/cricchetto/Robomaster_WS/install/explore_lite/share/explore_lite/package.ps1'
[5.970s] INFO:colcon.colcon_core.shell:Creating package descriptor '/home/cricchetto/Robomaster_WS/install/explore_lite/share/explore_lite/package.dsv'
[5.973s] INFO:colcon.colcon_core.shell:Creating package script '/home/cricchetto/Robomaster_WS/install/explore_lite/share/explore_lite/package.sh'
[5.976s] INFO:colcon.colcon_core.shell:Creating package script '/home/cricchetto/Robomaster_WS/install/explore_lite/share/explore_lite/package.bash'
[5.978s] INFO:colcon.colcon_core.shell:Creating package script '/home/cricchetto/Robomaster_WS/install/explore_lite/share/explore_lite/package.zsh'
[5.981s] Level 1:colcon.colcon_core.environment:create_file_with_runtime_dependencies(/home/cricchetto/Robomaster_WS/install/explore_lite/share/colcon-core/packages/explore_lite)
[5.985s] INFO:colcon.colcon_ros.task.ament_cmake.build:Building ROS package in '/home/cricchetto/Robomaster_WS/src/robomaster_ros/robomaster_description' with build type 'ament_cmake'
[5.986s] INFO:colcon.colcon_cmake.task.cmake.build:Building CMake package in '/home/cricchetto/Robomaster_WS/src/robomaster_ros/robomaster_description'
[5.987s] INFO:colcon.colcon_core.shell:Skip shell extension 'powershell' for command environment: Not usable outside of PowerShell
[5.987s] DEBUG:colcon.colcon_core.shell:Skip shell extension 'dsv' for command environment
[6.029s] DEBUG:colcon.colcon_core.event_handler.log_command:Invoking command in '/home/cricchetto/Robomaster_WS/build/multirobot_map_merge': CMAKE_PREFIX_PATH=${CMAKE_PREFIX_PATH}:/home/cricchetto/Robomaster_WS/install/robomaster_ros:/home/cricchetto/Robomaster_WS/install/nav2_simple_commander:/home/cricchetto/Robomaster_WS/install/ep_control:/home/cricchetto/Robomaster_WS/install/drift:/opt/ros/humble /usr/bin/cmake --build /home/cricchetto/Robomaster_WS/build/multirobot_map_merge -- -j4 -l4
[6.061s] DEBUG:colcon.colcon_core.event_handler.log_command:Invoking command in '/home/cricchetto/Robomaster_WS/build/robomaster_description': CMAKE_PREFIX_PATH=${CMAKE_PREFIX_PATH}:/home/cricchetto/Robomaster_WS/install/robomaster_ros:/home/cricchetto/Robomaster_WS/install/nav2_simple_commander:/home/cricchetto/Robomaster_WS/install/ep_control:/home/cricchetto/Robomaster_WS/install/drift:/opt/ros/humble /usr/bin/cmake --build /home/cricchetto/Robomaster_WS/build/robomaster_description -- -j4 -l4
[6.322s] DEBUG:colcon.colcon_core.event_handler.log_command:Invoked command in '/home/cricchetto/Robomaster_WS/build/robomaster_description' returned '0': CMAKE_PREFIX_PATH=${CMAKE_PREFIX_PATH}:/home/cricchetto/Robomaster_WS/install/robomaster_ros:/home/cricchetto/Robomaster_WS/install/nav2_simple_commander:/home/cricchetto/Robomaster_WS/install/ep_control:/home/cricchetto/Robomaster_WS/install/drift:/opt/ros/humble /usr/bin/cmake --build /home/cricchetto/Robomaster_WS/build/robomaster_description -- -j4 -l4
[6.324s] DEBUG:colcon.colcon_core.event_handler.log_command:Invoking command in '/home/cricchetto/Robomaster_WS/build/robomaster_description': CMAKE_PREFIX_PATH=${CMAKE_PREFIX_PATH}:/home/cricchetto/Robomaster_WS/install/robomaster_ros:/home/cricchetto/Robomaster_WS/install/nav2_simple_commander:/home/cricchetto/Robomaster_WS/install/ep_control:/home/cricchetto/Robomaster_WS/install/drift:/opt/ros/humble /usr/bin/cmake --install /home/cricchetto/Robomaster_WS/build/robomaster_description
[6.511s] Level 1:colcon.colcon_core.environment:create_environment_scripts_only(robomaster_description)
[6.512s] Level 1:colcon.colcon_core.environment:checking '/home/cricchetto/Robomaster_WS/install/robomaster_description' for CMake module files
[6.515s] Level 1:colcon.colcon_core.environment:checking '/home/cricchetto/Robomaster_WS/install/robomaster_description' for CMake config files
[6.519s] Level 1:colcon.colcon_core.shell:create_environment_hook('robomaster_description', 'cmake_prefix_path')
[6.532s] INFO:colcon.colcon_core.shell:Creating environment hook '/home/cricchetto/Robomaster_WS/install/robomaster_description/share/robomaster_description/hook/cmake_prefix_path.ps1'
[6.555s] INFO:colcon.colcon_core.shell:Creating environment descriptor '/home/cricchetto/Robomaster_WS/install/robomaster_description/share/robomaster_description/hook/cmake_prefix_path.dsv'
[6.558s] INFO:colcon.colcon_core.shell:Creating environment hook '/home/cricchetto/Robomaster_WS/install/robomaster_description/share/robomaster_description/hook/cmake_prefix_path.sh'
[6.562s] Level 1:colcon.colcon_core.environment:checking '/home/cricchetto/Robomaster_WS/install/robomaster_description/bin'
[6.562s] Level 1:colcon.colcon_core.environment:checking '/home/cricchetto/Robomaster_WS/install/robomaster_description/lib/pkgconfig/robomaster_description.pc'
[6.564s] Level 1:colcon.colcon_core.environment:checking '/home/cricchetto/Robomaster_WS/install/robomaster_description/lib/python3.10/site-packages'
[6.567s] Level 1:colcon.colcon_core.environment:checking '/home/cricchetto/Robomaster_WS/install/robomaster_description/bin'
[6.589s] INFO:colcon.colcon_core.shell:Creating package script '/home/cricchetto/Robomaster_WS/install/robomaster_description/share/robomaster_description/package.ps1'
[6.593s] INFO:colcon.colcon_core.shell:Creating package descriptor '/home/cricchetto/Robomaster_WS/install/robomaster_description/share/robomaster_description/package.dsv'
[6.596s] INFO:colcon.colcon_core.shell:Creating package script '/home/cricchetto/Robomaster_WS/install/robomaster_description/share/robomaster_description/package.sh'
[6.608s] INFO:colcon.colcon_core.shell:Creating package script '/home/cricchetto/Robomaster_WS/install/robomaster_description/share/robomaster_description/package.bash'
[6.611s] INFO:colcon.colcon_core.shell:Creating package script '/home/cricchetto/Robomaster_WS/install/robomaster_description/share/robomaster_description/package.zsh'
[6.614s] Level 1:colcon.colcon_core.environment:create_file_with_runtime_dependencies(/home/cricchetto/Robomaster_WS/install/robomaster_description/share/colcon-core/packages/robomaster_description)
[6.618s] Level 1:colcon.colcon_core.environment:create_environment_scripts_only(robomaster_description)
[6.619s] Level 1:colcon.colcon_core.environment:checking '/home/cricchetto/Robomaster_WS/install/robomaster_description' for CMake module files
[6.622s] Level 1:colcon.colcon_core.environment:checking '/home/cricchetto/Robomaster_WS/install/robomaster_description' for CMake config files
[6.626s] DEBUG:colcon.colcon_core.event_handler.log_command:Invoked command in '/home/cricchetto/Robomaster_WS/build/robomaster_description' returned '0': CMAKE_PREFIX_PATH=${CMAKE_PREFIX_PATH}:/home/cricchetto/Robomaster_WS/install/robomaster_ros:/home/cricchetto/Robomaster_WS/install/nav2_simple_commander:/home/cricchetto/Robomaster_WS/install/ep_control:/home/cricchetto/Robomaster_WS/install/drift:/opt/ros/humble /usr/bin/cmake --install /home/cricchetto/Robomaster_WS/build/robomaster_description
[6.629s] Level 1:colcon.colcon_core.shell:create_environment_hook('robomaster_description', 'cmake_prefix_path')
[6.630s] INFO:colcon.colcon_core.shell:Creating environment hook '/home/cricchetto/Robomaster_WS/install/robomaster_description/share/robomaster_description/hook/cmake_prefix_path.ps1'
[6.633s] INFO:colcon.colcon_core.shell:Creating environment descriptor '/home/cricchetto/Robomaster_WS/install/robomaster_description/share/robomaster_description/hook/cmake_prefix_path.dsv'
[6.635s] INFO:colcon.colcon_core.shell:Creating environment hook '/home/cricchetto/Robomaster_WS/install/robomaster_description/share/robomaster_description/hook/cmake_prefix_path.sh'
[6.640s] Level 1:colcon.colcon_core.environment:checking '/home/cricchetto/Robomaster_WS/install/robomaster_description/bin'
[6.640s] Level 1:colcon.colcon_core.environment:checking '/home/cricchetto/Robomaster_WS/install/robomaster_description/lib/pkgconfig/robomaster_description.pc'
[6.641s] Level 1:colcon.colcon_core.environment:checking '/home/cricchetto/Robomaster_WS/install/robomaster_description/lib/python3.10/site-packages'
[6.643s] Level 1:colcon.colcon_core.environment:checking '/home/cricchetto/Robomaster_WS/install/robomaster_description/bin'
[6.645s] INFO:colcon.colcon_core.shell:Creating package script '/home/cricchetto/Robomaster_WS/install/robomaster_description/share/robomaster_description/package.ps1'
[6.647s] INFO:colcon.colcon_core.shell:Creating package descriptor '/home/cricchetto/Robomaster_WS/install/robomaster_description/share/robomaster_description/package.dsv'
[6.650s] INFO:colcon.colcon_core.shell:Creating package script '/home/cricchetto/Robomaster_WS/install/robomaster_description/share/robomaster_description/package.sh'
[6.653s] INFO:colcon.colcon_core.shell:Creating package script '/home/cricchetto/Robomaster_WS/install/robomaster_description/share/robomaster_description/package.bash'
[6.656s] INFO:colcon.colcon_core.shell:Creating package script '/home/cricchetto/Robomaster_WS/install/robomaster_description/share/robomaster_description/package.zsh'
[6.659s] Level 1:colcon.colcon_core.environment:create_file_with_runtime_dependencies(/home/cricchetto/Robomaster_WS/install/robomaster_description/share/colcon-core/packages/robomaster_description)
[6.663s] INFO:colcon.colcon_ros.task.ament_cmake.build:Building ROS package in '/home/cricchetto/Robomaster_WS/src/sllidar_ros2' with build type 'ament_cmake'
[6.664s] INFO:colcon.colcon_cmake.task.cmake.build:Building CMake package in '/home/cricchetto/Robomaster_WS/src/sllidar_ros2'
[6.665s] INFO:colcon.colcon_core.shell:Skip shell extension 'powershell' for command environment: Not usable outside of PowerShell
[6.666s] DEBUG:colcon.colcon_core.shell:Skip shell extension 'dsv' for command environment
[6.750s] DEBUG:colcon.colcon_core.event_handler.log_command:Invoking command in '/home/cricchetto/Robomaster_WS/build/sllidar_ros2': CMAKE_PREFIX_PATH=${CMAKE_PREFIX_PATH}:/home/cricchetto/Robomaster_WS/install/robomaster_ros:/home/cricchetto/Robomaster_WS/install/nav2_simple_commander:/home/cricchetto/Robomaster_WS/install/ep_control:/home/cricchetto/Robomaster_WS/install/drift:/opt/ros/humble /usr/bin/cmake --build /home/cricchetto/Robomaster_WS/build/sllidar_ros2 -- -j4 -l4
[6.815s] DEBUG:colcon.colcon_core.event_handler.log_command:Invoked command in '/home/cricchetto/Robomaster_WS/build/multirobot_map_merge' returned '0': CMAKE_PREFIX_PATH=${CMAKE_PREFIX_PATH}:/home/cricchetto/Robomaster_WS/install/robomaster_ros:/home/cricchetto/Robomaster_WS/install/nav2_simple_commander:/home/cricchetto/Robomaster_WS/install/ep_control:/home/cricchetto/Robomaster_WS/install/drift:/opt/ros/humble /usr/bin/cmake --build /home/cricchetto/Robomaster_WS/build/multirobot_map_merge -- -j4 -l4
[6.817s] DEBUG:colcon.colcon_core.event_handler.log_command:Invoking command in '/home/cricchetto/Robomaster_WS/build/multirobot_map_merge': CMAKE_PREFIX_PATH=${CMAKE_PREFIX_PATH}:/home/cricchetto/Robomaster_WS/install/robomaster_ros:/home/cricchetto/Robomaster_WS/install/nav2_simple_commander:/home/cricchetto/Robomaster_WS/install/ep_control:/home/cricchetto/Robomaster_WS/install/drift:/opt/ros/humble /usr/bin/cmake --install /home/cricchetto/Robomaster_WS/build/multirobot_map_merge
[6.906s] Level 1:colcon.colcon_core.environment:create_environment_scripts_only(multirobot_map_merge)
[6.908s] Level 1:colcon.colcon_core.environment:checking '/home/cricchetto/Robomaster_WS/install/multirobot_map_merge' for CMake module files
[6.912s] Level 1:colcon.colcon_core.environment:checking '/home/cricchetto/Robomaster_WS/install/multirobot_map_merge' for CMake config files
[6.914s] Level 1:colcon.colcon_core.shell:create_environment_hook('multirobot_map_merge', 'cmake_prefix_path')
[6.916s] INFO:colcon.colcon_core.shell:Creating environment hook '/home/cricchetto/Robomaster_WS/install/multirobot_map_merge/share/multirobot_map_merge/hook/cmake_prefix_path.ps1'
[6.925s] DEBUG:colcon.colcon_core.event_handler.log_command:Invoked command in '/home/cricchetto/Robomaster_WS/build/multirobot_map_merge' returned '0': CMAKE_PREFIX_PATH=${CMAKE_PREFIX_PATH}:/home/cricchetto/Robomaster_WS/install/robomaster_ros:/home/cricchetto/Robomaster_WS/install/nav2_simple_commander:/home/cricchetto/Robomaster_WS/install/ep_control:/home/cricchetto/Robomaster_WS/install/drift:/opt/ros/humble /usr/bin/cmake --install /home/cricchetto/Robomaster_WS/build/multirobot_map_merge
[6.926s] INFO:colcon.colcon_core.shell:Creating environment descriptor '/home/cricchetto/Robomaster_WS/install/multirobot_map_merge/share/multirobot_map_merge/hook/cmake_prefix_path.dsv'
[6.928s] INFO:colcon.colcon_core.shell:Creating environment hook '/home/cricchetto/Robomaster_WS/install/multirobot_map_merge/share/multirobot_map_merge/hook/cmake_prefix_path.sh'
[6.932s] Level 1:colcon.colcon_core.environment:checking '/home/cricchetto/Robomaster_WS/install/multirobot_map_merge/lib'
[6.933s] Level 1:colcon.colcon_core.environment:checking '/home/cricchetto/Robomaster_WS/install/multirobot_map_merge/bin'
[6.933s] Level 1:colcon.colcon_core.environment:checking '/home/cricchetto/Robomaster_WS/install/multirobot_map_merge/lib/pkgconfig/multirobot_map_merge.pc'
[6.935s] Level 1:colcon.colcon_core.environment:checking '/home/cricchetto/Robomaster_WS/install/multirobot_map_merge/lib/python3.10/site-packages'
[6.937s] Level 1:colcon.colcon_core.environment:checking '/home/cricchetto/Robomaster_WS/install/multirobot_map_merge/bin'
[6.938s] INFO:colcon.colcon_core.shell:Creating package script '/home/cricchetto/Robomaster_WS/install/multirobot_map_merge/share/multirobot_map_merge/package.ps1'
[6.941s] INFO:colcon.colcon_core.shell:Creating package descriptor '/home/cricchetto/Robomaster_WS/install/multirobot_map_merge/share/multirobot_map_merge/package.dsv'
[6.944s] INFO:colcon.colcon_core.shell:Creating package script '/home/cricchetto/Robomaster_WS/install/multirobot_map_merge/share/multirobot_map_merge/package.sh'
[6.947s] INFO:colcon.colcon_core.shell:Creating package script '/home/cricchetto/Robomaster_WS/install/multirobot_map_merge/share/multirobot_map_merge/package.bash'
[6.951s] INFO:colcon.colcon_core.shell:Creating package script '/home/cricchetto/Robomaster_WS/install/multirobot_map_merge/share/multirobot_map_merge/package.zsh'
[6.953s] Level 1:colcon.colcon_core.environment:create_file_with_runtime_dependencies(/home/cricchetto/Robomaster_WS/install/multirobot_map_merge/share/colcon-core/packages/multirobot_map_merge)
[6.957s] Level 1:colcon.colcon_core.environment:create_environment_scripts_only(multirobot_map_merge)
[6.958s] Level 1:colcon.colcon_core.environment:checking '/home/cricchetto/Robomaster_WS/install/multirobot_map_merge' for CMake module files
[6.962s] Level 1:colcon.colcon_core.environment:checking '/home/cricchetto/Robomaster_WS/install/multirobot_map_merge' for CMake config files
[6.966s] Level 1:colcon.colcon_core.shell:create_environment_hook('multirobot_map_merge', 'cmake_prefix_path')
[6.967s] INFO:colcon.colcon_core.shell:Creating environment hook '/home/cricchetto/Robomaster_WS/install/multirobot_map_merge/share/multirobot_map_merge/hook/cmake_prefix_path.ps1'
[6.970s] INFO:colcon.colcon_core.shell:Creating environment descriptor '/home/cricchetto/Robomaster_WS/install/multirobot_map_merge/share/multirobot_map_merge/hook/cmake_prefix_path.dsv'
[6.972s] INFO:colcon.colcon_core.shell:Creating environment hook '/home/cricchetto/Robomaster_WS/install/multirobot_map_merge/share/multirobot_map_merge/hook/cmake_prefix_path.sh'
[6.975s] Level 1:colcon.colcon_core.environment:checking '/home/cricchetto/Robomaster_WS/install/multirobot_map_merge/lib'
[6.976s] Level 1:colcon.colcon_core.environment:checking '/home/cricchetto/Robomaster_WS/install/multirobot_map_merge/bin'
[6.977s] Level 1:colcon.colcon_core.environment:checking '/home/cricchetto/Robomaster_WS/install/multirobot_map_merge/lib/pkgconfig/multirobot_map_merge.pc'
[6.978s] Level 1:colcon.colcon_core.environment:checking '/home/cricchetto/Robomaster_WS/install/multirobot_map_merge/lib/python3.10/site-packages'
[6.980s] Level 1:colcon.colcon_core.environment:checking '/home/cricchetto/Robomaster_WS/install/multirobot_map_merge/bin'
[6.982s] INFO:colcon.colcon_core.shell:Creating package script '/home/cricchetto/Robomaster_WS/install/multirobot_map_merge/share/multirobot_map_merge/package.ps1'
[6.985s] INFO:colcon.colcon_core.shell:Creating package descriptor '/home/cricchetto/Robomaster_WS/install/multirobot_map_merge/share/multirobot_map_merge/package.dsv'
[6.988s] INFO:colcon.colcon_core.shell:Creating package script '/home/cricchetto/Robomaster_WS/install/multirobot_map_merge/share/multirobot_map_merge/package.sh'
[6.990s] INFO:colcon.colcon_core.shell:Creating package script '/home/cricchetto/Robomaster_WS/install/multirobot_map_merge/share/multirobot_map_merge/package.bash'
[6.993s] INFO:colcon.colcon_core.shell:Creating package script '/home/cricchetto/Robomaster_WS/install/multirobot_map_merge/share/multirobot_map_merge/package.zsh'
[6.996s] Level 1:colcon.colcon_core.environment:create_file_with_runtime_dependencies(/home/cricchetto/Robomaster_WS/install/multirobot_map_merge/share/colcon-core/packages/multirobot_map_merge)
[7.000s] INFO:colcon.colcon_ros.task.ament_python.build:Building ROS package in '/home/cricchetto/Robomaster_WS/src/robomaster_ros/robomaster_ros' with build type 'ament_python'
[7.002s] Level 1:colcon.colcon_core.shell:create_environment_hook('robomaster_ros', 'ament_prefix_path')
[7.003s] INFO:colcon.colcon_core.shell:Creating environment hook '/home/cricchetto/Robomaster_WS/install/robomaster_ros/share/robomaster_ros/hook/ament_prefix_path.ps1'
[7.006s] INFO:colcon.colcon_core.shell:Creating environment descriptor '/home/cricchetto/Robomaster_WS/install/robomaster_ros/share/robomaster_ros/hook/ament_prefix_path.dsv'
[7.010s] INFO:colcon.colcon_core.shell:Creating environment hook '/home/cricchetto/Robomaster_WS/install/robomaster_ros/share/robomaster_ros/hook/ament_prefix_path.sh'
[7.014s] INFO:colcon.colcon_core.shell:Skip shell extension 'powershell' for command environment: Not usable outside of PowerShell
[7.014s] DEBUG:colcon.colcon_core.shell:Skip shell extension 'dsv' for command environment
[8.394s] INFO:colcon.colcon_core.task.python.build:Building Python package in '/home/cricchetto/Robomaster_WS/src/robomaster_ros/robomaster_ros'
[8.396s] INFO:colcon.colcon_core.shell:Skip shell extension 'powershell' for command environment: Not usable outside of PowerShell
[8.396s] DEBUG:colcon.colcon_core.shell:Skip shell extension 'dsv' for command environment
[8.450s] DEBUG:colcon.colcon_core.event_handler.log_command:Invoking command in '/home/cricchetto/Robomaster_WS/src/ep_control': PYTHONPATH=/home/cricchetto/Robomaster_WS/build/ep_control/prefix_override:/usr/lib/python3/dist-packages/colcon_core/task/python/colcon_distutils_commands:/home/cricchetto/Robomaster_WS/install/ep_control/lib/python3.10/site-packages:${PYTHONPATH} /usr/bin/python3 -W ignore:setup.py install is deprecated -W ignore:easy_install command is deprecated setup.py egg_info --egg-base ../../build/ep_control build --build-base /home/cricchetto/Robomaster_WS/build/ep_control/build install --record /home/cricchetto/Robomaster_WS/build/ep_control/install.log --single-version-externally-managed install_data
[8.462s] DEBUG:colcon.colcon_core.event_handler.log_command:Invoking command in '/home/cricchetto/Robomaster_WS/src/drift': PYTHONPATH=/home/cricchetto/Robomaster_WS/build/drift/prefix_override:/usr/lib/python3/dist-packages/colcon_core/task/python/colcon_distutils_commands:/home/cricchetto/Robomaster_WS/install/drift/lib/python3.10/site-packages:${PYTHONPATH} /usr/bin/python3 -W ignore:setup.py install is deprecated -W ignore:easy_install command is deprecated setup.py egg_info --egg-base ../../build/drift build --build-base /home/cricchetto/Robomaster_WS/build/drift/build install --record /home/cricchetto/Robomaster_WS/build/drift/install.log --single-version-externally-managed install_data
[8.463s] DEBUG:colcon.colcon_core.event_handler.log_command:Invoked command in '/home/cricchetto/Robomaster_WS/build/sllidar_ros2' returned '0': CMAKE_PREFIX_PATH=${CMAKE_PREFIX_PATH}:/home/cricchetto/Robomaster_WS/install/robomaster_ros:/home/cricchetto/Robomaster_WS/install/nav2_simple_commander:/home/cricchetto/Robomaster_WS/install/ep_control:/home/cricchetto/Robomaster_WS/install/drift:/opt/ros/humble /usr/bin/cmake --build /home/cricchetto/Robomaster_WS/build/sllidar_ros2 -- -j4 -l4
[8.465s] DEBUG:colcon.colcon_core.event_handler.log_command:Invoking command in '/home/cricchetto/Robomaster_WS/build/sllidar_ros2': CMAKE_PREFIX_PATH=${CMAKE_PREFIX_PATH}:/home/cricchetto/Robomaster_WS/install/robomaster_ros:/home/cricchetto/Robomaster_WS/install/nav2_simple_commander:/home/cricchetto/Robomaster_WS/install/ep_control:/home/cricchetto/Robomaster_WS/install/drift:/opt/ros/humble /usr/bin/cmake --install /home/cricchetto/Robomaster_WS/build/sllidar_ros2
[8.535s] Level 1:colcon.colcon_core.environment:create_environment_scripts_only(sllidar_ros2)
[8.536s] Level 1:colcon.colcon_core.environment:checking '/home/cricchetto/Robomaster_WS/install/sllidar_ros2' for CMake module files
[8.540s] Level 1:colcon.colcon_core.environment:checking '/home/cricchetto/Robomaster_WS/install/sllidar_ros2' for CMake config files
[8.542s] Level 1:colcon.colcon_core.shell:create_environment_hook('sllidar_ros2', 'cmake_prefix_path')
[8.543s] INFO:colcon.colcon_core.shell:Creating environment hook '/home/cricchetto/Robomaster_WS/install/sllidar_ros2/share/sllidar_ros2/hook/cmake_prefix_path.ps1'
[8.561s] INFO:colcon.colcon_core.shell:Creating environment descriptor '/home/cricchetto/Robomaster_WS/install/sllidar_ros2/share/sllidar_ros2/hook/cmake_prefix_path.dsv'
[8.563s] INFO:colcon.colcon_core.shell:Creating environment hook '/home/cricchetto/Robomaster_WS/install/sllidar_ros2/share/sllidar_ros2/hook/cmake_prefix_path.sh'
[8.566s] Level 1:colcon.colcon_core.environment:checking '/home/cricchetto/Robomaster_WS/install/sllidar_ros2/lib'
[8.567s] Level 1:colcon.colcon_core.environment:checking '/home/cricchetto/Robomaster_WS/install/sllidar_ros2/bin'
[8.567s] Level 1:colcon.colcon_core.environment:checking '/home/cricchetto/Robomaster_WS/install/sllidar_ros2/lib/pkgconfig/sllidar_ros2.pc'
[8.569s] Level 1:colcon.colcon_core.environment:checking '/home/cricchetto/Robomaster_WS/install/sllidar_ros2/lib/python3.10/site-packages'
[8.570s] Level 1:colcon.colcon_core.environment:checking '/home/cricchetto/Robomaster_WS/install/sllidar_ros2/bin'
[8.572s] INFO:colcon.colcon_core.shell:Creating package script '/home/cricchetto/Robomaster_WS/install/sllidar_ros2/share/sllidar_ros2/package.ps1'
[8.578s] DEBUG:colcon.colcon_core.event_handler.log_command:Invoked command in '/home/cricchetto/Robomaster_WS/build/sllidar_ros2' returned '0': CMAKE_PREFIX_PATH=${CMAKE_PREFIX_PATH}:/home/cricchetto/Robomaster_WS/install/robomaster_ros:/home/cricchetto/Robomaster_WS/install/nav2_simple_commander:/home/cricchetto/Robomaster_WS/install/ep_control:/home/cricchetto/Robomaster_WS/install/drift:/opt/ros/humble /usr/bin/cmake --install /home/cricchetto/Robomaster_WS/build/sllidar_ros2
[8.578s] INFO:colcon.colcon_core.shell:Creating package descriptor '/home/cricchetto/Robomaster_WS/install/sllidar_ros2/share/sllidar_ros2/package.dsv'
[8.581s] INFO:colcon.colcon_core.shell:Creating package script '/home/cricchetto/Robomaster_WS/install/sllidar_ros2/share/sllidar_ros2/package.sh'
[8.584s] INFO:colcon.colcon_core.shell:Creating package script '/home/cricchetto/Robomaster_WS/install/sllidar_ros2/share/sllidar_ros2/package.bash'
[8.587s] INFO:colcon.colcon_core.shell:Creating package script '/home/cricchetto/Robomaster_WS/install/sllidar_ros2/share/sllidar_ros2/package.zsh'
[8.589s] Level 1:colcon.colcon_core.environment:create_file_with_runtime_dependencies(/home/cricchetto/Robomaster_WS/install/sllidar_ros2/share/colcon-core/packages/sllidar_ros2)
[8.593s] Level 1:colcon.colcon_core.environment:create_environment_scripts_only(sllidar_ros2)
[8.594s] Level 1:colcon.colcon_core.environment:checking '/home/cricchetto/Robomaster_WS/install/sllidar_ros2' for CMake module files
[8.598s] Level 1:colcon.colcon_core.environment:checking '/home/cricchetto/Robomaster_WS/install/sllidar_ros2' for CMake config files
[8.600s] Level 1:colcon.colcon_core.shell:create_environment_hook('sllidar_ros2', 'cmake_prefix_path')
[8.601s] INFO:colcon.colcon_core.shell:Creating environment hook '/home/cricchetto/Robomaster_WS/install/sllidar_ros2/share/sllidar_ros2/hook/cmake_prefix_path.ps1'
[8.604s] INFO:colcon.colcon_core.shell:Creating environment descriptor '/home/cricchetto/Robomaster_WS/install/sllidar_ros2/share/sllidar_ros2/hook/cmake_prefix_path.dsv'
[8.607s] INFO:colcon.colcon_core.shell:Creating environment hook '/home/cricchetto/Robomaster_WS/install/sllidar_ros2/share/sllidar_ros2/hook/cmake_prefix_path.sh'
[8.611s] Level 1:colcon.colcon_core.environment:checking '/home/cricchetto/Robomaster_WS/install/sllidar_ros2/lib'
[8.611s] Level 1:colcon.colcon_core.environment:checking '/home/cricchetto/Robomaster_WS/install/sllidar_ros2/bin'
[8.612s] Level 1:colcon.colcon_core.environment:checking '/home/cricchetto/Robomaster_WS/install/sllidar_ros2/lib/pkgconfig/sllidar_ros2.pc'
[8.613s] Level 1:colcon.colcon_core.environment:checking '/home/cricchetto/Robomaster_WS/install/sllidar_ros2/lib/python3.10/site-packages'
[8.615s] Level 1:colcon.colcon_core.environment:checking '/home/cricchetto/Robomaster_WS/install/sllidar_ros2/bin'
[8.617s] INFO:colcon.colcon_core.shell:Creating package script '/home/cricchetto/Robomaster_WS/install/sllidar_ros2/share/sllidar_ros2/package.ps1'
[8.623s] INFO:colcon.colcon_core.shell:Creating package descriptor '/home/cricchetto/Robomaster_WS/install/sllidar_ros2/share/sllidar_ros2/package.dsv'
[8.627s] INFO:colcon.colcon_core.shell:Creating package script '/home/cricchetto/Robomaster_WS/install/sllidar_ros2/share/sllidar_ros2/package.sh'
[8.630s] INFO:colcon.colcon_core.shell:Creating package script '/home/cricchetto/Robomaster_WS/install/sllidar_ros2/share/sllidar_ros2/package.bash'
[8.633s] INFO:colcon.colcon_core.shell:Creating package script '/home/cricchetto/Robomaster_WS/install/sllidar_ros2/share/sllidar_ros2/package.zsh'
[8.637s] Level 1:colcon.colcon_core.environment:create_file_with_runtime_dependencies(/home/cricchetto/Robomaster_WS/install/sllidar_ros2/share/colcon-core/packages/sllidar_ros2)
[10.157s] Level 1:colcon.colcon_core.environment:checking '/home/cricchetto/Robomaster_WS/install/drift' for CMake module files
[10.160s] Level 1:colcon.colcon_core.environment:checking '/home/cricchetto/Robomaster_WS/install/drift' for CMake config files
[10.165s] Level 1:colcon.colcon_core.environment:checking '/home/cricchetto/Robomaster_WS/install/drift/lib'
[10.166s] DEBUG:colcon.colcon_core.event_handler.log_command:Invoked command in '/home/cricchetto/Robomaster_WS/src/drift' returned '0': PYTHONPATH=/home/cricchetto/Robomaster_WS/build/drift/prefix_override:/usr/lib/python3/dist-packages/colcon_core/task/python/colcon_distutils_commands:/home/cricchetto/Robomaster_WS/install/drift/lib/python3.10/site-packages:${PYTHONPATH} /usr/bin/python3 -W ignore:setup.py install is deprecated -W ignore:easy_install command is deprecated setup.py egg_info --egg-base ../../build/drift build --build-base /home/cricchetto/Robomaster_WS/build/drift/build install --record /home/cricchetto/Robomaster_WS/build/drift/install.log --single-version-externally-managed install_data
[10.167s] Level 1:colcon.colcon_core.environment:checking '/home/cricchetto/Robomaster_WS/install/drift/bin'
[10.168s] Level 1:colcon.colcon_core.environment:checking '/home/cricchetto/Robomaster_WS/install/drift/lib/pkgconfig/drift.pc'
[10.168s] Level 1:colcon.colcon_core.environment:checking '/home/cricchetto/Robomaster_WS/install/drift/lib/python3.10/site-packages'
[10.169s] Level 1:colcon.colcon_core.shell:create_environment_hook('drift', 'pythonpath')
[10.170s] INFO:colcon.colcon_core.shell:Creating environment hook '/home/cricchetto/Robomaster_WS/install/drift/share/drift/hook/pythonpath.ps1'
[10.172s] INFO:colcon.colcon_core.shell:Creating environment descriptor '/home/cricchetto/Robomaster_WS/install/drift/share/drift/hook/pythonpath.dsv'
[10.174s] INFO:colcon.colcon_core.shell:Creating environment hook '/home/cricchetto/Robomaster_WS/install/drift/share/drift/hook/pythonpath.sh'
[10.178s] Level 1:colcon.colcon_core.environment:checking '/home/cricchetto/Robomaster_WS/install/drift/bin'
[10.178s] Level 1:colcon.colcon_core.environment:create_environment_scripts_only(drift)
[10.180s] INFO:colcon.colcon_core.shell:Creating package script '/home/cricchetto/Robomaster_WS/install/drift/share/drift/package.ps1'
[10.182s] INFO:colcon.colcon_core.shell:Creating package descriptor '/home/cricchetto/Robomaster_WS/install/drift/share/drift/package.dsv'
[10.185s] INFO:colcon.colcon_core.shell:Creating package script '/home/cricchetto/Robomaster_WS/install/drift/share/drift/package.sh'
[10.187s] INFO:colcon.colcon_core.shell:Creating package script '/home/cricchetto/Robomaster_WS/install/drift/share/drift/package.bash'
[10.189s] INFO:colcon.colcon_core.shell:Creating package script '/home/cricchetto/Robomaster_WS/install/drift/share/drift/package.zsh'
[10.192s] Level 1:colcon.colcon_core.environment:create_file_with_runtime_dependencies(/home/cricchetto/Robomaster_WS/install/drift/share/colcon-core/packages/drift)
[10.197s] Level 1:colcon.colcon_core.environment:checking '/home/cricchetto/Robomaster_WS/install/ep_control' for CMake module files
[10.199s] DEBUG:colcon.colcon_core.event_handler.log_command:Invoked command in '/home/cricchetto/Robomaster_WS/src/ep_control' returned '0': PYTHONPATH=/home/cricchetto/Robomaster_WS/build/ep_control/prefix_override:/usr/lib/python3/dist-packages/colcon_core/task/python/colcon_distutils_commands:/home/cricchetto/Robomaster_WS/install/ep_control/lib/python3.10/site-packages:${PYTHONPATH} /usr/bin/python3 -W ignore:setup.py install is deprecated -W ignore:easy_install command is deprecated setup.py egg_info --egg-base ../../build/ep_control build --build-base /home/cricchetto/Robomaster_WS/build/ep_control/build install --record /home/cricchetto/Robomaster_WS/build/ep_control/install.log --single-version-externally-managed install_data
[10.201s] Level 1:colcon.colcon_core.environment:checking '/home/cricchetto/Robomaster_WS/install/ep_control' for CMake config files
[10.205s] Level 1:colcon.colcon_core.environment:checking '/home/cricchetto/Robomaster_WS/install/ep_control/lib'
[10.205s] Level 1:colcon.colcon_core.environment:checking '/home/cricchetto/Robomaster_WS/install/ep_control/bin'
[10.206s] Level 1:colcon.colcon_core.environment:checking '/home/cricchetto/Robomaster_WS/install/ep_control/lib/pkgconfig/ep_control.pc'
[10.207s] Level 1:colcon.colcon_core.environment:checking '/home/cricchetto/Robomaster_WS/install/ep_control/lib/python3.10/site-packages'
[10.207s] Level 1:colcon.colcon_core.shell:create_environment_hook('ep_control', 'pythonpath')
[10.208s] INFO:colcon.colcon_core.shell:Creating environment hook '/home/cricchetto/Robomaster_WS/install/ep_control/share/ep_control/hook/pythonpath.ps1'
[10.210s] INFO:colcon.colcon_core.shell:Creating environment descriptor '/home/cricchetto/Robomaster_WS/install/ep_control/share/ep_control/hook/pythonpath.dsv'
[10.214s] INFO:colcon.colcon_core.shell:Creating environment hook '/home/cricchetto/Robomaster_WS/install/ep_control/share/ep_control/hook/pythonpath.sh'
[10.218s] Level 1:colcon.colcon_core.environment:checking '/home/cricchetto/Robomaster_WS/install/ep_control/bin'
[10.218s] Level 1:colcon.colcon_core.environment:create_environment_scripts_only(ep_control)
[10.219s] INFO:colcon.colcon_core.shell:Creating package script '/home/cricchetto/Robomaster_WS/install/ep_control/share/ep_control/package.ps1'
[10.222s] INFO:colcon.colcon_core.shell:Creating package descriptor '/home/cricchetto/Robomaster_WS/install/ep_control/share/ep_control/package.dsv'
[10.224s] INFO:colcon.colcon_core.shell:Creating package script '/home/cricchetto/Robomaster_WS/install/ep_control/share/ep_control/package.sh'
[10.227s] INFO:colcon.colcon_core.shell:Creating package script '/home/cricchetto/Robomaster_WS/install/ep_control/share/ep_control/package.bash'
[10.229s] INFO:colcon.colcon_core.shell:Creating package script '/home/cricchetto/Robomaster_WS/install/ep_control/share/ep_control/package.zsh'
[10.230s] Level 1:colcon.colcon_core.environment:create_file_with_runtime_dependencies(/home/cricchetto/Robomaster_WS/install/ep_control/share/colcon-core/packages/ep_control)
[10.592s] DEBUG:colcon.colcon_core.event_handler.log_command:Invoking command in '/home/cricchetto/Robomaster_WS/src/robomaster_ros/robomaster_ros': CMAKE_PREFIX_PATH=/home/cricchetto/Robomaster_WS/install/robomaster_msgs:/home/cricchetto/Robomaster_WS/install/sllidar_ros2:/home/cricchetto/Robomaster_WS/install/robomaster_description:/home/cricchetto/Robomaster_WS/install/dwb_msgs:/home/cricchetto/Robomaster_WS/install/nav_2d_msgs:/home/cricchetto/Robomaster_WS/install/nav2_voxel_grid:/home/cricchetto/Robomaster_WS/install/explore_lite:/home/cricchetto/Robomaster_WS/install/nav2_msgs:/home/cricchetto/Robomaster_WS/install/nav2_common:/home/cricchetto/Robomaster_WS/install/multirobot_map_merge PYTHONPATH=/home/cricchetto/Robomaster_WS/build/robomaster_ros/prefix_override:/usr/lib/python3/dist-packages/colcon_core/task/python/colcon_distutils_commands:/home/cricchetto/Robomaster_WS/install/robomaster_ros/lib/python3.10/site-packages:${PYTHONPATH} /usr/bin/python3 -W ignore:setup.py install is deprecated -W ignore:easy_install command is deprecated setup.py egg_info --egg-base ../../../build/robomaster_ros build --build-base /home/cricchetto/Robomaster_WS/build/robomaster_ros/build install --record /home/cricchetto/Robomaster_WS/build/robomaster_ros/install.log --single-version-externally-managed install_data
[11.900s] Level 1:colcon.colcon_core.environment:checking '/home/cricchetto/Robomaster_WS/install/robomaster_ros' for CMake module files
[11.902s] DEBUG:colcon.colcon_core.event_handler.log_command:Invoked command in '/home/cricchetto/Robomaster_WS/src/robomaster_ros/robomaster_ros' returned '0': CMAKE_PREFIX_PATH=/home/cricchetto/Robomaster_WS/install/robomaster_msgs:/home/cricchetto/Robomaster_WS/install/sllidar_ros2:/home/cricchetto/Robomaster_WS/install/robomaster_description:/home/cricchetto/Robomaster_WS/install/dwb_msgs:/home/cricchetto/Robomaster_WS/install/nav_2d_msgs:/home/cricchetto/Robomaster_WS/install/nav2_voxel_grid:/home/cricchetto/Robomaster_WS/install/explore_lite:/home/cricchetto/Robomaster_WS/install/nav2_msgs:/home/cricchetto/Robomaster_WS/install/nav2_common:/home/cricchetto/Robomaster_WS/install/multirobot_map_merge PYTHONPATH=/home/cricchetto/Robomaster_WS/build/robomaster_ros/prefix_override:/usr/lib/python3/dist-packages/colcon_core/task/python/colcon_distutils_commands:/home/cricchetto/Robomaster_WS/install/robomaster_ros/lib/python3.10/site-packages:${PYTHONPATH} /usr/bin/python3 -W ignore:setup.py install is deprecated -W ignore:easy_install command is deprecated setup.py egg_info --egg-base ../../../build/robomaster_ros build --build-base /home/cricchetto/Robomaster_WS/build/robomaster_ros/build install --record /home/cricchetto/Robomaster_WS/build/robomaster_ros/install.log --single-version-externally-managed install_data
[11.905s] Level 1:colcon.colcon_core.environment:checking '/home/cricchetto/Robomaster_WS/install/robomaster_ros' for CMake config files
[11.911s] Level 1:colcon.colcon_core.environment:checking '/home/cricchetto/Robomaster_WS/install/robomaster_ros/lib'
[11.911s] Level 1:colcon.colcon_core.environment:checking '/home/cricchetto/Robomaster_WS/install/robomaster_ros/bin'
[11.911s] Level 1:colcon.colcon_core.environment:checking '/home/cricchetto/Robomaster_WS/install/robomaster_ros/lib/pkgconfig/robomaster_ros.pc'
[11.912s] Level 1:colcon.colcon_core.environment:checking '/home/cricchetto/Robomaster_WS/install/robomaster_ros/lib/python3.10/site-packages'
[11.913s] Level 1:colcon.colcon_core.shell:create_environment_hook('robomaster_ros', 'pythonpath')
[11.914s] INFO:colcon.colcon_core.shell:Creating environment hook '/home/cricchetto/Robomaster_WS/install/robomaster_ros/share/robomaster_ros/hook/pythonpath.ps1'
[11.916s] INFO:colcon.colcon_core.shell:Creating environment descriptor '/home/cricchetto/Robomaster_WS/install/robomaster_ros/share/robomaster_ros/hook/pythonpath.dsv'
[11.918s] INFO:colcon.colcon_core.shell:Creating environment hook '/home/cricchetto/Robomaster_WS/install/robomaster_ros/share/robomaster_ros/hook/pythonpath.sh'
[11.921s] Level 1:colcon.colcon_core.environment:checking '/home/cricchetto/Robomaster_WS/install/robomaster_ros/bin'
[11.921s] Level 1:colcon.colcon_core.environment:create_environment_scripts_only(robomaster_ros)
[11.923s] INFO:colcon.colcon_core.shell:Creating package script '/home/cricchetto/Robomaster_WS/install/robomaster_ros/share/robomaster_ros/package.ps1'
[11.925s] INFO:colcon.colcon_core.shell:Creating package descriptor '/home/cricchetto/Robomaster_WS/install/robomaster_ros/share/robomaster_ros/package.dsv'
[11.927s] INFO:colcon.colcon_core.shell:Creating package script '/home/cricchetto/Robomaster_WS/install/robomaster_ros/share/robomaster_ros/package.sh'
[11.929s] INFO:colcon.colcon_core.shell:Creating package script '/home/cricchetto/Robomaster_WS/install/robomaster_ros/share/robomaster_ros/package.bash'
[11.931s] INFO:colcon.colcon_core.shell:Creating package script '/home/cricchetto/Robomaster_WS/install/robomaster_ros/share/robomaster_ros/package.zsh'
[11.933s] Level 1:colcon.colcon_core.environment:create_file_with_runtime_dependencies(/home/cricchetto/Robomaster_WS/install/robomaster_ros/share/colcon-core/packages/robomaster_ros)
[11.934s] DEBUG:colcon.colcon_parallel_executor.executor.parallel:closing loop
[11.935s] DEBUG:colcon.colcon_parallel_executor.executor.parallel:loop closed
[11.936s] DEBUG:colcon.colcon_parallel_executor.executor.parallel:run_until_complete finished with '0'
[11.936s] DEBUG:colcon.colcon_core.event_reactor:joining thread
[11.961s] INFO:colcon.colcon_core.plugin_system:Skipping extension 'colcon_notification.desktop_notification.notify_send': Could not find 'notify-send'
[11.961s] INFO:colcon.colcon_core.plugin_system:Skipping extension 'colcon_notification.desktop_notification.terminal_notifier': Not used on non-Darwin systems
[11.961s] INFO:colcon.colcon_core.plugin_system:Skipping extension 'colcon_notification.desktop_notification.win32': Not used on non-Windows systems
[11.962s] INFO:colcon.colcon_notification.desktop_notification:Sending desktop notification using 'notify2'
[11.964s] DEBUG:colcon.colcon_notification.desktop_notification.notify2:Failed to initialize notify2: org.freedesktop.DBus.Error.ServiceUnknown: The name org.freedesktop.Notifications was not provided by any .service files
[11.965s] DEBUG:colcon.colcon_core.event_reactor:joined thread
[11.966s] INFO:colcon.colcon_core.shell:Creating prefix script '/home/cricchetto/Robomaster_WS/install/local_setup.ps1'
[11.969s] INFO:colcon.colcon_core.shell:Creating prefix util module '/home/cricchetto/Robomaster_WS/install/_local_setup_util_ps1.py'
[11.977s] INFO:colcon.colcon_core.shell:Creating prefix chain script '/home/cricchetto/Robomaster_WS/install/setup.ps1'
[11.988s] INFO:colcon.colcon_core.shell:Creating prefix script '/home/cricchetto/Robomaster_WS/install/local_setup.sh'
[11.990s] INFO:colcon.colcon_core.shell:Creating prefix util module '/home/cricchetto/Robomaster_WS/install/_local_setup_util_sh.py'
[11.993s] INFO:colcon.colcon_core.shell:Creating prefix chain script '/home/cricchetto/Robomaster_WS/install/setup.sh'
[12.001s] INFO:colcon.colcon_core.shell:Creating prefix script '/home/cricchetto/Robomaster_WS/install/local_setup.bash'
[12.003s] INFO:colcon.colcon_core.shell:Creating prefix chain script '/home/cricchetto/Robomaster_WS/install/setup.bash'
[12.011s] INFO:colcon.colcon_core.shell:Creating prefix script '/home/cricchetto/Robomaster_WS/install/local_setup.zsh'
[12.014s] INFO:colcon.colcon_core.shell:Creating prefix chain script '/home/cricchetto/Robomaster_WS/install/setup.zsh'
