[0.143s] Invoking command in '/home/cricchetto/Robomaster_WS/build/robomaster_msgs': CMAKE_PREFIX_PATH=${CMAKE_PREFIX_PATH}:/home/cricchetto/Robomaster_WS/install/robomaster_ros:/home/cricchetto/Robomaster_WS/install/nav2_simple_commander:/home/cricchetto/Robomaster_WS/install/ep_control:/home/cricchetto/Robomaster_WS/install/drift:/opt/ros/humble /usr/bin/cmake --build /home/cricchetto/Robomaster_WS/build/robomaster_msgs -- -j4 -l4
[3.005s] [  0%] Built target robomaster_msgs__cpp
[3.008s] [ 12%] Built target robomaster_msgs__rosidl_generator_c
[3.009s] [ 12%] Built target ament_cmake_python_copy_robomaster_msgs
[3.009s] [ 24%] Built target robomaster_msgs__rosidl_typesupport_cpp
[3.010s] [ 36%] Built target robomaster_msgs__rosidl_typesupport_fastrtps_cpp
[3.011s] [ 49%] Built target robomaster_msgs__rosidl_typesupport_introspection_cpp
[3.011s] [ 62%] Built target robomaster_msgs__rosidl_typesupport_fastrtps_c
[3.012s] [ 75%] Built target robomaster_msgs__rosidl_typesupport_c
[3.012s] [ 88%] Built target robomaster_msgs__rosidl_typesupport_introspection_c
[3.013s] [ 88%] Built target robomaster_msgs
[3.013s] [ 88%] Built target robomaster_msgs__py
[3.014s] [100%] Built target robomaster_msgs__rosidl_generator_py
[3.015s] [100%] Built target robomaster_msgs__rosidl_typesupport_fastrtps_c__pyext
[3.015s] [100%] Built target robomaster_msgs__rosidl_typesupport_introspection_c__pyext
[3.016s] [100%] Built target robomaster_msgs__rosidl_typesupport_c__pyext
[3.017s] running egg_info
[3.017s] writing robomaster_msgs.egg-info/PKG-INFO
[3.018s] writing dependency_links to robomaster_msgs.egg-info/dependency_links.txt
[3.019s] writing top-level names to robomaster_msgs.egg-info/top_level.txt
[3.019s] reading manifest file 'robomaster_msgs.egg-info/SOURCES.txt'
[3.020s] writing manifest file 'robomaster_msgs.egg-info/SOURCES.txt'
[3.028s] [100%] Built target ament_cmake_python_build_robomaster_msgs_egg
[3.039s] Invoked command in '/home/cricchetto/Robomaster_WS/build/robomaster_msgs' returned '0': CMAKE_PREFIX_PATH=${CMAKE_PREFIX_PATH}:/home/cricchetto/Robomaster_WS/install/robomaster_ros:/home/cricchetto/Robomaster_WS/install/nav2_simple_commander:/home/cricchetto/Robomaster_WS/install/ep_control:/home/cricchetto/Robomaster_WS/install/drift:/opt/ros/humble /usr/bin/cmake --build /home/cricchetto/Robomaster_WS/build/robomaster_msgs -- -j4 -l4
[3.091s] Invoking command in '/home/cricchetto/Robomaster_WS/build/robomaster_msgs': CMAKE_PREFIX_PATH=${CMAKE_PREFIX_PATH}:/home/cricchetto/Robomaster_WS/install/robomaster_ros:/home/cricchetto/Robomaster_WS/install/nav2_simple_commander:/home/cricchetto/Robomaster_WS/install/ep_control:/home/cricchetto/Robomaster_WS/install/drift:/opt/ros/humble /usr/bin/cmake --install /home/cricchetto/Robomaster_WS/build/robomaster_msgs
[3.125s] -- Install configuration: ""
[3.126s] -- Up-to-date: /home/cricchetto/Robomaster_WS/install/robomaster_msgs/share/ament_index/resource_index/rosidl_interfaces/robomaster_msgs
[3.127s] -- Up-to-date: /home/cricchetto/Robomaster_WS/install/robomaster_msgs/include/robomaster_msgs/robomaster_msgs
[3.127s] -- Up-to-date: /home/cricchetto/Robomaster_WS/install/robomaster_msgs/include/robomaster_msgs/robomaster_msgs/action
[3.128s] -- Up-to-date: /home/cricchetto/Robomaster_WS/install/robomaster_msgs/include/robomaster_msgs/robomaster_msgs/action/gripper_control.h
[3.128s] -- Up-to-date: /home/cricchetto/Robomaster_WS/install/robomaster_msgs/include/robomaster_msgs/robomaster_msgs/action/move.h
[3.129s] -- Up-to-date: /home/cricchetto/Robomaster_WS/install/robomaster_msgs/include/robomaster_msgs/robomaster_msgs/action/move_servo.h
[3.130s] -- Up-to-date: /home/cricchetto/Robomaster_WS/install/robomaster_msgs/include/robomaster_msgs/robomaster_msgs/action/move_arm.h
[3.131s] -- Up-to-date: /home/cricchetto/Robomaster_WS/install/robomaster_msgs/include/robomaster_msgs/robomaster_msgs/action/play_sound.h
[3.132s] -- Up-to-date: /home/cricchetto/Robomaster_WS/install/robomaster_msgs/include/robomaster_msgs/robomaster_msgs/action/move_gimbal.h
[3.132s] -- Up-to-date: /home/cricchetto/Robomaster_WS/install/robomaster_msgs/include/robomaster_msgs/robomaster_msgs/action/detail
[3.136s] -- Up-to-date: /home/cricchetto/Robomaster_WS/install/robomaster_msgs/include/robomaster_msgs/robomaster_msgs/action/detail/move__struct.h
[3.138s] -- Up-to-date: /home/cricchetto/Robomaster_WS/install/robomaster_msgs/include/robomaster_msgs/robomaster_msgs/action/detail/move_gimbal__type_support.h
[3.139s] -- Up-to-date: /home/cricchetto/Robomaster_WS/install/robomaster_msgs/include/robomaster_msgs/robomaster_msgs/action/detail/recenter_gimbal__struct.h
[3.142s] -- Up-to-date: /home/cricchetto/Robomaster_WS/install/robomaster_msgs/include/robomaster_msgs/robomaster_msgs/action/detail/move_arm__struct.h
[3.145s] -- Up-to-date: /home/cricchetto/Robomaster_WS/install/robomaster_msgs/include/robomaster_msgs/robomaster_msgs/action/detail/play_sound__type_support.h
[3.147s] -- Up-to-date: /home/cricchetto/Robomaster_WS/install/robomaster_msgs/include/robomaster_msgs/robomaster_msgs/action/detail/move_gimbal__struct.h
[3.149s] -- Up-to-date: /home/cricchetto/Robomaster_WS/install/robomaster_msgs/include/robomaster_msgs/robomaster_msgs/action/detail/move_servo__functions.h
[3.151s] -- Up-to-date: /home/cricchetto/Robomaster_WS/install/robomaster_msgs/include/robomaster_msgs/robomaster_msgs/action/detail/recenter_gimbal__functions.c
[3.153s] -- Up-to-date: /home/cricchetto/Robomaster_WS/install/robomaster_msgs/include/robomaster_msgs/robomaster_msgs/action/detail/move_arm__functions.h
[3.156s] -- Up-to-date: /home/cricchetto/Robomaster_WS/install/robomaster_msgs/include/robomaster_msgs/robomaster_msgs/action/detail/move_servo__functions.c
[3.158s] -- Up-to-date: /home/cricchetto/Robomaster_WS/install/robomaster_msgs/include/robomaster_msgs/robomaster_msgs/action/detail/move_arm__functions.c
[3.159s] -- Up-to-date: /home/cricchetto/Robomaster_WS/install/robomaster_msgs/include/robomaster_msgs/robomaster_msgs/action/detail/move_servo__type_support.h
[3.159s] -- Up-to-date: /home/cricchetto/Robomaster_WS/install/robomaster_msgs/include/robomaster_msgs/robomaster_msgs/action/detail/move__functions.c
[3.161s] -- Up-to-date: /home/cricchetto/Robomaster_WS/install/robomaster_msgs/include/robomaster_msgs/robomaster_msgs/action/detail/gripper_control__struct.h
[3.163s] -- Up-to-date: /home/cricchetto/Robomaster_WS/install/robomaster_msgs/include/robomaster_msgs/robomaster_msgs/action/detail/recenter_gimbal__type_support.h
[3.166s] -- Up-to-date: /home/cricchetto/Robomaster_WS/install/robomaster_msgs/include/robomaster_msgs/robomaster_msgs/action/detail/play_sound__functions.h
[3.168s] -- Up-to-date: /home/cricchetto/Robomaster_WS/install/robomaster_msgs/include/robomaster_msgs/robomaster_msgs/action/detail/gripper_control__functions.h
[3.171s] -- Up-to-date: /home/cricchetto/Robomaster_WS/install/robomaster_msgs/include/robomaster_msgs/robomaster_msgs/action/detail/gripper_control__functions.c
[3.175s] -- Up-to-date: /home/cricchetto/Robomaster_WS/install/robomaster_msgs/include/robomaster_msgs/robomaster_msgs/action/detail/move__type_support.h
[3.178s] -- Up-to-date: /home/cricchetto/Robomaster_WS/install/robomaster_msgs/include/robomaster_msgs/robomaster_msgs/action/detail/move_arm__type_support.h
[3.179s] -- Up-to-date: /home/cricchetto/Robomaster_WS/install/robomaster_msgs/include/robomaster_msgs/robomaster_msgs/action/detail/recenter_gimbal__functions.h
[3.182s] -- Up-to-date: /home/cricchetto/Robomaster_WS/install/robomaster_msgs/include/robomaster_msgs/robomaster_msgs/action/detail/play_sound__struct.h
[3.184s] -- Up-to-date: /home/cricchetto/Robomaster_WS/install/robomaster_msgs/include/robomaster_msgs/robomaster_msgs/action/detail/move_gimbal__functions.c
[3.187s] -- Up-to-date: /home/cricchetto/Robomaster_WS/install/robomaster_msgs/include/robomaster_msgs/robomaster_msgs/action/detail/gripper_control__type_support.h
[3.189s] -- Up-to-date: /home/cricchetto/Robomaster_WS/install/robomaster_msgs/include/robomaster_msgs/robomaster_msgs/action/detail/move_gimbal__functions.h
[3.192s] -- Up-to-date: /home/cricchetto/Robomaster_WS/install/robomaster_msgs/include/robomaster_msgs/robomaster_msgs/action/detail/play_sound__functions.c
[3.195s] -- Up-to-date: /home/cricchetto/Robomaster_WS/install/robomaster_msgs/include/robomaster_msgs/robomaster_msgs/action/detail/move__functions.h
[3.197s] -- Up-to-date: /home/cricchetto/Robomaster_WS/install/robomaster_msgs/include/robomaster_msgs/robomaster_msgs/action/detail/move_servo__struct.h
[3.199s] -- Up-to-date: /home/cricchetto/Robomaster_WS/install/robomaster_msgs/include/robomaster_msgs/robomaster_msgs/action/recenter_gimbal.h
[3.201s] -- Up-to-date: /home/cricchetto/Robomaster_WS/install/robomaster_msgs/include/robomaster_msgs/robomaster_msgs/msg
[3.204s] -- Up-to-date: /home/cricchetto/Robomaster_WS/install/robomaster_msgs/include/robomaster_msgs/robomaster_msgs/msg/led_effect.h
[3.206s] -- Up-to-date: /home/cricchetto/Robomaster_WS/install/robomaster_msgs/include/robomaster_msgs/robomaster_msgs/msg/detected_marker.h
[3.206s] -- Up-to-date: /home/cricchetto/Robomaster_WS/install/robomaster_msgs/include/robomaster_msgs/robomaster_msgs/msg/detected_person.h
[3.207s] -- Up-to-date: /home/cricchetto/Robomaster_WS/install/robomaster_msgs/include/robomaster_msgs/robomaster_msgs/msg/detected_robot.h
[3.208s] -- Up-to-date: /home/cricchetto/Robomaster_WS/install/robomaster_msgs/include/robomaster_msgs/robomaster_msgs/msg/audio_level.h
[3.208s] -- Up-to-date: /home/cricchetto/Robomaster_WS/install/robomaster_msgs/include/robomaster_msgs/robomaster_msgs/msg/detection.h
[3.209s] -- Up-to-date: /home/cricchetto/Robomaster_WS/install/robomaster_msgs/include/robomaster_msgs/robomaster_msgs/msg/sensor_adapter.h
[3.209s] -- Up-to-date: /home/cricchetto/Robomaster_WS/install/robomaster_msgs/include/robomaster_msgs/robomaster_msgs/msg/detected_gesture.h
[3.210s] -- Up-to-date: /home/cricchetto/Robomaster_WS/install/robomaster_msgs/include/robomaster_msgs/robomaster_msgs/msg/pwm.h
[3.210s] -- Up-to-date: /home/cricchetto/Robomaster_WS/install/robomaster_msgs/include/robomaster_msgs/robomaster_msgs/msg/servo_command.h
[3.211s] -- Up-to-date: /home/cricchetto/Robomaster_WS/install/robomaster_msgs/include/robomaster_msgs/robomaster_msgs/msg/armor_hit.h
[3.212s] -- Up-to-date: /home/cricchetto/Robomaster_WS/install/robomaster_msgs/include/robomaster_msgs/robomaster_msgs/msg/wheel_speeds.h
[3.213s] -- Up-to-date: /home/cricchetto/Robomaster_WS/install/robomaster_msgs/include/robomaster_msgs/robomaster_msgs/msg/mode.h
[3.215s] -- Up-to-date: /home/cricchetto/Robomaster_WS/install/robomaster_msgs/include/robomaster_msgs/robomaster_msgs/msg/serial.h
[3.216s] -- Up-to-date: /home/cricchetto/Robomaster_WS/install/robomaster_msgs/include/robomaster_msgs/robomaster_msgs/msg/audio_data.h
[3.219s] -- Up-to-date: /home/cricchetto/Robomaster_WS/install/robomaster_msgs/include/robomaster_msgs/robomaster_msgs/msg/detected_line.h
[3.221s] -- Up-to-date: /home/cricchetto/Robomaster_WS/install/robomaster_msgs/include/robomaster_msgs/robomaster_msgs/msg/chassis_status.h
[3.223s] -- Up-to-date: /home/cricchetto/Robomaster_WS/install/robomaster_msgs/include/robomaster_msgs/robomaster_msgs/msg/gimbal_command.h
[3.225s] -- Up-to-date: /home/cricchetto/Robomaster_WS/install/robomaster_msgs/include/robomaster_msgs/robomaster_msgs/msg/servo_raw_state.h
[3.227s] -- Up-to-date: /home/cricchetto/Robomaster_WS/install/robomaster_msgs/include/robomaster_msgs/robomaster_msgs/msg/blaster_led.h
[3.230s] -- Up-to-date: /home/cricchetto/Robomaster_WS/install/robomaster_msgs/include/robomaster_msgs/robomaster_msgs/msg/rosidl_generator_c__visibility_control.h
[3.233s] -- Up-to-date: /home/cricchetto/Robomaster_WS/install/robomaster_msgs/include/robomaster_msgs/robomaster_msgs/msg/gripper_state.h
[3.233s] -- Up-to-date: /home/cricchetto/Robomaster_WS/install/robomaster_msgs/include/robomaster_msgs/robomaster_msgs/msg/speaker_command.h
[3.234s] -- Up-to-date: /home/cricchetto/Robomaster_WS/install/robomaster_msgs/include/robomaster_msgs/robomaster_msgs/msg/detail
[3.234s] -- Up-to-date: /home/cricchetto/Robomaster_WS/install/robomaster_msgs/include/robomaster_msgs/robomaster_msgs/msg/detail/chassis_status__functions.c
[3.235s] -- Up-to-date: /home/cricchetto/Robomaster_WS/install/robomaster_msgs/include/robomaster_msgs/robomaster_msgs/msg/detail/gimbal_command__struct.h
[3.235s] -- Up-to-date: /home/cricchetto/Robomaster_WS/install/robomaster_msgs/include/robomaster_msgs/robomaster_msgs/msg/detail/detected_line__type_support.h
[3.236s] -- Up-to-date: /home/cricchetto/Robomaster_WS/install/robomaster_msgs/include/robomaster_msgs/robomaster_msgs/msg/detail/detected_robot__functions.c
[3.236s] -- Up-to-date: /home/cricchetto/Robomaster_WS/install/robomaster_msgs/include/robomaster_msgs/robomaster_msgs/msg/detail/speaker_command__type_support.h
[3.237s] -- Up-to-date: /home/cricchetto/Robomaster_WS/install/robomaster_msgs/include/robomaster_msgs/robomaster_msgs/msg/detail/mode__functions.h
[3.237s] -- Up-to-date: /home/cricchetto/Robomaster_WS/install/robomaster_msgs/include/robomaster_msgs/robomaster_msgs/msg/detail/camera_config__struct.h
[3.238s] -- Up-to-date: /home/cricchetto/Robomaster_WS/install/robomaster_msgs/include/robomaster_msgs/robomaster_msgs/msg/detail/led_effect__functions.h
[3.238s] -- Up-to-date: /home/cricchetto/Robomaster_WS/install/robomaster_msgs/include/robomaster_msgs/robomaster_msgs/msg/detail/detection__functions.c
[3.238s] -- Up-to-date: /home/cricchetto/Robomaster_WS/install/robomaster_msgs/include/robomaster_msgs/robomaster_msgs/msg/detail/s_bus__type_support.h
[3.239s] -- Up-to-date: /home/cricchetto/Robomaster_WS/install/robomaster_msgs/include/robomaster_msgs/robomaster_msgs/msg/detail/chassis_status__functions.h
[3.239s] -- Up-to-date: /home/cricchetto/Robomaster_WS/install/robomaster_msgs/include/robomaster_msgs/robomaster_msgs/msg/detail/blaster_led__type_support.h
[3.240s] -- Up-to-date: /home/cricchetto/Robomaster_WS/install/robomaster_msgs/include/robomaster_msgs/robomaster_msgs/msg/detail/servo_raw_state__functions.c
[3.240s] -- Up-to-date: /home/cricchetto/Robomaster_WS/install/robomaster_msgs/include/robomaster_msgs/robomaster_msgs/msg/detail/detected_robot__type_support.h
[3.241s] -- Up-to-date: /home/cricchetto/Robomaster_WS/install/robomaster_msgs/include/robomaster_msgs/robomaster_msgs/msg/detail/detected_gesture__type_support.h
[3.245s] -- Up-to-date: /home/cricchetto/Robomaster_WS/install/robomaster_msgs/include/robomaster_msgs/robomaster_msgs/msg/detail/s_bus__struct.h
[3.246s] -- Up-to-date: /home/cricchetto/Robomaster_WS/install/robomaster_msgs/include/robomaster_msgs/robomaster_msgs/msg/detail/led_effect__type_support.h
[3.246s] -- Up-to-date: /home/cricchetto/Robomaster_WS/install/robomaster_msgs/include/robomaster_msgs/robomaster_msgs/msg/detail/detected_marker__functions.c
[3.247s] -- Up-to-date: /home/cricchetto/Robomaster_WS/install/robomaster_msgs/include/robomaster_msgs/robomaster_msgs/msg/detail/gimbal_command__type_support.h
[3.247s] -- Up-to-date: /home/cricchetto/Robomaster_WS/install/robomaster_msgs/include/robomaster_msgs/robomaster_msgs/msg/detail/sensor_adapter__functions.c
[3.247s] -- Up-to-date: /home/cricchetto/Robomaster_WS/install/robomaster_msgs/include/robomaster_msgs/robomaster_msgs/msg/detail/h264_packet__functions.c
[3.248s] -- Up-to-date: /home/cricchetto/Robomaster_WS/install/robomaster_msgs/include/robomaster_msgs/robomaster_msgs/msg/detail/pwm__struct.h
[3.248s] -- Up-to-date: /home/cricchetto/Robomaster_WS/install/robomaster_msgs/include/robomaster_msgs/robomaster_msgs/msg/detail/blaster_led__functions.c
[3.249s] -- Up-to-date: /home/cricchetto/Robomaster_WS/install/robomaster_msgs/include/robomaster_msgs/robomaster_msgs/msg/detail/sensor_adapter__struct.h
[3.257s] -- Up-to-date: /home/cricchetto/Robomaster_WS/install/robomaster_msgs/include/robomaster_msgs/robomaster_msgs/msg/detail/armor_hit__type_support.h
[3.258s] -- Up-to-date: /home/cricchetto/Robomaster_WS/install/robomaster_msgs/include/robomaster_msgs/robomaster_msgs/msg/detail/serial__functions.c
[3.258s] -- Up-to-date: /home/cricchetto/Robomaster_WS/install/robomaster_msgs/include/robomaster_msgs/robomaster_msgs/msg/detail/led_effect__struct.h
[3.259s] -- Up-to-date: /home/cricchetto/Robomaster_WS/install/robomaster_msgs/include/robomaster_msgs/robomaster_msgs/msg/detail/h264_packet__functions.h
[3.259s] -- Up-to-date: /home/cricchetto/Robomaster_WS/install/robomaster_msgs/include/robomaster_msgs/robomaster_msgs/msg/detail/audio_opus__type_support.h
[3.260s] -- Up-to-date: /home/cricchetto/Robomaster_WS/install/robomaster_msgs/include/robomaster_msgs/robomaster_msgs/msg/detail/detected_marker__struct.h
[3.260s] -- Up-to-date: /home/cricchetto/Robomaster_WS/install/robomaster_msgs/include/robomaster_msgs/robomaster_msgs/msg/detail/detected_gesture__struct.h
[3.260s] -- Up-to-date: /home/cricchetto/Robomaster_WS/install/robomaster_msgs/include/robomaster_msgs/robomaster_msgs/msg/detail/detected_person__struct.h
[3.261s] -- Up-to-date: /home/cricchetto/Robomaster_WS/install/robomaster_msgs/include/robomaster_msgs/robomaster_msgs/msg/detail/led_effect__functions.c
[3.261s] -- Up-to-date: /home/cricchetto/Robomaster_WS/install/robomaster_msgs/include/robomaster_msgs/robomaster_msgs/msg/detail/speaker_command__functions.c
[3.262s] -- Up-to-date: /home/cricchetto/Robomaster_WS/install/robomaster_msgs/include/robomaster_msgs/robomaster_msgs/msg/detail/wheel_speeds__struct.h
[3.262s] -- Up-to-date: /home/cricchetto/Robomaster_WS/install/robomaster_msgs/include/robomaster_msgs/robomaster_msgs/msg/detail/h264_packet__type_support.h
[3.263s] -- Up-to-date: /home/cricchetto/Robomaster_WS/install/robomaster_msgs/include/robomaster_msgs/robomaster_msgs/msg/detail/detected_person__type_support.h
[3.263s] -- Up-to-date: /home/cricchetto/Robomaster_WS/install/robomaster_msgs/include/robomaster_msgs/robomaster_msgs/msg/detail/audio_opus__struct.h
[3.264s] -- Up-to-date: /home/cricchetto/Robomaster_WS/install/robomaster_msgs/include/robomaster_msgs/robomaster_msgs/msg/detail/speaker_command__functions.h
[3.264s] -- Up-to-date: /home/cricchetto/Robomaster_WS/install/robomaster_msgs/include/robomaster_msgs/robomaster_msgs/msg/detail/gimbal_command__functions.c
[3.265s] -- Up-to-date: /home/cricchetto/Robomaster_WS/install/robomaster_msgs/include/robomaster_msgs/robomaster_msgs/msg/detail/servo_raw_state__functions.h
[3.265s] -- Up-to-date: /home/cricchetto/Robomaster_WS/install/robomaster_msgs/include/robomaster_msgs/robomaster_msgs/msg/detail/detected_gesture__functions.c
[3.275s] -- Up-to-date: /home/cricchetto/Robomaster_WS/install/robomaster_msgs/include/robomaster_msgs/robomaster_msgs/msg/detail/blaster_led__functions.h
[3.276s] -- Up-to-date: /home/cricchetto/Robomaster_WS/install/robomaster_msgs/include/robomaster_msgs/robomaster_msgs/msg/detail/audio_opus__functions.h
[3.276s] -- Up-to-date: /home/cricchetto/Robomaster_WS/install/robomaster_msgs/include/robomaster_msgs/robomaster_msgs/msg/detail/wheel_speeds__functions.h
[3.277s] -- Up-to-date: /home/cricchetto/Robomaster_WS/install/robomaster_msgs/include/robomaster_msgs/robomaster_msgs/msg/detail/gripper_state__type_support.h
[3.289s] -- Up-to-date: /home/cricchetto/Robomaster_WS/install/robomaster_msgs/include/robomaster_msgs/robomaster_msgs/msg/detail/camera_config__functions.c
[3.289s] -- Up-to-date: /home/cricchetto/Robomaster_WS/install/robomaster_msgs/include/robomaster_msgs/robomaster_msgs/msg/detail/detection__functions.h
[3.290s] -- Up-to-date: /home/cricchetto/Robomaster_WS/install/robomaster_msgs/include/robomaster_msgs/robomaster_msgs/msg/detail/h264_packet__struct.h
[3.290s] -- Up-to-date: /home/cricchetto/Robomaster_WS/install/robomaster_msgs/include/robomaster_msgs/robomaster_msgs/msg/detail/pwm__functions.h
[3.291s] -- Up-to-date: /home/cricchetto/Robomaster_WS/install/robomaster_msgs/include/robomaster_msgs/robomaster_msgs/msg/detail/detected_robot__struct.h
[3.296s] -- Up-to-date: /home/cricchetto/Robomaster_WS/install/robomaster_msgs/include/robomaster_msgs/robomaster_msgs/msg/detail/servo_command__struct.h
[3.297s] -- Up-to-date: /home/cricchetto/Robomaster_WS/install/robomaster_msgs/include/robomaster_msgs/robomaster_msgs/msg/detail/wheel_speeds__functions.c
[3.297s] -- Up-to-date: /home/cricchetto/Robomaster_WS/install/robomaster_msgs/include/robomaster_msgs/robomaster_msgs/msg/detail/audio_data__functions.c
[3.302s] -- Up-to-date: /home/cricchetto/Robomaster_WS/install/robomaster_msgs/include/robomaster_msgs/robomaster_msgs/msg/detail/s_bus__functions.c
[3.302s] -- Up-to-date: /home/cricchetto/Robomaster_WS/install/robomaster_msgs/include/robomaster_msgs/robomaster_msgs/msg/detail/detected_person__functions.c
[3.303s] -- Up-to-date: /home/cricchetto/Robomaster_WS/install/robomaster_msgs/include/robomaster_msgs/robomaster_msgs/msg/detail/gripper_state__struct.h
[3.307s] -- Up-to-date: /home/cricchetto/Robomaster_WS/install/robomaster_msgs/include/robomaster_msgs/robomaster_msgs/msg/detail/s_bus__functions.h
[3.308s] -- Up-to-date: /home/cricchetto/Robomaster_WS/install/robomaster_msgs/include/robomaster_msgs/robomaster_msgs/msg/detail/detected_line__struct.h
[3.308s] -- Up-to-date: /home/cricchetto/Robomaster_WS/install/robomaster_msgs/include/robomaster_msgs/robomaster_msgs/msg/detail/detected_marker__type_support.h
[3.309s] -- Up-to-date: /home/cricchetto/Robomaster_WS/install/robomaster_msgs/include/robomaster_msgs/robomaster_msgs/msg/detail/chassis_status__type_support.h
[3.309s] -- Up-to-date: /home/cricchetto/Robomaster_WS/install/robomaster_msgs/include/robomaster_msgs/robomaster_msgs/msg/detail/armor_hit__functions.h
[3.310s] -- Up-to-date: /home/cricchetto/Robomaster_WS/install/robomaster_msgs/include/robomaster_msgs/robomaster_msgs/msg/detail/armor_hit__functions.c
[3.310s] -- Up-to-date: /home/cricchetto/Robomaster_WS/install/robomaster_msgs/include/robomaster_msgs/robomaster_msgs/msg/detail/region_of_interest__type_support.h
[3.310s] -- Up-to-date: /home/cricchetto/Robomaster_WS/install/robomaster_msgs/include/robomaster_msgs/robomaster_msgs/msg/detail/gripper_state__functions.c
[3.311s] -- Up-to-date: /home/cricchetto/Robomaster_WS/install/robomaster_msgs/include/robomaster_msgs/robomaster_msgs/msg/detail/audio_level__functions.c
[3.311s] -- Up-to-date: /home/cricchetto/Robomaster_WS/install/robomaster_msgs/include/robomaster_msgs/robomaster_msgs/msg/detail/serial__struct.h
[3.312s] -- Up-to-date: /home/cricchetto/Robomaster_WS/install/robomaster_msgs/include/robomaster_msgs/robomaster_msgs/msg/detail/region_of_interest__functions.h
[3.312s] -- Up-to-date: /home/cricchetto/Robomaster_WS/install/robomaster_msgs/include/robomaster_msgs/robomaster_msgs/msg/detail/mode__type_support.h
[3.312s] -- Up-to-date: /home/cricchetto/Robomaster_WS/install/robomaster_msgs/include/robomaster_msgs/robomaster_msgs/msg/detail/speaker_command__struct.h
[3.313s] -- Up-to-date: /home/cricchetto/Robomaster_WS/install/robomaster_msgs/include/robomaster_msgs/robomaster_msgs/msg/detail/serial__type_support.h
[3.314s] -- Up-to-date: /home/cricchetto/Robomaster_WS/install/robomaster_msgs/include/robomaster_msgs/robomaster_msgs/msg/detail/detected_person__functions.h
[3.315s] -- Up-to-date: /home/cricchetto/Robomaster_WS/install/robomaster_msgs/include/robomaster_msgs/robomaster_msgs/msg/detail/gripper_state__functions.h
[3.316s] -- Up-to-date: /home/cricchetto/Robomaster_WS/install/robomaster_msgs/include/robomaster_msgs/robomaster_msgs/msg/detail/pwm__functions.c
[3.316s] -- Up-to-date: /home/cricchetto/Robomaster_WS/install/robomaster_msgs/include/robomaster_msgs/robomaster_msgs/msg/detail/servo_command__functions.c
[3.317s] -- Up-to-date: /home/cricchetto/Robomaster_WS/install/robomaster_msgs/include/robomaster_msgs/robomaster_msgs/msg/detail/camera_config__type_support.h
[3.318s] -- Up-to-date: /home/cricchetto/Robomaster_WS/install/robomaster_msgs/include/robomaster_msgs/robomaster_msgs/msg/detail/region_of_interest__functions.c
[3.318s] -- Up-to-date: /home/cricchetto/Robomaster_WS/install/robomaster_msgs/include/robomaster_msgs/robomaster_msgs/msg/detail/chassis_status__struct.h
[3.320s] -- Up-to-date: /home/cricchetto/Robomaster_WS/install/robomaster_msgs/include/robomaster_msgs/robomaster_msgs/msg/detail/audio_data__type_support.h
[3.320s] -- Up-to-date: /home/cricchetto/Robomaster_WS/install/robomaster_msgs/include/robomaster_msgs/robomaster_msgs/msg/detail/sensor_adapter__type_support.h
[3.321s] -- Up-to-date: /home/cricchetto/Robomaster_WS/install/robomaster_msgs/include/robomaster_msgs/robomaster_msgs/msg/detail/pwm__type_support.h
[3.321s] -- Up-to-date: /home/cricchetto/Robomaster_WS/install/robomaster_msgs/include/robomaster_msgs/robomaster_msgs/msg/detail/audio_level__type_support.h
[3.322s] -- Up-to-date: /home/cricchetto/Robomaster_WS/install/robomaster_msgs/include/robomaster_msgs/robomaster_msgs/msg/detail/audio_data__struct.h
[3.322s] -- Up-to-date: /home/cricchetto/Robomaster_WS/install/robomaster_msgs/include/robomaster_msgs/robomaster_msgs/msg/detail/gimbal_command__functions.h
[3.323s] -- Up-to-date: /home/cricchetto/Robomaster_WS/install/robomaster_msgs/include/robomaster_msgs/robomaster_msgs/msg/detail/armor_hit__struct.h
[3.323s] -- Up-to-date: /home/cricchetto/Robomaster_WS/install/robomaster_msgs/include/robomaster_msgs/robomaster_msgs/msg/detail/camera_config__functions.h
[3.324s] -- Up-to-date: /home/cricchetto/Robomaster_WS/install/robomaster_msgs/include/robomaster_msgs/robomaster_msgs/msg/detail/audio_data__functions.h
[3.325s] -- Up-to-date: /home/cricchetto/Robomaster_WS/install/robomaster_msgs/include/robomaster_msgs/robomaster_msgs/msg/detail/region_of_interest__struct.h
[3.339s] -- Up-to-date: /home/cricchetto/Robomaster_WS/install/robomaster_msgs/include/robomaster_msgs/robomaster_msgs/msg/detail/audio_level__struct.h
[3.341s] -- Up-to-date: /home/cricchetto/Robomaster_WS/install/robomaster_msgs/include/robomaster_msgs/robomaster_msgs/msg/detail/mode__functions.c
[3.343s] -- Up-to-date: /home/cricchetto/Robomaster_WS/install/robomaster_msgs/include/robomaster_msgs/robomaster_msgs/msg/detail/servo_command__type_support.h
[3.344s] -- Up-to-date: /home/cricchetto/Robomaster_WS/install/robomaster_msgs/include/robomaster_msgs/robomaster_msgs/msg/detail/audio_level__functions.h
[3.344s] -- Up-to-date: /home/cricchetto/Robomaster_WS/install/robomaster_msgs/include/robomaster_msgs/robomaster_msgs/msg/detail/audio_opus__functions.c
[3.346s] -- Up-to-date: /home/cricchetto/Robomaster_WS/install/robomaster_msgs/include/robomaster_msgs/robomaster_msgs/msg/detail/detected_robot__functions.h
[3.346s] -- Up-to-date: /home/cricchetto/Robomaster_WS/install/robomaster_msgs/include/robomaster_msgs/robomaster_msgs/msg/detail/blaster_led__struct.h
[3.347s] -- Up-to-date: /home/cricchetto/Robomaster_WS/install/robomaster_msgs/include/robomaster_msgs/robomaster_msgs/msg/detail/serial__functions.h
[3.348s] -- Up-to-date: /home/cricchetto/Robomaster_WS/install/robomaster_msgs/include/robomaster_msgs/robomaster_msgs/msg/detail/detected_gesture__functions.h
[3.349s] -- Up-to-date: /home/cricchetto/Robomaster_WS/install/robomaster_msgs/include/robomaster_msgs/robomaster_msgs/msg/detail/detected_line__functions.c
[3.353s] -- Up-to-date: /home/cricchetto/Robomaster_WS/install/robomaster_msgs/include/robomaster_msgs/robomaster_msgs/msg/detail/detection__struct.h
[3.353s] -- Up-to-date: /home/cricchetto/Robomaster_WS/install/robomaster_msgs/include/robomaster_msgs/robomaster_msgs/msg/detail/wheel_speeds__type_support.h
[3.354s] -- Up-to-date: /home/cricchetto/Robomaster_WS/install/robomaster_msgs/include/robomaster_msgs/robomaster_msgs/msg/detail/sensor_adapter__functions.h
[3.354s] -- Up-to-date: /home/cricchetto/Robomaster_WS/install/robomaster_msgs/include/robomaster_msgs/robomaster_msgs/msg/detail/detected_line__functions.h
[3.355s] -- Up-to-date: /home/cricchetto/Robomaster_WS/install/robomaster_msgs/include/robomaster_msgs/robomaster_msgs/msg/detail/detection__type_support.h
[3.355s] -- Up-to-date: /home/cricchetto/Robomaster_WS/install/robomaster_msgs/include/robomaster_msgs/robomaster_msgs/msg/detail/mode__struct.h
[3.356s] -- Up-to-date: /home/cricchetto/Robomaster_WS/install/robomaster_msgs/include/robomaster_msgs/robomaster_msgs/msg/detail/servo_raw_state__struct.h
[3.356s] -- Up-to-date: /home/cricchetto/Robomaster_WS/install/robomaster_msgs/include/robomaster_msgs/robomaster_msgs/msg/detail/servo_command__functions.h
[3.357s] -- Up-to-date: /home/cricchetto/Robomaster_WS/install/robomaster_msgs/include/robomaster_msgs/robomaster_msgs/msg/detail/detected_marker__functions.h
[3.357s] -- Up-to-date: /home/cricchetto/Robomaster_WS/install/robomaster_msgs/include/robomaster_msgs/robomaster_msgs/msg/detail/servo_raw_state__type_support.h
[3.358s] -- Up-to-date: /home/cricchetto/Robomaster_WS/install/robomaster_msgs/include/robomaster_msgs/robomaster_msgs/msg/audio_opus.h
[3.358s] -- Up-to-date: /home/cricchetto/Robomaster_WS/install/robomaster_msgs/include/robomaster_msgs/robomaster_msgs/msg/s_bus.h
[3.358s] -- Up-to-date: /home/cricchetto/Robomaster_WS/install/robomaster_msgs/include/robomaster_msgs/robomaster_msgs/msg/h264_packet.h
[3.359s] -- Up-to-date: /home/cricchetto/Robomaster_WS/install/robomaster_msgs/include/robomaster_msgs/robomaster_msgs/msg/camera_config.h
[3.360s] -- Up-to-date: /home/cricchetto/Robomaster_WS/install/robomaster_msgs/include/robomaster_msgs/robomaster_msgs/msg/region_of_interest.h
[3.360s] -- Up-to-date: /home/cricchetto/Robomaster_WS/install/robomaster_msgs/include/robomaster_msgs/robomaster_msgs/srv
[3.367s] -- Up-to-date: /home/cricchetto/Robomaster_WS/install/robomaster_msgs/include/robomaster_msgs/robomaster_msgs/srv/get_io.h
[3.378s] -- Up-to-date: /home/cricchetto/Robomaster_WS/install/robomaster_msgs/include/robomaster_msgs/robomaster_msgs/srv/get_adc.h
[3.381s] -- Up-to-date: /home/cricchetto/Robomaster_WS/install/robomaster_msgs/include/robomaster_msgs/robomaster_msgs/srv/detail
[3.383s] -- Up-to-date: /home/cricchetto/Robomaster_WS/install/robomaster_msgs/include/robomaster_msgs/robomaster_msgs/srv/detail/get_servo_angle__functions.c
[3.384s] -- Up-to-date: /home/cricchetto/Robomaster_WS/install/robomaster_msgs/include/robomaster_msgs/robomaster_msgs/srv/detail/get_io__type_support.h
[3.384s] -- Up-to-date: /home/cricchetto/Robomaster_WS/install/robomaster_msgs/include/robomaster_msgs/robomaster_msgs/srv/detail/get_adc__struct.h
[3.385s] -- Up-to-date: /home/cricchetto/Robomaster_WS/install/robomaster_msgs/include/robomaster_msgs/robomaster_msgs/srv/detail/get_io__struct.h
[3.389s] -- Up-to-date: /home/cricchetto/Robomaster_WS/install/robomaster_msgs/include/robomaster_msgs/robomaster_msgs/srv/detail/get_io__functions.h
[3.390s] -- Up-to-date: /home/cricchetto/Robomaster_WS/install/robomaster_msgs/include/robomaster_msgs/robomaster_msgs/srv/detail/get_servo_angle__struct.h
[3.390s] -- Up-to-date: /home/cricchetto/Robomaster_WS/install/robomaster_msgs/include/robomaster_msgs/robomaster_msgs/srv/detail/get_pulse__struct.h
[3.390s] -- Up-to-date: /home/cricchetto/Robomaster_WS/install/robomaster_msgs/include/robomaster_msgs/robomaster_msgs/srv/detail/get_adc__functions.h
[3.394s] -- Up-to-date: /home/cricchetto/Robomaster_WS/install/robomaster_msgs/include/robomaster_msgs/robomaster_msgs/srv/detail/get_pulse__type_support.h
[3.395s] -- Up-to-date: /home/cricchetto/Robomaster_WS/install/robomaster_msgs/include/robomaster_msgs/robomaster_msgs/srv/detail/get_adc__functions.c
[3.396s] -- Up-to-date: /home/cricchetto/Robomaster_WS/install/robomaster_msgs/include/robomaster_msgs/robomaster_msgs/srv/detail/get_adc__type_support.h
[3.396s] -- Up-to-date: /home/cricchetto/Robomaster_WS/install/robomaster_msgs/include/robomaster_msgs/robomaster_msgs/srv/detail/get_servo_angle__functions.h
[3.397s] -- Up-to-date: /home/cricchetto/Robomaster_WS/install/robomaster_msgs/include/robomaster_msgs/robomaster_msgs/srv/detail/get_io__functions.c
[3.401s] -- Up-to-date: /home/cricchetto/Robomaster_WS/install/robomaster_msgs/include/robomaster_msgs/robomaster_msgs/srv/detail/get_pulse__functions.c
[3.402s] -- Up-to-date: /home/cricchetto/Robomaster_WS/install/robomaster_msgs/include/robomaster_msgs/robomaster_msgs/srv/detail/get_servo_angle__type_support.h
[3.403s] -- Up-to-date: /home/cricchetto/Robomaster_WS/install/robomaster_msgs/include/robomaster_msgs/robomaster_msgs/srv/detail/get_pulse__functions.h
[3.404s] -- Up-to-date: /home/cricchetto/Robomaster_WS/install/robomaster_msgs/include/robomaster_msgs/robomaster_msgs/srv/get_servo_angle.h
[3.404s] -- Up-to-date: /home/cricchetto/Robomaster_WS/install/robomaster_msgs/include/robomaster_msgs/robomaster_msgs/srv/get_pulse.h
[3.405s] -- Up-to-date: /home/cricchetto/Robomaster_WS/install/robomaster_msgs/share/robomaster_msgs/environment/library_path.sh
[3.405s] -- Up-to-date: /home/cricchetto/Robomaster_WS/install/robomaster_msgs/share/robomaster_msgs/environment/library_path.dsv
[3.406s] -- Up-to-date: /home/cricchetto/Robomaster_WS/install/robomaster_msgs/lib/librobomaster_msgs__rosidl_generator_c.so
[3.406s] -- Up-to-date: /home/cricchetto/Robomaster_WS/install/robomaster_msgs/include/robomaster_msgs/robomaster_msgs
[3.407s] -- Up-to-date: /home/cricchetto/Robomaster_WS/install/robomaster_msgs/include/robomaster_msgs/robomaster_msgs/action
[3.407s] -- Up-to-date: /home/cricchetto/Robomaster_WS/install/robomaster_msgs/include/robomaster_msgs/robomaster_msgs/action/detail
[3.408s] -- Up-to-date: /home/cricchetto/Robomaster_WS/install/robomaster_msgs/include/robomaster_msgs/robomaster_msgs/action/detail/play_sound__rosidl_typesupport_fastrtps_c.h
[3.408s] -- Up-to-date: /home/cricchetto/Robomaster_WS/install/robomaster_msgs/include/robomaster_msgs/robomaster_msgs/action/detail/move__rosidl_typesupport_fastrtps_c.h
[3.408s] -- Up-to-date: /home/cricchetto/Robomaster_WS/install/robomaster_msgs/include/robomaster_msgs/robomaster_msgs/action/detail/move_arm__rosidl_typesupport_fastrtps_c.h
[3.409s] -- Up-to-date: /home/cricchetto/Robomaster_WS/install/robomaster_msgs/include/robomaster_msgs/robomaster_msgs/action/detail/move_gimbal__rosidl_typesupport_fastrtps_c.h
[3.409s] -- Up-to-date: /home/cricchetto/Robomaster_WS/install/robomaster_msgs/include/robomaster_msgs/robomaster_msgs/action/detail/gripper_control__rosidl_typesupport_fastrtps_c.h
[3.410s] -- Up-to-date: /home/cricchetto/Robomaster_WS/install/robomaster_msgs/include/robomaster_msgs/robomaster_msgs/action/detail/recenter_gimbal__rosidl_typesupport_fastrtps_c.h
[3.410s] -- Up-to-date: /home/cricchetto/Robomaster_WS/install/robomaster_msgs/include/robomaster_msgs/robomaster_msgs/action/detail/move_servo__rosidl_typesupport_fastrtps_c.h
[3.411s] -- Up-to-date: /home/cricchetto/Robomaster_WS/install/robomaster_msgs/include/robomaster_msgs/robomaster_msgs/msg
[3.411s] -- Up-to-date: /home/cricchetto/Robomaster_WS/install/robomaster_msgs/include/robomaster_msgs/robomaster_msgs/msg/rosidl_typesupport_fastrtps_c__visibility_control.h
[3.412s] -- Up-to-date: /home/cricchetto/Robomaster_WS/install/robomaster_msgs/include/robomaster_msgs/robomaster_msgs/msg/detail
[3.412s] -- Up-to-date: /home/cricchetto/Robomaster_WS/install/robomaster_msgs/include/robomaster_msgs/robomaster_msgs/msg/detail/serial__rosidl_typesupport_fastrtps_c.h
[3.413s] -- Up-to-date: /home/cricchetto/Robomaster_WS/install/robomaster_msgs/include/robomaster_msgs/robomaster_msgs/msg/detail/sensor_adapter__rosidl_typesupport_fastrtps_c.h
[3.446s] -- Up-to-date: /home/cricchetto/Robomaster_WS/install/robomaster_msgs/include/robomaster_msgs/robomaster_msgs/msg/detail/gimbal_command__rosidl_typesupport_fastrtps_c.h
[3.447s] -- Up-to-date: /home/cricchetto/Robomaster_WS/install/robomaster_msgs/include/robomaster_msgs/robomaster_msgs/msg/detail/detected_gesture__rosidl_typesupport_fastrtps_c.h
[3.448s] -- Up-to-date: /home/cricchetto/Robomaster_WS/install/robomaster_msgs/include/robomaster_msgs/robomaster_msgs/msg/detail/detected_person__rosidl_typesupport_fastrtps_c.h
[3.448s] -- Up-to-date: /home/cricchetto/Robomaster_WS/install/robomaster_msgs/include/robomaster_msgs/robomaster_msgs/msg/detail/audio_data__rosidl_typesupport_fastrtps_c.h
[3.449s] -- Up-to-date: /home/cricchetto/Robomaster_WS/install/robomaster_msgs/include/robomaster_msgs/robomaster_msgs/msg/detail/audio_opus__rosidl_typesupport_fastrtps_c.h
[3.449s] -- Up-to-date: /home/cricchetto/Robomaster_WS/install/robomaster_msgs/include/robomaster_msgs/robomaster_msgs/msg/detail/detected_line__rosidl_typesupport_fastrtps_c.h
[3.450s] -- Up-to-date: /home/cricchetto/Robomaster_WS/install/robomaster_msgs/include/robomaster_msgs/robomaster_msgs/msg/detail/servo_raw_state__rosidl_typesupport_fastrtps_c.h
[3.450s] -- Up-to-date: /home/cricchetto/Robomaster_WS/install/robomaster_msgs/include/robomaster_msgs/robomaster_msgs/msg/detail/gripper_state__rosidl_typesupport_fastrtps_c.h
[3.451s] -- Up-to-date: /home/cricchetto/Robomaster_WS/install/robomaster_msgs/include/robomaster_msgs/robomaster_msgs/msg/detail/detection__rosidl_typesupport_fastrtps_c.h
[3.452s] -- Up-to-date: /home/cricchetto/Robomaster_WS/install/robomaster_msgs/include/robomaster_msgs/robomaster_msgs/msg/detail/servo_command__rosidl_typesupport_fastrtps_c.h
[3.452s] -- Up-to-date: /home/cricchetto/Robomaster_WS/install/robomaster_msgs/include/robomaster_msgs/robomaster_msgs/msg/detail/armor_hit__rosidl_typesupport_fastrtps_c.h
[3.464s] -- Up-to-date: /home/cricchetto/Robomaster_WS/install/robomaster_msgs/include/robomaster_msgs/robomaster_msgs/msg/detail/s_bus__rosidl_typesupport_fastrtps_c.h
[3.465s] -- Up-to-date: /home/cricchetto/Robomaster_WS/install/robomaster_msgs/include/robomaster_msgs/robomaster_msgs/msg/detail/region_of_interest__rosidl_typesupport_fastrtps_c.h
[3.466s] -- Up-to-date: /home/cricchetto/Robomaster_WS/install/robomaster_msgs/include/robomaster_msgs/robomaster_msgs/msg/detail/detected_marker__rosidl_typesupport_fastrtps_c.h
[3.467s] -- Up-to-date: /home/cricchetto/Robomaster_WS/install/robomaster_msgs/include/robomaster_msgs/robomaster_msgs/msg/detail/led_effect__rosidl_typesupport_fastrtps_c.h
[3.467s] -- Up-to-date: /home/cricchetto/Robomaster_WS/install/robomaster_msgs/include/robomaster_msgs/robomaster_msgs/msg/detail/speaker_command__rosidl_typesupport_fastrtps_c.h
[3.468s] -- Up-to-date: /home/cricchetto/Robomaster_WS/install/robomaster_msgs/include/robomaster_msgs/robomaster_msgs/msg/detail/pwm__rosidl_typesupport_fastrtps_c.h
[3.468s] -- Up-to-date: /home/cricchetto/Robomaster_WS/install/robomaster_msgs/include/robomaster_msgs/robomaster_msgs/msg/detail/detected_robot__rosidl_typesupport_fastrtps_c.h
[3.469s] -- Up-to-date: /home/cricchetto/Robomaster_WS/install/robomaster_msgs/include/robomaster_msgs/robomaster_msgs/msg/detail/camera_config__rosidl_typesupport_fastrtps_c.h
[3.470s] -- Up-to-date: /home/cricchetto/Robomaster_WS/install/robomaster_msgs/include/robomaster_msgs/robomaster_msgs/msg/detail/mode__rosidl_typesupport_fastrtps_c.h
[3.470s] -- Up-to-date: /home/cricchetto/Robomaster_WS/install/robomaster_msgs/include/robomaster_msgs/robomaster_msgs/msg/detail/h264_packet__rosidl_typesupport_fastrtps_c.h
[3.471s] -- Up-to-date: /home/cricchetto/Robomaster_WS/install/robomaster_msgs/include/robomaster_msgs/robomaster_msgs/msg/detail/wheel_speeds__rosidl_typesupport_fastrtps_c.h
[3.472s] -- Up-to-date: /home/cricchetto/Robomaster_WS/install/robomaster_msgs/include/robomaster_msgs/robomaster_msgs/msg/detail/chassis_status__rosidl_typesupport_fastrtps_c.h
[3.473s] -- Up-to-date: /home/cricchetto/Robomaster_WS/install/robomaster_msgs/include/robomaster_msgs/robomaster_msgs/msg/detail/blaster_led__rosidl_typesupport_fastrtps_c.h
[3.482s] -- Up-to-date: /home/cricchetto/Robomaster_WS/install/robomaster_msgs/include/robomaster_msgs/robomaster_msgs/msg/detail/audio_level__rosidl_typesupport_fastrtps_c.h
[3.483s] -- Up-to-date: /home/cricchetto/Robomaster_WS/install/robomaster_msgs/include/robomaster_msgs/robomaster_msgs/srv
[3.484s] -- Up-to-date: /home/cricchetto/Robomaster_WS/install/robomaster_msgs/include/robomaster_msgs/robomaster_msgs/srv/detail
[3.484s] -- Up-to-date: /home/cricchetto/Robomaster_WS/install/robomaster_msgs/include/robomaster_msgs/robomaster_msgs/srv/detail/get_servo_angle__rosidl_typesupport_fastrtps_c.h
[3.485s] -- Up-to-date: /home/cricchetto/Robomaster_WS/install/robomaster_msgs/include/robomaster_msgs/robomaster_msgs/srv/detail/get_adc__rosidl_typesupport_fastrtps_c.h
[3.490s] -- Up-to-date: /home/cricchetto/Robomaster_WS/install/robomaster_msgs/include/robomaster_msgs/robomaster_msgs/srv/detail/get_io__rosidl_typesupport_fastrtps_c.h
[3.490s] -- Up-to-date: /home/cricchetto/Robomaster_WS/install/robomaster_msgs/include/robomaster_msgs/robomaster_msgs/srv/detail/get_pulse__rosidl_typesupport_fastrtps_c.h
[3.490s] -- Up-to-date: /home/cricchetto/Robomaster_WS/install/robomaster_msgs/lib/librobomaster_msgs__rosidl_typesupport_fastrtps_c.so
[3.491s] -- Up-to-date: /home/cricchetto/Robomaster_WS/install/robomaster_msgs/include/robomaster_msgs/robomaster_msgs
[3.491s] -- Up-to-date: /home/cricchetto/Robomaster_WS/install/robomaster_msgs/include/robomaster_msgs/robomaster_msgs/action
[3.492s] -- Up-to-date: /home/cricchetto/Robomaster_WS/install/robomaster_msgs/include/robomaster_msgs/robomaster_msgs/action/detail
[3.492s] -- Up-to-date: /home/cricchetto/Robomaster_WS/install/robomaster_msgs/include/robomaster_msgs/robomaster_msgs/action/detail/move_gimbal__type_support.c
[3.493s] -- Up-to-date: /home/cricchetto/Robomaster_WS/install/robomaster_msgs/include/robomaster_msgs/robomaster_msgs/action/detail/move__type_support.c
[3.493s] -- Up-to-date: /home/cricchetto/Robomaster_WS/install/robomaster_msgs/include/robomaster_msgs/robomaster_msgs/action/detail/gripper_control__type_support.c
[3.493s] -- Up-to-date: /home/cricchetto/Robomaster_WS/install/robomaster_msgs/include/robomaster_msgs/robomaster_msgs/action/detail/move_servo__rosidl_typesupport_introspection_c.h
[3.500s] -- Up-to-date: /home/cricchetto/Robomaster_WS/install/robomaster_msgs/include/robomaster_msgs/robomaster_msgs/action/detail/play_sound__type_support.c
[3.501s] -- Up-to-date: /home/cricchetto/Robomaster_WS/install/robomaster_msgs/include/robomaster_msgs/robomaster_msgs/action/detail/move_gimbal__rosidl_typesupport_introspection_c.h
[3.501s] -- Up-to-date: /home/cricchetto/Robomaster_WS/install/robomaster_msgs/include/robomaster_msgs/robomaster_msgs/action/detail/move_arm__type_support.c
[3.502s] -- Up-to-date: /home/cricchetto/Robomaster_WS/install/robomaster_msgs/include/robomaster_msgs/robomaster_msgs/action/detail/gripper_control__rosidl_typesupport_introspection_c.h
[3.502s] -- Up-to-date: /home/cricchetto/Robomaster_WS/install/robomaster_msgs/include/robomaster_msgs/robomaster_msgs/action/detail/play_sound__rosidl_typesupport_introspection_c.h
[3.503s] -- Up-to-date: /home/cricchetto/Robomaster_WS/install/robomaster_msgs/include/robomaster_msgs/robomaster_msgs/action/detail/move_arm__rosidl_typesupport_introspection_c.h
[3.503s] -- Up-to-date: /home/cricchetto/Robomaster_WS/install/robomaster_msgs/include/robomaster_msgs/robomaster_msgs/action/detail/move_servo__type_support.c
[3.504s] -- Up-to-date: /home/cricchetto/Robomaster_WS/install/robomaster_msgs/include/robomaster_msgs/robomaster_msgs/action/detail/recenter_gimbal__rosidl_typesupport_introspection_c.h
[3.504s] -- Up-to-date: /home/cricchetto/Robomaster_WS/install/robomaster_msgs/include/robomaster_msgs/robomaster_msgs/action/detail/recenter_gimbal__type_support.c
[3.505s] -- Up-to-date: /home/cricchetto/Robomaster_WS/install/robomaster_msgs/include/robomaster_msgs/robomaster_msgs/action/detail/move__rosidl_typesupport_introspection_c.h
[3.513s] -- Up-to-date: /home/cricchetto/Robomaster_WS/install/robomaster_msgs/include/robomaster_msgs/robomaster_msgs/msg
[3.513s] -- Up-to-date: /home/cricchetto/Robomaster_WS/install/robomaster_msgs/include/robomaster_msgs/robomaster_msgs/msg/detail
[3.517s] -- Up-to-date: /home/cricchetto/Robomaster_WS/install/robomaster_msgs/include/robomaster_msgs/robomaster_msgs/msg/detail/mode__rosidl_typesupport_introspection_c.h
[3.518s] -- Up-to-date: /home/cricchetto/Robomaster_WS/install/robomaster_msgs/include/robomaster_msgs/robomaster_msgs/msg/detail/h264_packet__type_support.c
[3.519s] -- Up-to-date: /home/cricchetto/Robomaster_WS/install/robomaster_msgs/include/robomaster_msgs/robomaster_msgs/msg/detail/serial__type_support.c
[3.520s] -- Up-to-date: /home/cricchetto/Robomaster_WS/install/robomaster_msgs/include/robomaster_msgs/robomaster_msgs/msg/detail/detection__rosidl_typesupport_introspection_c.h
[3.521s] -- Up-to-date: /home/cricchetto/Robomaster_WS/install/robomaster_msgs/include/robomaster_msgs/robomaster_msgs/msg/detail/camera_config__type_support.c
[3.529s] -- Up-to-date: /home/cricchetto/Robomaster_WS/install/robomaster_msgs/include/robomaster_msgs/robomaster_msgs/msg/detail/speaker_command__type_support.c
[3.532s] -- Up-to-date: /home/cricchetto/Robomaster_WS/install/robomaster_msgs/include/robomaster_msgs/robomaster_msgs/msg/detail/detected_marker__type_support.c
[3.532s] -- Up-to-date: /home/cricchetto/Robomaster_WS/install/robomaster_msgs/include/robomaster_msgs/robomaster_msgs/msg/detail/detected_person__type_support.c
[3.533s] -- Up-to-date: /home/cricchetto/Robomaster_WS/install/robomaster_msgs/include/robomaster_msgs/robomaster_msgs/msg/detail/detected_marker__rosidl_typesupport_introspection_c.h
[3.533s] -- Up-to-date: /home/cricchetto/Robomaster_WS/install/robomaster_msgs/include/robomaster_msgs/robomaster_msgs/msg/detail/s_bus__type_support.c
[3.534s] -- Up-to-date: /home/cricchetto/Robomaster_WS/install/robomaster_msgs/include/robomaster_msgs/robomaster_msgs/msg/detail/gripper_state__rosidl_typesupport_introspection_c.h
[3.534s] -- Up-to-date: /home/cricchetto/Robomaster_WS/install/robomaster_msgs/include/robomaster_msgs/robomaster_msgs/msg/detail/servo_raw_state__type_support.c
[3.535s] -- Up-to-date: /home/cricchetto/Robomaster_WS/install/robomaster_msgs/include/robomaster_msgs/robomaster_msgs/msg/detail/region_of_interest__rosidl_typesupport_introspection_c.h
[3.535s] -- Up-to-date: /home/cricchetto/Robomaster_WS/install/robomaster_msgs/include/robomaster_msgs/robomaster_msgs/msg/detail/servo_command__type_support.c
[3.536s] -- Up-to-date: /home/cricchetto/Robomaster_WS/install/robomaster_msgs/include/robomaster_msgs/robomaster_msgs/msg/detail/audio_level__rosidl_typesupport_introspection_c.h
[3.536s] -- Up-to-date: /home/cricchetto/Robomaster_WS/install/robomaster_msgs/include/robomaster_msgs/robomaster_msgs/msg/detail/detected_gesture__type_support.c
[3.537s] -- Up-to-date: /home/cricchetto/Robomaster_WS/install/robomaster_msgs/include/robomaster_msgs/robomaster_msgs/msg/detail/detected_person__rosidl_typesupport_introspection_c.h
[3.545s] -- Up-to-date: /home/cricchetto/Robomaster_WS/install/robomaster_msgs/include/robomaster_msgs/robomaster_msgs/msg/detail/camera_config__rosidl_typesupport_introspection_c.h
[3.546s] -- Up-to-date: /home/cricchetto/Robomaster_WS/install/robomaster_msgs/include/robomaster_msgs/robomaster_msgs/msg/detail/chassis_status__type_support.c
[3.549s] -- Up-to-date: /home/cricchetto/Robomaster_WS/install/robomaster_msgs/include/robomaster_msgs/robomaster_msgs/msg/detail/region_of_interest__type_support.c
[3.550s] -- Up-to-date: /home/cricchetto/Robomaster_WS/install/robomaster_msgs/include/robomaster_msgs/robomaster_msgs/msg/detail/chassis_status__rosidl_typesupport_introspection_c.h
[3.550s] -- Up-to-date: /home/cricchetto/Robomaster_WS/install/robomaster_msgs/include/robomaster_msgs/robomaster_msgs/msg/detail/pwm__rosidl_typesupport_introspection_c.h
[3.551s] -- Up-to-date: /home/cricchetto/Robomaster_WS/install/robomaster_msgs/include/robomaster_msgs/robomaster_msgs/msg/detail/detected_robot__type_support.c
[3.551s] -- Up-to-date: /home/cricchetto/Robomaster_WS/install/robomaster_msgs/include/robomaster_msgs/robomaster_msgs/msg/detail/audio_level__type_support.c
[3.552s] -- Up-to-date: /home/cricchetto/Robomaster_WS/install/robomaster_msgs/include/robomaster_msgs/robomaster_msgs/msg/detail/speaker_command__rosidl_typesupport_introspection_c.h
[3.552s] -- Up-to-date: /home/cricchetto/Robomaster_WS/install/robomaster_msgs/include/robomaster_msgs/robomaster_msgs/msg/detail/h264_packet__rosidl_typesupport_introspection_c.h
[3.552s] -- Up-to-date: /home/cricchetto/Robomaster_WS/install/robomaster_msgs/include/robomaster_msgs/robomaster_msgs/msg/detail/detection__type_support.c
[3.553s] -- Up-to-date: /home/cricchetto/Robomaster_WS/install/robomaster_msgs/include/robomaster_msgs/robomaster_msgs/msg/detail/blaster_led__type_support.c
[3.559s] -- Up-to-date: /home/cricchetto/Robomaster_WS/install/robomaster_msgs/include/robomaster_msgs/robomaster_msgs/msg/detail/audio_opus__type_support.c
[3.560s] -- Up-to-date: /home/cricchetto/Robomaster_WS/install/robomaster_msgs/include/robomaster_msgs/robomaster_msgs/msg/detail/led_effect__type_support.c
[3.561s] -- Up-to-date: /home/cricchetto/Robomaster_WS/install/robomaster_msgs/include/robomaster_msgs/robomaster_msgs/msg/detail/wheel_speeds__rosidl_typesupport_introspection_c.h
[3.565s] -- Up-to-date: /home/cricchetto/Robomaster_WS/install/robomaster_msgs/include/robomaster_msgs/robomaster_msgs/msg/detail/pwm__type_support.c
[3.566s] -- Up-to-date: /home/cricchetto/Robomaster_WS/install/robomaster_msgs/include/robomaster_msgs/robomaster_msgs/msg/detail/s_bus__rosidl_typesupport_introspection_c.h
[3.566s] -- Up-to-date: /home/cricchetto/Robomaster_WS/install/robomaster_msgs/include/robomaster_msgs/robomaster_msgs/msg/detail/armor_hit__type_support.c
[3.567s] -- Up-to-date: /home/cricchetto/Robomaster_WS/install/robomaster_msgs/include/robomaster_msgs/robomaster_msgs/msg/detail/detected_line__type_support.c
[3.568s] -- Up-to-date: /home/cricchetto/Robomaster_WS/install/robomaster_msgs/include/robomaster_msgs/robomaster_msgs/msg/detail/serial__rosidl_typesupport_introspection_c.h
[3.569s] -- Up-to-date: /home/cricchetto/Robomaster_WS/install/robomaster_msgs/include/robomaster_msgs/robomaster_msgs/msg/detail/sensor_adapter__rosidl_typesupport_introspection_c.h
[3.576s] -- Up-to-date: /home/cricchetto/Robomaster_WS/install/robomaster_msgs/include/robomaster_msgs/robomaster_msgs/msg/detail/detected_robot__rosidl_typesupport_introspection_c.h
[3.576s] -- Up-to-date: /home/cricchetto/Robomaster_WS/install/robomaster_msgs/include/robomaster_msgs/robomaster_msgs/msg/detail/audio_opus__rosidl_typesupport_introspection_c.h
[3.577s] -- Up-to-date: /home/cricchetto/Robomaster_WS/install/robomaster_msgs/include/robomaster_msgs/robomaster_msgs/msg/detail/wheel_speeds__type_support.c
[3.580s] -- Up-to-date: /home/cricchetto/Robomaster_WS/install/robomaster_msgs/include/robomaster_msgs/robomaster_msgs/msg/detail/mode__type_support.c
[3.581s] -- Up-to-date: /home/cricchetto/Robomaster_WS/install/robomaster_msgs/include/robomaster_msgs/robomaster_msgs/msg/detail/servo_raw_state__rosidl_typesupport_introspection_c.h
[3.588s] -- Up-to-date: /home/cricchetto/Robomaster_WS/install/robomaster_msgs/include/robomaster_msgs/robomaster_msgs/msg/detail/gripper_state__type_support.c
[3.589s] -- Up-to-date: /home/cricchetto/Robomaster_WS/install/robomaster_msgs/include/robomaster_msgs/robomaster_msgs/msg/detail/blaster_led__rosidl_typesupport_introspection_c.h
[3.589s] -- Up-to-date: /home/cricchetto/Robomaster_WS/install/robomaster_msgs/include/robomaster_msgs/robomaster_msgs/msg/detail/audio_data__type_support.c
[3.590s] -- Up-to-date: /home/cricchetto/Robomaster_WS/install/robomaster_msgs/include/robomaster_msgs/robomaster_msgs/msg/detail/armor_hit__rosidl_typesupport_introspection_c.h
[3.591s] -- Up-to-date: /home/cricchetto/Robomaster_WS/install/robomaster_msgs/include/robomaster_msgs/robomaster_msgs/msg/detail/sensor_adapter__type_support.c
[3.591s] -- Up-to-date: /home/cricchetto/Robomaster_WS/install/robomaster_msgs/include/robomaster_msgs/robomaster_msgs/msg/detail/servo_command__rosidl_typesupport_introspection_c.h
[3.592s] -- Up-to-date: /home/cricchetto/Robomaster_WS/install/robomaster_msgs/include/robomaster_msgs/robomaster_msgs/msg/detail/audio_data__rosidl_typesupport_introspection_c.h
[3.592s] -- Up-to-date: /home/cricchetto/Robomaster_WS/install/robomaster_msgs/include/robomaster_msgs/robomaster_msgs/msg/detail/led_effect__rosidl_typesupport_introspection_c.h
[3.593s] -- Up-to-date: /home/cricchetto/Robomaster_WS/install/robomaster_msgs/include/robomaster_msgs/robomaster_msgs/msg/detail/gimbal_command__type_support.c
[3.593s] -- Up-to-date: /home/cricchetto/Robomaster_WS/install/robomaster_msgs/include/robomaster_msgs/robomaster_msgs/msg/detail/detected_line__rosidl_typesupport_introspection_c.h
[3.594s] -- Up-to-date: /home/cricchetto/Robomaster_WS/install/robomaster_msgs/include/robomaster_msgs/robomaster_msgs/msg/detail/gimbal_command__rosidl_typesupport_introspection_c.h
[3.594s] -- Up-to-date: /home/cricchetto/Robomaster_WS/install/robomaster_msgs/include/robomaster_msgs/robomaster_msgs/msg/detail/detected_gesture__rosidl_typesupport_introspection_c.h
[3.595s] -- Up-to-date: /home/cricchetto/Robomaster_WS/install/robomaster_msgs/include/robomaster_msgs/robomaster_msgs/msg/rosidl_typesupport_introspection_c__visibility_control.h
[3.595s] -- Up-to-date: /home/cricchetto/Robomaster_WS/install/robomaster_msgs/include/robomaster_msgs/robomaster_msgs/srv
[3.596s] -- Up-to-date: /home/cricchetto/Robomaster_WS/install/robomaster_msgs/include/robomaster_msgs/robomaster_msgs/srv/detail
[3.597s] -- Up-to-date: /home/cricchetto/Robomaster_WS/install/robomaster_msgs/include/robomaster_msgs/robomaster_msgs/srv/detail/get_adc__rosidl_typesupport_introspection_c.h
[3.614s] -- Up-to-date: /home/cricchetto/Robomaster_WS/install/robomaster_msgs/include/robomaster_msgs/robomaster_msgs/srv/detail/get_servo_angle__type_support.c
[3.614s] -- Up-to-date: /home/cricchetto/Robomaster_WS/install/robomaster_msgs/include/robomaster_msgs/robomaster_msgs/srv/detail/get_servo_angle__rosidl_typesupport_introspection_c.h
[3.615s] -- Up-to-date: /home/cricchetto/Robomaster_WS/install/robomaster_msgs/include/robomaster_msgs/robomaster_msgs/srv/detail/get_pulse__type_support.c
[3.616s] -- Up-to-date: /home/cricchetto/Robomaster_WS/install/robomaster_msgs/include/robomaster_msgs/robomaster_msgs/srv/detail/get_io__type_support.c
[3.617s] -- Up-to-date: /home/cricchetto/Robomaster_WS/install/robomaster_msgs/include/robomaster_msgs/robomaster_msgs/srv/detail/get_pulse__rosidl_typesupport_introspection_c.h
[3.619s] -- Up-to-date: /home/cricchetto/Robomaster_WS/install/robomaster_msgs/include/robomaster_msgs/robomaster_msgs/srv/detail/get_adc__type_support.c
[3.620s] -- Up-to-date: /home/cricchetto/Robomaster_WS/install/robomaster_msgs/include/robomaster_msgs/robomaster_msgs/srv/detail/get_io__rosidl_typesupport_introspection_c.h
[3.620s] -- Up-to-date: /home/cricchetto/Robomaster_WS/install/robomaster_msgs/lib/librobomaster_msgs__rosidl_typesupport_introspection_c.so
[3.623s] -- Up-to-date: /home/cricchetto/Robomaster_WS/install/robomaster_msgs/lib/librobomaster_msgs__rosidl_typesupport_c.so
[3.624s] -- Up-to-date: /home/cricchetto/Robomaster_WS/install/robomaster_msgs/include/robomaster_msgs/robomaster_msgs
[3.625s] -- Up-to-date: /home/cricchetto/Robomaster_WS/install/robomaster_msgs/include/robomaster_msgs/robomaster_msgs/action
[3.626s] -- Up-to-date: /home/cricchetto/Robomaster_WS/install/robomaster_msgs/include/robomaster_msgs/robomaster_msgs/action/move_arm.hpp
[3.628s] -- Up-to-date: /home/cricchetto/Robomaster_WS/install/robomaster_msgs/include/robomaster_msgs/robomaster_msgs/action/move.hpp
[3.628s] -- Up-to-date: /home/cricchetto/Robomaster_WS/install/robomaster_msgs/include/robomaster_msgs/robomaster_msgs/action/play_sound.hpp
[3.629s] -- Up-to-date: /home/cricchetto/Robomaster_WS/install/robomaster_msgs/include/robomaster_msgs/robomaster_msgs/action/gripper_control.hpp
[3.630s] -- Up-to-date: /home/cricchetto/Robomaster_WS/install/robomaster_msgs/include/robomaster_msgs/robomaster_msgs/action/recenter_gimbal.hpp
[3.631s] -- Up-to-date: /home/cricchetto/Robomaster_WS/install/robomaster_msgs/include/robomaster_msgs/robomaster_msgs/action/move_servo.hpp
[3.632s] -- Up-to-date: /home/cricchetto/Robomaster_WS/install/robomaster_msgs/include/robomaster_msgs/robomaster_msgs/action/detail
[3.633s] -- Up-to-date: /home/cricchetto/Robomaster_WS/install/robomaster_msgs/include/robomaster_msgs/robomaster_msgs/action/detail/play_sound__struct.hpp
[3.634s] -- Up-to-date: /home/cricchetto/Robomaster_WS/install/robomaster_msgs/include/robomaster_msgs/robomaster_msgs/action/detail/recenter_gimbal__traits.hpp
[3.635s] -- Up-to-date: /home/cricchetto/Robomaster_WS/install/robomaster_msgs/include/robomaster_msgs/robomaster_msgs/action/detail/move_arm__type_support.hpp
[3.635s] -- Up-to-date: /home/cricchetto/Robomaster_WS/install/robomaster_msgs/include/robomaster_msgs/robomaster_msgs/action/detail/gripper_control__type_support.hpp
[3.636s] -- Up-to-date: /home/cricchetto/Robomaster_WS/install/robomaster_msgs/include/robomaster_msgs/robomaster_msgs/action/detail/move_servo__struct.hpp
[3.637s] -- Up-to-date: /home/cricchetto/Robomaster_WS/install/robomaster_msgs/include/robomaster_msgs/robomaster_msgs/action/detail/move__struct.hpp
[3.639s] -- Up-to-date: /home/cricchetto/Robomaster_WS/install/robomaster_msgs/include/robomaster_msgs/robomaster_msgs/action/detail/move__type_support.hpp
[3.640s] -- Up-to-date: /home/cricchetto/Robomaster_WS/install/robomaster_msgs/include/robomaster_msgs/robomaster_msgs/action/detail/play_sound__traits.hpp
[3.641s] -- Up-to-date: /home/cricchetto/Robomaster_WS/install/robomaster_msgs/include/robomaster_msgs/robomaster_msgs/action/detail/move_servo__type_support.hpp
[3.643s] -- Up-to-date: /home/cricchetto/Robomaster_WS/install/robomaster_msgs/include/robomaster_msgs/robomaster_msgs/action/detail/move_arm__struct.hpp
[3.646s] -- Up-to-date: /home/cricchetto/Robomaster_WS/install/robomaster_msgs/include/robomaster_msgs/robomaster_msgs/action/detail/recenter_gimbal__type_support.hpp
[3.647s] -- Up-to-date: /home/cricchetto/Robomaster_WS/install/robomaster_msgs/include/robomaster_msgs/robomaster_msgs/action/detail/recenter_gimbal__builder.hpp
[3.650s] -- Up-to-date: /home/cricchetto/Robomaster_WS/install/robomaster_msgs/include/robomaster_msgs/robomaster_msgs/action/detail/move_arm__traits.hpp
[3.651s] -- Up-to-date: /home/cricchetto/Robomaster_WS/install/robomaster_msgs/include/robomaster_msgs/robomaster_msgs/action/detail/move_gimbal__struct.hpp
[3.651s] -- Up-to-date: /home/cricchetto/Robomaster_WS/install/robomaster_msgs/include/robomaster_msgs/robomaster_msgs/action/detail/move_gimbal__builder.hpp
[3.652s] -- Up-to-date: /home/cricchetto/Robomaster_WS/install/robomaster_msgs/include/robomaster_msgs/robomaster_msgs/action/detail/play_sound__type_support.hpp
[3.652s] -- Up-to-date: /home/cricchetto/Robomaster_WS/install/robomaster_msgs/include/robomaster_msgs/robomaster_msgs/action/detail/play_sound__builder.hpp
[3.653s] -- Up-to-date: /home/cricchetto/Robomaster_WS/install/robomaster_msgs/include/robomaster_msgs/robomaster_msgs/action/detail/move__builder.hpp
[3.653s] -- Up-to-date: /home/cricchetto/Robomaster_WS/install/robomaster_msgs/include/robomaster_msgs/robomaster_msgs/action/detail/recenter_gimbal__struct.hpp
[3.654s] -- Up-to-date: /home/cricchetto/Robomaster_WS/install/robomaster_msgs/include/robomaster_msgs/robomaster_msgs/action/detail/move_arm__builder.hpp
[3.655s] -- Up-to-date: /home/cricchetto/Robomaster_WS/install/robomaster_msgs/include/robomaster_msgs/robomaster_msgs/action/detail/move_gimbal__traits.hpp
[3.657s] -- Up-to-date: /home/cricchetto/Robomaster_WS/install/robomaster_msgs/include/robomaster_msgs/robomaster_msgs/action/detail/gripper_control__struct.hpp
[3.658s] -- Up-to-date: /home/cricchetto/Robomaster_WS/install/robomaster_msgs/include/robomaster_msgs/robomaster_msgs/action/detail/move_gimbal__type_support.hpp
[3.660s] -- Up-to-date: /home/cricchetto/Robomaster_WS/install/robomaster_msgs/include/robomaster_msgs/robomaster_msgs/action/detail/move__traits.hpp
[3.661s] -- Up-to-date: /home/cricchetto/Robomaster_WS/install/robomaster_msgs/include/robomaster_msgs/robomaster_msgs/action/detail/move_servo__traits.hpp
[3.662s] -- Up-to-date: /home/cricchetto/Robomaster_WS/install/robomaster_msgs/include/robomaster_msgs/robomaster_msgs/action/detail/move_servo__builder.hpp
[3.663s] -- Up-to-date: /home/cricchetto/Robomaster_WS/install/robomaster_msgs/include/robomaster_msgs/robomaster_msgs/action/detail/gripper_control__builder.hpp
[3.664s] -- Up-to-date: /home/cricchetto/Robomaster_WS/install/robomaster_msgs/include/robomaster_msgs/robomaster_msgs/action/detail/gripper_control__traits.hpp
[3.666s] -- Up-to-date: /home/cricchetto/Robomaster_WS/install/robomaster_msgs/include/robomaster_msgs/robomaster_msgs/action/move_gimbal.hpp
[3.667s] -- Up-to-date: /home/cricchetto/Robomaster_WS/install/robomaster_msgs/include/robomaster_msgs/robomaster_msgs/msg
[3.668s] -- Up-to-date: /home/cricchetto/Robomaster_WS/install/robomaster_msgs/include/robomaster_msgs/robomaster_msgs/msg/detected_marker.hpp
[3.669s] -- Up-to-date: /home/cricchetto/Robomaster_WS/install/robomaster_msgs/include/robomaster_msgs/robomaster_msgs/msg/region_of_interest.hpp
[3.670s] -- Up-to-date: /home/cricchetto/Robomaster_WS/install/robomaster_msgs/include/robomaster_msgs/robomaster_msgs/msg/h264_packet.hpp
[3.671s] -- Up-to-date: /home/cricchetto/Robomaster_WS/install/robomaster_msgs/include/robomaster_msgs/robomaster_msgs/msg/servo_raw_state.hpp
[3.672s] -- Up-to-date: /home/cricchetto/Robomaster_WS/install/robomaster_msgs/include/robomaster_msgs/robomaster_msgs/msg/mode.hpp
[3.673s] -- Up-to-date: /home/cricchetto/Robomaster_WS/install/robomaster_msgs/include/robomaster_msgs/robomaster_msgs/msg/audio_opus.hpp
[3.674s] -- Up-to-date: /home/cricchetto/Robomaster_WS/install/robomaster_msgs/include/robomaster_msgs/robomaster_msgs/msg/gimbal_command.hpp
[3.675s] -- Up-to-date: /home/cricchetto/Robomaster_WS/install/robomaster_msgs/include/robomaster_msgs/robomaster_msgs/msg/sensor_adapter.hpp
[3.676s] -- Up-to-date: /home/cricchetto/Robomaster_WS/install/robomaster_msgs/include/robomaster_msgs/robomaster_msgs/msg/pwm.hpp
[3.677s] -- Up-to-date: /home/cricchetto/Robomaster_WS/install/robomaster_msgs/include/robomaster_msgs/robomaster_msgs/msg/s_bus.hpp
[3.679s] -- Up-to-date: /home/cricchetto/Robomaster_WS/install/robomaster_msgs/include/robomaster_msgs/robomaster_msgs/msg/detected_line.hpp
[3.680s] -- Up-to-date: /home/cricchetto/Robomaster_WS/install/robomaster_msgs/include/robomaster_msgs/robomaster_msgs/msg/chassis_status.hpp
[3.682s] -- Up-to-date: /home/cricchetto/Robomaster_WS/install/robomaster_msgs/include/robomaster_msgs/robomaster_msgs/msg/led_effect.hpp
[3.683s] -- Up-to-date: /home/cricchetto/Robomaster_WS/install/robomaster_msgs/include/robomaster_msgs/robomaster_msgs/msg/detected_person.hpp
[3.684s] -- Up-to-date: /home/cricchetto/Robomaster_WS/install/robomaster_msgs/include/robomaster_msgs/robomaster_msgs/msg/wheel_speeds.hpp
[3.685s] -- Up-to-date: /home/cricchetto/Robomaster_WS/install/robomaster_msgs/include/robomaster_msgs/robomaster_msgs/msg/detected_gesture.hpp
[3.687s] -- Up-to-date: /home/cricchetto/Robomaster_WS/install/robomaster_msgs/include/robomaster_msgs/robomaster_msgs/msg/detected_robot.hpp
[3.689s] -- Up-to-date: /home/cricchetto/Robomaster_WS/install/robomaster_msgs/include/robomaster_msgs/robomaster_msgs/msg/speaker_command.hpp
[3.691s] -- Up-to-date: /home/cricchetto/Robomaster_WS/install/robomaster_msgs/include/robomaster_msgs/robomaster_msgs/msg/serial.hpp
[3.692s] -- Up-to-date: /home/cricchetto/Robomaster_WS/install/robomaster_msgs/include/robomaster_msgs/robomaster_msgs/msg/audio_level.hpp
[3.693s] -- Up-to-date: /home/cricchetto/Robomaster_WS/install/robomaster_msgs/include/robomaster_msgs/robomaster_msgs/msg/armor_hit.hpp
[3.694s] -- Up-to-date: /home/cricchetto/Robomaster_WS/install/robomaster_msgs/include/robomaster_msgs/robomaster_msgs/msg/gripper_state.hpp
[3.694s] -- Up-to-date: /home/cricchetto/Robomaster_WS/install/robomaster_msgs/include/robomaster_msgs/robomaster_msgs/msg/audio_data.hpp
[3.694s] -- Up-to-date: /home/cricchetto/Robomaster_WS/install/robomaster_msgs/include/robomaster_msgs/robomaster_msgs/msg/detail
[3.695s] -- Up-to-date: /home/cricchetto/Robomaster_WS/install/robomaster_msgs/include/robomaster_msgs/robomaster_msgs/msg/detail/audio_data__traits.hpp
[3.695s] -- Up-to-date: /home/cricchetto/Robomaster_WS/install/robomaster_msgs/include/robomaster_msgs/robomaster_msgs/msg/detail/mode__traits.hpp
[3.696s] -- Up-to-date: /home/cricchetto/Robomaster_WS/install/robomaster_msgs/include/robomaster_msgs/robomaster_msgs/msg/detail/serial__struct.hpp
[3.697s] -- Up-to-date: /home/cricchetto/Robomaster_WS/install/robomaster_msgs/include/robomaster_msgs/robomaster_msgs/msg/detail/detected_person__builder.hpp
[3.697s] -- Up-to-date: /home/cricchetto/Robomaster_WS/install/robomaster_msgs/include/robomaster_msgs/robomaster_msgs/msg/detail/speaker_command__builder.hpp
[3.697s] -- Up-to-date: /home/cricchetto/Robomaster_WS/install/robomaster_msgs/include/robomaster_msgs/robomaster_msgs/msg/detail/detection__struct.hpp
[3.698s] -- Up-to-date: /home/cricchetto/Robomaster_WS/install/robomaster_msgs/include/robomaster_msgs/robomaster_msgs/msg/detail/detected_gesture__struct.hpp
[3.700s] -- Up-to-date: /home/cricchetto/Robomaster_WS/install/robomaster_msgs/include/robomaster_msgs/robomaster_msgs/msg/detail/detected_robot__builder.hpp
[3.700s] -- Up-to-date: /home/cricchetto/Robomaster_WS/install/robomaster_msgs/include/robomaster_msgs/robomaster_msgs/msg/detail/audio_level__traits.hpp
[3.701s] -- Up-to-date: /home/cricchetto/Robomaster_WS/install/robomaster_msgs/include/robomaster_msgs/robomaster_msgs/msg/detail/led_effect__type_support.hpp
[3.702s] -- Up-to-date: /home/cricchetto/Robomaster_WS/install/robomaster_msgs/include/robomaster_msgs/robomaster_msgs/msg/detail/chassis_status__traits.hpp
[3.702s] -- Up-to-date: /home/cricchetto/Robomaster_WS/install/robomaster_msgs/include/robomaster_msgs/robomaster_msgs/msg/detail/detected_gesture__type_support.hpp
[3.703s] -- Up-to-date: /home/cricchetto/Robomaster_WS/install/robomaster_msgs/include/robomaster_msgs/robomaster_msgs/msg/detail/wheel_speeds__traits.hpp
[3.703s] -- Up-to-date: /home/cricchetto/Robomaster_WS/install/robomaster_msgs/include/robomaster_msgs/robomaster_msgs/msg/detail/wheel_speeds__type_support.hpp
[3.703s] -- Up-to-date: /home/cricchetto/Robomaster_WS/install/robomaster_msgs/include/robomaster_msgs/robomaster_msgs/msg/detail/region_of_interest__struct.hpp
[3.704s] -- Up-to-date: /home/cricchetto/Robomaster_WS/install/robomaster_msgs/include/robomaster_msgs/robomaster_msgs/msg/detail/detected_line__type_support.hpp
[3.704s] -- Up-to-date: /home/cricchetto/Robomaster_WS/install/robomaster_msgs/include/robomaster_msgs/robomaster_msgs/msg/detail/serial__builder.hpp
[3.705s] -- Up-to-date: /home/cricchetto/Robomaster_WS/install/robomaster_msgs/include/robomaster_msgs/robomaster_msgs/msg/detail/detected_line__traits.hpp
[3.706s] -- Up-to-date: /home/cricchetto/Robomaster_WS/install/robomaster_msgs/include/robomaster_msgs/robomaster_msgs/msg/detail/detected_robot__traits.hpp
[3.706s] -- Up-to-date: /home/cricchetto/Robomaster_WS/install/robomaster_msgs/include/robomaster_msgs/robomaster_msgs/msg/detail/wheel_speeds__struct.hpp
[3.707s] -- Up-to-date: /home/cricchetto/Robomaster_WS/install/robomaster_msgs/include/robomaster_msgs/robomaster_msgs/msg/detail/audio_level__builder.hpp
[3.707s] -- Up-to-date: /home/cricchetto/Robomaster_WS/install/robomaster_msgs/include/robomaster_msgs/robomaster_msgs/msg/detail/audio_level__type_support.hpp
[3.708s] -- Up-to-date: /home/cricchetto/Robomaster_WS/install/robomaster_msgs/include/robomaster_msgs/robomaster_msgs/msg/detail/region_of_interest__type_support.hpp
[3.710s] -- Up-to-date: /home/cricchetto/Robomaster_WS/install/robomaster_msgs/include/robomaster_msgs/robomaster_msgs/msg/detail/servo_command__struct.hpp
[3.711s] -- Up-to-date: /home/cricchetto/Robomaster_WS/install/robomaster_msgs/include/robomaster_msgs/robomaster_msgs/msg/detail/servo_raw_state__builder.hpp
[3.712s] -- Up-to-date: /home/cricchetto/Robomaster_WS/install/robomaster_msgs/include/robomaster_msgs/robomaster_msgs/msg/detail/armor_hit__struct.hpp
[3.713s] -- Up-to-date: /home/cricchetto/Robomaster_WS/install/robomaster_msgs/include/robomaster_msgs/robomaster_msgs/msg/detail/sensor_adapter__type_support.hpp
[3.715s] -- Up-to-date: /home/cricchetto/Robomaster_WS/install/robomaster_msgs/include/robomaster_msgs/robomaster_msgs/msg/detail/pwm__builder.hpp
[3.716s] -- Up-to-date: /home/cricchetto/Robomaster_WS/install/robomaster_msgs/include/robomaster_msgs/robomaster_msgs/msg/detail/mode__struct.hpp
[3.717s] -- Up-to-date: /home/cricchetto/Robomaster_WS/install/robomaster_msgs/include/robomaster_msgs/robomaster_msgs/msg/detail/speaker_command__type_support.hpp
[3.718s] -- Up-to-date: /home/cricchetto/Robomaster_WS/install/robomaster_msgs/include/robomaster_msgs/robomaster_msgs/msg/detail/armor_hit__builder.hpp
[3.719s] -- Up-to-date: /home/cricchetto/Robomaster_WS/install/robomaster_msgs/include/robomaster_msgs/robomaster_msgs/msg/detail/detected_gesture__builder.hpp
[3.721s] -- Up-to-date: /home/cricchetto/Robomaster_WS/install/robomaster_msgs/include/robomaster_msgs/robomaster_msgs/msg/detail/audio_data__builder.hpp
[3.722s] -- Up-to-date: /home/cricchetto/Robomaster_WS/install/robomaster_msgs/include/robomaster_msgs/robomaster_msgs/msg/detail/gimbal_command__traits.hpp
[3.722s] -- Up-to-date: /home/cricchetto/Robomaster_WS/install/robomaster_msgs/include/robomaster_msgs/robomaster_msgs/msg/detail/gripper_state__traits.hpp
[3.723s] -- Up-to-date: /home/cricchetto/Robomaster_WS/install/robomaster_msgs/include/robomaster_msgs/robomaster_msgs/msg/detail/mode__type_support.hpp
[3.723s] -- Up-to-date: /home/cricchetto/Robomaster_WS/install/robomaster_msgs/include/robomaster_msgs/robomaster_msgs/msg/detail/h264_packet__struct.hpp
[3.724s] -- Up-to-date: /home/cricchetto/Robomaster_WS/install/robomaster_msgs/include/robomaster_msgs/robomaster_msgs/msg/detail/sensor_adapter__builder.hpp
[3.724s] -- Up-to-date: /home/cricchetto/Robomaster_WS/install/robomaster_msgs/include/robomaster_msgs/robomaster_msgs/msg/detail/audio_level__struct.hpp
[3.725s] -- Up-to-date: /home/cricchetto/Robomaster_WS/install/robomaster_msgs/include/robomaster_msgs/robomaster_msgs/msg/detail/audio_opus__traits.hpp
[3.725s] -- Up-to-date: /home/cricchetto/Robomaster_WS/install/robomaster_msgs/include/robomaster_msgs/robomaster_msgs/msg/detail/led_effect__struct.hpp
[3.726s] -- Up-to-date: /home/cricchetto/Robomaster_WS/install/robomaster_msgs/include/robomaster_msgs/robomaster_msgs/msg/detail/detected_robot__struct.hpp
[3.726s] -- Up-to-date: /home/cricchetto/Robomaster_WS/install/robomaster_msgs/include/robomaster_msgs/robomaster_msgs/msg/detail/sensor_adapter__traits.hpp
[3.727s] -- Up-to-date: /home/cricchetto/Robomaster_WS/install/robomaster_msgs/include/robomaster_msgs/robomaster_msgs/msg/detail/serial__traits.hpp
[3.727s] -- Up-to-date: /home/cricchetto/Robomaster_WS/install/robomaster_msgs/include/robomaster_msgs/robomaster_msgs/msg/detail/gimbal_command__builder.hpp
[3.728s] -- Up-to-date: /home/cricchetto/Robomaster_WS/install/robomaster_msgs/include/robomaster_msgs/robomaster_msgs/msg/detail/audio_opus__struct.hpp
[3.728s] -- Up-to-date: /home/cricchetto/Robomaster_WS/install/robomaster_msgs/include/robomaster_msgs/robomaster_msgs/msg/detail/blaster_led__type_support.hpp
[3.728s] -- Up-to-date: /home/cricchetto/Robomaster_WS/install/robomaster_msgs/include/robomaster_msgs/robomaster_msgs/msg/detail/sensor_adapter__struct.hpp
[3.729s] -- Up-to-date: /home/cricchetto/Robomaster_WS/install/robomaster_msgs/include/robomaster_msgs/robomaster_msgs/msg/detail/servo_raw_state__type_support.hpp
[3.730s] -- Up-to-date: /home/cricchetto/Robomaster_WS/install/robomaster_msgs/include/robomaster_msgs/robomaster_msgs/msg/detail/detection__traits.hpp
[3.730s] -- Up-to-date: /home/cricchetto/Robomaster_WS/install/robomaster_msgs/include/robomaster_msgs/robomaster_msgs/msg/detail/region_of_interest__traits.hpp
[3.731s] -- Up-to-date: /home/cricchetto/Robomaster_WS/install/robomaster_msgs/include/robomaster_msgs/robomaster_msgs/msg/detail/servo_command__builder.hpp
[3.732s] -- Up-to-date: /home/cricchetto/Robomaster_WS/install/robomaster_msgs/include/robomaster_msgs/robomaster_msgs/msg/detail/audio_data__struct.hpp
[3.732s] -- Up-to-date: /home/cricchetto/Robomaster_WS/install/robomaster_msgs/include/robomaster_msgs/robomaster_msgs/msg/detail/detected_marker__traits.hpp
[3.733s] -- Up-to-date: /home/cricchetto/Robomaster_WS/install/robomaster_msgs/include/robomaster_msgs/robomaster_msgs/msg/detail/h264_packet__traits.hpp
[3.734s] -- Up-to-date: /home/cricchetto/Robomaster_WS/install/robomaster_msgs/include/robomaster_msgs/robomaster_msgs/msg/detail/gimbal_command__struct.hpp
[3.735s] -- Up-to-date: /home/cricchetto/Robomaster_WS/install/robomaster_msgs/include/robomaster_msgs/robomaster_msgs/msg/detail/led_effect__builder.hpp
[3.737s] -- Up-to-date: /home/cricchetto/Robomaster_WS/install/robomaster_msgs/include/robomaster_msgs/robomaster_msgs/msg/detail/detected_marker__type_support.hpp
[3.738s] -- Up-to-date: /home/cricchetto/Robomaster_WS/install/robomaster_msgs/include/robomaster_msgs/robomaster_msgs/msg/detail/armor_hit__traits.hpp
[3.739s] -- Up-to-date: /home/cricchetto/Robomaster_WS/install/robomaster_msgs/include/robomaster_msgs/robomaster_msgs/msg/detail/detection__type_support.hpp
[3.740s] -- Up-to-date: /home/cricchetto/Robomaster_WS/install/robomaster_msgs/include/robomaster_msgs/robomaster_msgs/msg/detail/chassis_status__type_support.hpp
[3.741s] -- Up-to-date: /home/cricchetto/Robomaster_WS/install/robomaster_msgs/include/robomaster_msgs/robomaster_msgs/msg/detail/speaker_command__struct.hpp
[3.741s] -- Up-to-date: /home/cricchetto/Robomaster_WS/install/robomaster_msgs/include/robomaster_msgs/robomaster_msgs/msg/detail/blaster_led__struct.hpp
[3.742s] -- Up-to-date: /home/cricchetto/Robomaster_WS/install/robomaster_msgs/include/robomaster_msgs/robomaster_msgs/msg/detail/gripper_state__type_support.hpp
[3.742s] -- Up-to-date: /home/cricchetto/Robomaster_WS/install/robomaster_msgs/include/robomaster_msgs/robomaster_msgs/msg/detail/pwm__traits.hpp
[3.743s] -- Up-to-date: /home/cricchetto/Robomaster_WS/install/robomaster_msgs/include/robomaster_msgs/robomaster_msgs/msg/detail/servo_raw_state__struct.hpp
[3.743s] -- Up-to-date: /home/cricchetto/Robomaster_WS/install/robomaster_msgs/include/robomaster_msgs/robomaster_msgs/msg/detail/speaker_command__traits.hpp
[3.744s] -- Up-to-date: /home/cricchetto/Robomaster_WS/install/robomaster_msgs/include/robomaster_msgs/robomaster_msgs/msg/detail/s_bus__builder.hpp
[3.744s] -- Up-to-date: /home/cricchetto/Robomaster_WS/install/robomaster_msgs/include/robomaster_msgs/robomaster_msgs/msg/detail/audio_opus__type_support.hpp
[3.745s] -- Up-to-date: /home/cricchetto/Robomaster_WS/install/robomaster_msgs/include/robomaster_msgs/robomaster_msgs/msg/detail/camera_config__type_support.hpp
[3.745s] -- Up-to-date: /home/cricchetto/Robomaster_WS/install/robomaster_msgs/include/robomaster_msgs/robomaster_msgs/msg/detail/camera_config__struct.hpp
[3.746s] -- Up-to-date: /home/cricchetto/Robomaster_WS/install/robomaster_msgs/include/robomaster_msgs/robomaster_msgs/msg/detail/pwm__struct.hpp
[3.746s] -- Up-to-date: /home/cricchetto/Robomaster_WS/install/robomaster_msgs/include/robomaster_msgs/robomaster_msgs/msg/detail/serial__type_support.hpp
[3.747s] -- Up-to-date: /home/cricchetto/Robomaster_WS/install/robomaster_msgs/include/robomaster_msgs/robomaster_msgs/msg/detail/h264_packet__type_support.hpp
[3.747s] -- Up-to-date: /home/cricchetto/Robomaster_WS/install/robomaster_msgs/include/robomaster_msgs/robomaster_msgs/msg/detail/mode__builder.hpp
[3.747s] -- Up-to-date: /home/cricchetto/Robomaster_WS/install/robomaster_msgs/include/robomaster_msgs/robomaster_msgs/msg/detail/detected_gesture__traits.hpp
[3.750s] -- Up-to-date: /home/cricchetto/Robomaster_WS/install/robomaster_msgs/include/robomaster_msgs/robomaster_msgs/msg/detail/audio_data__type_support.hpp
[3.751s] -- Up-to-date: /home/cricchetto/Robomaster_WS/install/robomaster_msgs/include/robomaster_msgs/robomaster_msgs/msg/detail/wheel_speeds__builder.hpp
[3.752s] -- Up-to-date: /home/cricchetto/Robomaster_WS/install/robomaster_msgs/include/robomaster_msgs/robomaster_msgs/msg/detail/gripper_state__struct.hpp
[3.754s] -- Up-to-date: /home/cricchetto/Robomaster_WS/install/robomaster_msgs/include/robomaster_msgs/robomaster_msgs/msg/detail/audio_opus__builder.hpp
[3.755s] -- Up-to-date: /home/cricchetto/Robomaster_WS/install/robomaster_msgs/include/robomaster_msgs/robomaster_msgs/msg/detail/h264_packet__builder.hpp
[3.757s] -- Up-to-date: /home/cricchetto/Robomaster_WS/install/robomaster_msgs/include/robomaster_msgs/robomaster_msgs/msg/detail/chassis_status__struct.hpp
[3.758s] -- Up-to-date: /home/cricchetto/Robomaster_WS/install/robomaster_msgs/include/robomaster_msgs/robomaster_msgs/msg/detail/servo_raw_state__traits.hpp
[3.760s] -- Up-to-date: /home/cricchetto/Robomaster_WS/install/robomaster_msgs/include/robomaster_msgs/robomaster_msgs/msg/detail/detected_marker__builder.hpp
[3.761s] -- Up-to-date: /home/cricchetto/Robomaster_WS/install/robomaster_msgs/include/robomaster_msgs/robomaster_msgs/msg/detail/servo_command__traits.hpp
[3.762s] -- Up-to-date: /home/cricchetto/Robomaster_WS/install/robomaster_msgs/include/robomaster_msgs/robomaster_msgs/msg/detail/blaster_led__traits.hpp
[3.762s] -- Up-to-date: /home/cricchetto/Robomaster_WS/install/robomaster_msgs/include/robomaster_msgs/robomaster_msgs/msg/detail/detected_robot__type_support.hpp
[3.763s] -- Up-to-date: /home/cricchetto/Robomaster_WS/install/robomaster_msgs/include/robomaster_msgs/robomaster_msgs/msg/detail/s_bus__type_support.hpp
[3.764s] -- Up-to-date: /home/cricchetto/Robomaster_WS/install/robomaster_msgs/include/robomaster_msgs/robomaster_msgs/msg/detail/detected_marker__struct.hpp
[3.764s] -- Up-to-date: /home/cricchetto/Robomaster_WS/install/robomaster_msgs/include/robomaster_msgs/robomaster_msgs/msg/detail/pwm__type_support.hpp
[3.765s] -- Up-to-date: /home/cricchetto/Robomaster_WS/install/robomaster_msgs/include/robomaster_msgs/robomaster_msgs/msg/detail/detection__builder.hpp
[3.766s] -- Up-to-date: /home/cricchetto/Robomaster_WS/install/robomaster_msgs/include/robomaster_msgs/robomaster_msgs/msg/detail/detected_line__struct.hpp
[3.766s] -- Up-to-date: /home/cricchetto/Robomaster_WS/install/robomaster_msgs/include/robomaster_msgs/robomaster_msgs/msg/detail/chassis_status__builder.hpp
[3.767s] -- Up-to-date: /home/cricchetto/Robomaster_WS/install/robomaster_msgs/include/robomaster_msgs/robomaster_msgs/msg/detail/armor_hit__type_support.hpp
[3.768s] -- Up-to-date: /home/cricchetto/Robomaster_WS/install/robomaster_msgs/include/robomaster_msgs/robomaster_msgs/msg/detail/camera_config__builder.hpp
[3.768s] -- Up-to-date: /home/cricchetto/Robomaster_WS/install/robomaster_msgs/include/robomaster_msgs/robomaster_msgs/msg/detail/servo_command__type_support.hpp
[3.769s] -- Up-to-date: /home/cricchetto/Robomaster_WS/install/robomaster_msgs/include/robomaster_msgs/robomaster_msgs/msg/detail/led_effect__traits.hpp
[3.770s] -- Up-to-date: /home/cricchetto/Robomaster_WS/install/robomaster_msgs/include/robomaster_msgs/robomaster_msgs/msg/detail/detected_line__builder.hpp
[3.770s] -- Up-to-date: /home/cricchetto/Robomaster_WS/install/robomaster_msgs/include/robomaster_msgs/robomaster_msgs/msg/detail/detected_person__struct.hpp
[3.771s] -- Up-to-date: /home/cricchetto/Robomaster_WS/install/robomaster_msgs/include/robomaster_msgs/robomaster_msgs/msg/detail/s_bus__struct.hpp
[3.772s] -- Up-to-date: /home/cricchetto/Robomaster_WS/install/robomaster_msgs/include/robomaster_msgs/robomaster_msgs/msg/detail/gripper_state__builder.hpp
[3.773s] -- Up-to-date: /home/cricchetto/Robomaster_WS/install/robomaster_msgs/include/robomaster_msgs/robomaster_msgs/msg/detail/gimbal_command__type_support.hpp
[3.773s] -- Up-to-date: /home/cricchetto/Robomaster_WS/install/robomaster_msgs/include/robomaster_msgs/robomaster_msgs/msg/detail/camera_config__traits.hpp
[3.775s] -- Up-to-date: /home/cricchetto/Robomaster_WS/install/robomaster_msgs/include/robomaster_msgs/robomaster_msgs/msg/detail/detected_person__traits.hpp
[3.775s] -- Up-to-date: /home/cricchetto/Robomaster_WS/install/robomaster_msgs/include/robomaster_msgs/robomaster_msgs/msg/detail/detected_person__type_support.hpp
[3.776s] -- Up-to-date: /home/cricchetto/Robomaster_WS/install/robomaster_msgs/include/robomaster_msgs/robomaster_msgs/msg/detail/region_of_interest__builder.hpp
[3.776s] -- Up-to-date: /home/cricchetto/Robomaster_WS/install/robomaster_msgs/include/robomaster_msgs/robomaster_msgs/msg/detail/s_bus__traits.hpp
[3.777s] -- Up-to-date: /home/cricchetto/Robomaster_WS/install/robomaster_msgs/include/robomaster_msgs/robomaster_msgs/msg/detail/blaster_led__builder.hpp
[3.778s] -- Up-to-date: /home/cricchetto/Robomaster_WS/install/robomaster_msgs/include/robomaster_msgs/robomaster_msgs/msg/servo_command.hpp
[3.778s] -- Up-to-date: /home/cricchetto/Robomaster_WS/install/robomaster_msgs/include/robomaster_msgs/robomaster_msgs/msg/blaster_led.hpp
[3.779s] -- Up-to-date: /home/cricchetto/Robomaster_WS/install/robomaster_msgs/include/robomaster_msgs/robomaster_msgs/msg/rosidl_generator_cpp__visibility_control.hpp
[3.779s] -- Up-to-date: /home/cricchetto/Robomaster_WS/install/robomaster_msgs/include/robomaster_msgs/robomaster_msgs/msg/detection.hpp
[3.780s] -- Up-to-date: /home/cricchetto/Robomaster_WS/install/robomaster_msgs/include/robomaster_msgs/robomaster_msgs/msg/camera_config.hpp
[3.780s] -- Up-to-date: /home/cricchetto/Robomaster_WS/install/robomaster_msgs/include/robomaster_msgs/robomaster_msgs/srv
[3.781s] -- Up-to-date: /home/cricchetto/Robomaster_WS/install/robomaster_msgs/include/robomaster_msgs/robomaster_msgs/srv/get_pulse.hpp
[3.781s] -- Up-to-date: /home/cricchetto/Robomaster_WS/install/robomaster_msgs/include/robomaster_msgs/robomaster_msgs/srv/get_adc.hpp
[3.782s] -- Up-to-date: /home/cricchetto/Robomaster_WS/install/robomaster_msgs/include/robomaster_msgs/robomaster_msgs/srv/get_servo_angle.hpp
[3.782s] -- Up-to-date: /home/cricchetto/Robomaster_WS/install/robomaster_msgs/include/robomaster_msgs/robomaster_msgs/srv/detail
[3.783s] -- Up-to-date: /home/cricchetto/Robomaster_WS/install/robomaster_msgs/include/robomaster_msgs/robomaster_msgs/srv/detail/get_servo_angle__builder.hpp
[3.783s] -- Up-to-date: /home/cricchetto/Robomaster_WS/install/robomaster_msgs/include/robomaster_msgs/robomaster_msgs/srv/detail/get_pulse__struct.hpp
[3.784s] -- Up-to-date: /home/cricchetto/Robomaster_WS/install/robomaster_msgs/include/robomaster_msgs/robomaster_msgs/srv/detail/get_adc__type_support.hpp
[3.785s] -- Up-to-date: /home/cricchetto/Robomaster_WS/install/robomaster_msgs/include/robomaster_msgs/robomaster_msgs/srv/detail/get_io__traits.hpp
[3.785s] -- Up-to-date: /home/cricchetto/Robomaster_WS/install/robomaster_msgs/include/robomaster_msgs/robomaster_msgs/srv/detail/get_io__struct.hpp
[3.786s] -- Up-to-date: /home/cricchetto/Robomaster_WS/install/robomaster_msgs/include/robomaster_msgs/robomaster_msgs/srv/detail/get_adc__traits.hpp
[3.786s] -- Up-to-date: /home/cricchetto/Robomaster_WS/install/robomaster_msgs/include/robomaster_msgs/robomaster_msgs/srv/detail/get_io__type_support.hpp
[3.787s] -- Up-to-date: /home/cricchetto/Robomaster_WS/install/robomaster_msgs/include/robomaster_msgs/robomaster_msgs/srv/detail/get_servo_angle__struct.hpp
[3.787s] -- Up-to-date: /home/cricchetto/Robomaster_WS/install/robomaster_msgs/include/robomaster_msgs/robomaster_msgs/srv/detail/get_servo_angle__traits.hpp
[3.788s] -- Up-to-date: /home/cricchetto/Robomaster_WS/install/robomaster_msgs/include/robomaster_msgs/robomaster_msgs/srv/detail/get_pulse__builder.hpp
[3.788s] -- Up-to-date: /home/cricchetto/Robomaster_WS/install/robomaster_msgs/include/robomaster_msgs/robomaster_msgs/srv/detail/get_io__builder.hpp
[3.789s] -- Up-to-date: /home/cricchetto/Robomaster_WS/install/robomaster_msgs/include/robomaster_msgs/robomaster_msgs/srv/detail/get_pulse__type_support.hpp
[3.789s] -- Up-to-date: /home/cricchetto/Robomaster_WS/install/robomaster_msgs/include/robomaster_msgs/robomaster_msgs/srv/detail/get_adc__builder.hpp
[3.789s] -- Up-to-date: /home/cricchetto/Robomaster_WS/install/robomaster_msgs/include/robomaster_msgs/robomaster_msgs/srv/detail/get_adc__struct.hpp
[3.790s] -- Up-to-date: /home/cricchetto/Robomaster_WS/install/robomaster_msgs/include/robomaster_msgs/robomaster_msgs/srv/detail/get_servo_angle__type_support.hpp
[3.790s] -- Up-to-date: /home/cricchetto/Robomaster_WS/install/robomaster_msgs/include/robomaster_msgs/robomaster_msgs/srv/detail/get_pulse__traits.hpp
[3.791s] -- Up-to-date: /home/cricchetto/Robomaster_WS/install/robomaster_msgs/include/robomaster_msgs/robomaster_msgs/srv/get_io.hpp
[3.791s] -- Up-to-date: /home/cricchetto/Robomaster_WS/install/robomaster_msgs/include/robomaster_msgs/robomaster_msgs
[3.792s] -- Up-to-date: /home/cricchetto/Robomaster_WS/install/robomaster_msgs/include/robomaster_msgs/robomaster_msgs/action
[3.792s] -- Up-to-date: /home/cricchetto/Robomaster_WS/install/robomaster_msgs/include/robomaster_msgs/robomaster_msgs/action/detail
[3.793s] -- Up-to-date: /home/cricchetto/Robomaster_WS/install/robomaster_msgs/include/robomaster_msgs/robomaster_msgs/action/detail/dds_fastrtps
[3.794s] -- Up-to-date: /home/cricchetto/Robomaster_WS/install/robomaster_msgs/include/robomaster_msgs/robomaster_msgs/action/detail/gripper_control__rosidl_typesupport_fastrtps_cpp.hpp
[3.794s] -- Up-to-date: /home/cricchetto/Robomaster_WS/install/robomaster_msgs/include/robomaster_msgs/robomaster_msgs/action/detail/move_servo__rosidl_typesupport_fastrtps_cpp.hpp
[3.795s] -- Up-to-date: /home/cricchetto/Robomaster_WS/install/robomaster_msgs/include/robomaster_msgs/robomaster_msgs/action/detail/move__rosidl_typesupport_fastrtps_cpp.hpp
[3.796s] -- Up-to-date: /home/cricchetto/Robomaster_WS/install/robomaster_msgs/include/robomaster_msgs/robomaster_msgs/action/detail/play_sound__rosidl_typesupport_fastrtps_cpp.hpp
[3.796s] -- Up-to-date: /home/cricchetto/Robomaster_WS/install/robomaster_msgs/include/robomaster_msgs/robomaster_msgs/action/detail/move_gimbal__rosidl_typesupport_fastrtps_cpp.hpp
[3.797s] -- Up-to-date: /home/cricchetto/Robomaster_WS/install/robomaster_msgs/include/robomaster_msgs/robomaster_msgs/action/detail/recenter_gimbal__rosidl_typesupport_fastrtps_cpp.hpp
[3.798s] -- Up-to-date: /home/cricchetto/Robomaster_WS/install/robomaster_msgs/include/robomaster_msgs/robomaster_msgs/action/detail/move_arm__rosidl_typesupport_fastrtps_cpp.hpp
[3.799s] -- Up-to-date: /home/cricchetto/Robomaster_WS/install/robomaster_msgs/include/robomaster_msgs/robomaster_msgs/msg
[3.800s] -- Up-to-date: /home/cricchetto/Robomaster_WS/install/robomaster_msgs/include/robomaster_msgs/robomaster_msgs/msg/rosidl_typesupport_fastrtps_cpp__visibility_control.h
[3.801s] -- Up-to-date: /home/cricchetto/Robomaster_WS/install/robomaster_msgs/include/robomaster_msgs/robomaster_msgs/msg/detail
[3.801s] -- Up-to-date: /home/cricchetto/Robomaster_WS/install/robomaster_msgs/include/robomaster_msgs/robomaster_msgs/msg/detail/audio_level__rosidl_typesupport_fastrtps_cpp.hpp
[3.802s] -- Up-to-date: /home/cricchetto/Robomaster_WS/install/robomaster_msgs/include/robomaster_msgs/robomaster_msgs/msg/detail/pwm__rosidl_typesupport_fastrtps_cpp.hpp
[3.803s] -- Up-to-date: /home/cricchetto/Robomaster_WS/install/robomaster_msgs/include/robomaster_msgs/robomaster_msgs/msg/detail/dds_fastrtps
[3.803s] -- Up-to-date: /home/cricchetto/Robomaster_WS/install/robomaster_msgs/include/robomaster_msgs/robomaster_msgs/msg/detail/h264_packet__rosidl_typesupport_fastrtps_cpp.hpp
[3.804s] -- Up-to-date: /home/cricchetto/Robomaster_WS/install/robomaster_msgs/include/robomaster_msgs/robomaster_msgs/msg/detail/camera_config__rosidl_typesupport_fastrtps_cpp.hpp
[3.805s] -- Up-to-date: /home/cricchetto/Robomaster_WS/install/robomaster_msgs/include/robomaster_msgs/robomaster_msgs/msg/detail/chassis_status__rosidl_typesupport_fastrtps_cpp.hpp
[3.805s] -- Up-to-date: /home/cricchetto/Robomaster_WS/install/robomaster_msgs/include/robomaster_msgs/robomaster_msgs/msg/detail/mode__rosidl_typesupport_fastrtps_cpp.hpp
[3.806s] -- Up-to-date: /home/cricchetto/Robomaster_WS/install/robomaster_msgs/include/robomaster_msgs/robomaster_msgs/msg/detail/detected_gesture__rosidl_typesupport_fastrtps_cpp.hpp
[3.806s] -- Up-to-date: /home/cricchetto/Robomaster_WS/install/robomaster_msgs/include/robomaster_msgs/robomaster_msgs/msg/detail/gripper_state__rosidl_typesupport_fastrtps_cpp.hpp
[3.807s] -- Up-to-date: /home/cricchetto/Robomaster_WS/install/robomaster_msgs/include/robomaster_msgs/robomaster_msgs/msg/detail/gimbal_command__rosidl_typesupport_fastrtps_cpp.hpp
[3.807s] -- Up-to-date: /home/cricchetto/Robomaster_WS/install/robomaster_msgs/include/robomaster_msgs/robomaster_msgs/msg/detail/detected_marker__rosidl_typesupport_fastrtps_cpp.hpp
[3.808s] -- Up-to-date: /home/cricchetto/Robomaster_WS/install/robomaster_msgs/include/robomaster_msgs/robomaster_msgs/msg/detail/servo_command__rosidl_typesupport_fastrtps_cpp.hpp
[3.808s] -- Up-to-date: /home/cricchetto/Robomaster_WS/install/robomaster_msgs/include/robomaster_msgs/robomaster_msgs/msg/detail/detected_robot__rosidl_typesupport_fastrtps_cpp.hpp
[3.809s] -- Up-to-date: /home/cricchetto/Robomaster_WS/install/robomaster_msgs/include/robomaster_msgs/robomaster_msgs/msg/detail/detection__rosidl_typesupport_fastrtps_cpp.hpp
[3.809s] -- Up-to-date: /home/cricchetto/Robomaster_WS/install/robomaster_msgs/include/robomaster_msgs/robomaster_msgs/msg/detail/sensor_adapter__rosidl_typesupport_fastrtps_cpp.hpp
[3.810s] -- Up-to-date: /home/cricchetto/Robomaster_WS/install/robomaster_msgs/include/robomaster_msgs/robomaster_msgs/msg/detail/servo_raw_state__rosidl_typesupport_fastrtps_cpp.hpp
[3.810s] -- Up-to-date: /home/cricchetto/Robomaster_WS/install/robomaster_msgs/include/robomaster_msgs/robomaster_msgs/msg/detail/audio_opus__rosidl_typesupport_fastrtps_cpp.hpp
[3.811s] -- Up-to-date: /home/cricchetto/Robomaster_WS/install/robomaster_msgs/include/robomaster_msgs/robomaster_msgs/msg/detail/serial__rosidl_typesupport_fastrtps_cpp.hpp
[3.811s] -- Up-to-date: /home/cricchetto/Robomaster_WS/install/robomaster_msgs/include/robomaster_msgs/robomaster_msgs/msg/detail/audio_data__rosidl_typesupport_fastrtps_cpp.hpp
[3.812s] -- Up-to-date: /home/cricchetto/Robomaster_WS/install/robomaster_msgs/include/robomaster_msgs/robomaster_msgs/msg/detail/region_of_interest__rosidl_typesupport_fastrtps_cpp.hpp
[3.812s] -- Up-to-date: /home/cricchetto/Robomaster_WS/install/robomaster_msgs/include/robomaster_msgs/robomaster_msgs/msg/detail/detected_person__rosidl_typesupport_fastrtps_cpp.hpp
[3.813s] -- Up-to-date: /home/cricchetto/Robomaster_WS/install/robomaster_msgs/include/robomaster_msgs/robomaster_msgs/msg/detail/s_bus__rosidl_typesupport_fastrtps_cpp.hpp
[3.813s] -- Up-to-date: /home/cricchetto/Robomaster_WS/install/robomaster_msgs/include/robomaster_msgs/robomaster_msgs/msg/detail/led_effect__rosidl_typesupport_fastrtps_cpp.hpp
[3.814s] -- Up-to-date: /home/cricchetto/Robomaster_WS/install/robomaster_msgs/include/robomaster_msgs/robomaster_msgs/msg/detail/blaster_led__rosidl_typesupport_fastrtps_cpp.hpp
[3.814s] -- Up-to-date: /home/cricchetto/Robomaster_WS/install/robomaster_msgs/include/robomaster_msgs/robomaster_msgs/msg/detail/wheel_speeds__rosidl_typesupport_fastrtps_cpp.hpp
[3.815s] -- Up-to-date: /home/cricchetto/Robomaster_WS/install/robomaster_msgs/include/robomaster_msgs/robomaster_msgs/msg/detail/detected_line__rosidl_typesupport_fastrtps_cpp.hpp
[3.815s] -- Up-to-date: /home/cricchetto/Robomaster_WS/install/robomaster_msgs/include/robomaster_msgs/robomaster_msgs/msg/detail/speaker_command__rosidl_typesupport_fastrtps_cpp.hpp
[3.816s] -- Up-to-date: /home/cricchetto/Robomaster_WS/install/robomaster_msgs/include/robomaster_msgs/robomaster_msgs/msg/detail/armor_hit__rosidl_typesupport_fastrtps_cpp.hpp
[3.816s] -- Up-to-date: /home/cricchetto/Robomaster_WS/install/robomaster_msgs/include/robomaster_msgs/robomaster_msgs/srv
[3.817s] -- Up-to-date: /home/cricchetto/Robomaster_WS/install/robomaster_msgs/include/robomaster_msgs/robomaster_msgs/srv/detail
[3.817s] -- Up-to-date: /home/cricchetto/Robomaster_WS/install/robomaster_msgs/include/robomaster_msgs/robomaster_msgs/srv/detail/dds_fastrtps
[3.818s] -- Up-to-date: /home/cricchetto/Robomaster_WS/install/robomaster_msgs/include/robomaster_msgs/robomaster_msgs/srv/detail/get_adc__rosidl_typesupport_fastrtps_cpp.hpp
[3.818s] -- Up-to-date: /home/cricchetto/Robomaster_WS/install/robomaster_msgs/include/robomaster_msgs/robomaster_msgs/srv/detail/get_servo_angle__rosidl_typesupport_fastrtps_cpp.hpp
[3.818s] -- Up-to-date: /home/cricchetto/Robomaster_WS/install/robomaster_msgs/include/robomaster_msgs/robomaster_msgs/srv/detail/get_pulse__rosidl_typesupport_fastrtps_cpp.hpp
[3.819s] -- Up-to-date: /home/cricchetto/Robomaster_WS/install/robomaster_msgs/include/robomaster_msgs/robomaster_msgs/srv/detail/get_io__rosidl_typesupport_fastrtps_cpp.hpp
[3.819s] -- Up-to-date: /home/cricchetto/Robomaster_WS/install/robomaster_msgs/lib/librobomaster_msgs__rosidl_typesupport_fastrtps_cpp.so
[3.820s] -- Up-to-date: /home/cricchetto/Robomaster_WS/install/robomaster_msgs/include/robomaster_msgs/robomaster_msgs
[3.820s] -- Up-to-date: /home/cricchetto/Robomaster_WS/install/robomaster_msgs/include/robomaster_msgs/robomaster_msgs/action
[3.821s] -- Up-to-date: /home/cricchetto/Robomaster_WS/install/robomaster_msgs/include/robomaster_msgs/robomaster_msgs/action/detail
[3.821s] -- Up-to-date: /home/cricchetto/Robomaster_WS/install/robomaster_msgs/include/robomaster_msgs/robomaster_msgs/action/detail/move_servo__type_support.cpp
[3.822s] -- Up-to-date: /home/cricchetto/Robomaster_WS/install/robomaster_msgs/include/robomaster_msgs/robomaster_msgs/action/detail/play_sound__type_support.cpp
[3.822s] -- Up-to-date: /home/cricchetto/Robomaster_WS/install/robomaster_msgs/include/robomaster_msgs/robomaster_msgs/action/detail/gripper_control__type_support.cpp
[3.823s] -- Up-to-date: /home/cricchetto/Robomaster_WS/install/robomaster_msgs/include/robomaster_msgs/robomaster_msgs/action/detail/move__rosidl_typesupport_introspection_cpp.hpp
[3.823s] -- Up-to-date: /home/cricchetto/Robomaster_WS/install/robomaster_msgs/include/robomaster_msgs/robomaster_msgs/action/detail/play_sound__rosidl_typesupport_introspection_cpp.hpp
[3.824s] -- Up-to-date: /home/cricchetto/Robomaster_WS/install/robomaster_msgs/include/robomaster_msgs/robomaster_msgs/action/detail/move_gimbal__type_support.cpp
[3.824s] -- Up-to-date: /home/cricchetto/Robomaster_WS/install/robomaster_msgs/include/robomaster_msgs/robomaster_msgs/action/detail/move_gimbal__rosidl_typesupport_introspection_cpp.hpp
[3.825s] -- Up-to-date: /home/cricchetto/Robomaster_WS/install/robomaster_msgs/include/robomaster_msgs/robomaster_msgs/action/detail/move_servo__rosidl_typesupport_introspection_cpp.hpp
[3.825s] -- Up-to-date: /home/cricchetto/Robomaster_WS/install/robomaster_msgs/include/robomaster_msgs/robomaster_msgs/action/detail/recenter_gimbal__rosidl_typesupport_introspection_cpp.hpp
[3.826s] -- Up-to-date: /home/cricchetto/Robomaster_WS/install/robomaster_msgs/include/robomaster_msgs/robomaster_msgs/action/detail/move_arm__type_support.cpp
[3.827s] -- Up-to-date: /home/cricchetto/Robomaster_WS/install/robomaster_msgs/include/robomaster_msgs/robomaster_msgs/action/detail/gripper_control__rosidl_typesupport_introspection_cpp.hpp
[3.828s] -- Up-to-date: /home/cricchetto/Robomaster_WS/install/robomaster_msgs/include/robomaster_msgs/robomaster_msgs/action/detail/move__type_support.cpp
[3.829s] -- Up-to-date: /home/cricchetto/Robomaster_WS/install/robomaster_msgs/include/robomaster_msgs/robomaster_msgs/action/detail/move_arm__rosidl_typesupport_introspection_cpp.hpp
[3.830s] -- Up-to-date: /home/cricchetto/Robomaster_WS/install/robomaster_msgs/include/robomaster_msgs/robomaster_msgs/action/detail/recenter_gimbal__type_support.cpp
[3.831s] -- Up-to-date: /home/cricchetto/Robomaster_WS/install/robomaster_msgs/include/robomaster_msgs/robomaster_msgs/msg
[3.832s] -- Up-to-date: /home/cricchetto/Robomaster_WS/install/robomaster_msgs/include/robomaster_msgs/robomaster_msgs/msg/detail
[3.832s] -- Up-to-date: /home/cricchetto/Robomaster_WS/install/robomaster_msgs/include/robomaster_msgs/robomaster_msgs/msg/detail/blaster_led__rosidl_typesupport_introspection_cpp.hpp
[3.833s] -- Up-to-date: /home/cricchetto/Robomaster_WS/install/robomaster_msgs/include/robomaster_msgs/robomaster_msgs/msg/detail/speaker_command__type_support.cpp
[3.833s] -- Up-to-date: /home/cricchetto/Robomaster_WS/install/robomaster_msgs/include/robomaster_msgs/robomaster_msgs/msg/detail/chassis_status__type_support.cpp
[3.834s] -- Up-to-date: /home/cricchetto/Robomaster_WS/install/robomaster_msgs/include/robomaster_msgs/robomaster_msgs/msg/detail/servo_raw_state__type_support.cpp
[3.834s] -- Up-to-date: /home/cricchetto/Robomaster_WS/install/robomaster_msgs/include/robomaster_msgs/robomaster_msgs/msg/detail/servo_raw_state__rosidl_typesupport_introspection_cpp.hpp
[3.834s] -- Up-to-date: /home/cricchetto/Robomaster_WS/install/robomaster_msgs/include/robomaster_msgs/robomaster_msgs/msg/detail/audio_opus__type_support.cpp
[3.835s] -- Up-to-date: /home/cricchetto/Robomaster_WS/install/robomaster_msgs/include/robomaster_msgs/robomaster_msgs/msg/detail/blaster_led__type_support.cpp
[3.835s] -- Up-to-date: /home/cricchetto/Robomaster_WS/install/robomaster_msgs/include/robomaster_msgs/robomaster_msgs/msg/detail/servo_command__rosidl_typesupport_introspection_cpp.hpp
[3.836s] -- Up-to-date: /home/cricchetto/Robomaster_WS/install/robomaster_msgs/include/robomaster_msgs/robomaster_msgs/msg/detail/sensor_adapter__type_support.cpp
[3.836s] -- Up-to-date: /home/cricchetto/Robomaster_WS/install/robomaster_msgs/include/robomaster_msgs/robomaster_msgs/msg/detail/gimbal_command__rosidl_typesupport_introspection_cpp.hpp
[3.837s] -- Up-to-date: /home/cricchetto/Robomaster_WS/install/robomaster_msgs/include/robomaster_msgs/robomaster_msgs/msg/detail/speaker_command__rosidl_typesupport_introspection_cpp.hpp
[3.838s] -- Up-to-date: /home/cricchetto/Robomaster_WS/install/robomaster_msgs/include/robomaster_msgs/robomaster_msgs/msg/detail/led_effect__type_support.cpp
[3.838s] -- Up-to-date: /home/cricchetto/Robomaster_WS/install/robomaster_msgs/include/robomaster_msgs/robomaster_msgs/msg/detail/servo_command__type_support.cpp
[3.839s] -- Up-to-date: /home/cricchetto/Robomaster_WS/install/robomaster_msgs/include/robomaster_msgs/robomaster_msgs/msg/detail/audio_data__rosidl_typesupport_introspection_cpp.hpp
[3.839s] -- Up-to-date: /home/cricchetto/Robomaster_WS/install/robomaster_msgs/include/robomaster_msgs/robomaster_msgs/msg/detail/gimbal_command__type_support.cpp
[3.840s] -- Up-to-date: /home/cricchetto/Robomaster_WS/install/robomaster_msgs/include/robomaster_msgs/robomaster_msgs/msg/detail/detected_line__type_support.cpp
[3.840s] -- Up-to-date: /home/cricchetto/Robomaster_WS/install/robomaster_msgs/include/robomaster_msgs/robomaster_msgs/msg/detail/led_effect__rosidl_typesupport_introspection_cpp.hpp
[3.841s] -- Up-to-date: /home/cricchetto/Robomaster_WS/install/robomaster_msgs/include/robomaster_msgs/robomaster_msgs/msg/detail/audio_data__type_support.cpp
[3.841s] -- Up-to-date: /home/cricchetto/Robomaster_WS/install/robomaster_msgs/include/robomaster_msgs/robomaster_msgs/msg/detail/gripper_state__type_support.cpp
[3.842s] -- Up-to-date: /home/cricchetto/Robomaster_WS/install/robomaster_msgs/include/robomaster_msgs/robomaster_msgs/msg/detail/audio_opus__rosidl_typesupport_introspection_cpp.hpp
[3.842s] -- Up-to-date: /home/cricchetto/Robomaster_WS/install/robomaster_msgs/include/robomaster_msgs/robomaster_msgs/msg/detail/detected_marker__type_support.cpp
[3.843s] -- Up-to-date: /home/cricchetto/Robomaster_WS/install/robomaster_msgs/include/robomaster_msgs/robomaster_msgs/msg/detail/sensor_adapter__rosidl_typesupport_introspection_cpp.hpp
[3.843s] -- Up-to-date: /home/cricchetto/Robomaster_WS/install/robomaster_msgs/include/robomaster_msgs/robomaster_msgs/msg/detail/pwm__rosidl_typesupport_introspection_cpp.hpp
[3.844s] -- Up-to-date: /home/cricchetto/Robomaster_WS/install/robomaster_msgs/include/robomaster_msgs/robomaster_msgs/msg/detail/mode__rosidl_typesupport_introspection_cpp.hpp
[3.844s] -- Up-to-date: /home/cricchetto/Robomaster_WS/install/robomaster_msgs/include/robomaster_msgs/robomaster_msgs/msg/detail/detected_robot__type_support.cpp
[3.845s] -- Up-to-date: /home/cricchetto/Robomaster_WS/install/robomaster_msgs/include/robomaster_msgs/robomaster_msgs/msg/detail/detected_person__type_support.cpp
[3.846s] -- Up-to-date: /home/cricchetto/Robomaster_WS/install/robomaster_msgs/include/robomaster_msgs/robomaster_msgs/msg/detail/region_of_interest__type_support.cpp
[3.846s] -- Up-to-date: /home/cricchetto/Robomaster_WS/install/robomaster_msgs/include/robomaster_msgs/robomaster_msgs/msg/detail/wheel_speeds__rosidl_typesupport_introspection_cpp.hpp
[3.847s] -- Up-to-date: /home/cricchetto/Robomaster_WS/install/robomaster_msgs/include/robomaster_msgs/robomaster_msgs/msg/detail/armor_hit__rosidl_typesupport_introspection_cpp.hpp
[3.847s] -- Up-to-date: /home/cricchetto/Robomaster_WS/install/robomaster_msgs/include/robomaster_msgs/robomaster_msgs/msg/detail/detected_marker__rosidl_typesupport_introspection_cpp.hpp
[3.848s] -- Up-to-date: /home/cricchetto/Robomaster_WS/install/robomaster_msgs/include/robomaster_msgs/robomaster_msgs/msg/detail/region_of_interest__rosidl_typesupport_introspection_cpp.hpp
[3.850s] -- Up-to-date: /home/cricchetto/Robomaster_WS/install/robomaster_msgs/include/robomaster_msgs/robomaster_msgs/msg/detail/detection__type_support.cpp
[3.850s] -- Up-to-date: /home/cricchetto/Robomaster_WS/install/robomaster_msgs/include/robomaster_msgs/robomaster_msgs/msg/detail/s_bus__rosidl_typesupport_introspection_cpp.hpp
[3.851s] -- Up-to-date: /home/cricchetto/Robomaster_WS/install/robomaster_msgs/include/robomaster_msgs/robomaster_msgs/msg/detail/chassis_status__rosidl_typesupport_introspection_cpp.hpp
[3.851s] -- Up-to-date: /home/cricchetto/Robomaster_WS/install/robomaster_msgs/include/robomaster_msgs/robomaster_msgs/msg/detail/camera_config__rosidl_typesupport_introspection_cpp.hpp
[3.852s] -- Up-to-date: /home/cricchetto/Robomaster_WS/install/robomaster_msgs/include/robomaster_msgs/robomaster_msgs/msg/detail/detected_line__rosidl_typesupport_introspection_cpp.hpp
[3.853s] -- Up-to-date: /home/cricchetto/Robomaster_WS/install/robomaster_msgs/include/robomaster_msgs/robomaster_msgs/msg/detail/detected_gesture__rosidl_typesupport_introspection_cpp.hpp
[3.853s] -- Up-to-date: /home/cricchetto/Robomaster_WS/install/robomaster_msgs/include/robomaster_msgs/robomaster_msgs/msg/detail/s_bus__type_support.cpp
[3.854s] -- Up-to-date: /home/cricchetto/Robomaster_WS/install/robomaster_msgs/include/robomaster_msgs/robomaster_msgs/msg/detail/audio_level__rosidl_typesupport_introspection_cpp.hpp
[3.854s] -- Up-to-date: /home/cricchetto/Robomaster_WS/install/robomaster_msgs/include/robomaster_msgs/robomaster_msgs/msg/detail/mode__type_support.cpp
[3.855s] -- Up-to-date: /home/cricchetto/Robomaster_WS/install/robomaster_msgs/include/robomaster_msgs/robomaster_msgs/msg/detail/armor_hit__type_support.cpp
[3.855s] -- Up-to-date: /home/cricchetto/Robomaster_WS/install/robomaster_msgs/include/robomaster_msgs/robomaster_msgs/msg/detail/gripper_state__rosidl_typesupport_introspection_cpp.hpp
[3.856s] -- Up-to-date: /home/cricchetto/Robomaster_WS/install/robomaster_msgs/include/robomaster_msgs/robomaster_msgs/msg/detail/h264_packet__rosidl_typesupport_introspection_cpp.hpp
[3.856s] -- Up-to-date: /home/cricchetto/Robomaster_WS/install/robomaster_msgs/include/robomaster_msgs/robomaster_msgs/msg/detail/h264_packet__type_support.cpp
[3.857s] -- Up-to-date: /home/cricchetto/Robomaster_WS/install/robomaster_msgs/include/robomaster_msgs/robomaster_msgs/msg/detail/detected_person__rosidl_typesupport_introspection_cpp.hpp
[3.857s] -- Up-to-date: /home/cricchetto/Robomaster_WS/install/robomaster_msgs/include/robomaster_msgs/robomaster_msgs/msg/detail/serial__type_support.cpp
[3.858s] -- Up-to-date: /home/cricchetto/Robomaster_WS/install/robomaster_msgs/include/robomaster_msgs/robomaster_msgs/msg/detail/audio_level__type_support.cpp
[3.858s] -- Up-to-date: /home/cricchetto/Robomaster_WS/install/robomaster_msgs/include/robomaster_msgs/robomaster_msgs/msg/detail/pwm__type_support.cpp
[3.859s] -- Up-to-date: /home/cricchetto/Robomaster_WS/install/robomaster_msgs/include/robomaster_msgs/robomaster_msgs/msg/detail/camera_config__type_support.cpp
[3.860s] -- Up-to-date: /home/cricchetto/Robomaster_WS/install/robomaster_msgs/include/robomaster_msgs/robomaster_msgs/msg/detail/wheel_speeds__type_support.cpp
[3.860s] -- Up-to-date: /home/cricchetto/Robomaster_WS/install/robomaster_msgs/include/robomaster_msgs/robomaster_msgs/msg/detail/detected_robot__rosidl_typesupport_introspection_cpp.hpp
[3.861s] -- Up-to-date: /home/cricchetto/Robomaster_WS/install/robomaster_msgs/include/robomaster_msgs/robomaster_msgs/msg/detail/detection__rosidl_typesupport_introspection_cpp.hpp
[3.861s] -- Up-to-date: /home/cricchetto/Robomaster_WS/install/robomaster_msgs/include/robomaster_msgs/robomaster_msgs/msg/detail/serial__rosidl_typesupport_introspection_cpp.hpp
[3.862s] -- Up-to-date: /home/cricchetto/Robomaster_WS/install/robomaster_msgs/include/robomaster_msgs/robomaster_msgs/msg/detail/detected_gesture__type_support.cpp
[3.862s] -- Up-to-date: /home/cricchetto/Robomaster_WS/install/robomaster_msgs/include/robomaster_msgs/robomaster_msgs/srv
[3.863s] -- Up-to-date: /home/cricchetto/Robomaster_WS/install/robomaster_msgs/include/robomaster_msgs/robomaster_msgs/srv/detail
[3.864s] -- Up-to-date: /home/cricchetto/Robomaster_WS/install/robomaster_msgs/include/robomaster_msgs/robomaster_msgs/srv/detail/get_adc__rosidl_typesupport_introspection_cpp.hpp
[3.864s] -- Up-to-date: /home/cricchetto/Robomaster_WS/install/robomaster_msgs/include/robomaster_msgs/robomaster_msgs/srv/detail/get_adc__type_support.cpp
[3.865s] -- Up-to-date: /home/cricchetto/Robomaster_WS/install/robomaster_msgs/include/robomaster_msgs/robomaster_msgs/srv/detail/get_servo_angle__type_support.cpp
[3.878s] -- Up-to-date: /home/cricchetto/Robomaster_WS/install/robomaster_msgs/include/robomaster_msgs/robomaster_msgs/srv/detail/get_pulse__rosidl_typesupport_introspection_cpp.hpp
[3.878s] -- Up-to-date: /home/cricchetto/Robomaster_WS/install/robomaster_msgs/include/robomaster_msgs/robomaster_msgs/srv/detail/get_servo_angle__rosidl_typesupport_introspection_cpp.hpp
[3.879s] -- Up-to-date: /home/cricchetto/Robomaster_WS/install/robomaster_msgs/include/robomaster_msgs/robomaster_msgs/srv/detail/get_pulse__type_support.cpp
[3.879s] -- Up-to-date: /home/cricchetto/Robomaster_WS/install/robomaster_msgs/include/robomaster_msgs/robomaster_msgs/srv/detail/get_io__type_support.cpp
[3.880s] -- Up-to-date: /home/cricchetto/Robomaster_WS/install/robomaster_msgs/include/robomaster_msgs/robomaster_msgs/srv/detail/get_io__rosidl_typesupport_introspection_cpp.hpp
[3.880s] -- Up-to-date: /home/cricchetto/Robomaster_WS/install/robomaster_msgs/lib/librobomaster_msgs__rosidl_typesupport_introspection_cpp.so
[3.881s] -- Up-to-date: /home/cricchetto/Robomaster_WS/install/robomaster_msgs/lib/librobomaster_msgs__rosidl_typesupport_cpp.so
[3.881s] -- Up-to-date: /home/cricchetto/Robomaster_WS/install/robomaster_msgs/share/robomaster_msgs/environment/pythonpath.sh
[3.881s] -- Up-to-date: /home/cricchetto/Robomaster_WS/install/robomaster_msgs/share/robomaster_msgs/environment/pythonpath.dsv
[3.882s] -- Up-to-date: /home/cricchetto/Robomaster_WS/install/robomaster_msgs/local/lib/python3.10/dist-packages/robomaster_msgs-0.2.0-py3.10.egg-info
[3.882s] -- Installing: /home/cricchetto/Robomaster_WS/install/robomaster_msgs/local/lib/python3.10/dist-packages/robomaster_msgs-0.2.0-py3.10.egg-info/PKG-INFO
[3.882s] -- Installing: /home/cricchetto/Robomaster_WS/install/robomaster_msgs/local/lib/python3.10/dist-packages/robomaster_msgs-0.2.0-py3.10.egg-info/top_level.txt
[3.883s] -- Installing: /home/cricchetto/Robomaster_WS/install/robomaster_msgs/local/lib/python3.10/dist-packages/robomaster_msgs-0.2.0-py3.10.egg-info/SOURCES.txt
[3.883s] -- Installing: /home/cricchetto/Robomaster_WS/install/robomaster_msgs/local/lib/python3.10/dist-packages/robomaster_msgs-0.2.0-py3.10.egg-info/dependency_links.txt
[3.883s] -- Up-to-date: /home/cricchetto/Robomaster_WS/install/robomaster_msgs/local/lib/python3.10/dist-packages/robomaster_msgs
[3.884s] -- Up-to-date: /home/cricchetto/Robomaster_WS/install/robomaster_msgs/local/lib/python3.10/dist-packages/robomaster_msgs/_robomaster_msgs_s.ep.rosidl_typesupport_fastrtps_c.c
[3.884s] -- Up-to-date: /home/cricchetto/Robomaster_WS/install/robomaster_msgs/local/lib/python3.10/dist-packages/robomaster_msgs/__init__.py
[3.885s] -- Up-to-date: /home/cricchetto/Robomaster_WS/install/robomaster_msgs/local/lib/python3.10/dist-packages/robomaster_msgs/librobomaster_msgs__rosidl_generator_py.so
[3.886s] -- Up-to-date: /home/cricchetto/Robomaster_WS/install/robomaster_msgs/local/lib/python3.10/dist-packages/robomaster_msgs/_robomaster_msgs_s.ep.rosidl_typesupport_c.c
[3.886s] -- Up-to-date: /home/cricchetto/Robomaster_WS/install/robomaster_msgs/local/lib/python3.10/dist-packages/robomaster_msgs/action
[3.887s] -- Up-to-date: /home/cricchetto/Robomaster_WS/install/robomaster_msgs/local/lib/python3.10/dist-packages/robomaster_msgs/action/_recenter_gimbal.py
[3.887s] -- Up-to-date: /home/cricchetto/Robomaster_WS/install/robomaster_msgs/local/lib/python3.10/dist-packages/robomaster_msgs/action/__init__.py
[3.888s] -- Up-to-date: /home/cricchetto/Robomaster_WS/install/robomaster_msgs/local/lib/python3.10/dist-packages/robomaster_msgs/action/_gripper_control.py
[3.888s] -- Up-to-date: /home/cricchetto/Robomaster_WS/install/robomaster_msgs/local/lib/python3.10/dist-packages/robomaster_msgs/action/_move_s.c
[3.889s] -- Up-to-date: /home/cricchetto/Robomaster_WS/install/robomaster_msgs/local/lib/python3.10/dist-packages/robomaster_msgs/action/_move_gimbal_s.c
[3.898s] -- Up-to-date: /home/cricchetto/Robomaster_WS/install/robomaster_msgs/local/lib/python3.10/dist-packages/robomaster_msgs/action/_recenter_gimbal_s.c
[3.898s] -- Up-to-date: /home/cricchetto/Robomaster_WS/install/robomaster_msgs/local/lib/python3.10/dist-packages/robomaster_msgs/action/_play_sound.py
[3.899s] -- Up-to-date: /home/cricchetto/Robomaster_WS/install/robomaster_msgs/local/lib/python3.10/dist-packages/robomaster_msgs/action/_move_servo.py
[3.900s] -- Up-to-date: /home/cricchetto/Robomaster_WS/install/robomaster_msgs/local/lib/python3.10/dist-packages/robomaster_msgs/action/_gripper_control_s.c
[3.900s] -- Up-to-date: /home/cricchetto/Robomaster_WS/install/robomaster_msgs/local/lib/python3.10/dist-packages/robomaster_msgs/action/_move.py
[3.901s] -- Up-to-date: /home/cricchetto/Robomaster_WS/install/robomaster_msgs/local/lib/python3.10/dist-packages/robomaster_msgs/action/_move_arm_s.c
[3.901s] -- Up-to-date: /home/cricchetto/Robomaster_WS/install/robomaster_msgs/local/lib/python3.10/dist-packages/robomaster_msgs/action/_move_gimbal.py
[3.902s] -- Up-to-date: /home/cricchetto/Robomaster_WS/install/robomaster_msgs/local/lib/python3.10/dist-packages/robomaster_msgs/action/_move_servo_s.c
[3.902s] -- Up-to-date: /home/cricchetto/Robomaster_WS/install/robomaster_msgs/local/lib/python3.10/dist-packages/robomaster_msgs/action/_move_arm.py
[3.903s] -- Up-to-date: /home/cricchetto/Robomaster_WS/install/robomaster_msgs/local/lib/python3.10/dist-packages/robomaster_msgs/action/_play_sound_s.c
[3.903s] -- Up-to-date: /home/cricchetto/Robomaster_WS/install/robomaster_msgs/local/lib/python3.10/dist-packages/robomaster_msgs/_robomaster_msgs_s.ep.rosidl_typesupport_introspection_c.c
[3.904s] -- Up-to-date: /home/cricchetto/Robomaster_WS/install/robomaster_msgs/local/lib/python3.10/dist-packages/robomaster_msgs/msg
[3.905s] -- Up-to-date: /home/cricchetto/Robomaster_WS/install/robomaster_msgs/local/lib/python3.10/dist-packages/robomaster_msgs/msg/_chassis_status.py
[3.906s] -- Up-to-date: /home/cricchetto/Robomaster_WS/install/robomaster_msgs/local/lib/python3.10/dist-packages/robomaster_msgs/msg/_audio_level_s.c
[3.908s] -- Up-to-date: /home/cricchetto/Robomaster_WS/install/robomaster_msgs/local/lib/python3.10/dist-packages/robomaster_msgs/msg/_chassis_status_s.c
[3.908s] -- Up-to-date: /home/cricchetto/Robomaster_WS/install/robomaster_msgs/local/lib/python3.10/dist-packages/robomaster_msgs/msg/_s_bus_s.c
[3.909s] -- Up-to-date: /home/cricchetto/Robomaster_WS/install/robomaster_msgs/local/lib/python3.10/dist-packages/robomaster_msgs/msg/_led_effect.py
[3.910s] -- Up-to-date: /home/cricchetto/Robomaster_WS/install/robomaster_msgs/local/lib/python3.10/dist-packages/robomaster_msgs/msg/_region_of_interest_s.c
[3.911s] -- Up-to-date: /home/cricchetto/Robomaster_WS/install/robomaster_msgs/local/lib/python3.10/dist-packages/robomaster_msgs/msg/_h264_packet_s.c
[3.911s] -- Up-to-date: /home/cricchetto/Robomaster_WS/install/robomaster_msgs/local/lib/python3.10/dist-packages/robomaster_msgs/msg/_audio_opus.py
[3.912s] -- Up-to-date: /home/cricchetto/Robomaster_WS/install/robomaster_msgs/local/lib/python3.10/dist-packages/robomaster_msgs/msg/__init__.py
[3.912s] -- Up-to-date: /home/cricchetto/Robomaster_WS/install/robomaster_msgs/local/lib/python3.10/dist-packages/robomaster_msgs/msg/_gripper_state.py
[3.913s] -- Up-to-date: /home/cricchetto/Robomaster_WS/install/robomaster_msgs/local/lib/python3.10/dist-packages/robomaster_msgs/msg/_detected_robot.py
[3.914s] -- Up-to-date: /home/cricchetto/Robomaster_WS/install/robomaster_msgs/local/lib/python3.10/dist-packages/robomaster_msgs/msg/_s_bus.py
[3.914s] -- Up-to-date: /home/cricchetto/Robomaster_WS/install/robomaster_msgs/local/lib/python3.10/dist-packages/robomaster_msgs/msg/_blaster_led.py
[3.926s] -- Up-to-date: /home/cricchetto/Robomaster_WS/install/robomaster_msgs/local/lib/python3.10/dist-packages/robomaster_msgs/msg/_pwm_s.c
[3.927s] -- Up-to-date: /home/cricchetto/Robomaster_WS/install/robomaster_msgs/local/lib/python3.10/dist-packages/robomaster_msgs/msg/_h264_packet.py
[3.927s] -- Up-to-date: /home/cricchetto/Robomaster_WS/install/robomaster_msgs/local/lib/python3.10/dist-packages/robomaster_msgs/msg/_gimbal_command_s.c
[3.928s] -- Up-to-date: /home/cricchetto/Robomaster_WS/install/robomaster_msgs/local/lib/python3.10/dist-packages/robomaster_msgs/msg/_detected_gesture.py
[3.928s] -- Up-to-date: /home/cricchetto/Robomaster_WS/install/robomaster_msgs/local/lib/python3.10/dist-packages/robomaster_msgs/msg/_armor_hit.py
[3.928s] -- Up-to-date: /home/cricchetto/Robomaster_WS/install/robomaster_msgs/local/lib/python3.10/dist-packages/robomaster_msgs/msg/_led_effect_s.c
[3.929s] -- Up-to-date: /home/cricchetto/Robomaster_WS/install/robomaster_msgs/local/lib/python3.10/dist-packages/robomaster_msgs/msg/_pwm.py
[3.929s] -- Up-to-date: /home/cricchetto/Robomaster_WS/install/robomaster_msgs/local/lib/python3.10/dist-packages/robomaster_msgs/msg/_servo_command.py
[3.930s] -- Up-to-date: /home/cricchetto/Robomaster_WS/install/robomaster_msgs/local/lib/python3.10/dist-packages/robomaster_msgs/msg/_detected_person.py
[3.930s] -- Up-to-date: /home/cricchetto/Robomaster_WS/install/robomaster_msgs/local/lib/python3.10/dist-packages/robomaster_msgs/msg/_wheel_speeds.py
[3.930s] -- Up-to-date: /home/cricchetto/Robomaster_WS/install/robomaster_msgs/local/lib/python3.10/dist-packages/robomaster_msgs/msg/_audio_data_s.c
[3.931s] -- Up-to-date: /home/cricchetto/Robomaster_WS/install/robomaster_msgs/local/lib/python3.10/dist-packages/robomaster_msgs/msg/_mode.py
[3.931s] -- Up-to-date: /home/cricchetto/Robomaster_WS/install/robomaster_msgs/local/lib/python3.10/dist-packages/robomaster_msgs/msg/_detected_marker_s.c
[3.932s] -- Up-to-date: /home/cricchetto/Robomaster_WS/install/robomaster_msgs/local/lib/python3.10/dist-packages/robomaster_msgs/msg/_audio_data.py
[3.933s] -- Up-to-date: /home/cricchetto/Robomaster_WS/install/robomaster_msgs/local/lib/python3.10/dist-packages/robomaster_msgs/msg/_gimbal_command.py
[3.934s] -- Up-to-date: /home/cricchetto/Robomaster_WS/install/robomaster_msgs/local/lib/python3.10/dist-packages/robomaster_msgs/msg/_speaker_command_s.c
[3.934s] -- Up-to-date: /home/cricchetto/Robomaster_WS/install/robomaster_msgs/local/lib/python3.10/dist-packages/robomaster_msgs/msg/_detected_marker.py
[3.935s] -- Up-to-date: /home/cricchetto/Robomaster_WS/install/robomaster_msgs/local/lib/python3.10/dist-packages/robomaster_msgs/msg/_detected_person_s.c
[3.936s] -- Up-to-date: /home/cricchetto/Robomaster_WS/install/robomaster_msgs/local/lib/python3.10/dist-packages/robomaster_msgs/msg/_blaster_led_s.c
[3.936s] -- Up-to-date: /home/cricchetto/Robomaster_WS/install/robomaster_msgs/local/lib/python3.10/dist-packages/robomaster_msgs/msg/_gripper_state_s.c
[3.936s] -- Up-to-date: /home/cricchetto/Robomaster_WS/install/robomaster_msgs/local/lib/python3.10/dist-packages/robomaster_msgs/msg/_camera_config.py
[3.937s] -- Up-to-date: /home/cricchetto/Robomaster_WS/install/robomaster_msgs/local/lib/python3.10/dist-packages/robomaster_msgs/msg/_armor_hit_s.c
[3.947s] -- Up-to-date: /home/cricchetto/Robomaster_WS/install/robomaster_msgs/local/lib/python3.10/dist-packages/robomaster_msgs/msg/_serial.py
[3.948s] -- Up-to-date: /home/cricchetto/Robomaster_WS/install/robomaster_msgs/local/lib/python3.10/dist-packages/robomaster_msgs/msg/_wheel_speeds_s.c
[3.948s] -- Up-to-date: /home/cricchetto/Robomaster_WS/install/robomaster_msgs/local/lib/python3.10/dist-packages/robomaster_msgs/msg/_serial_s.c
[3.950s] -- Up-to-date: /home/cricchetto/Robomaster_WS/install/robomaster_msgs/local/lib/python3.10/dist-packages/robomaster_msgs/msg/_region_of_interest.py
[3.951s] -- Up-to-date: /home/cricchetto/Robomaster_WS/install/robomaster_msgs/local/lib/python3.10/dist-packages/robomaster_msgs/msg/_audio_opus_s.c
[3.951s] -- Up-to-date: /home/cricchetto/Robomaster_WS/install/robomaster_msgs/local/lib/python3.10/dist-packages/robomaster_msgs/msg/_servo_command_s.c
[3.952s] -- Up-to-date: /home/cricchetto/Robomaster_WS/install/robomaster_msgs/local/lib/python3.10/dist-packages/robomaster_msgs/msg/_mode_s.c
[3.952s] -- Up-to-date: /home/cricchetto/Robomaster_WS/install/robomaster_msgs/local/lib/python3.10/dist-packages/robomaster_msgs/msg/_speaker_command.py
[3.953s] -- Up-to-date: /home/cricchetto/Robomaster_WS/install/robomaster_msgs/local/lib/python3.10/dist-packages/robomaster_msgs/msg/_detection.py
[3.953s] -- Up-to-date: /home/cricchetto/Robomaster_WS/install/robomaster_msgs/local/lib/python3.10/dist-packages/robomaster_msgs/msg/_sensor_adapter.py
[3.954s] -- Up-to-date: /home/cricchetto/Robomaster_WS/install/robomaster_msgs/local/lib/python3.10/dist-packages/robomaster_msgs/msg/_servo_raw_state.py
[3.955s] -- Up-to-date: /home/cricchetto/Robomaster_WS/install/robomaster_msgs/local/lib/python3.10/dist-packages/robomaster_msgs/msg/_detection_s.c
[3.955s] -- Up-to-date: /home/cricchetto/Robomaster_WS/install/robomaster_msgs/local/lib/python3.10/dist-packages/robomaster_msgs/msg/_audio_level.py
[3.956s] -- Up-to-date: /home/cricchetto/Robomaster_WS/install/robomaster_msgs/local/lib/python3.10/dist-packages/robomaster_msgs/msg/_detected_line.py
[3.956s] -- Up-to-date: /home/cricchetto/Robomaster_WS/install/robomaster_msgs/local/lib/python3.10/dist-packages/robomaster_msgs/msg/_camera_config_s.c
[3.957s] -- Up-to-date: /home/cricchetto/Robomaster_WS/install/robomaster_msgs/local/lib/python3.10/dist-packages/robomaster_msgs/msg/_detected_line_s.c
[3.957s] -- Up-to-date: /home/cricchetto/Robomaster_WS/install/robomaster_msgs/local/lib/python3.10/dist-packages/robomaster_msgs/msg/_servo_raw_state_s.c
[3.958s] -- Up-to-date: /home/cricchetto/Robomaster_WS/install/robomaster_msgs/local/lib/python3.10/dist-packages/robomaster_msgs/msg/_detected_robot_s.c
[3.959s] -- Up-to-date: /home/cricchetto/Robomaster_WS/install/robomaster_msgs/local/lib/python3.10/dist-packages/robomaster_msgs/msg/_sensor_adapter_s.c
[3.959s] -- Up-to-date: /home/cricchetto/Robomaster_WS/install/robomaster_msgs/local/lib/python3.10/dist-packages/robomaster_msgs/msg/_detected_gesture_s.c
[3.960s] -- Up-to-date: /home/cricchetto/Robomaster_WS/install/robomaster_msgs/local/lib/python3.10/dist-packages/robomaster_msgs/robomaster_msgs_s__rosidl_typesupport_c.cpython-310-aarch64-linux-gnu.so
[3.960s] -- Up-to-date: /home/cricchetto/Robomaster_WS/install/robomaster_msgs/local/lib/python3.10/dist-packages/robomaster_msgs/robomaster_msgs_s__rosidl_typesupport_fastrtps_c.cpython-310-aarch64-linux-gnu.so
[3.961s] -- Up-to-date: /home/cricchetto/Robomaster_WS/install/robomaster_msgs/local/lib/python3.10/dist-packages/robomaster_msgs/robomaster_msgs_s__rosidl_typesupport_introspection_c.cpython-310-aarch64-linux-gnu.so
[3.978s] -- Up-to-date: /home/cricchetto/Robomaster_WS/install/robomaster_msgs/local/lib/python3.10/dist-packages/robomaster_msgs/srv
[3.979s] -- Up-to-date: /home/cricchetto/Robomaster_WS/install/robomaster_msgs/local/lib/python3.10/dist-packages/robomaster_msgs/srv/_get_io_s.c
[3.979s] -- Up-to-date: /home/cricchetto/Robomaster_WS/install/robomaster_msgs/local/lib/python3.10/dist-packages/robomaster_msgs/srv/__init__.py
[3.980s] -- Up-to-date: /home/cricchetto/Robomaster_WS/install/robomaster_msgs/local/lib/python3.10/dist-packages/robomaster_msgs/srv/_get_adc.py
[3.980s] -- Up-to-date: /home/cricchetto/Robomaster_WS/install/robomaster_msgs/local/lib/python3.10/dist-packages/robomaster_msgs/srv/_get_pulse_s.c
[3.981s] -- Up-to-date: /home/cricchetto/Robomaster_WS/install/robomaster_msgs/local/lib/python3.10/dist-packages/robomaster_msgs/srv/_get_servo_angle_s.c
[3.981s] -- Up-to-date: /home/cricchetto/Robomaster_WS/install/robomaster_msgs/local/lib/python3.10/dist-packages/robomaster_msgs/srv/_get_adc_s.c
[3.982s] -- Up-to-date: /home/cricchetto/Robomaster_WS/install/robomaster_msgs/local/lib/python3.10/dist-packages/robomaster_msgs/srv/_get_io.py
[3.982s] -- Up-to-date: /home/cricchetto/Robomaster_WS/install/robomaster_msgs/local/lib/python3.10/dist-packages/robomaster_msgs/srv/_get_pulse.py
[3.983s] -- Up-to-date: /home/cricchetto/Robomaster_WS/install/robomaster_msgs/local/lib/python3.10/dist-packages/robomaster_msgs/srv/_get_servo_angle.py
[4.059s] Listing '/home/cricchetto/Robomaster_WS/install/robomaster_msgs/local/lib/python3.10/dist-packages/robomaster_msgs'...
[4.060s] Listing '/home/cricchetto/Robomaster_WS/install/robomaster_msgs/local/lib/python3.10/dist-packages/robomaster_msgs/action'...
[4.062s] Listing '/home/cricchetto/Robomaster_WS/install/robomaster_msgs/local/lib/python3.10/dist-packages/robomaster_msgs/msg'...
[4.063s] Listing '/home/cricchetto/Robomaster_WS/install/robomaster_msgs/local/lib/python3.10/dist-packages/robomaster_msgs/srv'...
[4.101s] -- Up-to-date: /home/cricchetto/Robomaster_WS/install/robomaster_msgs/local/lib/python3.10/dist-packages/robomaster_msgs/robomaster_msgs_s__rosidl_typesupport_fastrtps_c.cpython-310-aarch64-linux-gnu.so
[4.102s] -- Up-to-date: /home/cricchetto/Robomaster_WS/install/robomaster_msgs/local/lib/python3.10/dist-packages/robomaster_msgs/robomaster_msgs_s__rosidl_typesupport_introspection_c.cpython-310-aarch64-linux-gnu.so
[4.107s] -- Up-to-date: /home/cricchetto/Robomaster_WS/install/robomaster_msgs/local/lib/python3.10/dist-packages/robomaster_msgs/robomaster_msgs_s__rosidl_typesupport_c.cpython-310-aarch64-linux-gnu.so
[4.113s] -- Up-to-date: /home/cricchetto/Robomaster_WS/install/robomaster_msgs/lib/librobomaster_msgs__rosidl_generator_py.so
[4.117s] -- Up-to-date: /home/cricchetto/Robomaster_WS/install/robomaster_msgs/share/robomaster_msgs/msg/WheelSpeeds.idl
[4.119s] -- Up-to-date: /home/cricchetto/Robomaster_WS/install/robomaster_msgs/share/robomaster_msgs/msg/LEDEffect.idl
[4.122s] -- Up-to-date: /home/cricchetto/Robomaster_WS/install/robomaster_msgs/share/robomaster_msgs/msg/ChassisStatus.idl
[4.126s] -- Up-to-date: /home/cricchetto/Robomaster_WS/install/robomaster_msgs/share/robomaster_msgs/msg/SBus.idl
[4.129s] -- Up-to-date: /home/cricchetto/Robomaster_WS/install/robomaster_msgs/share/robomaster_msgs/msg/PWM.idl
[4.133s] -- Up-to-date: /home/cricchetto/Robomaster_WS/install/robomaster_msgs/share/robomaster_msgs/msg/GripperState.idl
[4.134s] -- Up-to-date: /home/cricchetto/Robomaster_WS/install/robomaster_msgs/share/robomaster_msgs/msg/CameraConfig.idl
[4.134s] -- Up-to-date: /home/cricchetto/Robomaster_WS/install/robomaster_msgs/share/robomaster_msgs/msg/ArmorHit.idl
[4.136s] -- Up-to-date: /home/cricchetto/Robomaster_WS/install/robomaster_msgs/share/robomaster_msgs/msg/DetectedLine.idl
[4.139s] -- Up-to-date: /home/cricchetto/Robomaster_WS/install/robomaster_msgs/share/robomaster_msgs/msg/DetectedGesture.idl
[4.140s] -- Up-to-date: /home/cricchetto/Robomaster_WS/install/robomaster_msgs/share/robomaster_msgs/msg/DetectedMarker.idl
[4.142s] -- Up-to-date: /home/cricchetto/Robomaster_WS/install/robomaster_msgs/share/robomaster_msgs/msg/DetectedPerson.idl
[4.145s] -- Up-to-date: /home/cricchetto/Robomaster_WS/install/robomaster_msgs/share/robomaster_msgs/msg/DetectedRobot.idl
[4.146s] -- Up-to-date: /home/cricchetto/Robomaster_WS/install/robomaster_msgs/share/robomaster_msgs/msg/Detection.idl
[4.147s] -- Up-to-date: /home/cricchetto/Robomaster_WS/install/robomaster_msgs/share/robomaster_msgs/msg/RegionOfInterest.idl
[4.149s] -- Up-to-date: /home/cricchetto/Robomaster_WS/install/robomaster_msgs/share/robomaster_msgs/msg/Serial.idl
[4.155s] -- Up-to-date: /home/cricchetto/Robomaster_WS/install/robomaster_msgs/share/robomaster_msgs/msg/ServoCommand.idl
[4.161s] -- Up-to-date: /home/cricchetto/Robomaster_WS/install/robomaster_msgs/share/robomaster_msgs/msg/GimbalCommand.idl
[4.162s] -- Up-to-date: /home/cricchetto/Robomaster_WS/install/robomaster_msgs/share/robomaster_msgs/msg/BlasterLED.idl
[4.163s] -- Up-to-date: /home/cricchetto/Robomaster_WS/install/robomaster_msgs/share/robomaster_msgs/msg/Mode.idl
[4.164s] -- Up-to-date: /home/cricchetto/Robomaster_WS/install/robomaster_msgs/share/robomaster_msgs/msg/AudioData.idl
[4.165s] -- Up-to-date: /home/cricchetto/Robomaster_WS/install/robomaster_msgs/share/robomaster_msgs/msg/AudioLevel.idl
[4.166s] -- Up-to-date: /home/cricchetto/Robomaster_WS/install/robomaster_msgs/share/robomaster_msgs/msg/AudioOpus.idl
[4.167s] -- Up-to-date: /home/cricchetto/Robomaster_WS/install/robomaster_msgs/share/robomaster_msgs/msg/H264Packet.idl
[4.168s] -- Up-to-date: /home/cricchetto/Robomaster_WS/install/robomaster_msgs/share/robomaster_msgs/msg/SensorAdapter.idl
[4.168s] -- Up-to-date: /home/cricchetto/Robomaster_WS/install/robomaster_msgs/share/robomaster_msgs/msg/ServoRawState.idl
[4.169s] -- Up-to-date: /home/cricchetto/Robomaster_WS/install/robomaster_msgs/share/robomaster_msgs/msg/SpeakerCommand.idl
[4.170s] -- Up-to-date: /home/cricchetto/Robomaster_WS/install/robomaster_msgs/share/robomaster_msgs/action/Move.idl
[4.172s] -- Up-to-date: /home/cricchetto/Robomaster_WS/install/robomaster_msgs/share/robomaster_msgs/action/MoveArm.idl
[4.173s] -- Up-to-date: /home/cricchetto/Robomaster_WS/install/robomaster_msgs/share/robomaster_msgs/action/GripperControl.idl
[4.175s] -- Up-to-date: /home/cricchetto/Robomaster_WS/install/robomaster_msgs/share/robomaster_msgs/action/PlaySound.idl
[4.176s] -- Up-to-date: /home/cricchetto/Robomaster_WS/install/robomaster_msgs/share/robomaster_msgs/action/MoveServo.idl
[4.177s] -- Up-to-date: /home/cricchetto/Robomaster_WS/install/robomaster_msgs/share/robomaster_msgs/action/MoveGimbal.idl
[4.178s] -- Up-to-date: /home/cricchetto/Robomaster_WS/install/robomaster_msgs/share/robomaster_msgs/action/RecenterGimbal.idl
[4.179s] -- Up-to-date: /home/cricchetto/Robomaster_WS/install/robomaster_msgs/share/robomaster_msgs/srv/GetADC.idl
[4.180s] -- Up-to-date: /home/cricchetto/Robomaster_WS/install/robomaster_msgs/share/robomaster_msgs/srv/GetIO.idl
[4.187s] -- Up-to-date: /home/cricchetto/Robomaster_WS/install/robomaster_msgs/share/robomaster_msgs/srv/GetPulse.idl
[4.187s] -- Up-to-date: /home/cricchetto/Robomaster_WS/install/robomaster_msgs/share/robomaster_msgs/srv/GetServoAngle.idl
[4.188s] -- Up-to-date: /home/cricchetto/Robomaster_WS/install/robomaster_msgs/share/robomaster_msgs/msg/WheelSpeeds.msg
[4.189s] -- Up-to-date: /home/cricchetto/Robomaster_WS/install/robomaster_msgs/share/robomaster_msgs/msg/LEDEffect.msg
[4.190s] -- Up-to-date: /home/cricchetto/Robomaster_WS/install/robomaster_msgs/share/robomaster_msgs/msg/ChassisStatus.msg
[4.191s] -- Up-to-date: /home/cricchetto/Robomaster_WS/install/robomaster_msgs/share/robomaster_msgs/msg/SBus.msg
[4.191s] -- Up-to-date: /home/cricchetto/Robomaster_WS/install/robomaster_msgs/share/robomaster_msgs/msg/PWM.msg
[4.192s] -- Up-to-date: /home/cricchetto/Robomaster_WS/install/robomaster_msgs/share/robomaster_msgs/msg/GripperState.msg
[4.201s] -- Up-to-date: /home/cricchetto/Robomaster_WS/install/robomaster_msgs/share/robomaster_msgs/msg/CameraConfig.msg
[4.202s] -- Up-to-date: /home/cricchetto/Robomaster_WS/install/robomaster_msgs/share/robomaster_msgs/msg/ArmorHit.msg
[4.203s] -- Up-to-date: /home/cricchetto/Robomaster_WS/install/robomaster_msgs/share/robomaster_msgs/msg/DetectedLine.msg
[4.204s] -- Up-to-date: /home/cricchetto/Robomaster_WS/install/robomaster_msgs/share/robomaster_msgs/msg/DetectedGesture.msg
[4.205s] -- Up-to-date: /home/cricchetto/Robomaster_WS/install/robomaster_msgs/share/robomaster_msgs/msg/DetectedMarker.msg
[4.206s] -- Up-to-date: /home/cricchetto/Robomaster_WS/install/robomaster_msgs/share/robomaster_msgs/msg/DetectedPerson.msg
[4.209s] -- Up-to-date: /home/cricchetto/Robomaster_WS/install/robomaster_msgs/share/robomaster_msgs/msg/DetectedRobot.msg
[4.210s] -- Up-to-date: /home/cricchetto/Robomaster_WS/install/robomaster_msgs/share/robomaster_msgs/msg/Detection.msg
[4.211s] -- Up-to-date: /home/cricchetto/Robomaster_WS/install/robomaster_msgs/share/robomaster_msgs/msg/RegionOfInterest.msg
[4.212s] -- Up-to-date: /home/cricchetto/Robomaster_WS/install/robomaster_msgs/share/robomaster_msgs/msg/Serial.msg
[4.212s] -- Up-to-date: /home/cricchetto/Robomaster_WS/install/robomaster_msgs/share/robomaster_msgs/msg/ServoCommand.msg
[4.214s] -- Up-to-date: /home/cricchetto/Robomaster_WS/install/robomaster_msgs/share/robomaster_msgs/msg/GimbalCommand.msg
[4.215s] -- Up-to-date: /home/cricchetto/Robomaster_WS/install/robomaster_msgs/share/robomaster_msgs/msg/BlasterLED.msg
[4.222s] -- Up-to-date: /home/cricchetto/Robomaster_WS/install/robomaster_msgs/share/robomaster_msgs/msg/Mode.msg
[4.223s] -- Up-to-date: /home/cricchetto/Robomaster_WS/install/robomaster_msgs/share/robomaster_msgs/msg/AudioData.msg
[4.223s] -- Up-to-date: /home/cricchetto/Robomaster_WS/install/robomaster_msgs/share/robomaster_msgs/msg/AudioLevel.msg
[4.224s] -- Up-to-date: /home/cricchetto/Robomaster_WS/install/robomaster_msgs/share/robomaster_msgs/msg/AudioOpus.msg
[4.225s] -- Up-to-date: /home/cricchetto/Robomaster_WS/install/robomaster_msgs/share/robomaster_msgs/msg/H264Packet.msg
[4.226s] -- Up-to-date: /home/cricchetto/Robomaster_WS/install/robomaster_msgs/share/robomaster_msgs/msg/SensorAdapter.msg
[4.228s] -- Up-to-date: /home/cricchetto/Robomaster_WS/install/robomaster_msgs/share/robomaster_msgs/msg/ServoRawState.msg
[4.229s] -- Up-to-date: /home/cricchetto/Robomaster_WS/install/robomaster_msgs/share/robomaster_msgs/msg/SpeakerCommand.msg
[4.234s] -- Up-to-date: /home/cricchetto/Robomaster_WS/install/robomaster_msgs/share/robomaster_msgs/action/Move.action
[4.234s] -- Up-to-date: /home/cricchetto/Robomaster_WS/install/robomaster_msgs/share/robomaster_msgs/action/MoveArm.action
[4.235s] -- Up-to-date: /home/cricchetto/Robomaster_WS/install/robomaster_msgs/share/robomaster_msgs/action/GripperControl.action
[4.236s] -- Up-to-date: /home/cricchetto/Robomaster_WS/install/robomaster_msgs/share/robomaster_msgs/action/PlaySound.action
[4.236s] -- Up-to-date: /home/cricchetto/Robomaster_WS/install/robomaster_msgs/share/robomaster_msgs/action/MoveServo.action
[4.240s] -- Up-to-date: /home/cricchetto/Robomaster_WS/install/robomaster_msgs/share/robomaster_msgs/action/MoveGimbal.action
[4.241s] -- Up-to-date: /home/cricchetto/Robomaster_WS/install/robomaster_msgs/share/robomaster_msgs/action/RecenterGimbal.action
[4.241s] -- Up-to-date: /home/cricchetto/Robomaster_WS/install/robomaster_msgs/share/robomaster_msgs/srv/GetADC.srv
[4.248s] -- Up-to-date: /home/cricchetto/Robomaster_WS/install/robomaster_msgs/share/robomaster_msgs/srv/GetADC_Request.msg
[4.249s] -- Up-to-date: /home/cricchetto/Robomaster_WS/install/robomaster_msgs/share/robomaster_msgs/srv/GetADC_Response.msg
[4.249s] -- Up-to-date: /home/cricchetto/Robomaster_WS/install/robomaster_msgs/share/robomaster_msgs/srv/GetIO.srv
[4.250s] -- Up-to-date: /home/cricchetto/Robomaster_WS/install/robomaster_msgs/share/robomaster_msgs/srv/GetIO_Request.msg
[4.251s] -- Up-to-date: /home/cricchetto/Robomaster_WS/install/robomaster_msgs/share/robomaster_msgs/srv/GetIO_Response.msg
[4.252s] -- Up-to-date: /home/cricchetto/Robomaster_WS/install/robomaster_msgs/share/robomaster_msgs/srv/GetPulse.srv
[4.252s] -- Up-to-date: /home/cricchetto/Robomaster_WS/install/robomaster_msgs/share/robomaster_msgs/srv/GetPulse_Request.msg
[4.257s] -- Up-to-date: /home/cricchetto/Robomaster_WS/install/robomaster_msgs/share/robomaster_msgs/srv/GetPulse_Response.msg
[4.257s] -- Up-to-date: /home/cricchetto/Robomaster_WS/install/robomaster_msgs/share/robomaster_msgs/srv/GetServoAngle.srv
[4.258s] -- Up-to-date: /home/cricchetto/Robomaster_WS/install/robomaster_msgs/share/robomaster_msgs/srv/GetServoAngle_Request.msg
[4.263s] -- Up-to-date: /home/cricchetto/Robomaster_WS/install/robomaster_msgs/share/robomaster_msgs/srv/GetServoAngle_Response.msg
[4.266s] -- Up-to-date: /home/cricchetto/Robomaster_WS/install/robomaster_msgs/share/ament_index/resource_index/package_run_dependencies/robomaster_msgs
[4.267s] -- Up-to-date: /home/cricchetto/Robomaster_WS/install/robomaster_msgs/share/ament_index/resource_index/parent_prefix_path/robomaster_msgs
[4.270s] -- Up-to-date: /home/cricchetto/Robomaster_WS/install/robomaster_msgs/share/robomaster_msgs/environment/ament_prefix_path.sh
[4.271s] -- Up-to-date: /home/cricchetto/Robomaster_WS/install/robomaster_msgs/share/robomaster_msgs/environment/ament_prefix_path.dsv
[4.272s] -- Up-to-date: /home/cricchetto/Robomaster_WS/install/robomaster_msgs/share/robomaster_msgs/environment/path.sh
[4.272s] -- Up-to-date: /home/cricchetto/Robomaster_WS/install/robomaster_msgs/share/robomaster_msgs/environment/path.dsv
[4.277s] -- Up-to-date: /home/cricchetto/Robomaster_WS/install/robomaster_msgs/share/robomaster_msgs/local_setup.bash
[4.278s] -- Up-to-date: /home/cricchetto/Robomaster_WS/install/robomaster_msgs/share/robomaster_msgs/local_setup.sh
[4.278s] -- Up-to-date: /home/cricchetto/Robomaster_WS/install/robomaster_msgs/share/robomaster_msgs/local_setup.zsh
[4.282s] -- Up-to-date: /home/cricchetto/Robomaster_WS/install/robomaster_msgs/share/robomaster_msgs/local_setup.dsv
[4.282s] -- Installing: /home/cricchetto/Robomaster_WS/install/robomaster_msgs/share/robomaster_msgs/package.dsv
[4.285s] -- Up-to-date: /home/cricchetto/Robomaster_WS/install/robomaster_msgs/share/ament_index/resource_index/packages/robomaster_msgs
[4.287s] -- Up-to-date: /home/cricchetto/Robomaster_WS/install/robomaster_msgs/share/robomaster_msgs/cmake/export_robomaster_msgs__rosidl_generator_cExport.cmake
[4.288s] -- Up-to-date: /home/cricchetto/Robomaster_WS/install/robomaster_msgs/share/robomaster_msgs/cmake/export_robomaster_msgs__rosidl_generator_cExport-noconfig.cmake
[4.291s] -- Up-to-date: /home/cricchetto/Robomaster_WS/install/robomaster_msgs/share/robomaster_msgs/cmake/export_robomaster_msgs__rosidl_typesupport_fastrtps_cExport.cmake
[4.293s] -- Up-to-date: /home/cricchetto/Robomaster_WS/install/robomaster_msgs/share/robomaster_msgs/cmake/export_robomaster_msgs__rosidl_typesupport_fastrtps_cExport-noconfig.cmake
[4.294s] -- Up-to-date: /home/cricchetto/Robomaster_WS/install/robomaster_msgs/share/robomaster_msgs/cmake/robomaster_msgs__rosidl_typesupport_introspection_cExport.cmake
[4.306s] -- Up-to-date: /home/cricchetto/Robomaster_WS/install/robomaster_msgs/share/robomaster_msgs/cmake/robomaster_msgs__rosidl_typesupport_introspection_cExport-noconfig.cmake
[4.306s] -- Up-to-date: /home/cricchetto/Robomaster_WS/install/robomaster_msgs/share/robomaster_msgs/cmake/robomaster_msgs__rosidl_typesupport_cExport.cmake
[4.307s] -- Up-to-date: /home/cricchetto/Robomaster_WS/install/robomaster_msgs/share/robomaster_msgs/cmake/robomaster_msgs__rosidl_typesupport_cExport-noconfig.cmake
[4.308s] -- Up-to-date: /home/cricchetto/Robomaster_WS/install/robomaster_msgs/share/robomaster_msgs/cmake/export_robomaster_msgs__rosidl_generator_cppExport.cmake
[4.309s] -- Up-to-date: /home/cricchetto/Robomaster_WS/install/robomaster_msgs/share/robomaster_msgs/cmake/export_robomaster_msgs__rosidl_typesupport_fastrtps_cppExport.cmake
[4.310s] -- Up-to-date: /home/cricchetto/Robomaster_WS/install/robomaster_msgs/share/robomaster_msgs/cmake/export_robomaster_msgs__rosidl_typesupport_fastrtps_cppExport-noconfig.cmake
[4.311s] -- Up-to-date: /home/cricchetto/Robomaster_WS/install/robomaster_msgs/share/robomaster_msgs/cmake/robomaster_msgs__rosidl_typesupport_introspection_cppExport.cmake
[4.312s] -- Up-to-date: /home/cricchetto/Robomaster_WS/install/robomaster_msgs/share/robomaster_msgs/cmake/robomaster_msgs__rosidl_typesupport_introspection_cppExport-noconfig.cmake
[4.312s] -- Up-to-date: /home/cricchetto/Robomaster_WS/install/robomaster_msgs/share/robomaster_msgs/cmake/robomaster_msgs__rosidl_typesupport_cppExport.cmake
[4.313s] -- Up-to-date: /home/cricchetto/Robomaster_WS/install/robomaster_msgs/share/robomaster_msgs/cmake/robomaster_msgs__rosidl_typesupport_cppExport-noconfig.cmake
[4.314s] -- Up-to-date: /home/cricchetto/Robomaster_WS/install/robomaster_msgs/share/robomaster_msgs/cmake/export_robomaster_msgs__rosidl_generator_pyExport.cmake
[4.318s] -- Up-to-date: /home/cricchetto/Robomaster_WS/install/robomaster_msgs/share/robomaster_msgs/cmake/export_robomaster_msgs__rosidl_generator_pyExport-noconfig.cmake
[4.318s] -- Up-to-date: /home/cricchetto/Robomaster_WS/install/robomaster_msgs/share/robomaster_msgs/cmake/rosidl_cmake-extras.cmake
[4.320s] -- Up-to-date: /home/cricchetto/Robomaster_WS/install/robomaster_msgs/share/robomaster_msgs/cmake/ament_cmake_export_dependencies-extras.cmake
[4.321s] -- Up-to-date: /home/cricchetto/Robomaster_WS/install/robomaster_msgs/share/robomaster_msgs/cmake/ament_cmake_export_include_directories-extras.cmake
[4.322s] -- Up-to-date: /home/cricchetto/Robomaster_WS/install/robomaster_msgs/share/robomaster_msgs/cmake/ament_cmake_export_libraries-extras.cmake
[4.323s] -- Up-to-date: /home/cricchetto/Robomaster_WS/install/robomaster_msgs/share/robomaster_msgs/cmake/ament_cmake_export_targets-extras.cmake
[4.323s] -- Up-to-date: /home/cricchetto/Robomaster_WS/install/robomaster_msgs/share/robomaster_msgs/cmake/rosidl_cmake_export_typesupport_targets-extras.cmake
[4.324s] -- Up-to-date: /home/cricchetto/Robomaster_WS/install/robomaster_msgs/share/robomaster_msgs/cmake/rosidl_cmake_export_typesupport_libraries-extras.cmake
[4.325s] -- Up-to-date: /home/cricchetto/Robomaster_WS/install/robomaster_msgs/share/robomaster_msgs/cmake/robomaster_msgsConfig.cmake
[4.325s] -- Up-to-date: /home/cricchetto/Robomaster_WS/install/robomaster_msgs/share/robomaster_msgs/cmake/robomaster_msgsConfig-version.cmake
[4.326s] -- Up-to-date: /home/cricchetto/Robomaster_WS/install/robomaster_msgs/share/robomaster_msgs/package.xml
[4.346s] Invoked command in '/home/cricchetto/Robomaster_WS/build/robomaster_msgs' returned '0': CMAKE_PREFIX_PATH=${CMAKE_PREFIX_PATH}:/home/cricchetto/Robomaster_WS/install/robomaster_ros:/home/cricchetto/Robomaster_WS/install/nav2_simple_commander:/home/cricchetto/Robomaster_WS/install/ep_control:/home/cricchetto/Robomaster_WS/install/drift:/opt/ros/humble /usr/bin/cmake --install /home/cricchetto/Robomaster_WS/build/robomaster_msgs
